run_id,record_index,wall_clock_s
approach2_run1,1000,1779273908.986693
approach2_run1,2000,1779273909.071195
approach2_run1,3000,1779273909.130029
approach2_run1,4000,1779273909.222831
approach2_run1,5000,1779273909.246698
approach2_run1,6000,1779273909.330546
approach2_run1,7000,1779273909.393376
approach2_run1,8000,1779273909.479879
approach2_run1,9000,1779273909.507413
approach2_run1,10000,1779273909.593817
approach2_run1,11000,1779273909.650991
approach2_run1,12000,1779273909.735133
approach2_run1,13000,1779273909.764391
approach2_run1,14000,1779273909.849884
approach2_run1,15000,1779273909.896875
approach2_run1,16000,1779273909.991116
approach2_run1,17000,1779273910.025304
approach2_run1,18000,1779273910.110185
approach2_run1,19000,1779273910.161342
approach2_run1,20000,1779273910.246412
approach2_run1,21000,1779273910.283019
approach2_run1,22000,1779273910.368220
approach2_run1,23000,1779273910.454928
approach2_run1,24000,1779273910.501617
approach2_run1,25000,1779273910.586960
approach2_run1,26000,1779273910.628410
approach2_run1,27000,1779273910.713362
approach2_run1,28000,1779273910.757236
approach2_run1,29000,1779273910.841259
approach2_run1,30000,1779273910.888672
approach2_run1,31000,1779273910.976247
approach2_run1,32000,1779273911.011192
approach2_run1,33000,1779273911.096604
approach2_run1,34000,1779273911.147484
approach2_run1,35000,1779273911.233270
approach2_run1,36000,1779273911.266274
approach2_run1,37000,1779273911.351319
approach2_run1,38000,1779273911.407195
approach2_run1,39000,1779273911.491610
approach2_run1,40000,1779273911.522559
approach2_run1,41000,1779273911.606732
approach2_run1,42000,1779273911.665783
approach2_run1,43000,1779273911.750692
approach2_run1,44000,1779273911.777221
approach2_run1,45000,1779273911.861762
approach2_run1,46000,1779273911.946582
approach2_run1,47000,1779273912.011811
approach2_run1,48000,1779273912.098433
approach2_run1,49000,1779273912.118562
approach2_run1,50000,1779273912.204185
approach2_run1,51000,1779273912.272214
approach2_run1,52000,1779273912.358480
approach2_run1,53000,1779273912.373966
approach2_run1,54000,1779273912.460377
approach2_run1,55000,1779273912.532703
approach2_run1,56000,1779273912.618029
approach2_run1,57000,1779273912.631856
approach2_run1,58000,1779273912.716456
approach2_run1,59000,1779273912.792376
approach2_run1,60000,1779273912.879828
approach2_run1,61000,1779273912.888333
approach2_run1,62000,1779273912.973113
approach2_run1,63000,1779273913.053986
approach2_run1,64000,1779273913.139713
approach2_run1,65000,1779273913.142866
approach2_run1,66000,1779273913.229292
approach2_run1,67000,1779273913.311950
approach2_run1,68000,1779273913.399369
approach2_run1,69000,1779273913.483160
approach2_run1,70000,1779273913.486032
approach2_run1,71000,1779273913.571424
approach2_run1,72000,1779273913.653588
approach2_run1,73000,1779273913.736712
approach2_run1,74000,1779273913.742206
approach2_run1,75000,1779273913.827974
approach2_run1,76000,1779273913.909884
approach2_run1,77000,1779273913.995472
approach2_run1,78000,1779273914.000849
approach2_run1,79000,1779273914.087258
approach2_run1,80000,1779273914.166241
approach2_run1,81000,1779273914.251029
approach2_run1,82000,1779273914.262136
approach2_run1,83000,1779273914.347296
approach2_run1,84000,1779273914.423575
approach2_run1,85000,1779273914.508348
approach2_run1,86000,1779273914.520530
approach2_run1,87000,1779273914.607044
approach2_run1,88000,1779273914.679845
approach2_run1,89000,1779273914.764028
approach2_run1,90000,1779273914.848307
approach2_run1,91000,1779273914.863599
approach2_run1,92000,1779273914.950964
approach2_run1,93000,1779273915.019168
approach2_run1,94000,1779273915.104028
approach2_run1,95000,1779273915.126820
approach2_run1,96000,1779273915.212641
approach2_run1,97000,1779273915.274667
approach2_run1,98000,1779273915.359644
approach2_run1,99000,1779273915.386529
approach2_run1,100000,1779273915.471591
approach2_run1,101000,1779273915.529682
approach2_run1,102000,1779273915.614590
approach2_run1,103000,1779273915.646522
approach2_run1,104000,1779273915.730951
approach2_run1,105000,1779273915.786278
approach2_run1,106000,1779273915.871089
approach2_run1,107000,1779273915.906367
approach2_run1,108000,1779273915.992849
approach2_run1,109000,1779273916.043793
approach2_run1,110000,1779273916.129025
approach2_run1,111000,1779273916.213342
approach2_run1,112000,1779273916.249290
approach2_run1,113000,1779273916.337364
approach2_run1,114000,1779273916.385046
approach2_run1,115000,1779273916.470718
approach2_run1,116000,1779273916.508430
approach2_run1,117000,1779273916.597161
approach2_run1,118000,1779273916.639554
approach2_run1,119000,1779273916.727295
approach2_run1,120000,1779273916.770584
approach2_run1,121000,1779273916.856499
approach2_run1,122000,1779273916.899009
approach2_run1,123000,1779273916.983591
approach2_run1,124000,1779273917.030012
approach2_run1,125000,1779273917.115693
approach2_run1,126000,1779273917.155253
approach2_run1,127000,1779273917.239841
approach2_run1,128000,1779273917.289992
approach2_run1,129000,1779273917.376363
approach2_run1,130000,1779273917.411422
approach2_run1,131000,1779273917.494569
approach2_run1,132000,1779273917.555126
approach2_run1,133000,1779273917.640836
approach2_run1,134000,1779273917.726826
approach2_run1,135000,1779273917.746167
approach2_run1,136000,1779273917.830776
approach2_run1,137000,1779273917.900983
approach2_run1,138000,1779273917.987589
approach2_run1,139000,1779273918.001590
approach2_run1,140000,1779273918.086189
approach2_run1,141000,1779273918.161043
approach2_run1,142000,1779273918.246676
approach2_run1,143000,1779273918.258258
approach2_run1,144000,1779273918.342618
approach2_run1,145000,1779273918.420001
approach2_run1,146000,1779273918.505971
approach2_run1,147000,1779273918.514570
approach2_run1,148000,1779273918.598868
approach2_run1,149000,1779273918.680341
approach2_run1,150000,1779273918.764982
approach2_run1,151000,1779273918.769428
approach2_run1,152000,1779273918.854705
approach2_run1,153000,1779273918.938332
approach2_run1,154000,1779273919.024108
approach2_run1,155000,1779273919.026818
approach2_run1,156000,1779273919.111652
approach2_run1,157000,1779273919.198505
approach2_run1,158000,1779273919.282174
approach2_run1,159000,1779273919.366924
approach2_run1,160000,1779273919.368662
approach2_run1,161000,1779273919.454453
approach2_run1,162000,1779273919.538534
approach2_run1,163000,1779273919.623231
approach2_run1,164000,1779273919.627401
approach2_run1,165000,1779273919.712983
approach2_run1,166000,1779273919.794104
approach2_run1,167000,1779273919.879714
approach2_run1,168000,1779273919.887733
approach2_run1,169000,1779273919.973682
approach2_run1,170000,1779273920.051595
approach2_run1,171000,1779273920.136054
approach2_run1,172000,1779273920.145804
approach2_run1,173000,1779273920.231603
approach2_run1,174000,1779273920.306618
approach2_run1,175000,1779273920.392422
approach2_run1,176000,1779273920.405763
approach2_run1,177000,1779273920.488533
approach2_run1,178000,1779273920.561085
approach2_run1,179000,1779273920.649644
approach2_run1,180000,1779273920.734450
approach2_run1,181000,1779273920.750919
approach2_run1,182000,1779273920.837356
approach2_run1,183000,1779273920.908027
approach2_run1,184000,1779273920.992515
approach2_run1,185000,1779273921.014365
approach2_run1,186000,1779273921.100150
approach2_run1,187000,1779273921.164285
approach2_run1,188000,1779273921.249763
approach2_run1,189000,1779273921.275380
approach2_run1,190000,1779273921.361080
approach2_run1,191000,1779273921.421377
approach2_run1,192000,1779273921.506711
approach2_run1,193000,1779273921.531122
approach2_run1,194000,1779273921.617349
approach2_run1,195000,1779273921.678313
approach2_run1,196000,1779273921.759609
approach2_run1,197000,1779273921.790532
approach2_run1,198000,1779273921.875623
approach2_run1,199000,1779273921.933907
approach2_run1,200000,1779273922.018504
approach2_run1,201000,1779273922.048777
approach2_run1,202000,1779273922.135796
approach2_run1,203000,1779273922.224416
approach2_run1,204000,1779273922.274137
approach2_run1,205000,1779273922.389722
approach2_run1,206000,1779273922.398607
approach2_run1,207000,1779273922.513404
approach2_run1,208000,1779273922.561381
approach2_run1,209000,1779273922.613860
approach2_run1,210000,1779273922.687441
approach2_run1,211000,1779273922.784151
approach2_run1,212000,1779273922.807657
approach2_run1,213000,1779273922.869231
approach2_run1,214000,1779273922.946485
approach2_run1,215000,1779273923.003195
approach2_run1,216000,1779273923.040243
approach2_run1,217000,1779273923.124873
approach2_run1,218000,1779273923.205613
approach2_run1,219000,1779273923.292287
approach2_run1,220000,1779273923.295491
approach2_run1,221000,1779273923.380141
approach2_run1,222000,1779273923.465604
approach2_run1,223000,1779273923.551499
approach2_run1,224000,1779273923.583633
approach2_run1,225000,1779273923.668401
approach2_run1,226000,1779273923.720185
approach2_run1,227000,1779273923.780573
approach2_run1,228000,1779273923.866533
approach2_run1,229000,1779273923.891591
approach2_run1,230000,1779273923.976890
approach2_run1,231000,1779273924.040136
approach2_run1,232000,1779273924.125786
approach2_run1,233000,1779273924.148133
approach2_run1,234000,1779273924.229170
approach2_run1,235000,1779273924.299886
approach2_run1,236000,1779273924.386619
approach2_run1,237000,1779273924.400698
approach2_run1,238000,1779273924.486283
approach2_run1,239000,1779273924.559992
approach2_run1,240000,1779273924.650173
approach2_run1,241000,1779273924.656792
approach2_run1,242000,1779273924.740322
approach2_run1,243000,1779273924.824918
approach2_run1,244000,1779273924.911562
approach2_run1,245000,1779273924.913113
approach2_run1,246000,1779273924.999164
approach2_run1,247000,1779273925.082988
approach2_run1,248000,1779273925.166747
approach2_run1,249000,1779273925.251246
approach2_run1,250000,1779273925.257019
approach2_run1,251000,1779273925.342709
approach2_run1,252000,1779273925.414737
approach2_run1,253000,1779273925.499855
approach2_run1,254000,1779273925.512985
approach2_run1,255000,1779273925.598654
approach2_run1,256000,1779273925.678306
approach2_run1,257000,1779273925.764071
approach2_run1,258000,1779273925.772498
approach2_run1,259000,1779273925.856535
approach2_run1,260000,1779273925.926075
approach2_run1,261000,1779273926.019250
approach2_run1,262000,1779273926.031543
approach2_run1,263000,1779273926.117478
approach2_run1,264000,1779273926.190354
approach2_run1,265000,1779273926.275099
approach2_run1,266000,1779273926.290759
approach2_run1,267000,1779273926.375173
approach2_run1,268000,1779273926.445969
approach2_run1,269000,1779273926.530816
approach2_run1,270000,1779273926.615472
approach2_run1,271000,1779273926.635607
approach2_run1,272000,1779273926.720975
approach2_run1,273000,1779273926.786314
approach2_run1,274000,1779273926.870862
approach2_run1,275000,1779273926.894470
approach2_run1,276000,1779273926.980904
approach2_run1,277000,1779273927.041910
approach2_run1,278000,1779273927.126590
approach2_run1,279000,1779273927.154680
approach2_run1,280000,1779273927.241773
approach2_run1,281000,1779273927.297490
approach2_run1,282000,1779273927.382252
approach2_run1,283000,1779273927.416148
approach2_run1,284000,1779273927.501884
approach2_run1,285000,1779273927.553271
approach2_run1,286000,1779273927.637811
approach2_run1,287000,1779273927.677029
approach2_run1,288000,1779273927.763679
approach2_run1,289000,1779273927.809592
approach2_run1,290000,1779273927.894403
approach2_run1,291000,1779273927.934625
approach2_run1,292000,1779273928.020855
approach2_run1,293000,1779273928.106559
approach2_run1,294000,1779273928.149918
approach2_run1,295000,1779273928.234545
approach2_run1,296000,1779273928.282610
approach2_run1,297000,1779273928.366466
approach2_run1,298000,1779273928.405222
approach2_run1,299000,1779273928.489876
approach2_run1,300000,1779273928.541889
approach2_run1,301000,1779273928.655823
approach2_run1,302000,1779273928.660581
approach2_run1,303000,1779273928.746093
approach2_run1,304000,1779273928.801657
approach2_run1,305000,1779273928.887758
approach2_run1,306000,1779273928.916953
approach2_run1,307000,1779273929.039165
approach2_run1,308000,1779273929.061279
approach2_run1,309000,1779273929.174939
approach2_run1,310000,1779273929.209937
approach2_run1,311000,1779273929.296977
approach2_run1,312000,1779273929.380361
approach2_run1,313000,1779273929.434084
approach2_run1,314000,1779273929.519751
approach2_run1,315000,1779273929.552974
approach2_run1,316000,1779273929.637714
approach2_run1,317000,1779273929.693548
approach2_run1,318000,1779273929.779537
approach2_run1,319000,1779273929.808486
approach2_run1,320000,1779273929.893170
approach2_run1,321000,1779273929.952838
approach2_run1,322000,1779273930.038895
approach2_run1,323000,1779273930.061325
approach2_run1,324000,1779273930.145830
approach2_run1,325000,1779273930.212376
approach2_run1,326000,1779273930.298327
approach2_run1,327000,1779273930.316787
approach2_run1,328000,1779273930.401531
approach2_run1,329000,1779273930.472543
approach2_run1,330000,1779273930.557385
approach2_run1,331000,1779273930.572131
approach2_run1,332000,1779273930.657397
approach2_run1,333000,1779273930.730842
approach2_run1,334000,1779273930.816760
approach2_run1,335000,1779273930.829517
approach2_run1,336000,1779273930.914265
approach2_run1,337000,1779273930.998937
approach2_run1,338000,1779273931.055133
approach2_run1,339000,1779273931.141054
approach2_run1,340000,1779273931.170551
approach2_run1,341000,1779273931.255517
approach2_run1,342000,1779273931.335620
approach2_run1,343000,1779273931.400622
approach2_run1,344000,1779273931.426320
approach2_run1,345000,1779273931.487301
approach2_run1,346000,1779273931.557521
approach2_run1,347000,1779273931.642898
approach2_run1,348000,1779273931.681316
approach2_run1,349000,1779273931.747133
approach2_run1,350000,1779273931.814353
approach2_run1,351000,1779273931.899042
approach2_run1,352000,1779273931.920759
approach2_run1,353000,1779273932.021759
approach2_run1,354000,1779273932.093704
approach2_run1,355000,1779273932.179581
approach2_run1,356000,1779273932.192603
approach2_run1,357000,1779273932.285352
approach2_run1,358000,1779273932.372829
approach2_run1,359000,1779273932.458670
approach2_run1,360000,1779273932.544394
approach2_run1,361000,1779273932.551204
approach2_run1,362000,1779273932.635955
approach2_run1,363000,1779273932.699068
approach2_run1,364000,1779273932.785055
approach2_run1,365000,1779273932.821448
approach2_run1,366000,1779273932.905995
approach2_run1,367000,1779273932.958330
approach2_run1,368000,1779273933.044559
approach2_run1,369000,1779273933.062109
approach2_run1,370000,1779273933.146880
approach2_run1,371000,1779273933.218303
approach2_run1,372000,1779273933.304833
approach2_run1,373000,1779273933.317640
approach2_run1,374000,1779273933.402217
approach2_run1,375000,1779273933.477527
approach2_run1,376000,1779273933.564175
approach2_run1,377000,1779273933.573395
approach2_run1,378000,1779273933.657841
approach2_run1,379000,1779273933.729902
approach2_run1,380000,1779273933.814476
approach2_run1,381000,1779273933.842155
approach2_run1,382000,1779273933.909773
approach2_run1,383000,1779273934.014562
approach2_run1,384000,1779273934.070885
approach2_run1,385000,1779273934.156168
approach2_run1,386000,1779273934.187945
approach2_run1,387000,1779273934.274218
approach2_run1,388000,1779273934.284675
approach2_run1,389000,1779273934.369343
approach2_run1,390000,1779273934.447879
approach2_run1,391000,1779273934.533854
approach2_run1,392000,1779273934.540503
approach2_run1,393000,1779273934.625095
approach2_run1,394000,1779273934.706874
approach2_run1,395000,1779273934.828864
approach2_run1,396000,1779273934.838202
approach2_run1,397000,1779273934.922926
approach2_run1,398000,1779273934.965855
approach2_run1,399000,1779273935.050993
approach2_run1,400000,1779273935.052647
approach2_run1,401000,1779273935.178481
approach2_run1,402000,1779273935.264145
approach2_run1,403000,1779273935.347622
approach2_run1,404000,1779273935.349384
approach2_run1,405000,1779273935.442351
approach2_run1,406000,1779273935.521276
approach2_run1,407000,1779273935.605387
approach2_run1,408000,1779273935.690093
approach2_run1,409000,1779273935.693177
approach2_run1,410000,1779273935.779164
approach2_run1,411000,1779273935.818965
approach2_run1,412000,1779273935.945998
approach2_run1,413000,1779273935.961347
approach2_run1,414000,1779273936.038432
approach2_run1,415000,1779273936.075311
approach2_run1,416000,1779273936.202130
approach2_run1,417000,1779273936.212685
approach2_run1,418000,1779273936.261459
approach2_run1,419000,1779273936.331017
approach2_run1,420000,1779273936.415682
approach2_run1,421000,1779273936.472127
approach2_run1,422000,1779273936.557866
approach2_run1,423000,1779273936.640838
approach2_run1,424000,1779273936.693725
approach2_run1,425000,1779273936.714547
approach2_run1,426000,1779273936.799593
approach2_run1,427000,1779273936.867043
approach2_run1,428000,1779273936.952998
approach2_run1,429000,1779273937.039069
approach2_run1,430000,1779273937.055111
approach2_run1,431000,1779273937.139857
approach2_run1,432000,1779273937.212306
approach2_run1,433000,1779273937.298148
approach2_run1,434000,1779273937.310683
approach2_run1,435000,1779273937.396042
approach2_run1,436000,1779273937.471555
approach2_run1,437000,1779273937.558013
approach2_run1,438000,1779273937.566849
approach2_run1,439000,1779273937.651644
approach2_run1,440000,1779273937.731440
approach2_run1,441000,1779273937.817311
approach2_run1,442000,1779273937.822526
approach2_run1,443000,1779273937.907492
approach2_run1,444000,1779273937.990656
approach2_run1,445000,1779273938.078546
approach2_run1,446000,1779273938.113771
approach2_run1,447000,1779273938.200021
approach2_run1,448000,1779273938.249423
approach2_run1,449000,1779273938.334228
approach2_run1,450000,1779273938.378064
approach2_run1,451000,1779273938.410504
approach2_run1,452000,1779273938.496494
approach2_run1,453000,1779273938.549848
approach2_run1,454000,1779273938.634597
approach2_run1,455000,1779273938.669866
approach2_run1,456000,1779273938.767608
approach2_run1,457000,1779273938.805288
approach2_run1,458000,1779273938.890115
approach2_run1,459000,1779273938.940899
approach2_run1,460000,1779273939.027208
approach2_run1,461000,1779273939.061545
approach2_run1,462000,1779273939.146358
approach2_run1,463000,1779273939.200630
approach2_run1,464000,1779273939.287054
approach2_run1,465000,1779273939.317247
approach2_run1,466000,1779273939.401905
approach2_run1,467000,1779273939.460816
approach2_run1,468000,1779273939.546065
approach2_run1,469000,1779273939.612653
approach2_run1,470000,1779273939.697209
approach2_run1,471000,1779273939.719685
approach2_run1,472000,1779273939.804294
approach2_run1,473000,1779273939.890311
approach2_run1,474000,1779273939.953170
approach2_run1,475000,1779273940.037596
approach2_run1,476000,1779273940.063795
approach2_run1,477000,1779273940.150541
approach2_run1,478000,1779273940.219613
approach2_run1,479000,1779273940.304238
approach2_run1,480000,1779273940.323622
approach2_run1,481000,1779273940.409567
approach2_run1,482000,1779273940.475089
approach2_run1,483000,1779273940.560181
approach2_run1,484000,1779273940.582958
approach2_run1,485000,1779273940.668982
approach2_run1,486000,1779273940.743618
approach2_run1,487000,1779273940.815865
approach2_run1,488000,1779273940.879725
approach2_run1,489000,1779273940.928799
approach2_run1,490000,1779273940.986710
approach2_run1,491000,1779273941.083960
approach2_run1,492000,1779273941.102266
approach2_run1,493000,1779273941.188371
approach2_run1,494000,1779273941.255002
approach2_run1,495000,1779273941.339700
approach2_run1,496000,1779273941.424326
approach2_run1,497000,1779273941.447736
approach2_run1,498000,1779273941.534132
approach2_run1,499000,1779273941.595120
approach2_run1,500000,1779273941.679909
approach2_run1,501000,1779273941.707839
approach2_run1,502000,1779273941.793735
approach2_run1,503000,1779273941.837853
approach2_run1,504000,1779273941.922904
approach2_run1,505000,1779273941.957921
approach2_run1,506000,1779273942.053399
approach2_run1,507000,1779273942.093849
approach2_run1,508000,1779273942.178451
approach2_run1,509000,1779273942.226635
approach2_run1,510000,1779273942.312638
approach2_run1,511000,1779273942.349487
approach2_run1,512000,1779273942.434249
approach2_run1,513000,1779273942.486419
approach2_run1,514000,1779273942.572232
approach2_run1,515000,1779273942.604954
approach2_run1,516000,1779273942.689783
approach2_run1,517000,1779273942.774503
approach2_run1,518000,1779273942.831482
approach2_run1,519000,1779273942.917562
approach2_run1,520000,1779273942.945272
approach2_run1,521000,1779273943.018283
approach2_run1,522000,1779273943.090766
approach2_run1,523000,1779273943.188657
approach2_run1,524000,1779273943.213300
approach2_run1,525000,1779273943.285602
approach2_run1,526000,1779273943.350406
approach2_run1,527000,1779273943.455955
approach2_run1,528000,1779273943.472716
approach2_run1,529000,1779273943.558523
approach2_run1,530000,1779273943.609177
approach2_run1,531000,1779273943.711927
approach2_run1,532000,1779273943.732298
approach2_run1,533000,1779273943.818387
approach2_run1,534000,1779273943.882917
approach2_run1,535000,1779273943.967545
approach2_run1,536000,1779273943.992168
approach2_run1,537000,1779273944.077959
approach2_run1,538000,1779273944.126929
approach2_run1,539000,1779273944.211871
approach2_run1,540000,1779273944.296669
approach2_run1,541000,1779273944.337508
approach2_run1,542000,1779273944.386812
approach2_run1,543000,1779273944.474318
approach2_run1,544000,1779273944.560381
approach2_run1,545000,1779273944.565825
approach2_run1,546000,1779273944.650166
approach2_run1,547000,1779273944.733943
approach2_run1,548000,1779273944.813507
approach2_run1,549000,1779273944.821110
approach2_run1,550000,1779273944.907314
approach2_run1,551000,1779273944.991585
approach2_run1,552000,1779273945.076305
approach2_run1,553000,1779273945.117368
approach2_run1,554000,1779273945.203573
approach2_run1,555000,1779273945.248451
approach2_run1,556000,1779273945.333097
approach2_run1,557000,1779273945.377234
approach2_run1,558000,1779273945.466971
approach2_run1,559000,1779273945.513627
approach2_run1,560000,1779273945.598928
approach2_run1,561000,1779273945.640780
approach2_run1,562000,1779273945.726627
approach2_run1,563000,1779273945.812808
approach2_run1,564000,1779273945.844011
approach2_run1,565000,1779273945.928798
approach2_run1,566000,1779273945.986295
approach2_run1,567000,1779273946.072515
approach2_run1,568000,1779273946.099616
approach2_run1,569000,1779273946.184586
approach2_run1,570000,1779273946.245639
approach2_run1,571000,1779273946.331381
approach2_run1,572000,1779273946.366827
approach2_run1,573000,1779273946.451540
approach2_run1,574000,1779273946.504586
approach2_run1,575000,1779273946.590549
approach2_run1,576000,1779273946.622524
approach2_run1,577000,1779273946.707376
approach2_run1,578000,1779273946.775963
approach2_run1,579000,1779273946.862245
approach2_run1,580000,1779273946.878419
approach2_run1,581000,1779273946.963405
approach2_run1,582000,1779273947.023193
approach2_run1,583000,1779273947.109216
approach2_run1,584000,1779273947.123165
approach2_run1,585000,1779273947.207984
approach2_run1,586000,1779273947.292403
approach2_run1,587000,1779273947.365263
approach2_run1,588000,1779273947.451756
approach2_run1,589000,1779273947.453351
approach2_run1,590000,1779273947.548682
approach2_run1,591000,1779273947.624847
approach2_run1,592000,1779273947.713925
approach2_run1,593000,1779273947.730711
approach2_run1,594000,1779273947.815433
approach2_run1,595000,1779273947.887230
approach2_run1,596000,1779273947.970465
approach2_run1,597000,1779273947.986110
approach2_run1,598000,1779273948.070969
approach2_run1,599000,1779273948.146657
approach2_run1,600000,1779273948.229773
approach2_run1,601000,1779273948.231675
approach2_run1,602000,1779273948.326328
approach2_run1,603000,1779273948.403151
approach2_run1,604000,1779273948.490225
approach2_run1,605000,1779273948.497677
approach2_run1,606000,1779273948.582482
approach2_run1,607000,1779273948.669165
approach2_run1,608000,1779273948.752479
approach2_run1,609000,1779273948.838455
approach2_run1,610000,1779273948.840155
approach2_run1,611000,1779273948.924424
approach2_run1,612000,1779273949.008214
approach2_run1,613000,1779273949.092841
approach2_run1,614000,1779273949.095511
approach2_run1,615000,1779273949.181398
approach2_run1,616000,1779273949.264325
approach2_run1,617000,1779273949.338221
approach2_run1,618000,1779273949.354759
approach2_run1,619000,1779273949.441788
approach2_run1,620000,1779273949.509020
approach2_run1,621000,1779273949.593701
approach2_run1,622000,1779273949.615157
approach2_run1,623000,1779273949.701028
approach2_run1,624000,1779273949.764654
approach2_run1,625000,1779273949.859870
approach2_run1,626000,1779273949.875823
approach2_run1,627000,1779273949.961810
approach2_run1,628000,1779273950.030796
approach2_run1,629000,1779273950.116068
approach2_run1,630000,1779273950.200163
approach2_run1,631000,1779273950.221046
approach2_run1,632000,1779273950.306969
approach2_run1,633000,1779273950.370962
approach2_run1,634000,1779273950.456369
approach2_run1,635000,1779273950.481159
approach2_run1,636000,1779273950.566376
approach2_run1,637000,1779273950.616184
approach2_run1,638000,1779273950.701035
approach2_run1,639000,1779273950.739717
approach2_run1,640000,1779273950.825986
approach2_run1,641000,1779273950.872804
approach2_run1,642000,1779273950.956613
approach2_run1,643000,1779273950.999207
approach2_run1,644000,1779273951.085176
approach2_run1,645000,1779273951.127935
approach2_run1,646000,1779273951.212338
approach2_run1,647000,1779273951.268270
approach2_run1,648000,1779273951.354179
approach2_run1,649000,1779273951.383313
approach2_run1,650000,1779273951.467992
approach2_run1,651000,1779273951.517574
approach2_run1,652000,1779273951.603474
approach2_run1,653000,1779273951.699362
approach2_run1,654000,1779273951.724284
approach2_run1,655000,1779273951.808850
approach2_run1,656000,1779273951.862445
approach2_run1,657000,1779273951.948301
approach2_run1,658000,1779273951.989912
approach2_run1,659000,1779273952.074475
approach2_run1,660000,1779273952.131737
approach2_run1,661000,1779273952.207371
approach2_run1,662000,1779273952.245269
approach2_run1,663000,1779273952.320013
approach2_run1,664000,1779273952.381420
approach2_run1,665000,1779273952.468081
approach2_run1,666000,1779273952.501164
approach2_run1,667000,1779273952.585701
approach2_run1,668000,1779273952.641100
approach2_run1,669000,1779273952.727019
approach2_run1,670000,1779273952.756635
approach2_run1,671000,1779273952.841242
approach2_run1,672000,1779273952.900742
approach2_run1,673000,1779273952.987000
approach2_run1,674000,1779273953.072683
approach2_run1,675000,1779273953.086266
approach2_run1,676000,1779273953.182101
approach2_run1,677000,1779273953.245388
approach2_run1,678000,1779273953.331311
approach2_run1,679000,1779273953.353051
approach2_run1,680000,1779273953.437804
approach2_run1,681000,1779273953.504513
approach2_run1,682000,1779273953.590689
approach2_run1,683000,1779273953.597195
approach2_run1,684000,1779273953.693805
approach2_run1,685000,1779273953.764379
approach2_run1,686000,1779273953.850505
approach2_run1,687000,1779273953.865061
approach2_run1,688000,1779273953.965238
approach2_run1,689000,1779273954.024469
approach2_run1,690000,1779273954.110507
approach2_run1,691000,1779273954.120988
approach2_run1,692000,1779273954.206091
approach2_run1,693000,1779273954.284272
approach2_run1,694000,1779273954.379946
approach2_run1,695000,1779273954.392121
approach2_run1,696000,1779273954.461196
approach2_run1,697000,1779273954.551992
approach2_run1,698000,1779273954.631738
approach2_run1,699000,1779273954.716239
approach2_run1,700000,1779273954.726599
approach2_run1,701000,1779273954.811208
approach2_run1,702000,1779273954.887261
approach2_run1,703000,1779273954.971882
approach2_run1,704000,1779273954.984491
approach2_run1,705000,1779273955.070230
approach2_run1,706000,1779273955.142741
approach2_run1,707000,1779273955.243627
approach2_run1,708000,1779273955.245184
approach2_run1,709000,1779273955.330156
approach2_run1,710000,1779273955.414161
approach2_run1,711000,1779273955.483060
approach2_run1,712000,1779273955.504615
approach2_run1,713000,1779273955.589727
approach2_run1,714000,1779273955.654029
approach2_run1,715000,1779273955.739088
approach2_run1,716000,1779273955.762779
approach2_run1,717000,1779273955.848572
approach2_run1,718000,1779273955.948419
approach2_run1,719000,1779273955.994375
approach2_run1,720000,1779273956.078958
approach2_run1,721000,1779273956.121926
approach2_run1,722000,1779273956.194451
approach2_run1,723000,1779273956.249743
approach2_run1,724000,1779273956.334778
approach2_run1,725000,1779273956.382087
approach2_run1,726000,1779273956.454859
approach2_run1,727000,1779273956.505704
approach2_run1,728000,1779273956.590427
approach2_run1,729000,1779273956.641922
approach2_run1,730000,1779273956.727774
approach2_run1,731000,1779273956.776879
approach2_run1,732000,1779273956.846118
approach2_run1,733000,1779273956.887809
approach2_run1,734000,1779273956.973961
approach2_run1,735000,1779273957.016930
approach2_run1,736000,1779273957.101524
approach2_run1,737000,1779273957.160848
approach2_run1,738000,1779273957.247307
approach2_run1,739000,1779273957.333042
approach2_run1,740000,1779273957.373100
approach2_run1,741000,1779273957.458276
approach2_run1,742000,1779273957.506910
approach2_run1,743000,1779273957.592739
approach2_run1,744000,1779273957.612583
approach2_run1,745000,1779273957.697254
approach2_run1,746000,1779273957.767072
approach2_run1,747000,1779273957.852722
approach2_run1,748000,1779273957.868211
approach2_run1,749000,1779273957.952894
approach2_run1,750000,1779273958.025804
approach2_run1,751000,1779273958.111671
approach2_run1,752000,1779273958.124057
approach2_run1,753000,1779273958.198005
approach2_run1,754000,1779273958.282837
approach2_run1,755000,1779273958.377001
approach2_run1,756000,1779273958.379698
approach2_run1,757000,1779273958.464703
approach2_run1,758000,1779273958.550745
approach2_run1,759000,1779273958.635014
approach2_run1,760000,1779273958.722279
approach2_run1,761000,1779273958.737110
approach2_run1,762000,1779273958.809013
approach2_run1,763000,1779273958.895655
approach2_run1,764000,1779273958.981409
approach2_run1,765000,1779273958.993513
approach2_run1,766000,1779273959.067956
approach2_run1,767000,1779273959.146375
approach2_run1,768000,1779273959.231356
approach2_run1,769000,1779273959.241623
approach2_run1,770000,1779273959.334308
approach2_run1,771000,1779273959.414253
approach2_run1,772000,1779273959.502283
approach2_run1,773000,1779273959.506069
approach2_run1,774000,1779273959.591134
approach2_run1,775000,1779273959.675684
approach2_run1,776000,1779273959.761636
approach2_run1,777000,1779273959.763305
approach2_run1,778000,1779273959.849098
approach2_run1,779000,1779273959.913219
approach2_run1,780000,1779273960.017378
approach2_run1,781000,1779273960.082729
approach2_run1,782000,1779273960.108805
approach2_run1,783000,1779273960.195214
approach2_run1,784000,1779273960.273868
approach2_run1,785000,1779273960.358468
approach2_run1,786000,1779273960.369543
approach2_run1,787000,1779273960.455866
approach2_run1,788000,1779273960.529638
approach2_run1,789000,1779273960.614125
approach2_run1,790000,1779273960.629736
approach2_run1,791000,1779273960.715489
approach2_run1,792000,1779273960.785646
approach2_run1,793000,1779273960.870527
approach2_run1,794000,1779273960.897400
approach2_run1,795000,1779273960.983561
approach2_run1,796000,1779273961.041417
approach2_run1,797000,1779273961.126129
approach2_run1,798000,1779273961.157105
approach2_run1,799000,1779273961.235009
approach2_run1,800000,1779273961.297929
approach2_run1,801000,1779273961.381768
approach2_run1,802000,1779273961.466833
approach2_run1,803000,1779273961.502289
approach2_run1,804000,1779273961.580829
approach2_run1,805000,1779273961.637674
approach2_run1,806000,1779273961.700917
approach2_run1,807000,1779273961.754563
approach2_run1,808000,1779273961.840902
approach2_run1,809000,1779273961.893608
approach2_run1,810000,1779273961.978495
approach2_run1,811000,1779273962.014573
approach2_run1,812000,1779273962.100553
approach2_run1,813000,1779273962.149213
approach2_run1,814000,1779273962.234377
approach2_run1,815000,1779273962.274308
approach2_run1,816000,1779273962.367715
approach2_run1,817000,1779273962.405520
approach2_run1,818000,1779273962.525472
approach2_run1,819000,1779273962.533147
approach2_run1,820000,1779273962.626875
approach2_run1,821000,1779273962.712660
approach2_run1,822000,1779273962.745993
approach2_run1,823000,1779273962.830241
approach2_run1,824000,1779273962.886064
approach2_run1,825000,1779273962.972529
approach2_run1,826000,1779273963.038071
approach2_run1,827000,1779273963.122630
approach2_run1,828000,1779273963.145693
approach2_run1,829000,1779273963.231791
approach2_run1,830000,1779273963.293553
approach2_run1,831000,1779273963.378331
approach2_run1,832000,1779273963.405063
approach2_run1,833000,1779273963.491118
approach2_run1,834000,1779273963.549027
approach2_run1,835000,1779273963.633837
approach2_run1,836000,1779273963.656968
approach2_run1,837000,1779273963.742118
approach2_run1,838000,1779273963.810847
approach2_run1,839000,1779273963.889082
approach2_run1,840000,1779273963.915514
approach2_run1,841000,1779273964.001524
approach2_run1,842000,1779273964.087528
approach2_run1,843000,1779273964.144853
approach2_run1,844000,1779273964.229546
approach2_run1,845000,1779273964.269704
approach2_run1,846000,1779273964.355426
approach2_run1,847000,1779273964.400939
approach2_run1,848000,1779273964.448387
approach2_run1,849000,1779273964.529166
approach2_run1,850000,1779273964.615141
approach2_run1,851000,1779273964.619206
approach2_run1,852000,1779273964.740708
approach2_run1,853000,1779273964.788798
approach2_run1,854000,1779273964.865775
approach2_run1,855000,1779273964.911792
approach2_run1,856000,1779273964.961153
approach2_run1,857000,1779273965.047981
approach2_run1,858000,1779273965.167142
approach2_run1,859000,1779273965.173444
approach2_run1,860000,1779273965.252227
approach2_run1,861000,1779273965.338239
approach2_run1,862000,1779273965.392981
approach2_run1,863000,1779273965.478953
approach2_run1,864000,1779273965.508570
approach2_run1,865000,1779273965.604647
approach2_run1,866000,1779273965.652034
approach2_run1,867000,1779273965.764146
approach2_run1,868000,1779273965.778362
approach2_run1,869000,1779273965.849284
approach2_run1,870000,1779273965.911302
approach2_run1,871000,1779273966.019796
approach2_run1,872000,1779273966.038565
approach2_run1,873000,1779273966.123911
approach2_run1,874000,1779273966.190700
approach2_run1,875000,1779273966.275705
approach2_run1,876000,1779273966.297264
approach2_run1,877000,1779273966.383661
approach2_run1,878000,1779273966.450177
approach2_run1,879000,1779273966.535266
approach2_run1,880000,1779273966.557584
approach2_run1,881000,1779273966.643204
approach2_run1,882000,1779273966.701798
approach2_run1,883000,1779273966.787068
approach2_run1,884000,1779273966.833007
approach2_run1,885000,1779273966.901948
approach2_run1,886000,1779273966.987775
approach2_run1,887000,1779273967.042532
approach2_run1,888000,1779273967.127229
approach2_run1,889000,1779273967.162627
approach2_run1,890000,1779273967.247082
approach2_run1,891000,1779273967.298485
approach2_run1,892000,1779273967.383711
approach2_run1,893000,1779273967.420364
approach2_run1,894000,1779273967.506373
approach2_run1,895000,1779273967.515299
approach2_run1,896000,1779273967.600042
approach2_run1,897000,1779273967.680278
approach2_run1,898000,1779273967.766160
approach2_run1,899000,1779273967.810166
approach2_run1,900000,1779273967.894924
approach2_run1,901000,1779273967.939824
approach2_run1,902000,1779273968.025506
approach2_run1,903000,1779273968.065660
approach2_run1,904000,1779273968.150321
approach2_run1,905000,1779273968.235447
approach2_run1,906000,1779273968.281615
approach2_run1,907000,1779273968.366285
approach2_run1,908000,1779273968.373127
approach2_run1,909000,1779273968.491905
approach2_run1,910000,1779273968.543689
approach2_run1,911000,1779273968.629755
approach2_run1,912000,1779273968.662633
approach2_run1,913000,1779273968.707188
approach2_run1,914000,1779273968.793857
approach2_run1,915000,1779273968.878690
approach2_run1,916000,1779273968.889372
approach2_run1,917000,1779273968.975758
approach2_run1,918000,1779273969.023665
approach2_run1,919000,1779273969.109643
approach2_run1,920000,1779273969.134499
approach2_run1,921000,1779273969.219174
approach2_run1,922000,1779273969.284127
approach2_run1,923000,1779273969.369555
approach2_run1,924000,1779273969.390563
approach2_run1,925000,1779273969.475623
approach2_run1,926000,1779273969.559781
approach2_run1,927000,1779273969.629384
approach2_run1,928000,1779273969.715042
approach2_run1,929000,1779273969.731190
approach2_run1,930000,1779273969.815984
approach2_run1,931000,1779273969.888611
approach2_run1,932000,1779273969.974257
approach2_run1,933000,1779273969.987121
approach2_run1,934000,1779273970.072007
approach2_run1,935000,1779273970.146616
approach2_run1,936000,1779273970.234046
approach2_run1,937000,1779273970.281667
approach2_run1,938000,1779273970.366017
approach2_run1,939000,1779273970.407109
approach2_run1,940000,1779273970.493668
approach2_run1,941000,1779273970.537087
approach2_run1,942000,1779273970.621968
approach2_run1,943000,1779273970.665705
approach2_run1,944000,1779273970.752944
approach2_run1,945000,1779273970.793643
approach2_run1,946000,1779273970.878433
approach2_run1,947000,1779273970.965256
approach2_run1,948000,1779273971.050364
approach2_run1,949000,1779273971.136443
approach2_run1,950000,1779273971.138153
approach2_run1,951000,1779273971.227712
approach2_run1,952000,1779273971.309111
approach2_run1,953000,1779273971.394554
approach2_run1,954000,1779273971.401006
approach2_run1,955000,1779273971.482771
approach2_run1,956000,1779273971.565701
approach2_run1,957000,1779273971.650179
approach2_run1,958000,1779273971.657001
approach2_run1,959000,1779273971.746951
approach2_run1,960000,1779273971.824209
approach2_run1,961000,1779273971.909058
approach2_run1,962000,1779273971.915877
approach2_run1,963000,1779273972.001767
approach2_run1,964000,1779273972.080374
approach2_run1,965000,1779273972.164886
approach2_run1,966000,1779273972.175211
approach2_run1,967000,1779273972.261301
approach2_run1,968000,1779273972.347307
approach2_run1,969000,1779273972.421118
approach2_run1,970000,1779273972.506346
approach2_run1,971000,1779273972.520653
approach2_run1,972000,1779273972.606497
approach2_run1,973000,1779273972.677223
approach2_run1,974000,1779273972.774650
approach2_run1,975000,1779273972.779747
approach2_run1,976000,1779273972.866095
approach2_run1,977000,1779273972.932721
approach2_run1,978000,1779273973.001654
approach2_run1,979000,1779273973.031689
approach2_run1,980000,1779273973.116474
approach2_run1,981000,1779273973.174887
approach2_run1,982000,1779273973.260937
approach2_run1,983000,1779273973.287288
approach2_run1,984000,1779273973.371849
approach2_run1,985000,1779273973.434985
approach2_run1,986000,1779273973.520398
approach2_run1,987000,1779273973.543295
approach2_run1,988000,1779273973.643266
approach2_run1,989000,1779273973.729041
approach2_run1,990000,1779273973.798418
approach2_run1,991000,1779273973.883060
approach2_run1,992000,1779273973.902527
approach2_run1,993000,1779273973.988430
approach2_run1,994000,1779273974.054992
approach2_run1,995000,1779273974.138912
approach2_run1,996000,1779273974.162496
approach2_run1,997000,1779273974.247786
approach2_run1,998000,1779273974.310790
approach2_run1,999000,1779273974.394338
approach2_run1,1000000,1779273974.420995
approach2_run1,1001000,1779273974.506928
approach2_run1,1002000,1779273974.566650
approach2_run1,1003000,1779273974.651721
approach2_run1,1004000,1779273974.680196
approach2_run1,1005000,1779273974.766111
approach2_run1,1006000,1779273974.822508
approach2_run1,1007000,1779273974.905492
approach2_run1,1008000,1779273974.939638
approach2_run1,1009000,1779273975.025517
approach2_run1,1010000,1779273975.111275
approach2_run1,1011000,1779273975.160743
approach2_run1,1012000,1779273975.245527
approach2_run1,1013000,1779273975.284665
approach2_run1,1014000,1779273975.335765
approach2_run1,1015000,1779273975.417017
approach2_run1,1016000,1779273975.501117
approach2_run1,1017000,1779273975.544006
approach2_run1,1018000,1779273975.630053
approach2_run1,1019000,1779273975.657904
approach2_run1,1020000,1779273975.757137
approach2_run1,1021000,1779273975.803193
approach2_run1,1022000,1779273975.889546
approach2_run1,1023000,1779273975.927986
approach2_run1,1024000,1779273976.012662
approach2_run1,1025000,1779273976.062946
approach2_run1,1026000,1779273976.153740
approach2_run1,1027000,1779273976.183493
approach2_run1,1028000,1779273976.254270
approach2_run1,1029000,1779273976.330983
approach2_run1,1030000,1779273976.414445
approach2_run1,1031000,1779273976.502889
approach2_run1,1032000,1779273976.523726
approach2_run1,1033000,1779273976.608768
approach2_run1,1034000,1779273976.676991
approach2_run1,1035000,1779273976.759779
approach2_run1,1036000,1779273976.781617
approach2_run1,1037000,1779273976.866173
approach2_run1,1038000,1779273976.933209
approach2_run1,1039000,1779273977.023040
approach2_run1,1040000,1779273977.036865
approach2_run1,1041000,1779273977.121370
approach2_run1,1042000,1779273977.197665
approach2_run1,1043000,1779273977.283570
approach2_run1,1044000,1779273977.312068
approach2_run1,1045000,1779273977.376966
approach2_run1,1046000,1779273977.456931
approach2_run1,1047000,1779273977.542887
approach2_run1,1048000,1779273977.567738
approach2_run1,1049000,1779273977.652984
approach2_run1,1050000,1779273977.737434
approach2_run1,1051000,1779273977.800529
approach2_run1,1052000,1779273977.887098
approach2_run1,1053000,1779273977.907970
approach2_run1,1054000,1779273977.993825
approach2_run1,1055000,1779273978.060680
approach2_run1,1056000,1779273978.146822
approach2_run1,1057000,1779273978.164758
approach2_run1,1058000,1779273978.247984
approach2_run1,1059000,1779273978.320044
approach2_run1,1060000,1779273978.405947
approach2_run1,1061000,1779273978.420622
approach2_run1,1062000,1779273978.505431
approach2_run1,1063000,1779273978.579668
approach2_run1,1064000,1779273978.665485
approach2_run1,1065000,1779273978.675937
approach2_run1,1066000,1779273978.760573
approach2_run1,1067000,1779273978.839277
approach2_run1,1068000,1779273978.924628
approach2_run1,1069000,1779273978.931348
approach2_run1,1070000,1779273979.017914
approach2_run1,1071000,1779273979.102481
approach2_run1,1072000,1779273979.184023
approach2_run1,1073000,1779273979.270213
approach2_run1,1074000,1779273979.271948
approach2_run1,1075000,1779273979.357236
approach2_run1,1076000,1779273979.442000
approach2_run1,1077000,1779273979.526766
approach2_run1,1078000,1779273979.529964
approach2_run1,1079000,1779273979.615746
approach2_run1,1080000,1779273979.697457
approach2_run1,1081000,1779273979.782299
approach2_run1,1082000,1779273979.789414
approach2_run1,1083000,1779273979.875343
approach2_run1,1084000,1779273979.953536
approach2_run1,1085000,1779273980.038234
approach2_run1,1086000,1779273980.048652
approach2_run1,1087000,1779273980.134621
approach2_run1,1088000,1779273980.211876
approach2_run1,1089000,1779273980.296724
approach2_run1,1090000,1779273980.309749
approach2_run1,1091000,1779273980.395585
approach2_run1,1092000,1779273980.481379
approach2_run1,1093000,1779273980.568638
approach2_run1,1094000,1779273980.654164
approach2_run1,1095000,1779273980.678669
approach2_run1,1096000,1779273980.763691
approach2_run1,1097000,1779273980.808396
approach2_run1,1098000,1779273980.893433
approach2_run1,1099000,1779273980.914022
approach2_run1,1100000,1779273980.998409
approach2_run1,1101000,1779273981.086821
approach2_run1,1102000,1779273981.173136
approach2_run1,1103000,1779273981.190205
approach2_run1,1104000,1779273981.259721
approach2_run1,1105000,1779273981.346657
approach2_run1,1106000,1779273981.432348
approach2_run1,1107000,1779273981.447421
approach2_run1,1108000,1779273981.532559
approach2_run1,1109000,1779273981.605845
approach2_run1,1110000,1779273981.703475
approach2_run1,1111000,1779273981.711293
approach2_run1,1112000,1779273981.797342
approach2_run1,1113000,1779273981.883501
approach2_run1,1114000,1779273981.958009
approach2_run1,1115000,1779273982.044695
approach2_run1,1116000,1779273982.056728
approach2_run1,1117000,1779273982.142618
approach2_run1,1118000,1779273982.210549
approach2_run1,1119000,1779273982.296365
approach2_run1,1120000,1779273982.298656
approach2_run1,1121000,1779273982.386072
approach2_run1,1122000,1779273982.470154
approach2_run1,1123000,1779273982.557049
approach2_run1,1124000,1779273982.558593
approach2_run1,1125000,1779273982.643196
approach2_run1,1126000,1779273982.725012
approach2_run1,1127000,1779273982.809746
approach2_run1,1128000,1779273982.816650
approach2_run1,1129000,1779273982.902500
approach2_run1,1130000,1779273982.981140
approach2_run1,1131000,1779273983.066643
approach2_run1,1132000,1779273983.094203
approach2_run1,1133000,1779273983.180353
approach2_run1,1134000,1779273983.266135
approach2_run1,1135000,1779273983.322345
approach2_run1,1136000,1779273983.406867
approach2_run1,1137000,1779273983.439733
approach2_run1,1138000,1779273983.525739
approach2_run1,1139000,1779273983.534789
approach2_run1,1140000,1779273983.663109
approach2_run1,1141000,1779273983.700227
approach2_run1,1142000,1779273983.788907
approach2_run1,1143000,1779273983.791047
approach2_run1,1144000,1779273983.918647
approach2_run1,1145000,1779273983.975327
approach2_run1,1146000,1779273984.061119
approach2_run1,1147000,1779273984.090704
approach2_run1,1148000,1779273984.175300
approach2_run1,1149000,1779273984.235042
approach2_run1,1150000,1779273984.308040
approach2_run1,1151000,1779273984.347285
approach2_run1,1152000,1779273984.431741
approach2_run1,1153000,1779273984.481082
approach2_run1,1154000,1779273984.567093
approach2_run1,1155000,1779273984.666470
approach2_run1,1156000,1779273984.685361
approach2_run1,1157000,1779273984.755937
approach2_run1,1158000,1779273984.813059
approach2_run1,1159000,1779273984.897819
approach2_run1,1160000,1779273984.929231
approach2_run1,1161000,1779273985.015214
approach2_run1,1162000,1779273985.068589
approach2_run1,1163000,1779273985.153801
approach2_run1,1164000,1779273985.186307
approach2_run1,1165000,1779273985.281414
approach2_run1,1166000,1779273985.358835
approach2_run1,1167000,1779273985.409426
approach2_run1,1168000,1779273985.448536
approach2_run1,1169000,1779273985.537044
approach2_run1,1170000,1779273985.621649
approach2_run1,1171000,1779273985.704025
approach2_run1,1172000,1779273985.708258
approach2_run1,1173000,1779273985.792770
approach2_run1,1174000,1779273985.877152
approach2_run1,1175000,1779273985.963500
approach2_run1,1176000,1779273986.047856
approach2_run1,1177000,1779273986.049990
approach2_run1,1178000,1779273986.136505
approach2_run1,1179000,1779273986.220286
approach2_run1,1180000,1779273986.305491
approach2_run1,1181000,1779273986.311934
approach2_run1,1182000,1779273986.397705
approach2_run1,1183000,1779273986.476137
approach2_run1,1184000,1779273986.560750
approach2_run1,1185000,1779273986.571054
approach2_run1,1186000,1779273986.656895
approach2_run1,1187000,1779273986.729810
approach2_run1,1188000,1779273986.814310
approach2_run1,1189000,1779273986.830046
approach2_run1,1190000,1779273986.918772
approach2_run1,1191000,1779273986.984038
approach2_run1,1192000,1779273987.068604
approach2_run1,1193000,1779273987.089325
approach2_run1,1194000,1779273987.175286
approach2_run1,1195000,1779273987.241818
approach2_run1,1196000,1779273987.326645
approach2_run1,1197000,1779273987.412587
approach2_run1,1198000,1779273987.437300
approach2_run1,1199000,1779273987.523230
approach2_run1,1200000,1779273987.581969
approach2_run1,1201000,1779273987.666645
approach2_run1,1202000,1779273987.696383
approach2_run1,1203000,1779273987.782717
approach2_run1,1204000,1779273987.835625
approach2_run1,1205000,1779273987.920341
approach2_run1,1206000,1779273987.953130
approach2_run1,1207000,1779273988.042033
approach2_run1,1208000,1779273988.091311
approach2_run1,1209000,1779273988.175999
approach2_run1,1210000,1779273988.215372
approach2_run1,1211000,1779273988.301207
approach2_run1,1212000,1779273988.346881
approach2_run1,1213000,1779273988.433593
approach2_run1,1214000,1779273988.475012
approach2_run1,1215000,1779273988.560320
approach2_run1,1216000,1779273988.647251
approach2_run1,1217000,1779273988.689548
approach2_run1,1218000,1779273988.774161
approach2_run1,1219000,1779273988.819402
approach2_run1,1220000,1779273988.905201
approach2_run1,1221000,1779273988.944954
approach2_run1,1222000,1779273989.029917
approach2_run1,1223000,1779273989.078464
approach2_run1,1224000,1779273989.164944
approach2_run1,1225000,1779273989.200630
approach2_run1,1226000,1779273989.285320
approach2_run1,1227000,1779273989.338446
approach2_run1,1228000,1779273989.424385
approach2_run1,1229000,1779273989.456311
approach2_run1,1230000,1779273989.540740
approach2_run1,1231000,1779273989.597985
approach2_run1,1232000,1779273989.683912
approach2_run1,1233000,1779273989.711588
approach2_run1,1234000,1779273989.796281
approach2_run1,1235000,1779273989.856796
approach2_run1,1236000,1779273989.942595
approach2_run1,1237000,1779273990.028429
approach2_run1,1238000,1779273990.051941
approach2_run1,1239000,1779273990.138525
approach2_run1,1240000,1779273990.201602
approach2_run1,1241000,1779273990.287425
approach2_run1,1242000,1779273990.307157
approach2_run1,1243000,1779273990.391964
approach2_run1,1244000,1779273990.461231
approach2_run1,1245000,1779273990.547131
approach2_run1,1246000,1779273990.562725
approach2_run1,1247000,1779273990.647280
approach2_run1,1248000,1779273990.721350
approach2_run1,1249000,1779273990.807488
approach2_run1,1250000,1779273990.818274
approach2_run1,1251000,1779273990.905628
approach2_run1,1252000,1779273990.988661
approach2_run1,1253000,1779273991.073165
approach2_run1,1254000,1779273991.105863
approach2_run1,1255000,1779273991.191775
approach2_run1,1256000,1779273991.244050
approach2_run1,1257000,1779273991.328803
approach2_run1,1258000,1779273991.413272
approach2_run1,1259000,1779273991.451981
approach2_run1,1260000,1779273991.538182
approach2_run1,1261000,1779273991.584244
approach2_run1,1262000,1779273991.669000
approach2_run1,1263000,1779273991.711875
approach2_run1,1264000,1779273991.796976
approach2_run1,1265000,1779273991.838777
approach2_run1,1266000,1779273991.923411
approach2_run1,1267000,1779273991.970399
approach2_run1,1268000,1779273992.056264
approach2_run1,1269000,1779273992.094393
approach2_run1,1270000,1779273992.179079
approach2_run1,1271000,1779273992.229599
approach2_run1,1272000,1779273992.315642
approach2_run1,1273000,1779273992.350560
approach2_run1,1274000,1779273992.435064
approach2_run1,1275000,1779273992.493824
approach2_run1,1276000,1779273992.580080
approach2_run1,1277000,1779273992.605890
approach2_run1,1278000,1779273992.690674
approach2_run1,1279000,1779273992.775264
approach2_run1,1280000,1779273992.840199
approach2_run1,1281000,1779273992.925974
approach2_run1,1282000,1779273992.946622
approach2_run1,1283000,1779273993.031096
approach2_run1,1284000,1779273993.099717
approach2_run1,1285000,1779273993.185490
approach2_run1,1286000,1779273993.202035
approach2_run1,1287000,1779273993.286786
approach2_run1,1288000,1779273993.359610
approach2_run1,1289000,1779273993.444520
approach2_run1,1290000,1779273993.457453
approach2_run1,1291000,1779273993.545590
approach2_run1,1292000,1779273993.617784
approach2_run1,1293000,1779273993.703614
approach2_run1,1294000,1779273993.732795
approach2_run1,1295000,1779273993.817532
approach2_run1,1296000,1779273993.879638
approach2_run1,1297000,1779273993.963022
approach2_run1,1298000,1779273993.988853
approach2_run1,1299000,1779273994.073595
approach2_run1,1300000,1779273994.158669
approach2_run1,1301000,1779273994.223107
approach2_run1,1302000,1779273994.309313
approach2_run1,1303000,1779273994.352323
approach2_run1,1304000,1779273994.414408
approach2_run1,1305000,1779273994.482989
approach2_run1,1306000,1779273994.568811
approach2_run1,1307000,1779273994.585289
approach2_run1,1308000,1779273994.669957
approach2_run1,1309000,1779273994.742398
approach2_run1,1310000,1779273994.828444
approach2_run1,1311000,1779273994.863403
approach2_run1,1312000,1779273994.948093
approach2_run1,1313000,1779273995.002103
approach2_run1,1314000,1779273995.087887
approach2_run1,1315000,1779273995.118963
approach2_run1,1316000,1779273995.203558
approach2_run1,1317000,1779273995.261354
approach2_run1,1318000,1779273995.348331
approach2_run1,1319000,1779273995.375074
approach2_run1,1320000,1779273995.459757
approach2_run1,1321000,1779273995.544242
approach2_run1,1322000,1779273995.606495
approach2_run1,1323000,1779273995.692505
approach2_run1,1324000,1779273995.715132
approach2_run1,1325000,1779273995.801473
approach2_run1,1326000,1779273995.865817
approach2_run1,1327000,1779273995.951722
approach2_run1,1328000,1779273995.970769
approach2_run1,1329000,1779273996.055600
approach2_run1,1330000,1779273996.126739
approach2_run1,1331000,1779273996.213120
approach2_run1,1332000,1779273996.226779
approach2_run1,1333000,1779273996.311528
approach2_run1,1334000,1779273996.391820
approach2_run1,1335000,1779273996.471870
approach2_run1,1336000,1779273996.484288
approach2_run1,1337000,1779273996.569178
approach2_run1,1338000,1779273996.645040
approach2_run1,1339000,1779273996.730969
approach2_run1,1340000,1779273996.738823
approach2_run1,1341000,1779273996.825263
approach2_run1,1342000,1779273996.909790
approach2_run1,1343000,1779273996.990394
approach2_run1,1344000,1779273997.074475
approach2_run1,1345000,1779273997.079279
approach2_run1,1346000,1779273997.165994
approach2_run1,1347000,1779273997.247862
approach2_run1,1348000,1779273997.333544
approach2_run1,1349000,1779273997.336646
approach2_run1,1350000,1779273997.421511
approach2_run1,1351000,1779273997.507480
approach2_run1,1352000,1779273997.592124
approach2_run1,1353000,1779273997.593808
approach2_run1,1354000,1779273997.680599
approach2_run1,1355000,1779273997.763346
approach2_run1,1356000,1779273997.847988
approach2_run1,1357000,1779273997.854392
approach2_run1,1358000,1779273997.940207
approach2_run1,1359000,1779273998.017561
approach2_run1,1360000,1779273998.102211
approach2_run1,1361000,1779273998.113551
approach2_run1,1362000,1779273998.201003
approach2_run1,1363000,1779273998.286888
approach2_run1,1364000,1779273998.359413
approach2_run1,1365000,1779273998.444025
approach2_run1,1366000,1779273998.460595
approach2_run1,1367000,1779273998.546399
approach2_run1,1368000,1779273998.615231
approach2_run1,1369000,1779273998.699797
approach2_run1,1370000,1779273998.719689
approach2_run1,1371000,1779273998.805804
approach2_run1,1372000,1779273998.870544
approach2_run1,1373000,1779273998.955510
approach2_run1,1374000,1779273998.996122
approach2_run1,1375000,1779273999.064728
approach2_run1,1376000,1779273999.126769
approach2_run1,1377000,1779273999.211475
approach2_run1,1378000,1779273999.255331
approach2_run1,1379000,1779273999.341210
approach2_run1,1380000,1779273999.382241
approach2_run1,1381000,1779273999.466822
approach2_run1,1382000,1779273999.514429
approach2_run1,1383000,1779273999.600427
approach2_run1,1384000,1779273999.700461
approach2_run1,1385000,1779273999.722806
approach2_run1,1386000,1779273999.807366
approach2_run1,1387000,1779273999.873729
approach2_run1,1388000,1779273999.959735
approach2_run1,1389000,1779273999.978136
approach2_run1,1390000,1779274000.062903
approach2_run1,1391000,1779274000.133020
approach2_run1,1392000,1779274000.218966
approach2_run1,1393000,1779274000.233661
approach2_run1,1394000,1779274000.318906
approach2_run1,1395000,1779274000.378375
approach2_run1,1396000,1779274000.464382
approach2_run1,1397000,1779274000.489044
approach2_run1,1398000,1779274000.573665
approach2_run1,1399000,1779274000.638381
approach2_run1,1400000,1779274000.724608
approach2_run1,1401000,1779274000.744489
approach2_run1,1402000,1779274000.829130
approach2_run1,1403000,1779274000.913608
approach2_run1,1404000,1779274000.998335
approach2_run1,1405000,1779274001.084198
approach2_run1,1406000,1779274001.085986
approach2_run1,1407000,1779274001.171629
approach2_run1,1408000,1779274001.256100
approach2_run1,1409000,1779274001.340515
approach2_run1,1410000,1779274001.343814
approach2_run1,1411000,1779274001.429672
approach2_run1,1412000,1779274001.512104
approach2_run1,1413000,1779274001.596825
approach2_run1,1414000,1779274001.603080
approach2_run1,1415000,1779274001.688933
approach2_run1,1416000,1779274001.767583
approach2_run1,1417000,1779274001.852239
approach2_run1,1418000,1779274001.865377
approach2_run1,1419000,1779274001.951457
approach2_run1,1420000,1779274002.023060
approach2_run1,1421000,1779274002.121564
approach2_run1,1422000,1779274002.145864
approach2_run1,1423000,1779274002.230805
approach2_run1,1424000,1779274002.315365
approach2_run1,1425000,1779274002.380678
approach2_run1,1426000,1779274002.466858
approach2_run1,1427000,1779274002.486105
approach2_run1,1428000,1779274002.571814
approach2_run1,1429000,1779274002.640399
approach2_run1,1430000,1779274002.726436
approach2_run1,1431000,1779274002.741730
approach2_run1,1432000,1779274002.826320
approach2_run1,1433000,1779274002.899801
approach2_run1,1434000,1779274002.988321
approach2_run1,1435000,1779274002.998327
approach2_run1,1436000,1779274003.082943
approach2_run1,1437000,1779274003.162202
approach2_run1,1438000,1779274003.248016
approach2_run1,1439000,1779274003.254260
approach2_run1,1440000,1779274003.339015
approach2_run1,1441000,1779274003.421747
approach2_run1,1442000,1779274003.507860
approach2_run1,1443000,1779274003.509832
approach2_run1,1444000,1779274003.595482
approach2_run1,1445000,1779274003.680200
approach2_run1,1446000,1779274003.764826
approach2_run1,1447000,1779274003.848095
approach2_run1,1448000,1779274003.853232
approach2_run1,1449000,1779274003.939137
approach2_run1,1450000,1779274004.018970
approach2_run1,1451000,1779274004.104961
approach2_run1,1452000,1779274004.112359
approach2_run1,1453000,1779274004.198188
approach2_run1,1454000,1779274004.275807
approach2_run1,1455000,1779274004.360370
approach2_run1,1456000,1779274004.371462
approach2_run1,1457000,1779274004.460160
approach2_run1,1458000,1779274004.531243
approach2_run1,1459000,1779274004.615790
approach2_run1,1460000,1779274004.633545
approach2_run1,1461000,1779274004.719673
approach2_run1,1462000,1779274004.807331
approach2_run1,1463000,1779274004.891709
approach2_run1,1464000,1779274004.893572
approach2_run1,1465000,1779274004.979357
approach2_run1,1466000,1779274005.065063
approach2_run1,1467000,1779274005.126745
approach2_run1,1468000,1779274005.211468
approach2_run1,1469000,1779274005.238420
approach2_run1,1470000,1779274005.324221
approach2_run1,1471000,1779274005.403156
approach2_run1,1472000,1779274005.487759
approach2_run1,1473000,1779274005.496713
approach2_run1,1474000,1779274005.582562
approach2_run1,1475000,1779274005.660800
approach2_run1,1476000,1779274005.743604
approach2_run1,1477000,1779274005.755952
approach2_run1,1478000,1779274005.844737
approach2_run1,1479000,1779274005.915937
approach2_run1,1480000,1779274006.000769
approach2_run1,1481000,1779274006.018055
approach2_run1,1482000,1779274006.103965
approach2_run1,1483000,1779274006.171588
approach2_run1,1484000,1779274006.256248
approach2_run1,1485000,1779274006.318250
approach2_run1,1486000,1779274006.364221
approach2_run1,1487000,1779274006.450209
approach2_run1,1488000,1779274006.510357
approach2_run1,1489000,1779274006.596820
approach2_run1,1490000,1779274006.663473
approach2_run1,1491000,1779274006.749313
approach2_run1,1492000,1779274006.767640
approach2_run1,1493000,1779274006.852881
approach2_run1,1494000,1779274006.923086
approach2_run1,1495000,1779274006.968398
approach2_run1,1496000,1779274007.024152
approach2_run1,1497000,1779274007.108883
approach2_run1,1498000,1779274007.141926
approach2_run1,1499000,1779274007.227999
approach2_run1,1500000,1779274007.307848
approach2_run1,1501000,1779274007.364548
approach2_run1,1502000,1779274007.445250
approach2_run1,1503000,1779274007.488073
approach2_run1,1504000,1779274007.535616
approach2_run1,1505000,1779274007.648128
approach2_run1,1506000,1779274007.704388
approach2_run1,1507000,1779274007.746438
approach2_run1,1508000,1779274007.832149
approach2_run1,1509000,1779274007.877801
approach2_run1,1510000,1779274007.962407
approach2_run1,1511000,1779274008.005574
approach2_run1,1512000,1779274008.091673
approach2_run1,1513000,1779274008.159952
approach2_run1,1514000,1779274008.244609
approach2_run1,1515000,1779274008.265065
approach2_run1,1516000,1779274008.351043
approach2_run1,1517000,1779274008.415364
approach2_run1,1518000,1779274008.500108
approach2_run1,1519000,1779274008.524027
approach2_run1,1520000,1779274008.610473
approach2_run1,1521000,1779274008.671113
approach2_run1,1522000,1779274008.756146
approach2_run1,1523000,1779274008.783633
approach2_run1,1524000,1779274008.869426
approach2_run1,1525000,1779274008.927145
approach2_run1,1526000,1779274009.011621
approach2_run1,1527000,1779274009.040620
approach2_run1,1528000,1779274009.128575
approach2_run1,1529000,1779274009.214294
approach2_run1,1530000,1779274009.267215
approach2_run1,1531000,1779274009.352244
approach2_run1,1532000,1779274009.387695
approach2_run1,1533000,1779274009.473619
approach2_run1,1534000,1779274009.497963
approach2_run1,1535000,1779274009.607866
approach2_run1,1536000,1779274009.646819
approach2_run1,1537000,1779274009.732786
approach2_run1,1538000,1779274009.779701
approach2_run1,1539000,1779274009.838287
approach2_run1,1540000,1779274009.906172
approach2_run1,1541000,1779274009.991911
approach2_run1,1542000,1779274010.036416
approach2_run1,1543000,1779274010.119476
approach2_run1,1544000,1779274010.163461
approach2_run1,1545000,1779274010.249432
approach2_run1,1546000,1779274010.290677
approach2_run1,1547000,1779274010.375079
approach2_run1,1548000,1779274010.422869
approach2_run1,1549000,1779274010.508616
approach2_run1,1550000,1779274010.594948
approach2_run1,1551000,1779274010.630883
approach2_run1,1552000,1779274010.715795
approach2_run1,1553000,1779274010.768215
approach2_run1,1554000,1779274010.854260
approach2_run1,1555000,1779274010.886697
approach2_run1,1556000,1779274010.945561
approach2_run1,1557000,1779274011.027712
approach2_run1,1558000,1779274011.102942
approach2_run1,1559000,1779274011.142325
approach2_run1,1560000,1779274011.227349
approach2_run1,1561000,1779274011.288416
approach2_run1,1562000,1779274011.373920
approach2_run1,1563000,1779274011.398159
approach2_run1,1564000,1779274011.483125
approach2_run1,1565000,1779274011.547175
approach2_run1,1566000,1779274011.633142
approach2_run1,1567000,1779274011.657427
approach2_run1,1568000,1779274011.742195
approach2_run1,1569000,1779274011.807310
approach2_run1,1570000,1779274011.892760
approach2_run1,1571000,1779274011.978191
approach2_run1,1572000,1779274011.994573
approach2_run1,1573000,1779274012.079304
approach2_run1,1574000,1779274012.151683
approach2_run1,1575000,1779274012.237617
approach2_run1,1576000,1779274012.250198
approach2_run1,1577000,1779274012.334922
approach2_run1,1578000,1779274012.411108
approach2_run1,1579000,1779274012.496866
approach2_run1,1580000,1779274012.509261
approach2_run1,1581000,1779274012.593970
approach2_run1,1582000,1779274012.671605
approach2_run1,1583000,1779274012.757320
approach2_run1,1584000,1779274012.764931
approach2_run1,1585000,1779274012.849563
approach2_run1,1586000,1779274012.930479
approach2_run1,1587000,1779274013.016434
approach2_run1,1588000,1779274013.020703
approach2_run1,1589000,1779274013.103218
approach2_run1,1590000,1779274013.187096
approach2_run1,1591000,1779274013.271718
approach2_run1,1592000,1779274013.356804
approach2_run1,1593000,1779274013.406088
approach2_run1,1594000,1779274013.447571
approach2_run1,1595000,1779274013.528145
approach2_run1,1596000,1779274013.612495
approach2_run1,1597000,1779274013.621599
approach2_run1,1598000,1779274013.707575
approach2_run1,1599000,1779274013.783237
approach2_run1,1600000,1779274013.868088
approach2_run1,1601000,1779274013.879449
approach2_run1,1602000,1779274013.967018
approach2_run1,1603000,1779274014.039856
approach2_run1,1604000,1779274014.123845
approach2_run1,1605000,1779274014.140059
approach2_run1,1606000,1779274014.225948
approach2_run1,1607000,1779274014.295076
approach2_run1,1608000,1779274014.379646
approach2_run1,1609000,1779274014.399194
approach2_run1,1610000,1779274014.485107
approach2_run1,1611000,1779274014.523857
approach2_run1,1612000,1779274014.608245
approach2_run1,1613000,1779274014.692752
approach2_run1,1614000,1779274014.744957
approach2_run1,1615000,1779274014.830706
approach2_run1,1616000,1779274014.863944
approach2_run1,1617000,1779274014.948647
approach2_run1,1618000,1779274015.004224
approach2_run1,1619000,1779274015.090184
approach2_run1,1620000,1779274015.119619
approach2_run1,1621000,1779274015.204452
approach2_run1,1622000,1779274015.264150
approach2_run1,1623000,1779274015.350846
approach2_run1,1624000,1779274015.361470
approach2_run1,1625000,1779274015.445441
approach2_run1,1626000,1779274015.529632
approach2_run1,1627000,1779274015.614516
approach2_run1,1628000,1779274015.697104
approach2_run1,1629000,1779274015.782048
approach2_run1,1630000,1779274015.824919
approach2_run1,1631000,1779274015.911108
approach2_run1,1632000,1779274015.958049
approach2_run1,1633000,1779274015.997503
approach2_run1,1634000,1779274016.085915
approach2_run1,1635000,1779274016.169777
approach2_run1,1636000,1779274016.212319
approach2_run1,1637000,1779274016.296181
approach2_run1,1638000,1779274016.345393
approach2_run1,1639000,1779274016.429752
approach2_run1,1640000,1779274016.514041
approach2_run1,1641000,1779274016.516582
approach2_run1,1642000,1779274016.602851
approach2_run1,1643000,1779274016.689131
approach2_run1,1644000,1779274016.724948
approach2_run1,1645000,1779274016.809468
approach2_run1,1646000,1779274016.864157
approach2_run1,1647000,1779274016.950293
approach2_run1,1648000,1779274017.036421
approach2_run1,1649000,1779274017.063169
approach2_run1,1650000,1779274017.143495
approach2_run1,1651000,1779274017.208862
approach2_run1,1652000,1779274017.277097
approach2_run1,1653000,1779274017.322341
approach2_run1,1654000,1779274017.382454
approach2_run1,1655000,1779274017.426879
approach2_run1,1656000,1779274017.512928
approach2_run1,1657000,1779274017.596889
approach2_run1,1658000,1779274017.660047
approach2_run1,1659000,1779274017.743054
approach2_run1,1660000,1779274017.793135
approach2_run1,1661000,1779274017.873358
approach2_run1,1662000,1779274017.924849
approach2_run1,1663000,1779274018.003829
approach2_run1,1664000,1779274018.072596
approach2_run1,1665000,1779274018.117824
approach2_run1,1666000,1779274018.203496
approach2_run1,1667000,1779274018.259311
approach2_run1,1668000,1779274018.289321
approach2_run1,1669000,1779274018.375412
approach2_run1,1670000,1779274018.452291
approach2_run1,1671000,1779274018.516170
approach2_run1,1672000,1779274018.597274
approach2_run1,1673000,1779274018.679621
approach2_run1,1674000,1779274018.729548
approach2_run1,1675000,1779274018.781970
approach2_run1,1676000,1779274018.852747
approach2_run1,1677000,1779274018.895096
approach2_run1,1678000,1779274018.981322
approach2_run1,1679000,1779274019.065476
approach2_run1,1680000,1779274019.109808
approach2_run1,1681000,1779274019.192315
approach2_run1,1682000,1779274019.275385
approach2_run1,1683000,1779274019.320618
approach2_run1,1684000,1779274019.375757
approach2_run1,1685000,1779274019.455886
approach2_run1,1686000,1779274019.502302
approach2_run1,1687000,1779274019.581274
approach2_run1,1688000,1779274019.622534
approach2_run1,1689000,1779274019.703584
approach2_run1,1690000,1779274019.787741
approach2_run1,1691000,1779274019.837079
approach2_run1,1692000,1779274019.906072
approach2_run1,1693000,1779274019.990697
approach2_run1,1694000,1779274020.061725
approach2_run1,1695000,1779274020.124330
approach2_run1,1696000,1779274020.189914
approach2_run1,1697000,1779274020.257257
approach2_run1,1698000,1779274020.325846
approach2_run1,1699000,1779274020.382091
approach2_run1,1700000,1779274020.449479
approach2_run1,1701000,1779274020.517494
approach2_run1,1702000,1779274020.595266
approach2_run1,1703000,1779274020.663177
approach2_run1,1704000,1779274020.709136
approach2_run1,1705000,1779274020.777210
approach2_run1,1706000,1779274020.855356
approach2_run1,1707000,1779274020.923770
approach2_run1,1708000,1779274020.968621
approach2_run1,1709000,1779274021.036884
approach2_run1,1710000,1779274021.113783
approach2_run1,1711000,1779274021.154059
approach2_run1,1712000,1779274021.228424
approach2_run1,1713000,1779274021.301139
approach2_run1,1714000,1779274021.374879
approach2_run1,1715000,1779274021.411209
approach2_run1,1716000,1779274021.488136
approach2_run1,1717000,1779274021.572896
approach2_run1,1718000,1779274021.633663
approach2_run1,1719000,1779274021.700973
approach2_run1,1720000,1779274021.747680
approach2_run1,1721000,1779274021.832991
approach2_run1,1722000,1779274021.893047
approach2_run1,1723000,1779274021.961550
approach2_run1,1724000,1779274022.007203
approach2_run1,1725000,1779274022.083492
approach2_run1,1726000,1779274022.158817
approach2_run1,1727000,1779274022.221613
approach2_run1,1728000,1779274022.305085
approach2_run1,1729000,1779274022.342733
approach2_run1,1730000,1779274022.424840
approach2_run1,1731000,1779274022.482827
approach2_run1,1732000,1779274022.565224
approach2_run1,1733000,1779274022.602141
approach2_run1,1734000,1779274022.682550
approach2_run1,1735000,1779274022.756603
approach2_run1,1736000,1779274022.825478
approach2_run1,1737000,1779274022.860823
approach2_run1,1738000,1779274022.939688
approach2_run1,1739000,1779274023.016226
approach2_run1,1740000,1779274023.085135
approach2_run1,1741000,1779274023.119950
approach2_run1,1742000,1779274023.199263
approach2_run1,1743000,1779274023.280990
approach2_run1,1744000,1779274023.366056
approach2_run1,1745000,1779274023.430936
approach2_run1,1746000,1779274023.456313
approach2_run1,1747000,1779274023.541644
approach2_run1,1748000,1779274023.622216
approach2_run1,1749000,1779274023.631707
approach2_run1,1750000,1779274023.733253
approach2_run1,1751000,1779274023.803057
approach2_run1,1752000,1779274023.874762
approach2_run1,1753000,1779274023.923991
approach2_run1,1754000,1779274023.969053
approach2_run1,1755000,1779274024.064423
approach2_run1,1756000,1779274024.135138
approach2_run1,1757000,1779274024.212798
approach2_run1,1758000,1779274024.236524
approach2_run1,1759000,1779274024.318961
approach2_run1,1760000,1779274024.388300
approach2_run1,1761000,1779274024.469332
approach2_run1,1762000,1779274024.516103
approach2_run1,1763000,1779274024.582913
approach2_run1,1764000,1779274024.646654
approach2_run1,1765000,1779274024.729082
approach2_run1,1766000,1779274024.810262
approach2_run1,1767000,1779274024.842200
approach2_run1,1768000,1779274024.902538
approach2_run1,1769000,1779274024.988041
approach2_run1,1770000,1779274025.065949
approach2_run1,1771000,1779274025.101300
approach2_run1,1772000,1779274025.161323
approach2_run1,1773000,1779274025.244294
approach2_run1,1774000,1779274025.327593
approach2_run1,1775000,1779274025.374798
approach2_run1,1776000,1779274025.446830
approach2_run1,1777000,1779274025.508231
approach2_run1,1778000,1779274025.589040
approach2_run1,1779000,1779274025.630847
approach2_run1,1780000,1779274025.709663
approach2_run1,1781000,1779274025.794069
approach2_run1,1782000,1779274025.879003
approach2_run1,1783000,1779274025.966011
approach2_run1,1784000,1779274026.041767
approach2_run1,1785000,1779274026.127935
approach2_run1,1786000,1779274026.176944
approach2_run1,1787000,1779274026.261798
approach2_run1,1788000,1779274026.326607
approach2_run1,1789000,1779274026.394472
approach2_run1,1790000,1779274026.438152
approach2_run1,1791000,1779274026.522768
approach2_run1,1792000,1779274026.607493
approach2_run1,1793000,1779274026.654659
approach2_run1,1794000,1779274026.713717
approach2_run1,1795000,1779274026.779299
approach2_run1,1796000,1779274026.863756
approach2_run1,1797000,1779274026.917424
approach2_run1,1798000,1779274026.976702
approach2_run1,1799000,1779274027.034552
approach2_run1,1800000,1779274027.119381
approach2_run1,1801000,1779274027.178187
approach2_run1,1802000,1779274027.249409
approach2_run1,1803000,1779274027.291474
approach2_run1,1804000,1779274027.375955
approach2_run1,1805000,1779274027.437890
approach2_run1,1806000,1779274027.524769
approach2_run1,1807000,1779274027.608690
approach2_run1,1808000,1779274027.694448
approach2_run1,1809000,1779274027.769712
approach2_run1,1810000,1779274027.843094
approach2_run1,1811000,1779274027.929801
approach2_run1,1812000,1779274027.971543
approach2_run1,1813000,1779274028.056607
approach2_run1,1814000,1779274028.141670
approach2_run1,1815000,1779274028.227048
approach2_run1,1816000,1779274028.312092
approach2_run1,1817000,1779274028.398074
approach2_run1,1818000,1779274028.483024
approach2_run1,1819000,1779274028.567133
approach2_run1,1820000,1779274028.653481
approach2_run1,1821000,1779274028.738980
approach2_run1,1822000,1779274028.824654
approach2_run1,1823000,1779274028.910418
approach2_run1,1824000,1779274028.916826
approach2_run1,1825000,1779274029.002144
approach2_run1,1826000,1779274029.080810
approach2_run1,1827000,1779274029.175371
approach2_run1,1828000,1779274029.261375
approach2_run1,1829000,1779274029.290629
approach2_run1,1830000,1779274029.375558
approach2_run1,1831000,1779274029.434887
approach2_run1,1832000,1779274029.521082
approach2_run1,1833000,1779274029.546710
approach2_run1,1834000,1779274029.631351
approach2_run1,1835000,1779274029.694598
approach2_run1,1836000,1779274029.781094
approach2_run1,1837000,1779274029.802420
approach2_run1,1838000,1779274029.887718
approach2_run1,1839000,1779274029.955040
approach2_run1,1840000,1779274030.041008
approach2_run1,1841000,1779274030.059127
approach2_run1,1842000,1779274030.143762
approach2_run1,1843000,1779274030.214847
approach2_run1,1844000,1779274030.300738
approach2_run1,1845000,1779274030.314979
approach2_run1,1846000,1779274030.399799
approach2_run1,1847000,1779274030.474880
approach2_run1,1848000,1779274030.560932
approach2_run1,1849000,1779274030.570961
approach2_run1,1850000,1779274030.655428
approach2_run1,1851000,1779274030.776228
approach2_run1,1852000,1779274030.826028
approach2_run1,1853000,1779274030.910644
approach2_run1,1854000,1779274030.949565
approach2_run1,1855000,1779274031.035631
approach2_run1,1856000,1779274031.080966
approach2_run1,1857000,1779274031.165773
approach2_run1,1858000,1779274031.214057
approach2_run1,1859000,1779274031.299995
approach2_run1,1860000,1779274031.336677
approach2_run1,1861000,1779274031.421641
approach2_run1,1862000,1779274031.473485
approach2_run1,1863000,1779274031.556145
approach2_run1,1864000,1779274031.592815
approach2_run1,1865000,1779274031.679623
approach2_run1,1866000,1779274031.729631
approach2_run1,1867000,1779274031.815610
approach2_run1,1868000,1779274031.850573
approach2_run1,1869000,1779274031.933112
approach2_run1,1870000,1779274031.989192
approach2_run1,1871000,1779274032.075163
approach2_run1,1872000,1779274032.104229
approach2_run1,1873000,1779274032.188996
approach2_run1,1874000,1779274032.273741
approach2_run1,1875000,1779274032.291536
approach2_run1,1876000,1779274032.377384
approach2_run1,1877000,1779274032.445107
approach2_run1,1878000,1779274032.529587
approach2_run1,1879000,1779274032.593311
approach2_run1,1880000,1779274032.679203
approach2_run1,1881000,1779274032.700379
approach2_run1,1882000,1779274032.785051
approach2_run1,1883000,1779274032.810119
approach2_run1,1884000,1779274032.896042
approach2_run1,1885000,1779274032.955971
approach2_run1,1886000,1779274033.040655
approach2_run1,1887000,1779274033.112298
approach2_run1,1888000,1779274033.201313
approach2_run1,1889000,1779274033.211907
approach2_run1,1890000,1779274033.296805
approach2_run1,1891000,1779274033.378996
approach2_run1,1892000,1779274033.464726
approach2_run1,1893000,1779274033.467414
approach2_run1,1894000,1779274033.552557
approach2_run1,1895000,1779274033.638330
approach2_run1,1896000,1779274033.722785
approach2_run1,1897000,1779274033.807300
approach2_run1,1898000,1779274033.810251
approach2_run1,1899000,1779274033.893290
approach2_run1,1900000,1779274033.978967
approach2_run1,1901000,1779274034.060912
approach2_run1,1902000,1779274034.065306
approach2_run1,1903000,1779274034.149953
approach2_run1,1904000,1779274034.234216
approach2_run1,1905000,1779274034.318575
approach2_run1,1906000,1779274034.320648
approach2_run1,1907000,1779274034.406553
approach2_run1,1908000,1779274034.489904
approach2_run1,1909000,1779274034.575846
approach2_run1,1910000,1779274034.584490
approach2_run1,1911000,1779274034.667035
approach2_run1,1912000,1779274034.746797
approach2_run1,1913000,1779274034.831430
approach2_run1,1914000,1779274034.840252
approach2_run1,1915000,1779274034.926166
approach2_run1,1916000,1779274035.002473
approach2_run1,1917000,1779274035.087036
approach2_run1,1918000,1779274035.171629
approach2_run1,1919000,1779274035.185278
approach2_run1,1920000,1779274035.271219
approach2_run1,1921000,1779274035.342605
approach2_run1,1922000,1779274035.427201
approach2_run1,1923000,1779274035.448135
approach2_run1,1924000,1779274035.530797
approach2_run1,1925000,1779274035.598145
approach2_run1,1926000,1779274035.682897
approach2_run1,1927000,1779274035.704156
approach2_run1,1928000,1779274035.790874
approach2_run1,1929000,1779274035.854396
approach2_run1,1930000,1779274035.938572
approach2_run1,1931000,1779274035.967099
approach2_run1,1932000,1779274036.052372
approach2_run1,1933000,1779274036.109231
approach2_run1,1934000,1779274036.193838
approach2_run1,1935000,1779274036.225625
approach2_run1,1936000,1779274036.315555
approach2_run1,1937000,1779274036.364682
approach2_run1,1938000,1779274036.449350
approach2_run1,1939000,1779274036.489130
approach2_run1,1940000,1779274036.571614
approach2_run1,1941000,1779274036.657310
approach2_run1,1942000,1779274036.704823
approach2_run1,1943000,1779274036.790114
approach2_run1,1944000,1779274036.830685
approach2_run1,1945000,1779274036.916650
approach2_run1,1946000,1779274036.960877
approach2_run1,1947000,1779274037.045948
approach2_run1,1948000,1779274037.089869
approach2_run1,1949000,1779274037.175864
approach2_run1,1950000,1779274037.217190
approach2_run1,1951000,1779274037.301638
approach2_run1,1952000,1779274037.348903
approach2_run1,1953000,1779274037.431886
approach2_run1,1954000,1779274037.474240
approach2_run1,1955000,1779274037.558912
approach2_run1,1956000,1779274037.605259
approach2_run1,1957000,1779274037.691214
approach2_run1,1958000,1779274037.730406
approach2_run1,1959000,1779274037.813258
approach2_run1,1960000,1779274037.833989
approach2_run1,1961000,1779274037.950413
approach2_run1,1962000,1779274037.984270
approach2_run1,1963000,1779274038.068910
approach2_run1,1964000,1779274038.155125
approach2_run1,1965000,1779274038.209694
approach2_run1,1966000,1779274038.295590
approach2_run1,1967000,1779274038.324261
approach2_run1,1968000,1779274038.408972
approach2_run1,1969000,1779274038.469371
approach2_run1,1970000,1779274038.555135
approach2_run1,1971000,1779274038.579771
approach2_run1,1972000,1779274038.664379
approach2_run1,1973000,1779274038.728888
approach2_run1,1974000,1779274038.815195
approach2_run1,1975000,1779274038.833428
approach2_run1,1976000,1779274038.920414
approach2_run1,1977000,1779274038.987690
approach2_run1,1978000,1779274039.073797
approach2_run1,1979000,1779274039.091500
approach2_run1,1980000,1779274039.174028
approach2_run1,1981000,1779274039.247092
approach2_run1,1982000,1779274039.333026
approach2_run1,1983000,1779274039.347435
approach2_run1,1984000,1779274039.432474
approach2_run1,1985000,1779274039.517036
approach2_run1,1986000,1779274039.594792
approach2_run1,1987000,1779274039.681022
approach2_run1,1988000,1779274039.688026
approach2_run1,1989000,1779274039.772622
approach2_run1,1990000,1779274039.854332
approach2_run1,1991000,1779274039.940328
approach2_run1,1992000,1779274039.942034
approach2_run1,1993000,1779274040.028149
approach2_run1,1994000,1779274040.112056
approach2_run1,1995000,1779274040.198380
approach2_run1,1996000,1779274040.200069
approach2_run1,1997000,1779274040.285511
approach2_run1,1998000,1779274040.369112
approach2_run1,1999000,1779274040.453768
approach2_run1,2000000,1779274040.458941
approach2_run1,2001000,1779274040.544710
approach2_run1,2002000,1779274040.623606
approach2_run1,2003000,1779274040.709126
approach2_run1,2004000,1779274040.718876
approach2_run1,2005000,1779274040.807488
approach2_run1,2006000,1779274040.879951
approach2_run1,2007000,1779274040.965046
approach2_run1,2008000,1779274041.048779
approach2_run1,2009000,1779274041.062912
approach2_run1,2010000,1779274041.152559
approach2_run1,2011000,1779274041.220803
approach2_run1,2012000,1779274041.305377
approach2_run1,2013000,1779274041.325915
approach2_run1,2014000,1779274041.411854
approach2_run1,2015000,1779274041.476465
approach2_run1,2016000,1779274041.561581
approach2_run1,2017000,1779274041.585481
approach2_run1,2018000,1779274041.671399
approach2_run1,2019000,1779274041.732403
approach2_run1,2020000,1779274041.819224
approach2_run1,2021000,1779274041.844754
approach2_run1,2022000,1779274041.941446
approach2_run1,2023000,1779274041.987700
approach2_run1,2024000,1779274042.075259
approach2_run1,2025000,1779274042.114960
approach2_run1,2026000,1779274042.189966
approach2_run1,2027000,1779274042.277036
approach2_run1,2028000,1779274042.330860
approach2_run1,2029000,1779274042.447310
approach2_run1,2030000,1779274042.449274
approach2_run1,2031000,1779274042.546889
approach2_run1,2032000,1779274042.586074
approach2_run1,2033000,1779274042.671056
approach2_run1,2034000,1779274042.708419
approach2_run1,2035000,1779274042.794347
approach2_run1,2036000,1779274042.841741
approach2_run1,2037000,1779274042.924338
approach2_run1,2038000,1779274042.967510
approach2_run1,2039000,1779274043.053443
approach2_run1,2040000,1779274043.097282
approach2_run1,2041000,1779274043.182056
approach2_run1,2042000,1779274043.239213
approach2_run1,2043000,1779274043.324997
approach2_run1,2044000,1779274043.351067
approach2_run1,2045000,1779274043.469803
approach2_run1,2046000,1779274043.485852
approach2_run1,2047000,1779274043.571745
approach2_run1,2048000,1779274043.640719
approach2_run1,2049000,1779274043.693460
approach2_run1,2050000,1779274043.757493
approach2_run1,2051000,1779274043.843331
approach2_run1,2052000,1779274043.929131
approach2_run1,2053000,1779274043.981551
approach2_run1,2054000,1779274044.033541
approach2_run1,2055000,1779274044.102823
approach2_run1,2056000,1779274044.188637
approach2_run1,2057000,1779274044.204547
approach2_run1,2058000,1779274044.289161
approach2_run1,2059000,1779274044.362072
approach2_run1,2060000,1779274044.447865
approach2_run1,2061000,1779274044.493016
approach2_run1,2062000,1779274044.577669
approach2_run1,2063000,1779274044.621226
approach2_run1,2064000,1779274044.707048
approach2_run1,2065000,1779274044.750787
approach2_run1,2066000,1779274044.833277
approach2_run1,2067000,1779274044.867731
approach2_run1,2068000,1779274044.953381
approach2_run1,2069000,1779274045.006437
approach2_run1,2070000,1779274045.089466
approach2_run1,2071000,1779274045.127657
approach2_run1,2072000,1779274045.225576
approach2_run1,2073000,1779274045.260366
approach2_run1,2074000,1779274045.345027
approach2_run1,2075000,1779274045.429509
approach2_run1,2076000,1779274045.503945
approach2_run1,2077000,1779274045.589823
approach2_run1,2078000,1779274045.602104
approach2_run1,2079000,1779274045.686631
approach2_run1,2080000,1779274045.763119
approach2_run1,2081000,1779274045.848871
approach2_run1,2082000,1779274045.864896
approach2_run1,2083000,1779274045.941900
approach2_run1,2084000,1779274046.022209
approach2_run1,2085000,1779274046.089476
approach2_run1,2086000,1779274046.112877
approach2_run1,2087000,1779274046.197423
approach2_run1,2088000,1779274046.282086
approach2_run1,2089000,1779274046.368590
approach2_run1,2090000,1779274046.370145
approach2_run1,2091000,1779274046.453088
approach2_run1,2092000,1779274046.522216
approach2_run1,2093000,1779274046.608147
approach2_run1,2094000,1779274046.624325
approach2_run1,2095000,1779274046.709007
approach2_run1,2096000,1779274046.799724
approach2_run1,2097000,1779274046.879984
approach2_run1,2098000,1779274046.953067
approach2_run1,2099000,1779274046.964848
approach2_run1,2100000,1779274047.049585
approach2_run1,2101000,1779274047.135259
approach2_run1,2102000,1779274047.220300
approach2_run1,2103000,1779274047.232241
approach2_run1,2104000,1779274047.318184
approach2_run1,2105000,1779274047.389503
approach2_run1,2106000,1779274047.471708
approach2_run1,2107000,1779274047.474347
approach2_run1,2108000,1779274047.577638
approach2_run1,2109000,1779274047.645685
approach2_run1,2110000,1779274047.730051
approach2_run1,2111000,1779274047.731744
approach2_run1,2112000,1779274047.817307
approach2_run1,2113000,1779274047.901364
approach2_run1,2114000,1779274047.987123
approach2_run1,2115000,1779274047.991548
approach2_run1,2116000,1779274048.077500
approach2_run1,2117000,1779274048.157877
approach2_run1,2118000,1779274048.241969
approach2_run1,2119000,1779274048.327206
approach2_run1,2120000,1779274048.336874
approach2_run1,2121000,1779274048.422725
approach2_run1,2122000,1779274048.497674
approach2_run1,2123000,1779274048.582523
approach2_run1,2124000,1779274048.596038
approach2_run1,2125000,1779274048.681842
approach2_run1,2126000,1779274048.761521
approach2_run1,2127000,1779274048.846132
approach2_run1,2128000,1779274048.855303
approach2_run1,2129000,1779274048.941024
approach2_run1,2130000,1779274049.009453
approach2_run1,2131000,1779274049.094352
approach2_run1,2132000,1779274049.109964
approach2_run1,2133000,1779274049.200290
approach2_run1,2134000,1779274049.265538
approach2_run1,2135000,1779274049.350517
approach2_run1,2136000,1779274049.373666
approach2_run1,2137000,1779274049.459811
approach2_run1,2138000,1779274049.521112
approach2_run1,2139000,1779274049.605932
approach2_run1,2140000,1779274049.633067
approach2_run1,2141000,1779274049.719288
approach2_run1,2142000,1779274049.831459
approach2_run1,2143000,1779274049.835615
approach2_run1,2144000,1779274049.946702
approach2_run1,2145000,1779274050.004864
approach2_run1,2146000,1779274050.090894
approach2_run1,2147000,1779274050.117518
approach2_run1,2148000,1779274050.202137
approach2_run1,2149000,1779274050.264110
approach2_run1,2150000,1779274050.350011
approach2_run1,2151000,1779274050.373529
approach2_run1,2152000,1779274050.466255
approach2_run1,2153000,1779274050.525628
approach2_run1,2154000,1779274050.609262
approach2_run1,2155000,1779274050.628964
approach2_run1,2156000,1779274050.713601
approach2_run1,2157000,1779274050.782563
approach2_run1,2158000,1779274050.868560
approach2_run1,2159000,1779274050.892522
approach2_run1,2160000,1779274050.977068
approach2_run1,2161000,1779274051.041870
approach2_run1,2162000,1779274051.130058
approach2_run1,2163000,1779274051.215852
approach2_run1,2164000,1779274051.224740
approach2_run1,2165000,1779274051.309393
approach2_run1,2166000,1779274051.389290
approach2_run1,2167000,1779274051.477213
approach2_run1,2168000,1779274051.480240
approach2_run1,2169000,1779274051.564922
approach2_run1,2170000,1779274051.648614
approach2_run1,2171000,1779274051.734478
approach2_run1,2172000,1779274051.736197
approach2_run1,2173000,1779274051.828481
approach2_run1,2174000,1779274051.908003
approach2_run1,2175000,1779274051.994217
approach2_run1,2176000,1779274051.999326
approach2_run1,2177000,1779274052.084095
approach2_run1,2178000,1779274052.169406
approach2_run1,2179000,1779274052.254550
approach2_run1,2180000,1779274052.256242
approach2_run1,2181000,1779274052.341822
approach2_run1,2182000,1779274052.425444
approach2_run1,2183000,1779274052.510014
approach2_run1,2184000,1779274052.515379
approach2_run1,2185000,1779274052.599222
approach2_run1,2186000,1779274052.685044
approach2_run1,2187000,1779274052.758040
approach2_run1,2188000,1779274052.850245
approach2_run1,2189000,1779274052.858464
approach2_run1,2190000,1779274052.944395
approach2_run1,2191000,1779274053.021096
approach2_run1,2192000,1779274053.105901
approach2_run1,2193000,1779274053.117830
approach2_run1,2194000,1779274053.203630
approach2_run1,2195000,1779274053.270128
approach2_run1,2196000,1779274053.361367
approach2_run1,2197000,1779274053.377033
approach2_run1,2198000,1779274053.465295
approach2_run1,2199000,1779274053.526259
approach2_run1,2200000,1779274053.610361
approach2_run1,2201000,1779274053.638464
approach2_run1,2202000,1779274053.724271
approach2_run1,2203000,1779274053.789215
approach2_run1,2204000,1779274053.874138
approach2_run1,2205000,1779274053.898752
approach2_run1,2206000,1779274053.981983
approach2_run1,2207000,1779274054.043599
approach2_run1,2208000,1779274054.128046
approach2_run1,2209000,1779274054.212548
approach2_run1,2210000,1779274054.241258
approach2_run1,2211000,1779274054.327129
approach2_run1,2212000,1779274054.383645
approach2_run1,2213000,1779274054.468182
approach2_run1,2214000,1779274054.500302
approach2_run1,2215000,1779274054.586247
approach2_run1,2216000,1779274054.640783
approach2_run1,2217000,1779274054.725322
approach2_run1,2218000,1779274054.762244
approach2_run1,2219000,1779274054.845335
approach2_run1,2220000,1779274054.896671
approach2_run1,2221000,1779274054.981346
approach2_run1,2222000,1779274055.022364
approach2_run1,2223000,1779274055.108397
approach2_run1,2224000,1779274055.155983
approach2_run1,2225000,1779274055.237145
approach2_run1,2226000,1779274055.281699
approach2_run1,2227000,1779274055.367638
approach2_run1,2228000,1779274055.408092
approach2_run1,2229000,1779274055.492600
approach2_run1,2230000,1779274055.536583
approach2_run1,2231000,1779274055.622458
approach2_run1,2232000,1779274055.708232
approach2_run1,2233000,1779274055.745959
approach2_run1,2234000,1779274055.830570
approach2_run1,2235000,1779274055.881667
approach2_run1,2236000,1779274055.967545
approach2_run1,2237000,1779274056.001767
approach2_run1,2238000,1779274056.086145
approach2_run1,2239000,1779274056.145101
approach2_run1,2240000,1779274056.230917
approach2_run1,2241000,1779274056.257034
approach2_run1,2242000,1779274056.338556
approach2_run1,2243000,1779274056.404236
approach2_run1,2244000,1779274056.490096
approach2_run1,2245000,1779274056.512484
approach2_run1,2246000,1779274056.597195
approach2_run1,2247000,1779274056.665153
approach2_run1,2248000,1779274056.751417
approach2_run1,2249000,1779274056.768088
approach2_run1,2250000,1779274056.854827
approach2_run1,2251000,1779274056.925143
approach2_run1,2252000,1779274057.011109
approach2_run1,2253000,1779274057.023596
approach2_run1,2254000,1779274057.108367
approach2_run1,2255000,1779274057.192974
approach2_run1,2256000,1779274057.270179
approach2_run1,2257000,1779274057.353682
approach2_run1,2258000,1779274057.363940
approach2_run1,2259000,1779274057.448590
approach2_run1,2260000,1779274057.527582
approach2_run1,2261000,1779274057.609222
approach2_run1,2262000,1779274057.617777
approach2_run1,2263000,1779274057.704328
approach2_run1,2264000,1779274057.787126
approach2_run1,2265000,1779274057.873109
approach2_run1,2266000,1779274057.875020
approach2_run1,2267000,1779274057.963007
approach2_run1,2268000,1779274058.046461
approach2_run1,2269000,1779274058.132234
approach2_run1,2270000,1779274058.140029
approach2_run1,2271000,1779274058.224772
approach2_run1,2272000,1779274058.305524
approach2_run1,2273000,1779274058.391259
approach2_run1,2274000,1779274058.395707
approach2_run1,2275000,1779274058.480606
approach2_run1,2276000,1779274058.565156
approach2_run1,2277000,1779274058.651067
approach2_run1,2278000,1779274058.736697
approach2_run1,2279000,1779274058.767493
approach2_run1,2280000,1779274058.852239
approach2_run1,2281000,1779274058.910028
approach2_run1,2282000,1779274058.996198
approach2_run1,2283000,1779274059.023551
approach2_run1,2284000,1779274059.108522
approach2_run1,2285000,1779274059.169778
approach2_run1,2286000,1779274059.255756
approach2_run1,2287000,1779274059.279787
approach2_run1,2288000,1779274059.364767
approach2_run1,2289000,1779274059.429082
approach2_run1,2290000,1779274059.514869
approach2_run1,2291000,1779274059.535956
approach2_run1,2292000,1779274059.620616
approach2_run1,2293000,1779274059.688142
approach2_run1,2294000,1779274059.773986
approach2_run1,2295000,1779274059.791400
approach2_run1,2296000,1779274059.876015
approach2_run1,2297000,1779274059.947082
approach2_run1,2298000,1779274060.033044
approach2_run1,2299000,1779274060.118818
approach2_run1,2300000,1779274060.131852
approach2_run1,2301000,1779274060.216370
approach2_run1,2302000,1779274060.292055
approach2_run1,2303000,1779274060.378403
approach2_run1,2304000,1779274060.387466
approach2_run1,2305000,1779274060.471349
approach2_run1,2306000,1779274060.552084
approach2_run1,2307000,1779274060.637996
approach2_run1,2308000,1779274060.643650
approach2_run1,2309000,1779274060.728232
approach2_run1,2310000,1779274060.811306
approach2_run1,2311000,1779274060.897246
approach2_run1,2312000,1779274060.899467
approach2_run1,2313000,1779274060.984279
approach2_run1,2314000,1779274061.075307
approach2_run1,2315000,1779274061.154985
approach2_run1,2316000,1779274061.156675
approach2_run1,2317000,1779274061.244943
approach2_run1,2318000,1779274061.330017
approach2_run1,2319000,1779274061.409870
approach2_run1,2320000,1779274061.494352
approach2_run1,2321000,1779274061.501846
approach2_run1,2322000,1779274061.587601
approach2_run1,2323000,1779274061.665381
approach2_run1,2324000,1779274061.749901
approach2_run1,2325000,1779274061.760850
approach2_run1,2326000,1779274061.846641
approach2_run1,2327000,1779274061.919785
approach2_run1,2328000,1779274062.004506
approach2_run1,2329000,1779274062.019833
approach2_run1,2330000,1779274062.105796
approach2_run1,2331000,1779274062.176504
approach2_run1,2332000,1779274062.261207
approach2_run1,2333000,1779274062.291814
approach2_run1,2334000,1779274062.381221
approach2_run1,2335000,1779274062.430826
approach2_run1,2336000,1779274062.515593
approach2_run1,2337000,1779274062.554837
approach2_run1,2338000,1779274062.641122
approach2_run1,2339000,1779274062.686383
approach2_run1,2340000,1779274062.771119
approach2_run1,2341000,1779274062.851104
approach2_run1,2342000,1779274062.938173
approach2_run1,2343000,1779274063.022938
approach2_run1,2344000,1779274063.027861
approach2_run1,2345000,1779274063.112674
approach2_run1,2346000,1779274063.196439
approach2_run1,2347000,1779274063.282260
approach2_run1,2348000,1779274063.283956
approach2_run1,2349000,1779274063.369510
approach2_run1,2350000,1779274063.453277
approach2_run1,2351000,1779274063.538057
approach2_run1,2352000,1779274063.542660
approach2_run1,2353000,1779274063.628765
approach2_run1,2354000,1779274063.709101
approach2_run1,2355000,1779274063.794914
approach2_run1,2356000,1779274063.801903
approach2_run1,2357000,1779274063.886597
approach2_run1,2358000,1779274063.966315
approach2_run1,2359000,1779274064.051204
approach2_run1,2360000,1779274064.060962
approach2_run1,2361000,1779274064.136479
approach2_run1,2362000,1779274064.222474
approach2_run1,2363000,1779274064.283869
approach2_run1,2364000,1779274064.312397
approach2_run1,2365000,1779274064.396975
approach2_run1,2366000,1779274064.481555
approach2_run1,2367000,1779274064.543135
approach2_run1,2368000,1779274064.629028
approach2_run1,2369000,1779274064.683960
approach2_run1,2370000,1779274064.739637
approach2_run1,2371000,1779274064.786644
approach2_run1,2372000,1779274064.872626
approach2_run1,2373000,1779274064.910440
approach2_run1,2374000,1779274064.995134
approach2_run1,2375000,1779274065.046248
approach2_run1,2376000,1779274065.132419
approach2_run1,2377000,1779274065.195121
approach2_run1,2378000,1779274065.280348
approach2_run1,2379000,1779274065.305992
approach2_run1,2380000,1779274065.392175
approach2_run1,2381000,1779274065.452052
approach2_run1,2382000,1779274065.536807
approach2_run1,2383000,1779274065.582387
approach2_run1,2384000,1779274065.668340
approach2_run1,2385000,1779274065.707785
approach2_run1,2386000,1779274065.792408
approach2_run1,2387000,1779274065.876912
approach2_run1,2388000,1779274065.927761
approach2_run1,2389000,1779274066.047571
approach2_run1,2390000,1779274066.049227
approach2_run1,2391000,1779274066.132530
approach2_run1,2392000,1779274066.189433
approach2_run1,2393000,1779274066.303545
approach2_run1,2394000,1779274066.307518
approach2_run1,2395000,1779274066.393325
approach2_run1,2396000,1779274066.474416
approach2_run1,2397000,1779274066.559143
approach2_run1,2398000,1779274066.567356
approach2_run1,2399000,1779274066.653220
approach2_run1,2400000,1779274066.734889
approach2_run1,2401000,1779274066.820105
approach2_run1,2402000,1779274066.835346
approach2_run1,2403000,1779274066.911812
approach2_run1,2404000,1779274066.985826
approach2_run1,2405000,1779274067.075977
approach2_run1,2406000,1779274067.085236
approach2_run1,2407000,1779274067.161158
approach2_run1,2408000,1779274067.224509
approach2_run1,2409000,1779274067.310521
approach2_run1,2410000,1779274067.396654
approach2_run1,2411000,1779274067.419430
approach2_run1,2412000,1779274067.501268
approach2_run1,2413000,1779274067.570003
approach2_run1,2414000,1779274067.655766
approach2_run1,2415000,1779274067.672162
approach2_run1,2416000,1779274067.756841
approach2_run1,2417000,1779274067.838717
approach2_run1,2418000,1779274067.923382
approach2_run1,2419000,1779274067.957912
approach2_run1,2420000,1779274068.043734
approach2_run1,2421000,1779274068.097940
approach2_run1,2422000,1779274068.182736
approach2_run1,2423000,1779274068.209238
approach2_run1,2424000,1779274068.295099
approach2_run1,2425000,1779274068.353584
approach2_run1,2426000,1779274068.438582
approach2_run1,2427000,1779274068.468439
approach2_run1,2428000,1779274068.554274
approach2_run1,2429000,1779274068.605421
approach2_run1,2430000,1779274068.690078
approach2_run1,2431000,1779274068.728149
approach2_run1,2432000,1779274068.814059
approach2_run1,2433000,1779274068.899831
approach2_run1,2434000,1779274068.950258
approach2_run1,2435000,1779274069.034792
approach2_run1,2436000,1779274069.073620
approach2_run1,2437000,1779274069.159933
approach2_run1,2438000,1779274069.205671
approach2_run1,2439000,1779274069.290607
approach2_run1,2440000,1779274069.333636
approach2_run1,2441000,1779274069.419655
approach2_run1,2442000,1779274069.466017
approach2_run1,2443000,1779274069.550848
approach2_run1,2444000,1779274069.600371
approach2_run1,2445000,1779274069.686169
approach2_run1,2446000,1779274069.717133
approach2_run1,2447000,1779274069.802070
approach2_run1,2448000,1779274069.859519
approach2_run1,2449000,1779274069.945399
approach2_run1,2450000,1779274069.972947
approach2_run1,2451000,1779274070.057950
approach2_run1,2452000,1779274070.121012
approach2_run1,2453000,1779274070.206799
approach2_run1,2454000,1779274070.290588
approach2_run1,2455000,1779274070.317284
approach2_run1,2456000,1779274070.402062
approach2_run1,2457000,1779274070.464221
approach2_run1,2458000,1779274070.550047
approach2_run1,2459000,1779274070.573083
approach2_run1,2460000,1779274070.657859
approach2_run1,2461000,1779274070.723221
approach2_run1,2462000,1779274070.809111
approach2_run1,2463000,1779274070.828934
approach2_run1,2464000,1779274070.913403
approach2_run1,2465000,1779274070.982345
approach2_run1,2466000,1779274071.068370
approach2_run1,2467000,1779274071.084254
approach2_run1,2468000,1779274071.174824
approach2_run1,2469000,1779274071.241586
approach2_run1,2470000,1779274071.327420
approach2_run1,2471000,1779274071.345701
approach2_run1,2472000,1779274071.430626
approach2_run1,2473000,1779274071.494088
approach2_run1,2474000,1779274071.580106
approach2_run1,2475000,1779274071.602947
approach2_run1,2476000,1779274071.687586
approach2_run1,2477000,1779274071.772604
approach2_run1,2478000,1779274071.839516
approach2_run1,2479000,1779274071.925282
approach2_run1,2480000,1779274071.931312
approach2_run1,2481000,1779274072.016245
approach2_run1,2482000,1779274072.098717
approach2_run1,2483000,1779274072.184675
approach2_run1,2484000,1779274072.187193
approach2_run1,2485000,1779274072.283824
approach2_run1,2486000,1779274072.357943
approach2_run1,2487000,1779274072.450554
approach2_run1,2488000,1779274072.455478
approach2_run1,2489000,1779274072.540306
approach2_run1,2490000,1779274072.617387
approach2_run1,2491000,1779274072.703890
approach2_run1,2492000,1779274072.713457
approach2_run1,2493000,1779274072.797079
approach2_run1,2494000,1779274072.881678
approach2_run1,2495000,1779274072.966273
approach2_run1,2496000,1779274072.969757
approach2_run1,2497000,1779274073.055700
approach2_run1,2498000,1779274073.141708
approach2_run1,2499000,1779274073.222142
approach2_run1,2500000,1779274073.306652
approach2_run1,2501000,1779274073.315236
approach2_run1,2502000,1779274073.401461
approach2_run1,2503000,1779274073.480264
approach2_run1,2504000,1779274073.565020
approach2_run1,2505000,1779274073.569400
approach2_run1,2506000,1779274073.655672
approach2_run1,2507000,1779274073.733117
approach2_run1,2508000,1779274073.817749
approach2_run1,2509000,1779274073.828969
approach2_run1,2510000,1779274073.915084
approach2_run1,2511000,1779274073.991366
approach2_run1,2512000,1779274074.076043
approach2_run1,2513000,1779274074.088511
approach2_run1,2514000,1779274074.180346
approach2_run1,2515000,1779274074.247234
approach2_run1,2516000,1779274074.332170
approach2_run1,2517000,1779274074.376312
approach2_run1,2518000,1779274074.462041
approach2_run1,2519000,1779274074.503186
approach2_run1,2520000,1779274074.586998
approach2_run1,2521000,1779274074.672801
approach2_run1,2522000,1779274074.721733
approach2_run1,2523000,1779274074.785048
approach2_run1,2524000,1779274074.843902
approach2_run1,2525000,1779274074.927228
approach2_run1,2526000,1779274074.980945
approach2_run1,2527000,1779274075.045233
approach2_run1,2528000,1779274075.099521
approach2_run1,2529000,1779274075.182537
approach2_run1,2530000,1779274075.218441
approach2_run1,2531000,1779274075.304404
approach2_run1,2532000,1779274075.353387
approach2_run1,2533000,1779274075.438123
approach2_run1,2534000,1779274075.476640
approach2_run1,2535000,1779274075.563578
approach2_run1,2536000,1779274075.608989
approach2_run1,2537000,1779274075.694976
approach2_run1,2538000,1779274075.736851
approach2_run1,2539000,1779274075.822680
approach2_run1,2540000,1779274075.865685
approach2_run1,2541000,1779274075.950317
approach2_run1,2542000,1779274076.035464
approach2_run1,2543000,1779274076.081676
approach2_run1,2544000,1779274076.167992
approach2_run1,2545000,1779274076.206014
approach2_run1,2546000,1779274076.290521
approach2_run1,2547000,1779274076.341556
approach2_run1,2548000,1779274076.427332
approach2_run1,2549000,1779274076.460079
approach2_run1,2550000,1779274076.544660
approach2_run1,2551000,1779274076.599221
approach2_run1,2552000,1779274076.685226
approach2_run1,2553000,1779274076.717119
approach2_run1,2554000,1779274076.801913
approach2_run1,2555000,1779274076.860137
approach2_run1,2556000,1779274076.946062
approach2_run1,2557000,1779274076.972710
approach2_run1,2558000,1779274077.057330
approach2_run1,2559000,1779274077.119653
approach2_run1,2560000,1779274077.205236
approach2_run1,2561000,1779274077.228529
approach2_run1,2562000,1779274077.352144
approach2_run1,2563000,1779274077.436955
approach2_run1,2564000,1779274077.464259
approach2_run1,2565000,1779274077.550223
approach2_run1,2566000,1779274077.607898
approach2_run1,2567000,1779274077.692353
approach2_run1,2568000,1779274077.723521
approach2_run1,2569000,1779274077.809567
approach2_run1,2570000,1779274077.870105
approach2_run1,2571000,1779274077.954854
approach2_run1,2572000,1779274077.982726
approach2_run1,2573000,1779274078.068934
approach2_run1,2574000,1779274078.125751
approach2_run1,2575000,1779274078.210428
approach2_run1,2576000,1779274078.242430
approach2_run1,2577000,1779274078.328686
approach2_run1,2578000,1779274078.374245
approach2_run1,2579000,1779274078.458932
approach2_run1,2580000,1779274078.502039
approach2_run1,2581000,1779274078.587906
approach2_run1,2582000,1779274078.630238
approach2_run1,2583000,1779274078.714570
approach2_run1,2584000,1779274078.799349
approach2_run1,2585000,1779274078.847098
approach2_run1,2586000,1779274078.932795
approach2_run1,2587000,1779274078.970389
approach2_run1,2588000,1779274079.061546
approach2_run1,2589000,1779274079.106650
approach2_run1,2590000,1779274079.193369
approach2_run1,2591000,1779274079.232394
approach2_run1,2592000,1779274079.317075
approach2_run1,2593000,1779274079.366722
approach2_run1,2594000,1779274079.452516
approach2_run1,2595000,1779274079.488593
approach2_run1,2596000,1779274079.573146
approach2_run1,2597000,1779274079.625627
approach2_run1,2598000,1779274079.711511
approach2_run1,2599000,1779274079.763251
approach2_run1,2600000,1779274079.828980
approach2_run1,2601000,1779274079.884896
approach2_run1,2602000,1779274079.970490
approach2_run1,2603000,1779274079.999944
approach2_run1,2604000,1779274080.086016
approach2_run1,2605000,1779274080.170507
approach2_run1,2606000,1779274080.251609
approach2_run1,2607000,1779274080.332372
approach2_run1,2608000,1779274080.337856
approach2_run1,2609000,1779274080.426652
approach2_run1,2610000,1779274080.510747
approach2_run1,2611000,1779274080.596506
approach2_run1,2612000,1779274080.598207
approach2_run1,2613000,1779274080.683652
approach2_run1,2614000,1779274080.768496
approach2_run1,2615000,1779274080.856168
approach2_run1,2616000,1779274080.870486
approach2_run1,2617000,1779274080.955154
approach2_run1,2618000,1779274081.023823
approach2_run1,2619000,1779274081.115677
approach2_run1,2620000,1779274081.126011
approach2_run1,2621000,1779274081.210687
approach2_run1,2622000,1779274081.289993
approach2_run1,2623000,1779274081.363953
approach2_run1,2624000,1779274081.376415
approach2_run1,2625000,1779274081.462432
approach2_run1,2626000,1779274081.548491
approach2_run1,2627000,1779274081.619484
approach2_run1,2628000,1779274081.704273
approach2_run1,2629000,1779274081.722531
approach2_run1,2630000,1779274081.808322
approach2_run1,2631000,1779274081.875436
approach2_run1,2632000,1779274081.960001
approach2_run1,2633000,1779274081.981871
approach2_run1,2634000,1779274082.069540
approach2_run1,2635000,1779274082.131031
approach2_run1,2636000,1779274082.215705
approach2_run1,2637000,1779274082.242966
approach2_run1,2638000,1779274082.328888
approach2_run1,2639000,1779274082.386580
approach2_run1,2640000,1779274082.471261
approach2_run1,2641000,1779274082.502249
approach2_run1,2642000,1779274082.588436
approach2_run1,2643000,1779274082.659426
approach2_run1,2644000,1779274082.743948
approach2_run1,2645000,1779274082.784132
approach2_run1,2646000,1779274082.847802
approach2_run1,2647000,1779274082.956475
approach2_run1,2648000,1779274082.999570
approach2_run1,2649000,1779274083.084211
approach2_run1,2650000,1779274083.107335
approach2_run1,2651000,1779274083.193273
approach2_run1,2652000,1779274083.255283
approach2_run1,2653000,1779274083.340321
approach2_run1,2654000,1779274083.366799
approach2_run1,2655000,1779274083.452902
approach2_run1,2656000,1779274083.511272
approach2_run1,2657000,1779274083.595888
approach2_run1,2658000,1779274083.648631
approach2_run1,2659000,1779274083.734668
approach2_run1,2660000,1779274083.766648
approach2_run1,2661000,1779274083.851354
approach2_run1,2662000,1779274083.911629
approach2_run1,2663000,1779274083.997800
approach2_run1,2664000,1779274084.022584
approach2_run1,2665000,1779274084.107541
approach2_run1,2666000,1779274084.192013
approach2_run1,2667000,1779274084.257474
approach2_run1,2668000,1779274084.343251
approach2_run1,2669000,1779274084.370444
approach2_run1,2670000,1779274084.454999
approach2_run1,2671000,1779274084.516587
approach2_run1,2672000,1779274084.602749
approach2_run1,2673000,1779274084.625775
approach2_run1,2674000,1779274084.710309
approach2_run1,2675000,1779274084.776399
approach2_run1,2676000,1779274084.862211
approach2_run1,2677000,1779274084.873916
approach2_run1,2678000,1779274084.958536
approach2_run1,2679000,1779274085.035834
approach2_run1,2680000,1779274085.121640
approach2_run1,2681000,1779274085.129426
approach2_run1,2682000,1779274085.203049
approach2_run1,2683000,1779274085.282823
approach2_run1,2684000,1779274085.367529
approach2_run1,2685000,1779274085.376586
approach2_run1,2686000,1779274085.462349
approach2_run1,2687000,1779274085.554267
approach2_run1,2688000,1779274085.635200
approach2_run1,2689000,1779274085.721060
approach2_run1,2690000,1779274085.725241
approach2_run1,2691000,1779274085.809744
approach2_run1,2692000,1779274085.894508
approach2_run1,2693000,1779274085.980730
approach2_run1,2694000,1779274085.982331
approach2_run1,2695000,1779274086.073847
approach2_run1,2696000,1779274086.153631
approach2_run1,2697000,1779274086.244669
approach2_run1,2698000,1779274086.246402
approach2_run1,2699000,1779274086.332067
approach2_run1,2700000,1779274086.406775
approach2_run1,2701000,1779274086.500165
approach2_run1,2702000,1779274086.505373
approach2_run1,2703000,1779274086.591441
approach2_run1,2704000,1779274086.670866
approach2_run1,2705000,1779274086.755384
approach2_run1,2706000,1779274086.764784
approach2_run1,2707000,1779274086.850995
approach2_run1,2708000,1779274086.935846
approach2_run1,2709000,1779274087.011319
approach2_run1,2710000,1779274087.095958
approach2_run1,2711000,1779274087.109277
approach2_run1,2712000,1779274087.195055
approach2_run1,2713000,1779274087.271239
approach2_run1,2714000,1779274087.355940
approach2_run1,2715000,1779274087.368594
approach2_run1,2716000,1779274087.454427
approach2_run1,2717000,1779274087.526747
approach2_run1,2718000,1779274087.611336
approach2_run1,2719000,1779274087.623540
approach2_run1,2720000,1779274087.714177
approach2_run1,2721000,1779274087.778400
approach2_run1,2722000,1779274087.862910
approach2_run1,2723000,1779274087.887568
approach2_run1,2724000,1779274087.973342
approach2_run1,2725000,1779274088.034211
approach2_run1,2726000,1779274088.118815
approach2_run1,2727000,1779274088.147237
approach2_run1,2728000,1779274088.233049
approach2_run1,2729000,1779274088.319002
approach2_run1,2730000,1779274088.375110
approach2_run1,2731000,1779274088.462921
approach2_run1,2732000,1779274088.492229
approach2_run1,2733000,1779274088.578143
approach2_run1,2734000,1779274088.633684
approach2_run1,2735000,1779274088.718436
approach2_run1,2736000,1779274088.751794
approach2_run1,2737000,1779274088.837646
approach2_run1,2738000,1779274088.889176
approach2_run1,2739000,1779274088.973885
approach2_run1,2740000,1779274089.011087
approach2_run1,2741000,1779274089.097205
approach2_run1,2742000,1779274089.145003
approach2_run1,2743000,1779274089.229574
approach2_run1,2744000,1779274089.271134
approach2_run1,2745000,1779274089.381450
approach2_run1,2746000,1779274089.400360
approach2_run1,2747000,1779274089.485148
approach2_run1,2748000,1779274089.530653
approach2_run1,2749000,1779274089.641586
approach2_run1,2750000,1779274089.727499
approach2_run1,2751000,1779274089.740503
approach2_run1,2752000,1779274089.825161
approach2_run1,2753000,1779274089.876176
approach2_run1,2754000,1779274089.961980
approach2_run1,2755000,1779274089.996075
approach2_run1,2756000,1779274090.086588
approach2_run1,2757000,1779274090.135528
approach2_run1,2758000,1779274090.221497
approach2_run1,2759000,1779274090.257496
approach2_run1,2760000,1779274090.336448
approach2_run1,2761000,1779274090.394877
approach2_run1,2762000,1779274090.480889
approach2_run1,2763000,1779274090.507322
approach2_run1,2764000,1779274090.594110
approach2_run1,2765000,1779274090.677968
approach2_run1,2766000,1779274090.762769
approach2_run1,2767000,1779274090.767312
approach2_run1,2768000,1779274090.853225
approach2_run1,2769000,1779274090.933534
approach2_run1,2770000,1779274091.018102
approach2_run1,2771000,1779274091.102943
approach2_run1,2772000,1779274091.112474
approach2_run1,2773000,1779274091.198594
approach2_run1,2774000,1779274091.279305
approach2_run1,2775000,1779274091.363896
approach2_run1,2776000,1779274091.372199
approach2_run1,2777000,1779274091.458012
approach2_run1,2778000,1779274091.534800
approach2_run1,2779000,1779274091.619339
approach2_run1,2780000,1779274091.635617
approach2_run1,2781000,1779274091.716963
approach2_run1,2782000,1779274091.790188
approach2_run1,2783000,1779274091.874841
approach2_run1,2784000,1779274091.890257
approach2_run1,2785000,1779274091.976110
approach2_run1,2786000,1779274092.045994
approach2_run1,2787000,1779274092.130437
approach2_run1,2788000,1779274092.149688
approach2_run1,2789000,1779274092.239986
approach2_run1,2790000,1779274092.301274
approach2_run1,2791000,1779274092.385937
approach2_run1,2792000,1779274092.470533
approach2_run1,2793000,1779274092.499319
approach2_run1,2794000,1779274092.587917
approach2_run1,2795000,1779274092.641391
approach2_run1,2796000,1779274092.726169
approach2_run1,2797000,1779274092.766226
approach2_run1,2798000,1779274092.852155
approach2_run1,2799000,1779274092.897166
approach2_run1,2800000,1779274092.981833
approach2_run1,2801000,1779274093.026211
approach2_run1,2802000,1779274093.112099
approach2_run1,2803000,1779274093.152749
approach2_run1,2804000,1779274093.237284
approach2_run1,2805000,1779274093.285556
approach2_run1,2806000,1779274093.371951
approach2_run1,2807000,1779274093.448950
approach2_run1,2808000,1779274093.492858
approach2_run1,2809000,1779274093.545276
approach2_run1,2810000,1779274093.631162
approach2_run1,2811000,1779274093.716975
approach2_run1,2812000,1779274093.748357
approach2_run1,2813000,1779274093.833038
approach2_run1,2814000,1779274093.890229
approach2_run1,2815000,1779274093.976239
approach2_run1,2816000,1779274094.004006
approach2_run1,2817000,1779274094.088770
approach2_run1,2818000,1779274094.172897
approach2_run1,2819000,1779274094.235629
approach2_run1,2820000,1779274094.260056
approach2_run1,2821000,1779274094.385637
approach2_run1,2822000,1779274094.409213
approach2_run1,2823000,1779274094.495374
approach2_run1,2824000,1779274094.556543
approach2_run1,2825000,1779274094.641256
approach2_run1,2826000,1779274094.668333
approach2_run1,2827000,1779274094.754271
approach2_run1,2828000,1779274094.820864
approach2_run1,2829000,1779274094.905557
approach2_run1,2830000,1779274094.923515
approach2_run1,2831000,1779274095.009475
approach2_run1,2832000,1779274095.095445
approach2_run1,2833000,1779274095.161155
approach2_run1,2834000,1779274095.245983
approach2_run1,2835000,1779274095.268825
approach2_run1,2836000,1779274095.358383
approach2_run1,2837000,1779274095.417216
approach2_run1,2838000,1779274095.502131
approach2_run1,2839000,1779274095.555190
approach2_run1,2840000,1779274095.641136
approach2_run1,2841000,1779274095.672005
approach2_run1,2842000,1779274095.757558
approach2_run1,2843000,1779274095.815862
approach2_run1,2844000,1779274095.906018
approach2_run1,2845000,1779274095.928303
approach2_run1,2846000,1779274096.013852
approach2_run1,2847000,1779274096.079561
approach2_run1,2848000,1779274096.179245
approach2_run1,2849000,1779274096.183949
approach2_run1,2850000,1779274096.272866
approach2_run1,2851000,1779274096.339183
approach2_run1,2852000,1779274096.439950
approach2_run1,2853000,1779274096.525799
approach2_run1,2854000,1779274096.528647
approach2_run1,2855000,1779274096.613852
approach2_run1,2856000,1779274096.685116
approach2_run1,2857000,1779274096.783799
approach2_run1,2858000,1779274096.786165
approach2_run1,2859000,1779274096.871942
approach2_run1,2860000,1779274096.944312
approach2_run1,2861000,1779274097.030127
approach2_run1,2862000,1779274097.040529
approach2_run1,2863000,1779274097.125214
approach2_run1,2864000,1779274097.203548
approach2_run1,2865000,1779274097.295902
approach2_run1,2866000,1779274097.304970
approach2_run1,2867000,1779274097.390795
approach2_run1,2868000,1779274097.466762
approach2_run1,2869000,1779274097.551788
approach2_run1,2870000,1779274097.564459
approach2_run1,2871000,1779274097.650288
approach2_run1,2872000,1779274097.716848
approach2_run1,2873000,1779274097.807196
approach2_run1,2874000,1779274097.887941
approach2_run1,2875000,1779274097.894140
approach2_run1,2876000,1779274097.979868
approach2_run1,2877000,1779274098.058772
approach2_run1,2878000,1779274098.143440
approach2_run1,2879000,1779274098.153327
approach2_run1,2880000,1779274098.239228
approach2_run1,2881000,1779274098.318455
approach2_run1,2882000,1779274098.398997
approach2_run1,2883000,1779274098.412481
approach2_run1,2884000,1779274098.493328
approach2_run1,2885000,1779274098.569772
approach2_run1,2886000,1779274098.658574
approach2_run1,2887000,1779274098.671476
approach2_run1,2888000,1779274098.757565
approach2_run1,2889000,1779274098.829334
approach2_run1,2890000,1779274098.914022
approach2_run1,2891000,1779274098.930768
approach2_run1,2892000,1779274099.018353
approach2_run1,2893000,1779274099.087424
approach2_run1,2894000,1779274099.172072
approach2_run1,2895000,1779274099.256945
approach2_run1,2896000,1779274099.275808
approach2_run1,2897000,1779274099.361535
approach2_run1,2898000,1779274099.428094
approach2_run1,2899000,1779274099.512139
approach2_run1,2900000,1779274099.535133
approach2_run1,2901000,1779274099.622872
approach2_run1,2902000,1779274099.690779
approach2_run1,2903000,1779274099.775867
approach2_run1,2904000,1779274099.796567
approach2_run1,2905000,1779274099.882423
approach2_run1,2906000,1779274099.938757
approach2_run1,2907000,1779274100.023114
approach2_run1,2908000,1779274100.055862
approach2_run1,2909000,1779274100.141741
approach2_run1,2910000,1779274100.194601
approach2_run1,2911000,1779274100.278980
approach2_run1,2912000,1779274100.314980
approach2_run1,2913000,1779274100.400742
approach2_run1,2914000,1779274100.450114
approach2_run1,2915000,1779274100.534716
approach2_run1,2916000,1779274100.628505
approach2_run1,2917000,1779274100.675173
approach2_run1,2918000,1779274100.761182
approach2_run1,2919000,1779274100.799712
approach2_run1,2920000,1779274100.884346
approach2_run1,2921000,1779274100.920485
approach2_run1,2922000,1779274101.021065
approach2_run1,2923000,1779274101.055440
approach2_run1,2924000,1779274101.139971
approach2_run1,2925000,1779274101.180039
approach2_run1,2926000,1779274101.280804
approach2_run1,2927000,1779274101.312013
approach2_run1,2928000,1779274101.396940
approach2_run1,2929000,1779274101.453918
approach2_run1,2930000,1779274101.525213
approach2_run1,2931000,1779274101.557693
approach2_run1,2932000,1779274101.642483
approach2_run1,2933000,1779274101.713417
approach2_run1,2934000,1779274101.799071
approach2_run1,2935000,1779274101.884981
approach2_run1,2936000,1779274101.898517
approach2_run1,2937000,1779274101.983251
approach2_run1,2938000,1779274102.059321
approach2_run1,2939000,1779274102.145053
approach2_run1,2940000,1779274102.154021
approach2_run1,2941000,1779274102.239266
approach2_run1,2942000,1779274102.318256
approach2_run1,2943000,1779274102.418282
approach2_run1,2944000,1779274102.420114
approach2_run1,2945000,1779274102.505755
approach2_run1,2946000,1779274102.590556
approach2_run1,2947000,1779274102.675408
approach2_run1,2948000,1779274102.677716
approach2_run1,2949000,1779274102.773906
approach2_run1,2950000,1779274102.846434
approach2_run1,2951000,1779274102.931235
approach2_run1,2952000,1779274102.947613
approach2_run1,2953000,1779274103.033452
approach2_run1,2954000,1779274103.102214
approach2_run1,2955000,1779274103.186919
approach2_run1,2956000,1779274103.271937
approach2_run1,2957000,1779274103.282171
approach2_run1,2958000,1779274103.378558
approach2_run1,2959000,1779274103.442939
approach2_run1,2960000,1779274103.527469
approach2_run1,2961000,1779274103.551819
approach2_run1,2962000,1779274103.637705
approach2_run1,2963000,1779274103.698432
approach2_run1,2964000,1779274103.783145
approach2_run1,2965000,1779274103.811133
approach2_run1,2966000,1779274103.897119
approach2_run1,2967000,1779274103.954105
approach2_run1,2968000,1779274104.055119
approach2_run1,2969000,1779274104.070567
approach2_run1,2970000,1779274104.156726
approach2_run1,2971000,1779274104.225969
approach2_run1,2972000,1779274104.310749
approach2_run1,2973000,1779274104.319382
approach2_run1,2974000,1779274104.406216
approach2_run1,2975000,1779274104.483938
approach2_run1,2976000,1779274104.566184
approach2_run1,2977000,1779274104.650764
approach2_run1,2978000,1779274104.665764
approach2_run1,2979000,1779274104.761920
approach2_run1,2980000,1779274104.822144
approach2_run1,2981000,1779274104.906429
approach2_run1,2982000,1779274104.924913
approach2_run1,2983000,1779274105.010822
approach2_run1,2984000,1779274105.077753
approach2_run1,2985000,1779274105.162436
approach2_run1,2986000,1779274105.183993
approach2_run1,2987000,1779274105.257097
approach2_run1,2988000,1779274105.333433
approach2_run1,2989000,1779274105.418103
approach2_run1,2990000,1779274105.443615
approach2_run1,2991000,1779274105.516454
approach2_run1,2992000,1779274105.590683
approach2_run1,2993000,1779274105.673685
approach2_run1,2994000,1779274105.702933
approach2_run1,2995000,1779274105.798817
approach2_run1,2996000,1779274105.844901
approach2_run1,2997000,1779274105.929450
approach2_run1,2998000,1779274106.014007
approach2_run1,2999000,1779274106.057936
approach2_run1,3000000,1779274106.143649
approach2_run1,3001000,1779274106.186410
approach2_run1,3002000,1779274106.269663
approach2_run1,3003000,1779274106.317136
approach2_run1,3004000,1779274106.402958
approach2_run1,3005000,1779274106.440869
approach2_run1,3006000,1779274106.525235
approach2_run1,3007000,1779274106.576476
approach2_run1,3008000,1779274106.662196
approach2_run1,3009000,1779274106.696104
approach2_run1,3010000,1779274106.780699
approach2_run1,3011000,1779274106.835557
approach2_run1,3012000,1779274106.939097
approach2_run1,3013000,1779274106.951634
approach2_run1,3014000,1779274107.037791
approach2_run1,3015000,1779274107.094745
approach2_run1,3016000,1779274107.180865
approach2_run1,3017000,1779274107.207258
approach2_run1,3018000,1779274107.291931
approach2_run1,3019000,1779274107.377987
approach2_run1,3020000,1779274107.457665
approach2_run1,3021000,1779274107.543660
approach2_run1,3022000,1779274107.547731
approach2_run1,3023000,1779274107.632255
approach2_run1,3024000,1779274107.701086
approach2_run1,3025000,1779274107.786998
approach2_run1,3026000,1779274107.803620
approach2_run1,3027000,1779274107.889349
approach2_run1,3028000,1779274107.973920
approach2_run1,3029000,1779274108.046168
approach2_run1,3030000,1779274108.060410
approach2_run1,3031000,1779274108.143765
approach2_run1,3032000,1779274108.219747
approach2_run1,3033000,1779274108.305723
approach2_run1,3034000,1779274108.314915
approach2_run1,3035000,1779274108.399398
approach2_run1,3036000,1779274108.478990
approach2_run1,3037000,1779274108.564937
approach2_run1,3038000,1779274108.570666
approach2_run1,3039000,1779274108.655339
approach2_run1,3040000,1779274108.740110
approach2_run1,3041000,1779274108.824035
approach2_run1,3042000,1779274108.909962
approach2_run1,3043000,1779274108.911679
approach2_run1,3044000,1779274108.996963
approach2_run1,3045000,1779274109.081420
approach2_run1,3046000,1779274109.166336
approach2_run1,3047000,1779274109.170069
approach2_run1,3048000,1779274109.255993
approach2_run1,3049000,1779274109.341102
approach2_run1,3050000,1779274109.425881
approach2_run1,3051000,1779274109.429559
approach2_run1,3052000,1779274109.515609
approach2_run1,3053000,1779274109.602634
approach2_run1,3054000,1779274109.703464
approach2_run1,3055000,1779274109.724403
approach2_run1,3056000,1779274109.789775
approach2_run1,3057000,1779274109.852691
approach2_run1,3058000,1779274109.937435
approach2_run1,3059000,1779274109.963245
approach2_run1,3060000,1779274110.049064
approach2_run1,3061000,1779274110.135183
approach2_run1,3062000,1779274110.222193
approach2_run1,3063000,1779274110.308192
approach2_run1,3064000,1779274110.320573
approach2_run1,3065000,1779274110.405291
approach2_run1,3066000,1779274110.448183
approach2_run1,3067000,1779274110.532941
approach2_run1,3068000,1779274110.568806
approach2_run1,3069000,1779274110.655041
approach2_run1,3070000,1779274110.704009
approach2_run1,3071000,1779274110.788625
approach2_run1,3072000,1779274110.828204
approach2_run1,3073000,1779274110.914079
approach2_run1,3074000,1779274110.959944
approach2_run1,3075000,1779274111.044565
approach2_run1,3076000,1779274111.087580
approach2_run1,3077000,1779274111.173527
approach2_run1,3078000,1779274111.215048
approach2_run1,3079000,1779274111.299612
approach2_run1,3080000,1779274111.370170
approach2_run1,3081000,1779274111.456022
approach2_run1,3082000,1779274111.542275
approach2_run1,3083000,1779274111.555141
approach2_run1,3084000,1779274111.638163
approach2_run1,3085000,1779274111.716367
approach2_run1,3086000,1779274111.802464
approach2_run1,3087000,1779274111.811126
approach2_run1,3088000,1779274111.895961
approach2_run1,3089000,1779274111.975644
approach2_run1,3090000,1779274112.061809
approach2_run1,3091000,1779274112.066892
approach2_run1,3092000,1779274112.151594
approach2_run1,3093000,1779274112.211321
approach2_run1,3094000,1779274112.297698
approach2_run1,3095000,1779274112.322812
approach2_run1,3096000,1779274112.407373
approach2_run1,3097000,1779274112.471098
approach2_run1,3098000,1779274112.557092
approach2_run1,3099000,1779274112.578372
approach2_run1,3100000,1779274112.662764
approach2_run1,3101000,1779274112.730463
approach2_run1,3102000,1779274112.817359
approach2_run1,3103000,1779274112.903082
approach2_run1,3104000,1779274112.919236
approach2_run1,3105000,1779274113.004083
approach2_run1,3106000,1779274113.076640
approach2_run1,3107000,1779274113.174430
approach2_run1,3108000,1779274113.186306
approach2_run1,3109000,1779274113.259567
approach2_run1,3110000,1779274113.335873
approach2_run1,3111000,1779274113.445296
approach2_run1,3112000,1779274113.473400
approach2_run1,3113000,1779274113.556393
approach2_run1,3114000,1779274113.618667
approach2_run1,3115000,1779274113.704506
approach2_run1,3116000,1779274113.728853
approach2_run1,3117000,1779274113.813817
approach2_run1,3118000,1779274113.878123
approach2_run1,3119000,1779274113.963951
approach2_run1,3120000,1779274113.983236
approach2_run1,3121000,1779274114.068033
approach2_run1,3122000,1779274114.141659
approach2_run1,3123000,1779274114.223275
approach2_run1,3124000,1779274114.309152
approach2_run1,3125000,1779274114.325133
approach2_run1,3126000,1779274114.409735
approach2_run1,3127000,1779274114.482469
approach2_run1,3128000,1779274114.568907
approach2_run1,3129000,1779274114.580731
approach2_run1,3130000,1779274114.665274
approach2_run1,3131000,1779274114.742601
approach2_run1,3132000,1779274114.831430
approach2_run1,3133000,1779274114.834935
approach2_run1,3134000,1779274114.919869
approach2_run1,3135000,1779274115.001705
approach2_run1,3136000,1779274115.087929
approach2_run1,3137000,1779274115.091514
approach2_run1,3138000,1779274115.175954
approach2_run1,3139000,1779274115.260532
approach2_run1,3140000,1779274115.346904
approach2_run1,3141000,1779274115.348448
approach2_run1,3142000,1779274115.433272
approach2_run1,3143000,1779274115.517927
approach2_run1,3144000,1779274115.603648
approach2_run1,3145000,1779274115.688307
approach2_run1,3146000,1779274115.692528
approach2_run1,3147000,1779274115.778392
approach2_run1,3148000,1779274115.846221
approach2_run1,3149000,1779274115.944262
approach2_run1,3150000,1779274115.952043
approach2_run1,3151000,1779274116.042329
approach2_run1,3152000,1779274116.114224
approach2_run1,3153000,1779274116.199392
approach2_run1,3154000,1779274116.218366
approach2_run1,3155000,1779274116.304895
approach2_run1,3156000,1779274116.371434
approach2_run1,3157000,1779274116.456335
approach2_run1,3158000,1779274116.478833
approach2_run1,3159000,1779274116.564937
approach2_run1,3160000,1779274116.630786
approach2_run1,3161000,1779274116.716024
approach2_run1,3162000,1779274116.738925
approach2_run1,3163000,1779274116.824738
approach2_run1,3164000,1779274116.910649
approach2_run1,3165000,1779274116.971782
approach2_run1,3166000,1779274117.055952
approach2_run1,3167000,1779274117.084435
approach2_run1,3168000,1779274117.170513
approach2_run1,3169000,1779274117.226871
approach2_run1,3170000,1779274117.311713
approach2_run1,3171000,1779274117.344331
approach2_run1,3172000,1779274117.431048
approach2_run1,3173000,1779274117.482432
approach2_run1,3174000,1779274117.567099
approach2_run1,3175000,1779274117.604537
approach2_run1,3176000,1779274117.698064
approach2_run1,3177000,1779274117.740027
approach2_run1,3178000,1779274117.822520
approach2_run1,3179000,1779274117.871317
approach2_run1,3180000,1779274117.957213
approach2_run1,3181000,1779274117.993380
approach2_run1,3182000,1779274118.077950
approach2_run1,3183000,1779274118.122666
approach2_run1,3184000,1779274118.216585
approach2_run1,3185000,1779274118.294312
approach2_run1,3186000,1779274118.333424
approach2_run1,3187000,1779274118.417936
approach2_run1,3188000,1779274118.475793
approach2_run1,3189000,1779274118.553909
approach2_run1,3190000,1779274118.591260
approach2_run1,3191000,1779274118.676151
approach2_run1,3192000,1779274118.736043
approach2_run1,3193000,1779274118.823233
approach2_run1,3194000,1779274118.847121
approach2_run1,3195000,1779274118.931700
approach2_run1,3196000,1779274118.997247
approach2_run1,3197000,1779274119.083452
approach2_run1,3198000,1779274119.102447
approach2_run1,3199000,1779274119.187212
approach2_run1,3200000,1779274119.257201
approach2_run1,3201000,1779274119.343492
approach2_run1,3202000,1779274119.357971
approach2_run1,3203000,1779274119.442604
approach2_run1,3204000,1779274119.516047
approach2_run1,3205000,1779274119.602067
approach2_run1,3206000,1779274119.688040
approach2_run1,3207000,1779274119.703627
approach2_run1,3208000,1779274119.788201
approach2_run1,3209000,1779274119.861805
approach2_run1,3210000,1779274119.947746
approach2_run1,3211000,1779274119.953562
approach2_run1,3212000,1779274120.044000
approach2_run1,3213000,1779274120.121224
approach2_run1,3214000,1779274120.207522
approach2_run1,3215000,1779274120.209205
approach2_run1,3216000,1779274120.297140
approach2_run1,3217000,1779274120.379420
approach2_run1,3218000,1779274120.464195
approach2_run1,3219000,1779274120.471931
approach2_run1,3220000,1779274120.558161
approach2_run1,3221000,1779274120.635271
approach2_run1,3222000,1779274120.719876
approach2_run1,3223000,1779274120.731750
approach2_run1,3224000,1779274120.817720
approach2_run1,3225000,1779274120.890712
approach2_run1,3226000,1779274120.975330
approach2_run1,3227000,1779274121.065599
approach2_run1,3228000,1779274121.076969
approach2_run1,3229000,1779274121.164757
approach2_run1,3230000,1779274121.230639
approach2_run1,3231000,1779274121.315223
approach2_run1,3232000,1779274121.338136
approach2_run1,3233000,1779274121.424077
approach2_run1,3234000,1779274121.486705
approach2_run1,3235000,1779274121.571271
approach2_run1,3236000,1779274121.605882
approach2_run1,3237000,1779274121.691793
approach2_run1,3238000,1779274121.742264
approach2_run1,3239000,1779274121.827085
approach2_run1,3240000,1779274121.882221
approach2_run1,3241000,1779274121.968121
approach2_run1,3242000,1779274121.997820
approach2_run1,3243000,1779274122.082483
approach2_run1,3244000,1779274122.141362
approach2_run1,3245000,1779274122.227152
approach2_run1,3246000,1779274122.253160
approach2_run1,3247000,1779274122.337871
approach2_run1,3248000,1779274122.422393
approach2_run1,3249000,1779274122.486342
approach2_run1,3250000,1779274122.572227
approach2_run1,3251000,1779274122.593247
approach2_run1,3252000,1779274122.683962
approach2_run1,3253000,1779274122.746385
approach2_run1,3254000,1779274122.831505
approach2_run1,3255000,1779274122.854702
approach2_run1,3256000,1779274122.933204
approach2_run1,3257000,1779274123.013286
approach2_run1,3258000,1779274123.099115
approach2_run1,3259000,1779274123.104020
approach2_run1,3260000,1779274123.194649
approach2_run1,3261000,1779274123.264200
approach2_run1,3262000,1779274123.350105
approach2_run1,3263000,1779274123.359495
approach2_run1,3264000,1779274123.451165
approach2_run1,3265000,1779274123.523329
approach2_run1,3266000,1779274123.609352
approach2_run1,3267000,1779274123.622494
approach2_run1,3268000,1779274123.707055
approach2_run1,3269000,1779274123.795193
approach2_run1,3270000,1779274123.868322
approach2_run1,3271000,1779274123.954270
approach2_run1,3272000,1779274123.974357
approach2_run1,3273000,1779274124.059062
approach2_run1,3274000,1779274124.128202
approach2_run1,3275000,1779274124.199473
approach2_run1,3276000,1779274124.229999
approach2_run1,3277000,1779274124.303332
approach2_run1,3278000,1779274124.388342
approach2_run1,3279000,1779274124.474391
approach2_run1,3280000,1779274124.485960
approach2_run1,3281000,1779274124.570716
approach2_run1,3282000,1779274124.648438
approach2_run1,3283000,1779274124.734305
approach2_run1,3284000,1779274124.742266
approach2_run1,3285000,1779274124.839951
approach2_run1,3286000,1779274124.907685
approach2_run1,3287000,1779274124.993559
approach2_run1,3288000,1779274125.010643
approach2_run1,3289000,1779274125.095507
approach2_run1,3290000,1779274125.180175
approach2_run1,3291000,1779274125.239074
approach2_run1,3292000,1779274125.338723
approach2_run1,3293000,1779274125.351031
approach2_run1,3294000,1779274125.435718
approach2_run1,3295000,1779274125.512124
approach2_run1,3296000,1779274125.598002
approach2_run1,3297000,1779274125.606883
approach2_run1,3298000,1779274125.691574
approach2_run1,3299000,1779274125.757624
approach2_run1,3300000,1779274125.843860
approach2_run1,3301000,1779274125.862393
approach2_run1,3302000,1779274125.947416
approach2_run1,3303000,1779274126.017652
approach2_run1,3304000,1779274126.103508
approach2_run1,3305000,1779274126.118640
approach2_run1,3306000,1779274126.189871
approach2_run1,3307000,1779274126.274362
approach2_run1,3308000,1779274126.359020
approach2_run1,3309000,1779274126.443504
approach2_run1,3310000,1779274126.462400
approach2_run1,3311000,1779274126.548301
approach2_run1,3312000,1779274126.615190
approach2_run1,3313000,1779274126.699778
approach2_run1,3314000,1779274126.721642
approach2_run1,3315000,1779274126.820693
approach2_run1,3316000,1779274126.871303
approach2_run1,3317000,1779274126.969654
approach2_run1,3318000,1779274126.981145
approach2_run1,3319000,1779274127.067729
approach2_run1,3320000,1779274127.140764
approach2_run1,3321000,1779274127.212099
approach2_run1,3322000,1779274127.259367
approach2_run1,3323000,1779274127.350986
approach2_run1,3324000,1779274127.396724
approach2_run1,3325000,1779274127.481650
approach2_run1,3326000,1779274127.524391
approach2_run1,3327000,1779274127.610421
approach2_run1,3328000,1779274127.639407
approach2_run1,3329000,1779274127.737750
approach2_run1,3330000,1779274127.822313
approach2_run1,3331000,1779274127.870213
approach2_run1,3332000,1779274127.955955
approach2_run1,3333000,1779274127.993279
approach2_run1,3334000,1779274128.082624
approach2_run1,3335000,1779274128.129461
approach2_run1,3336000,1779274128.198830
approach2_run1,3337000,1779274128.249363
approach2_run1,3338000,1779274128.333722
approach2_run1,3339000,1779274128.390785
approach2_run1,3340000,1779274128.476042
approach2_run1,3341000,1779274128.504215
approach2_run1,3342000,1779274128.593880
approach2_run1,3343000,1779274128.649197
approach2_run1,3344000,1779274128.735097
approach2_run1,3345000,1779274128.759759
approach2_run1,3346000,1779274128.844431
approach2_run1,3347000,1779274128.907465
approach2_run1,3348000,1779274128.993381
approach2_run1,3349000,1779274129.001812
approach2_run1,3350000,1779274129.086383
approach2_run1,3351000,1779274129.170955
approach2_run1,3352000,1779274129.252628
approach2_run1,3353000,1779274129.338475
approach2_run1,3354000,1779274129.355607
approach2_run1,3355000,1779274129.440214
approach2_run1,3356000,1779274129.511747
approach2_run1,3357000,1779274129.597652
approach2_run1,3358000,1779274129.615901
approach2_run1,3359000,1779274129.700763
approach2_run1,3360000,1779274129.770939
approach2_run1,3361000,1779274129.856847
approach2_run1,3362000,1779274129.871341
approach2_run1,3363000,1779274129.995387
approach2_run1,3364000,1779274130.030337
approach2_run1,3365000,1779274130.116095
approach2_run1,3366000,1779274130.166056
approach2_run1,3367000,1779274130.211550
approach2_run1,3368000,1779274130.272588
approach2_run1,3369000,1779274130.358219
approach2_run1,3370000,1779274130.382307
approach2_run1,3371000,1779274130.466955
approach2_run1,3372000,1779274130.551455
approach2_run1,3373000,1779274130.617492
approach2_run1,3374000,1779274130.704856
approach2_run1,3375000,1779274130.761896
approach2_run1,3376000,1779274130.807263
approach2_run1,3377000,1779274130.878772
approach2_run1,3378000,1779274130.965075
approach2_run1,3379000,1779274131.017646
approach2_run1,3380000,1779274131.106789
approach2_run1,3381000,1779274131.139443
approach2_run1,3382000,1779274131.225478
approach2_run1,3383000,1779274131.273425
approach2_run1,3384000,1779274131.358034
approach2_run1,3385000,1779274131.415152
approach2_run1,3386000,1779274131.501016
approach2_run1,3387000,1779274131.529101
approach2_run1,3388000,1779274131.613664
approach2_run1,3389000,1779274131.674500
approach2_run1,3390000,1779274131.744474
approach2_run1,3391000,1779274131.765800
approach2_run1,3392000,1779274131.869637
approach2_run1,3393000,1779274131.954148
approach2_run1,3394000,1779274132.019781
approach2_run1,3395000,1779274132.105779
approach2_run1,3396000,1779274132.125030
approach2_run1,3397000,1779274132.209650
approach2_run1,3398000,1779274132.279091
approach2_run1,3399000,1779274132.365139
approach2_run1,3400000,1779274132.381142
approach2_run1,3401000,1779274132.465729
approach2_run1,3402000,1779274132.538207
approach2_run1,3403000,1779274132.623978
approach2_run1,3404000,1779274132.637340
approach2_run1,3405000,1779274132.710345
approach2_run1,3406000,1779274132.766674
approach2_run1,3407000,1779274132.851729
approach2_run1,3408000,1779274132.885218
approach2_run1,3409000,1779274132.971426
approach2_run1,3410000,1779274133.058362
approach2_run1,3411000,1779274133.144153
approach2_run1,3412000,1779274133.149858
approach2_run1,3413000,1779274133.234472
approach2_run1,3414000,1779274133.319712
approach2_run1,3415000,1779274133.406050
approach2_run1,3416000,1779274133.489275
approach2_run1,3417000,1779274133.490998
approach2_run1,3418000,1779274133.576418
approach2_run1,3419000,1779274133.660950
approach2_run1,3420000,1779274133.702136
approach2_run1,3421000,1779274133.752611
approach2_run1,3422000,1779274133.838603
approach2_run1,3423000,1779274133.873192
approach2_run1,3424000,1779274133.958043
approach2_run1,3425000,1779274134.009403
approach2_run1,3426000,1779274134.095686
approach2_run1,3427000,1779274134.128970
approach2_run1,3428000,1779274134.213923
approach2_run1,3429000,1779274134.269407
approach2_run1,3430000,1779274134.355812
approach2_run1,3431000,1779274134.385039
approach2_run1,3432000,1779274134.469815
approach2_run1,3433000,1779274134.531613
approach2_run1,3434000,1779274134.616133
approach2_run1,3435000,1779274134.703267
approach2_run1,3436000,1779274134.725181
approach2_run1,3437000,1779274134.810102
approach2_run1,3438000,1779274134.876538
approach2_run1,3439000,1779274134.962340
approach2_run1,3440000,1779274134.981205
approach2_run1,3441000,1779274135.066126
approach2_run1,3442000,1779274135.135110
approach2_run1,3443000,1779274135.221183
approach2_run1,3444000,1779274135.279569
approach2_run1,3445000,1779274135.364287
approach2_run1,3446000,1779274135.403413
approach2_run1,3447000,1779274135.489322
approach2_run1,3448000,1779274135.535255
approach2_run1,3449000,1779274135.620426
approach2_run1,3450000,1779274135.663586
approach2_run1,3451000,1779274135.749943
approach2_run1,3452000,1779274135.791213
approach2_run1,3453000,1779274135.876227
approach2_run1,3454000,1779274135.919164
approach2_run1,3455000,1779274136.010349
approach2_run1,3456000,1779274136.096494
approach2_run1,3457000,1779274136.131879
approach2_run1,3458000,1779274136.216446
approach2_run1,3459000,1779274136.269984
approach2_run1,3460000,1779274136.355749
approach2_run1,3461000,1779274136.399392
approach2_run1,3462000,1779274136.484412
approach2_run1,3463000,1779274136.529634
approach2_run1,3464000,1779274136.615486
approach2_run1,3465000,1779274136.655266
approach2_run1,3466000,1779274136.740094
approach2_run1,3467000,1779274136.788640
approach2_run1,3468000,1779274136.874456
approach2_run1,3469000,1779274136.910892
approach2_run1,3470000,1779274137.001053
approach2_run1,3471000,1779274137.046094
approach2_run1,3472000,1779274137.126699
approach2_run1,3473000,1779274137.211883
approach2_run1,3474000,1779274137.256859
approach2_run1,3475000,1779274137.341635
approach2_run1,3476000,1779274137.426394
approach2_run1,3477000,1779274137.450046
approach2_run1,3478000,1779274137.527579
approach2_run1,3479000,1779274137.586301
approach2_run1,3480000,1779274137.652401
approach2_run1,3481000,1779274137.732429
approach2_run1,3482000,1779274137.762310
approach2_run1,3483000,1779274137.847115
approach2_run1,3484000,1779274137.937361
approach2_run1,3485000,1779274137.989656
approach2_run1,3486000,1779274138.057169
approach2_run1,3487000,1779274138.103201
approach2_run1,3488000,1779274138.188078
approach2_run1,3489000,1779274138.272948
approach2_run1,3490000,1779274138.274913
approach2_run1,3491000,1779274138.358319
approach2_run1,3492000,1779274138.443313
approach2_run1,3493000,1779274138.509791
approach2_run1,3494000,1779274138.594711
approach2_run1,3495000,1779274138.614791
approach2_run1,3496000,1779274138.687506
approach2_run1,3497000,1779274138.772317
approach2_run1,3498000,1779274138.823718
approach2_run1,3499000,1779274138.881105
approach2_run1,3500000,1779274138.948108
approach2_run1,3501000,1779274139.028391
approach2_run1,3502000,1779274139.113470
approach2_run1,3503000,1779274139.197992
approach2_run1,3504000,1779274139.200345
approach2_run1,3505000,1779274139.285570
approach2_run1,3506000,1779274139.368499
approach2_run1,3507000,1779274139.435392
approach2_run1,3508000,1779274139.507555
approach2_run1,3509000,1779274139.539858
approach2_run1,3510000,1779274139.624699
approach2_run1,3511000,1779274139.709590
approach2_run1,3512000,1779274139.780592
approach2_run1,3513000,1779274139.795509
approach2_run1,3514000,1779274139.880906
approach2_run1,3515000,1779274139.965883
approach2_run1,3516000,1779274140.040415
approach2_run1,3517000,1779274140.051502
approach2_run1,3518000,1779274140.136401
approach2_run1,3519000,1779274140.221322
approach2_run1,3520000,1779274140.301590
approach2_run1,3521000,1779274140.353498
approach2_run1,3522000,1779274140.391984
approach2_run1,3523000,1779274140.489658
approach2_run1,3524000,1779274140.561880
approach2_run1,3525000,1779274140.620085
approach2_run1,3526000,1779274140.660403
approach2_run1,3527000,1779274140.745222
approach2_run1,3528000,1779274140.823900
approach2_run1,3529000,1779274140.892160
approach2_run1,3530000,1779274140.915813
approach2_run1,3531000,1779274141.000755
approach2_run1,3532000,1779274141.083737
approach2_run1,3533000,1779274141.151961
approach2_run1,3534000,1779274141.217153
approach2_run1,3535000,1779274141.256467
approach2_run1,3536000,1779274141.342955
approach2_run1,3537000,1779274141.416068
approach2_run1,3538000,1779274141.476307
approach2_run1,3539000,1779274141.515511
approach2_run1,3540000,1779274141.601616
approach2_run1,3541000,1779274141.675426
approach2_run1,3542000,1779274141.735981
approach2_run1,3543000,1779274141.803637
approach2_run1,3544000,1779274141.856098
approach2_run1,3545000,1779274141.924359
approach2_run1,3546000,1779274141.996268
approach2_run1,3547000,1779274142.063849
approach2_run1,3548000,1779274142.094839
approach2_run1,3549000,1779274142.180130
approach2_run1,3550000,1779274142.263922
approach2_run1,3551000,1779274142.312917
approach2_run1,3552000,1779274142.323610
approach2_run1,3553000,1779274142.435620
approach2_run1,3554000,1779274142.520858
approach2_run1,3555000,1779274142.582967
approach2_run1,3556000,1779274142.659164
approach2_run1,3557000,1779274142.708323
approach2_run1,3558000,1779274142.783325
approach2_run1,3559000,1779274142.840327
approach2_run1,3560000,1779274142.898095
approach2_run1,3561000,1779274142.963499
approach2_run1,3562000,1779274143.050051
approach2_run1,3563000,1779274143.120272
approach2_run1,3564000,1779274143.177950
approach2_run1,3565000,1779274143.239354
approach2_run1,3566000,1779274143.304020
approach2_run1,3567000,1779274143.389029
approach2_run1,3568000,1779274143.446913
approach2_run1,3569000,1779274143.504562
approach2_run1,3570000,1779274143.561198
approach2_run1,3571000,1779274143.645365
approach2_run1,3572000,1779274143.726071
approach2_run1,3573000,1779274143.780256
approach2_run1,3574000,1779274143.816475
approach2_run1,3575000,1779274143.901238
approach2_run1,3576000,1779274143.959586
approach2_run1,3577000,1779274144.019264
approach2_run1,3578000,1779274144.072016
approach2_run1,3579000,1779274144.156332
approach2_run1,3580000,1779274144.226939
approach2_run1,3581000,1779274144.279553
approach2_run1,3582000,1779274144.327373
approach2_run1,3583000,1779274144.431856
approach2_run1,3584000,1779274144.479453
approach2_run1,3585000,1779274144.538874
approach2_run1,3586000,1779274144.624664
approach2_run1,3587000,1779274144.687399
approach2_run1,3588000,1779274144.771993
approach2_run1,3589000,1779274144.849394
approach2_run1,3590000,1779274144.886626
approach2_run1,3591000,1779274144.935821
approach2_run1,3592000,1779274145.007519
approach2_run1,3593000,1779274145.092704
approach2_run1,3594000,1779274145.145898
approach2_run1,3595000,1779274145.199012
approach2_run1,3596000,1779274145.283827
approach2_run1,3597000,1779274145.342907
approach2_run1,3598000,1779274145.423990
approach2_run1,3599000,1779274145.454721
approach2_run1,3600000,1779274145.539740
approach2_run1,3601000,1779274145.624565
approach2_run1,3602000,1779274145.687218
approach2_run1,3603000,1779274145.733263
approach2_run1,3604000,1779274145.795417
approach2_run1,3605000,1779274145.880053
approach2_run1,3606000,1779274145.946949
approach2_run1,3607000,1779274145.994782
approach2_run1,3608000,1779274146.051174
approach2_run1,3609000,1779274146.135669
approach2_run1,3610000,1779274146.208135
approach2_run1,3611000,1779274146.294211
approach2_run1,3612000,1779274146.306539
approach2_run1,3613000,1779274146.391245
approach2_run1,3614000,1779274146.468031
approach2_run1,3615000,1779274146.554101
approach2_run1,3616000,1779274146.562150
approach2_run1,3617000,1779274146.646901
approach2_run1,3618000,1779274146.732710
approach2_run1,3619000,1779274146.817051
approach2_run1,3620000,1779274146.901674
approach2_run1,3621000,1779274146.906069
approach2_run1,3622000,1779274146.992043
approach2_run1,3623000,1779274147.072826
approach2_run1,3624000,1779274147.165140
approach2_run1,3625000,1779274147.174495
approach2_run1,3626000,1779274147.251579
approach2_run1,3627000,1779274147.328472
approach2_run1,3628000,1779274147.413154
approach2_run1,3629000,1779274147.425296
approach2_run1,3630000,1779274147.507871
approach2_run1,3631000,1779274147.595230
approach2_run1,3632000,1779274147.668923
approach2_run1,3633000,1779274147.681961
approach2_run1,3634000,1779274147.768206
approach2_run1,3635000,1779274147.856204
approach2_run1,3636000,1779274147.925017
approach2_run1,3637000,1779274147.943691
approach2_run1,3638000,1779274148.032068
approach2_run1,3639000,1779274148.096071
approach2_run1,3640000,1779274148.196752
approach2_run1,3641000,1779274148.281339
approach2_run1,3642000,1779274148.291829
approach2_run1,3643000,1779274148.394629
approach2_run1,3644000,1779274148.436110
approach2_run1,3645000,1779274148.520800
approach2_run1,3646000,1779274148.568363
approach2_run1,3647000,1779274148.654365
approach2_run1,3648000,1779274148.708371
approach2_run1,3649000,1779274148.792931
approach2_run1,3650000,1779274148.827552
approach2_run1,3651000,1779274148.913510
approach2_run1,3652000,1779274148.963770
approach2_run1,3653000,1779274149.048478
approach2_run1,3654000,1779274149.086816
approach2_run1,3655000,1779274149.172694
approach2_run1,3656000,1779274149.219598
approach2_run1,3657000,1779274149.287122
approach2_run1,3658000,1779274149.354388
approach2_run1,3659000,1779274149.440370
approach2_run1,3660000,1779274149.457914
approach2_run1,3661000,1779274149.542670
approach2_run1,3662000,1779274149.613584
approach2_run1,3663000,1779274149.691064
approach2_run1,3664000,1779274149.776851
approach2_run1,3665000,1779274149.815221
approach2_run1,3666000,1779274149.900283
approach2_run1,3667000,1779274149.950772
approach2_run1,3668000,1779274150.036917
approach2_run1,3669000,1779274150.071160
approach2_run1,3670000,1779274150.156756
approach2_run1,3671000,1779274150.210395
approach2_run1,3672000,1779274150.296282
approach2_run1,3673000,1779274150.327229
approach2_run1,3674000,1779274150.412766
approach2_run1,3675000,1779274150.487219
approach2_run1,3676000,1779274150.573025
approach2_run1,3677000,1779274150.583628
approach2_run1,3678000,1779274150.668518
approach2_run1,3679000,1779274150.747057
approach2_run1,3680000,1779274150.833228
approach2_run1,3681000,1779274150.839659
approach2_run1,3682000,1779274150.924560
approach2_run1,3683000,1779274151.006819
approach2_run1,3684000,1779274151.093206
approach2_run1,3685000,1779274151.179085
approach2_run1,3686000,1779274151.180851
approach2_run1,3687000,1779274151.266402
approach2_run1,3688000,1779274151.351762
approach2_run1,3689000,1779274151.436402
approach2_run1,3690000,1779274151.440755
approach2_run1,3691000,1779274151.526788
approach2_run1,3692000,1779274151.607568
approach2_run1,3693000,1779274151.693258
approach2_run1,3694000,1779274151.700689
approach2_run1,3695000,1779274151.788445
approach2_run1,3696000,1779274151.862946
approach2_run1,3697000,1779274151.947763
approach2_run1,3698000,1779274151.962242
approach2_run1,3699000,1779274152.048365
approach2_run1,3700000,1779274152.119698
approach2_run1,3701000,1779274152.204311
approach2_run1,3702000,1779274152.223358
approach2_run1,3703000,1779274152.309230
approach2_run1,3704000,1779274152.375952
approach2_run1,3705000,1779274152.484707
approach2_run1,3706000,1779274152.570733
approach2_run1,3707000,1779274152.572396
approach2_run1,3708000,1779274152.657267
approach2_run1,3709000,1779274152.741801
approach2_run1,3710000,1779274152.826101
approach2_run1,3711000,1779274152.830971
approach2_run1,3712000,1779274152.913607
approach2_run1,3713000,1779274152.998223
approach2_run1,3714000,1779274153.084510
approach2_run1,3715000,1779274153.086516
approach2_run1,3716000,1779274153.172352
approach2_run1,3717000,1779274153.253732
approach2_run1,3718000,1779274153.338469
approach2_run1,3719000,1779274153.346808
approach2_run1,3720000,1779274153.432955
approach2_run1,3721000,1779274153.510923
approach2_run1,3722000,1779274153.593837
approach2_run1,3723000,1779274153.609316
approach2_run1,3724000,1779274153.695246
approach2_run1,3725000,1779274153.764737
approach2_run1,3726000,1779274153.849533
approach2_run1,3727000,1779274153.933829
approach2_run1,3728000,1779274153.969669
approach2_run1,3729000,1779274154.055673
approach2_run1,3730000,1779274154.106351
approach2_run1,3731000,1779274154.191298
approach2_run1,3732000,1779274154.229133
approach2_run1,3733000,1779274154.316058
approach2_run1,3734000,1779274154.362646
approach2_run1,3735000,1779274154.447315
approach2_run1,3736000,1779274154.489467
approach2_run1,3737000,1779274154.575736
approach2_run1,3738000,1779274154.617908
approach2_run1,3739000,1779274154.702435
approach2_run1,3740000,1779274154.748967
approach2_run1,3741000,1779274154.835264
approach2_run1,3742000,1779274154.873224
approach2_run1,3743000,1779274154.958679
approach2_run1,3744000,1779274155.008786
approach2_run1,3745000,1779274155.101146
approach2_run1,3746000,1779274155.130040
approach2_run1,3747000,1779274155.214597
approach2_run1,3748000,1779274155.299254
approach2_run1,3749000,1779274155.354350
approach2_run1,3750000,1779274155.440612
approach2_run1,3751000,1779274155.470658
approach2_run1,3752000,1779274155.555704
approach2_run1,3753000,1779274155.621438
approach2_run1,3754000,1779274155.707415
approach2_run1,3755000,1779274155.726004
approach2_run1,3756000,1779274155.811517
approach2_run1,3757000,1779274155.880645
approach2_run1,3758000,1779274155.966538
approach2_run1,3759000,1779274155.982233
approach2_run1,3760000,1779274156.106212
approach2_run1,3761000,1779274156.152614
approach2_run1,3762000,1779274156.237174
approach2_run1,3763000,1779274156.240746
approach2_run1,3764000,1779274156.361754
approach2_run1,3765000,1779274156.399276
approach2_run1,3766000,1779274156.485324
approach2_run1,3767000,1779274156.532702
approach2_run1,3768000,1779274156.617348
approach2_run1,3769000,1779274156.702415
approach2_run1,3770000,1779274156.744632
approach2_run1,3771000,1779274156.830561
approach2_run1,3772000,1779274156.873318
approach2_run1,3773000,1779274156.957488
approach2_run1,3774000,1779274156.996091
approach2_run1,3775000,1779274157.081908
approach2_run1,3776000,1779274157.128480
approach2_run1,3777000,1779274157.173382
approach2_run1,3778000,1779274157.255326
approach2_run1,3779000,1779274157.341260
approach2_run1,3780000,1779274157.384380
approach2_run1,3781000,1779274157.429031
approach2_run1,3782000,1779274157.514623
approach2_run1,3783000,1779274157.600608
approach2_run1,3784000,1779274157.639905
approach2_run1,3785000,1779274157.724451
approach2_run1,3786000,1779274157.781665
approach2_run1,3787000,1779274157.867934
approach2_run1,3788000,1779274157.896302
approach2_run1,3789000,1779274157.979986
approach2_run1,3790000,1779274158.065787
approach2_run1,3791000,1779274158.119125
approach2_run1,3792000,1779274158.204939
approach2_run1,3793000,1779274158.248093
approach2_run1,3794000,1779274158.333248
approach2_run1,3795000,1779274158.378262
approach2_run1,3796000,1779274158.450898
approach2_run1,3797000,1779274158.504417
approach2_run1,3798000,1779274158.589423
approach2_run1,3799000,1779274158.638485
approach2_run1,3800000,1779274158.724458
approach2_run1,3801000,1779274158.760938
approach2_run1,3802000,1779274158.845771
approach2_run1,3803000,1779274158.897717
approach2_run1,3804000,1779274158.983701
approach2_run1,3805000,1779274159.016489
approach2_run1,3806000,1779274159.101647
approach2_run1,3807000,1779274159.157001
approach2_run1,3808000,1779274159.229363
approach2_run1,3809000,1779274159.272357
approach2_run1,3810000,1779274159.357625
approach2_run1,3811000,1779274159.442170
approach2_run1,3812000,1779274159.488830
approach2_run1,3813000,1779274159.574952
approach2_run1,3814000,1779274159.612303
approach2_run1,3815000,1779274159.698232
approach2_run1,3816000,1779274159.748293
approach2_run1,3817000,1779274159.847272
approach2_run1,3818000,1779274159.869488
approach2_run1,3819000,1779274159.954183
approach2_run1,3820000,1779274160.020704
approach2_run1,3821000,1779274160.106652
approach2_run1,3822000,1779274160.123729
approach2_run1,3823000,1779274160.208484
approach2_run1,3824000,1779274160.279944
approach2_run1,3825000,1779274160.353049
approach2_run1,3826000,1779274160.379277
approach2_run1,3827000,1779274160.464187
approach2_run1,3828000,1779274160.539128
approach2_run1,3829000,1779274160.625387
approach2_run1,3830000,1779274160.635355
approach2_run1,3831000,1779274160.721673
approach2_run1,3832000,1779274160.799087
approach2_run1,3833000,1779274160.885146
approach2_run1,3834000,1779274160.971549
approach2_run1,3835000,1779274160.978008
approach2_run1,3836000,1779274161.063214
approach2_run1,3837000,1779274161.145077
approach2_run1,3838000,1779274161.231221
approach2_run1,3839000,1779274161.234024
approach2_run1,3840000,1779274161.344331
approach2_run1,3841000,1779274161.410431
approach2_run1,3842000,1779274161.490662
approach2_run1,3843000,1779274161.515678
approach2_run1,3844000,1779274161.600357
approach2_run1,3845000,1779274161.670050
approach2_run1,3846000,1779274161.755929
approach2_run1,3847000,1779274161.771360
approach2_run1,3848000,1779274161.857008
approach2_run1,3849000,1779274161.929535
approach2_run1,3850000,1779274162.015361
approach2_run1,3851000,1779274162.026450
approach2_run1,3852000,1779274162.111517
approach2_run1,3853000,1779274162.189002
approach2_run1,3854000,1779274162.274961
approach2_run1,3855000,1779274162.360725
approach2_run1,3856000,1779274162.370049
approach2_run1,3857000,1779274162.454966
approach2_run1,3858000,1779274162.534172
approach2_run1,3859000,1779274162.620087
approach2_run1,3860000,1779274162.622860
approach2_run1,3861000,1779274162.710531
approach2_run1,3862000,1779274162.793498
approach2_run1,3863000,1779274162.874205
approach2_run1,3864000,1779274162.879625
approach2_run1,3865000,1779274162.964324
approach2_run1,3866000,1779274163.038626
approach2_run1,3867000,1779274163.134431
approach2_run1,3868000,1779274163.136144
approach2_run1,3869000,1779274163.222958
approach2_run1,3870000,1779274163.308363
approach2_run1,3871000,1779274163.393498
approach2_run1,3872000,1779274163.398544
approach2_run1,3873000,1779274163.480555
approach2_run1,3874000,1779274163.564173
approach2_run1,3875000,1779274163.649221
approach2_run1,3876000,1779274163.733720
approach2_run1,3877000,1779274163.739981
approach2_run1,3878000,1779274163.830102
approach2_run1,3879000,1779274163.904535
approach2_run1,3880000,1779274163.989231
approach2_run1,3881000,1779274163.999170
approach2_run1,3882000,1779274164.085112
approach2_run1,3883000,1779274164.160409
approach2_run1,3884000,1779274164.245145
approach2_run1,3885000,1779274164.262653
approach2_run1,3886000,1779274164.348538
approach2_run1,3887000,1779274164.413220
approach2_run1,3888000,1779274164.497837
approach2_run1,3889000,1779274164.521748
approach2_run1,3890000,1779274164.607754
approach2_run1,3891000,1779274164.668976
approach2_run1,3892000,1779274164.753479
approach2_run1,3893000,1779274164.781014
approach2_run1,3894000,1779274164.866659
approach2_run1,3895000,1779274164.924318
approach2_run1,3896000,1779274165.009122
approach2_run1,3897000,1779274165.093650
approach2_run1,3898000,1779274165.126432
approach2_run1,3899000,1779274165.212616
approach2_run1,3900000,1779274165.264757
approach2_run1,3901000,1779274165.352091
approach2_run1,3902000,1779274165.386636
approach2_run1,3903000,1779274165.472275
approach2_run1,3904000,1779274165.520926
approach2_run1,3905000,1779274165.605167
approach2_run1,3906000,1779274165.645817
approach2_run1,3907000,1779274165.731870
approach2_run1,3908000,1779274165.778518
approach2_run1,3909000,1779274165.860674
approach2_run1,3910000,1779274165.905209
approach2_run1,3911000,1779274165.990995
approach2_run1,3912000,1779274166.034498
approach2_run1,3913000,1779274166.119390
approach2_run1,3914000,1779274166.165004
approach2_run1,3915000,1779274166.250910
approach2_run1,3916000,1779274166.290063
approach2_run1,3917000,1779274166.374836
approach2_run1,3918000,1779274166.424170
approach2_run1,3919000,1779274166.526811
approach2_run1,3920000,1779274166.612839
approach2_run1,3921000,1779274166.632260
approach2_run1,3922000,1779274166.717218
approach2_run1,3923000,1779274166.789635
approach2_run1,3924000,1779274166.875529
approach2_run1,3925000,1779274166.888027
approach2_run1,3926000,1779274166.972488
approach2_run1,3927000,1779274167.045331
approach2_run1,3928000,1779274167.131249
approach2_run1,3929000,1779274167.143412
approach2_run1,3930000,1779274167.227942
approach2_run1,3931000,1779274167.308236
approach2_run1,3932000,1779274167.394055
approach2_run1,3933000,1779274167.398710
approach2_run1,3934000,1779274167.483488
approach2_run1,3935000,1779274167.567359
approach2_run1,3936000,1779274167.653640
approach2_run1,3937000,1779274167.655756
approach2_run1,3938000,1779274167.741201
approach2_run1,3939000,1779274167.826601
approach2_run1,3940000,1779274167.909419
approach2_run1,3941000,1779274167.993913
approach2_run1,3942000,1779274167.999034
approach2_run1,3943000,1779274168.087280
approach2_run1,3944000,1779274168.164862
approach2_run1,3945000,1779274168.250980
approach2_run1,3946000,1779274168.258074
approach2_run1,3947000,1779274168.343889
approach2_run1,3948000,1779274168.422076
approach2_run1,3949000,1779274168.505140
approach2_run1,3950000,1779274168.517247
approach2_run1,3951000,1779274168.603160
approach2_run1,3952000,1779274168.675898
approach2_run1,3953000,1779274168.760606
approach2_run1,3954000,1779274168.776523
approach2_run1,3955000,1779274168.862664
approach2_run1,3956000,1779274168.931439
approach2_run1,3957000,1779274169.016022
approach2_run1,3958000,1779274169.035995
approach2_run1,3959000,1779274169.118865
approach2_run1,3960000,1779274169.187100
approach2_run1,3961000,1779274169.271679
approach2_run1,3962000,1779274169.356311
approach2_run1,3963000,1779274169.379549
approach2_run1,3964000,1779274169.466161
approach2_run1,3965000,1779274169.527867
approach2_run1,3966000,1779274169.612420
approach2_run1,3967000,1779274169.639580
approach2_run1,3968000,1779274169.725423
approach2_run1,3969000,1779274169.783599
approach2_run1,3970000,1779274169.868132
approach2_run1,3971000,1779274169.899205
approach2_run1,3972000,1779274169.985497
approach2_run1,3973000,1779274170.040920
approach2_run1,3974000,1779274170.158167
approach2_run1,3975000,1779274170.165119
approach2_run1,3976000,1779274170.249954
approach2_run1,3977000,1779274170.332086
approach2_run1,3978000,1779274170.417943
approach2_run1,3979000,1779274170.420866
approach2_run1,3980000,1779274170.505839
approach2_run1,3981000,1779274170.591550
approach2_run1,3982000,1779274170.677467
approach2_run1,3983000,1779274170.763206
approach2_run1,3984000,1779274170.765004
approach2_run1,3985000,1779274170.851146
approach2_run1,3986000,1779274170.935275
approach2_run1,3987000,1779274171.019955
approach2_run1,3988000,1779274171.026886
approach2_run1,3989000,1779274171.112727
approach2_run1,3990000,1779274171.190726
approach2_run1,3991000,1779274171.275621
approach2_run1,3992000,1779274171.282343
approach2_run1,3993000,1779274171.368245
approach2_run1,3994000,1779274171.451883
approach2_run1,3995000,1779274171.536506
approach2_run1,3996000,1779274171.541839
approach2_run1,3997000,1779274171.632043
approach2_run1,3998000,1779274171.707839
approach2_run1,3999000,1779274171.792506
approach2_run1,4000000,1779274171.801255
approach2_run1,4001000,1779274171.891468
approach2_run1,4002000,1779274171.963410
approach2_run1,4003000,1779274172.048085
approach2_run1,4004000,1779274172.064743
approach2_run1,4005000,1779274172.150779
approach2_run1,4006000,1779274172.236663
approach2_run1,4007000,1779274172.304099
approach2_run1,4008000,1779274172.388673
approach2_run1,4009000,1779274172.410570
approach2_run1,4010000,1779274172.496505
approach2_run1,4011000,1779274172.560030
approach2_run1,4012000,1779274172.645893
approach2_run1,4013000,1779274172.669919
approach2_run1,4014000,1779274172.751950
approach2_run1,4015000,1779274172.815276
approach2_run1,4016000,1779274172.899856
approach2_run1,4017000,1779274172.925641
approach2_run1,4018000,1779274173.011581
approach2_run1,4019000,1779274173.070856
approach2_run1,4020000,1779274173.155468
approach2_run1,4021000,1779274173.185024
approach2_run1,4022000,1779274173.274427
approach2_run1,4023000,1779274173.326442
approach2_run1,4024000,1779274173.411129
approach2_run1,4025000,1779274173.439614
approach2_run1,4026000,1779274173.526780
approach2_run1,4027000,1779274173.613785
approach2_run1,4028000,1779274173.666916
approach2_run1,4029000,1779274173.754084
approach2_run1,4030000,1779274173.792218
approach2_run1,4031000,1779274173.888901
approach2_run1,4032000,1779274173.925319
approach2_run1,4033000,1779274174.009971
approach2_run1,4034000,1779274174.062492
approach2_run1,4035000,1779274174.148256
approach2_run1,4036000,1779274174.182195
approach2_run1,4037000,1779274174.267125
approach2_run1,4038000,1779274174.321855
approach2_run1,4039000,1779274174.407997
approach2_run1,4040000,1779274174.440294
approach2_run1,4041000,1779274174.525016
approach2_run1,4042000,1779274174.581353
approach2_run1,4043000,1779274174.667269
approach2_run1,4044000,1779274174.693371
approach2_run1,4045000,1779274174.777999
approach2_run1,4046000,1779274174.840566
approach2_run1,4047000,1779274174.917804
approach2_run1,4048000,1779274175.003579
approach2_run1,4049000,1779274175.031919
approach2_run1,4050000,1779274175.116549
approach2_run1,4051000,1779274175.185671
approach2_run1,4052000,1779274175.271667
approach2_run1,4053000,1779274175.284832
approach2_run1,4054000,1779274175.369451
approach2_run1,4055000,1779274175.445051
approach2_run1,4056000,1779274175.530940
approach2_run1,4057000,1779274175.542770
approach2_run1,4058000,1779274175.627384
approach2_run1,4059000,1779274175.704136
approach2_run1,4060000,1779274175.790143
approach2_run1,4061000,1779274175.798347
approach2_run1,4062000,1779274175.883005
approach2_run1,4063000,1779274175.955249
approach2_run1,4064000,1779274176.049651
approach2_run1,4065000,1779274176.053818
approach2_run1,4066000,1779274176.138400
approach2_run1,4067000,1779274176.223238
approach2_run1,4068000,1779274176.300325
approach2_run1,4069000,1779274176.386585
approach2_run1,4070000,1779274176.393733
approach2_run1,4071000,1779274176.481578
approach2_run1,4072000,1779274176.564266
approach2_run1,4073000,1779274176.648900
approach2_run1,4074000,1779274176.656919
approach2_run1,4075000,1779274176.743313
approach2_run1,4076000,1779274176.820693
approach2_run1,4077000,1779274176.905372
approach2_run1,4078000,1779274176.920263
approach2_run1,4079000,1779274177.006183
approach2_run1,4080000,1779274177.076325
approach2_run1,4081000,1779274177.160966
approach2_run1,4082000,1779274177.179413
approach2_run1,4083000,1779274177.265423
approach2_run1,4084000,1779274177.329866
approach2_run1,4085000,1779274177.416271
approach2_run1,4086000,1779274177.438743
approach2_run1,4087000,1779274177.524863
approach2_run1,4088000,1779274177.587892
approach2_run1,4089000,1779274177.673388
approach2_run1,4090000,1779274177.700769
approach2_run1,4091000,1779274177.786730
approach2_run1,4092000,1779274177.872685
approach2_run1,4093000,1779274177.927926
approach2_run1,4094000,1779274178.013710
approach2_run1,4095000,1779274178.046058
approach2_run1,4096000,1779274178.160588
approach2_run1,4097000,1779274178.184753
approach2_run1,4098000,1779274178.269437
approach2_run1,4099000,1779274178.334163
approach2_run1,4100000,1779274178.420341
approach2_run1,4101000,1779274178.440695
approach2_run1,4102000,1779274178.525421
approach2_run1,4103000,1779274178.593522
approach2_run1,4104000,1779274178.679403
approach2_run1,4105000,1779274178.696839
approach2_run1,4106000,1779274178.784884
approach2_run1,4107000,1779274178.859219
approach2_run1,4108000,1779274178.938506
approach2_run1,4109000,1779274178.952186
approach2_run1,4110000,1779274179.036874
approach2_run1,4111000,1779274179.111721
approach2_run1,4112000,1779274179.197795
approach2_run1,4113000,1779274179.283710
approach2_run1,4114000,1779274179.292186
approach2_run1,4115000,1779274179.380361
approach2_run1,4116000,1779274179.457298
approach2_run1,4117000,1779274179.543148
approach2_run1,4118000,1779274179.551924
approach2_run1,4119000,1779274179.636501
approach2_run1,4120000,1779274179.716623
approach2_run1,4121000,1779274179.802540
approach2_run1,4122000,1779274179.807370
approach2_run1,4123000,1779274179.892016
approach2_run1,4124000,1779274179.975893
approach2_run1,4125000,1779274180.061874
approach2_run1,4126000,1779274180.096208
approach2_run1,4127000,1779274180.181018
approach2_run1,4128000,1779274180.242443
approach2_run1,4129000,1779274180.328473
approach2_run1,4130000,1779274180.352033
approach2_run1,4131000,1779274180.436707
approach2_run1,4132000,1779274180.502165
approach2_run1,4133000,1779274180.588344
approach2_run1,4134000,1779274180.608133
approach2_run1,4135000,1779274180.692912
approach2_run1,4136000,1779274180.786930
approach2_run1,4137000,1779274180.848421
approach2_run1,4138000,1779274180.934434
approach2_run1,4139000,1779274180.957774
approach2_run1,4140000,1779274181.042388
approach2_run1,4141000,1779274181.107725
approach2_run1,4142000,1779274181.200818
approach2_run1,4143000,1779274181.240469
approach2_run1,4144000,1779274181.325202
approach2_run1,4145000,1779274181.374068
approach2_run1,4146000,1779274181.459938
approach2_run1,4147000,1779274181.496069
approach2_run1,4148000,1779274181.580735
approach2_run1,4149000,1779274181.633528
approach2_run1,4150000,1779274181.721471
approach2_run1,4151000,1779274181.751653
approach2_run1,4152000,1779274181.836486
approach2_run1,4153000,1779274181.886116
approach2_run1,4154000,1779274181.972071
approach2_run1,4155000,1779274181.979290
approach2_run1,4156000,1779274182.067393
approach2_run1,4157000,1779274182.153057
approach2_run1,4158000,1779274182.232791
approach2_run1,4159000,1779274182.317298
approach2_run1,4160000,1779274182.326524
approach2_run1,4161000,1779274182.412465
approach2_run1,4162000,1779274182.488157
approach2_run1,4163000,1779274182.572874
approach2_run1,4164000,1779274182.585876
approach2_run1,4165000,1779274182.671836
approach2_run1,4166000,1779274182.744020
approach2_run1,4167000,1779274182.828668
approach2_run1,4168000,1779274182.845278
approach2_run1,4169000,1779274182.931182
approach2_run1,4170000,1779274182.999534
approach2_run1,4171000,1779274183.084429
approach2_run1,4172000,1779274183.108645
approach2_run1,4173000,1779274183.190297
approach2_run1,4174000,1779274183.256510
approach2_run1,4175000,1779274183.341031
approach2_run1,4176000,1779274183.363419
approach2_run1,4177000,1779274183.449435
approach2_run1,4178000,1779274183.535500
approach2_run1,4179000,1779274183.596808
approach2_run1,4180000,1779274183.708887
approach2_run1,4181000,1779274183.710776
approach2_run1,4182000,1779274183.799780
approach2_run1,4183000,1779274183.881334
approach2_run1,4184000,1779274183.966026
approach2_run1,4185000,1779274183.973269
approach2_run1,4186000,1779274184.059135
approach2_run1,4187000,1779274184.137079
approach2_run1,4188000,1779274184.221658
approach2_run1,4189000,1779274184.232629
approach2_run1,4190000,1779274184.318531
approach2_run1,4191000,1779274184.392398
approach2_run1,4192000,1779274184.477007
approach2_run1,4193000,1779274184.491787
approach2_run1,4194000,1779274184.579327
approach2_run1,4195000,1779274184.647968
approach2_run1,4196000,1779274184.732739
approach2_run1,4197000,1779274184.750802
approach2_run1,4198000,1779274184.837087
approach2_run1,4199000,1779274184.909090
approach2_run1,4200000,1779274184.993832
approach2_run1,4201000,1779274185.078696
approach2_run1,4202000,1779274185.096406
approach2_run1,4203000,1779274185.182366
approach2_run1,4204000,1779274185.250051
approach2_run1,4205000,1779274185.334641
approach2_run1,4206000,1779274185.351036
approach2_run1,4207000,1779274185.442759
approach2_run1,4208000,1779274185.505791
approach2_run1,4209000,1779274185.590543
approach2_run1,4210000,1779274185.616302
approach2_run1,4211000,1779274185.702567
approach2_run1,4212000,1779274185.761874
approach2_run1,4213000,1779274185.846488
approach2_run1,4214000,1779274185.877866
approach2_run1,4215000,1779274185.963674
approach2_run1,4216000,1779274186.024827
approach2_run1,4217000,1779274186.109393
approach2_run1,4218000,1779274186.137901
approach2_run1,4219000,1779274186.223776
approach2_run1,4220000,1779274186.280360
approach2_run1,4221000,1779274186.365448
approach2_run1,4222000,1779274186.442226
approach2_run1,4223000,1779274186.483108
approach2_run1,4224000,1779274186.568852
approach2_run1,4225000,1779274186.613107
approach2_run1,4226000,1779274186.697829
approach2_run1,4227000,1779274186.742500
approach2_run1,4228000,1779274186.826988
approach2_run1,4229000,1779274186.868502
approach2_run1,4230000,1779274186.953055
approach2_run1,4231000,1779274187.001499
approach2_run1,4232000,1779274187.087164
approach2_run1,4233000,1779274187.132068
approach2_run1,4234000,1779274187.208678
approach2_run1,4235000,1779274187.265685
approach2_run1,4236000,1779274187.352516
approach2_run1,4237000,1779274187.379575
approach2_run1,4238000,1779274187.464422
approach2_run1,4239000,1779274187.526092
approach2_run1,4240000,1779274187.617003
approach2_run1,4241000,1779274187.635541
approach2_run1,4242000,1779274187.720322
approach2_run1,4243000,1779274187.804853
approach2_run1,4244000,1779274187.877021
approach2_run1,4245000,1779274187.963270
approach2_run1,4246000,1779274187.983966
approach2_run1,4247000,1779274188.068686
approach2_run1,4248000,1779274188.137287
approach2_run1,4249000,1779274188.223208
approach2_run1,4250000,1779274188.241106
approach2_run1,4251000,1779274188.325616
approach2_run1,4252000,1779274188.396625
approach2_run1,4253000,1779274188.482473
approach2_run1,4254000,1779274188.496945
approach2_run1,4255000,1779274188.581897
approach2_run1,4256000,1779274188.655663
approach2_run1,4257000,1779274188.741703
approach2_run1,4258000,1779274188.753113
approach2_run1,4259000,1779274188.837312
approach2_run1,4260000,1779274188.915370
approach2_run1,4261000,1779274189.001225
approach2_run1,4262000,1779274189.007998
approach2_run1,4263000,1779274189.093707
approach2_run1,4264000,1779274189.178192
approach2_run1,4265000,1779274189.260640
approach2_run1,4266000,1779274189.346483
approach2_run1,4267000,1779274189.349290
approach2_run1,4268000,1779274189.434170
approach2_run1,4269000,1779274189.519588
approach2_run1,4270000,1779274189.604160
approach2_run1,4271000,1779274189.606127
approach2_run1,4272000,1779274189.691977
approach2_run1,4273000,1779274189.775500
approach2_run1,4274000,1779274189.860433
approach2_run1,4275000,1779274189.865372
approach2_run1,4276000,1779274189.951051
approach2_run1,4277000,1779274190.031549
approach2_run1,4278000,1779274190.116201
approach2_run1,4279000,1779274190.124349
approach2_run1,4280000,1779274190.210406
approach2_run1,4281000,1779274190.288132
approach2_run1,4282000,1779274190.372848
approach2_run1,4283000,1779274190.387732
approach2_run1,4284000,1779274190.495576
approach2_run1,4285000,1779274190.558791
approach2_run1,4286000,1779274190.644910
approach2_run1,4287000,1779274190.732665
approach2_run1,4288000,1779274190.751546
approach2_run1,4289000,1779274190.836156
approach2_run1,4290000,1779274190.919562
approach2_run1,4291000,1779274190.992067
approach2_run1,4292000,1779274191.007088
approach2_run1,4293000,1779274191.092417
approach2_run1,4294000,1779274191.177688
approach2_run1,4295000,1779274191.262289
approach2_run1,4296000,1779274191.265017
approach2_run1,4297000,1779274191.350843
approach2_run1,4298000,1779274191.434167
approach2_run1,4299000,1779274191.518792
approach2_run1,4300000,1779274191.524354
approach2_run1,4301000,1779274191.610461
approach2_run1,4302000,1779274191.689696
approach2_run1,4303000,1779274191.773406
approach2_run1,4304000,1779274191.784248
approach2_run1,4305000,1779274191.869695
approach2_run1,4306000,1779274191.945692
approach2_run1,4307000,1779274192.030415
approach2_run1,4308000,1779274192.114989
approach2_run1,4309000,1779274192.128809
approach2_run1,4310000,1779274192.215174
approach2_run1,4311000,1779274192.285995
approach2_run1,4312000,1779274192.371338
approach2_run1,4313000,1779274192.388389
approach2_run1,4314000,1779274192.474455
approach2_run1,4315000,1779274192.541557
approach2_run1,4316000,1779274192.627012
approach2_run1,4317000,1779274192.647812
approach2_run1,4318000,1779274192.734256
approach2_run1,4319000,1779274192.797918
approach2_run1,4320000,1779274192.882694
approach2_run1,4321000,1779274192.908193
approach2_run1,4322000,1779274193.002470
approach2_run1,4323000,1779274193.053833
approach2_run1,4324000,1779274193.138364
approach2_run1,4325000,1779274193.176508
approach2_run1,4326000,1779274193.262823
approach2_run1,4327000,1779274193.309377
approach2_run1,4328000,1779274193.394240
approach2_run1,4329000,1779274193.479253
approach2_run1,4330000,1779274193.512957
approach2_run1,4331000,1779274193.599112
approach2_run1,4332000,1779274193.650251
approach2_run1,4333000,1779274193.734605
approach2_run1,4334000,1779274193.781477
approach2_run1,4335000,1779274193.858624
approach2_run1,4336000,1779274193.905869
approach2_run1,4337000,1779274193.990400
approach2_run1,4338000,1779274194.032098
approach2_run1,4339000,1779274194.117983
approach2_run1,4340000,1779274194.161848
approach2_run1,4341000,1779274194.246465
approach2_run1,4342000,1779274194.291358
approach2_run1,4343000,1779274194.377323
approach2_run1,4344000,1779274194.419041
approach2_run1,4345000,1779274194.532866
approach2_run1,4346000,1779274194.550775
approach2_run1,4347000,1779274194.636659
approach2_run1,4348000,1779274194.703719
approach2_run1,4349000,1779274194.788540
approach2_run1,4350000,1779274194.810419
approach2_run1,4351000,1779274194.883960
approach2_run1,4352000,1779274194.970693
approach2_run1,4353000,1779274195.044852
approach2_run1,4354000,1779274195.129597
approach2_run1,4355000,1779274195.145344
approach2_run1,4356000,1779274195.231612
approach2_run1,4357000,1779274195.299568
approach2_run1,4358000,1779274195.385113
approach2_run1,4359000,1779274195.404771
approach2_run1,4360000,1779274195.491352
approach2_run1,4361000,1779274195.555312
approach2_run1,4362000,1779274195.639896
approach2_run1,4363000,1779274195.675374
approach2_run1,4364000,1779274195.761259
approach2_run1,4365000,1779274195.812201
approach2_run1,4366000,1779274195.896876
approach2_run1,4367000,1779274195.943571
approach2_run1,4368000,1779274196.029457
approach2_run1,4369000,1779274196.073765
approach2_run1,4370000,1779274196.158461
approach2_run1,4371000,1779274196.202930
approach2_run1,4372000,1779274196.288765
approach2_run1,4373000,1779274196.374691
approach2_run1,4374000,1779274196.413951
approach2_run1,4375000,1779274196.498642
approach2_run1,4376000,1779274196.548047
approach2_run1,4377000,1779274196.634055
approach2_run1,4378000,1779274196.669406
approach2_run1,4379000,1779274196.754020
approach2_run1,4380000,1779274196.807809
approach2_run1,4381000,1779274196.893792
approach2_run1,4382000,1779274196.925105
approach2_run1,4383000,1779274197.009738
approach2_run1,4384000,1779274197.067391
approach2_run1,4385000,1779274197.153375
approach2_run1,4386000,1779274197.185224
approach2_run1,4387000,1779274197.269911
approach2_run1,4388000,1779274197.354684
approach2_run1,4389000,1779274197.440008
approach2_run1,4390000,1779274197.441659
approach2_run1,4391000,1779274197.528118
approach2_run1,4392000,1779274197.610951
approach2_run1,4393000,1779274197.672947
approach2_run1,4394000,1779274197.758792
approach2_run1,4395000,1779274197.780729
approach2_run1,4396000,1779274197.865469
approach2_run1,4397000,1779274197.934671
approach2_run1,4398000,1779274198.020559
approach2_run1,4399000,1779274198.036411
approach2_run1,4400000,1779274198.120893
approach2_run1,4401000,1779274198.194169
approach2_run1,4402000,1779274198.280327
approach2_run1,4403000,1779274198.291906
approach2_run1,4404000,1779274198.376462
approach2_run1,4405000,1779274198.454159
approach2_run1,4406000,1779274198.539958
approach2_run1,4407000,1779274198.546051
approach2_run1,4408000,1779274198.630802
approach2_run1,4409000,1779274198.713428
approach2_run1,4410000,1779274198.799879
approach2_run1,4411000,1779274198.805304
approach2_run1,4412000,1779274198.929719
approach2_run1,4413000,1779274198.972475
approach2_run1,4414000,1779274199.058393
approach2_run1,4415000,1779274199.144333
approach2_run1,4416000,1779274199.185831
approach2_run1,4417000,1779274199.270303
approach2_run1,4418000,1779274199.315809
approach2_run1,4419000,1779274199.400519
approach2_run1,4420000,1779274199.403927
approach2_run1,4421000,1779274199.525999
approach2_run1,4422000,1779274199.566714
approach2_run1,4423000,1779274199.652598
approach2_run1,4424000,1779274199.656972
approach2_run1,4425000,1779274199.781466
approach2_run1,4426000,1779274199.826052
approach2_run1,4427000,1779274199.911936
approach2_run1,4428000,1779274199.952624
approach2_run1,4429000,1779274200.037894
approach2_run1,4430000,1779274200.085185
approach2_run1,4431000,1779274200.170911
approach2_run1,4432000,1779274200.208413
approach2_run1,4433000,1779274200.293413
approach2_run1,4434000,1779274200.354830
approach2_run1,4435000,1779274200.440659
approach2_run1,4436000,1779274200.526601
approach2_run1,4437000,1779274200.549619
approach2_run1,4438000,1779274200.634248
approach2_run1,4439000,1779274200.700072
approach2_run1,4440000,1779274200.805020
approach2_run1,4441000,1779274200.811989
approach2_run1,4442000,1779274200.897833
approach2_run1,4443000,1779274200.976240
approach2_run1,4444000,1779274201.060892
approach2_run1,4445000,1779274201.071361
approach2_run1,4446000,1779274201.146060
approach2_run1,4447000,1779274201.218948
approach2_run1,4448000,1779274201.305121
approach2_run1,4449000,1779274201.317509
approach2_run1,4450000,1779274201.402146
approach2_run1,4451000,1779274201.487908
approach2_run1,4452000,1779274201.564342
approach2_run1,4453000,1779274201.573498
approach2_run1,4454000,1779274201.676666
approach2_run1,4455000,1779274201.737741
approach2_run1,4456000,1779274201.823640
approach2_run1,4457000,1779274201.909450
approach2_run1,4458000,1779274201.914084
approach2_run1,4459000,1779274202.021777
approach2_run1,4460000,1779274202.084565
approach2_run1,4461000,1779274202.170260
approach2_run1,4462000,1779274202.195152
approach2_run1,4463000,1779274202.281091
approach2_run1,4464000,1779274202.340910
approach2_run1,4465000,1779274202.426404
approach2_run1,4466000,1779274202.454468
approach2_run1,4467000,1779274202.555351
approach2_run1,4468000,1779274202.595969
approach2_run1,4469000,1779274202.681875
approach2_run1,4470000,1779274202.728691
approach2_run1,4471000,1779274202.822484
approach2_run1,4472000,1779274202.852995
approach2_run1,4473000,1779274202.938176
approach2_run1,4474000,1779274202.996173
approach2_run1,4475000,1779274203.082286
approach2_run1,4476000,1779274203.109465
approach2_run1,4477000,1779274203.194374
approach2_run1,4478000,1779274203.279377
approach2_run1,4479000,1779274203.333371
approach2_run1,4480000,1779274203.419146
approach2_run1,4481000,1779274203.450196
approach2_run1,4482000,1779274203.534942
approach2_run1,4483000,1779274203.592451
approach2_run1,4484000,1779274203.678490
approach2_run1,4485000,1779274203.705722
approach2_run1,4486000,1779274203.790017
approach2_run1,4487000,1779274203.851803
approach2_run1,4488000,1779274203.937645
approach2_run1,4489000,1779274203.961634
approach2_run1,4490000,1779274204.046020
approach2_run1,4491000,1779274204.111042
approach2_run1,4492000,1779274204.196938
approach2_run1,4493000,1779274204.216608
approach2_run1,4494000,1779274204.302660
approach2_run1,4495000,1779274204.370472
approach2_run1,4496000,1779274204.456208
approach2_run1,4497000,1779274204.473563
approach2_run1,4498000,1779274204.558074
approach2_run1,4499000,1779274204.642705
approach2_run1,4500000,1779274204.716138
approach2_run1,4501000,1779274204.801675
approach2_run1,4502000,1779274204.813679
approach2_run1,4503000,1779274204.898380
approach2_run1,4504000,1779274204.975514
approach2_run1,4505000,1779274205.068823
approach2_run1,4506000,1779274205.072446
approach2_run1,4507000,1779274205.181278
approach2_run1,4508000,1779274205.235057
approach2_run1,4509000,1779274205.331848
approach2_run1,4510000,1779274205.352348
approach2_run1,4511000,1779274205.437040
approach2_run1,4512000,1779274205.505341
approach2_run1,4513000,1779274205.591466
approach2_run1,4514000,1779274205.618159
approach2_run1,4515000,1779274205.702861
approach2_run1,4516000,1779274205.765095
approach2_run1,4517000,1779274205.850888
approach2_run1,4518000,1779274205.873820
approach2_run1,4519000,1779274205.958723
approach2_run1,4520000,1779274206.043349
approach2_run1,4521000,1779274206.098489
approach2_run1,4522000,1779274206.184412
approach2_run1,4523000,1779274206.214316
approach2_run1,4524000,1779274206.299613
approach2_run1,4525000,1779274206.357867
approach2_run1,4526000,1779274206.443841
approach2_run1,4527000,1779274206.471091
approach2_run1,4528000,1779274206.554416
approach2_run1,4529000,1779274206.617138
approach2_run1,4530000,1779274206.703084
approach2_run1,4531000,1779274206.725230
approach2_run1,4532000,1779274206.809847
approach2_run1,4533000,1779274206.876682
approach2_run1,4534000,1779274206.962765
approach2_run1,4535000,1779274206.981804
approach2_run1,4536000,1779274207.066468
approach2_run1,4537000,1779274207.136552
approach2_run1,4538000,1779274207.233724
approach2_run1,4539000,1779274207.237202
approach2_run1,4540000,1779274207.321891
approach2_run1,4541000,1779274207.408052
approach2_run1,4542000,1779274207.492133
approach2_run1,4543000,1779274207.576107
approach2_run1,4544000,1779274207.586544
approach2_run1,4545000,1779274207.672541
approach2_run1,4546000,1779274207.747022
approach2_run1,4547000,1779274207.831643
approach2_run1,4548000,1779274207.838987
approach2_run1,4549000,1779274207.931571
approach2_run1,4550000,1779274208.002612
approach2_run1,4551000,1779274208.087295
approach2_run1,4552000,1779274208.098916
approach2_run1,4553000,1779274208.185041
approach2_run1,4554000,1779274208.258245
approach2_run1,4555000,1779274208.342961
approach2_run1,4556000,1779274208.358717
approach2_run1,4557000,1779274208.444950
approach2_run1,4558000,1779274208.514050
approach2_run1,4559000,1779274208.599737
approach2_run1,4560000,1779274208.618548
approach2_run1,4561000,1779274208.704530
approach2_run1,4562000,1779274208.790401
approach2_run1,4563000,1779274208.863922
approach2_run1,4564000,1779274208.947475
approach2_run1,4565000,1779274208.964446
approach2_run1,4566000,1779274209.055077
approach2_run1,4567000,1779274209.118665
approach2_run1,4568000,1779274209.204590
approach2_run1,4569000,1779274209.230222
approach2_run1,4570000,1779274209.316232
approach2_run1,4571000,1779274209.375233
approach2_run1,4572000,1779274209.459903
approach2_run1,4573000,1779274209.489949
approach2_run1,4574000,1779274209.576082
approach2_run1,4575000,1779274209.630701
approach2_run1,4576000,1779274209.715303
approach2_run1,4577000,1779274209.757029
approach2_run1,4578000,1779274209.842849
approach2_run1,4579000,1779274209.886480
approach2_run1,4580000,1779274209.971005
approach2_run1,4581000,1779274210.017156
approach2_run1,4582000,1779274210.103225
approach2_run1,4583000,1779274210.189362
approach2_run1,4584000,1779274210.226902
approach2_run1,4585000,1779274210.311489
approach2_run1,4586000,1779274210.363066
approach2_run1,4587000,1779274210.449291
approach2_run1,4588000,1779274210.482324
approach2_run1,4589000,1779274210.567284
approach2_run1,4590000,1779274210.622482
approach2_run1,4591000,1779274210.708450
approach2_run1,4592000,1779274210.738409
approach2_run1,4593000,1779274210.823306
approach2_run1,4594000,1779274210.881779
approach2_run1,4595000,1779274210.967584
approach2_run1,4596000,1779274210.994795
approach2_run1,4597000,1779274211.079839
approach2_run1,4598000,1779274211.142335
approach2_run1,4599000,1779274211.228132
approach2_run1,4600000,1779274211.251155
approach2_run1,4601000,1779274211.336202
approach2_run1,4602000,1779274211.402213
approach2_run1,4603000,1779274211.502216
approach2_run1,4604000,1779274211.588046
approach2_run1,4605000,1779274211.591989
approach2_run1,4606000,1779274211.676622
approach2_run1,4607000,1779274211.758937
approach2_run1,4608000,1779274211.846982
approach2_run1,4609000,1779274211.848638
approach2_run1,4610000,1779274211.964069
approach2_run1,4611000,1779274212.017844
approach2_run1,4612000,1779274212.102505
approach2_run1,4613000,1779274212.107068
approach2_run1,4614000,1779274212.219493
approach2_run1,4615000,1779274212.273253
approach2_run1,4616000,1779274212.358037
approach2_run1,4617000,1779274212.367502
approach2_run1,4618000,1779274212.466772
approach2_run1,4619000,1779274212.528935
approach2_run1,4620000,1779274212.613626
approach2_run1,4621000,1779274212.640939
approach2_run1,4622000,1779274212.731201
approach2_run1,4623000,1779274212.815045
approach2_run1,4624000,1779274212.901325
approach2_run1,4625000,1779274212.985986
approach2_run1,4626000,1779274212.987756
approach2_run1,4627000,1779274213.073157
approach2_run1,4628000,1779274213.157662
approach2_run1,4629000,1779274213.242398
approach2_run1,4630000,1779274213.248214
approach2_run1,4631000,1779274213.334049
approach2_run1,4632000,1779274213.380985
approach2_run1,4633000,1779274213.465629
approach2_run1,4634000,1779274213.508478
approach2_run1,4635000,1779274213.594313
approach2_run1,4636000,1779274213.636640
approach2_run1,4637000,1779274213.721207
approach2_run1,4638000,1779274213.801990
approach2_run1,4639000,1779274213.888010
approach2_run1,4640000,1779274213.892066
approach2_run1,4641000,1779274213.976569
approach2_run1,4642000,1779274214.027175
approach2_run1,4643000,1779274214.147312
approach2_run1,4644000,1779274214.148987
approach2_run1,4645000,1779274214.264746
approach2_run1,4646000,1779274214.319632
approach2_run1,4647000,1779274214.406885
approach2_run1,4648000,1779274214.492752
approach2_run1,4649000,1779274214.520544
approach2_run1,4650000,1779274214.605297
approach2_run1,4651000,1779274214.666139
approach2_run1,4652000,1779274214.751997
approach2_run1,4653000,1779274214.776492
approach2_run1,4654000,1779274214.861080
approach2_run1,4655000,1779274214.925368
approach2_run1,4656000,1779274214.977094
approach2_run1,4657000,1779274215.031877
approach2_run1,4658000,1779274215.116551
approach2_run1,4659000,1779274215.184595
approach2_run1,4660000,1779274215.270516
approach2_run1,4661000,1779274215.287452
approach2_run1,4662000,1779274215.372204
approach2_run1,4663000,1779274215.443750
approach2_run1,4664000,1779274215.529715
approach2_run1,4665000,1779274215.543247
approach2_run1,4666000,1779274215.627862
approach2_run1,4667000,1779274215.713259
approach2_run1,4668000,1779274215.799056
approach2_run1,4669000,1779274215.885434
approach2_run1,4670000,1779274215.887418
approach2_run1,4671000,1779274215.972083
approach2_run1,4672000,1779274216.057939
approach2_run1,4673000,1779274216.138319
approach2_run1,4674000,1779274216.145150
approach2_run1,4675000,1779274216.231074
approach2_run1,4676000,1779274216.309193
approach2_run1,4677000,1779274216.393908
approach2_run1,4678000,1779274216.405838
approach2_run1,4679000,1779274216.491934
approach2_run1,4680000,1779274216.564933
approach2_run1,4681000,1779274216.649496
approach2_run1,4682000,1779274216.671890
approach2_run1,4683000,1779274216.760026
approach2_run1,4684000,1779274216.820816
approach2_run1,4685000,1779274216.905830
approach2_run1,4686000,1779274216.927943
approach2_run1,4687000,1779274217.020259
approach2_run1,4688000,1779274217.106371
approach2_run1,4689000,1779274217.161573
approach2_run1,4690000,1779274217.246773
approach2_run1,4691000,1779274217.279808
approach2_run1,4692000,1779274217.365859
approach2_run1,4693000,1779274217.421003
approach2_run1,4694000,1779274217.505656
approach2_run1,4695000,1779274217.539536
approach2_run1,4696000,1779274217.624982
approach2_run1,4697000,1779274217.676485
approach2_run1,4698000,1779274217.761163
approach2_run1,4699000,1779274217.798596
approach2_run1,4700000,1779274217.884510
approach2_run1,4701000,1779274217.928575
approach2_run1,4702000,1779274218.013437
approach2_run1,4703000,1779274218.057867
approach2_run1,4704000,1779274218.143746
approach2_run1,4705000,1779274218.188343
approach2_run1,4706000,1779274218.272944
approach2_run1,4707000,1779274218.317376
approach2_run1,4708000,1779274218.424250
approach2_run1,4709000,1779274218.510509
approach2_run1,4710000,1779274218.528534
approach2_run1,4711000,1779274218.614683
approach2_run1,4712000,1779274218.684507
approach2_run1,4713000,1779274218.770369
approach2_run1,4714000,1779274218.786232
approach2_run1,4715000,1779274218.869442
approach2_run1,4716000,1779274218.943840
approach2_run1,4717000,1779274219.031604
approach2_run1,4718000,1779274219.042439
approach2_run1,4719000,1779274219.127268
approach2_run1,4720000,1779274219.207182
approach2_run1,4721000,1779274219.292031
approach2_run1,4722000,1779274219.298364
approach2_run1,4723000,1779274219.382896
approach2_run1,4724000,1779274219.466814
approach2_run1,4725000,1779274219.552904
approach2_run1,4726000,1779274219.554587
approach2_run1,4727000,1779274219.639113
approach2_run1,4728000,1779274219.721787
approach2_run1,4729000,1779274219.806606
approach2_run1,4730000,1779274219.890402
approach2_run1,4731000,1779274219.898820
approach2_run1,4732000,1779274219.983570
approach2_run1,4733000,1779274220.062920
approach2_run1,4734000,1779274220.147489
approach2_run1,4735000,1779274220.160104
approach2_run1,4736000,1779274220.246213
approach2_run1,4737000,1779274220.318180
approach2_run1,4738000,1779274220.402448
approach2_run1,4739000,1779274220.420426
approach2_run1,4740000,1779274220.507182
approach2_run1,4741000,1779274220.574312
approach2_run1,4742000,1779274220.658335
approach2_run1,4743000,1779274220.679860
approach2_run1,4744000,1779274220.766101
approach2_run1,4745000,1779274220.832495
approach2_run1,4746000,1779274220.939774
approach2_run1,4747000,1779274220.950650
approach2_run1,4748000,1779274221.035598
approach2_run1,4749000,1779274221.114012
approach2_run1,4750000,1779274221.199990
approach2_run1,4751000,1779274221.286145
approach2_run1,4752000,1779274221.291116
approach2_run1,4753000,1779274221.375754
approach2_run1,4754000,1779274221.428138
approach2_run1,4755000,1779274221.546155
approach2_run1,4756000,1779274221.547854
approach2_run1,4757000,1779274221.633822
approach2_run1,4758000,1779274221.717021
approach2_run1,4759000,1779274221.768220
approach2_run1,4760000,1779274221.811441
approach2_run1,4761000,1779274221.897770
approach2_run1,4762000,1779274221.972727
approach2_run1,4763000,1779274222.057465
approach2_run1,4764000,1779274222.070881
approach2_run1,4765000,1779274222.156918
approach2_run1,4766000,1779274222.228451
approach2_run1,4767000,1779274222.313102
approach2_run1,4768000,1779274222.332515
approach2_run1,4769000,1779274222.418576
approach2_run1,4770000,1779274222.484384
approach2_run1,4771000,1779274222.569077
approach2_run1,4772000,1779274222.654172
approach2_run1,4773000,1779274222.678171
approach2_run1,4774000,1779274222.764145
approach2_run1,4775000,1779274222.826914
approach2_run1,4776000,1779274222.911603
approach2_run1,4777000,1779274222.942789
approach2_run1,4778000,1779274223.028889
approach2_run1,4779000,1779274223.082722
approach2_run1,4780000,1779274223.167132
approach2_run1,4781000,1779274223.208902
approach2_run1,4782000,1779274223.298570
approach2_run1,4783000,1779274223.336162
approach2_run1,4784000,1779274223.421040
approach2_run1,4785000,1779274223.472803
approach2_run1,4786000,1779274223.559506
approach2_run1,4787000,1779274223.594853
approach2_run1,4788000,1779274223.679397
approach2_run1,4789000,1779274223.733316
approach2_run1,4790000,1779274223.819360
approach2_run1,4791000,1779274223.847193
approach2_run1,4792000,1779274223.931912
approach2_run1,4793000,1779274224.016596
approach2_run1,4794000,1779274224.072170
approach2_run1,4795000,1779274224.165596
approach2_run1,4796000,1779274224.187540
approach2_run1,4797000,1779274224.272348
approach2_run1,4798000,1779274224.339308
approach2_run1,4799000,1779274224.425277
approach2_run1,4800000,1779274224.443113
approach2_run1,4801000,1779274224.527881
approach2_run1,4802000,1779274224.599225
approach2_run1,4803000,1779274224.685307
approach2_run1,4804000,1779274224.698714
approach2_run1,4805000,1779274224.783547
approach2_run1,4806000,1779274224.858883
approach2_run1,4807000,1779274224.944922
approach2_run1,4808000,1779274224.954176
approach2_run1,4809000,1779274225.038781
approach2_run1,4810000,1779274225.094623
approach2_run1,4811000,1779274225.204593
approach2_run1,4812000,1779274225.210051
approach2_run1,4813000,1779274225.298081
approach2_run1,4814000,1779274225.382593
approach2_run1,4815000,1779274225.464017
approach2_run1,4816000,1779274225.550282
approach2_run1,4817000,1779274225.553574
approach2_run1,4818000,1779274225.638374
approach2_run1,4819000,1779274225.724275
approach2_run1,4820000,1779274225.808744
approach2_run1,4821000,1779274225.810473
approach2_run1,4822000,1779274225.895472
approach2_run1,4823000,1779274225.979466
approach2_run1,4824000,1779274226.064034
approach2_run1,4825000,1779274226.069599
approach2_run1,4826000,1779274226.155631
approach2_run1,4827000,1779274226.237963
approach2_run1,4828000,1779274226.319780
approach2_run1,4829000,1779274226.329195
approach2_run1,4830000,1779274226.415358
approach2_run1,4831000,1779274226.490689
approach2_run1,4832000,1779274226.575465
approach2_run1,4833000,1779274226.659917
approach2_run1,4834000,1779274226.675053
approach2_run1,4835000,1779274226.761414
approach2_run1,4836000,1779274226.828772
approach2_run1,4837000,1779274226.913714
approach2_run1,4838000,1779274226.934082
approach2_run1,4839000,1779274227.019933
approach2_run1,4840000,1779274227.084866
approach2_run1,4841000,1779274227.169569
approach2_run1,4842000,1779274227.224393
approach2_run1,4843000,1779274227.310498
approach2_run1,4844000,1779274227.341061
approach2_run1,4845000,1779274227.425900
approach2_run1,4846000,1779274227.484442
approach2_run1,4847000,1779274227.570366
approach2_run1,4848000,1779274227.597242
approach2_run1,4849000,1779274227.681658
approach2_run1,4850000,1779274227.751098
approach2_run1,4851000,1779274227.837082
approach2_run1,4852000,1779274227.853773
approach2_run1,4853000,1779274227.938391
approach2_run1,4854000,1779274228.023288
approach2_run1,4855000,1779274228.096751
approach2_run1,4856000,1779274228.185718
approach2_run1,4857000,1779274228.194175
approach2_run1,4858000,1779274228.279514
approach2_run1,4859000,1779274228.357316
approach2_run1,4860000,1779274228.443160
approach2_run1,4861000,1779274228.450322
approach2_run1,4862000,1779274228.534885
approach2_run1,4863000,1779274228.620574
approach2_run1,4864000,1779274228.704093
approach2_run1,4865000,1779274228.709865
approach2_run1,4866000,1779274228.795980
approach2_run1,4867000,1779274228.875451
approach2_run1,4868000,1779274228.959993
approach2_run1,4869000,1779274228.969103
approach2_run1,4870000,1779274229.054903
approach2_run1,4871000,1779274229.132289
approach2_run1,4872000,1779274229.217014
approach2_run1,4873000,1779274229.228782
approach2_run1,4874000,1779274229.314791
approach2_run1,4875000,1779274229.400487
approach2_run1,4876000,1779274229.472363
approach2_run1,4877000,1779274229.556475
approach2_run1,4878000,1779274229.574651
approach2_run1,4879000,1779274229.660977
approach2_run1,4880000,1779274229.728485
approach2_run1,4881000,1779274229.813073
approach2_run1,4882000,1779274229.834955
approach2_run1,4883000,1779274229.927691
approach2_run1,4884000,1779274229.984108
approach2_run1,4885000,1779274230.069226
approach2_run1,4886000,1779274230.104910
approach2_run1,4887000,1779274230.190952
approach2_run1,4888000,1779274230.240419
approach2_run1,4889000,1779274230.325151
approach2_run1,4890000,1779274230.364357
approach2_run1,4891000,1779274230.450239
approach2_run1,4892000,1779274230.496265
approach2_run1,4893000,1779274230.581106
approach2_run1,4894000,1779274230.624076
approach2_run1,4895000,1779274230.709598
approach2_run1,4896000,1779274230.795475
approach2_run1,4897000,1779274230.836454
approach2_run1,4898000,1779274230.925524
approach2_run1,4899000,1779274230.969241
approach2_run1,4900000,1779274231.010928
approach2_run1,4901000,1779274231.091916
approach2_run1,4902000,1779274231.176533
approach2_run1,4903000,1779274231.185476
approach2_run1,4904000,1779274231.271657
approach2_run1,4905000,1779274231.351833
approach2_run1,4906000,1779274231.431968
approach2_run1,4907000,1779274231.487717
approach2_run1,4908000,1779274231.573718
approach2_run1,4909000,1779274231.602777
approach2_run1,4910000,1779274231.687365
approach2_run1,4911000,1779274231.747204
approach2_run1,4912000,1779274231.832936
approach2_run1,4913000,1779274231.858402
approach2_run1,4914000,1779274231.942881
approach2_run1,4915000,1779274232.025172
approach2_run1,4916000,1779274232.111014
approach2_run1,4917000,1779274232.196017
approach2_run1,4918000,1779274232.198397
approach2_run1,4919000,1779274232.284020
approach2_run1,4920000,1779274232.367069
approach2_run1,4921000,1779274232.451906
approach2_run1,4922000,1779274232.456450
approach2_run1,4923000,1779274232.542437
approach2_run1,4924000,1779274232.622874
approach2_run1,4925000,1779274232.707673
approach2_run1,4926000,1779274232.717426
approach2_run1,4927000,1779274232.803228
approach2_run1,4928000,1779274232.879690
approach2_run1,4929000,1779274232.964336
approach2_run1,4930000,1779274232.982143
approach2_run1,4931000,1779274233.068186
approach2_run1,4932000,1779274233.135140
approach2_run1,4933000,1779274233.219748
approach2_run1,4934000,1779274233.241547
approach2_run1,4935000,1779274233.327481
approach2_run1,4936000,1779274233.390514
approach2_run1,4937000,1779274233.475141
approach2_run1,4938000,1779274233.560113
approach2_run1,4939000,1779274233.580885
approach2_run1,4940000,1779274233.666713
approach2_run1,4941000,1779274233.730901
approach2_run1,4942000,1779274233.815881
approach2_run1,4943000,1779274233.838802
approach2_run1,4944000,1779274233.924631
approach2_run1,4945000,1779274233.986657
approach2_run1,4946000,1779274234.071372
approach2_run1,4947000,1779274234.098197
approach2_run1,4948000,1779274234.184250
approach2_run1,4949000,1779274234.246735
approach2_run1,4950000,1779274234.332466
approach2_run1,4951000,1779274234.359227
approach2_run1,4952000,1779274234.443342
approach2_run1,4953000,1779274234.503410
approach2_run1,4954000,1779274234.588042
approach2_run1,4955000,1779274234.616956
approach2_run1,4956000,1779274234.702749
approach2_run1,4957000,1779274234.758886
approach2_run1,4958000,1779274234.843494
approach2_run1,4959000,1779274234.928127
approach2_run1,4960000,1779274234.962277
approach2_run1,4961000,1779274235.047868
approach2_run1,4962000,1779274235.092536
approach2_run1,4963000,1779274235.183640
approach2_run1,4964000,1779274235.223464
approach2_run1,4965000,1779274235.309382
approach2_run1,4966000,1779274235.354555
approach2_run1,4967000,1779274235.439283
approach2_run1,4968000,1779274235.488358
approach2_run1,4969000,1779274235.574118
approach2_run1,4970000,1779274235.615219
approach2_run1,4971000,1779274235.700161
approach2_run1,4972000,1779274235.747569
approach2_run1,4973000,1779274235.828327
approach2_run1,4974000,1779274235.871348
approach2_run1,4975000,1779274235.956068
approach2_run1,4976000,1779274236.001922
approach2_run1,4977000,1779274236.088486
approach2_run1,4978000,1779274236.127100
approach2_run1,4979000,1779274236.211821
approach2_run1,4980000,1779274236.300764
approach2_run1,4981000,1779274236.348612
approach2_run1,4982000,1779274236.434226
approach2_run1,4983000,1779274236.471975
approach2_run1,4984000,1779274236.556942
approach2_run1,4985000,1779274236.607594
approach2_run1,4986000,1779274236.693859
approach2_run1,4987000,1779274236.727451
approach2_run1,4988000,1779274236.812048
approach2_run1,4989000,1779274236.874502
approach2_run1,4990000,1779274236.953162
approach2_run1,4991000,1779274236.982810
approach2_run1,4992000,1779274237.067407
approach2_run1,4993000,1779274237.133741
approach2_run1,4994000,1779274237.212283
approach2_run1,4995000,1779274237.280130
approach2_run1,4996000,1779274237.364733
approach2_run1,4997000,1779274237.385545
approach2_run1,4998000,1779274237.471473
approach2_run1,4999000,1779274237.557607
approach2_run1,5000000,1779274237.620941
approach2_run1,5001000,1779274237.705612
approach2_run1,5002000,1779274237.731121
approach2_run1,5003000,1779274237.817239
approach2_run1,5004000,1779274237.876638
approach2_run1,5005000,1779274237.961213
approach2_run1,5006000,1779274237.990399
approach2_run1,5007000,1779274238.076309
approach2_run1,5008000,1779274238.089371
approach2_run1,5009000,1779274238.174461
approach2_run1,5010000,1779274238.258063
approach2_run1,5011000,1779274238.344025
approach2_run1,5012000,1779274238.345714
approach2_run1,5013000,1779274238.431410
approach2_run1,5014000,1779274238.516371
approach2_run1,5015000,1779274238.601064
approach2_run1,5016000,1779274238.604185
approach2_run1,5017000,1779274238.689748
approach2_run1,5018000,1779274238.772457
approach2_run1,5019000,1779274238.857161
approach2_run1,5020000,1779274238.941786
approach2_run1,5021000,1779274238.962124
approach2_run1,5022000,1779274239.048384
approach2_run1,5023000,1779274239.112874
approach2_run1,5024000,1779274239.197519
approach2_run1,5025000,1779274239.208337
approach2_run1,5026000,1779274239.294507
approach2_run1,5027000,1779274239.368447
approach2_run1,5028000,1779274239.453029
approach2_run1,5029000,1779274239.481245
approach2_run1,5030000,1779274239.579643
approach2_run1,5031000,1779274239.654154
approach2_run1,5032000,1779274239.740149
approach2_run1,5033000,1779274239.750797
approach2_run1,5034000,1779274239.835579
approach2_run1,5035000,1779274239.913500
approach2_run1,5036000,1779274239.999379
approach2_run1,5037000,1779274240.006385
approach2_run1,5038000,1779274240.085961
approach2_run1,5039000,1779274240.172733
approach2_run1,5040000,1779274240.249525
approach2_run1,5041000,1779274240.311477
approach2_run1,5042000,1779274240.335854
approach2_run1,5043000,1779274240.421823
approach2_run1,5044000,1779274240.482731
approach2_run1,5045000,1779274240.567486
approach2_run1,5046000,1779274240.595234
approach2_run1,5047000,1779274240.680984
approach2_run1,5048000,1779274240.738340
approach2_run1,5049000,1779274240.823128
approach2_run1,5050000,1779274240.846077
approach2_run1,5051000,1779274240.941104
approach2_run1,5052000,1779274240.993995
approach2_run1,5053000,1779274241.078722
approach2_run1,5054000,1779274241.114525
approach2_run1,5055000,1779274241.208872
approach2_run1,5056000,1779274241.249596
approach2_run1,5057000,1779274241.368844
approach2_run1,5058000,1779274241.382109
approach2_run1,5059000,1779274241.468037
approach2_run1,5060000,1779274241.540342
approach2_run1,5061000,1779274241.624984
approach2_run1,5062000,1779274241.709841
approach2_run1,5063000,1779274241.728010
approach2_run1,5064000,1779274241.813909
approach2_run1,5065000,1779274241.883263
approach2_run1,5066000,1779274241.967831
approach2_run1,5067000,1779274241.987204
approach2_run1,5068000,1779274242.079156
approach2_run1,5069000,1779274242.138921
approach2_run1,5070000,1779274242.224180
approach2_run1,5071000,1779274242.246374
approach2_run1,5072000,1779274242.338652
approach2_run1,5073000,1779274242.394332
approach2_run1,5074000,1779274242.479929
approach2_run1,5075000,1779274242.505654
approach2_run1,5076000,1779274242.591693
approach2_run1,5077000,1779274242.651049
approach2_run1,5078000,1779274242.735668
approach2_run1,5079000,1779274242.771359
approach2_run1,5080000,1779274242.857159
approach2_run1,5081000,1779274242.906543
approach2_run1,5082000,1779274242.991473
approach2_run1,5083000,1779274243.074799
approach2_run1,5084000,1779274243.110378
approach2_run1,5085000,1779274243.196278
approach2_run1,5086000,1779274243.245814
approach2_run1,5087000,1779274243.332083
approach2_run1,5088000,1779274243.376987
approach2_run1,5089000,1779274243.463077
approach2_run1,5090000,1779274243.502773
approach2_run1,5091000,1779274243.587482
approach2_run1,5092000,1779274243.636850
approach2_run1,5093000,1779274243.722760
approach2_run1,5094000,1779274243.756795
approach2_run1,5095000,1779274243.842820
approach2_run1,5096000,1779274243.896037
approach2_run1,5097000,1779274243.981910
approach2_run1,5098000,1779274244.012268
approach2_run1,5099000,1779274244.096853
approach2_run1,5100000,1779274244.155334
approach2_run1,5101000,1779274244.241339
approach2_run1,5102000,1779274244.267733
approach2_run1,5103000,1779274244.354170
approach2_run1,5104000,1779274244.438741
approach2_run1,5105000,1779274244.500611
approach2_run1,5106000,1779274244.586454
approach2_run1,5107000,1779274244.609509
approach2_run1,5108000,1779274244.694207
approach2_run1,5109000,1779274244.761634
approach2_run1,5110000,1779274244.847483
approach2_run1,5111000,1779274244.865134
approach2_run1,5112000,1779274244.949841
approach2_run1,5113000,1779274245.020843
approach2_run1,5114000,1779274245.106720
approach2_run1,5115000,1779274245.145140
approach2_run1,5116000,1779274245.229882
approach2_run1,5117000,1779274245.280095
approach2_run1,5118000,1779274245.365934
approach2_run1,5119000,1779274245.400617
approach2_run1,5120000,1779274245.485537
approach2_run1,5121000,1779274245.539253
approach2_run1,5122000,1779274245.656069
approach2_run1,5123000,1779274245.740688
approach2_run1,5124000,1779274245.753148
approach2_run1,5125000,1779274245.838905
approach2_run1,5126000,1779274245.912127
approach2_run1,5127000,1779274245.997324
approach2_run1,5128000,1779274246.012438
approach2_run1,5129000,1779274246.098380
approach2_run1,5130000,1779274246.167268
approach2_run1,5131000,1779274246.252009
approach2_run1,5132000,1779274246.271839
approach2_run1,5133000,1779274246.359175
approach2_run1,5134000,1779274246.422822
approach2_run1,5135000,1779274246.509212
approach2_run1,5136000,1779274246.532547
approach2_run1,5137000,1779274246.618660
approach2_run1,5138000,1779274246.680560
approach2_run1,5139000,1779274246.765269
approach2_run1,5140000,1779274246.791992
approach2_run1,5141000,1779274246.876244
approach2_run1,5142000,1779274246.934234
approach2_run1,5143000,1779274247.018931
approach2_run1,5144000,1779274247.103494
approach2_run1,5145000,1779274247.135797
approach2_run1,5146000,1779274247.188750
approach2_run1,5147000,1779274247.267900
approach2_run1,5148000,1779274247.353695
approach2_run1,5149000,1779274247.361562
approach2_run1,5150000,1779274247.446289
approach2_run1,5151000,1779274247.527642
approach2_run1,5152000,1779274247.613757
approach2_run1,5153000,1779274247.617067
approach2_run1,5154000,1779274247.741601
approach2_run1,5155000,1779274247.786111
approach2_run1,5156000,1779274247.871170
approach2_run1,5157000,1779274247.918354
approach2_run1,5158000,1779274248.004266
approach2_run1,5159000,1779274248.042929
approach2_run1,5160000,1779274248.127687
approach2_run1,5161000,1779274248.133520
approach2_run1,5162000,1779274248.219716
approach2_run1,5163000,1779274248.298577
approach2_run1,5164000,1779274248.390029
approach2_run1,5165000,1779274248.478098
approach2_run1,5166000,1779274248.479843
approach2_run1,5167000,1779274248.579644
approach2_run1,5168000,1779274248.653023
approach2_run1,5169000,1779274248.738834
approach2_run1,5170000,1779274248.750579
approach2_run1,5171000,1779274248.835253
approach2_run1,5172000,1779274248.909876
approach2_run1,5173000,1779274248.996006
approach2_run1,5174000,1779274249.006270
approach2_run1,5175000,1779274249.091131
approach2_run1,5176000,1779274249.169713
approach2_run1,5177000,1779274249.258367
approach2_run1,5178000,1779274249.262823
approach2_run1,5179000,1779274249.347546
approach2_run1,5180000,1779274249.432127
approach2_run1,5181000,1779274249.518314
approach2_run1,5182000,1779274249.519926
approach2_run1,5183000,1779274249.603620
approach2_run1,5184000,1779274249.687688
approach2_run1,5185000,1779274249.773760
approach2_run1,5186000,1779274249.858697
approach2_run1,5187000,1779274249.864213
approach2_run1,5188000,1779274249.950118
approach2_run1,5189000,1779274250.027976
approach2_run1,5190000,1779274250.114110
approach2_run1,5191000,1779274250.123342
approach2_run1,5192000,1779274250.209224
approach2_run1,5193000,1779274250.284972
approach2_run1,5194000,1779274250.369596
approach2_run1,5195000,1779274250.382599
approach2_run1,5196000,1779274250.511450
approach2_run1,5197000,1779274250.540701
approach2_run1,5198000,1779274250.625460
approach2_run1,5199000,1779274250.685010
approach2_run1,5200000,1779274250.772851
approach2_run1,5201000,1779274250.796121
approach2_run1,5202000,1779274250.881029
approach2_run1,5203000,1779274250.946127
approach2_run1,5204000,1779274251.039092
approach2_run1,5205000,1779274251.052314
approach2_run1,5206000,1779274251.135743
approach2_run1,5207000,1779274251.220363
approach2_run1,5208000,1779274251.295940
approach2_run1,5209000,1779274251.381920
approach2_run1,5210000,1779274251.392658
approach2_run1,5211000,1779274251.515517
approach2_run1,5212000,1779274251.555477
approach2_run1,5213000,1779274251.641428
approach2_run1,5214000,1779274251.648384
approach2_run1,5215000,1779274251.732636
approach2_run1,5216000,1779274251.812283
approach2_run1,5217000,1779274251.898175
approach2_run1,5218000,1779274251.941787
approach2_run1,5219000,1779274252.028107
approach2_run1,5220000,1779274252.029778
approach2_run1,5221000,1779274252.115152
approach2_run1,5222000,1779274252.199978
approach2_run1,5223000,1779274252.284728
approach2_run1,5224000,1779274252.288215
approach2_run1,5225000,1779274252.374192
approach2_run1,5226000,1779274252.456172
approach2_run1,5227000,1779274252.540748
approach2_run1,5228000,1779274252.625363
approach2_run1,5229000,1779274252.633354
approach2_run1,5230000,1779274252.719349
approach2_run1,5231000,1779274252.796709
approach2_run1,5232000,1779274252.881787
approach2_run1,5233000,1779274252.935939
approach2_run1,5234000,1779274253.022094
approach2_run1,5235000,1779274253.052599
approach2_run1,5236000,1779274253.137749
approach2_run1,5237000,1779274253.152117
approach2_run1,5238000,1779274253.238056
approach2_run1,5239000,1779274253.308887
approach2_run1,5240000,1779274253.393385
approach2_run1,5241000,1779274253.411389
approach2_run1,5242000,1779274253.497275
approach2_run1,5243000,1779274253.564501
approach2_run1,5244000,1779274253.649137
approach2_run1,5245000,1779274253.670936
approach2_run1,5246000,1779274253.756928
approach2_run1,5247000,1779274253.820401
approach2_run1,5248000,1779274253.905277
approach2_run1,5249000,1779274253.989181
approach2_run1,5250000,1779274254.016062
approach2_run1,5251000,1779274254.102032
approach2_run1,5252000,1779274254.161677
approach2_run1,5253000,1779274254.246234
approach2_run1,5254000,1779274254.276244
approach2_run1,5255000,1779274254.404589
approach2_run1,5256000,1779274254.417027
approach2_run1,5257000,1779274254.501886
approach2_run1,5258000,1779274254.578512
approach2_run1,5259000,1779274254.664799
approach2_run1,5260000,1779274254.672662
approach2_run1,5261000,1779274254.757550
approach2_run1,5262000,1779274254.837877
approach2_run1,5263000,1779274254.923996
approach2_run1,5264000,1779274254.953232
approach2_run1,5265000,1779274255.013056
approach2_run1,5266000,1779274255.098507
approach2_run1,5267000,1779274255.183246
approach2_run1,5268000,1779274255.209010
approach2_run1,5269000,1779274255.293693
approach2_run1,5270000,1779274255.378378
approach2_run1,5271000,1779274255.439154
approach2_run1,5272000,1779274255.523833
approach2_run1,5273000,1779274255.529285
approach2_run1,5274000,1779274255.616031
approach2_run1,5275000,1779274255.694609
approach2_run1,5276000,1779274255.779359
approach2_run1,5277000,1779274255.789800
approach2_run1,5278000,1779274255.890036
approach2_run1,5279000,1779274255.962928
approach2_run1,5280000,1779274256.051966
approach2_run1,5281000,1779274256.060968
approach2_run1,5282000,1779274256.147902
approach2_run1,5283000,1779274256.225595
approach2_run1,5284000,1779274256.311826
approach2_run1,5285000,1779274256.318694
approach2_run1,5286000,1779274256.409535
approach2_run1,5287000,1779274256.488909
approach2_run1,5288000,1779274256.571439
approach2_run1,5289000,1779274256.583085
approach2_run1,5290000,1779274256.669185
approach2_run1,5291000,1779274256.755018
approach2_run1,5292000,1779274256.827366
approach2_run1,5293000,1779274256.912030
approach2_run1,5294000,1779274256.928705
approach2_run1,5295000,1779274257.014688
approach2_run1,5296000,1779274257.082969
approach2_run1,5297000,1779274257.167616
approach2_run1,5298000,1779274257.176742
approach2_run1,5299000,1779274257.262620
approach2_run1,5300000,1779274257.338637
approach2_run1,5301000,1779274257.423405
approach2_run1,5302000,1779274257.436243
approach2_run1,5303000,1779274257.522041
approach2_run1,5304000,1779274257.594199
approach2_run1,5305000,1779274257.678950
approach2_run1,5306000,1779274257.695539
approach2_run1,5307000,1779274257.781796
approach2_run1,5308000,1779274257.849892
approach2_run1,5309000,1779274257.934709
approach2_run1,5310000,1779274257.972644
approach2_run1,5311000,1779274258.058566
approach2_run1,5312000,1779274258.144285
approach2_run1,5313000,1779274258.190200
approach2_run1,5314000,1779274258.256467
approach2_run1,5315000,1779274258.317670
approach2_run1,5316000,1779274258.403677
approach2_run1,5317000,1779274258.446145
approach2_run1,5318000,1779274258.530730
approach2_run1,5319000,1779274258.577100
approach2_run1,5320000,1779274258.663038
approach2_run1,5321000,1779274258.704601
approach2_run1,5322000,1779274258.789190
approach2_run1,5323000,1779274258.831451
approach2_run1,5324000,1779274258.917276
approach2_run1,5325000,1779274258.960854
approach2_run1,5326000,1779274259.045442
approach2_run1,5327000,1779274259.090641
approach2_run1,5328000,1779274259.176703
approach2_run1,5329000,1779274259.215680
approach2_run1,5330000,1779274259.300335
approach2_run1,5331000,1779274259.354902
approach2_run1,5332000,1779274259.435762
approach2_run1,5333000,1779274259.521655
approach2_run1,5334000,1779274259.556909
approach2_run1,5335000,1779274259.641537
approach2_run1,5336000,1779274259.695219
approach2_run1,5337000,1779274259.781107
approach2_run1,5338000,1779274259.811181
approach2_run1,5339000,1779274259.895799
approach2_run1,5340000,1779274259.954487
approach2_run1,5341000,1779274260.040536
approach2_run1,5342000,1779274260.066661
approach2_run1,5343000,1779274260.151113
approach2_run1,5344000,1779274260.213657
approach2_run1,5345000,1779274260.299572
approach2_run1,5346000,1779274260.322024
approach2_run1,5347000,1779274260.406817
approach2_run1,5348000,1779274260.477768
approach2_run1,5349000,1779274260.558779
approach2_run1,5350000,1779274260.577523
approach2_run1,5351000,1779274260.662115
approach2_run1,5352000,1779274260.732188
approach2_run1,5353000,1779274260.817974
approach2_run1,5354000,1779274260.903830
approach2_run1,5355000,1779274260.918522
approach2_run1,5356000,1779274261.001662
approach2_run1,5357000,1779274261.082521
approach2_run1,5358000,1779274261.168018
approach2_run1,5359000,1779274261.173107
approach2_run1,5360000,1779274261.257328
approach2_run1,5361000,1779274261.342088
approach2_run1,5362000,1779274261.427563
approach2_run1,5363000,1779274261.430975
approach2_run1,5364000,1779274261.529855
approach2_run1,5365000,1779274261.599269
approach2_run1,5366000,1779274261.685020
approach2_run1,5367000,1779274261.686739
approach2_run1,5368000,1779274261.772738
approach2_run1,5369000,1779274261.856105
approach2_run1,5370000,1779274261.940738
approach2_run1,5371000,1779274261.945878
approach2_run1,5372000,1779274262.032058
approach2_run1,5373000,1779274262.111356
approach2_run1,5374000,1779274262.196134
approach2_run1,5375000,1779274262.280660
approach2_run1,5376000,1779274262.291304
approach2_run1,5377000,1779274262.377185
approach2_run1,5378000,1779274262.451540
approach2_run1,5379000,1779274262.536226
approach2_run1,5380000,1779274262.567230
approach2_run1,5381000,1779274262.653105
approach2_run1,5382000,1779274262.705354
approach2_run1,5383000,1779274262.789988
approach2_run1,5384000,1779274262.831026
approach2_run1,5385000,1779274262.912373
approach2_run1,5386000,1779274262.961142
approach2_run1,5387000,1779274263.045804
approach2_run1,5388000,1779274263.085776
approach2_run1,5389000,1779274263.171632
approach2_run1,5390000,1779274263.217078
approach2_run1,5391000,1779274263.284642
approach2_run1,5392000,1779274263.345158
approach2_run1,5393000,1779274263.431161
approach2_run1,5394000,1779274263.517025
approach2_run1,5395000,1779274263.557598
approach2_run1,5396000,1779274263.642066
approach2_run1,5397000,1779274263.690278
approach2_run1,5398000,1779274263.776377
approach2_run1,5399000,1779274263.797119
approach2_run1,5400000,1779274263.881782
approach2_run1,5401000,1779274263.957299
approach2_run1,5402000,1779274264.035966
approach2_run1,5403000,1779274264.074535
approach2_run1,5404000,1779274264.159214
approach2_run1,5405000,1779274264.209484
approach2_run1,5406000,1779274264.302524
approach2_run1,5407000,1779274264.330395
approach2_run1,5408000,1779274264.415356
approach2_run1,5409000,1779274264.475750
approach2_run1,5410000,1779274264.561636
approach2_run1,5411000,1779274264.586143
approach2_run1,5412000,1779274264.677649
approach2_run1,5413000,1779274264.734884
approach2_run1,5414000,1779274264.813759
approach2_run1,5415000,1779274264.899605
approach2_run1,5416000,1779274264.933829
approach2_run1,5417000,1779274265.010959
approach2_run1,5418000,1779274265.072831
approach2_run1,5419000,1779274265.158934
approach2_run1,5420000,1779274265.189473
approach2_run1,5421000,1779274265.274131
approach2_run1,5422000,1779274265.332363
approach2_run1,5423000,1779274265.418276
approach2_run1,5424000,1779274265.437757
approach2_run1,5425000,1779274265.522425
approach2_run1,5426000,1779274265.591604
approach2_run1,5427000,1779274265.684338
approach2_run1,5428000,1779274265.693499
approach2_run1,5429000,1779274265.778084
approach2_run1,5430000,1779274265.857480
approach2_run1,5431000,1779274265.943529
approach2_run1,5432000,1779274265.948889
approach2_run1,5433000,1779274266.034073
approach2_run1,5434000,1779274266.116809
approach2_run1,5435000,1779274266.202585
approach2_run1,5436000,1779274266.288412
approach2_run1,5437000,1779274266.290154
approach2_run1,5438000,1779274266.375482
approach2_run1,5439000,1779274266.459967
approach2_run1,5440000,1779274266.541387
approach2_run1,5441000,1779274266.548863
approach2_run1,5442000,1779274266.634703
approach2_run1,5443000,1779274266.715533
approach2_run1,5444000,1779274266.800007
approach2_run1,5445000,1779274266.808140
approach2_run1,5446000,1779274266.894131
approach2_run1,5447000,1779274266.970816
approach2_run1,5448000,1779274267.052800
approach2_run1,5449000,1779274267.067418
approach2_run1,5450000,1779274267.155836
approach2_run1,5451000,1779274267.223914
approach2_run1,5452000,1779274267.308542
approach2_run1,5453000,1779274267.326617
approach2_run1,5454000,1779274267.415003
approach2_run1,5455000,1779274267.479366
approach2_run1,5456000,1779274267.566475
approach2_run1,5457000,1779274267.651100
approach2_run1,5458000,1779274267.674391
approach2_run1,5459000,1779274267.760310
approach2_run1,5460000,1779274267.831039
approach2_run1,5461000,1779274267.915963
approach2_run1,5462000,1779274267.933842
approach2_run1,5463000,1779274268.020054
approach2_run1,5464000,1779274268.086966
approach2_run1,5465000,1779274268.171844
approach2_run1,5466000,1779274268.193317
approach2_run1,5467000,1779274268.279482
approach2_run1,5468000,1779274268.342422
approach2_run1,5469000,1779274268.427148
approach2_run1,5470000,1779274268.452839
approach2_run1,5471000,1779274268.578861
approach2_run1,5472000,1779274268.598322
approach2_run1,5473000,1779274268.674829
approach2_run1,5474000,1779274268.711903
approach2_run1,5475000,1779274268.797868
approach2_run1,5476000,1779274268.854250
approach2_run1,5477000,1779274268.938927
approach2_run1,5478000,1779274269.023430
approach2_run1,5479000,1779274269.057061
approach2_run1,5480000,1779274269.183117
approach2_run1,5481000,1779274269.194562
approach2_run1,5482000,1779274269.279420
approach2_run1,5483000,1779274269.356727
approach2_run1,5484000,1779274269.402025
approach2_run1,5485000,1779274269.449414
approach2_run1,5486000,1779274269.534000
approach2_run1,5487000,1779274269.575304
approach2_run1,5488000,1779274269.701697
approach2_run1,5489000,1779274269.705567
approach2_run1,5490000,1779274269.790212
approach2_run1,5491000,1779274269.834504
approach2_run1,5492000,1779274269.920663
approach2_run1,5493000,1779274269.953946
approach2_run1,5494000,1779274270.047719
approach2_run1,5495000,1779274270.131764
approach2_run1,5496000,1779274270.216370
approach2_run1,5497000,1779274270.221404
approach2_run1,5498000,1779274270.306770
approach2_run1,5499000,1779274270.392514
approach2_run1,5500000,1779274270.464983
approach2_run1,5501000,1779274270.556983
approach2_run1,5502000,1779274270.566175
approach2_run1,5503000,1779274270.651993
approach2_run1,5504000,1779274270.727840
approach2_run1,5505000,1779274270.784338
approach2_run1,5506000,1779274270.813236
approach2_run1,5507000,1779274270.898176
approach2_run1,5508000,1779274270.957682
approach2_run1,5509000,1779274271.043991
approach2_run1,5510000,1779274271.069069
approach2_run1,5511000,1779274271.153624
approach2_run1,5512000,1779274271.217339
approach2_run1,5513000,1779274271.324197
approach2_run1,5514000,1779274271.344272
approach2_run1,5515000,1779274271.451238
approach2_run1,5516000,1779274271.494879
approach2_run1,5517000,1779274271.579648
approach2_run1,5518000,1779274271.604141
approach2_run1,5519000,1779274271.690348
approach2_run1,5520000,1779274271.776187
approach2_run1,5521000,1779274271.835449
approach2_run1,5522000,1779274271.920071
approach2_run1,5523000,1779274271.950579
approach2_run1,5524000,1779274272.038901
approach2_run1,5525000,1779274272.090567
approach2_run1,5526000,1779274272.175139
approach2_run1,5527000,1779274272.212084
approach2_run1,5528000,1779274272.298287
approach2_run1,5529000,1779274272.345930
approach2_run1,5530000,1779274272.430609
approach2_run1,5531000,1779274272.471797
approach2_run1,5532000,1779274272.557733
approach2_run1,5533000,1779274272.601655
approach2_run1,5534000,1779274272.687294
approach2_run1,5535000,1779274272.731286
approach2_run1,5536000,1779274272.817191
approach2_run1,5537000,1779274272.857869
approach2_run1,5538000,1779274272.942880
approach2_run1,5539000,1779274272.990931
approach2_run1,5540000,1779274273.076712
approach2_run1,5541000,1779274273.162460
approach2_run1,5542000,1779274273.198279
approach2_run1,5543000,1779274273.326230
approach2_run1,5544000,1779274273.335671
approach2_run1,5545000,1779274273.421682
approach2_run1,5546000,1779274273.496823
approach2_run1,5547000,1779274273.581435
approach2_run1,5548000,1779274273.595131
approach2_run1,5549000,1779274273.680750
approach2_run1,5550000,1779274273.752221
approach2_run1,5551000,1779274273.837075
approach2_run1,5552000,1779274273.854079
approach2_run1,5553000,1779274273.940150
approach2_run1,5554000,1779274274.008297
approach2_run1,5555000,1779274274.092882
approach2_run1,5556000,1779274274.112160
approach2_run1,5557000,1779274274.197954
approach2_run1,5558000,1779274274.220471
approach2_run1,5559000,1779274274.305119
approach2_run1,5560000,1779274274.371513
approach2_run1,5561000,1779274274.457278
approach2_run1,5562000,1779274274.543230
approach2_run1,5563000,1779274274.560769
approach2_run1,5564000,1779274274.645666
approach2_run1,5565000,1779274274.716635
approach2_run1,5566000,1779274274.802517
approach2_run1,5567000,1779274274.816902
approach2_run1,5568000,1779274274.901499
approach2_run1,5569000,1779274274.975815
approach2_run1,5570000,1779274275.062907
approach2_run1,5571000,1779274275.072958
approach2_run1,5572000,1779274275.199890
approach2_run1,5573000,1779274275.236478
approach2_run1,5574000,1779274275.322356
approach2_run1,5575000,1779274275.370764
approach2_run1,5576000,1779274275.455593
approach2_run1,5577000,1779274275.495547
approach2_run1,5578000,1779274275.581461
approach2_run1,5579000,1779274275.626803
approach2_run1,5580000,1779274275.711346
approach2_run1,5581000,1779274275.754875
approach2_run1,5582000,1779274275.840555
approach2_run1,5583000,1779274275.926297
approach2_run1,5584000,1779274275.972288
approach2_run1,5585000,1779274276.056924
approach2_run1,5586000,1779274276.099728
approach2_run1,5587000,1779274276.185636
approach2_run1,5588000,1779274276.227772
approach2_run1,5589000,1779274276.312428
approach2_run1,5590000,1779274276.358797
approach2_run1,5591000,1779274276.447028
approach2_run1,5592000,1779274276.483242
approach2_run1,5593000,1779274276.568020
approach2_run1,5594000,1779274276.636812
approach2_run1,5595000,1779274276.722660
approach2_run1,5596000,1779274276.738987
approach2_run1,5597000,1779274276.823717
approach2_run1,5598000,1779274276.896009
approach2_run1,5599000,1779274276.981884
approach2_run1,5600000,1779274276.994553
approach2_run1,5601000,1779274277.079199
approach2_run1,5602000,1779274277.155542
approach2_run1,5603000,1779274277.241440
approach2_run1,5604000,1779274277.329788
approach2_run1,5605000,1779274277.335113
approach2_run1,5606000,1779274277.419663
approach2_run1,5607000,1779274277.500699
approach2_run1,5608000,1779274277.589275
approach2_run1,5609000,1779274277.591154
approach2_run1,5610000,1779274277.675693
approach2_run1,5611000,1779274277.756302
approach2_run1,5612000,1779274277.841016
approach2_run1,5613000,1779274277.849159
approach2_run1,5614000,1779274277.934978
approach2_run1,5615000,1779274278.012039
approach2_run1,5616000,1779274278.096712
approach2_run1,5617000,1779274278.108275
approach2_run1,5618000,1779274278.194111
approach2_run1,5619000,1779274278.267984
approach2_run1,5620000,1779274278.352813
approach2_run1,5621000,1779274278.367462
approach2_run1,5622000,1779274278.453207
approach2_run1,5623000,1779274278.539030
approach2_run1,5624000,1779274278.608705
approach2_run1,5625000,1779274278.693326
approach2_run1,5626000,1779274278.712421
approach2_run1,5627000,1779274278.798690
approach2_run1,5628000,1779274278.869882
approach2_run1,5629000,1779274278.954711
approach2_run1,5630000,1779274278.972346
approach2_run1,5631000,1779274279.055215
approach2_run1,5632000,1779274279.125464
approach2_run1,5633000,1779274279.210238
approach2_run1,5634000,1779274279.231143
approach2_run1,5635000,1779274279.318111
approach2_run1,5636000,1779274279.381120
approach2_run1,5637000,1779274279.472562
approach2_run1,5638000,1779274279.491218
approach2_run1,5639000,1779274279.577211
approach2_run1,5640000,1779274279.636810
approach2_run1,5641000,1779274279.721511
approach2_run1,5642000,1779274279.750806
approach2_run1,5643000,1779274279.836784
approach2_run1,5644000,1779274279.921625
approach2_run1,5645000,1779274279.971053
approach2_run1,5646000,1779274280.055686
approach2_run1,5647000,1779274280.096111
approach2_run1,5648000,1779274280.182033
approach2_run1,5649000,1779274280.232518
approach2_run1,5650000,1779274280.317233
approach2_run1,5651000,1779274280.355088
approach2_run1,5652000,1779274280.441273
approach2_run1,5653000,1779274280.482808
approach2_run1,5654000,1779274280.572975
approach2_run1,5655000,1779274280.614688
approach2_run1,5656000,1779274280.700518
approach2_run1,5657000,1779274280.750835
approach2_run1,5658000,1779274280.835469
approach2_run1,5659000,1779274280.872931
approach2_run1,5660000,1779274280.958958
approach2_run1,5661000,1779274281.006426
approach2_run1,5662000,1779274281.091180
approach2_run1,5663000,1779274281.133943
approach2_run1,5664000,1779274281.220114
approach2_run1,5665000,1779274281.303864
approach2_run1,5666000,1779274281.346617
approach2_run1,5667000,1779274281.424584
approach2_run1,5668000,1779274281.477347
approach2_run1,5669000,1779274281.563365
approach2_run1,5670000,1779274281.595419
approach2_run1,5671000,1779274281.680028
approach2_run1,5672000,1779274281.719553
approach2_run1,5673000,1779274281.822761
approach2_run1,5674000,1779274281.857551
approach2_run1,5675000,1779274281.942197
approach2_run1,5676000,1779274281.996926
approach2_run1,5677000,1779274282.082815
approach2_run1,5678000,1779274282.106458
approach2_run1,5679000,1779274282.191381
approach2_run1,5680000,1779274282.256050
approach2_run1,5681000,1779274282.341979
approach2_run1,5682000,1779274282.362786
approach2_run1,5683000,1779274282.453313
approach2_run1,5684000,1779274282.497518
approach2_run1,5685000,1779274282.583438
approach2_run1,5686000,1779274282.687403
approach2_run1,5687000,1779274282.708648
approach2_run1,5688000,1779274282.793299
approach2_run1,5689000,1779274282.860860
approach2_run1,5690000,1779274282.946956
approach2_run1,5691000,1779274282.964287
approach2_run1,5692000,1779274283.049032
approach2_run1,5693000,1779274283.120378
approach2_run1,5694000,1779274283.206314
approach2_run1,5695000,1779274283.221791
approach2_run1,5696000,1779274283.306551
approach2_run1,5697000,1779274283.379802
approach2_run1,5698000,1779274283.465864
approach2_run1,5699000,1779274283.477420
approach2_run1,5700000,1779274283.562082
approach2_run1,5701000,1779274283.641336
approach2_run1,5702000,1779274283.727272
approach2_run1,5703000,1779274283.733141
approach2_run1,5704000,1779274283.816145
approach2_run1,5705000,1779274283.901716
approach2_run1,5706000,1779274283.986478
approach2_run1,5707000,1779274284.071003
approach2_run1,5708000,1779274284.087395
approach2_run1,5709000,1779274284.173603
approach2_run1,5710000,1779274284.242509
approach2_run1,5711000,1779274284.327477
approach2_run1,5712000,1779274284.347162
approach2_run1,5713000,1779274284.433238
approach2_run1,5714000,1779274284.498463
approach2_run1,5715000,1779274284.583272
approach2_run1,5716000,1779274284.606547
approach2_run1,5717000,1779274284.676954
approach2_run1,5718000,1779274284.755414
approach2_run1,5719000,1779274284.840058
approach2_run1,5720000,1779274284.866007
approach2_run1,5721000,1779274284.952060
approach2_run1,5722000,1779274285.011214
approach2_run1,5723000,1779274285.095946
approach2_run1,5724000,1779274285.125331
approach2_run1,5725000,1779274285.211651
approach2_run1,5726000,1779274285.267162
approach2_run1,5727000,1779274285.370443
approach2_run1,5728000,1779274285.436157
approach2_run1,5729000,1779274285.471135
approach2_run1,5730000,1779274285.556694
approach2_run1,5731000,1779274285.626136
approach2_run1,5732000,1779274285.710634
approach2_run1,5733000,1779274285.730386
approach2_run1,5734000,1779274285.816565
approach2_run1,5735000,1779274285.862786
approach2_run1,5736000,1779274285.947768
approach2_run1,5737000,1779274285.990286
approach2_run1,5738000,1779274286.075977
approach2_run1,5739000,1779274286.137522
approach2_run1,5740000,1779274286.221969
approach2_run1,5741000,1779274286.254083
approach2_run1,5742000,1779274286.340205
approach2_run1,5743000,1779274286.393147
approach2_run1,5744000,1779274286.478142
approach2_run1,5745000,1779274286.513682
approach2_run1,5746000,1779274286.599520
approach2_run1,5747000,1779274286.685385
approach2_run1,5748000,1779274286.733495
approach2_run1,5749000,1779274286.820184
approach2_run1,5750000,1779274286.854064
approach2_run1,5751000,1779274286.940246
approach2_run1,5752000,1779274286.988838
approach2_run1,5753000,1779274287.073426
approach2_run1,5754000,1779274287.113852
approach2_run1,5755000,1779274287.199812
approach2_run1,5756000,1779274287.244448
approach2_run1,5757000,1779274287.329139
approach2_run1,5758000,1779274287.356731
approach2_run1,5759000,1779274287.442732
approach2_run1,5760000,1779274287.500065
approach2_run1,5761000,1779274287.584711
approach2_run1,5762000,1779274287.633050
approach2_run1,5763000,1779274287.719662
approach2_run1,5764000,1779274287.756066
approach2_run1,5765000,1779274287.840805
approach2_run1,5766000,1779274287.892910
approach2_run1,5767000,1779274287.978792
approach2_run1,5768000,1779274288.064654
approach2_run1,5769000,1779274288.097502
approach2_run1,5770000,1779274288.182064
approach2_run1,5771000,1779274288.238328
approach2_run1,5772000,1779274288.324105
approach2_run1,5773000,1779274288.352946
approach2_run1,5774000,1779274288.437489
approach2_run1,5775000,1779274288.497747
approach2_run1,5776000,1779274288.583839
approach2_run1,5777000,1779274288.608463
approach2_run1,5778000,1779274288.696922
approach2_run1,5779000,1779274288.757168
approach2_run1,5780000,1779274288.843075
approach2_run1,5781000,1779274288.863936
approach2_run1,5782000,1779274288.948563
approach2_run1,5783000,1779274289.016781
approach2_run1,5784000,1779274289.102651
approach2_run1,5785000,1779274289.123310
approach2_run1,5786000,1779274289.208029
approach2_run1,5787000,1779274289.276150
approach2_run1,5788000,1779274289.344281
approach2_run1,5789000,1779274289.430091
approach2_run1,5790000,1779274289.463456
approach2_run1,5791000,1779274289.548078
approach2_run1,5792000,1779274289.621139
approach2_run1,5793000,1779274289.689601
approach2_run1,5794000,1779274289.718821
approach2_run1,5795000,1779274289.803503
approach2_run1,5796000,1779274289.880312
approach2_run1,5797000,1779274289.966292
approach2_run1,5798000,1779274289.969899
approach2_run1,5799000,1779274290.054581
approach2_run1,5800000,1779274290.139636
approach2_run1,5801000,1779274290.225513
approach2_run1,5802000,1779274290.229753
approach2_run1,5803000,1779274290.315748
approach2_run1,5804000,1779274290.400135
approach2_run1,5805000,1779274290.484677
approach2_run1,5806000,1779274290.486336
approach2_run1,5807000,1779274290.571141
approach2_run1,5808000,1779274290.651887
approach2_run1,5809000,1779274290.736501
approach2_run1,5810000,1779274290.820979
approach2_run1,5811000,1779274290.830613
approach2_run1,5812000,1779274290.916471
approach2_run1,5813000,1779274290.991989
approach2_run1,5814000,1779274291.076637
approach2_run1,5815000,1779274291.089786
approach2_run1,5816000,1779274291.161999
approach2_run1,5817000,1779274291.247854
approach2_run1,5818000,1779274291.332460
approach2_run1,5819000,1779274291.334299
approach2_run1,5820000,1779274291.420250
approach2_run1,5821000,1779274291.507053
approach2_run1,5822000,1779274291.591700
approach2_run1,5823000,1779274291.594278
approach2_run1,5824000,1779274291.695108
approach2_run1,5825000,1779274291.759100
approach2_run1,5826000,1779274291.825303
approach2_run1,5827000,1779274291.909793
approach2_run1,5828000,1779274291.959094
approach2_run1,5829000,1779274292.041764
approach2_run1,5830000,1779274292.127793
approach2_run1,5831000,1779274292.163803
approach2_run1,5832000,1779274292.247708
approach2_run1,5833000,1779274292.301257
approach2_run1,5834000,1779274292.376980
approach2_run1,5835000,1779274292.440743
approach2_run1,5836000,1779274292.473968
approach2_run1,5837000,1779274292.560314
approach2_run1,5838000,1779274292.633840
approach2_run1,5839000,1779274292.677400
approach2_run1,5840000,1779274292.761340
approach2_run1,5841000,1779274292.819783
approach2_run1,5842000,1779274292.905700
approach2_run1,5843000,1779274292.932467
approach2_run1,5844000,1779274293.018191
approach2_run1,5845000,1779274293.102896
approach2_run1,5846000,1779274293.164966
approach2_run1,5847000,1779274293.251145
approach2_run1,5848000,1779274293.274350
approach2_run1,5849000,1779274293.359147
approach2_run1,5850000,1779274293.425234
approach2_run1,5851000,1779274293.513903
approach2_run1,5852000,1779274293.530126
approach2_run1,5853000,1779274293.614993
approach2_run1,5854000,1779274293.690848
approach2_run1,5855000,1779274293.773021
approach2_run1,5856000,1779274293.785903
approach2_run1,5857000,1779274293.871225
approach2_run1,5858000,1779274293.950474
approach2_run1,5859000,1779274294.042203
approach2_run1,5860000,1779274294.074083
approach2_run1,5861000,1779274294.160044
approach2_run1,5862000,1779274294.209441
approach2_run1,5863000,1779274294.295883
approach2_run1,5864000,1779274294.298736
approach2_run1,5865000,1779274294.401390
approach2_run1,5866000,1779274294.486027
approach2_run1,5867000,1779274294.554285
approach2_run1,5868000,1779274294.641062
approach2_run1,5869000,1779274294.656876
approach2_run1,5870000,1779274294.742347
approach2_run1,5871000,1779274294.814258
approach2_run1,5872000,1779274294.900246
approach2_run1,5873000,1779274294.913942
approach2_run1,5874000,1779274294.998449
approach2_run1,5875000,1779274295.073951
approach2_run1,5876000,1779274295.159821
approach2_run1,5877000,1779274295.169554
approach2_run1,5878000,1779274295.254450
approach2_run1,5879000,1779274295.333410
approach2_run1,5880000,1779274295.425927
approach2_run1,5881000,1779274295.456138
approach2_run1,5882000,1779274295.541939
approach2_run1,5883000,1779274295.597100
approach2_run1,5884000,1779274295.682147
approach2_run1,5885000,1779274295.715335
approach2_run1,5886000,1779274295.801219
approach2_run1,5887000,1779274295.887850
approach2_run1,5888000,1779274295.938042
approach2_run1,5889000,1779274296.020787
approach2_run1,5890000,1779274296.061301
approach2_run1,5891000,1779274296.147288
approach2_run1,5892000,1779274296.191652
approach2_run1,5893000,1779274296.276432
approach2_run1,5894000,1779274296.320659
approach2_run1,5895000,1779274296.406567
approach2_run1,5896000,1779274296.447386
approach2_run1,5897000,1779274296.532063
approach2_run1,5898000,1779274296.579948
approach2_run1,5899000,1779274296.669692
approach2_run1,5900000,1779274296.703464
approach2_run1,5901000,1779274296.788118
approach2_run1,5902000,1779274296.842930
approach2_run1,5903000,1779274296.928852
approach2_run1,5904000,1779274296.959520
approach2_run1,5905000,1779274297.044280
approach2_run1,5906000,1779274297.102065
approach2_run1,5907000,1779274297.187974
approach2_run1,5908000,1779274297.273923
approach2_run1,5909000,1779274297.299802
approach2_run1,5910000,1779274297.384963
approach2_run1,5911000,1779274297.447250
approach2_run1,5912000,1779274297.529268
approach2_run1,5913000,1779274297.556447
approach2_run1,5914000,1779274297.641344
approach2_run1,5915000,1779274297.706290
approach2_run1,5916000,1779274297.792078
approach2_run1,5917000,1779274297.812589
approach2_run1,5918000,1779274297.897127
approach2_run1,5919000,1779274297.965433
approach2_run1,5920000,1779274298.051618
approach2_run1,5921000,1779274298.069993
approach2_run1,5922000,1779274298.154755
approach2_run1,5923000,1779274298.220994
approach2_run1,5924000,1779274298.310794
approach2_run1,5925000,1779274298.323970
approach2_run1,5926000,1779274298.408775
approach2_run1,5927000,1779274298.493459
approach2_run1,5928000,1779274298.569911
approach2_run1,5929000,1779274298.647518
approach2_run1,5930000,1779274298.656247
approach2_run1,5931000,1779274298.749336
approach2_run1,5932000,1779274298.829028
approach2_run1,5933000,1779274298.914981
approach2_run1,5934000,1779274298.924936
approach2_run1,5935000,1779274299.009754
approach2_run1,5936000,1779274299.088358
approach2_run1,5937000,1779274299.174195
approach2_run1,5938000,1779274299.180627
approach2_run1,5939000,1779274299.265170
approach2_run1,5940000,1779274299.343789
approach2_run1,5941000,1779274299.429774
approach2_run1,5942000,1779274299.433070
approach2_run1,5943000,1779274299.517674
approach2_run1,5944000,1779274299.603737
approach2_run1,5945000,1779274299.689414
approach2_run1,5946000,1779274299.692244
approach2_run1,5947000,1779274299.777150
approach2_run1,5948000,1779274299.862811
approach2_run1,5949000,1779274299.947612
approach2_run1,5950000,1779274300.028012
approach2_run1,5951000,1779274300.038162
approach2_run1,5952000,1779274300.123945
approach2_run1,5953000,1779274300.199150
approach2_run1,5954000,1779274300.287590
approach2_run1,5955000,1779274300.297275
approach2_run1,5956000,1779274300.383114
approach2_run1,5957000,1779274300.458591
approach2_run1,5958000,1779274300.543260
approach2_run1,5959000,1779274300.553456
approach2_run1,5960000,1779274300.639339
approach2_run1,5961000,1779274300.714319
approach2_run1,5962000,1779274300.799356
approach2_run1,5963000,1779274300.812827
approach2_run1,5964000,1779274300.898701
approach2_run1,5965000,1779274300.966867
approach2_run1,5966000,1779274301.055136
approach2_run1,5967000,1779274301.074980
approach2_run1,5968000,1779274301.160809
approach2_run1,5969000,1779274301.247010
approach2_run1,5970000,1779274301.310741
approach2_run1,5971000,1779274301.395359
approach2_run1,5972000,1779274301.420375
approach2_run1,5973000,1779274301.506025
approach2_run1,5974000,1779274301.566660
approach2_run1,5975000,1779274301.651158
approach2_run1,5976000,1779274301.679334
approach2_run1,5977000,1779274301.765238
approach2_run1,5978000,1779274301.822207
approach2_run1,5979000,1779274301.903480
approach2_run1,5980000,1779274301.935795
approach2_run1,5981000,1779274302.021775
approach2_run1,5982000,1779274302.074275
approach2_run1,5983000,1779274302.158987
approach2_run1,5984000,1779274302.197634
approach2_run1,5985000,1779274302.283512
approach2_run1,5986000,1779274302.329946
approach2_run1,5987000,1779274302.414671
approach2_run1,5988000,1779274302.457040
approach2_run1,5989000,1779274302.543098
approach2_run1,5990000,1779274302.628785
approach2_run1,5991000,1779274302.673883
approach2_run1,5992000,1779274302.754962
approach2_run1,5993000,1779274302.799534
approach2_run1,5994000,1779274302.885543
approach2_run1,5995000,1779274302.929613
approach2_run1,5996000,1779274303.014225
approach2_run1,5997000,1779274303.059154
approach2_run1,5998000,1779274303.147216
approach2_run1,5999000,1779274303.184961
approach2_run1,6000000,1779274303.266888
approach2_run1,6001000,1779274303.318364
approach2_run1,6002000,1779274303.404490
approach2_run1,6003000,1779274303.438265
approach2_run1,6004000,1779274303.522824
approach2_run1,6005000,1779274303.577826
approach2_run1,6006000,1779274303.663784
approach2_run1,6007000,1779274303.693872
approach2_run1,6008000,1779274303.778773
approach2_run1,6009000,1779274303.837161
approach2_run1,6010000,1779274303.923020
approach2_run1,6011000,1779274304.009106
approach2_run1,6012000,1779274304.034178
approach2_run1,6013000,1779274304.118802
approach2_run1,6014000,1779274304.184101
approach2_run1,6015000,1779274304.269798
approach2_run1,6016000,1779274304.292625
approach2_run1,6017000,1779274304.377103
approach2_run1,6018000,1779274304.443170
approach2_run1,6019000,1779274304.528994
approach2_run1,6020000,1779274304.548037
approach2_run1,6021000,1779274304.630625
approach2_run1,6022000,1779274304.702595
approach2_run1,6023000,1779274304.786796
approach2_run1,6024000,1779274304.801495
approach2_run1,6025000,1779274304.886092
approach2_run1,6026000,1779274304.960143
approach2_run1,6027000,1779274305.046407
approach2_run1,6028000,1779274305.059423
approach2_run1,6029000,1779274305.141665
approach2_run1,6030000,1779274305.219628
approach2_run1,6031000,1779274305.305574
approach2_run1,6032000,1779274305.391407
approach2_run1,6033000,1779274305.397161
approach2_run1,6034000,1779274305.481814
approach2_run1,6035000,1779274305.565375
approach2_run1,6036000,1779274305.651027
approach2_run1,6037000,1779274305.652826
approach2_run1,6038000,1779274305.739878
approach2_run1,6039000,1779274305.823296
approach2_run1,6040000,1779274305.910492
approach2_run1,6041000,1779274305.912081
approach2_run1,6042000,1779274305.996568
approach2_run1,6043000,1779274306.081053
approach2_run1,6044000,1779274306.163500
approach2_run1,6045000,1779274306.169847
approach2_run1,6046000,1779274306.255701
approach2_run1,6047000,1779274306.334726
approach2_run1,6048000,1779274306.419034
approach2_run1,6049000,1779274306.428923
approach2_run1,6050000,1779274306.520327
approach2_run1,6051000,1779274306.590068
approach2_run1,6052000,1779274306.674799
approach2_run1,6053000,1779274306.761485
approach2_run1,6054000,1779274306.774039
approach2_run1,6055000,1779274306.859905
approach2_run1,6056000,1779274306.932405
approach2_run1,6057000,1779274307.015054
approach2_run1,6058000,1779274307.033420
approach2_run1,6059000,1779274307.119482
approach2_run1,6060000,1779274307.185990
approach2_run1,6061000,1779274307.270584
approach2_run1,6062000,1779274307.293324
approach2_run1,6063000,1779274307.357080
approach2_run1,6064000,1779274307.441707
approach2_run1,6065000,1779274307.526338
approach2_run1,6066000,1779274307.552985
approach2_run1,6067000,1779274307.639030
approach2_run1,6068000,1779274307.699045
approach2_run1,6069000,1779274307.784184
approach2_run1,6070000,1779274307.868802
approach2_run1,6071000,1779274307.876898
approach2_run1,6072000,1779274307.962653
approach2_run1,6073000,1779274308.040332
approach2_run1,6074000,1779274308.122542
approach2_run1,6075000,1779274308.207304
approach2_run1,6076000,1779274308.211497
approach2_run1,6077000,1779274308.292631
approach2_run1,6078000,1779274308.377478
approach2_run1,6079000,1779274308.396563
approach2_run1,6080000,1779274308.482392
approach2_run1,6081000,1779274308.548639
approach2_run1,6082000,1779274308.625878
approach2_run1,6083000,1779274308.677822
approach2_run1,6084000,1779274308.742655
approach2_run1,6085000,1779274308.828847
approach2_run1,6086000,1779274308.888782
approach2_run1,6087000,1779274308.973462
approach2_run1,6088000,1779274309.023511
approach2_run1,6089000,1779274309.109333
approach2_run1,6090000,1779274309.144498
approach2_run1,6091000,1779274309.228984
approach2_run1,6092000,1779274309.283018
approach2_run1,6093000,1779274309.369244
approach2_run1,6094000,1779274309.402727
approach2_run1,6095000,1779274309.487415
approach2_run1,6096000,1779274309.542647
approach2_run1,6097000,1779274309.628517
approach2_run1,6098000,1779274309.658510
approach2_run1,6099000,1779274309.744020
approach2_run1,6100000,1779274309.802273
approach2_run1,6101000,1779274309.888345
approach2_run1,6102000,1779274309.914833
approach2_run1,6103000,1779274309.996108
approach2_run1,6104000,1779274310.061488
approach2_run1,6105000,1779274310.147295
approach2_run1,6106000,1779274310.233185
approach2_run1,6107000,1779274310.255620
approach2_run1,6108000,1779274310.340186
approach2_run1,6109000,1779274310.406607
approach2_run1,6110000,1779274310.492606
approach2_run1,6111000,1779274310.511539
approach2_run1,6112000,1779274310.595973
approach2_run1,6113000,1779274310.664876
approach2_run1,6114000,1779274310.750748
approach2_run1,6115000,1779274310.768036
approach2_run1,6116000,1779274310.851304
approach2_run1,6117000,1779274310.924797
approach2_run1,6118000,1779274311.010708
approach2_run1,6119000,1779274311.022245
approach2_run1,6120000,1779274311.106939
approach2_run1,6121000,1779274311.186696
approach2_run1,6122000,1779274311.272500
approach2_run1,6123000,1779274311.279115
approach2_run1,6124000,1779274311.362554
approach2_run1,6125000,1779274311.446538
approach2_run1,6126000,1779274311.532865
approach2_run1,6127000,1779274311.618251
approach2_run1,6128000,1779274311.619969
approach2_run1,6129000,1779274311.704220
approach2_run1,6130000,1779274311.788724
approach2_run1,6131000,1779274311.873755
approach2_run1,6132000,1779274311.877639
approach2_run1,6133000,1779274311.963517
approach2_run1,6134000,1779274312.044971
approach2_run1,6135000,1779274312.129991
approach2_run1,6136000,1779274312.137364
approach2_run1,6137000,1779274312.223233
approach2_run1,6138000,1779274312.301253
approach2_run1,6139000,1779274312.385996
approach2_run1,6140000,1779274312.396671
approach2_run1,6141000,1779274312.480343
approach2_run1,6142000,1779274312.567247
approach2_run1,6143000,1779274312.641380
approach2_run1,6144000,1779274312.656069
approach2_run1,6145000,1779274312.741922
approach2_run1,6146000,1779274312.812235
approach2_run1,6147000,1779274312.896928
approach2_run1,6148000,1779274312.981494
approach2_run1,6149000,1779274313.000932
approach2_run1,6150000,1779274313.086773
approach2_run1,6151000,1779274313.152701
approach2_run1,6152000,1779274313.259667
approach2_run1,6153000,1779274313.278562
approach2_run1,6154000,1779274313.345856
approach2_run1,6155000,1779274313.432846
approach2_run1,6156000,1779274313.518777
approach2_run1,6157000,1779274313.533944
approach2_run1,6158000,1779274313.618637
approach2_run1,6159000,1779274313.692057
approach2_run1,6160000,1779274313.778033
approach2_run1,6161000,1779274313.789859
approach2_run1,6162000,1779274313.874561
approach2_run1,6163000,1779274313.963128
approach2_run1,6164000,1779274314.047776
approach2_run1,6165000,1779274314.058015
approach2_run1,6166000,1779274314.148520
approach2_run1,6167000,1779274314.218493
approach2_run1,6168000,1779274314.303422
approach2_run1,6169000,1779274314.344344
approach2_run1,6170000,1779274314.419854
approach2_run1,6171000,1779274314.493912
approach2_run1,6172000,1779274314.515321
approach2_run1,6173000,1779274314.600106
approach2_run1,6174000,1779274314.679311
approach2_run1,6175000,1779274314.753352
approach2_run1,6176000,1779274314.771185
approach2_run1,6177000,1779274314.856087
approach2_run1,6178000,1779274314.926559
approach2_run1,6179000,1779274315.007910
approach2_run1,6180000,1779274315.026853
approach2_run1,6181000,1779274315.110749
approach2_run1,6182000,1779274315.181684
approach2_run1,6183000,1779274315.267420
approach2_run1,6184000,1779274315.281549
approach2_run1,6185000,1779274315.366159
approach2_run1,6186000,1779274315.440632
approach2_run1,6187000,1779274315.526499
approach2_run1,6188000,1779274315.537966
approach2_run1,6189000,1779274315.622560
approach2_run1,6190000,1779274315.707327
approach2_run1,6191000,1779274315.787497
approach2_run1,6192000,1779274315.854903
approach2_run1,6193000,1779274315.878721
approach2_run1,6194000,1779274315.963283
approach2_run1,6195000,1779274316.047319
approach2_run1,6196000,1779274316.133063
approach2_run1,6197000,1779274316.176959
approach2_run1,6198000,1779274316.219882
approach2_run1,6199000,1779274316.304579
approach2_run1,6200000,1779274316.389258
approach2_run1,6201000,1779274316.392753
approach2_run1,6202000,1779274316.478511
approach2_run1,6203000,1779274316.560398
approach2_run1,6204000,1779274316.644613
approach2_run1,6205000,1779274316.652056
approach2_run1,6206000,1779274316.737749
approach2_run1,6207000,1779274316.824834
approach2_run1,6208000,1779274316.910445
approach2_run1,6209000,1779274316.944000
approach2_run1,6210000,1779274317.028572
approach2_run1,6211000,1779274317.082782
approach2_run1,6212000,1779274317.155829
approach2_run1,6213000,1779274317.240544
approach2_run1,6214000,1779274317.256150
approach2_run1,6215000,1779274317.341974
approach2_run1,6216000,1779274317.411490
approach2_run1,6217000,1779274317.496415
approach2_run1,6218000,1779274317.527474
approach2_run1,6219000,1779274317.613264
approach2_run1,6220000,1779274317.667177
approach2_run1,6221000,1779274317.752108
approach2_run1,6222000,1779274317.786998
approach2_run1,6223000,1779274317.872712
approach2_run1,6224000,1779274317.923069
approach2_run1,6225000,1779274318.007906
approach2_run1,6226000,1779274318.034189
approach2_run1,6227000,1779274318.120056
approach2_run1,6228000,1779274318.178746
approach2_run1,6229000,1779274318.263218
approach2_run1,6230000,1779274318.293397
approach2_run1,6231000,1779274318.379151
approach2_run1,6232000,1779274318.465361
approach2_run1,6233000,1779274318.519766
approach2_run1,6234000,1779274318.604704
approach2_run1,6235000,1779274318.639032
approach2_run1,6236000,1779274318.724806
approach2_run1,6237000,1779274318.811873
approach2_run1,6238000,1779274318.897842
approach2_run1,6239000,1779274318.903324
approach2_run1,6240000,1779274318.987895
approach2_run1,6241000,1779274319.073833
approach2_run1,6242000,1779274319.157265
approach2_run1,6243000,1779274319.159610
approach2_run1,6244000,1779274319.244854
approach2_run1,6245000,1779274319.330400
approach2_run1,6246000,1779274319.413857
approach2_run1,6247000,1779274319.416950
approach2_run1,6248000,1779274319.502817
approach2_run1,6249000,1779274319.587627
approach2_run1,6250000,1779274319.673672
approach2_run1,6251000,1779274319.676230
approach2_run1,6252000,1779274319.773329
approach2_run1,6253000,1779274319.845171
approach2_run1,6254000,1779274319.929348
approach2_run1,6255000,1779274320.014026
approach2_run1,6256000,1779274320.033426
approach2_run1,6257000,1779274320.119259
approach2_run1,6258000,1779274320.184735
approach2_run1,6259000,1779274320.269322
approach2_run1,6260000,1779274320.292616
approach2_run1,6261000,1779274320.378370
approach2_run1,6262000,1779274320.438713
approach2_run1,6263000,1779274320.523493
approach2_run1,6264000,1779274320.554178
approach2_run1,6265000,1779274320.637488
approach2_run1,6266000,1779274320.694295
approach2_run1,6267000,1779274320.776785
approach2_run1,6268000,1779274320.810768
approach2_run1,6269000,1779274320.896917
approach2_run1,6270000,1779274320.950145
approach2_run1,6271000,1779274321.034840
approach2_run1,6272000,1779274321.070564
approach2_run1,6273000,1779274321.156534
approach2_run1,6274000,1779274321.203177
approach2_run1,6275000,1779274321.287945
approach2_run1,6276000,1779274321.372459
approach2_run1,6277000,1779274321.415858
approach2_run1,6278000,1779274321.501746
approach2_run1,6279000,1779274321.543800
approach2_run1,6280000,1779274321.628920
approach2_run1,6281000,1779274321.672575
approach2_run1,6282000,1779274321.761025
approach2_run1,6283000,1779274321.799835
approach2_run1,6284000,1779274321.884526
approach2_run1,6285000,1779274321.935322
approach2_run1,6286000,1779274322.020448
approach2_run1,6287000,1779274322.055453
approach2_run1,6288000,1779274322.140110
approach2_run1,6289000,1779274322.193774
approach2_run1,6290000,1779274322.279763
approach2_run1,6291000,1779274322.313381
approach2_run1,6292000,1779274322.398154
approach2_run1,6293000,1779274322.453148
approach2_run1,6294000,1779274322.538997
approach2_run1,6295000,1779274322.568828
approach2_run1,6296000,1779274322.653459
approach2_run1,6297000,1779274322.738019
approach2_run1,6298000,1779274322.798459
approach2_run1,6299000,1779274322.874125
approach2_run1,6300000,1779274322.909405
approach2_run1,6301000,1779274322.991842
approach2_run1,6302000,1779274323.057931
approach2_run1,6303000,1779274323.143916
approach2_run1,6304000,1779274323.164720
approach2_run1,6305000,1779274323.249333
approach2_run1,6306000,1779274323.317283
approach2_run1,6307000,1779274323.411818
approach2_run1,6308000,1779274323.420136
approach2_run1,6309000,1779274323.504718
approach2_run1,6310000,1779274323.585667
approach2_run1,6311000,1779274323.675251
approach2_run1,6312000,1779274323.680011
approach2_run1,6313000,1779274323.760284
approach2_run1,6314000,1779274323.845050
approach2_run1,6315000,1779274323.930781
approach2_run1,6316000,1779274323.932491
approach2_run1,6317000,1779274324.017847
approach2_run1,6318000,1779274324.103619
approach2_run1,6319000,1779274324.184276
approach2_run1,6320000,1779274324.270634
approach2_run1,6321000,1779274324.276900
approach2_run1,6322000,1779274324.362752
approach2_run1,6323000,1779274324.439764
approach2_run1,6324000,1779274324.526144
approach2_run1,6325000,1779274324.549325
approach2_run1,6326000,1779274324.635377
approach2_run1,6327000,1779274324.696859
approach2_run1,6328000,1779274324.781538
approach2_run1,6329000,1779274324.808569
approach2_run1,6330000,1779274324.894344
approach2_run1,6331000,1779274324.953920
approach2_run1,6332000,1779274325.038583
approach2_run1,6333000,1779274325.068024
approach2_run1,6334000,1779274325.154028
approach2_run1,6335000,1779274325.209353
approach2_run1,6336000,1779274325.293950
approach2_run1,6337000,1779274325.327903
approach2_run1,6338000,1779274325.413687
approach2_run1,6339000,1779274325.500022
approach2_run1,6340000,1779274325.548246
approach2_run1,6341000,1779274325.632819
approach2_run1,6342000,1779274325.674142
approach2_run1,6343000,1779274325.760202
approach2_run1,6344000,1779274325.803982
approach2_run1,6345000,1779274325.888788
approach2_run1,6346000,1779274325.934031
approach2_run1,6347000,1779274326.020121
approach2_run1,6348000,1779274326.059997
approach2_run1,6349000,1779274326.144696
approach2_run1,6350000,1779274326.193229
approach2_run1,6351000,1779274326.279119
approach2_run1,6352000,1779274326.317565
approach2_run1,6353000,1779274326.401966
approach2_run1,6354000,1779274326.453174
approach2_run1,6355000,1779274326.560345
approach2_run1,6356000,1779274326.572927
approach2_run1,6357000,1779274326.657543
approach2_run1,6358000,1779274326.732898
approach2_run1,6359000,1779274326.818861
approach2_run1,6360000,1779274326.828775
approach2_run1,6361000,1779274326.913204
approach2_run1,6362000,1779274326.997732
approach2_run1,6363000,1779274327.078794
approach2_run1,6364000,1779274327.164781
approach2_run1,6365000,1779274327.176096
approach2_run1,6366000,1779274327.260852
approach2_run1,6367000,1779274327.338442
approach2_run1,6368000,1779274327.424307
approach2_run1,6369000,1779274327.431617
approach2_run1,6370000,1779274327.516165
approach2_run1,6371000,1779274327.601902
approach2_run1,6372000,1779274327.686947
approach2_run1,6373000,1779274327.699556
approach2_run1,6374000,1779274327.786240
approach2_run1,6375000,1779274327.857764
approach2_run1,6376000,1779274327.942514
approach2_run1,6377000,1779274327.959662
approach2_run1,6378000,1779274328.045634
approach2_run1,6379000,1779274328.113454
approach2_run1,6380000,1779274328.198102
approach2_run1,6381000,1779274328.219148
approach2_run1,6382000,1779274328.304880
approach2_run1,6383000,1779274328.395490
approach2_run1,6384000,1779274328.453504
approach2_run1,6385000,1779274328.538132
approach2_run1,6386000,1779274328.563985
approach2_run1,6387000,1779274328.649748
approach2_run1,6388000,1779274328.709366
approach2_run1,6389000,1779274328.794017
approach2_run1,6390000,1779274328.828354
approach2_run1,6391000,1779274328.914190
approach2_run1,6392000,1779274328.969671
approach2_run1,6393000,1779274329.054190
approach2_run1,6394000,1779274329.082536
approach2_run1,6395000,1779274329.168554
approach2_run1,6396000,1779274329.225158
approach2_run1,6397000,1779274329.316870
approach2_run1,6398000,1779274329.335183
approach2_run1,6399000,1779274329.427766
approach2_run1,6400000,1779274329.487947
approach2_run1,6401000,1779274329.565266
approach2_run1,6402000,1779274329.601079
approach2_run1,6403000,1779274329.687046
approach2_run1,6404000,1779274329.772892
approach2_run1,6405000,1779274329.827947
approach2_run1,6406000,1779274329.912897
approach2_run1,6407000,1779274329.946386
approach2_run1,6408000,1779274330.037698
approach2_run1,6409000,1779274330.083815
approach2_run1,6410000,1779274330.168582
approach2_run1,6411000,1779274330.205590
approach2_run1,6412000,1779274330.291613
approach2_run1,6413000,1779274330.331828
approach2_run1,6414000,1779274330.416468
approach2_run1,6415000,1779274330.465053
approach2_run1,6416000,1779274330.555587
approach2_run1,6417000,1779274330.587579
approach2_run1,6418000,1779274330.679639
approach2_run1,6419000,1779274330.724166
approach2_run1,6420000,1779274330.810005
approach2_run1,6421000,1779274330.850474
approach2_run1,6422000,1779274330.935201
approach2_run1,6423000,1779274330.983918
approach2_run1,6424000,1779274331.074924
approach2_run1,6425000,1779274331.106195
approach2_run1,6426000,1779274331.190702
approach2_run1,6427000,1779274331.281450
approach2_run1,6428000,1779274331.329191
approach2_run1,6429000,1779274331.415180
approach2_run1,6430000,1779274331.452753
approach2_run1,6431000,1779274331.537375
approach2_run1,6432000,1779274331.593283
approach2_run1,6433000,1779274331.679181
approach2_run1,6434000,1779274331.708516
approach2_run1,6435000,1779274331.786310
approach2_run1,6436000,1779274331.852856
approach2_run1,6437000,1779274331.938750
approach2_run1,6438000,1779274331.957368
approach2_run1,6439000,1779274332.041931
approach2_run1,6440000,1779274332.109489
approach2_run1,6441000,1779274332.195348
approach2_run1,6442000,1779274332.212852
approach2_run1,6443000,1779274332.297569
approach2_run1,6444000,1779274332.371066
approach2_run1,6445000,1779274332.456830
approach2_run1,6446000,1779274332.468728
approach2_run1,6447000,1779274332.553221
approach2_run1,6448000,1779274332.637810
approach2_run1,6449000,1779274332.713997
approach2_run1,6450000,1779274332.799787
approach2_run1,6451000,1779274332.808747
approach2_run1,6452000,1779274332.893225
approach2_run1,6453000,1779274332.975165
approach2_run1,6454000,1779274333.064099
approach2_run1,6455000,1779274333.065789
approach2_run1,6456000,1779274333.150757
approach2_run1,6457000,1779274333.234919
approach2_run1,6458000,1779274333.319179
approach2_run1,6459000,1779274333.320894
approach2_run1,6460000,1779274333.406446
approach2_run1,6461000,1779274333.489988
approach2_run1,6462000,1779274333.579489
approach2_run1,6463000,1779274333.581755
approach2_run1,6464000,1779274333.666113
approach2_run1,6465000,1779274333.746051
approach2_run1,6466000,1779274333.830292
approach2_run1,6467000,1779274333.838757
approach2_run1,6468000,1779274333.924486
approach2_run1,6469000,1779274334.010289
approach2_run1,6470000,1779274334.085944
approach2_run1,6471000,1779274334.170670
approach2_run1,6472000,1779274334.183577
approach2_run1,6473000,1779274334.269277
approach2_run1,6474000,1779274334.341398
approach2_run1,6475000,1779274334.426325
approach2_run1,6476000,1779274334.443020
approach2_run1,6477000,1779274334.528746
approach2_run1,6478000,1779274334.588818
approach2_run1,6479000,1779274334.673620
approach2_run1,6480000,1779274334.702484
approach2_run1,6481000,1779274334.789861
approach2_run1,6482000,1779274334.844945
approach2_run1,6483000,1779274334.929425
approach2_run1,6484000,1779274334.961650
approach2_run1,6485000,1779274335.047378
approach2_run1,6486000,1779274335.100390
approach2_run1,6487000,1779274335.185632
approach2_run1,6488000,1779274335.220711
approach2_run1,6489000,1779274335.311378
approach2_run1,6490000,1779274335.397254
approach2_run1,6491000,1779274335.441565
approach2_run1,6492000,1779274335.526078
approach2_run1,6493000,1779274335.570487
approach2_run1,6494000,1779274335.656369
approach2_run1,6495000,1779274335.697037
approach2_run1,6496000,1779274335.790109
approach2_run1,6497000,1779274335.829922
approach2_run1,6498000,1779274335.915744
approach2_run1,6499000,1779274335.960873
approach2_run1,6500000,1779274336.045697
approach2_run1,6501000,1779274336.089094
approach2_run1,6502000,1779274336.179606
approach2_run1,6503000,1779274336.224797
approach2_run1,6504000,1779274336.309907
approach2_run1,6505000,1779274336.352795
approach2_run1,6506000,1779274336.438603
approach2_run1,6507000,1779274336.480829
approach2_run1,6508000,1779274336.565450
approach2_run1,6509000,1779274336.607470
approach2_run1,6510000,1779274336.693190
approach2_run1,6511000,1779274336.736368
approach2_run1,6512000,1779274336.820874
approach2_run1,6513000,1779274336.905825
approach2_run1,6514000,1779274336.952584
approach2_run1,6515000,1779274337.038493
approach2_run1,6516000,1779274337.076492
approach2_run1,6517000,1779274337.161182
approach2_run1,6518000,1779274337.216972
approach2_run1,6519000,1779274337.298048
approach2_run1,6520000,1779274337.331968
approach2_run1,6521000,1779274337.407846
approach2_run1,6522000,1779274337.472046
approach2_run1,6523000,1779274337.557836
approach2_run1,6524000,1779274337.578896
approach2_run1,6525000,1779274337.672575
approach2_run1,6526000,1779274337.735333
approach2_run1,6527000,1779274337.816451
approach2_run1,6528000,1779274337.852430
approach2_run1,6529000,1779274337.928321
approach2_run1,6530000,1779274337.994346
approach2_run1,6531000,1779274338.080134
approach2_run1,6532000,1779274338.099347
approach2_run1,6533000,1779274338.183871
approach2_run1,6534000,1779274338.268459
approach2_run1,6535000,1779274338.334757
approach2_run1,6536000,1779274338.425939
approach2_run1,6537000,1779274338.439517
approach2_run1,6538000,1779274338.534252
approach2_run1,6539000,1779274338.598524
approach2_run1,6540000,1779274338.684505
approach2_run1,6541000,1779274338.705050
approach2_run1,6542000,1779274338.789684
approach2_run1,6543000,1779274338.857832
approach2_run1,6544000,1779274338.939066
approach2_run1,6545000,1779274338.960787
approach2_run1,6546000,1779274339.045370
approach2_run1,6547000,1779274339.112526
approach2_run1,6548000,1779274339.198421
approach2_run1,6549000,1779274339.216286
approach2_run1,6550000,1779274339.300875
approach2_run1,6551000,1779274339.371520
approach2_run1,6552000,1779274339.457634
approach2_run1,6553000,1779274339.472112
approach2_run1,6554000,1779274339.548799
approach2_run1,6555000,1779274339.631170
approach2_run1,6556000,1779274339.716510
approach2_run1,6557000,1779274339.800994
approach2_run1,6558000,1779274339.808247
approach2_run1,6559000,1779274339.894167
approach2_run1,6560000,1779274339.963513
approach2_run1,6561000,1779274340.048183
approach2_run1,6562000,1779274340.067364
approach2_run1,6563000,1779274340.153169
approach2_run1,6564000,1779274340.227586
approach2_run1,6565000,1779274340.312239
approach2_run1,6566000,1779274340.322142
approach2_run1,6567000,1779274340.407764
approach2_run1,6568000,1779274340.475058
approach2_run1,6569000,1779274340.559614
approach2_run1,6570000,1779274340.581052
approach2_run1,6571000,1779274340.666888
approach2_run1,6572000,1779274340.730648
approach2_run1,6573000,1779274340.815380
approach2_run1,6574000,1779274340.840479
approach2_run1,6575000,1779274340.926354
approach2_run1,6576000,1779274341.012221
approach2_run1,6577000,1779274341.071330
approach2_run1,6578000,1779274341.156011
approach2_run1,6579000,1779274341.186258
approach2_run1,6580000,1779274341.271937
approach2_run1,6581000,1779274341.334292
approach2_run1,6582000,1779274341.418894
approach2_run1,6583000,1779274341.456859
approach2_run1,6584000,1779274341.542798
approach2_run1,6585000,1779274341.589777
approach2_run1,6586000,1779274341.674777
approach2_run1,6587000,1779274341.716116
approach2_run1,6588000,1779274341.801950
approach2_run1,6589000,1779274341.845620
approach2_run1,6590000,1779274341.930314
approach2_run1,6591000,1779274341.975375
approach2_run1,6592000,1779274342.061097
approach2_run1,6593000,1779274342.101306
approach2_run1,6594000,1779274342.185911
approach2_run1,6595000,1779274342.253448
approach2_run1,6596000,1779274342.320534
approach2_run1,6597000,1779274342.425081
approach2_run1,6598000,1779274342.453227
approach2_run1,6599000,1779274342.537955
approach2_run1,6600000,1779274342.579948
approach2_run1,6601000,1779274342.665894
approach2_run1,6602000,1779274342.713629
approach2_run1,6603000,1779274342.798460
approach2_run1,6604000,1779274342.839247
approach2_run1,6605000,1779274342.925711
approach2_run1,6606000,1779274342.964398
approach2_run1,6607000,1779274343.049042
approach2_run1,6608000,1779274343.099083
approach2_run1,6609000,1779274343.184965
approach2_run1,6610000,1779274343.219907
approach2_run1,6611000,1779274343.304468
approach2_run1,6612000,1779274343.358670
approach2_run1,6613000,1779274343.444510
approach2_run1,6614000,1779274343.463581
approach2_run1,6615000,1779274343.549399
approach2_run1,6616000,1779274343.633948
approach2_run1,6617000,1779274343.703859
approach2_run1,6618000,1779274343.789495
approach2_run1,6619000,1779274343.815807
approach2_run1,6620000,1779274343.900676
approach2_run1,6621000,1779274343.963540
approach2_run1,6622000,1779274344.049364
approach2_run1,6623000,1779274344.071489
approach2_run1,6624000,1779274344.156201
approach2_run1,6625000,1779274344.222755
approach2_run1,6626000,1779274344.308534
approach2_run1,6627000,1779274344.331733
approach2_run1,6628000,1779274344.411705
approach2_run1,6629000,1779274344.482040
approach2_run1,6630000,1779274344.567847
approach2_run1,6631000,1779274344.582576
approach2_run1,6632000,1779274344.667103
approach2_run1,6633000,1779274344.741212
approach2_run1,6634000,1779274344.827094
approach2_run1,6635000,1779274344.838317
approach2_run1,6636000,1779274344.923177
approach2_run1,6637000,1779274344.998290
approach2_run1,6638000,1779274345.086825
approach2_run1,6639000,1779274345.094594
approach2_run1,6640000,1779274345.179144
approach2_run1,6641000,1779274345.263705
approach2_run1,6642000,1779274345.345797
approach2_run1,6643000,1779274345.431652
approach2_run1,6644000,1779274345.434692
approach2_run1,6645000,1779274345.519347
approach2_run1,6646000,1779274345.605691
approach2_run1,6647000,1779274345.690960
approach2_run1,6648000,1779274345.693723
approach2_run1,6649000,1779274345.778780
approach2_run1,6650000,1779274345.860871
approach2_run1,6651000,1779274345.948830
approach2_run1,6652000,1779274345.969797
approach2_run1,6653000,1779274346.055910
approach2_run1,6654000,1779274346.119608
approach2_run1,6655000,1779274346.207879
approach2_run1,6656000,1779274346.255815
approach2_run1,6657000,1779274346.315496
approach2_run1,6658000,1779274346.401415
approach2_run1,6659000,1779274346.445035
approach2_run1,6660000,1779274346.522917
approach2_run1,6661000,1779274346.606736
approach2_run1,6662000,1779274346.661014
approach2_run1,6663000,1779274346.747133
approach2_run1,6664000,1779274346.766426
approach2_run1,6665000,1779274346.845613
approach2_run1,6666000,1779274346.920065
approach2_run1,6667000,1779274346.957839
approach2_run1,6668000,1779274347.041482
approach2_run1,6669000,1779274347.126046
approach2_run1,6670000,1779274347.179790
approach2_run1,6671000,1779274347.266304
approach2_run1,6672000,1779274347.352435
approach2_run1,6673000,1779274347.364032
approach2_run1,6674000,1779274347.466220
approach2_run1,6675000,1779274347.524015
approach2_run1,6676000,1779274347.571880
approach2_run1,6677000,1779274347.655962
approach2_run1,6678000,1779274347.725952
approach2_run1,6679000,1779274347.785193
approach2_run1,6680000,1779274347.871206
approach2_run1,6681000,1779274347.887720
approach2_run1,6682000,1779274347.969459
approach2_run1,6683000,1779274348.045364
approach2_run1,6684000,1779274348.127382
approach2_run1,6685000,1779274348.204948
approach2_run1,6686000,1779274348.218168
approach2_run1,6687000,1779274348.304173
approach2_run1,6688000,1779274348.390205
approach2_run1,6689000,1779274348.406348
approach2_run1,6690000,1779274348.484592
approach2_run1,6691000,1779274348.565001
approach2_run1,6692000,1779274348.650048
approach2_run1,6693000,1779274348.725719
approach2_run1,6694000,1779274348.737839
approach2_run1,6695000,1779274348.824155
approach2_run1,6696000,1779274348.935112
approach2_run1,6697000,1779274348.939020
approach2_run1,6698000,1779274349.025397
approach2_run1,6699000,1779274349.087337
approach2_run1,6700000,1779274349.165648
approach2_run1,6701000,1779274349.248193
approach2_run1,6702000,1779274349.285370
approach2_run1,6703000,1779274349.371575
approach2_run1,6704000,1779274349.457474
approach2_run1,6705000,1779274349.488008
approach2_run1,6706000,1779274349.544109
approach2_run1,6707000,1779274349.654946
approach2_run1,6708000,1779274349.717368
approach2_run1,6709000,1779274349.803367
approach2_run1,6710000,1779274349.826610
approach2_run1,6711000,1779274349.911304
approach2_run1,6712000,1779274349.976626
approach2_run1,6713000,1779274350.034634
approach2_run1,6714000,1779274350.082105
approach2_run1,6715000,1779274350.166754
approach2_run1,6716000,1779274350.236377
approach2_run1,6717000,1779274350.322402
approach2_run1,6718000,1779274350.339690
approach2_run1,6719000,1779274350.424422
approach2_run1,6720000,1779274350.496120
approach2_run1,6721000,1779274350.581956
approach2_run1,6722000,1779274350.595921
approach2_run1,6723000,1779274350.680507
approach2_run1,6724000,1779274350.727243
approach2_run1,6725000,1779274350.813368
approach2_run1,6726000,1779274350.899150
approach2_run1,6727000,1779274350.935528
approach2_run1,6728000,1779274351.020261
approach2_run1,6729000,1779274351.101020
approach2_run1,6730000,1779274351.186866
approach2_run1,6731000,1779274351.190943
approach2_run1,6732000,1779274351.275725
approach2_run1,6733000,1779274351.360298
approach2_run1,6734000,1779274351.446268
approach2_run1,6735000,1779274351.447990
approach2_run1,6736000,1779274351.532573
approach2_run1,6737000,1779274351.616586
approach2_run1,6738000,1779274351.701198
approach2_run1,6739000,1779274351.706396
approach2_run1,6740000,1779274351.792438
approach2_run1,6741000,1779274351.873573
approach2_run1,6742000,1779274351.958173
approach2_run1,6743000,1779274351.966013
approach2_run1,6744000,1779274352.051939
approach2_run1,6745000,1779274352.129057
approach2_run1,6746000,1779274352.213651
approach2_run1,6747000,1779274352.298782
approach2_run1,6748000,1779274352.315600
approach2_run1,6749000,1779274352.401460
approach2_run1,6750000,1779274352.469681
approach2_run1,6751000,1779274352.552540
approach2_run1,6752000,1779274352.575142
approach2_run1,6753000,1779274352.660897
approach2_run1,6754000,1779274352.723852
approach2_run1,6755000,1779274352.808525
approach2_run1,6756000,1779274352.834490
approach2_run1,6757000,1779274352.920599
approach2_run1,6758000,1779274352.981023
approach2_run1,6759000,1779274353.065696
approach2_run1,6760000,1779274353.093946
approach2_run1,6761000,1779274353.179713
approach2_run1,6762000,1779274353.236563
approach2_run1,6763000,1779274353.321113
approach2_run1,6764000,1779274353.348898
approach2_run1,6765000,1779274353.439399
approach2_run1,6766000,1779274353.495552
approach2_run1,6767000,1779274353.576617
approach2_run1,6768000,1779274353.661302
approach2_run1,6769000,1779274353.698717
approach2_run1,6770000,1779274353.784556
approach2_run1,6771000,1779274353.831933
approach2_run1,6772000,1779274353.920171
approach2_run1,6773000,1779274353.958199
approach2_run1,6774000,1779274354.044046
approach2_run1,6775000,1779274354.090966
approach2_run1,6776000,1779274354.176220
approach2_run1,6777000,1779274354.217459
approach2_run1,6778000,1779274354.303383
approach2_run1,6779000,1779274354.347105
approach2_run1,6780000,1779274354.431658
approach2_run1,6781000,1779274354.477088
approach2_run1,6782000,1779274354.563401
approach2_run1,6783000,1779274354.605321
approach2_run1,6784000,1779274354.690181
approach2_run1,6785000,1779274354.741815
approach2_run1,6786000,1779274354.822559
approach2_run1,6787000,1779274354.861324
approach2_run1,6788000,1779274354.946071
approach2_run1,6789000,1779274355.030651
approach2_run1,6790000,1779274355.082096
approach2_run1,6791000,1779274355.167926
approach2_run1,6792000,1779274355.201504
approach2_run1,6793000,1779274355.286247
approach2_run1,6794000,1779274355.341319
approach2_run1,6795000,1779274355.427463
approach2_run1,6796000,1779274355.457026
approach2_run1,6797000,1779274355.538542
approach2_run1,6798000,1779274355.596231
approach2_run1,6799000,1779274355.682595
approach2_run1,6800000,1779274355.709408
approach2_run1,6801000,1779274355.794206
approach2_run1,6802000,1779274355.855973
approach2_run1,6803000,1779274355.941842
approach2_run1,6804000,1779274355.968866
approach2_run1,6805000,1779274356.053430
approach2_run1,6806000,1779274356.116119
approach2_run1,6807000,1779274356.202881
approach2_run1,6808000,1779274356.224660
approach2_run1,6809000,1779274356.309601
approach2_run1,6810000,1779274356.394117
approach2_run1,6811000,1779274356.465323
approach2_run1,6812000,1779274356.551090
approach2_run1,6813000,1779274356.565372
approach2_run1,6814000,1779274356.645202
approach2_run1,6815000,1779274356.729258
approach2_run1,6816000,1779274356.815469
approach2_run1,6817000,1779274356.817177
approach2_run1,6818000,1779274356.902233
approach2_run1,6819000,1779274356.987082
approach2_run1,6820000,1779274357.072045
approach2_run1,6821000,1779274357.075088
approach2_run1,6822000,1779274357.160964
approach2_run1,6823000,1779274357.242798
approach2_run1,6824000,1779274357.328130
approach2_run1,6825000,1779274357.334357
approach2_run1,6826000,1779274357.420183
approach2_run1,6827000,1779274357.498844
approach2_run1,6828000,1779274357.583475
approach2_run1,6829000,1779274357.597477
approach2_run1,6830000,1779274357.683664
approach2_run1,6831000,1779274357.769429
approach2_run1,6832000,1779274357.837373
approach2_run1,6833000,1779274357.922049
approach2_run1,6834000,1779274357.942811
approach2_run1,6835000,1779274358.024706
approach2_run1,6836000,1779274358.092894
approach2_run1,6837000,1779274358.178790
approach2_run1,6838000,1779274358.198081
approach2_run1,6839000,1779274358.283951
approach2_run1,6840000,1779274358.348353
approach2_run1,6841000,1779274358.432932
approach2_run1,6842000,1779274358.453707
approach2_run1,6843000,1779274358.543292
approach2_run1,6844000,1779274358.603836
approach2_run1,6845000,1779274358.688398
approach2_run1,6846000,1779274358.713072
approach2_run1,6847000,1779274358.802618
approach2_run1,6848000,1779274358.859750
approach2_run1,6849000,1779274358.941595
approach2_run1,6850000,1779274358.972422
approach2_run1,6851000,1779274359.062458
approach2_run1,6852000,1779274359.148259
approach2_run1,6853000,1779274359.210132
approach2_run1,6854000,1779274359.294866
approach2_run1,6855000,1779274359.321618
approach2_run1,6856000,1779274359.407448
approach2_run1,6857000,1779274359.465712
approach2_run1,6858000,1779274359.550338
approach2_run1,6859000,1779274359.584605
approach2_run1,6860000,1779274359.670521
approach2_run1,6861000,1779274359.721183
approach2_run1,6862000,1779274359.805849
approach2_run1,6863000,1779274359.844069
approach2_run1,6864000,1779274359.930721
approach2_run1,6865000,1779274359.966224
approach2_run1,6866000,1779274360.050758
approach2_run1,6867000,1779274360.109043
approach2_run1,6868000,1779274360.191707
approach2_run1,6869000,1779274360.232928
approach2_run1,6870000,1779274360.317649
approach2_run1,6871000,1779274360.369272
approach2_run1,6872000,1779274360.455658
approach2_run1,6873000,1779274360.541489
approach2_run1,6874000,1779274360.573425
approach2_run1,6875000,1779274360.657970
approach2_run1,6876000,1779274360.714968
approach2_run1,6877000,1779274360.800860
approach2_run1,6878000,1779274360.828876
approach2_run1,6879000,1779274360.913649
approach2_run1,6880000,1779274360.974057
approach2_run1,6881000,1779274361.060074
approach2_run1,6882000,1779274361.084419
approach2_run1,6883000,1779274361.171238
approach2_run1,6884000,1779274361.233389
approach2_run1,6885000,1779274361.319288
approach2_run1,6886000,1779274361.342128
approach2_run1,6887000,1779274361.427022
approach2_run1,6888000,1779274361.488547
approach2_run1,6889000,1779274361.574361
approach2_run1,6890000,1779274361.598257
approach2_run1,6891000,1779274361.683141
approach2_run1,6892000,1779274361.747769
approach2_run1,6893000,1779274361.833676
approach2_run1,6894000,1779274361.919558
approach2_run1,6895000,1779274361.937687
approach2_run1,6896000,1779274362.022426
approach2_run1,6897000,1779274362.093142
approach2_run1,6898000,1779274362.179308
approach2_run1,6899000,1779274362.193327
approach2_run1,6900000,1779274362.278638
approach2_run1,6901000,1779274362.353032
approach2_run1,6902000,1779274362.439170
approach2_run1,6903000,1779274362.449820
approach2_run1,6904000,1779274362.534233
approach2_run1,6905000,1779274362.612859
approach2_run1,6906000,1779274362.704472
approach2_run1,6907000,1779274362.716618
approach2_run1,6908000,1779274362.801335
approach2_run1,6909000,1779274362.877953
approach2_run1,6910000,1779274362.960136
approach2_run1,6911000,1779274362.964293
approach2_run1,6912000,1779274363.056833
approach2_run1,6913000,1779274363.137444
approach2_run1,6914000,1779274363.215558
approach2_run1,6915000,1779274363.300209
approach2_run1,6916000,1779274363.309724
approach2_run1,6917000,1779274363.395522
approach2_run1,6918000,1779274363.482840
approach2_run1,6919000,1779274363.555867
approach2_run1,6920000,1779274363.569347
approach2_run1,6921000,1779274363.667304
approach2_run1,6922000,1779274363.726702
approach2_run1,6923000,1779274363.811263
approach2_run1,6924000,1779274363.840909
approach2_run1,6925000,1779274363.926702
approach2_run1,6926000,1779274363.980073
approach2_run1,6927000,1779274364.065087
approach2_run1,6928000,1779274364.100276
approach2_run1,6929000,1779274364.186240
approach2_run1,6930000,1779274364.237770
approach2_run1,6931000,1779274364.322313
approach2_run1,6932000,1779274364.360061
approach2_run1,6933000,1779274364.446003
approach2_run1,6934000,1779274364.493251
approach2_run1,6935000,1779274364.577862
approach2_run1,6936000,1779274364.662474
approach2_run1,6937000,1779274364.705403
approach2_run1,6938000,1779274364.791265
approach2_run1,6939000,1779274364.833619
approach2_run1,6940000,1779274364.917961
approach2_run1,6941000,1779274364.971045
approach2_run1,6942000,1779274365.050497
approach2_run1,6943000,1779274365.089123
approach2_run1,6944000,1779274365.173749
approach2_run1,6945000,1779274365.223979
approach2_run1,6946000,1779274365.310029
approach2_run1,6947000,1779274365.357320
approach2_run1,6948000,1779274365.442104
approach2_run1,6949000,1779274365.483405
approach2_run1,6950000,1779274365.569235
approach2_run1,6951000,1779274365.612972
approach2_run1,6952000,1779274365.684357
approach2_run1,6953000,1779274365.742729
approach2_run1,6954000,1779274365.817089
approach2_run1,6955000,1779274365.855354
approach2_run1,6956000,1779274365.939775
approach2_run1,6957000,1779274366.003139
approach2_run1,6958000,1779274366.089369
approach2_run1,6959000,1779274366.175335
approach2_run1,6960000,1779274366.193670
approach2_run1,6961000,1779274366.278387
approach2_run1,6962000,1779274366.348939
approach2_run1,6963000,1779274366.423588
approach2_run1,6964000,1779274366.449347
approach2_run1,6965000,1779274366.533984
approach2_run1,6966000,1779274366.596938
approach2_run1,6967000,1779274366.682963
approach2_run1,6968000,1779274366.705301
approach2_run1,6969000,1779274366.791082
approach2_run1,6970000,1779274366.856221
approach2_run1,6971000,1779274366.941980
approach2_run1,6972000,1779274366.977056
approach2_run1,6973000,1779274367.061535
approach2_run1,6974000,1779274367.126680
approach2_run1,6975000,1779274367.212961
approach2_run1,6976000,1779274367.217255
approach2_run1,6977000,1779274367.301983
approach2_run1,6978000,1779274367.386666
approach2_run1,6979000,1779274367.472440
approach2_run1,6980000,1779274367.558439
approach2_run1,6981000,1779274367.573219
approach2_run1,6982000,1779274367.644775
approach2_run1,6983000,1779274367.727701
approach2_run1,6984000,1779274367.812309
approach2_run1,6985000,1779274367.818222
approach2_run1,6986000,1779274367.904399
approach2_run1,6987000,1779274367.982033
approach2_run1,6988000,1779274368.068058
approach2_run1,6989000,1779274368.069708
approach2_run1,6990000,1779274368.154726
approach2_run1,6991000,1779274368.239215
approach2_run1,6992000,1779274368.324075
approach2_run1,6993000,1779274368.327652
approach2_run1,6994000,1779274368.413795
approach2_run1,6995000,1779274368.495203
approach2_run1,6996000,1779274368.579778
approach2_run1,6997000,1779274368.587020
approach2_run1,6998000,1779274368.672812
approach2_run1,6999000,1779274368.749281
approach2_run1,7000000,1779274368.835437
approach2_run1,7001000,1779274368.920311
approach2_run1,7002000,1779274368.948113
approach2_run1,7003000,1779274369.034146
approach2_run1,7004000,1779274369.091186
approach2_run1,7005000,1779274369.175921
approach2_run1,7006000,1779274369.208167
approach2_run1,7007000,1779274369.294305
approach2_run1,7008000,1779274369.346675
approach2_run1,7009000,1779274369.431333
approach2_run1,7010000,1779274369.467732
approach2_run1,7011000,1779274369.553667
approach2_run1,7012000,1779274369.602151
approach2_run1,7013000,1779274369.686736
approach2_run1,7014000,1779274369.728173
approach2_run1,7015000,1779274369.814284
approach2_run1,7016000,1779274369.873173
approach2_run1,7017000,1779274369.958304
approach2_run1,7018000,1779274369.985442
approach2_run1,7019000,1779274370.071349
approach2_run1,7020000,1779274370.129125
approach2_run1,7021000,1779274370.214242
approach2_run1,7022000,1779274370.298957
approach2_run1,7023000,1779274370.332748
approach2_run1,7024000,1779274370.418586
approach2_run1,7025000,1779274370.485379
approach2_run1,7026000,1779274370.570097
approach2_run1,7027000,1779274370.591919
approach2_run1,7028000,1779274370.677834
approach2_run1,7029000,1779274370.765256
approach2_run1,7030000,1779274370.850859
approach2_run1,7031000,1779274370.864109
approach2_run1,7032000,1779274370.948705
approach2_run1,7033000,1779274371.024595
approach2_run1,7034000,1779274371.110573
approach2_run1,7035000,1779274371.119712
approach2_run1,7036000,1779274371.204233
approach2_run1,7037000,1779274371.284330
approach2_run1,7038000,1779274371.370112
approach2_run1,7039000,1779274371.375074
approach2_run1,7040000,1779274371.456839
approach2_run1,7041000,1779274371.507799
approach2_run1,7042000,1779274371.592460
approach2_run1,7043000,1779274371.677134
approach2_run1,7044000,1779274371.716051
approach2_run1,7045000,1779274371.802477
approach2_run1,7046000,1779274371.848417
approach2_run1,7047000,1779274371.919931
approach2_run1,7048000,1779274371.984595
approach2_run1,7049000,1779274372.070620
approach2_run1,7050000,1779274372.104085
approach2_run1,7051000,1779274372.188678
approach2_run1,7052000,1779274372.258267
approach2_run1,7053000,1779274372.344030
approach2_run1,7054000,1779274372.359536
approach2_run1,7055000,1779274372.444302
approach2_run1,7056000,1779274372.503700
approach2_run1,7057000,1779274372.589461
approach2_run1,7058000,1779274372.652857
approach2_run1,7059000,1779274372.737597
approach2_run1,7060000,1779274372.762843
approach2_run1,7061000,1779274372.848955
approach2_run1,7062000,1779274372.908310
approach2_run1,7063000,1779274372.996439
approach2_run1,7064000,1779274373.080996
approach2_run1,7065000,1779274373.108281
approach2_run1,7066000,1779274373.194446
approach2_run1,7067000,1779274373.248478
approach2_run1,7068000,1779274373.333178
approach2_run1,7069000,1779274373.367732
approach2_run1,7070000,1779274373.453500
approach2_run1,7071000,1779274373.504279
approach2_run1,7072000,1779274373.588996
approach2_run1,7073000,1779274373.626827
approach2_run1,7074000,1779274373.711063
approach2_run1,7075000,1779274373.760298
approach2_run1,7076000,1779274373.844984
approach2_run1,7077000,1779274373.885776
approach2_run1,7078000,1779274373.970262
approach2_run1,7079000,1779274374.015840
approach2_run1,7080000,1779274374.100496
approach2_run1,7081000,1779274374.143897
approach2_run1,7082000,1779274374.231036
approach2_run1,7083000,1779274374.271593
approach2_run1,7084000,1779274374.356335
approach2_run1,7085000,1779274374.440853
approach2_run1,7086000,1779274374.489357
approach2_run1,7087000,1779274374.575507
approach2_run1,7088000,1779274374.612026
approach2_run1,7089000,1779274374.696949
approach2_run1,7090000,1779274374.748562
approach2_run1,7091000,1779274374.850726
approach2_run1,7092000,1779274374.867763
approach2_run1,7093000,1779274374.952417
approach2_run1,7094000,1779274375.023958
approach2_run1,7095000,1779274375.109854
approach2_run1,7096000,1779274375.125232
approach2_run1,7097000,1779274375.210135
approach2_run1,7098000,1779274375.283348
approach2_run1,7099000,1779274375.369215
approach2_run1,7100000,1779274375.381178
approach2_run1,7101000,1779274375.467576
approach2_run1,7102000,1779274375.542770
approach2_run1,7103000,1779274375.628723
approach2_run1,7104000,1779274375.638319
approach2_run1,7105000,1779274375.722958
approach2_run1,7106000,1779274375.802113
approach2_run1,7107000,1779274375.887960
approach2_run1,7108000,1779274375.973819
approach2_run1,7109000,1779274375.978598
approach2_run1,7110000,1779274376.061437
approach2_run1,7111000,1779274376.146918
approach2_run1,7112000,1779274376.231534
approach2_run1,7113000,1779274376.233389
approach2_run1,7114000,1779274376.319241
approach2_run1,7115000,1779274376.402256
approach2_run1,7116000,1779274376.486813
approach2_run1,7117000,1779274376.492502
approach2_run1,7118000,1779274376.578388
approach2_run1,7119000,1779274376.656506
approach2_run1,7120000,1779274376.742886
approach2_run1,7121000,1779274376.751567
approach2_run1,7122000,1779274376.837450
approach2_run1,7123000,1779274376.912638
approach2_run1,7124000,1779274376.997208
approach2_run1,7125000,1779274377.011168
approach2_run1,7126000,1779274377.097156
approach2_run1,7127000,1779274377.169389
approach2_run1,7128000,1779274377.253005
approach2_run1,7129000,1779274377.337825
approach2_run1,7130000,1779274377.356570
approach2_run1,7131000,1779274377.442519
approach2_run1,7132000,1779274377.508884
approach2_run1,7133000,1779274377.593384
approach2_run1,7134000,1779274377.621372
approach2_run1,7135000,1779274377.707250
approach2_run1,7136000,1779274377.765849
approach2_run1,7137000,1779274377.850473
approach2_run1,7138000,1779274377.880543
approach2_run1,7139000,1779274377.966469
approach2_run1,7140000,1779274378.021710
approach2_run1,7141000,1779274378.106368
approach2_run1,7142000,1779274378.139941
approach2_run1,7143000,1779274378.225846
approach2_run1,7144000,1779274378.277273
approach2_run1,7145000,1779274378.361747
approach2_run1,7146000,1779274378.399201
approach2_run1,7147000,1779274378.485005
approach2_run1,7148000,1779274378.531584
approach2_run1,7149000,1779274378.616497
approach2_run1,7150000,1779274378.701329
approach2_run1,7151000,1779274378.739379
approach2_run1,7152000,1779274378.825254
approach2_run1,7153000,1779274378.872309
approach2_run1,7154000,1779274378.957066
approach2_run1,7155000,1779274378.998566
approach2_run1,7156000,1779274379.084452
approach2_run1,7157000,1779274379.129019
approach2_run1,7158000,1779274379.213516
approach2_run1,7159000,1779274379.257973
approach2_run1,7160000,1779274379.343909
approach2_run1,7161000,1779274379.384610
approach2_run1,7162000,1779274379.468095
approach2_run1,7163000,1779274379.517291
approach2_run1,7164000,1779274379.603070
approach2_run1,7165000,1779274379.639976
approach2_run1,7166000,1779274379.723452
approach2_run1,7167000,1779274379.776756
approach2_run1,7168000,1779274379.863773
approach2_run1,7169000,1779274379.895784
approach2_run1,7170000,1779274379.980369
approach2_run1,7171000,1779274380.065104
approach2_run1,7172000,1779274380.124280
approach2_run1,7173000,1779274380.210308
approach2_run1,7174000,1779274380.235937
approach2_run1,7175000,1779274380.320409
approach2_run1,7176000,1779274380.383608
approach2_run1,7177000,1779274380.469705
approach2_run1,7178000,1779274380.491341
approach2_run1,7179000,1779274380.574994
approach2_run1,7180000,1779274380.643442
approach2_run1,7181000,1779274380.729581
approach2_run1,7182000,1779274380.745857
approach2_run1,7183000,1779274380.830495
approach2_run1,7184000,1779274380.905969
approach2_run1,7185000,1779274380.992051
approach2_run1,7186000,1779274381.002833
approach2_run1,7187000,1779274381.087439
approach2_run1,7188000,1779274381.165491
approach2_run1,7189000,1779274381.251556
approach2_run1,7190000,1779274381.258138
approach2_run1,7191000,1779274381.342758
approach2_run1,7192000,1779274381.427256
approach2_run1,7193000,1779274381.511362
approach2_run1,7194000,1779274381.597051
approach2_run1,7195000,1779274381.598785
approach2_run1,7196000,1779274381.684670
approach2_run1,7197000,1779274381.768994
approach2_run1,7198000,1779274381.853794
approach2_run1,7199000,1779274381.856701
approach2_run1,7200000,1779274381.942527
approach2_run1,7201000,1779274382.024636
approach2_run1,7202000,1779274382.109628
approach2_run1,7203000,1779274382.116117
approach2_run1,7204000,1779274382.202188
approach2_run1,7205000,1779274382.280476
approach2_run1,7206000,1779274382.365247
approach2_run1,7207000,1779274382.375313
approach2_run1,7208000,1779274382.461175
approach2_run1,7209000,1779274382.538514
approach2_run1,7210000,1779274382.623558
approach2_run1,7211000,1779274382.665817
approach2_run1,7212000,1779274382.751931
approach2_run1,7213000,1779274382.837749
approach2_run1,7214000,1779274382.879644
approach2_run1,7215000,1779274382.960904
approach2_run1,7216000,1779274382.979493
approach2_run1,7217000,1779274383.097000
approach2_run1,7218000,1779274383.131732
approach2_run1,7219000,1779274383.215163
approach2_run1,7220000,1779274383.270417
approach2_run1,7221000,1779274383.356344
approach2_run1,7222000,1779274383.386623
approach2_run1,7223000,1779274383.471956
approach2_run1,7224000,1779274383.529706
approach2_run1,7225000,1779274383.615651
approach2_run1,7226000,1779274383.646327
approach2_run1,7227000,1779274383.731006
approach2_run1,7228000,1779274383.789469
approach2_run1,7229000,1779274383.875643
approach2_run1,7230000,1779274383.909166
approach2_run1,7231000,1779274383.993731
approach2_run1,7232000,1779274384.049028
approach2_run1,7233000,1779274384.135246
approach2_run1,7234000,1779274384.221197
approach2_run1,7235000,1779274384.249190
approach2_run1,7236000,1779274384.334249
approach2_run1,7237000,1779274384.395166
approach2_run1,7238000,1779274384.480534
approach2_run1,7239000,1779274384.499109
approach2_run1,7240000,1779274384.583678
approach2_run1,7241000,1779274384.653976
approach2_run1,7242000,1779274384.747974
approach2_run1,7243000,1779274384.760764
approach2_run1,7244000,1779274384.841218
approach2_run1,7245000,1779274384.921518
approach2_run1,7246000,1779274385.011530
approach2_run1,7247000,1779274385.027859
approach2_run1,7248000,1779274385.113774
approach2_run1,7249000,1779274385.182593
approach2_run1,7250000,1779274385.267614
approach2_run1,7251000,1779274385.291387
approach2_run1,7252000,1779274385.372967
approach2_run1,7253000,1779274385.438664
approach2_run1,7254000,1779274385.523696
approach2_run1,7255000,1779274385.612495
approach2_run1,7256000,1779274385.632187
approach2_run1,7257000,1779274385.718059
approach2_run1,7258000,1779274385.783824
approach2_run1,7259000,1779274385.868613
approach2_run1,7260000,1779274385.871105
approach2_run1,7261000,1779274385.956934
approach2_run1,7262000,1779274386.039909
approach2_run1,7263000,1779274386.129775
approach2_run1,7264000,1779274386.152301
approach2_run1,7265000,1779274386.236809
approach2_run1,7266000,1779274386.296766
approach2_run1,7267000,1779274386.381657
approach2_run1,7268000,1779274386.389574
approach2_run1,7269000,1779274386.475555
approach2_run1,7270000,1779274386.552706
approach2_run1,7271000,1779274386.637243
approach2_run1,7272000,1779274386.648622
approach2_run1,7273000,1779274386.734508
approach2_run1,7274000,1779274386.801764
approach2_run1,7275000,1779274386.893310
approach2_run1,7276000,1779274386.907746
approach2_run1,7277000,1779274386.993636
approach2_run1,7278000,1779274387.099550
approach2_run1,7279000,1779274387.141804
approach2_run1,7280000,1779274387.226367
approach2_run1,7281000,1779274387.273284
approach2_run1,7282000,1779274387.359185
approach2_run1,7283000,1779274387.396438
approach2_run1,7284000,1779274387.480988
approach2_run1,7285000,1779274387.533016
approach2_run1,7286000,1779274387.618896
approach2_run1,7287000,1779274387.652964
approach2_run1,7288000,1779274387.737570
approach2_run1,7289000,1779274387.792378
approach2_run1,7290000,1779274387.878690
approach2_run1,7291000,1779274387.908623
approach2_run1,7292000,1779274387.992438
approach2_run1,7293000,1779274388.052734
approach2_run1,7294000,1779274388.138684
approach2_run1,7295000,1779274388.164560
approach2_run1,7296000,1779274388.249250
approach2_run1,7297000,1779274388.312160
approach2_run1,7298000,1779274388.400920
approach2_run1,7299000,1779274388.486777
approach2_run1,7300000,1779274388.512139
approach2_run1,7301000,1779274388.596828
approach2_run1,7302000,1779274388.660062
approach2_run1,7303000,1779274388.745866
approach2_run1,7304000,1779274388.767678
approach2_run1,7305000,1779274388.852669
approach2_run1,7306000,1779274388.916332
approach2_run1,7307000,1779274389.002180
approach2_run1,7308000,1779274389.023771
approach2_run1,7309000,1779274389.108624
approach2_run1,7310000,1779274389.175600
approach2_run1,7311000,1779274389.261517
approach2_run1,7312000,1779274389.279765
approach2_run1,7313000,1779274389.364563
approach2_run1,7314000,1779274389.434836
approach2_run1,7315000,1779274389.520700
approach2_run1,7316000,1779274389.535816
approach2_run1,7317000,1779274389.620483
approach2_run1,7318000,1779274389.693976
approach2_run1,7319000,1779274389.782220
approach2_run1,7320000,1779274389.868392
approach2_run1,7321000,1779274389.876133
approach2_run1,7322000,1779274389.956079
approach2_run1,7323000,1779274390.041711
approach2_run1,7324000,1779274390.127558
approach2_run1,7325000,1779274390.132487
approach2_run1,7326000,1779274390.243352
approach2_run1,7327000,1779274390.301156
approach2_run1,7328000,1779274390.386929
approach2_run1,7329000,1779274390.388638
approach2_run1,7330000,1779274390.499556
approach2_run1,7331000,1779274390.560282
approach2_run1,7332000,1779274390.646139
approach2_run1,7333000,1779274390.670583
approach2_run1,7334000,1779274390.735272
approach2_run1,7335000,1779274390.814062
approach2_run1,7336000,1779274390.898847
approach2_run1,7337000,1779274390.905841
approach2_run1,7338000,1779274391.011212
approach2_run1,7339000,1779274391.081273
approach2_run1,7340000,1779274391.167147
approach2_run1,7341000,1779274391.252960
approach2_run1,7342000,1779274391.267033
approach2_run1,7343000,1779274391.351822
approach2_run1,7344000,1779274391.423843
approach2_run1,7345000,1779274391.509652
approach2_run1,7346000,1779274391.522955
approach2_run1,7347000,1779274391.596007
approach2_run1,7348000,1779274391.665422
approach2_run1,7349000,1779274391.750026
approach2_run1,7350000,1779274391.767155
approach2_run1,7351000,1779274391.855737
approach2_run1,7352000,1779274391.920786
approach2_run1,7353000,1779274392.005468
approach2_run1,7354000,1779274392.027194
approach2_run1,7355000,1779274392.115192
approach2_run1,7356000,1779274392.176363
approach2_run1,7357000,1779274392.260932
approach2_run1,7358000,1779274392.288595
approach2_run1,7359000,1779274392.374261
approach2_run1,7360000,1779274392.460283
approach2_run1,7361000,1779274392.545110
approach2_run1,7362000,1779274392.629681
approach2_run1,7363000,1779274392.632485
approach2_run1,7364000,1779274392.718931
approach2_run1,7365000,1779274392.772335
approach2_run1,7366000,1779274392.856873
approach2_run1,7367000,1779274392.894427
approach2_run1,7368000,1779274392.980523
approach2_run1,7369000,1779274393.056444
approach2_run1,7370000,1779274393.149537
approach2_run1,7371000,1779274393.152732
approach2_run1,7372000,1779274393.240481
approach2_run1,7373000,1779274393.311913
approach2_run1,7374000,1779274393.396529
approach2_run1,7375000,1779274393.413739
approach2_run1,7376000,1779274393.499703
approach2_run1,7377000,1779274393.540474
approach2_run1,7378000,1779274393.625107
approach2_run1,7379000,1779274393.671088
approach2_run1,7380000,1779274393.757058
approach2_run1,7381000,1779274393.795944
approach2_run1,7382000,1779274393.880561
approach2_run1,7383000,1779274393.965184
approach2_run1,7384000,1779274394.018400
approach2_run1,7385000,1779274394.105826
approach2_run1,7386000,1779274394.132380
approach2_run1,7387000,1779274394.220622
approach2_run1,7388000,1779274394.278389
approach2_run1,7389000,1779274394.363623
approach2_run1,7390000,1779274394.391594
approach2_run1,7391000,1779274394.476027
approach2_run1,7392000,1779274394.537138
approach2_run1,7393000,1779274394.623105
approach2_run1,7394000,1779274394.646979
approach2_run1,7395000,1779274394.731469
approach2_run1,7396000,1779274394.796725
approach2_run1,7397000,1779274394.882583
approach2_run1,7398000,1779274394.902332
approach2_run1,7399000,1779274394.987344
approach2_run1,7400000,1779274395.056303
approach2_run1,7401000,1779274395.142199
approach2_run1,7402000,1779274395.158133
approach2_run1,7403000,1779274395.242698
approach2_run1,7404000,1779274395.327233
approach2_run1,7405000,1779274395.403085
approach2_run1,7406000,1779274395.488923
approach2_run1,7407000,1779274395.526470
approach2_run1,7408000,1779274395.582762
approach2_run1,7409000,1779274395.662304
approach2_run1,7410000,1779274395.748520
approach2_run1,7411000,1779274395.782556
approach2_run1,7412000,1779274395.838395
approach2_run1,7413000,1779274395.921913
approach2_run1,7414000,1779274396.008013
approach2_run1,7415000,1779274396.038492
approach2_run1,7416000,1779274396.123118
approach2_run1,7417000,1779274396.184534
approach2_run1,7418000,1779274396.270453
approach2_run1,7419000,1779274396.293977
approach2_run1,7420000,1779274396.378518
approach2_run1,7421000,1779274396.443916
approach2_run1,7422000,1779274396.529809
approach2_run1,7423000,1779274396.549378
approach2_run1,7424000,1779274396.634159
approach2_run1,7425000,1779274396.725909
approach2_run1,7426000,1779274396.789262
approach2_run1,7427000,1779274396.875419
approach2_run1,7428000,1779274396.896821
approach2_run1,7429000,1779274396.981558
approach2_run1,7430000,1779274397.048807
approach2_run1,7431000,1779274397.134328
approach2_run1,7432000,1779274397.152461
approach2_run1,7433000,1779274397.240979
approach2_run1,7434000,1779274397.307780
approach2_run1,7435000,1779274397.393682
approach2_run1,7436000,1779274397.411937
approach2_run1,7437000,1779274397.496558
approach2_run1,7438000,1779274397.567046
approach2_run1,7439000,1779274397.659190
approach2_run1,7440000,1779274397.667462
approach2_run1,7441000,1779274397.752244
approach2_run1,7442000,1779274397.832680
approach2_run1,7443000,1779274397.918894
approach2_run1,7444000,1779274397.925932
approach2_run1,7445000,1779274398.007509
approach2_run1,7446000,1779274398.092243
approach2_run1,7447000,1779274398.177900
approach2_run1,7448000,1779274398.257396
approach2_run1,7449000,1779274398.262898
approach2_run1,7450000,1779274398.347472
approach2_run1,7451000,1779274398.431107
approach2_run1,7452000,1779274398.521789
approach2_run1,7453000,1779274398.523960
approach2_run1,7454000,1779274398.610229
approach2_run1,7455000,1779274398.692586
approach2_run1,7456000,1779274398.777293
approach2_run1,7457000,1779274398.807004
approach2_run1,7458000,1779274398.892923
approach2_run1,7459000,1779274398.948252
approach2_run1,7460000,1779274399.032816
approach2_run1,7461000,1779274399.042892
approach2_run1,7462000,1779274399.128748
approach2_run1,7463000,1779274399.196905
approach2_run1,7464000,1779274399.281659
approach2_run1,7465000,1779274399.302290
approach2_run1,7466000,1779274399.388162
approach2_run1,7467000,1779274399.474109
approach2_run1,7468000,1779274399.537040
approach2_run1,7469000,1779274399.621961
approach2_run1,7470000,1779274399.647440
approach2_run1,7471000,1779274399.756998
approach2_run1,7472000,1779274399.799748
approach2_run1,7473000,1779274399.884793
approach2_run1,7474000,1779274399.906990
approach2_run1,7475000,1779274400.016179
approach2_run1,7476000,1779274400.055614
approach2_run1,7477000,1779274400.140278
approach2_run1,7478000,1779274400.189828
approach2_run1,7479000,1779274400.275753
approach2_run1,7480000,1779274400.311373
approach2_run1,7481000,1779274400.388983
approach2_run1,7482000,1779274400.449073
approach2_run1,7483000,1779274400.534920
approach2_run1,7484000,1779274400.567064
approach2_run1,7485000,1779274400.686941
approach2_run1,7486000,1779274400.708308
approach2_run1,7487000,1779274400.770537
approach2_run1,7488000,1779274400.880042
approach2_run1,7489000,1779274400.907363
approach2_run1,7490000,1779274401.027554
approach2_run1,7491000,1779274401.053348
approach2_run1,7492000,1779274401.139335
approach2_run1,7493000,1779274401.162814
approach2_run1,7494000,1779274401.247419
approach2_run1,7495000,1779274401.312852
approach2_run1,7496000,1779274401.398634
approach2_run1,7497000,1779274401.418810
approach2_run1,7498000,1779274401.539018
approach2_run1,7499000,1779274401.571841
approach2_run1,7500000,1779274401.657770
approach2_run1,7501000,1779274401.674192
approach2_run1,7502000,1779274401.794502
approach2_run1,7503000,1779274401.830991
approach2_run1,7504000,1779274401.917008
approach2_run1,7505000,1779274401.965945
approach2_run1,7506000,1779274402.050405
approach2_run1,7507000,1779274402.124146
approach2_run1,7508000,1779274402.209992
approach2_run1,7509000,1779274402.295858
approach2_run1,7510000,1779274402.306059
approach2_run1,7511000,1779274402.390729
approach2_run1,7512000,1779274402.469465
approach2_run1,7513000,1779274402.521310
approach2_run1,7514000,1779274402.562838
approach2_run1,7515000,1779274402.645830
approach2_run1,7516000,1779274402.728938
approach2_run1,7517000,1779274402.814768
approach2_run1,7518000,1779274402.818551
approach2_run1,7519000,1779274402.903811
approach2_run1,7520000,1779274402.988435
approach2_run1,7521000,1779274403.074455
approach2_run1,7522000,1779274403.076144
approach2_run1,7523000,1779274403.160900
approach2_run1,7524000,1779274403.245688
approach2_run1,7525000,1779274403.330230
approach2_run1,7526000,1779274403.333884
approach2_run1,7527000,1779274403.419794
approach2_run1,7528000,1779274403.500174
approach2_run1,7529000,1779274403.584830
approach2_run1,7530000,1779274403.669417
approach2_run1,7531000,1779274403.679049
approach2_run1,7532000,1779274403.767213
approach2_run1,7533000,1779274403.840662
approach2_run1,7534000,1779274403.923666
approach2_run1,7535000,1779274403.939266
approach2_run1,7536000,1779274404.024388
approach2_run1,7537000,1779274404.096572
approach2_run1,7538000,1779274404.181507
approach2_run1,7539000,1779274404.200093
approach2_run1,7540000,1779274404.285922
approach2_run1,7541000,1779274404.352394
approach2_run1,7542000,1779274404.436962
approach2_run1,7543000,1779274404.459094
approach2_run1,7544000,1779274404.544832
approach2_run1,7545000,1779274404.607831
approach2_run1,7546000,1779274404.692591
approach2_run1,7547000,1779274404.716685
approach2_run1,7548000,1779274404.802561
approach2_run1,7549000,1779274404.867549
approach2_run1,7550000,1779274404.947914
approach2_run1,7551000,1779274405.032545
approach2_run1,7552000,1779274405.061858
approach2_run1,7553000,1779274405.147986
approach2_run1,7554000,1779274405.207757
approach2_run1,7555000,1779274405.292580
approach2_run1,7556000,1779274405.322097
approach2_run1,7557000,1779274405.408157
approach2_run1,7558000,1779274405.463591
approach2_run1,7559000,1779274405.543467
approach2_run1,7560000,1779274405.581724
approach2_run1,7561000,1779274405.667513
approach2_run1,7562000,1779274405.714534
approach2_run1,7563000,1779274405.803722
approach2_run1,7564000,1779274405.840957
approach2_run1,7565000,1779274405.929937
approach2_run1,7566000,1779274405.974601
approach2_run1,7567000,1779274406.059292
approach2_run1,7568000,1779274406.100178
approach2_run1,7569000,1779274406.186049
approach2_run1,7570000,1779274406.238158
approach2_run1,7571000,1779274406.314728
approach2_run1,7572000,1779274406.399414
approach2_run1,7573000,1779274406.445129
approach2_run1,7574000,1779274406.530931
approach2_run1,7575000,1779274406.570591
approach2_run1,7576000,1779274406.655354
approach2_run1,7577000,1779274406.704253
approach2_run1,7578000,1779274406.790524
approach2_run1,7579000,1779274406.826213
approach2_run1,7580000,1779274406.910852
approach2_run1,7581000,1779274406.963754
approach2_run1,7582000,1779274407.052761
approach2_run1,7583000,1779274407.089833
approach2_run1,7584000,1779274407.174460
approach2_run1,7585000,1779274407.229564
approach2_run1,7586000,1779274407.312312
approach2_run1,7587000,1779274407.364889
approach2_run1,7588000,1779274407.449615
approach2_run1,7589000,1779274407.485847
approach2_run1,7590000,1779274407.571695
approach2_run1,7591000,1779274407.620393
approach2_run1,7592000,1779274407.705079
approach2_run1,7593000,1779274407.789650
approach2_run1,7594000,1779274407.834266
approach2_run1,7595000,1779274407.919850
approach2_run1,7596000,1779274407.942048
approach2_run1,7597000,1779274408.026713
approach2_run1,7598000,1779274408.093378
approach2_run1,7599000,1779274408.179230
approach2_run1,7600000,1779274408.197867
approach2_run1,7601000,1779274408.282756
approach2_run1,7602000,1779274408.352622
approach2_run1,7603000,1779274408.438444
approach2_run1,7604000,1779274408.453718
approach2_run1,7605000,1779274408.538386
approach2_run1,7606000,1779274408.611723
approach2_run1,7607000,1779274408.708757
approach2_run1,7608000,1779274408.711237
approach2_run1,7609000,1779274408.794203
approach2_run1,7610000,1779274408.884398
approach2_run1,7611000,1779274408.970318
approach2_run1,7612000,1779274408.983195
approach2_run1,7613000,1779274409.074980
approach2_run1,7614000,1779274409.152393
approach2_run1,7615000,1779274409.229441
approach2_run1,7616000,1779274409.315411
approach2_run1,7617000,1779274409.323231
approach2_run1,7618000,1779274409.401625
approach2_run1,7619000,1779274409.475259
approach2_run1,7620000,1779274409.559830
approach2_run1,7621000,1779274409.574973
approach2_run1,7622000,1779274409.660798
approach2_run1,7623000,1779274409.747780
approach2_run1,7624000,1779274409.833697
approach2_run1,7625000,1779274409.835438
approach2_run1,7626000,1779274409.919606
approach2_run1,7627000,1779274409.993452
approach2_run1,7628000,1779274410.079336
approach2_run1,7629000,1779274410.090466
approach2_run1,7630000,1779274410.175095
approach2_run1,7631000,1779274410.260841
approach2_run1,7632000,1779274410.345631
approach2_run1,7633000,1779274410.352648
approach2_run1,7634000,1779274410.438996
approach2_run1,7635000,1779274410.524663
approach2_run1,7636000,1779274410.608240
approach2_run1,7637000,1779274410.693126
approach2_run1,7638000,1779274410.698147
approach2_run1,7639000,1779274410.784316
approach2_run1,7640000,1779274410.864501
approach2_run1,7641000,1779274410.949599
approach2_run1,7642000,1779274410.957765
approach2_run1,7643000,1779274411.043722
approach2_run1,7644000,1779274411.120496
approach2_run1,7645000,1779274411.215380
approach2_run1,7646000,1779274411.217284
approach2_run1,7647000,1779274411.303462
approach2_run1,7648000,1779274411.375965
approach2_run1,7649000,1779274411.460708
approach2_run1,7650000,1779274411.479590
approach2_run1,7651000,1779274411.565424
approach2_run1,7652000,1779274411.631773
approach2_run1,7653000,1779274411.726220
approach2_run1,7654000,1779274411.738851
approach2_run1,7655000,1779274411.831071
approach2_run1,7656000,1779274411.910651
approach2_run1,7657000,1779274411.982036
approach2_run1,7658000,1779274412.066515
approach2_run1,7659000,1779274412.090645
approach2_run1,7660000,1779274412.170027
approach2_run1,7661000,1779274412.227285
approach2_run1,7662000,1779274412.311946
approach2_run1,7663000,1779274412.349680
approach2_run1,7664000,1779274412.435877
approach2_run1,7665000,1779274412.493536
approach2_run1,7666000,1779274412.578120
approach2_run1,7667000,1779274412.634722
approach2_run1,7668000,1779274412.694844
approach2_run1,7669000,1779274412.749301
approach2_run1,7670000,1779274412.823259
approach2_run1,7671000,1779274412.868145
approach2_run1,7672000,1779274412.954023
approach2_run1,7673000,1779274412.994283
approach2_run1,7674000,1779274413.078932
approach2_run1,7675000,1779274413.163486
approach2_run1,7676000,1779274413.213286
approach2_run1,7677000,1779274413.299231
approach2_run1,7678000,1779274413.334597
approach2_run1,7679000,1779274413.412881
approach2_run1,7680000,1779274413.499122
approach2_run1,7681000,1779274413.585008
approach2_run1,7682000,1779274413.590239
approach2_run1,7683000,1779274413.674894
approach2_run1,7684000,1779274413.758550
approach2_run1,7685000,1779274413.819600
approach2_run1,7686000,1779274413.845790
approach2_run1,7687000,1779274413.930812
approach2_run1,7688000,1779274413.993048
approach2_run1,7689000,1779274414.079012
approach2_run1,7690000,1779274414.112700
approach2_run1,7691000,1779274414.186685
approach2_run1,7692000,1779274414.252341
approach2_run1,7693000,1779274414.338252
approach2_run1,7694000,1779274414.357748
approach2_run1,7695000,1779274414.449909
approach2_run1,7696000,1779274414.527067
approach2_run1,7697000,1779274414.597606
approach2_run1,7698000,1779274414.683499
approach2_run1,7699000,1779274414.698031
approach2_run1,7700000,1779274414.783351
approach2_run1,7701000,1779274414.857494
approach2_run1,7702000,1779274414.943389
approach2_run1,7703000,1779274414.954384
approach2_run1,7704000,1779274415.049955
approach2_run1,7705000,1779274415.116626
approach2_run1,7706000,1779274415.202876
approach2_run1,7707000,1779274415.211006
approach2_run1,7708000,1779274415.295656
approach2_run1,7709000,1779274415.376279
approach2_run1,7710000,1779274415.462514
approach2_run1,7711000,1779274415.466648
approach2_run1,7712000,1779274415.551171
approach2_run1,7713000,1779274415.637053
approach2_run1,7714000,1779274415.721128
approach2_run1,7715000,1779274415.722836
approach2_run1,7716000,1779274415.808578
approach2_run1,7717000,1779274415.894397
approach2_run1,7718000,1779274415.976455
approach2_run1,7719000,1779274416.057187
approach2_run1,7720000,1779274416.067873
approach2_run1,7721000,1779274416.153768
approach2_run1,7722000,1779274416.231972
approach2_run1,7723000,1779274416.313374
approach2_run1,7724000,1779274416.351750
approach2_run1,7725000,1779274416.437644
approach2_run1,7726000,1779274416.487367
approach2_run1,7727000,1779274416.571965
approach2_run1,7728000,1779274416.610942
approach2_run1,7729000,1779274416.696978
approach2_run1,7730000,1779274416.754481
approach2_run1,7731000,1779274416.839290
approach2_run1,7732000,1779274416.870491
approach2_run1,7733000,1779274416.956324
approach2_run1,7734000,1779274417.010411
approach2_run1,7735000,1779274417.095251
approach2_run1,7736000,1779274417.129683
approach2_run1,7737000,1779274417.215473
approach2_run1,7738000,1779274417.254897
approach2_run1,7739000,1779274417.339396
approach2_run1,7740000,1779274417.423954
approach2_run1,7741000,1779274417.474950
approach2_run1,7742000,1779274417.560810
approach2_run1,7743000,1779274417.595182
approach2_run1,7744000,1779274417.680071
approach2_run1,7745000,1779274417.734037
approach2_run1,7746000,1779274417.819890
approach2_run1,7747000,1779274417.862224
approach2_run1,7748000,1779274417.935331
approach2_run1,7749000,1779274417.993283
approach2_run1,7750000,1779274418.079217
approach2_run1,7751000,1779274418.106231
approach2_run1,7752000,1779274418.191240
approach2_run1,7753000,1779274418.227176
approach2_run1,7754000,1779274418.313118
approach2_run1,7755000,1779274418.362105
approach2_run1,7756000,1779274418.447060
approach2_run1,7757000,1779274418.486484
approach2_run1,7758000,1779274418.597512
approach2_run1,7759000,1779274418.617728
approach2_run1,7760000,1779274418.702407
approach2_run1,7761000,1779274418.786659
approach2_run1,7762000,1779274418.856660
approach2_run1,7763000,1779274418.942583
approach2_run1,7764000,1779274418.972857
approach2_run1,7765000,1779274419.057544
approach2_run1,7766000,1779274419.116484
approach2_run1,7767000,1779274419.227822
approach2_run1,7768000,1779274419.236473
approach2_run1,7769000,1779274419.322296
approach2_run1,7770000,1779274419.399225
approach2_run1,7771000,1779274419.483927
approach2_run1,7772000,1779274419.495519
approach2_run1,7773000,1779274419.581380
approach2_run1,7774000,1779274419.654718
approach2_run1,7775000,1779274419.720610
approach2_run1,7776000,1779274419.739721
approach2_run1,7777000,1779274419.824289
approach2_run1,7778000,1779274419.893958
approach2_run1,7779000,1779274419.995049
approach2_run1,7780000,1779274420.065609
approach2_run1,7781000,1779274420.080451
approach2_run1,7782000,1779274420.185633
approach2_run1,7783000,1779274420.238869
approach2_run1,7784000,1779274420.324754
approach2_run1,7785000,1779274420.335739
approach2_run1,7786000,1779274420.420679
approach2_run1,7787000,1779274420.497973
approach2_run1,7788000,1779274420.584002
approach2_run1,7789000,1779274420.591938
approach2_run1,7790000,1779274420.676965
approach2_run1,7791000,1779274420.757479
approach2_run1,7792000,1779274420.843584
approach2_run1,7793000,1779274420.877811
approach2_run1,7794000,1779274420.964264
approach2_run1,7795000,1779274421.048492
approach2_run1,7796000,1779274421.133134
approach2_run1,7797000,1779274421.137619
approach2_run1,7798000,1779274421.223657
approach2_run1,7799000,1779274421.304099
approach2_run1,7800000,1779274421.388693
approach2_run1,7801000,1779274421.399088
approach2_run1,7802000,1779274421.484851
approach2_run1,7803000,1779274421.570726
approach2_run1,7804000,1779274421.613528
approach2_run1,7805000,1779274421.729270
approach2_run1,7806000,1779274421.757905
approach2_run1,7807000,1779274421.843782
approach2_run1,7808000,1779274421.900294
approach2_run1,7809000,1779274421.984983
approach2_run1,7810000,1779274422.002971
approach2_run1,7811000,1779274422.088752
approach2_run1,7812000,1779274422.155779
approach2_run1,7813000,1779274422.240397
approach2_run1,7814000,1779274422.262011
approach2_run1,7815000,1779274422.347818
approach2_run1,7816000,1779274422.411379
approach2_run1,7817000,1779274422.511464
approach2_run1,7818000,1779274422.521143
approach2_run1,7819000,1779274422.607026
approach2_run1,7820000,1779274422.682618
approach2_run1,7821000,1779274422.767273
approach2_run1,7822000,1779274422.780656
approach2_run1,7823000,1779274422.880690
approach2_run1,7824000,1779274422.966635
approach2_run1,7825000,1779274423.007740
approach2_run1,7826000,1779274423.092685
approach2_run1,7827000,1779274423.139941
approach2_run1,7828000,1779274423.226069
approach2_run1,7829000,1779274423.279034
approach2_run1,7830000,1779274423.363725
approach2_run1,7831000,1779274423.399402
approach2_run1,7832000,1779274423.485224
approach2_run1,7833000,1779274423.535957
approach2_run1,7834000,1779274423.620444
approach2_run1,7835000,1779274423.658505
approach2_run1,7836000,1779274423.744387
approach2_run1,7837000,1779274423.790569
approach2_run1,7838000,1779274423.874913
approach2_run1,7839000,1779274423.903176
approach2_run1,7840000,1779274423.989078
approach2_run1,7841000,1779274424.045750
approach2_run1,7842000,1779274424.130377
approach2_run1,7843000,1779274424.162328
approach2_run1,7844000,1779274424.248200
approach2_run1,7845000,1779274424.334284
approach2_run1,7846000,1779274424.386255
approach2_run1,7847000,1779274424.470500
approach2_run1,7848000,1779274424.506815
approach2_run1,7849000,1779274424.592711
approach2_run1,7850000,1779274424.641579
approach2_run1,7851000,1779274424.726145
approach2_run1,7852000,1779274424.766978
approach2_run1,7853000,1779274424.852138
approach2_run1,7854000,1779274424.897136
approach2_run1,7855000,1779274424.981777
approach2_run1,7856000,1779274425.040522
approach2_run1,7857000,1779274425.126381
approach2_run1,7858000,1779274425.152725
approach2_run1,7859000,1779274425.237416
approach2_run1,7860000,1779274425.299758
approach2_run1,7861000,1779274425.385487
approach2_run1,7862000,1779274425.408321
approach2_run1,7863000,1779274425.493103
approach2_run1,7864000,1779274425.558962
approach2_run1,7865000,1779274425.644797
approach2_run1,7866000,1779274425.733911
approach2_run1,7867000,1779274425.749939
approach2_run1,7868000,1779274425.833440
approach2_run1,7869000,1779274425.907305
approach2_run1,7870000,1779274425.993284
approach2_run1,7871000,1779274426.005638
approach2_run1,7872000,1779274426.089344
approach2_run1,7873000,1779274426.166653
approach2_run1,7874000,1779274426.252421
approach2_run1,7875000,1779274426.261077
approach2_run1,7876000,1779274426.345667
approach2_run1,7877000,1779274426.425729
approach2_run1,7878000,1779274426.511550
approach2_run1,7879000,1779274426.530078
approach2_run1,7880000,1779274426.601105
approach2_run1,7881000,1779274426.685025
approach2_run1,7882000,1779274426.773321
approach2_run1,7883000,1779274426.788617
approach2_run1,7884000,1779274426.873658
approach2_run1,7885000,1779274426.947249
approach2_run1,7886000,1779274427.033739
approach2_run1,7887000,1779274427.116493
approach2_run1,7888000,1779274427.129154
approach2_run1,7889000,1779274427.210901
approach2_run1,7890000,1779274427.290093
approach2_run1,7891000,1779274427.376287
approach2_run1,7892000,1779274427.381868
approach2_run1,7893000,1779274427.462627
approach2_run1,7894000,1779274427.538592
approach2_run1,7895000,1779274427.637011
approach2_run1,7896000,1779274427.639034
approach2_run1,7897000,1779274427.726815
approach2_run1,7898000,1779274427.794170
approach2_run1,7899000,1779274427.892537
approach2_run1,7900000,1779274427.900022
approach2_run1,7901000,1779274427.986116
approach2_run1,7902000,1779274428.063584
approach2_run1,7903000,1779274428.148356
approach2_run1,7904000,1779274428.163170
approach2_run1,7905000,1779274428.249006
approach2_run1,7906000,1779274428.331186
approach2_run1,7907000,1779274428.403814
approach2_run1,7908000,1779274428.488705
approach2_run1,7909000,1779274428.508254
approach2_run1,7910000,1779274428.594450
approach2_run1,7911000,1779274428.663159
approach2_run1,7912000,1779274428.743801
approach2_run1,7913000,1779274428.763801
approach2_run1,7914000,1779274428.849785
approach2_run1,7915000,1779274428.914787
approach2_run1,7916000,1779274428.999363
approach2_run1,7917000,1779274429.027053
approach2_run1,7918000,1779274429.112855
approach2_run1,7919000,1779274429.170247
approach2_run1,7920000,1779274429.254848
approach2_run1,7921000,1779274429.281920
approach2_run1,7922000,1779274429.367733
approach2_run1,7923000,1779274429.425668
approach2_run1,7924000,1779274429.496911
approach2_run1,7925000,1779274429.541226
approach2_run1,7926000,1779274429.627414
approach2_run1,7927000,1779274429.681507
approach2_run1,7928000,1779274429.752544
approach2_run1,7929000,1779274429.850842
approach2_run1,7930000,1779274429.886532
approach2_run1,7931000,1779274429.972511
approach2_run1,7932000,1779274430.021982
approach2_run1,7933000,1779274430.106593
approach2_run1,7934000,1779274430.149257
approach2_run1,7935000,1779274430.235187
approach2_run1,7936000,1779274430.281185
approach2_run1,7937000,1779274430.362679
approach2_run1,7938000,1779274430.408739
approach2_run1,7939000,1779274430.494757
approach2_run1,7940000,1779274430.533884
approach2_run1,7941000,1779274430.604323
approach2_run1,7942000,1779274430.668874
approach2_run1,7943000,1779274430.753466
approach2_run1,7944000,1779274430.789689
approach2_run1,7945000,1779274430.874408
approach2_run1,7946000,1779274430.926651
approach2_run1,7947000,1779274431.012607
approach2_run1,7948000,1779274431.045295
approach2_run1,7949000,1779274431.115481
approach2_run1,7950000,1779274431.214567
approach2_run1,7951000,1779274431.273479
approach2_run1,7952000,1779274431.359645
approach2_run1,7953000,1779274431.370990
approach2_run1,7954000,1779274431.455689
approach2_run1,7955000,1779274431.530210
approach2_run1,7956000,1779274431.616062
approach2_run1,7957000,1779274431.626875
approach2_run1,7958000,1779274431.711446
approach2_run1,7959000,1779274431.789188
approach2_run1,7960000,1779274431.875181
approach2_run1,7961000,1779274431.882613
approach2_run1,7962000,1779274431.981361
approach2_run1,7963000,1779274432.048426
approach2_run1,7964000,1779274432.134287
approach2_run1,7965000,1779274432.152704
approach2_run1,7966000,1779274432.237494
approach2_run1,7967000,1779274432.307460
approach2_run1,7968000,1779274432.393704
approach2_run1,7969000,1779274432.395278
approach2_run1,7970000,1779274432.479856
approach2_run1,7971000,1779274432.565957
approach2_run1,7972000,1779274432.648934
approach2_run1,7973000,1779274432.733574
approach2_run1,7974000,1779274432.739794
approach2_run1,7975000,1779274432.833228
approach2_run1,7976000,1779274432.904522
approach2_run1,7977000,1779274432.989089
approach2_run1,7978000,1779274432.999738
approach2_run1,7979000,1779274433.088821
approach2_run1,7980000,1779274433.160077
approach2_run1,7981000,1779274433.245131
approach2_run1,7982000,1779274433.258968
approach2_run1,7983000,1779274433.372348
approach2_run1,7984000,1779274433.415782
approach2_run1,7985000,1779274433.515301
approach2_run1,7986000,1779274433.545728
approach2_run1,7987000,1779274433.631602
approach2_run1,7988000,1779274433.686518
approach2_run1,7989000,1779274433.755645
approach2_run1,7990000,1779274433.805233
approach2_run1,7991000,1779274433.926513
approach2_run1,7992000,1779274434.011604
approach2_run1,7993000,1779274434.013904
approach2_run1,7994000,1779274434.099775
approach2_run1,7995000,1779274434.182536
approach2_run1,7996000,1779274434.267206
approach2_run1,7997000,1779274434.273310
approach2_run1,7998000,1779274434.359487
approach2_run1,7999000,1779274434.438059
approach2_run1,8000000,1779274434.531174
approach2_run1,8001000,1779274434.537664
approach2_run1,8002000,1779274434.622542
approach2_run1,8003000,1779274434.705015
approach2_run1,8004000,1779274434.791068
approach2_run1,8005000,1779274434.794051
approach2_run1,8006000,1779274434.878896
approach2_run1,8007000,1779274434.966092
approach2_run1,8008000,1779274435.051094
approach2_run1,8009000,1779274435.053003
approach2_run1,8010000,1779274435.138928
approach2_run1,8011000,1779274435.221901
approach2_run1,8012000,1779274435.322533
approach2_run1,8013000,1779274435.397501
approach2_run1,8014000,1779274435.407673
approach2_run1,8015000,1779274435.499111
approach2_run1,8016000,1779274435.578038
approach2_run1,8017000,1779274435.646626
approach2_run1,8018000,1779274435.672613
approach2_run1,8019000,1779274435.758976
approach2_run1,8020000,1779274435.817447
approach2_run1,8021000,1779274435.902201
approach2_run1,8022000,1779274435.916177
approach2_run1,8023000,1779274436.002017
approach2_run1,8024000,1779274436.073413
approach2_run1,8025000,1779274436.158023
approach2_run1,8026000,1779274436.175515
approach2_run1,8027000,1779274436.277358
approach2_run1,8028000,1779274436.328920
approach2_run1,8029000,1779274436.413632
approach2_run1,8030000,1779274436.450822
approach2_run1,8031000,1779274436.536688
approach2_run1,8032000,1779274436.584270
approach2_run1,8033000,1779274436.669044
approach2_run1,8034000,1779274436.753950
approach2_run1,8035000,1779274436.796420
approach2_run1,8036000,1779274436.881740
approach2_run1,8037000,1779274436.940546
approach2_run1,8038000,1779274437.025133
approach2_run1,8039000,1779274437.055078
approach2_run1,8040000,1779274437.140955
approach2_run1,8041000,1779274437.196057
approach2_run1,8042000,1779274437.280905
approach2_run1,8043000,1779274437.314229
approach2_run1,8044000,1779274437.400436
approach2_run1,8045000,1779274437.451982
approach2_run1,8046000,1779274437.538958
approach2_run1,8047000,1779274437.575118
approach2_run1,8048000,1779274437.661082
approach2_run1,8049000,1779274437.710219
approach2_run1,8050000,1779274437.795066
approach2_run1,8051000,1779274437.832747
approach2_run1,8052000,1779274437.918582
approach2_run1,8053000,1779274437.967589
approach2_run1,8054000,1779274438.052491
approach2_run1,8055000,1779274438.137260
approach2_run1,8056000,1779274438.179390
approach2_run1,8057000,1779274438.265301
approach2_run1,8058000,1779274438.306118
approach2_run1,8059000,1779274438.390662
approach2_run1,8060000,1779274438.438496
approach2_run1,8061000,1779274438.523020
approach2_run1,8062000,1779274438.561543
approach2_run1,8063000,1779274438.646107
approach2_run1,8064000,1779274438.697890
approach2_run1,8065000,1779274438.783572
approach2_run1,8066000,1779274438.819761
approach2_run1,8067000,1779274438.904718
approach2_run1,8068000,1779274438.956997
approach2_run1,8069000,1779274439.042891
approach2_run1,8070000,1779274439.072487
approach2_run1,8071000,1779274439.157080
approach2_run1,8072000,1779274439.216317
approach2_run1,8073000,1779274439.304528
approach2_run1,8074000,1779274439.331297
approach2_run1,8075000,1779274439.415925
approach2_run1,8076000,1779274439.500483
approach2_run1,8077000,1779274439.563707
approach2_run1,8078000,1779274439.647200
approach2_run1,8079000,1779274439.668024
approach2_run1,8080000,1779274439.752618
approach2_run1,8081000,1779274439.822972
approach2_run1,8082000,1779274439.908738
approach2_run1,8083000,1779274439.923443
approach2_run1,8084000,1779274440.011596
approach2_run1,8085000,1779274440.079998
approach2_run1,8086000,1779274440.166184
approach2_run1,8087000,1779274440.182399
approach2_run1,8088000,1779274440.267033
approach2_run1,8089000,1779274440.339249
approach2_run1,8090000,1779274440.424541
approach2_run1,8091000,1779274440.438772
approach2_run1,8092000,1779274440.556724
approach2_run1,8093000,1779274440.598130
approach2_run1,8094000,1779274440.683971
approach2_run1,8095000,1779274440.727653
approach2_run1,8096000,1779274440.812273
approach2_run1,8097000,1779274440.897125
approach2_run1,8098000,1779274440.947403
approach2_run1,8099000,1779274441.033502
approach2_run1,8100000,1779274441.035231
approach2_run1,8101000,1779274441.120368
approach2_run1,8102000,1779274441.203955
approach2_run1,8103000,1779274441.288579
approach2_run1,8104000,1779274441.294993
approach2_run1,8105000,1779274441.379398
approach2_run1,8106000,1779274441.460287
approach2_run1,8107000,1779274441.544927
approach2_run1,8108000,1779274441.552684
approach2_run1,8109000,1779274441.640138
approach2_run1,8110000,1779274441.726369
approach2_run1,8111000,1779274441.800292
approach2_run1,8112000,1779274441.813401
approach2_run1,8113000,1779274441.899320
approach2_run1,8114000,1779274441.971200
approach2_run1,8115000,1779274442.055886
approach2_run1,8116000,1779274442.072917
approach2_run1,8117000,1779274442.159091
approach2_run1,8118000,1779274442.246112
approach2_run1,8119000,1779274442.333201
approach2_run1,8120000,1779274442.418604
approach2_run1,8121000,1779274442.431296
approach2_run1,8122000,1779274442.515974
approach2_run1,8123000,1779274442.592687
approach2_run1,8124000,1779274442.678118
approach2_run1,8125000,1779274442.688267
approach2_run1,8126000,1779274442.772902
approach2_run1,8127000,1779274442.852826
approach2_run1,8128000,1779274442.938913
approach2_run1,8129000,1779274442.943774
approach2_run1,8130000,1779274443.028349
approach2_run1,8131000,1779274443.110660
approach2_run1,8132000,1779274443.196384
approach2_run1,8133000,1779274443.199056
approach2_run1,8134000,1779274443.284088
approach2_run1,8135000,1779274443.369428
approach2_run1,8136000,1779274443.454025
approach2_run1,8137000,1779274443.461360
approach2_run1,8138000,1779274443.547079
approach2_run1,8139000,1779274443.633165
approach2_run1,8140000,1779274443.708524
approach2_run1,8141000,1779274443.793098
approach2_run1,8142000,1779274443.806832
approach2_run1,8143000,1779274443.892686
approach2_run1,8144000,1779274443.965293
approach2_run1,8145000,1779274444.049973
approach2_run1,8146000,1779274444.066107
approach2_run1,8147000,1779274444.181398
approach2_run1,8148000,1779274444.231034
approach2_run1,8149000,1779274444.315708
approach2_run1,8150000,1779274444.325596
approach2_run1,8151000,1779274444.440516
approach2_run1,8152000,1779274444.486354
approach2_run1,8153000,1779274444.560724
approach2_run1,8154000,1779274444.614186
approach2_run1,8155000,1779274444.701441
approach2_run1,8156000,1779274444.731589
approach2_run1,8157000,1779274444.816305
approach2_run1,8158000,1779274444.874861
approach2_run1,8159000,1779274444.960733
approach2_run1,8160000,1779274445.046438
approach2_run1,8161000,1779274445.082177
approach2_run1,8162000,1779274445.166808
approach2_run1,8163000,1779274445.220484
approach2_run1,8164000,1779274445.306290
approach2_run1,8165000,1779274445.327079
approach2_run1,8166000,1779274445.411653
approach2_run1,8167000,1779274445.479540
approach2_run1,8168000,1779274445.565667
approach2_run1,8169000,1779274445.594141
approach2_run1,8170000,1779274445.667095
approach2_run1,8171000,1779274445.737712
approach2_run1,8172000,1779274445.824655
approach2_run1,8173000,1779274445.837919
approach2_run1,8174000,1779274445.934428
approach2_run1,8175000,1779274445.997830
approach2_run1,8176000,1779274446.083696
approach2_run1,8177000,1779274446.105218
approach2_run1,8178000,1779274446.189909
approach2_run1,8179000,1779274446.256047
approach2_run1,8180000,1779274446.341766
approach2_run1,8181000,1779274446.427902
approach2_run1,8182000,1779274446.445332
approach2_run1,8183000,1779274446.529910
approach2_run1,8184000,1779274446.600026
approach2_run1,8185000,1779274446.687062
approach2_run1,8186000,1779274446.688768
approach2_run1,8187000,1779274446.785443
approach2_run1,8188000,1779274446.858855
approach2_run1,8189000,1779274446.943474
approach2_run1,8190000,1779274446.946806
approach2_run1,8191000,1779274447.032740
approach2_run1,8192000,1779274447.114555
approach2_run1,8193000,1779274447.199330
approach2_run1,8194000,1779274447.241473
approach2_run1,8195000,1779274447.327393
approach2_run1,8196000,1779274447.370153
approach2_run1,8197000,1779274447.454888
approach2_run1,8198000,1779274447.500847
approach2_run1,8199000,1779274447.587136
approach2_run1,8200000,1779274447.626120
approach2_run1,8201000,1779274447.710736
approach2_run1,8202000,1779274447.795304
approach2_run1,8203000,1779274447.846645
approach2_run1,8204000,1779274447.932471
approach2_run1,8205000,1779274447.966438
approach2_run1,8206000,1779274448.051212
approach2_run1,8207000,1779274448.105962
approach2_run1,8208000,1779274448.191782
approach2_run1,8209000,1779274448.234136
approach2_run1,8210000,1779274448.319261
approach2_run1,8211000,1779274448.365056
approach2_run1,8212000,1779274448.450891
approach2_run1,8213000,1779274448.505894
approach2_run1,8214000,1779274448.590629
approach2_run1,8215000,1779274448.625351
approach2_run1,8216000,1779274448.722415
approach2_run1,8217000,1779274448.780143
approach2_run1,8218000,1779274448.864654
approach2_run1,8219000,1779274448.895800
approach2_run1,8220000,1779274448.981634
approach2_run1,8221000,1779274449.016982
approach2_run1,8222000,1779274449.101665
approach2_run1,8223000,1779274449.186258
approach2_run1,8224000,1779274449.241198
approach2_run1,8225000,1779274449.326733
approach2_run1,8226000,1779274449.340637
approach2_run1,8227000,1779274449.425316
approach2_run1,8228000,1779274449.500057
approach2_run1,8229000,1779274449.586002
approach2_run1,8230000,1779274449.601146
approach2_run1,8231000,1779274449.685803
approach2_run1,8232000,1779274449.764304
approach2_run1,8233000,1779274449.850552
approach2_run1,8234000,1779274449.856520
approach2_run1,8235000,1779274449.941201
approach2_run1,8236000,1779274450.023870
approach2_run1,8237000,1779274450.109750
approach2_run1,8238000,1779274450.124276
approach2_run1,8239000,1779274450.213224
approach2_run1,8240000,1779274450.294719
approach2_run1,8241000,1779274450.379365
approach2_run1,8242000,1779274450.386966
approach2_run1,8243000,1779274450.482645
approach2_run1,8244000,1779274450.567133
approach2_run1,8245000,1779274450.645618
approach2_run1,8246000,1779274450.731573
approach2_run1,8247000,1779274450.739794
approach2_run1,8248000,1779274450.824619
approach2_run1,8249000,1779274450.904854
approach2_run1,8250000,1779274450.990800
approach2_run1,8251000,1779274450.993778
approach2_run1,8252000,1779274451.078477
approach2_run1,8253000,1779274451.164678
approach2_run1,8254000,1779274451.249083
approach2_run1,8255000,1779274451.252058
approach2_run1,8256000,1779274451.338215
approach2_run1,8257000,1779274451.421445
approach2_run1,8258000,1779274451.504633
approach2_run1,8259000,1779274451.511304
approach2_run1,8260000,1779274451.597142
approach2_run1,8261000,1779274451.675589
approach2_run1,8262000,1779274451.760187
approach2_run1,8263000,1779274451.770425
approach2_run1,8264000,1779274451.856474
approach2_run1,8265000,1779274451.940556
approach2_run1,8266000,1779274452.017717
approach2_run1,8267000,1779274452.102646
approach2_run1,8268000,1779274452.114189
approach2_run1,8269000,1779274452.199778
approach2_run1,8270000,1779274452.271652
approach2_run1,8271000,1779274452.358183
approach2_run1,8272000,1779274452.373312
approach2_run1,8273000,1779274452.461022
approach2_run1,8274000,1779274452.529185
approach2_run1,8275000,1779274452.613790
approach2_run1,8276000,1779274452.634775
approach2_run1,8277000,1779274452.720574
approach2_run1,8278000,1779274452.784711
approach2_run1,8279000,1779274452.869418
approach2_run1,8280000,1779274452.893871
approach2_run1,8281000,1779274452.980236
approach2_run1,8282000,1779274453.040310
approach2_run1,8283000,1779274453.124959
approach2_run1,8284000,1779274453.153319
approach2_run1,8285000,1779274453.239362
approach2_run1,8286000,1779274453.325398
approach2_run1,8287000,1779274453.380722
approach2_run1,8288000,1779274453.468059
approach2_run1,8289000,1779274453.498657
approach2_run1,8290000,1779274453.582697
approach2_run1,8291000,1779274453.639039
approach2_run1,8292000,1779274453.723587
approach2_run1,8293000,1779274453.756264
approach2_run1,8294000,1779274453.841909
approach2_run1,8295000,1779274453.929007
approach2_run1,8296000,1779274453.979245
approach2_run1,8297000,1779274454.015692
approach2_run1,8298000,1779274454.101627
approach2_run1,8299000,1779274454.150014
approach2_run1,8300000,1779274454.234602
approach2_run1,8301000,1779274454.275000
approach2_run1,8302000,1779274454.360726
approach2_run1,8303000,1779274454.405533
approach2_run1,8304000,1779274454.490314
approach2_run1,8305000,1779274454.534463
approach2_run1,8306000,1779274454.620846
approach2_run1,8307000,1779274454.706913
approach2_run1,8308000,1779274454.782459
approach2_run1,8309000,1779274454.830349
approach2_run1,8310000,1779274454.880181
approach2_run1,8311000,1779274454.966385
approach2_run1,8312000,1779274455.001751
approach2_run1,8313000,1779274455.122730
approach2_run1,8314000,1779274455.141212
approach2_run1,8315000,1779274455.225688
approach2_run1,8316000,1779274455.257156
approach2_run1,8317000,1779274455.378340
approach2_run1,8318000,1779274455.398980
approach2_run1,8319000,1779274455.486754
approach2_run1,8320000,1779274455.512469
approach2_run1,8321000,1779274455.597240
approach2_run1,8322000,1779274455.660445
approach2_run1,8323000,1779274455.746335
approach2_run1,8324000,1779274455.768321
approach2_run1,8325000,1779274455.853127
approach2_run1,8326000,1779274455.919771
approach2_run1,8327000,1779274456.005590
approach2_run1,8328000,1779274456.088946
approach2_run1,8329000,1779274456.096559
approach2_run1,8330000,1779274456.182401
approach2_run1,8331000,1779274456.268363
approach2_run1,8332000,1779274456.343810
approach2_run1,8333000,1779274456.427454
approach2_run1,8334000,1779274456.470617
approach2_run1,8335000,1779274456.556627
approach2_run1,8336000,1779274456.619106
approach2_run1,8337000,1779274456.643346
approach2_run1,8338000,1779274456.729258
approach2_run1,8339000,1779274456.788201
approach2_run1,8340000,1779274456.872948
approach2_run1,8341000,1779274456.939840
approach2_run1,8342000,1779274456.989167
approach2_run1,8343000,1779274457.075223
approach2_run1,8344000,1779274457.161445
approach2_run1,8345000,1779274457.182797
approach2_run1,8346000,1779274457.253149
approach2_run1,8347000,1779274457.334230
approach2_run1,8348000,1779274457.385715
approach2_run1,8349000,1779274457.469932
approach2_run1,8350000,1779274457.507819
approach2_run1,8351000,1779274457.593742
approach2_run1,8352000,1779274457.683191
approach2_run1,8353000,1779274457.706850
approach2_run1,8354000,1779274457.779373
approach2_run1,8355000,1779274457.863539
approach2_run1,8356000,1779274457.935030
approach2_run1,8357000,1779274457.984447
approach2_run1,8358000,1779274458.068483
approach2_run1,8359000,1779274458.112032
approach2_run1,8360000,1779274458.198008
approach2_run1,8361000,1779274458.219812
approach2_run1,8362000,1779274458.303433
approach2_run1,8363000,1779274458.387172
approach2_run1,8364000,1779274458.461456
approach2_run1,8365000,1779274458.543700
approach2_run1,8366000,1779274458.615850
approach2_run1,8367000,1779274458.634392
approach2_run1,8368000,1779274458.721296
approach2_run1,8369000,1779274458.807106
approach2_run1,8370000,1779274458.832070
approach2_run1,8371000,1779274458.899710
approach2_run1,8372000,1779274458.983046
approach2_run1,8373000,1779274459.068162
approach2_run1,8374000,1779274459.142184
approach2_run1,8375000,1779274459.156214
approach2_run1,8376000,1779274459.242422
approach2_run1,8377000,1779274459.328108
approach2_run1,8378000,1779274459.347341
approach2_run1,8379000,1779274459.431678
approach2_run1,8380000,1779274459.501734
approach2_run1,8381000,1779274459.580939
approach2_run1,8382000,1779274459.664168
approach2_run1,8383000,1779274459.671903
approach2_run1,8384000,1779274459.760689
approach2_run1,8385000,1779274459.843971
approach2_run1,8386000,1779274459.908694
approach2_run1,8387000,1779274459.978952
approach2_run1,8388000,1779274460.027998
approach2_run1,8389000,1779274460.105325
approach2_run1,8390000,1779274460.191269
approach2_run1,8391000,1779274460.194749
approach2_run1,8392000,1779274460.279394
approach2_run1,8393000,1779274460.364330
approach2_run1,8394000,1779274460.431043
approach2_run1,8395000,1779274460.515291
approach2_run1,8396000,1779274460.589011
approach2_run1,8397000,1779274460.625174
approach2_run1,8398000,1779274460.709544
approach2_run1,8399000,1779274460.794082
approach2_run1,8400000,1779274460.797714
approach2_run1,8401000,1779274460.883631
approach2_run1,8402000,1779274460.961171
approach2_run1,8403000,1779274461.045854
approach2_run1,8404000,1779274461.111833
approach2_run1,8405000,1779274461.143395
approach2_run1,8406000,1779274461.229726
approach2_run1,8407000,1779274461.314463
approach2_run1,8408000,1779274461.341870
approach2_run1,8409000,1779274461.426637
approach2_run1,8410000,1779274461.487487
approach2_run1,8411000,1779274461.560576
approach2_run1,8412000,1779274461.645252
approach2_run1,8413000,1779274461.662152
approach2_run1,8414000,1779274461.747155
approach2_run1,8415000,1779274461.833165
approach2_run1,8416000,1779274461.878683
approach2_run1,8417000,1779274461.952015
approach2_run1,8418000,1779274462.035046
approach2_run1,8419000,1779274462.073059
approach2_run1,8420000,1779274462.157689
approach2_run1,8421000,1779274462.207926
approach2_run1,8422000,1779274462.294574
approach2_run1,8423000,1779274462.381289
approach2_run1,8424000,1779274462.411543
approach2_run1,8425000,1779274462.493387
approach2_run1,8426000,1779274462.577803
approach2_run1,8427000,1779274462.641863
approach2_run1,8428000,1779274462.704114
approach2_run1,8429000,1779274462.728684
approach2_run1,8430000,1779274462.829680
approach2_run1,8431000,1779274462.915880
approach2_run1,8432000,1779274462.924969
approach2_run1,8433000,1779274463.008997
approach2_run1,8434000,1779274463.092404
approach2_run1,8435000,1779274463.175570
approach2_run1,8436000,1779274463.240445
approach2_run1,8437000,1779274463.313955
approach2_run1,8438000,1779274463.348475
approach2_run1,8439000,1779274463.434645
approach2_run1,8440000,1779274463.506232
approach2_run1,8441000,1779274463.580125
approach2_run1,8442000,1779274463.593022
approach2_run1,8443000,1779274463.679109
approach2_run1,8444000,1779274463.765524
approach2_run1,8445000,1779274463.851817
approach2_run1,8446000,1779274463.856409
approach2_run1,8447000,1779274463.939023
approach2_run1,8448000,1779274464.039446
approach2_run1,8449000,1779274464.067875
approach2_run1,8450000,1779274464.165667
approach2_run1,8451000,1779274464.213244
approach2_run1,8452000,1779274464.299153
approach2_run1,8453000,1779274464.336471
approach2_run1,8454000,1779274464.421387
approach2_run1,8455000,1779274464.472701
approach2_run1,8456000,1779274464.560076
approach2_run1,8457000,1779274464.645864
approach2_run1,8458000,1779274464.676547
approach2_run1,8459000,1779274464.761093
approach2_run1,8460000,1779274464.821419
approach2_run1,8461000,1779274464.907596
approach2_run1,8462000,1779274464.943034
approach2_run1,8463000,1779274465.027680
approach2_run1,8464000,1779274465.080878
approach2_run1,8465000,1779274465.166790
approach2_run1,8466000,1779274465.219178
approach2_run1,8467000,1779274465.283061
approach2_run1,8468000,1779274465.340203
approach2_run1,8469000,1779274465.426175
approach2_run1,8470000,1779274465.453981
approach2_run1,8471000,1779274465.538833
approach2_run1,8472000,1779274465.604962
approach2_run1,8473000,1779274465.690787
approach2_run1,8474000,1779274465.730343
approach2_run1,8475000,1779274465.794249
approach2_run1,8476000,1779274465.864262
approach2_run1,8477000,1779274465.950490
approach2_run1,8478000,1779274466.036638
approach2_run1,8479000,1779274466.070487
approach2_run1,8480000,1779274466.134308
approach2_run1,8481000,1779274466.210932
approach2_run1,8482000,1779274466.296846
approach2_run1,8483000,1779274466.305213
approach2_run1,8484000,1779274466.394504
approach2_run1,8485000,1779274466.464031
approach2_run1,8486000,1779274466.556768
approach2_run1,8487000,1779274466.581526
approach2_run1,8488000,1779274466.666425
approach2_run1,8489000,1779274466.723445
approach2_run1,8490000,1779274466.809217
approach2_run1,8491000,1779274466.816025
approach2_run1,8492000,1779274466.922223
approach2_run1,8493000,1779274466.982792
approach2_run1,8494000,1779274467.068609
approach2_run1,8495000,1779274467.093516
approach2_run1,8496000,1779274467.178210
approach2_run1,8497000,1779274467.227701
approach2_run1,8498000,1779274467.313721
approach2_run1,8499000,1779274467.327178
approach2_run1,8500000,1779274467.433729
approach2_run1,8501000,1779274467.518268
approach2_run1,8502000,1779274467.587672
approach2_run1,8503000,1779274467.666942
approach2_run1,8504000,1779274467.673914
approach2_run1,8505000,1779274467.759756
approach2_run1,8506000,1779274467.838111
approach2_run1,8507000,1779274467.923159
approach2_run1,8508000,1779274467.933336
approach2_run1,8509000,1779274468.019462
approach2_run1,8510000,1779274468.094100
approach2_run1,8511000,1779274468.178712
approach2_run1,8512000,1779274468.192752
approach2_run1,8513000,1779274468.278778
approach2_run1,8514000,1779274468.349784
approach2_run1,8515000,1779274468.434567
approach2_run1,8516000,1779274468.452188
approach2_run1,8517000,1779274468.538469
approach2_run1,8518000,1779274468.606120
approach2_run1,8519000,1779274468.690846
approach2_run1,8520000,1779274468.711871
approach2_run1,8521000,1779274468.797952
approach2_run1,8522000,1779274468.883718
approach2_run1,8523000,1779274468.967426
approach2_run1,8524000,1779274469.052101
approach2_run1,8525000,1779274469.056408
approach2_run1,8526000,1779274469.142578
approach2_run1,8527000,1779274469.224496
approach2_run1,8528000,1779274469.309133
approach2_run1,8529000,1779274469.315643
approach2_run1,8530000,1779274469.401512
approach2_run1,8531000,1779274469.480201
approach2_run1,8532000,1779274469.565144
approach2_run1,8533000,1779274469.574872
approach2_run1,8534000,1779274469.666874
approach2_run1,8535000,1779274469.736200
approach2_run1,8536000,1779274469.820721
approach2_run1,8537000,1779274469.840704
approach2_run1,8538000,1779274469.927705
approach2_run1,8539000,1779274469.991673
approach2_run1,8540000,1779274470.076411
approach2_run1,8541000,1779274470.101688
approach2_run1,8542000,1779274470.187514
approach2_run1,8543000,1779274470.273531
approach2_run1,8544000,1779274470.332070
approach2_run1,8545000,1779274470.416676
approach2_run1,8546000,1779274470.447003
approach2_run1,8547000,1779274470.519428
approach2_run1,8548000,1779274470.587479
approach2_run1,8549000,1779274470.672169
approach2_run1,8550000,1779274470.756890
approach2_run1,8551000,1779274470.777730
approach2_run1,8552000,1779274470.858663
approach2_run1,8553000,1779274470.919178
approach2_run1,8554000,1779274470.992318
approach2_run1,8555000,1779274471.075556
approach2_run1,8556000,1779274471.098445
approach2_run1,8557000,1779274471.183152
approach2_run1,8558000,1779274471.267977
approach2_run1,8559000,1779274471.297343
approach2_run1,8560000,1779274471.382475
approach2_run1,8561000,1779274471.443099
approach2_run1,8562000,1779274471.524163
approach2_run1,8563000,1779274471.601235
approach2_run1,8564000,1779274471.613208
approach2_run1,8565000,1779274471.698029
approach2_run1,8566000,1779274471.782651
approach2_run1,8567000,1779274471.822635
approach2_run1,8568000,1779274471.908149
approach2_run1,8569000,1779274471.953837
approach2_run1,8570000,1779274472.073859
approach2_run1,8571000,1779274472.123530
approach2_run1,8572000,1779274472.155298
approach2_run1,8573000,1779274472.209193
approach2_run1,8574000,1779274472.293890
approach2_run1,8575000,1779274472.371872
approach2_run1,8576000,1779274472.433783
approach2_run1,8577000,1779274472.513227
approach2_run1,8578000,1779274472.550430
approach2_run1,8579000,1779274472.635212
approach2_run1,8580000,1779274472.719835
approach2_run1,8581000,1779274472.764357
approach2_run1,8582000,1779274472.819846
approach2_run1,8583000,1779274472.891056
approach2_run1,8584000,1779274472.975949
approach2_run1,8585000,1779274473.042550
approach2_run1,8586000,1779274473.061794
approach2_run1,8587000,1779274473.146720
approach2_run1,8588000,1779274473.216759
approach2_run1,8589000,1779274473.302875
approach2_run1,8590000,1779274473.352114
approach2_run1,8591000,1779274473.437571
approach2_run1,8592000,1779274473.476520
approach2_run1,8593000,1779274473.562432
approach2_run1,8594000,1779274473.608853
approach2_run1,8595000,1779274473.693513
approach2_run1,8596000,1779274473.791994
approach2_run1,8597000,1779274473.821475
approach2_run1,8598000,1779274473.907270
approach2_run1,8599000,1779274473.963361
approach2_run1,8600000,1779274474.048618
approach2_run1,8601000,1779274474.079846
approach2_run1,8602000,1779274474.165920
approach2_run1,8603000,1779274474.219493
approach2_run1,8604000,1779274474.304426
approach2_run1,8605000,1779274474.340079
approach2_run1,8606000,1779274474.426242
approach2_run1,8607000,1779274474.474357
approach2_run1,8608000,1779274474.559023
approach2_run1,8609000,1779274474.618963
approach2_run1,8610000,1779274474.704750
approach2_run1,8611000,1779274474.729966
approach2_run1,8612000,1779274474.814564
approach2_run1,8613000,1779274474.858542
approach2_run1,8614000,1779274474.944519
approach2_run1,8615000,1779274474.971589
approach2_run1,8616000,1779274475.056195
approach2_run1,8617000,1779274475.117646
approach2_run1,8618000,1779274475.203791
approach2_run1,8619000,1779274475.289612
approach2_run1,8620000,1779274475.311631
approach2_run1,8621000,1779274475.410350
approach2_run1,8622000,1779274475.462816
approach2_run1,8623000,1779274475.547379
approach2_run1,8624000,1779274475.581286
approach2_run1,8625000,1779274475.652128
approach2_run1,8626000,1779274475.721997
approach2_run1,8627000,1779274475.808295
approach2_run1,8628000,1779274475.822991
approach2_run1,8629000,1779274475.907657
approach2_run1,8630000,1779274475.981539
approach2_run1,8631000,1779274476.067307
approach2_run1,8632000,1779274476.092817
approach2_run1,8633000,1779274476.173148
approach2_run1,8634000,1779274476.245967
approach2_run1,8635000,1779274476.332147
approach2_run1,8636000,1779274476.349081
approach2_run1,8637000,1779274476.433644
approach2_run1,8638000,1779274476.519435
approach2_run1,8639000,1779274476.604245
approach2_run1,8640000,1779274476.688852
approach2_run1,8641000,1779274476.691444
approach2_run1,8642000,1779274476.777250
approach2_run1,8643000,1779274476.860192
approach2_run1,8644000,1779274476.944948
approach2_run1,8645000,1779274476.953871
approach2_run1,8646000,1779274477.029887
approach2_run1,8647000,1779274477.101204
approach2_run1,8648000,1779274477.201025
approach2_run1,8649000,1779274477.218329
approach2_run1,8650000,1779274477.304157
approach2_run1,8651000,1779274477.371865
approach2_run1,8652000,1779274477.456488
approach2_run1,8653000,1779274477.477540
approach2_run1,8654000,1779274477.563529
approach2_run1,8655000,1779274477.634516
approach2_run1,8656000,1779274477.719131
approach2_run1,8657000,1779274477.736974
approach2_run1,8658000,1779274477.822889
approach2_run1,8659000,1779274477.889838
approach2_run1,8660000,1779274477.974713
approach2_run1,8661000,1779274478.059262
approach2_run1,8662000,1779274478.085459
approach2_run1,8663000,1779274478.167891
approach2_run1,8664000,1779274478.230609
approach2_run1,8665000,1779274478.315239
approach2_run1,8666000,1779274478.341043
approach2_run1,8667000,1779274478.427318
approach2_run1,8668000,1779274478.486327
approach2_run1,8669000,1779274478.570939
approach2_run1,8670000,1779274478.600604
approach2_run1,8671000,1779274478.686447
approach2_run1,8672000,1779274478.742427
approach2_run1,8673000,1779274478.827007
approach2_run1,8674000,1779274478.863165
approach2_run1,8675000,1779274478.949050
approach2_run1,8676000,1779274478.998220
approach2_run1,8677000,1779274479.082905
approach2_run1,8678000,1779274479.122447
approach2_run1,8679000,1779274479.208341
approach2_run1,8680000,1779274479.231768
approach2_run1,8681000,1779274479.316381
approach2_run1,8682000,1779274479.400918
approach2_run1,8683000,1779274479.467480
approach2_run1,8684000,1779274479.553406
approach2_run1,8685000,1779274479.572100
approach2_run1,8686000,1779274479.656804
approach2_run1,8687000,1779274479.726642
approach2_run1,8688000,1779274479.794797
approach2_run1,8689000,1779274479.813068
approach2_run1,8690000,1779274479.912811
approach2_run1,8691000,1779274479.985812
approach2_run1,8692000,1779274480.071676
approach2_run1,8693000,1779274480.105917
approach2_run1,8694000,1779274480.190512
approach2_run1,8695000,1779274480.254264
approach2_run1,8696000,1779274480.330953
approach2_run1,8697000,1779274480.361645
approach2_run1,8698000,1779274480.446311
approach2_run1,8699000,1779274480.504302
approach2_run1,8700000,1779274480.599350
approach2_run1,8701000,1779274480.617748
approach2_run1,8702000,1779274480.702336
approach2_run1,8703000,1779274480.787084
approach2_run1,8704000,1779274480.858496
approach2_run1,8705000,1779274480.944340
approach2_run1,8706000,1779274480.958097
approach2_run1,8707000,1779274481.042861
approach2_run1,8708000,1779274481.117752
approach2_run1,8709000,1779274481.203632
approach2_run1,8710000,1779274481.213799
approach2_run1,8711000,1779274481.298425
approach2_run1,8712000,1779274481.367737
approach2_run1,8713000,1779274481.463107
approach2_run1,8714000,1779274481.469610
approach2_run1,8715000,1779274481.553784
approach2_run1,8716000,1779274481.636467
approach2_run1,8717000,1779274481.722729
approach2_run1,8718000,1779274481.724721
approach2_run1,8719000,1779274481.810332
approach2_run1,8720000,1779274481.895368
approach2_run1,8721000,1779274481.979837
approach2_run1,8722000,1779274481.982227
approach2_run1,8723000,1779274482.064897
approach2_run1,8724000,1779274482.149521
approach2_run1,8725000,1779274482.232548
approach2_run1,8726000,1779274482.318351
approach2_run1,8727000,1779274482.348837
approach2_run1,8728000,1779274482.433683
approach2_run1,8729000,1779274482.488932
approach2_run1,8730000,1779274482.574634
approach2_run1,8731000,1779274482.659982
approach2_run1,8732000,1779274482.689856
approach2_run1,8733000,1779274482.775076
approach2_run1,8734000,1779274482.829078
approach2_run1,8735000,1779274482.883006
approach2_run1,8736000,1779274482.945241
approach2_run1,8737000,1779274483.009487
approach2_run1,8738000,1779274483.094948
approach2_run1,8739000,1779274483.180090
approach2_run1,8740000,1779274483.201373
approach2_run1,8741000,1779274483.286214
approach2_run1,8742000,1779274483.370978
approach2_run1,8743000,1779274483.434750
approach2_run1,8744000,1779274483.487444
approach2_run1,8745000,1779274483.541317
approach2_run1,8746000,1779274483.614961
approach2_run1,8747000,1779274483.700793
approach2_run1,8748000,1779274483.712487
approach2_run1,8749000,1779274483.797352
approach2_run1,8750000,1779274483.882050
approach2_run1,8751000,1779274483.938716
approach2_run1,8752000,1779274484.040836
approach2_run1,8753000,1779274484.053597
approach2_run1,8754000,1779274484.138534
approach2_run1,8755000,1779274484.223552
approach2_run1,8756000,1779274484.231272
approach2_run1,8757000,1779274484.309186
approach2_run1,8758000,1779274484.394035
approach2_run1,8759000,1779274484.478246
approach2_run1,8760000,1779274484.563308
approach2_run1,8761000,1779274484.647619
approach2_run1,8762000,1779274484.650471
approach2_run1,8763000,1779274484.735619
approach2_run1,8764000,1779274484.778125
approach2_run1,8765000,1779274484.836292
approach2_run1,8766000,1779274484.919754
approach2_run1,8767000,1779274484.991969
approach2_run1,8768000,1779274485.076909
approach2_run1,8769000,1779274485.160267
approach2_run1,8770000,1779274485.169253
approach2_run1,8771000,1779274485.254471
approach2_run1,8772000,1779274485.331456
approach2_run1,8773000,1779274485.389250
approach2_run1,8774000,1779274485.466689
approach2_run1,8775000,1779274485.474676
approach2_run1,8776000,1779274485.559589
approach2_run1,8777000,1779274485.671372
approach2_run1,8778000,1779274485.689348
approach2_run1,8779000,1779274485.774801
approach2_run1,8780000,1779274485.842616
approach2_run1,8781000,1779274485.927444
approach2_run1,8782000,1779274485.998793
approach2_run1,8783000,1779274486.013296
approach2_run1,8784000,1779274486.098643
approach2_run1,8785000,1779274486.184115
approach2_run1,8786000,1779274486.218056
approach2_run1,8787000,1779274486.302690
approach2_run1,8788000,1779274486.380174
approach2_run1,8789000,1779274486.441132
approach2_run1,8790000,1779274486.527584
approach2_run1,8791000,1779274486.550633
approach2_run1,8792000,1779274486.633206
approach2_run1,8793000,1779274486.697555
approach2_run1,8794000,1779274486.777842
approach2_run1,8795000,1779274486.849194
approach2_run1,8796000,1779274486.908823
approach2_run1,8797000,1779274486.953571
approach2_run1,8798000,1779274487.039046
approach2_run1,8799000,1779274487.123227
approach2_run1,8800000,1779274487.157131
approach2_run1,8801000,1779274487.240602
approach2_run1,8802000,1779274487.294570
approach2_run1,8803000,1779274487.379321
approach2_run1,8804000,1779274487.455032
approach2_run1,8805000,1779274487.464806
approach2_run1,8806000,1779274487.550319
approach2_run1,8807000,1779274487.635794
approach2_run1,8808000,1779274487.684998
approach2_run1,8809000,1779274487.761811
approach2_run1,8810000,1779274487.806086
approach2_run1,8811000,1779274487.890951
approach2_run1,8812000,1779274487.972018
approach2_run1,8813000,1779274488.021732
approach2_run1,8814000,1779274488.103350
approach2_run1,8815000,1779274488.147803
approach2_run1,8816000,1779274488.231999
approach2_run1,8817000,1779274488.281153
approach2_run1,8818000,1779274488.364771
approach2_run1,8819000,1779274488.403262
approach2_run1,8820000,1779274488.488812
approach2_run1,8821000,1779274488.548130
approach2_run1,8822000,1779274488.624570
approach2_run1,8823000,1779274488.659513
approach2_run1,8824000,1779274488.744667
approach2_run1,8825000,1779274488.807846
approach2_run1,8826000,1779274488.884094
approach2_run1,8827000,1779274488.966406
approach2_run1,8828000,1779274489.000991
approach2_run1,8829000,1779274489.067117
approach2_run1,8830000,1779274489.144000
approach2_run1,8831000,1779274489.226252
approach2_run1,8832000,1779274489.257147
approach2_run1,8833000,1779274489.327706
approach2_run1,8834000,1779274489.403845
approach2_run1,8835000,1779274489.487601
approach2_run1,8836000,1779274489.528343
approach2_run1,8837000,1779274489.597771
approach2_run1,8838000,1779274489.663454
approach2_run1,8839000,1779274489.748410
approach2_run1,8840000,1779274489.787862
approach2_run1,8841000,1779274489.854665
approach2_run1,8842000,1779274489.931838
approach2_run1,8843000,1779274490.008895
approach2_run1,8844000,1779274490.047207
approach2_run1,8845000,1779274490.110538
approach2_run1,8846000,1779274490.194634
approach2_run1,8847000,1779274490.268033
approach2_run1,8848000,1779274490.347967
approach2_run1,8849000,1779274490.392502
approach2_run1,8850000,1779274490.449531
approach2_run1,8851000,1779274490.532366
approach2_run1,8852000,1779274490.583272
approach2_run1,8853000,1779274490.652455
approach2_run1,8854000,1779274490.712682
approach2_run1,8855000,1779274490.786874
approach2_run1,8856000,1779274490.866261
approach2_run1,8857000,1779274490.911335
approach2_run1,8858000,1779274490.971697
approach2_run1,8859000,1779274491.049610
approach2_run1,8860000,1779274491.127706
approach2_run1,8861000,1779274491.170476
approach2_run1,8862000,1779274491.231402
approach2_run1,8863000,1779274491.309913
approach2_run1,8864000,1779274491.384687
approach2_run1,8865000,1779274491.434396
approach2_run1,8866000,1779274491.514387
approach2_run1,8867000,1779274491.567770
approach2_run1,8868000,1779274491.644994
approach2_run1,8869000,1779274491.690322
approach2_run1,8870000,1779274491.773607
approach2_run1,8871000,1779274491.826916
approach2_run1,8872000,1779274491.907157
approach2_run1,8873000,1779274491.948772
approach2_run1,8874000,1779274492.032711
approach2_run1,8875000,1779274492.087030
approach2_run1,8876000,1779274492.166313
approach2_run1,8877000,1779274492.208280
approach2_run1,8878000,1779274492.293077
approach2_run1,8879000,1779274492.353842
approach2_run1,8880000,1779274492.425841
approach2_run1,8881000,1779274492.467751
approach2_run1,8882000,1779274492.552362
approach2_run1,8883000,1779274492.613292
approach2_run1,8884000,1779274492.686183
approach2_run1,8885000,1779274492.796873
approach2_run1,8886000,1779274492.835349
approach2_run1,8887000,1779274492.917661
approach2_run1,8888000,1779274493.000843
approach2_run1,8889000,1779274493.052809
approach2_run1,8890000,1779274493.091501
approach2_run1,8891000,1779274493.174902
approach2_run1,8892000,1779274493.257491
approach2_run1,8893000,1779274493.308754
approach2_run1,8894000,1779274493.372098
approach2_run1,8895000,1779274493.430433
approach2_run1,8896000,1779274493.513200
approach2_run1,8897000,1779274493.564392
approach2_run1,8898000,1779274493.627834
approach2_run1,8899000,1779274493.686122
approach2_run1,8900000,1779274493.769069
approach2_run1,8901000,1779274493.820030
approach2_run1,8902000,1779274493.904314
approach2_run1,8903000,1779274493.942435
approach2_run1,8904000,1779274494.025124
approach2_run1,8905000,1779274494.108686
approach2_run1,8906000,1779274494.160499
approach2_run1,8907000,1779274494.198211
approach2_run1,8908000,1779274494.281030
approach2_run1,8909000,1779274494.364899
approach2_run1,8910000,1779274494.415826
approach2_run1,8911000,1779274494.455846
approach2_run1,8912000,1779274494.537710
approach2_run1,8913000,1779274494.620595
approach2_run1,8914000,1779274494.672477
approach2_run1,8915000,1779274494.736485
approach2_run1,8916000,1779274494.793811
approach2_run1,8917000,1779274494.905686
approach2_run1,8918000,1779274494.974671
approach2_run1,8919000,1779274495.026615
approach2_run1,8920000,1779274495.108380
approach2_run1,8921000,1779274495.165219
approach2_run1,8922000,1779274495.234372
approach2_run1,8923000,1779274495.285685
approach2_run1,8924000,1779274495.367951
approach2_run1,8925000,1779274495.424711
approach2_run1,8926000,1779274495.494000
approach2_run1,8927000,1779274495.552588
approach2_run1,8928000,1779274495.627396
approach2_run1,8929000,1779274495.706447
approach2_run1,8930000,1779274495.753446
approach2_run1,8931000,1779274495.817527
approach2_run1,8932000,1779274495.886855
approach2_run1,8933000,1779274495.965696
approach2_run1,8934000,1779274496.012897
approach2_run1,8935000,1779274496.073222
approach2_run1,8936000,1779274496.146407
approach2_run1,8937000,1779274496.202294
approach2_run1,8938000,1779274496.287287
approach2_run1,8939000,1779274496.328670
approach2_run1,8940000,1779274496.407305
approach2_run1,8941000,1779274496.461499
approach2_run1,8942000,1779274496.547338
approach2_run1,8943000,1779274496.610518
approach2_run1,8944000,1779274496.667725
approach2_run1,8945000,1779274496.743590
approach2_run1,8946000,1779274496.809038
approach2_run1,8947000,1779274496.875372
approach2_run1,8948000,1779274496.924917
approach2_run1,8949000,1779274497.003094
approach2_run1,8950000,1779274497.090060
approach2_run1,8951000,1779274497.139431
approach2_run1,8952000,1779274497.184392
approach2_run1,8953000,1779274497.263085
approach2_run1,8954000,1779274497.347092
approach2_run1,8955000,1779274497.396231
approach2_run1,8956000,1779274497.435825
approach2_run1,8957000,1779274497.521997
approach2_run1,8958000,1779274497.603136
approach2_run1,8959000,1779274497.651868
approach2_run1,8960000,1779274497.694721
approach2_run1,8961000,1779274497.786466
approach2_run1,8962000,1779274497.866870
approach2_run1,8963000,1779274497.908613
approach2_run1,8964000,1779274497.956040
approach2_run1,8965000,1779274498.058143
approach2_run1,8966000,1779274498.127913
approach2_run1,8967000,1779274498.172394
approach2_run1,8968000,1779274498.220021
approach2_run1,8969000,1779274498.342392
approach2_run1,8970000,1779274498.388810
approach2_run1,8971000,1779274498.454347
approach2_run1,8972000,1779274498.496683
approach2_run1,8973000,1779274498.562944
approach2_run1,8974000,1779274498.653142
approach2_run1,8975000,1779274498.734973
approach2_run1,8976000,1779274498.775606
approach2_run1,8977000,1779274498.823343
approach2_run1,8978000,1779274498.928674
approach2_run1,8979000,1779274498.995415
approach2_run1,8980000,1779274499.055528
approach2_run1,8981000,1779274499.088109
approach2_run1,8982000,1779274499.208544
approach2_run1,8983000,1779274499.255525
approach2_run1,8984000,1779274499.336932
approach2_run1,8985000,1779274499.361551
approach2_run1,8986000,1779274499.478525
approach2_run1,8987000,1779274499.526451
approach2_run1,8988000,1779274499.592466
approach2_run1,8989000,1779274499.641218
approach2_run1,8990000,1779274499.688860
approach2_run1,8991000,1779274499.782042
approach2_run1,8992000,1779274499.848565
approach2_run1,8993000,1779274499.906714
approach2_run1,8994000,1779274499.963067
approach2_run1,8995000,1779274500.071748
approach2_run1,8996000,1779274500.120811
approach2_run1,8997000,1779274500.188732
approach2_run1,8998000,1779274500.245448
approach2_run1,8999000,1779274500.327748
approach2_run1,9000000,1779274500.377268
approach2_run1,9001000,1779274500.444324
approach2_run1,9002000,1779274500.502609
approach2_run1,9003000,1779274500.585360
approach2_run1,9004000,1779274500.637233
approach2_run1,9005000,1779274500.699830
approach2_run1,9006000,1779274500.758102
approach2_run1,9007000,1779274500.840870
approach2_run1,9008000,1779274500.923516
approach2_run1,9009000,1779274500.972263
approach2_run1,9010000,1779274501.040115
approach2_run1,9011000,1779274501.097261
approach2_run1,9012000,1779274501.179385
approach2_run1,9013000,1779274501.241356
approach2_run1,9014000,1779274501.296358
approach2_run1,9015000,1779274501.353344
approach2_run1,9016000,1779274501.435102
approach2_run1,9017000,1779274501.502827
approach2_run1,9018000,1779274501.566200
approach2_run1,9019000,1779274501.608975
approach2_run1,9020000,1779274501.691107
approach2_run1,9021000,1779274501.758367
approach2_run1,9022000,1779274501.844893
approach2_run1,9023000,1779274501.864670
approach2_run1,9024000,1779274501.947902
approach2_run1,9025000,1779274502.031692
approach2_run1,9026000,1779274502.105509
approach2_run1,9027000,1779274502.120454
approach2_run1,9028000,1779274502.204105
approach2_run1,9029000,1779274502.288096
approach2_run1,9030000,1779274502.365440
approach2_run1,9031000,1779274502.453174
approach2_run1,9032000,1779274502.473619
approach2_run1,9033000,1779274502.559807
approach2_run1,9034000,1779274502.626321
approach2_run1,9035000,1779274502.711589
approach2_run1,9036000,1779274502.733318
approach2_run1,9037000,1779274502.820146
approach2_run1,9038000,1779274502.885934
approach2_run1,9039000,1779274502.970718
approach2_run1,9040000,1779274503.055073
approach2_run1,9041000,1779274503.079391
approach2_run1,9042000,1779274503.165757
approach2_run1,9043000,1779274503.227131
approach2_run1,9044000,1779274503.311598
approach2_run1,9045000,1779274503.339093
approach2_run1,9046000,1779274503.425216
approach2_run1,9047000,1779274503.494103
approach2_run1,9048000,1779274503.567722
approach2_run1,9049000,1779274503.598382
approach2_run1,9050000,1779274503.681221
approach2_run1,9051000,1779274503.752541
approach2_run1,9052000,1779274503.785294
approach2_run1,9053000,1779274503.857416
approach2_run1,9054000,1779274503.937309
approach2_run1,9055000,1779274504.020346
approach2_run1,9056000,1779274504.078781
approach2_run1,9057000,1779274504.116465
approach2_run1,9058000,1779274504.203026
approach2_run1,9059000,1779274504.277857
approach2_run1,9060000,1779274504.335340
approach2_run1,9061000,1779274504.381883
approach2_run1,9062000,1779274504.462149
approach2_run1,9063000,1779274504.548704
approach2_run1,9064000,1779274504.591987
approach2_run1,9065000,1779274504.674681
approach2_run1,9066000,1779274504.721874
approach2_run1,9067000,1779274504.808088
approach2_run1,9068000,1779274504.873406
approach2_run1,9069000,1779274504.932343
approach2_run1,9070000,1779274505.015007
approach2_run1,9071000,1779274505.066525
approach2_run1,9072000,1779274505.133294
approach2_run1,9073000,1779274505.213222
approach2_run1,9074000,1779274505.274289
approach2_run1,9075000,1779274505.326582
approach2_run1,9076000,1779274505.393882
approach2_run1,9077000,1779274505.470635
approach2_run1,9078000,1779274505.531052
approach2_run1,9079000,1779274505.586374
approach2_run1,9080000,1779274505.653797
approach2_run1,9081000,1779274505.727835
approach2_run1,9082000,1779274505.787694
approach2_run1,9083000,1779274505.871337
approach2_run1,9084000,1779274505.913893
approach2_run1,9085000,1779274506.003473
approach2_run1,9086000,1779274506.066009
approach2_run1,9087000,1779274506.128517
approach2_run1,9088000,1779274506.174549
approach2_run1,9089000,1779274506.255806
approach2_run1,9090000,1779274506.323837
approach2_run1,9091000,1779274506.385056
approach2_run1,9092000,1779274506.467958
approach2_run1,9093000,1779274506.517619
approach2_run1,9094000,1779274506.605335
approach2_run1,9095000,1779274506.662247
approach2_run1,9096000,1779274506.724632
approach2_run1,9097000,1779274506.778622
approach2_run1,9098000,1779274506.864949
approach2_run1,9099000,1779274506.920128
approach2_run1,9100000,1779274506.981121
approach2_run1,9101000,1779274507.060488
approach2_run1,9102000,1779274507.118440
approach2_run1,9103000,1779274507.194733
approach2_run1,9104000,1779274507.258512
approach2_run1,9105000,1779274507.322145
approach2_run1,9106000,1779274507.377936
approach2_run1,9107000,1779274507.466155
approach2_run1,9108000,1779274507.510384
approach2_run1,9109000,1779274507.578909
approach2_run1,9110000,1779274507.660092
approach2_run1,9111000,1779274507.725166
approach2_run1,9112000,1779274507.787001
approach2_run1,9113000,1779274507.855212
approach2_run1,9114000,1779274507.917502
approach2_run1,9115000,1779274507.985906
approach2_run1,9116000,1779274508.047841
approach2_run1,9117000,1779274508.112309
approach2_run1,9118000,1779274508.175238
approach2_run1,9119000,1779274508.247278
approach2_run1,9120000,1779274508.307268
approach2_run1,9121000,1779274508.387631
approach2_run1,9122000,1779274508.442641
approach2_run1,9123000,1779274508.511656
approach2_run1,9124000,1779274508.593192
approach2_run1,9125000,1779274508.632669
approach2_run1,9126000,1779274508.707570
approach2_run1,9127000,1779274508.769083
approach2_run1,9128000,1779274508.852558
approach2_run1,9129000,1779274508.932786
approach2_run1,9130000,1779274508.967135
approach2_run1,9131000,1779274509.048765
approach2_run1,9132000,1779274509.109994
approach2_run1,9133000,1779274509.192432
approach2_run1,9134000,1779274509.226912
approach2_run1,9135000,1779274509.307966
approach2_run1,9136000,1779274509.373503
approach2_run1,9137000,1779274509.453799
approach2_run1,9138000,1779274509.486405
approach2_run1,9139000,1779274509.563824
approach2_run1,9140000,1779274509.634956
approach2_run1,9141000,1779274509.713764
approach2_run1,9142000,1779274509.777779
approach2_run1,9143000,1779274509.819763
approach2_run1,9144000,1779274509.894205
approach2_run1,9145000,1779274509.970047
approach2_run1,9146000,1779274510.037915
approach2_run1,9147000,1779274510.077033
approach2_run1,9148000,1779274510.176197
approach2_run1,9149000,1779274510.226103
approach2_run1,9150000,1779274510.323713
approach2_run1,9151000,1779274510.380236
approach2_run1,9152000,1779274510.433043
approach2_run1,9153000,1779274510.500990
approach2_run1,9154000,1779274510.583825
approach2_run1,9155000,1779274510.640079
approach2_run1,9156000,1779274510.688859
approach2_run1,9157000,1779274510.760341
approach2_run1,9158000,1779274510.841630
approach2_run1,9159000,1779274510.903518
approach2_run1,9160000,1779274510.959986
approach2_run1,9161000,1779274511.029423
approach2_run1,9162000,1779274511.097880
approach2_run1,9163000,1779274511.182259
approach2_run1,9164000,1779274511.219127
approach2_run1,9165000,1779274511.285397
approach2_run1,9166000,1779274511.361933
approach2_run1,9167000,1779274511.438027
approach2_run1,9168000,1779274511.479258
approach2_run1,9169000,1779274511.541224
approach2_run1,9170000,1779274511.622719
approach2_run1,9171000,1779274511.694291
approach2_run1,9172000,1779274511.771935
approach2_run1,9173000,1779274511.798846
approach2_run1,9174000,1779274511.881637
approach2_run1,9175000,1779274511.959574
approach2_run1,9176000,1779274512.034894
approach2_run1,9177000,1779274512.058633
approach2_run1,9178000,1779274512.137923
approach2_run1,9179000,1779274512.219045
approach2_run1,9180000,1779274512.290655
approach2_run1,9181000,1779274512.318074
approach2_run1,9182000,1779274512.403095
approach2_run1,9183000,1779274512.478398
approach2_run1,9184000,1779274512.546141
approach2_run1,9185000,1779274512.605361
approach2_run1,9186000,1779274512.686397
approach2_run1,9187000,1779274512.749454
approach2_run1,9188000,1779274512.801928
approach2_run1,9189000,1779274512.887020
approach2_run1,9190000,1779274512.972212
approach2_run1,9191000,1779274513.057216
approach2_run1,9192000,1779274513.142253
approach2_run1,9193000,1779274513.211935
approach2_run1,9194000,1779274513.298568
approach2_run1,9195000,1779274513.382972
approach2_run1,9196000,1779274513.452953
approach2_run1,9197000,1779274513.538023
approach2_run1,9198000,1779274513.630959
approach2_run1,9199000,1779274513.716052
approach2_run1,9200000,1779274513.801665
approach2_run1,9201000,1779274513.878565
approach2_run1,9202000,1779274513.954763
approach2_run1,9203000,1779274514.016687
approach2_run1,9204000,1779274514.096380
approach2_run1,9205000,1779274514.180452
approach2_run1,9206000,1779274514.266131
approach2_run1,9207000,1779274514.350469
approach2_run1,9208000,1779274514.427808
approach2_run1,9209000,1779274514.505971
approach2_run1,9210000,1779274514.600885
approach2_run1,9211000,1779274514.675757
approach2_run1,9212000,1779274514.761698
approach2_run1,9213000,1779274514.846140
approach2_run1,9214000,1779274514.921154
approach2_run1,9215000,1779274515.016148
approach2_run1,9216000,1779274515.083769
approach2_run1,9217000,1779274515.164638
approach2_run1,9218000,1779274515.257500
approach2_run1,9219000,1779274515.296255
approach2_run1,9220000,1779274515.406598
approach2_run1,9221000,1779274515.469329
approach2_run1,9222000,1779274515.545207
approach2_run1,9223000,1779274515.642873
approach2_run1,9224000,1779274515.715530
approach2_run1,9225000,1779274515.799427
approach2_run1,9226000,1779274515.884990
approach2_run1,9227000,1779274515.968747
approach2_run1,9228000,1779274516.053732
approach2_run1,9229000,1779274516.139162
approach2_run1,9230000,1779274516.224030
approach2_run1,9231000,1779274516.300702
approach2_run1,9232000,1779274516.379689
approach2_run1,9233000,1779274516.464843
approach2_run1,9234000,1779274516.549765
approach2_run1,9235000,1779274516.622311
approach2_run1,9236000,1779274516.684583
approach2_run1,9237000,1779274516.770676
approach2_run1,9238000,1779274516.831299
approach2_run1,9239000,1779274516.917933
approach2_run1,9240000,1779274516.995489
approach2_run1,9241000,1779274517.080490
approach2_run1,9242000,1779274517.165473
approach2_run1,9243000,1779274517.250288
approach2_run1,9244000,1779274517.335291
approach2_run1,9245000,1779274517.420253
approach2_run1,9246000,1779274517.503938
approach2_run1,9247000,1779274517.589132
approach2_run1,9248000,1779274517.671669
approach2_run1,9249000,1779274517.756973
approach2_run1,9250000,1779274517.838107
approach2_run1,9251000,1779274517.924903
approach2_run1,9252000,1779274517.997768
approach2_run1,9253000,1779274518.082865
approach2_run1,9254000,1779274518.186212
approach2_run1,9255000,1779274518.338834
approach2_run1,9256000,1779274518.442043
approach2_run1,9257000,1779274518.594618
approach2_run1,9258000,1779274518.741327
approach2_run1,9259000,1779274518.866678
approach2_run1,9260000,1779274518.997487
approach2_run1,9261000,1779274519.122401
approach2_run1,9262000,1779274519.275231
approach2_run1,9263000,1779274519.378327
approach2_run1,9264000,1779274519.531322
approach2_run1,9265000,1779274519.634112
approach2_run1,9266000,1779274519.802237
approach2_run1,9267000,1779274519.890464
approach2_run1,9268000,1779274520.058016
approach2_run1,9269000,1779274520.190463
approach2_run1,9270000,1779274520.316218
approach2_run1,9271000,1779274520.468457
approach2_run1,9272000,1779274520.572033
approach2_run1,9273000,1779274520.723997
approach2_run1,9274000,1779274520.870316
approach2_run1,9275000,1779274520.980152
approach2_run1,9276000,1779274521.126261
approach2_run1,9277000,1779274521.250082
approach2_run1,9278000,1779274521.382577
approach2_run1,9279000,1779274521.517509
approach2_run1,9280000,1779274521.661098
approach2_run1,9281000,1779274521.809715
approach2_run1,9282000,1779274521.917180
approach2_run1,9283000,1779274522.065203
approach2_run1,9284000,1779274522.173301
approach2_run1,9285000,1779274522.321984
approach2_run1,9286000,1779274522.442618
approach2_run1,9287000,1779274522.613840
approach2_run1,9288000,1779274522.835146
approach2_run1,9289000,1779274523.027620
approach2_run1,9290000,1779274523.263218
approach2_run1,9291000,1779274523.455281
approach2_run1,9292000,1779274523.643405
approach2_run1,9293000,1779274523.862664
approach2_run1,9294000,1779274524.067881
approach2_run1,9295000,1779274524.290455
approach2_run1,9296000,1779274524.495447
approach2_run1,9297000,1779274524.717776
approach2_run1,9298000,1779274524.909098
approach2_run1,9299000,1779274525.096984
approach2_run1,9300000,1779274525.317527
approach2_run1,9301000,1779274525.524832
approach2_run1,9302000,1779274525.745699
approach2_run1,9303000,1779274525.950097
approach2_run1,9304000,1779274526.173755
approach2_run1,9305000,1779274526.372133
approach2_run1,9306000,1779274526.602007
approach2_run1,9307000,1779274526.800419
approach2_run1,9308000,1779274526.979713
approach2_run1,9309000,1779274527.202700
approach2_run1,9310000,1779274527.405095
approach2_run1,9311000,1779274527.630759
approach2_run1,9312000,1779274527.832725
approach2_run1,9313000,1779274528.058818
approach2_run1,9314000,1779274528.255918
approach2_run1,9315000,1779274528.434915
approach2_run1,9316000,1779274528.684394
approach2_run1,9317000,1779274528.862603
