run_id,record_index,wall_clock_s
approach2_run2,1000,1779274649.810746
approach2_run2,2000,1779274649.895476
approach2_run2,3000,1779274649.976169
approach2_run2,4000,1779274650.061723
approach2_run2,5000,1779274650.069338
approach2_run2,6000,1779274650.153747
approach2_run2,7000,1779274650.235199
approach2_run2,8000,1779274650.321349
approach2_run2,9000,1779274650.326456
approach2_run2,10000,1779274650.486914
approach2_run2,11000,1779274650.497602
approach2_run2,12000,1779274650.582869
approach2_run2,13000,1779274650.660787
approach2_run2,14000,1779274650.746212
approach2_run2,15000,1779274650.755966
approach2_run2,16000,1779274650.842069
approach2_run2,17000,1779274650.923960
approach2_run2,18000,1779274651.009725
approach2_run2,19000,1779274651.013521
approach2_run2,20000,1779274651.099526
approach2_run2,21000,1779274651.183510
approach2_run2,22000,1779274651.269544
approach2_run2,23000,1779274651.355295
approach2_run2,24000,1779274651.356981
approach2_run2,25000,1779274651.443316
approach2_run2,26000,1779274651.529424
approach2_run2,27000,1779274651.614698
approach2_run2,28000,1779274651.616302
approach2_run2,29000,1779274651.702140
approach2_run2,30000,1779274651.787077
approach2_run2,31000,1779274651.872886
approach2_run2,32000,1779274651.874514
approach2_run2,33000,1779274651.960029
approach2_run2,34000,1779274652.045058
approach2_run2,35000,1779274652.130816
approach2_run2,36000,1779274652.171481
approach2_run2,37000,1779274652.288383
approach2_run2,38000,1779274652.303260
approach2_run2,39000,1779274652.388694
approach2_run2,40000,1779274652.471769
approach2_run2,41000,1779274652.558141
approach2_run2,42000,1779274652.561770
approach2_run2,43000,1779274652.646487
approach2_run2,44000,1779274652.731228
approach2_run2,45000,1779274652.816967
approach2_run2,46000,1779274652.902983
approach2_run2,47000,1779274652.904631
approach2_run2,48000,1779274652.990505
approach2_run2,49000,1779274653.076407
approach2_run2,50000,1779274653.161578
approach2_run2,51000,1779274653.163208
approach2_run2,52000,1779274653.248854
approach2_run2,53000,1779274653.333718
approach2_run2,54000,1779274653.419584
approach2_run2,55000,1779274653.421257
approach2_run2,56000,1779274653.507329
approach2_run2,57000,1779274653.592481
approach2_run2,58000,1779274653.677719
approach2_run2,59000,1779274653.715724
approach2_run2,60000,1779274653.801411
approach2_run2,61000,1779274653.850066
approach2_run2,62000,1779274653.935426
approach2_run2,63000,1779274654.015066
approach2_run2,64000,1779274654.100786
approach2_run2,65000,1779274654.146152
approach2_run2,66000,1779274654.231608
approach2_run2,67000,1779274654.274165
approach2_run2,68000,1779274654.360342
approach2_run2,69000,1779274654.446002
approach2_run2,70000,1779274654.489655
approach2_run2,71000,1779274654.535440
approach2_run2,72000,1779274654.621057
approach2_run2,73000,1779274654.707477
approach2_run2,74000,1779274654.747893
approach2_run2,75000,1779274654.833739
approach2_run2,76000,1779274654.880599
approach2_run2,77000,1779274654.966530
approach2_run2,78000,1779274655.005077
approach2_run2,79000,1779274655.090232
approach2_run2,80000,1779274655.174070
approach2_run2,81000,1779274655.224048
approach2_run2,82000,1779274655.291079
approach2_run2,83000,1779274655.376776
approach2_run2,84000,1779274655.434463
approach2_run2,85000,1779274655.520032
approach2_run2,86000,1779274655.558346
approach2_run2,87000,1779274655.645520
approach2_run2,88000,1779274655.692100
approach2_run2,89000,1779274655.777432
approach2_run2,90000,1779274655.862699
approach2_run2,91000,1779274655.904420
approach2_run2,92000,1779274655.990819
approach2_run2,93000,1779274656.035417
approach2_run2,94000,1779274656.120687
approach2_run2,95000,1779274656.164546
approach2_run2,96000,1779274656.250596
approach2_run2,97000,1779274656.292825
approach2_run2,98000,1779274656.377983
approach2_run2,99000,1779274656.425130
approach2_run2,100000,1779274656.511189
approach2_run2,101000,1779274656.550119
approach2_run2,102000,1779274656.599480
approach2_run2,103000,1779274656.717373
approach2_run2,104000,1779274656.771117
approach2_run2,105000,1779274656.835054
approach2_run2,106000,1779274656.921398
approach2_run2,107000,1779274656.943367
approach2_run2,108000,1779274657.028728
approach2_run2,109000,1779274657.102034
approach2_run2,110000,1779274657.188018
approach2_run2,111000,1779274657.200912
approach2_run2,112000,1779274657.286266
approach2_run2,113000,1779274657.371737
approach2_run2,114000,1779274657.447566
approach2_run2,115000,1779274657.533719
approach2_run2,116000,1779274657.544029
approach2_run2,117000,1779274657.665680
approach2_run2,118000,1779274657.708177
approach2_run2,119000,1779274657.794442
approach2_run2,120000,1779274657.837900
approach2_run2,121000,1779274657.923775
approach2_run2,122000,1779274657.968190
approach2_run2,123000,1779274658.055105
approach2_run2,124000,1779274658.096285
approach2_run2,125000,1779274658.145091
approach2_run2,126000,1779274658.228982
approach2_run2,127000,1779274658.314805
approach2_run2,128000,1779274658.353858
approach2_run2,129000,1779274658.439090
approach2_run2,130000,1779274658.521301
approach2_run2,131000,1779274658.611097
approach2_run2,132000,1779274658.637009
approach2_run2,133000,1779274658.723041
approach2_run2,134000,1779274658.782871
approach2_run2,135000,1779274658.868447
approach2_run2,136000,1779274658.954068
approach2_run2,137000,1779274658.989240
approach2_run2,138000,1779274659.075713
approach2_run2,139000,1779274659.126495
approach2_run2,140000,1779274659.211866
approach2_run2,141000,1779274659.251678
approach2_run2,142000,1779274659.337517
approach2_run2,143000,1779274659.384356
approach2_run2,144000,1779274659.469655
approach2_run2,145000,1779274659.511390
approach2_run2,146000,1779274659.597602
approach2_run2,147000,1779274659.642068
approach2_run2,148000,1779274659.692939
approach2_run2,149000,1779274659.770981
approach2_run2,150000,1779274659.857033
approach2_run2,151000,1779274659.899897
approach2_run2,152000,1779274659.987855
approach2_run2,153000,1779274660.064873
approach2_run2,154000,1779274660.151282
approach2_run2,155000,1779274660.157060
approach2_run2,156000,1779274660.242512
approach2_run2,157000,1779274660.327765
approach2_run2,158000,1779274660.416597
approach2_run2,159000,1779274660.501899
approach2_run2,160000,1779274660.525983
approach2_run2,161000,1779274660.623477
approach2_run2,162000,1779274660.699421
approach2_run2,163000,1779274660.789309
approach2_run2,164000,1779274660.796293
approach2_run2,165000,1779274660.881084
approach2_run2,166000,1779274660.966760
approach2_run2,167000,1779274661.017062
approach2_run2,168000,1779274661.053067
approach2_run2,169000,1779274661.139783
approach2_run2,170000,1779274661.189256
approach2_run2,171000,1779274661.274537
approach2_run2,172000,1779274661.312868
approach2_run2,173000,1779274661.399001
approach2_run2,174000,1779274661.446747
approach2_run2,175000,1779274661.568015
approach2_run2,176000,1779274661.572806
approach2_run2,177000,1779274661.658606
approach2_run2,178000,1779274661.704034
approach2_run2,179000,1779274661.789315
approach2_run2,180000,1779274661.874708
approach2_run2,181000,1779274661.961330
approach2_run2,182000,1779274662.046800
approach2_run2,183000,1779274662.069615
approach2_run2,184000,1779274662.155864
approach2_run2,185000,1779274662.218902
approach2_run2,186000,1779274662.304210
approach2_run2,187000,1779274662.333694
approach2_run2,188000,1779274662.419487
approach2_run2,189000,1779274662.473892
approach2_run2,190000,1779274662.559480
approach2_run2,191000,1779274662.594781
approach2_run2,192000,1779274662.680514
approach2_run2,193000,1779274662.732085
approach2_run2,194000,1779274662.817054
approach2_run2,195000,1779274662.856022
approach2_run2,196000,1779274662.941730
approach2_run2,197000,1779274662.989193
approach2_run2,198000,1779274663.074517
approach2_run2,199000,1779274663.115838
approach2_run2,200000,1779274663.201635
approach2_run2,201000,1779274663.246908
approach2_run2,202000,1779274663.332166
approach2_run2,203000,1779274663.417389
approach2_run2,204000,1779274663.497664
approach2_run2,205000,1779274663.589461
approach2_run2,206000,1779274663.612621
approach2_run2,207000,1779274663.698543
approach2_run2,208000,1779274663.761608
approach2_run2,209000,1779274663.847032
approach2_run2,210000,1779274663.871663
approach2_run2,211000,1779274663.961795
approach2_run2,212000,1779274664.021793
approach2_run2,213000,1779274664.104395
approach2_run2,214000,1779274664.135595
approach2_run2,215000,1779274664.221586
approach2_run2,216000,1779274664.276529
approach2_run2,217000,1779274664.329635
approach2_run2,218000,1779274664.395624
approach2_run2,219000,1779274664.481592
approach2_run2,220000,1779274664.502149
approach2_run2,221000,1779274664.619567
approach2_run2,222000,1779274664.656565
approach2_run2,223000,1779274664.742576
approach2_run2,224000,1779274664.828274
approach2_run2,225000,1779274664.876868
approach2_run2,226000,1779274664.962197
approach2_run2,227000,1779274665.002029
approach2_run2,228000,1779274665.088058
approach2_run2,229000,1779274665.135956
approach2_run2,230000,1779274665.220117
approach2_run2,231000,1779274665.299888
approach2_run2,232000,1779274665.391794
approach2_run2,233000,1779274665.414184
approach2_run2,234000,1779274665.499975
approach2_run2,235000,1779274665.564116
approach2_run2,236000,1779274665.649389
approach2_run2,237000,1779274665.673429
approach2_run2,238000,1779274665.764338
approach2_run2,239000,1779274665.791039
approach2_run2,240000,1779274665.876264
approach2_run2,241000,1779274665.938095
approach2_run2,242000,1779274666.024113
approach2_run2,243000,1779274666.048410
approach2_run2,244000,1779274666.133585
approach2_run2,245000,1779274666.198203
approach2_run2,246000,1779274666.283911
approach2_run2,247000,1779274666.369765
approach2_run2,248000,1779274666.391231
approach2_run2,249000,1779274666.476522
approach2_run2,250000,1779274666.544470
approach2_run2,251000,1779274666.630344
approach2_run2,252000,1779274666.648606
approach2_run2,253000,1779274666.733830
approach2_run2,254000,1779274666.803438
approach2_run2,255000,1779274666.928323
approach2_run2,256000,1779274666.937428
approach2_run2,257000,1779274667.022740
approach2_run2,258000,1779274667.109252
approach2_run2,259000,1779274667.194528
approach2_run2,260000,1779274667.216184
approach2_run2,261000,1779274667.301943
approach2_run2,262000,1779274667.367064
approach2_run2,263000,1779274667.452415
approach2_run2,264000,1779274667.479732
approach2_run2,265000,1779274667.565556
approach2_run2,266000,1779274667.652615
approach2_run2,267000,1779274667.740331
approach2_run2,268000,1779274667.826243
approach2_run2,269000,1779274667.832064
approach2_run2,270000,1779274667.913140
approach2_run2,271000,1779274667.968046
approach2_run2,272000,1779274668.053334
approach2_run2,273000,1779274668.086480
approach2_run2,274000,1779274668.172353
approach2_run2,275000,1779274668.225518
approach2_run2,276000,1779274668.310874
approach2_run2,277000,1779274668.346667
approach2_run2,278000,1779274668.471966
approach2_run2,279000,1779274668.482907
approach2_run2,280000,1779274668.604003
approach2_run2,281000,1779274668.673218
approach2_run2,282000,1779274668.759162
approach2_run2,283000,1779274668.776230
approach2_run2,284000,1779274668.861462
approach2_run2,285000,1779274668.932410
approach2_run2,286000,1779274669.022397
approach2_run2,287000,1779274669.039402
approach2_run2,288000,1779274669.119089
approach2_run2,289000,1779274669.197650
approach2_run2,290000,1779274669.283449
approach2_run2,291000,1779274669.369673
approach2_run2,292000,1779274669.376499
approach2_run2,293000,1779274669.461785
approach2_run2,294000,1779274669.542534
approach2_run2,295000,1779274669.628143
approach2_run2,296000,1779274669.639387
approach2_run2,297000,1779274669.724677
approach2_run2,298000,1779274669.801743
approach2_run2,299000,1779274669.888243
approach2_run2,300000,1779274669.891161
approach2_run2,301000,1779274670.015611
approach2_run2,302000,1779274670.062866
approach2_run2,303000,1779274670.148022
approach2_run2,304000,1779274670.216920
approach2_run2,305000,1779274670.302812
approach2_run2,306000,1779274670.320203
approach2_run2,307000,1779274670.405407
approach2_run2,308000,1779274670.475863
approach2_run2,309000,1779274670.561574
approach2_run2,310000,1779274670.577608
approach2_run2,311000,1779274670.662801
approach2_run2,312000,1779274670.713444
approach2_run2,313000,1779274670.825688
approach2_run2,314000,1779274670.884010
approach2_run2,315000,1779274670.912645
approach2_run2,316000,1779274670.998829
approach2_run2,317000,1779274671.086150
approach2_run2,318000,1779274671.172078
approach2_run2,319000,1779274671.177882
approach2_run2,320000,1779274671.263272
approach2_run2,321000,1779274671.345033
approach2_run2,322000,1779274671.435336
approach2_run2,323000,1779274671.472401
approach2_run2,324000,1779274671.558432
approach2_run2,325000,1779274671.607455
approach2_run2,326000,1779274671.692724
approach2_run2,327000,1779274671.759748
approach2_run2,328000,1779274671.828183
approach2_run2,329000,1779274671.846400
approach2_run2,330000,1779274671.932212
approach2_run2,331000,1779274672.000655
approach2_run2,332000,1779274672.104945
approach2_run2,333000,1779274672.122840
approach2_run2,334000,1779274672.208159
approach2_run2,335000,1779274672.281627
approach2_run2,336000,1779274672.368719
approach2_run2,337000,1779274672.454700
approach2_run2,338000,1779274672.466100
approach2_run2,339000,1779274672.551619
approach2_run2,340000,1779274672.630100
approach2_run2,341000,1779274672.716070
approach2_run2,342000,1779274672.723740
approach2_run2,343000,1779274672.809049
approach2_run2,344000,1779274672.895620
approach2_run2,345000,1779274672.981128
approach2_run2,346000,1779274673.016577
approach2_run2,347000,1779274673.102536
approach2_run2,348000,1779274673.115703
approach2_run2,349000,1779274673.201195
approach2_run2,350000,1779274673.276059
approach2_run2,351000,1779274673.361963
approach2_run2,352000,1779274673.373308
approach2_run2,353000,1779274673.475401
approach2_run2,354000,1779274673.544898
approach2_run2,355000,1779274673.630147
approach2_run2,356000,1779274673.648287
approach2_run2,357000,1779274673.734553
approach2_run2,358000,1779274673.802244
approach2_run2,359000,1779274673.887650
approach2_run2,360000,1779274673.973067
approach2_run2,361000,1779274673.997691
approach2_run2,362000,1779274674.096209
approach2_run2,363000,1779274674.145184
approach2_run2,364000,1779274674.230517
approach2_run2,365000,1779274674.259141
approach2_run2,366000,1779274674.345757
approach2_run2,367000,1779274674.374474
approach2_run2,368000,1779274674.488058
approach2_run2,369000,1779274674.518949
approach2_run2,370000,1779274674.611037
approach2_run2,371000,1779274674.697404
approach2_run2,372000,1779274674.745370
approach2_run2,373000,1779274674.818661
approach2_run2,374000,1779274674.904753
approach2_run2,375000,1779274674.954894
approach2_run2,376000,1779274675.002795
approach2_run2,377000,1779274675.078003
approach2_run2,378000,1779274675.191177
approach2_run2,379000,1779274675.212509
approach2_run2,380000,1779274675.297950
approach2_run2,381000,1779274675.383383
approach2_run2,382000,1779274675.450299
approach2_run2,383000,1779274675.536022
approach2_run2,384000,1779274675.555621
approach2_run2,385000,1779274675.643586
approach2_run2,386000,1779274675.711254
approach2_run2,387000,1779274675.801446
approach2_run2,388000,1779274675.812903
approach2_run2,389000,1779274675.901795
approach2_run2,390000,1779274675.976198
approach2_run2,391000,1779274676.061951
approach2_run2,392000,1779274676.070180
approach2_run2,393000,1779274676.188891
approach2_run2,394000,1779274676.204418
approach2_run2,395000,1779274676.289806
approach2_run2,396000,1779274676.362786
approach2_run2,397000,1779274676.448459
approach2_run2,398000,1779274676.461881
approach2_run2,399000,1779274676.547148
approach2_run2,400000,1779274676.633431
approach2_run2,401000,1779274676.718735
approach2_run2,402000,1779274676.736031
approach2_run2,403000,1779274676.822801
approach2_run2,404000,1779274676.908494
approach2_run2,405000,1779274676.976565
approach2_run2,406000,1779274677.061878
approach2_run2,407000,1779274677.081658
approach2_run2,408000,1779274677.167391
approach2_run2,409000,1779274677.254248
approach2_run2,410000,1779274677.344324
approach2_run2,411000,1779274677.356790
approach2_run2,412000,1779274677.442128
approach2_run2,413000,1779274677.519224
approach2_run2,414000,1779274677.605068
approach2_run2,415000,1779274677.614143
approach2_run2,416000,1779274677.732274
approach2_run2,417000,1779274677.786129
approach2_run2,418000,1779274677.871714
approach2_run2,419000,1779274677.906413
approach2_run2,420000,1779274677.991816
approach2_run2,421000,1779274678.044328
approach2_run2,422000,1779274678.128997
approach2_run2,423000,1779274678.193258
approach2_run2,424000,1779274678.264216
approach2_run2,425000,1779274678.279378
approach2_run2,426000,1779274678.365489
approach2_run2,427000,1779274678.451105
approach2_run2,428000,1779274678.521777
approach2_run2,429000,1779274678.607019
approach2_run2,430000,1779274678.624456
approach2_run2,431000,1779274678.710374
approach2_run2,432000,1779274678.779112
approach2_run2,433000,1779274678.864474
approach2_run2,434000,1779274678.888428
approach2_run2,435000,1779274678.975615
approach2_run2,436000,1779274679.011403
approach2_run2,437000,1779274679.103793
approach2_run2,438000,1779274679.183113
approach2_run2,439000,1779274679.276527
approach2_run2,440000,1779274679.293980
approach2_run2,441000,1779274679.379380
approach2_run2,442000,1779274679.450143
approach2_run2,443000,1779274679.550885
approach2_run2,444000,1779274679.565467
approach2_run2,445000,1779274679.651434
approach2_run2,446000,1779274679.698234
approach2_run2,447000,1779274679.784106
approach2_run2,448000,1779274679.893676
approach2_run2,449000,1779274679.910853
approach2_run2,450000,1779274679.996529
approach2_run2,451000,1779274680.065858
approach2_run2,452000,1779274680.151040
approach2_run2,453000,1779274680.173333
approach2_run2,454000,1779274680.259156
approach2_run2,455000,1779274680.345845
approach2_run2,456000,1779274680.408677
approach2_run2,457000,1779274680.432625
approach2_run2,458000,1779274680.518458
approach2_run2,459000,1779274680.580808
approach2_run2,460000,1779274680.666159
approach2_run2,461000,1779274680.691688
approach2_run2,462000,1779274680.820843
approach2_run2,463000,1779274680.838284
approach2_run2,464000,1779274680.959554
approach2_run2,465000,1779274681.023065
approach2_run2,466000,1779274681.108999
approach2_run2,467000,1779274681.131685
approach2_run2,468000,1779274681.216881
approach2_run2,469000,1779274681.282806
approach2_run2,470000,1779274681.368618
approach2_run2,471000,1779274681.454405
approach2_run2,472000,1779274681.474353
approach2_run2,473000,1779274681.559549
approach2_run2,474000,1779274681.627403
approach2_run2,475000,1779274681.713037
approach2_run2,476000,1779274681.732382
approach2_run2,477000,1779274681.817643
approach2_run2,478000,1779274681.888344
approach2_run2,479000,1779274681.974825
approach2_run2,480000,1779274681.989433
approach2_run2,481000,1779274682.074851
approach2_run2,482000,1779274682.147905
approach2_run2,483000,1779274682.233768
approach2_run2,484000,1779274682.246813
approach2_run2,485000,1779274682.332164
approach2_run2,486000,1779274682.406674
approach2_run2,487000,1779274682.503870
approach2_run2,488000,1779274682.534011
approach2_run2,489000,1779274682.619784
approach2_run2,490000,1779274682.675915
approach2_run2,491000,1779274682.761124
approach2_run2,492000,1779274682.824158
approach2_run2,493000,1779274682.911084
approach2_run2,494000,1779274682.997002
approach2_run2,495000,1779274683.018622
approach2_run2,496000,1779274683.105042
approach2_run2,497000,1779274683.170009
approach2_run2,498000,1779274683.255998
approach2_run2,499000,1779274683.277151
approach2_run2,500000,1779274683.362481
approach2_run2,501000,1779274683.430145
approach2_run2,502000,1779274683.516268
approach2_run2,503000,1779274683.534550
approach2_run2,504000,1779274683.619890
approach2_run2,505000,1779274683.689443
approach2_run2,506000,1779274683.775437
approach2_run2,507000,1779274683.792540
approach2_run2,508000,1779274683.877831
approach2_run2,509000,1779274683.949724
approach2_run2,510000,1779274684.049609
approach2_run2,511000,1779274684.077173
approach2_run2,512000,1779274684.163916
approach2_run2,513000,1779274684.184322
approach2_run2,514000,1779274684.269914
approach2_run2,515000,1779274684.337229
approach2_run2,516000,1779274684.454226
approach2_run2,517000,1779274684.540100
approach2_run2,518000,1779274684.564520
approach2_run2,519000,1779274684.626379
approach2_run2,520000,1779274684.713368
approach2_run2,521000,1779274684.799067
approach2_run2,522000,1779274684.822506
approach2_run2,523000,1779274684.907576
approach2_run2,524000,1779274684.972225
approach2_run2,525000,1779274685.058641
approach2_run2,526000,1779274685.079944
approach2_run2,527000,1779274685.165294
approach2_run2,528000,1779274685.232299
approach2_run2,529000,1779274685.298893
approach2_run2,530000,1779274685.318697
approach2_run2,531000,1779274685.422707
approach2_run2,532000,1779274685.492555
approach2_run2,533000,1779274685.578686
approach2_run2,534000,1779274685.594944
approach2_run2,535000,1779274685.706333
approach2_run2,536000,1779274685.769421
approach2_run2,537000,1779274685.851627
approach2_run2,538000,1779274685.880360
approach2_run2,539000,1779274685.966229
approach2_run2,540000,1779274686.071135
approach2_run2,541000,1779274686.083251
approach2_run2,542000,1779274686.169399
approach2_run2,543000,1779274686.256353
approach2_run2,544000,1779274686.328539
approach2_run2,545000,1779274686.342640
approach2_run2,546000,1779274686.428529
approach2_run2,547000,1779274686.515719
approach2_run2,548000,1779274686.602222
approach2_run2,549000,1779274686.624841
approach2_run2,550000,1779274686.688781
approach2_run2,551000,1779274686.758400
approach2_run2,552000,1779274686.843767
approach2_run2,553000,1779274686.862141
approach2_run2,554000,1779274686.948216
approach2_run2,555000,1779274687.015791
approach2_run2,556000,1779274687.101636
approach2_run2,557000,1779274687.122771
approach2_run2,558000,1779274687.208614
approach2_run2,559000,1779274687.273792
approach2_run2,560000,1779274687.359098
approach2_run2,561000,1779274687.483290
approach2_run2,562000,1779274687.515070
approach2_run2,563000,1779274687.600828
approach2_run2,564000,1779274687.655590
approach2_run2,565000,1779274687.740985
approach2_run2,566000,1779274687.800228
approach2_run2,567000,1779274687.885982
approach2_run2,568000,1779274687.913521
approach2_run2,569000,1779274688.000042
approach2_run2,570000,1779274688.061096
approach2_run2,571000,1779274688.146868
approach2_run2,572000,1779274688.172444
approach2_run2,573000,1779274688.268836
approach2_run2,574000,1779274688.320164
approach2_run2,575000,1779274688.406153
approach2_run2,576000,1779274688.440873
approach2_run2,577000,1779274688.526133
approach2_run2,578000,1779274688.579753
approach2_run2,579000,1779274688.666119
approach2_run2,580000,1779274688.687199
approach2_run2,581000,1779274688.772730
approach2_run2,582000,1779274688.839933
approach2_run2,583000,1779274688.943156
approach2_run2,584000,1779274689.028495
approach2_run2,585000,1779274689.058235
approach2_run2,586000,1779274689.143887
approach2_run2,587000,1779274689.200700
approach2_run2,588000,1779274689.286178
approach2_run2,589000,1779274689.342692
approach2_run2,590000,1779274689.428757
approach2_run2,591000,1779274689.459740
approach2_run2,592000,1779274689.543512
approach2_run2,593000,1779274689.602622
approach2_run2,594000,1779274689.688110
approach2_run2,595000,1779274689.715688
approach2_run2,596000,1779274689.800810
approach2_run2,597000,1779274689.861223
approach2_run2,598000,1779274689.948524
approach2_run2,599000,1779274689.973023
approach2_run2,600000,1779274690.058326
approach2_run2,601000,1779274690.121766
approach2_run2,602000,1779274690.207811
approach2_run2,603000,1779274690.230502
approach2_run2,604000,1779274690.316109
approach2_run2,605000,1779274690.382384
approach2_run2,606000,1779274690.468177
approach2_run2,607000,1779274690.573433
approach2_run2,608000,1779274690.595143
approach2_run2,609000,1779274690.681467
approach2_run2,610000,1779274690.745600
approach2_run2,611000,1779274690.830874
approach2_run2,612000,1779274690.858178
approach2_run2,613000,1779274690.944005
approach2_run2,614000,1779274691.003005
approach2_run2,615000,1779274691.056580
approach2_run2,616000,1779274691.137602
approach2_run2,617000,1779274691.222904
approach2_run2,618000,1779274691.230778
approach2_run2,619000,1779274691.345694
approach2_run2,620000,1779274691.404379
approach2_run2,621000,1779274691.490400
approach2_run2,622000,1779274691.529351
approach2_run2,623000,1779274691.603057
approach2_run2,624000,1779274691.665134
approach2_run2,625000,1779274691.751131
approach2_run2,626000,1779274691.775592
approach2_run2,627000,1779274691.860718
approach2_run2,628000,1779274691.946567
approach2_run2,629000,1779274692.011467
approach2_run2,630000,1779274692.118239
approach2_run2,631000,1779274692.139061
approach2_run2,632000,1779274692.229011
approach2_run2,633000,1779274692.301673
approach2_run2,634000,1779274692.386990
approach2_run2,635000,1779274692.402136
approach2_run2,636000,1779274692.487781
approach2_run2,637000,1779274692.565209
approach2_run2,638000,1779274692.650484
approach2_run2,639000,1779274692.685871
approach2_run2,640000,1779274692.773010
approach2_run2,641000,1779274692.822478
approach2_run2,642000,1779274692.907604
approach2_run2,643000,1779274692.946156
approach2_run2,644000,1779274693.031911
approach2_run2,645000,1779274693.079808
approach2_run2,646000,1779274693.165210
approach2_run2,647000,1779274693.208123
approach2_run2,648000,1779274693.294069
approach2_run2,649000,1779274693.331177
approach2_run2,650000,1779274693.416420
approach2_run2,651000,1779274693.501670
approach2_run2,652000,1779274693.555311
approach2_run2,653000,1779274693.640923
approach2_run2,654000,1779274693.662821
approach2_run2,655000,1779274693.767254
approach2_run2,656000,1779274693.834633
approach2_run2,657000,1779274693.931176
approach2_run2,658000,1779274693.971547
approach2_run2,659000,1779274694.058268
approach2_run2,660000,1779274694.092367
approach2_run2,661000,1779274694.188967
approach2_run2,662000,1779274694.231096
approach2_run2,663000,1779274694.316849
approach2_run2,664000,1779274694.361113
approach2_run2,665000,1779274694.446425
approach2_run2,666000,1779274694.493090
approach2_run2,667000,1779274694.578994
approach2_run2,668000,1779274694.624039
approach2_run2,669000,1779274694.704013
approach2_run2,670000,1779274694.753727
approach2_run2,671000,1779274694.839469
approach2_run2,672000,1779274694.925115
approach2_run2,673000,1779274694.961403
approach2_run2,674000,1779274695.046657
approach2_run2,675000,1779274695.098284
approach2_run2,676000,1779274695.184157
approach2_run2,677000,1779274695.218837
approach2_run2,678000,1779274695.310497
approach2_run2,679000,1779274695.379171
approach2_run2,680000,1779274695.464497
approach2_run2,681000,1779274695.515170
approach2_run2,682000,1779274695.601068
approach2_run2,683000,1779274695.636631
approach2_run2,684000,1779274695.722122
approach2_run2,685000,1779274695.774599
approach2_run2,686000,1779274695.860427
approach2_run2,687000,1779274695.906225
approach2_run2,688000,1779274695.991441
approach2_run2,689000,1779274696.036259
approach2_run2,690000,1779274696.122120
approach2_run2,691000,1779274696.168491
approach2_run2,692000,1779274696.254037
approach2_run2,693000,1779274696.295344
approach2_run2,694000,1779274696.381440
approach2_run2,695000,1779274696.467190
approach2_run2,696000,1779274696.506665
approach2_run2,697000,1779274696.579609
approach2_run2,698000,1779274696.641352
approach2_run2,699000,1779274696.727443
approach2_run2,700000,1779274696.751828
approach2_run2,701000,1779274696.837076
approach2_run2,702000,1779274696.900694
approach2_run2,703000,1779274696.986512
approach2_run2,704000,1779274697.009220
approach2_run2,705000,1779274697.117000
approach2_run2,706000,1779274697.181079
approach2_run2,707000,1779274697.266279
approach2_run2,708000,1779274697.320145
approach2_run2,709000,1779274697.406532
approach2_run2,710000,1779274697.438688
approach2_run2,711000,1779274697.524014
approach2_run2,712000,1779274697.579720
approach2_run2,713000,1779274697.665680
approach2_run2,714000,1779274697.696668
approach2_run2,715000,1779274697.781769
approach2_run2,716000,1779274697.867250
approach2_run2,717000,1779274697.926683
approach2_run2,718000,1779274698.012336
approach2_run2,719000,1779274698.039461
approach2_run2,720000,1779274698.137239
approach2_run2,721000,1779274698.185819
approach2_run2,722000,1779274698.271817
approach2_run2,723000,1779274698.297268
approach2_run2,724000,1779274698.382653
approach2_run2,725000,1779274698.444958
approach2_run2,726000,1779274698.530942
approach2_run2,727000,1779274698.557768
approach2_run2,728000,1779274698.643151
approach2_run2,729000,1779274698.729604
approach2_run2,730000,1779274698.823959
approach2_run2,731000,1779274698.834675
approach2_run2,732000,1779274698.947872
approach2_run2,733000,1779274698.995962
approach2_run2,734000,1779274699.081259
approach2_run2,735000,1779274699.125954
approach2_run2,736000,1779274699.211965
approach2_run2,737000,1779274699.297680
approach2_run2,738000,1779274699.330879
approach2_run2,739000,1779274699.416176
approach2_run2,740000,1779274699.470777
approach2_run2,741000,1779274699.556634
approach2_run2,742000,1779274699.596471
approach2_run2,743000,1779274699.682244
approach2_run2,744000,1779274699.730335
approach2_run2,745000,1779274699.816330
approach2_run2,746000,1779274699.846226
approach2_run2,747000,1779274699.940213
approach2_run2,748000,1779274699.989836
approach2_run2,749000,1779274700.112247
approach2_run2,750000,1779274700.116889
approach2_run2,751000,1779274700.206349
approach2_run2,752000,1779274700.284370
approach2_run2,753000,1779274700.360782
approach2_run2,754000,1779274700.408181
approach2_run2,755000,1779274700.493989
approach2_run2,756000,1779274700.542104
approach2_run2,757000,1779274700.627679
approach2_run2,758000,1779274700.717173
approach2_run2,759000,1779274700.755189
approach2_run2,760000,1779274700.841833
approach2_run2,761000,1779274700.885021
approach2_run2,762000,1779274700.970241
approach2_run2,763000,1779274701.014754
approach2_run2,764000,1779274701.100477
approach2_run2,765000,1779274701.142551
approach2_run2,766000,1779274701.228059
approach2_run2,767000,1779274701.273857
approach2_run2,768000,1779274701.359691
approach2_run2,769000,1779274701.400306
approach2_run2,770000,1779274701.486048
approach2_run2,771000,1779274701.532613
approach2_run2,772000,1779274701.657731
approach2_run2,773000,1779274701.659627
approach2_run2,774000,1779274701.749340
approach2_run2,775000,1779274701.821137
approach2_run2,776000,1779274701.906781
approach2_run2,777000,1779274701.951307
approach2_run2,778000,1779274702.039793
approach2_run2,779000,1779274702.125363
approach2_run2,780000,1779274702.172776
approach2_run2,781000,1779274702.249667
approach2_run2,782000,1779274702.298825
approach2_run2,783000,1779274702.385632
approach2_run2,784000,1779274702.430358
approach2_run2,785000,1779274702.515576
approach2_run2,786000,1779274702.558780
approach2_run2,787000,1779274702.644592
approach2_run2,788000,1779274702.687819
approach2_run2,789000,1779274702.773056
approach2_run2,790000,1779274702.818943
approach2_run2,791000,1779274702.904963
approach2_run2,792000,1779274702.945450
approach2_run2,793000,1779274703.031866
approach2_run2,794000,1779274703.117030
approach2_run2,795000,1779274703.194195
approach2_run2,796000,1779274703.204550
approach2_run2,797000,1779274703.293349
approach2_run2,798000,1779274703.366570
approach2_run2,799000,1779274703.451952
approach2_run2,800000,1779274703.537182
approach2_run2,801000,1779274703.579899
approach2_run2,802000,1779274703.668949
approach2_run2,803000,1779274703.709552
approach2_run2,804000,1779274703.803085
approach2_run2,805000,1779274703.845170
approach2_run2,806000,1779274703.930963
approach2_run2,807000,1779274703.975380
approach2_run2,808000,1779274704.052788
approach2_run2,809000,1779274704.105031
approach2_run2,810000,1779274704.191017
approach2_run2,811000,1779274704.225083
approach2_run2,812000,1779274704.318385
approach2_run2,813000,1779274704.396970
approach2_run2,814000,1779274704.482178
approach2_run2,815000,1779274704.491245
approach2_run2,816000,1779274704.576875
approach2_run2,817000,1779274704.654331
approach2_run2,818000,1779274704.739681
approach2_run2,819000,1779274704.749737
approach2_run2,820000,1779274704.835578
approach2_run2,821000,1779274704.921944
approach2_run2,822000,1779274704.997083
approach2_run2,823000,1779274705.082357
approach2_run2,824000,1779274705.126546
approach2_run2,825000,1779274705.215467
approach2_run2,826000,1779274705.254515
approach2_run2,827000,1779274705.339794
approach2_run2,828000,1779274705.388659
approach2_run2,829000,1779274705.475834
approach2_run2,830000,1779274705.483994
approach2_run2,831000,1779274705.597277
approach2_run2,832000,1779274705.683691
approach2_run2,833000,1779274705.776356
approach2_run2,834000,1779274705.778003
approach2_run2,835000,1779274705.863062
approach2_run2,836000,1779274705.948415
approach2_run2,837000,1779274706.026509
approach2_run2,838000,1779274706.036223
approach2_run2,839000,1779274706.122273
approach2_run2,840000,1779274706.198685
approach2_run2,841000,1779274706.291093
approach2_run2,842000,1779274706.369254
approach2_run2,843000,1779274706.381563
approach2_run2,844000,1779274706.467432
approach2_run2,845000,1779274706.548371
approach2_run2,846000,1779274706.633930
approach2_run2,847000,1779274706.673752
approach2_run2,848000,1779274706.759600
approach2_run2,849000,1779274706.806177
approach2_run2,850000,1779274706.891361
approach2_run2,851000,1779274706.933711
approach2_run2,852000,1779274707.019559
approach2_run2,853000,1779274707.064506
approach2_run2,854000,1779274707.156190
approach2_run2,855000,1779274707.192735
approach2_run2,856000,1779274707.319948
approach2_run2,857000,1779274707.328355
approach2_run2,858000,1779274707.407773
approach2_run2,859000,1779274707.493449
approach2_run2,860000,1779274707.579151
approach2_run2,861000,1779274707.580801
approach2_run2,862000,1779274707.666474
approach2_run2,863000,1779274707.752227
approach2_run2,864000,1779274707.828737
approach2_run2,865000,1779274707.914091
approach2_run2,866000,1779274707.925969
approach2_run2,867000,1779274708.011850
approach2_run2,868000,1779274708.094463
approach2_run2,869000,1779274708.179801
approach2_run2,870000,1779274708.217063
approach2_run2,871000,1779274708.302837
approach2_run2,872000,1779274708.344353
approach2_run2,873000,1779274708.437070
approach2_run2,874000,1779274708.476838
approach2_run2,875000,1779274708.563032
approach2_run2,876000,1779274708.609350
approach2_run2,877000,1779274708.694911
approach2_run2,878000,1779274708.736763
approach2_run2,879000,1779274708.822459
approach2_run2,880000,1779274708.866872
approach2_run2,881000,1779274708.957749
approach2_run2,882000,1779274708.995577
approach2_run2,883000,1779274709.081314
approach2_run2,884000,1779274709.167116
approach2_run2,885000,1779274709.215304
approach2_run2,886000,1779274709.300380
approach2_run2,887000,1779274709.386730
approach2_run2,888000,1779274709.472118
approach2_run2,889000,1779274709.503376
approach2_run2,890000,1779274709.589286
approach2_run2,891000,1779274709.638598
approach2_run2,892000,1779274709.723856
approach2_run2,893000,1779274709.762044
approach2_run2,894000,1779274709.847742
approach2_run2,895000,1779274709.896207
approach2_run2,896000,1779274709.981530
approach2_run2,897000,1779274710.021240
approach2_run2,898000,1779274710.107039
approach2_run2,899000,1779274710.154057
approach2_run2,900000,1779274710.239220
approach2_run2,901000,1779274710.280089
approach2_run2,902000,1779274710.365787
approach2_run2,903000,1779274710.451512
approach2_run2,904000,1779274710.496550
approach2_run2,905000,1779274710.581961
approach2_run2,906000,1779274710.624842
approach2_run2,907000,1779274710.752844
approach2_run2,908000,1779274710.764229
approach2_run2,909000,1779274710.868648
approach2_run2,910000,1779274710.936775
approach2_run2,911000,1779274711.022270
approach2_run2,912000,1779274711.049290
approach2_run2,913000,1779274711.135303
approach2_run2,914000,1779274711.194260
approach2_run2,915000,1779274711.279615
approach2_run2,916000,1779274711.308381
approach2_run2,917000,1779274711.394067
approach2_run2,918000,1779274711.445640
approach2_run2,919000,1779274711.530967
approach2_run2,920000,1779274711.567103
approach2_run2,921000,1779274711.653058
approach2_run2,922000,1779274711.703087
approach2_run2,923000,1779274711.788335
approach2_run2,924000,1779274711.873529
approach2_run2,925000,1779274711.911991
approach2_run2,926000,1779274711.997768
approach2_run2,927000,1779274712.045844
approach2_run2,928000,1779274712.131009
approach2_run2,929000,1779274712.217390
approach2_run2,930000,1779274712.302881
approach2_run2,931000,1779274712.326968
approach2_run2,932000,1779274712.420117
approach2_run2,933000,1779274712.475324
approach2_run2,934000,1779274712.566483
approach2_run2,935000,1779274712.592994
approach2_run2,936000,1779274712.679707
approach2_run2,937000,1779274712.738648
approach2_run2,938000,1779274712.823984
approach2_run2,939000,1779274712.853387
approach2_run2,940000,1779274712.939073
approach2_run2,941000,1779274712.990283
approach2_run2,942000,1779274713.075720
approach2_run2,943000,1779274713.112003
approach2_run2,944000,1779274713.197808
approach2_run2,945000,1779274713.283638
approach2_run2,946000,1779274713.339778
approach2_run2,947000,1779274713.424906
approach2_run2,948000,1779274713.456535
approach2_run2,949000,1779274713.542171
approach2_run2,950000,1779274713.590762
approach2_run2,951000,1779274713.682654
approach2_run2,952000,1779274713.757266
approach2_run2,953000,1779274713.854305
approach2_run2,954000,1779274713.869736
approach2_run2,955000,1779274713.955650
approach2_run2,956000,1779274714.026445
approach2_run2,957000,1779274714.111582
approach2_run2,958000,1779274714.128424
approach2_run2,959000,1779274714.221154
approach2_run2,960000,1779274714.284077
approach2_run2,961000,1779274714.362809
approach2_run2,962000,1779274714.396256
approach2_run2,963000,1779274714.481823
approach2_run2,964000,1779274714.541769
approach2_run2,965000,1779274714.627102
approach2_run2,966000,1779274714.712336
approach2_run2,967000,1779274714.740941
approach2_run2,968000,1779274714.827172
approach2_run2,969000,1779274714.884504
approach2_run2,970000,1779274714.969731
approach2_run2,971000,1779274715.000722
approach2_run2,972000,1779274715.127893
approach2_run2,973000,1779274715.166851
approach2_run2,974000,1779274715.252252
approach2_run2,975000,1779274715.301450
approach2_run2,976000,1779274715.412469
approach2_run2,977000,1779274715.424400
approach2_run2,978000,1779274715.515003
approach2_run2,979000,1779274715.586431
approach2_run2,980000,1779274715.672190
approach2_run2,981000,1779274715.687061
approach2_run2,982000,1779274715.772548
approach2_run2,983000,1779274715.852763
approach2_run2,984000,1779274715.938492
approach2_run2,985000,1779274715.944723
approach2_run2,986000,1779274716.030035
approach2_run2,987000,1779274716.115588
approach2_run2,988000,1779274716.197814
approach2_run2,989000,1779274716.283642
approach2_run2,990000,1779274716.287796
approach2_run2,991000,1779274716.373198
approach2_run2,992000,1779274716.458141
approach2_run2,993000,1779274716.543998
approach2_run2,994000,1779274716.549374
approach2_run2,995000,1779274716.671972
approach2_run2,996000,1779274716.716636
approach2_run2,997000,1779274716.801903
approach2_run2,998000,1779274716.845355
approach2_run2,999000,1779274716.956143
approach2_run2,1000000,1779274716.973755
approach2_run2,1001000,1779274717.055893
approach2_run2,1002000,1779274717.129712
approach2_run2,1003000,1779274717.215387
approach2_run2,1004000,1779274717.230995
approach2_run2,1005000,1779274717.316329
approach2_run2,1006000,1779274717.393272
approach2_run2,1007000,1779274717.478992
approach2_run2,1008000,1779274717.566904
approach2_run2,1009000,1779274717.573741
approach2_run2,1010000,1779274717.659006
approach2_run2,1011000,1779274717.740350
approach2_run2,1012000,1779274717.826501
approach2_run2,1013000,1779274717.828149
approach2_run2,1014000,1779274717.914248
approach2_run2,1015000,1779274717.999951
approach2_run2,1016000,1779274718.085189
approach2_run2,1017000,1779274718.086793
approach2_run2,1018000,1779274718.173465
approach2_run2,1019000,1779274718.257300
approach2_run2,1020000,1779274718.342570
approach2_run2,1021000,1779274718.387629
approach2_run2,1022000,1779274718.473963
approach2_run2,1023000,1779274718.515075
approach2_run2,1024000,1779274718.600751
approach2_run2,1025000,1779274718.647676
approach2_run2,1026000,1779274718.758418
approach2_run2,1027000,1779274718.772932
approach2_run2,1028000,1779274718.857359
approach2_run2,1029000,1779274718.943839
approach2_run2,1030000,1779274719.018417
approach2_run2,1031000,1779274719.104854
approach2_run2,1032000,1779274719.116092
approach2_run2,1033000,1779274719.201571
approach2_run2,1034000,1779274719.281044
approach2_run2,1035000,1779274719.367359
approach2_run2,1036000,1779274719.373852
approach2_run2,1037000,1779274719.459298
approach2_run2,1038000,1779274719.541437
approach2_run2,1039000,1779274719.627376
approach2_run2,1040000,1779274719.630181
approach2_run2,1041000,1779274719.716602
approach2_run2,1042000,1779274719.801888
approach2_run2,1043000,1779274719.888264
approach2_run2,1044000,1779274719.889895
approach2_run2,1045000,1779274719.975191
approach2_run2,1046000,1779274720.059487
approach2_run2,1047000,1779274720.144894
approach2_run2,1048000,1779274720.189626
approach2_run2,1049000,1779274720.275339
approach2_run2,1050000,1779274720.361463
approach2_run2,1051000,1779274720.403281
approach2_run2,1052000,1779274720.488619
approach2_run2,1053000,1779274720.559657
approach2_run2,1054000,1779274720.645681
approach2_run2,1055000,1779274720.660865
approach2_run2,1056000,1779274720.746405
approach2_run2,1057000,1779274720.823795
approach2_run2,1058000,1779274720.910405
approach2_run2,1059000,1779274720.918742
approach2_run2,1060000,1779274721.004044
approach2_run2,1061000,1779274721.084514
approach2_run2,1062000,1779274721.171749
approach2_run2,1063000,1779274721.175936
approach2_run2,1064000,1779274721.259871
approach2_run2,1065000,1779274721.345036
approach2_run2,1066000,1779274721.430894
approach2_run2,1067000,1779274721.433373
approach2_run2,1068000,1779274721.518800
approach2_run2,1069000,1779274721.604207
approach2_run2,1070000,1779274721.692307
approach2_run2,1071000,1779274721.782623
approach2_run2,1072000,1779274721.817489
approach2_run2,1073000,1779274721.903102
approach2_run2,1074000,1779274721.946753
approach2_run2,1075000,1779274722.031948
approach2_run2,1076000,1779274722.079802
approach2_run2,1077000,1779274722.188596
approach2_run2,1078000,1779274722.203985
approach2_run2,1079000,1779274722.289609
approach2_run2,1080000,1779274722.355599
approach2_run2,1081000,1779274722.449494
approach2_run2,1082000,1779274722.461622
approach2_run2,1083000,1779274722.546952
approach2_run2,1084000,1779274722.633402
approach2_run2,1085000,1779274722.718689
approach2_run2,1086000,1779274722.722399
approach2_run2,1087000,1779274722.808110
approach2_run2,1088000,1779274722.870932
approach2_run2,1089000,1779274722.976194
approach2_run2,1090000,1779274722.981010
approach2_run2,1091000,1779274723.066867
approach2_run2,1092000,1779274723.188542
approach2_run2,1093000,1779274723.233659
approach2_run2,1094000,1779274723.318955
approach2_run2,1095000,1779274723.361933
approach2_run2,1096000,1779274723.450273
approach2_run2,1097000,1779274723.491357
approach2_run2,1098000,1779274723.576694
approach2_run2,1099000,1779274723.646389
approach2_run2,1100000,1779274723.732504
approach2_run2,1101000,1779274723.756347
approach2_run2,1102000,1779274723.842226
approach2_run2,1103000,1779274723.907934
approach2_run2,1104000,1779274723.996195
approach2_run2,1105000,1779274724.014314
approach2_run2,1106000,1779274724.099953
approach2_run2,1107000,1779274724.179827
approach2_run2,1108000,1779274724.265928
approach2_run2,1109000,1779274724.272381
approach2_run2,1110000,1779274724.357867
approach2_run2,1111000,1779274724.439276
approach2_run2,1112000,1779274724.525206
approach2_run2,1113000,1779274724.613778
approach2_run2,1114000,1779274724.647050
approach2_run2,1115000,1779274724.732617
approach2_run2,1116000,1779274724.786170
approach2_run2,1117000,1779274724.871731
approach2_run2,1118000,1779274724.905770
approach2_run2,1119000,1779274724.991341
approach2_run2,1120000,1779274725.052998
approach2_run2,1121000,1779274725.138573
approach2_run2,1122000,1779274725.166126
approach2_run2,1123000,1779274725.274576
approach2_run2,1124000,1779274725.310616
approach2_run2,1125000,1779274725.396002
approach2_run2,1126000,1779274725.453371
approach2_run2,1127000,1779274725.538951
approach2_run2,1128000,1779274725.567953
approach2_run2,1129000,1779274725.653238
approach2_run2,1130000,1779274725.712081
approach2_run2,1131000,1779274725.808029
approach2_run2,1132000,1779274725.825627
approach2_run2,1133000,1779274725.910666
approach2_run2,1134000,1779274726.021887
approach2_run2,1135000,1779274726.067108
approach2_run2,1136000,1779274726.153178
approach2_run2,1137000,1779274726.194500
approach2_run2,1138000,1779274726.279707
approach2_run2,1139000,1779274726.362759
approach2_run2,1140000,1779274726.448752
approach2_run2,1141000,1779274726.451732
approach2_run2,1142000,1779274726.536458
approach2_run2,1143000,1779274726.597210
approach2_run2,1144000,1779274726.682800
approach2_run2,1145000,1779274726.709430
approach2_run2,1146000,1779274726.817830
approach2_run2,1147000,1779274726.845302
approach2_run2,1148000,1779274726.930810
approach2_run2,1149000,1779274726.990738
approach2_run2,1150000,1779274727.076284
approach2_run2,1151000,1779274727.103492
approach2_run2,1152000,1779274727.188672
approach2_run2,1153000,1779274727.273837
approach2_run2,1154000,1779274727.339214
approach2_run2,1155000,1779274727.425003
approach2_run2,1156000,1779274727.446347
approach2_run2,1157000,1779274727.531510
approach2_run2,1158000,1779274727.609496
approach2_run2,1159000,1779274727.695629
approach2_run2,1160000,1779274727.703563
approach2_run2,1161000,1779274727.819209
approach2_run2,1162000,1779274727.875270
approach2_run2,1163000,1779274727.959467
approach2_run2,1164000,1779274727.992494
approach2_run2,1165000,1779274728.079589
approach2_run2,1166000,1779274728.131569
approach2_run2,1167000,1779274728.216889
approach2_run2,1168000,1779274728.275359
approach2_run2,1169000,1779274728.361622
approach2_run2,1170000,1779274728.388938
approach2_run2,1171000,1779274728.475412
approach2_run2,1172000,1779274728.534602
approach2_run2,1173000,1779274728.620400
approach2_run2,1174000,1779274728.706450
approach2_run2,1175000,1779274728.733000
approach2_run2,1176000,1779274728.818245
approach2_run2,1177000,1779274728.882111
approach2_run2,1178000,1779274728.979930
approach2_run2,1179000,1779274728.990429
approach2_run2,1180000,1779274729.075881
approach2_run2,1181000,1779274729.153328
approach2_run2,1182000,1779274729.239115
approach2_run2,1183000,1779274729.246568
approach2_run2,1184000,1779274729.362159
approach2_run2,1185000,1779274729.419727
approach2_run2,1186000,1779274729.505146
approach2_run2,1187000,1779274729.536552
approach2_run2,1188000,1779274729.622106
approach2_run2,1189000,1779274729.677585
approach2_run2,1190000,1779274729.762861
approach2_run2,1191000,1779274729.819041
approach2_run2,1192000,1779274729.904701
approach2_run2,1193000,1779274729.934966
approach2_run2,1194000,1779274730.020175
approach2_run2,1195000,1779274730.105473
approach2_run2,1196000,1779274730.163961
approach2_run2,1197000,1779274730.249491
approach2_run2,1198000,1779274730.277518
approach2_run2,1199000,1779274730.372191
approach2_run2,1200000,1779274730.424326
approach2_run2,1201000,1779274730.522577
approach2_run2,1202000,1779274730.544677
approach2_run2,1203000,1779274730.629896
approach2_run2,1204000,1779274730.696370
approach2_run2,1205000,1779274730.782066
approach2_run2,1206000,1779274730.827872
approach2_run2,1207000,1779274730.913234
approach2_run2,1208000,1779274730.993407
approach2_run2,1209000,1779274731.059273
approach2_run2,1210000,1779274731.103625
approach2_run2,1211000,1779274731.189410
approach2_run2,1212000,1779274731.257324
approach2_run2,1213000,1779274731.342593
approach2_run2,1214000,1779274731.362175
approach2_run2,1215000,1779274731.447999
approach2_run2,1216000,1779274731.534323
approach2_run2,1217000,1779274731.600321
approach2_run2,1218000,1779274731.659477
approach2_run2,1219000,1779274731.709390
approach2_run2,1220000,1779274731.795134
approach2_run2,1221000,1779274731.831629
approach2_run2,1222000,1779274731.916926
approach2_run2,1223000,1779274731.968263
approach2_run2,1224000,1779274732.066341
approach2_run2,1225000,1779274732.115927
approach2_run2,1226000,1779274732.201292
approach2_run2,1227000,1779274732.239404
approach2_run2,1228000,1779274732.325213
approach2_run2,1229000,1779274732.373544
approach2_run2,1230000,1779274732.458728
approach2_run2,1231000,1779274732.535768
approach2_run2,1232000,1779274732.630532
approach2_run2,1233000,1779274732.646121
approach2_run2,1234000,1779274732.732462
approach2_run2,1235000,1779274732.776231
approach2_run2,1236000,1779274732.861600
approach2_run2,1237000,1779274732.974102
approach2_run2,1238000,1779274732.991415
approach2_run2,1239000,1779274733.077495
approach2_run2,1240000,1779274733.146334
approach2_run2,1241000,1779274733.231593
approach2_run2,1242000,1779274733.252019
approach2_run2,1243000,1779274733.338241
approach2_run2,1244000,1779274733.406454
approach2_run2,1245000,1779274733.492616
approach2_run2,1246000,1779274733.524156
approach2_run2,1247000,1779274733.610016
approach2_run2,1248000,1779274733.664688
approach2_run2,1249000,1779274733.754381
approach2_run2,1250000,1779274733.782928
approach2_run2,1251000,1779274733.905679
approach2_run2,1252000,1779274733.921922
approach2_run2,1253000,1779274734.018166
approach2_run2,1254000,1779274734.093791
approach2_run2,1255000,1779274734.183314
approach2_run2,1256000,1779274734.191290
approach2_run2,1257000,1779274734.279708
approach2_run2,1258000,1779274734.364967
approach2_run2,1259000,1779274734.449988
approach2_run2,1260000,1779274734.535769
approach2_run2,1261000,1779274734.537449
approach2_run2,1262000,1779274734.623301
approach2_run2,1263000,1779274734.709001
approach2_run2,1264000,1779274734.795199
approach2_run2,1265000,1779274734.796761
approach2_run2,1266000,1779274734.882143
approach2_run2,1267000,1779274734.966686
approach2_run2,1268000,1779274735.052036
approach2_run2,1269000,1779274735.055660
approach2_run2,1270000,1779274735.152847
approach2_run2,1271000,1779274735.224360
approach2_run2,1272000,1779274735.309416
approach2_run2,1273000,1779274735.326085
approach2_run2,1274000,1779274735.411842
approach2_run2,1275000,1779274735.488574
approach2_run2,1276000,1779274735.573899
approach2_run2,1277000,1779274735.632308
approach2_run2,1278000,1779274735.718027
approach2_run2,1279000,1779274735.818191
approach2_run2,1280000,1779274735.831689
approach2_run2,1281000,1779274735.917214
approach2_run2,1282000,1779274735.992331
approach2_run2,1283000,1779274736.078692
approach2_run2,1284000,1779274736.089352
approach2_run2,1285000,1779274736.174644
approach2_run2,1286000,1779274736.252763
approach2_run2,1287000,1779274736.338534
approach2_run2,1288000,1779274736.363799
approach2_run2,1289000,1779274736.432175
approach2_run2,1290000,1779274736.512391
approach2_run2,1291000,1779274736.598087
approach2_run2,1292000,1779274736.621191
approach2_run2,1293000,1779274736.706752
approach2_run2,1294000,1779274736.775990
approach2_run2,1295000,1779274736.861192
approach2_run2,1296000,1779274736.870396
approach2_run2,1297000,1779274736.956501
approach2_run2,1298000,1779274737.033606
approach2_run2,1299000,1779274737.118921
approach2_run2,1300000,1779274737.204099
approach2_run2,1301000,1779274737.215596
approach2_run2,1302000,1779274737.340574
approach2_run2,1303000,1779274737.393661
approach2_run2,1304000,1779274737.479365
approach2_run2,1305000,1779274737.515702
approach2_run2,1306000,1779274737.602697
approach2_run2,1307000,1779274737.652031
approach2_run2,1308000,1779274737.737497
approach2_run2,1309000,1779274737.792673
approach2_run2,1310000,1779274737.878666
approach2_run2,1311000,1779274737.912241
approach2_run2,1312000,1779274737.994842
approach2_run2,1313000,1779274738.053308
approach2_run2,1314000,1779274738.141047
approach2_run2,1315000,1779274738.166922
approach2_run2,1316000,1779274738.234043
approach2_run2,1317000,1779274738.314416
approach2_run2,1318000,1779274738.400363
approach2_run2,1319000,1779274738.406353
approach2_run2,1320000,1779274738.498528
approach2_run2,1321000,1779274738.584458
approach2_run2,1322000,1779274738.663456
approach2_run2,1323000,1779274738.749128
approach2_run2,1324000,1779274738.757738
approach2_run2,1325000,1779274738.844281
approach2_run2,1326000,1779274738.921528
approach2_run2,1327000,1779274739.006920
approach2_run2,1328000,1779274739.056397
approach2_run2,1329000,1779274739.143162
approach2_run2,1330000,1779274739.178677
approach2_run2,1331000,1779274739.264008
approach2_run2,1332000,1779274739.317683
approach2_run2,1333000,1779274739.403417
approach2_run2,1334000,1779274739.436257
approach2_run2,1335000,1779274739.521482
approach2_run2,1336000,1779274739.595525
approach2_run2,1337000,1779274739.681345
approach2_run2,1338000,1779274739.711746
approach2_run2,1339000,1779274739.778997
approach2_run2,1340000,1779274739.857734
approach2_run2,1341000,1779274739.943806
approach2_run2,1342000,1779274740.036165
approach2_run2,1343000,1779274740.042948
approach2_run2,1344000,1779274740.129210
approach2_run2,1345000,1779274740.217404
approach2_run2,1346000,1779274740.293709
approach2_run2,1347000,1779274740.303763
approach2_run2,1348000,1779274740.389675
approach2_run2,1349000,1779274740.466022
approach2_run2,1350000,1779274740.551402
approach2_run2,1351000,1779274740.601803
approach2_run2,1352000,1779274740.691475
approach2_run2,1353000,1779274740.723695
approach2_run2,1354000,1779274740.827193
approach2_run2,1355000,1779274740.864470
approach2_run2,1356000,1779274740.966823
approach2_run2,1357000,1779274740.999352
approach2_run2,1358000,1779274741.085535
approach2_run2,1359000,1779274741.139956
approach2_run2,1360000,1779274741.228620
approach2_run2,1361000,1779274741.257628
approach2_run2,1362000,1779274741.343254
approach2_run2,1363000,1779274741.427261
approach2_run2,1364000,1779274741.488467
approach2_run2,1365000,1779274741.586882
approach2_run2,1366000,1779274741.599485
approach2_run2,1367000,1779274741.685975
approach2_run2,1368000,1779274741.760969
approach2_run2,1369000,1779274741.847314
approach2_run2,1370000,1779274741.858103
approach2_run2,1371000,1779274741.943379
approach2_run2,1372000,1779274742.020954
approach2_run2,1373000,1779274742.115072
approach2_run2,1374000,1779274742.146521
approach2_run2,1375000,1779274742.232208
approach2_run2,1376000,1779274742.287393
approach2_run2,1377000,1779274742.372623
approach2_run2,1378000,1779274742.405333
approach2_run2,1379000,1779274742.495311
approach2_run2,1380000,1779274742.543849
approach2_run2,1381000,1779274742.629148
approach2_run2,1382000,1779274742.685363
approach2_run2,1383000,1779274742.773529
approach2_run2,1384000,1779274742.859247
approach2_run2,1385000,1779274742.886737
approach2_run2,1386000,1779274742.972030
approach2_run2,1387000,1779274743.046151
approach2_run2,1388000,1779274743.133253
approach2_run2,1389000,1779274743.144403
approach2_run2,1390000,1779274743.229632
approach2_run2,1391000,1779274743.307041
approach2_run2,1392000,1779274743.392965
approach2_run2,1393000,1779274743.401836
approach2_run2,1394000,1779274743.487365
approach2_run2,1395000,1779274743.556093
approach2_run2,1396000,1779274743.641698
approach2_run2,1397000,1779274743.690531
approach2_run2,1398000,1779274743.776177
approach2_run2,1399000,1779274743.813951
approach2_run2,1400000,1779274743.899364
approach2_run2,1401000,1779274743.953350
approach2_run2,1402000,1779274744.055961
approach2_run2,1403000,1779274744.117246
approach2_run2,1404000,1779274744.174787
approach2_run2,1405000,1779274744.260365
approach2_run2,1406000,1779274744.317898
approach2_run2,1407000,1779274744.417806
approach2_run2,1408000,1779274744.432759
approach2_run2,1409000,1779274744.517961
approach2_run2,1410000,1779274744.590959
approach2_run2,1411000,1779274744.677007
approach2_run2,1412000,1779274744.718422
approach2_run2,1413000,1779274744.804059
approach2_run2,1414000,1779274744.850328
approach2_run2,1415000,1779274744.976217
approach2_run2,1416000,1779274744.977689
approach2_run2,1417000,1779274745.068011
approach2_run2,1418000,1779274745.148778
approach2_run2,1419000,1779274745.234230
approach2_run2,1420000,1779274745.239924
approach2_run2,1421000,1779274745.325541
approach2_run2,1422000,1779274745.411201
approach2_run2,1423000,1779274745.497091
approach2_run2,1424000,1779274745.498719
approach2_run2,1425000,1779274745.585213
approach2_run2,1426000,1779274745.684922
approach2_run2,1427000,1779274745.755086
approach2_run2,1428000,1779274745.840497
approach2_run2,1429000,1779274745.860290
approach2_run2,1430000,1779274745.961460
approach2_run2,1431000,1779274746.012683
approach2_run2,1432000,1779274746.104017
approach2_run2,1433000,1779274746.134572
approach2_run2,1434000,1779274746.220295
approach2_run2,1435000,1779274746.270114
approach2_run2,1436000,1779274746.355757
approach2_run2,1437000,1779274746.394022
approach2_run2,1438000,1779274746.518913
approach2_run2,1439000,1779274746.534269
approach2_run2,1440000,1779274746.619648
approach2_run2,1441000,1779274746.692159
approach2_run2,1442000,1779274746.778089
approach2_run2,1443000,1779274746.791794
approach2_run2,1444000,1779274746.877055
approach2_run2,1445000,1779274746.955123
approach2_run2,1446000,1779274747.042912
approach2_run2,1447000,1779274747.129133
approach2_run2,1448000,1779274747.134388
approach2_run2,1449000,1779274747.228187
approach2_run2,1450000,1779274747.306078
approach2_run2,1451000,1779274747.384987
approach2_run2,1452000,1779274747.402184
approach2_run2,1453000,1779274747.488718
approach2_run2,1454000,1779274747.557066
approach2_run2,1455000,1779274747.642366
approach2_run2,1456000,1779274747.677619
approach2_run2,1457000,1779274747.763653
approach2_run2,1458000,1779274747.814892
approach2_run2,1459000,1779274747.900032
approach2_run2,1460000,1779274747.937622
approach2_run2,1461000,1779274748.023601
approach2_run2,1462000,1779274748.078455
approach2_run2,1463000,1779274748.157531
approach2_run2,1464000,1779274748.236418
approach2_run2,1465000,1779274748.322530
approach2_run2,1466000,1779274748.408940
approach2_run2,1467000,1779274748.414947
approach2_run2,1468000,1779274748.500131
approach2_run2,1469000,1779274748.585134
approach2_run2,1470000,1779274748.637610
approach2_run2,1471000,1779274748.672984
approach2_run2,1472000,1779274748.759496
approach2_run2,1473000,1779274748.809589
approach2_run2,1474000,1779274748.895141
approach2_run2,1475000,1779274748.945168
approach2_run2,1476000,1779274749.031047
approach2_run2,1477000,1779274749.067291
approach2_run2,1478000,1779274749.152593
approach2_run2,1479000,1779274749.205383
approach2_run2,1480000,1779274749.291477
approach2_run2,1481000,1779274749.324654
approach2_run2,1482000,1779274749.410010
approach2_run2,1483000,1779274749.464849
approach2_run2,1484000,1779274749.564112
approach2_run2,1485000,1779274749.568989
approach2_run2,1486000,1779274749.667479
approach2_run2,1487000,1779274749.752731
approach2_run2,1488000,1779274749.826123
approach2_run2,1489000,1779274749.924652
approach2_run2,1490000,1779274749.951064
approach2_run2,1491000,1779274750.037431
approach2_run2,1492000,1779274750.097125
approach2_run2,1493000,1779274750.181944
approach2_run2,1494000,1779274750.214305
approach2_run2,1495000,1779274750.300632
approach2_run2,1496000,1779274750.354976
approach2_run2,1497000,1779274750.440510
approach2_run2,1498000,1779274750.474947
approach2_run2,1499000,1779274750.576471
approach2_run2,1500000,1779274750.612782
approach2_run2,1501000,1779274750.697987
approach2_run2,1502000,1779274750.749524
approach2_run2,1503000,1779274750.835304
approach2_run2,1504000,1779274750.870232
approach2_run2,1505000,1779274750.955541
approach2_run2,1506000,1779274751.008218
approach2_run2,1507000,1779274751.107411
approach2_run2,1508000,1779274751.195896
approach2_run2,1509000,1779274751.213016
approach2_run2,1510000,1779274751.298325
approach2_run2,1511000,1779274751.369886
approach2_run2,1512000,1779274751.469893
approach2_run2,1513000,1779274751.495131
approach2_run2,1514000,1779274751.580895
approach2_run2,1515000,1779274751.642477
approach2_run2,1516000,1779274751.727957
approach2_run2,1517000,1779274751.756864
approach2_run2,1518000,1779274751.843259
approach2_run2,1519000,1779274751.900016
approach2_run2,1520000,1779274751.985194
approach2_run2,1521000,1779274752.017510
approach2_run2,1522000,1779274752.103233
approach2_run2,1523000,1779274752.190132
approach2_run2,1524000,1779274752.280915
approach2_run2,1525000,1779274752.292748
approach2_run2,1526000,1779274752.378646
approach2_run2,1527000,1779274752.452991
approach2_run2,1528000,1779274752.538297
approach2_run2,1529000,1779274752.631840
approach2_run2,1530000,1779274752.637402
approach2_run2,1531000,1779274752.722992
approach2_run2,1532000,1779274752.804085
approach2_run2,1533000,1779274752.894860
approach2_run2,1534000,1779274752.910872
approach2_run2,1535000,1779274752.997396
approach2_run2,1536000,1779274753.070189
approach2_run2,1537000,1779274753.155831
approach2_run2,1538000,1779274753.209932
approach2_run2,1539000,1779274753.295994
approach2_run2,1540000,1779274753.328393
approach2_run2,1541000,1779274753.409636
approach2_run2,1542000,1779274753.472616
approach2_run2,1543000,1779274753.559173
approach2_run2,1544000,1779274753.585803
approach2_run2,1545000,1779274753.671398
approach2_run2,1546000,1779274753.733125
approach2_run2,1547000,1779274753.818882
approach2_run2,1548000,1779274753.838967
approach2_run2,1549000,1779274753.925525
approach2_run2,1550000,1779274754.010684
approach2_run2,1551000,1779274754.095995
approach2_run2,1552000,1779274754.181374
approach2_run2,1553000,1779274754.183182
approach2_run2,1554000,1779274754.279097
approach2_run2,1555000,1779274754.353416
approach2_run2,1556000,1779274754.438605
approach2_run2,1557000,1779274754.453393
approach2_run2,1558000,1779274754.540394
approach2_run2,1559000,1779274754.611004
approach2_run2,1560000,1779274754.691026
approach2_run2,1561000,1779274754.713423
approach2_run2,1562000,1779274754.799021
approach2_run2,1563000,1779274754.868479
approach2_run2,1564000,1779274754.953705
approach2_run2,1565000,1779274755.014528
approach2_run2,1566000,1779274755.100411
approach2_run2,1567000,1779274755.126324
approach2_run2,1568000,1779274755.211607
approach2_run2,1569000,1779274755.275153
approach2_run2,1570000,1779274755.361432
approach2_run2,1571000,1779274755.468042
approach2_run2,1572000,1779274755.469746
approach2_run2,1573000,1779274755.554380
approach2_run2,1574000,1779274755.634733
approach2_run2,1575000,1779274755.720003
approach2_run2,1576000,1779274755.739517
approach2_run2,1577000,1779274755.825287
approach2_run2,1578000,1779274755.892207
approach2_run2,1579000,1779274755.977671
approach2_run2,1580000,1779274755.999089
approach2_run2,1581000,1779274756.084850
approach2_run2,1582000,1779274756.149688
approach2_run2,1583000,1779274756.234978
approach2_run2,1584000,1779274756.257816
approach2_run2,1585000,1779274756.343442
approach2_run2,1586000,1779274756.401207
approach2_run2,1587000,1779274756.486759
approach2_run2,1588000,1779274756.557539
approach2_run2,1589000,1779274756.643177
approach2_run2,1590000,1779274756.664426
approach2_run2,1591000,1779274756.749712
approach2_run2,1592000,1779274756.835091
approach2_run2,1593000,1779274756.908440
approach2_run2,1594000,1779274756.994639
approach2_run2,1595000,1779274757.007529
approach2_run2,1596000,1779274757.098676
approach2_run2,1597000,1779274757.184211
approach2_run2,1598000,1779274757.269963
approach2_run2,1599000,1779274757.271585
approach2_run2,1600000,1779274757.368036
approach2_run2,1601000,1779274757.431882
approach2_run2,1602000,1779274757.516549
approach2_run2,1603000,1779274757.541372
approach2_run2,1604000,1779274757.627326
approach2_run2,1605000,1779274757.713184
approach2_run2,1606000,1779274757.735270
approach2_run2,1607000,1779274757.820156
approach2_run2,1608000,1779274757.886718
approach2_run2,1609000,1779274757.963015
approach2_run2,1610000,1779274758.037350
approach2_run2,1611000,1779274758.117604
approach2_run2,1612000,1779274758.146721
approach2_run2,1613000,1779274758.269137
approach2_run2,1614000,1779274758.335018
approach2_run2,1615000,1779274758.357425
approach2_run2,1616000,1779274758.444531
approach2_run2,1617000,1779274758.487950
approach2_run2,1618000,1779274758.570254
approach2_run2,1619000,1779274758.646937
approach2_run2,1620000,1779274758.710083
approach2_run2,1621000,1779274758.804374
approach2_run2,1622000,1779274758.888927
approach2_run2,1623000,1779274758.911865
approach2_run2,1624000,1779274758.997757
approach2_run2,1625000,1779274759.083466
approach2_run2,1626000,1779274759.091295
approach2_run2,1627000,1779274759.172243
approach2_run2,1628000,1779274759.257053
approach2_run2,1629000,1779274759.333480
approach2_run2,1630000,1779274759.409645
approach2_run2,1631000,1779274759.429911
approach2_run2,1632000,1779274759.517739
approach2_run2,1633000,1779274759.603670
approach2_run2,1634000,1779274759.658936
approach2_run2,1635000,1779274759.727142
approach2_run2,1636000,1779274759.815848
approach2_run2,1637000,1779274759.858723
approach2_run2,1638000,1779274759.934510
approach2_run2,1639000,1779274759.989699
approach2_run2,1640000,1779274760.075510
approach2_run2,1641000,1779274760.136363
approach2_run2,1642000,1779274760.201542
approach2_run2,1643000,1779274760.253370
approach2_run2,1644000,1779274760.339941
approach2_run2,1645000,1779274760.431904
approach2_run2,1646000,1779274760.461875
approach2_run2,1647000,1779274760.529350
approach2_run2,1648000,1779274760.611304
approach2_run2,1649000,1779274760.689678
approach2_run2,1650000,1779274760.719394
approach2_run2,1651000,1779274760.799633
approach2_run2,1652000,1779274760.885838
approach2_run2,1653000,1779274760.947650
approach2_run2,1654000,1779274760.977331
approach2_run2,1655000,1779274761.059271
approach2_run2,1656000,1779274761.145878
approach2_run2,1657000,1779274761.205603
approach2_run2,1658000,1779274761.235104
approach2_run2,1659000,1779274761.356938
approach2_run2,1660000,1779274761.443853
approach2_run2,1661000,1779274761.508839
approach2_run2,1662000,1779274761.533005
approach2_run2,1663000,1779274761.619916
approach2_run2,1664000,1779274761.706331
approach2_run2,1665000,1779274761.792677
approach2_run2,1666000,1779274761.804806
approach2_run2,1667000,1779274761.883319
approach2_run2,1668000,1779274761.969665
approach2_run2,1669000,1779274762.061819
approach2_run2,1670000,1779274762.072930
approach2_run2,1671000,1779274762.159434
approach2_run2,1672000,1779274762.242525
approach2_run2,1673000,1779274762.320864
approach2_run2,1674000,1779274762.349756
approach2_run2,1675000,1779274762.428595
approach2_run2,1676000,1779274762.504941
approach2_run2,1677000,1779274762.577715
approach2_run2,1678000,1779274762.607434
approach2_run2,1679000,1779274762.679328
approach2_run2,1680000,1779274762.761788
approach2_run2,1681000,1779274762.843298
approach2_run2,1682000,1779274762.866155
approach2_run2,1683000,1779274762.937291
approach2_run2,1684000,1779274763.019666
approach2_run2,1685000,1779274763.100044
approach2_run2,1686000,1779274763.123220
approach2_run2,1687000,1779274763.204952
approach2_run2,1688000,1779274763.290174
approach2_run2,1689000,1779274763.362734
approach2_run2,1690000,1779274763.397541
approach2_run2,1691000,1779274763.460378
approach2_run2,1692000,1779274763.535857
approach2_run2,1693000,1779274763.622981
approach2_run2,1694000,1779274763.703352
approach2_run2,1695000,1779274763.770697
approach2_run2,1696000,1779274763.849438
approach2_run2,1697000,1779274763.890050
approach2_run2,1698000,1779274763.963068
approach2_run2,1699000,1779274764.019534
approach2_run2,1700000,1779274764.064017
approach2_run2,1701000,1779274764.148776
approach2_run2,1702000,1779274764.233598
approach2_run2,1703000,1779274764.306685
approach2_run2,1704000,1779274764.392188
approach2_run2,1705000,1779274764.410118
approach2_run2,1706000,1779274764.479421
approach2_run2,1707000,1779274764.562753
approach2_run2,1708000,1779274764.647401
approach2_run2,1709000,1779274764.731867
approach2_run2,1710000,1779274764.753798
approach2_run2,1711000,1779274764.822318
approach2_run2,1712000,1779274764.907753
approach2_run2,1713000,1779274764.963146
approach2_run2,1714000,1779274765.007663
approach2_run2,1715000,1779274765.092839
approach2_run2,1716000,1779274765.177315
approach2_run2,1717000,1779274765.251605
approach2_run2,1718000,1779274765.269123
approach2_run2,1719000,1779274765.375055
approach2_run2,1720000,1779274765.423850
approach2_run2,1721000,1779274765.507547
approach2_run2,1722000,1779274765.563401
approach2_run2,1723000,1779274765.610561
approach2_run2,1724000,1779274765.681437
approach2_run2,1725000,1779274765.765743
approach2_run2,1726000,1779274765.836940
approach2_run2,1727000,1779274765.868448
approach2_run2,1728000,1779274765.953448
approach2_run2,1729000,1779274766.024930
approach2_run2,1730000,1779274766.104177
approach2_run2,1731000,1779274766.171434
approach2_run2,1732000,1779274766.211623
approach2_run2,1733000,1779274766.297419
approach2_run2,1734000,1779274766.368174
approach2_run2,1735000,1779274766.446466
approach2_run2,1736000,1779274766.506163
approach2_run2,1737000,1779274766.555588
approach2_run2,1738000,1779274766.630274
approach2_run2,1739000,1779274766.709759
approach2_run2,1740000,1779274766.772469
approach2_run2,1741000,1779274766.848761
approach2_run2,1742000,1779274766.888798
approach2_run2,1743000,1779274766.972702
approach2_run2,1744000,1779274767.053367
approach2_run2,1745000,1779274767.106825
approach2_run2,1746000,1779274767.157182
approach2_run2,1747000,1779274767.231377
approach2_run2,1748000,1779274767.315344
approach2_run2,1749000,1779274767.390742
approach2_run2,1750000,1779274767.483838
approach2_run2,1751000,1779274767.573244
approach2_run2,1752000,1779274767.650325
approach2_run2,1753000,1779274767.733524
approach2_run2,1754000,1779274767.812680
approach2_run2,1755000,1779274767.916404
approach2_run2,1756000,1779274767.935099
approach2_run2,1757000,1779274768.020633
approach2_run2,1758000,1779274768.106253
approach2_run2,1759000,1779274768.175777
approach2_run2,1760000,1779274768.259337
approach2_run2,1761000,1779274768.279251
approach2_run2,1762000,1779274768.364988
approach2_run2,1763000,1779274768.450509
approach2_run2,1764000,1779274768.517689
approach2_run2,1765000,1779274768.537148
approach2_run2,1766000,1779274768.622714
approach2_run2,1767000,1779274768.690814
approach2_run2,1768000,1779274768.765867
approach2_run2,1769000,1779274768.847538
approach2_run2,1770000,1779274768.922333
approach2_run2,1771000,1779274769.008044
approach2_run2,1772000,1779274769.032923
approach2_run2,1773000,1779274769.108009
approach2_run2,1774000,1779274769.179720
approach2_run2,1775000,1779274769.265543
approach2_run2,1776000,1779274769.335709
approach2_run2,1777000,1779274769.375816
approach2_run2,1778000,1779274769.451045
approach2_run2,1779000,1779274769.530438
approach2_run2,1780000,1779274769.617015
approach2_run2,1781000,1779274769.637689
approach2_run2,1782000,1779274769.718478
approach2_run2,1783000,1779274769.792865
approach2_run2,1784000,1779274769.873339
approach2_run2,1785000,1779274769.959658
approach2_run2,1786000,1779274769.980635
approach2_run2,1787000,1779274770.060383
approach2_run2,1788000,1779274770.130774
approach2_run2,1789000,1779274770.217582
approach2_run2,1790000,1779274770.302955
approach2_run2,1791000,1779274770.318843
approach2_run2,1792000,1779274770.391815
approach2_run2,1793000,1779274770.474049
approach2_run2,1794000,1779274770.559349
approach2_run2,1795000,1779274770.580272
approach2_run2,1796000,1779274770.651861
approach2_run2,1797000,1779274770.710804
approach2_run2,1798000,1779274770.816688
approach2_run2,1799000,1779274770.838835
approach2_run2,1800000,1779274770.919365
approach2_run2,1801000,1779274770.988747
approach2_run2,1802000,1779274771.074014
approach2_run2,1803000,1779274771.159902
approach2_run2,1804000,1779274771.180948
approach2_run2,1805000,1779274771.248589
approach2_run2,1806000,1779274771.336048
approach2_run2,1807000,1779274771.417098
approach2_run2,1808000,1779274771.440343
approach2_run2,1809000,1779274771.525324
approach2_run2,1810000,1779274771.589327
approach2_run2,1811000,1779274771.675283
approach2_run2,1812000,1779274771.761239
approach2_run2,1813000,1779274771.824060
approach2_run2,1814000,1779274771.861561
approach2_run2,1815000,1779274771.932450
approach2_run2,1816000,1779274772.017938
approach2_run2,1817000,1779274772.103149
approach2_run2,1818000,1779274772.124129
approach2_run2,1819000,1779274772.195450
approach2_run2,1820000,1779274772.255407
approach2_run2,1821000,1779274772.360989
approach2_run2,1822000,1779274772.383736
approach2_run2,1823000,1779274772.461662
approach2_run2,1824000,1779274772.533292
approach2_run2,1825000,1779274772.619582
approach2_run2,1826000,1779274772.704794
approach2_run2,1827000,1779274772.727021
approach2_run2,1828000,1779274772.804886
approach2_run2,1829000,1779274772.880863
approach2_run2,1830000,1779274772.966040
approach2_run2,1831000,1779274773.025592
approach2_run2,1832000,1779274773.064303
approach2_run2,1833000,1779274773.138109
approach2_run2,1834000,1779274773.219885
approach2_run2,1835000,1779274773.305239
approach2_run2,1836000,1779274773.369217
approach2_run2,1837000,1779274773.407602
approach2_run2,1838000,1779274773.477544
approach2_run2,1839000,1779274773.563270
approach2_run2,1840000,1779274773.648941
approach2_run2,1841000,1779274773.738594
approach2_run2,1842000,1779274773.820322
approach2_run2,1843000,1779274773.906036
approach2_run2,1844000,1779274773.991772
approach2_run2,1845000,1779274774.077482
approach2_run2,1846000,1779274774.163157
approach2_run2,1847000,1779274774.248770
approach2_run2,1848000,1779274774.334623
approach2_run2,1849000,1779274774.403861
approach2_run2,1850000,1779274774.489552
approach2_run2,1851000,1779274774.506847
approach2_run2,1852000,1779274774.592206
approach2_run2,1853000,1779274774.662446
approach2_run2,1854000,1779274774.748265
approach2_run2,1855000,1779274774.764283
approach2_run2,1856000,1779274774.858958
approach2_run2,1857000,1779274774.935908
approach2_run2,1858000,1779274775.021265
approach2_run2,1859000,1779274775.031966
approach2_run2,1860000,1779274775.117740
approach2_run2,1861000,1779274775.193305
approach2_run2,1862000,1779274775.278725
approach2_run2,1863000,1779274775.299948
approach2_run2,1864000,1779274775.385715
approach2_run2,1865000,1779274775.471301
approach2_run2,1866000,1779274775.539860
approach2_run2,1867000,1779274775.625188
approach2_run2,1868000,1779274775.644368
approach2_run2,1869000,1779274775.730103
approach2_run2,1870000,1779274775.813236
approach2_run2,1871000,1779274775.882800
approach2_run2,1872000,1779274775.904227
approach2_run2,1873000,1779274775.989907
approach2_run2,1874000,1779274776.070997
approach2_run2,1875000,1779274776.140179
approach2_run2,1876000,1779274776.205331
approach2_run2,1877000,1779274776.293427
approach2_run2,1878000,1779274776.312570
approach2_run2,1879000,1779274776.394534
approach2_run2,1880000,1779274776.481047
approach2_run2,1881000,1779274776.566348
approach2_run2,1882000,1779274776.576082
approach2_run2,1883000,1779274776.661891
approach2_run2,1884000,1779274776.728407
approach2_run2,1885000,1779274776.824226
approach2_run2,1886000,1779274776.843709
approach2_run2,1887000,1779274776.929668
approach2_run2,1888000,1779274777.015711
approach2_run2,1889000,1779274777.081965
approach2_run2,1890000,1779274777.167485
approach2_run2,1891000,1779274777.189325
approach2_run2,1892000,1779274777.275303
approach2_run2,1893000,1779274777.339623
approach2_run2,1894000,1779274777.427729
approach2_run2,1895000,1779274777.448483
approach2_run2,1896000,1779274777.534213
approach2_run2,1897000,1779274777.599784
approach2_run2,1898000,1779274777.685008
approach2_run2,1899000,1779274777.748734
approach2_run2,1900000,1779274777.837290
approach2_run2,1901000,1779274777.857021
approach2_run2,1902000,1779274777.959819
approach2_run2,1903000,1779274778.010994
approach2_run2,1904000,1779274778.096591
approach2_run2,1905000,1779274778.114251
approach2_run2,1906000,1779274778.217442
approach2_run2,1907000,1779274778.285857
approach2_run2,1908000,1779274778.371037
approach2_run2,1909000,1779274778.456237
approach2_run2,1910000,1779274778.471869
approach2_run2,1911000,1779274778.558156
approach2_run2,1912000,1779274778.628408
approach2_run2,1913000,1779274778.713779
approach2_run2,1914000,1779274778.732227
approach2_run2,1915000,1779274778.818521
approach2_run2,1916000,1779274778.885942
approach2_run2,1917000,1779274778.971228
approach2_run2,1918000,1779274778.992661
approach2_run2,1919000,1779274779.078434
approach2_run2,1920000,1779274779.143302
approach2_run2,1921000,1779274779.228670
approach2_run2,1922000,1779274779.292322
approach2_run2,1923000,1779274779.378292
approach2_run2,1924000,1779274779.398471
approach2_run2,1925000,1779274779.483871
approach2_run2,1926000,1779274779.553230
approach2_run2,1927000,1779274779.639215
approach2_run2,1928000,1779274779.655984
approach2_run2,1929000,1779274779.741346
approach2_run2,1930000,1779274779.813442
approach2_run2,1931000,1779274779.899292
approach2_run2,1932000,1779274779.985064
approach2_run2,1933000,1779274780.000903
approach2_run2,1934000,1779274780.091446
approach2_run2,1935000,1779274780.170172
approach2_run2,1936000,1779274780.255487
approach2_run2,1937000,1779274780.273175
approach2_run2,1938000,1779274780.358847
approach2_run2,1939000,1779274780.427826
approach2_run2,1940000,1779274780.505286
approach2_run2,1941000,1779274780.534041
approach2_run2,1942000,1779274780.621690
approach2_run2,1943000,1779274780.685255
approach2_run2,1944000,1779274780.770906
approach2_run2,1945000,1779274780.794571
approach2_run2,1946000,1779274780.880289
approach2_run2,1947000,1779274780.943038
approach2_run2,1948000,1779274781.028291
approach2_run2,1949000,1779274781.091577
approach2_run2,1950000,1779274781.178072
approach2_run2,1951000,1779274781.200318
approach2_run2,1952000,1779274781.285596
approach2_run2,1953000,1779274781.352966
approach2_run2,1954000,1779274781.440551
approach2_run2,1955000,1779274781.526325
approach2_run2,1956000,1779274781.535711
approach2_run2,1957000,1779274781.621076
approach2_run2,1958000,1779274781.707727
approach2_run2,1959000,1779274781.793094
approach2_run2,1960000,1779274781.816118
approach2_run2,1961000,1779274781.901757
approach2_run2,1962000,1779274781.971986
approach2_run2,1963000,1779274782.057300
approach2_run2,1964000,1779274782.077898
approach2_run2,1965000,1779274782.163878
approach2_run2,1966000,1779274782.222494
approach2_run2,1967000,1779274782.307878
approach2_run2,1968000,1779274782.337065
approach2_run2,1969000,1779274782.422918
approach2_run2,1970000,1779274782.487011
approach2_run2,1971000,1779274782.592891
approach2_run2,1972000,1779274782.634859
approach2_run2,1973000,1779274782.720570
approach2_run2,1974000,1779274782.744483
approach2_run2,1975000,1779274782.829745
approach2_run2,1976000,1779274782.914922
approach2_run2,1977000,1779274782.980718
approach2_run2,1978000,1779274783.068741
approach2_run2,1979000,1779274783.107911
approach2_run2,1980000,1779274783.172381
approach2_run2,1981000,1779274783.242371
approach2_run2,1982000,1779274783.343963
approach2_run2,1983000,1779274783.350259
approach2_run2,1984000,1779274783.436563
approach2_run2,1985000,1779274783.516287
approach2_run2,1986000,1779274783.601468
approach2_run2,1987000,1779274783.620148
approach2_run2,1988000,1779274783.706189
approach2_run2,1989000,1779274783.773575
approach2_run2,1990000,1779274783.858875
approach2_run2,1991000,1779274783.880694
approach2_run2,1992000,1779274783.966453
approach2_run2,1993000,1779274784.031174
approach2_run2,1994000,1779274784.116561
approach2_run2,1995000,1779274784.140219
approach2_run2,1996000,1779274784.226132
approach2_run2,1997000,1779274784.288525
approach2_run2,1998000,1779274784.373894
approach2_run2,1999000,1779274784.459093
approach2_run2,2000000,1779274784.525448
approach2_run2,2001000,1779274784.612074
approach2_run2,2002000,1779274784.626163
approach2_run2,2003000,1779274784.716658
approach2_run2,2004000,1779274784.786778
approach2_run2,2005000,1779274784.872769
approach2_run2,2006000,1779274784.895890
approach2_run2,2007000,1779274784.996960
approach2_run2,2008000,1779274785.067006
approach2_run2,2009000,1779274785.161488
approach2_run2,2010000,1779274785.169111
approach2_run2,2011000,1779274785.250385
approach2_run2,2012000,1779274785.338316
approach2_run2,2013000,1779274785.424231
approach2_run2,2014000,1779274785.426741
approach2_run2,2015000,1779274785.510636
approach2_run2,2016000,1779274785.597606
approach2_run2,2017000,1779274785.683321
approach2_run2,2018000,1779274785.684988
approach2_run2,2019000,1779274785.771304
approach2_run2,2020000,1779274785.839411
approach2_run2,2021000,1779274785.924756
approach2_run2,2022000,1779274786.009906
approach2_run2,2023000,1779274786.028734
approach2_run2,2024000,1779274786.151780
approach2_run2,2025000,1779274786.182424
approach2_run2,2026000,1779274786.284080
approach2_run2,2027000,1779274786.326800
approach2_run2,2028000,1779274786.412593
approach2_run2,2029000,1779274786.439859
approach2_run2,2030000,1779274786.525137
approach2_run2,2031000,1779274786.586949
approach2_run2,2032000,1779274786.672806
approach2_run2,2033000,1779274786.713909
approach2_run2,2034000,1779274786.799175
approach2_run2,2035000,1779274786.846082
approach2_run2,2036000,1779274786.952988
approach2_run2,2037000,1779274786.971502
approach2_run2,2038000,1779274787.056735
approach2_run2,2039000,1779274787.137322
approach2_run2,2040000,1779274787.224448
approach2_run2,2041000,1779274787.228727
approach2_run2,2042000,1779274787.314020
approach2_run2,2043000,1779274787.383410
approach2_run2,2044000,1779274787.468706
approach2_run2,2045000,1779274787.553898
approach2_run2,2046000,1779274787.571874
approach2_run2,2047000,1779274787.657679
approach2_run2,2048000,1779274787.716486
approach2_run2,2049000,1779274787.811640
approach2_run2,2050000,1779274787.871018
approach2_run2,2051000,1779274787.957011
approach2_run2,2052000,1779274787.983842
approach2_run2,2053000,1779274788.069298
approach2_run2,2054000,1779274788.130413
approach2_run2,2055000,1779274788.216208
approach2_run2,2056000,1779274788.241448
approach2_run2,2057000,1779274788.326803
approach2_run2,2058000,1779274788.411724
approach2_run2,2059000,1779274788.506360
approach2_run2,2060000,1779274788.515646
approach2_run2,2061000,1779274788.601233
approach2_run2,2062000,1779274788.682220
approach2_run2,2063000,1779274788.767873
approach2_run2,2064000,1779274788.788947
approach2_run2,2065000,1779274788.874277
approach2_run2,2066000,1779274788.940924
approach2_run2,2067000,1779274789.026887
approach2_run2,2068000,1779274789.113264
approach2_run2,2069000,1779274789.115994
approach2_run2,2070000,1779274789.201921
approach2_run2,2071000,1779274789.287638
approach2_run2,2072000,1779274789.372885
approach2_run2,2073000,1779274789.413684
approach2_run2,2074000,1779274789.500402
approach2_run2,2075000,1779274789.560789
approach2_run2,2076000,1779274789.630469
approach2_run2,2077000,1779274789.673569
approach2_run2,2078000,1779274789.759511
approach2_run2,2079000,1779274789.802855
approach2_run2,2080000,1779274789.888078
approach2_run2,2081000,1779274789.955519
approach2_run2,2082000,1779274790.052257
approach2_run2,2083000,1779274790.060024
approach2_run2,2084000,1779274790.138289
approach2_run2,2085000,1779274790.214432
approach2_run2,2086000,1779274790.300079
approach2_run2,2087000,1779274790.311607
approach2_run2,2088000,1779274790.397539
approach2_run2,2089000,1779274790.483129
approach2_run2,2090000,1779274790.557497
approach2_run2,2091000,1779274790.642771
approach2_run2,2092000,1779274790.655881
approach2_run2,2093000,1779274790.741564
approach2_run2,2094000,1779274790.815107
approach2_run2,2095000,1779274790.900327
approach2_run2,2096000,1779274790.915468
approach2_run2,2097000,1779274791.001817
approach2_run2,2098000,1779274791.072540
approach2_run2,2099000,1779274791.157728
approach2_run2,2100000,1779274791.213359
approach2_run2,2101000,1779274791.299663
approach2_run2,2102000,1779274791.330599
approach2_run2,2103000,1779274791.415837
approach2_run2,2104000,1779274791.472847
approach2_run2,2105000,1779274791.558813
approach2_run2,2106000,1779274791.588219
approach2_run2,2107000,1779274791.689495
approach2_run2,2108000,1779274791.757658
approach2_run2,2109000,1779274791.843383
approach2_run2,2110000,1779274791.878404
approach2_run2,2111000,1779274791.947069
approach2_run2,2112000,1779274792.032413
approach2_run2,2113000,1779274792.112665
approach2_run2,2114000,1779274792.198440
approach2_run2,2115000,1779274792.204274
approach2_run2,2116000,1779274792.289592
approach2_run2,2117000,1779274792.371783
approach2_run2,2118000,1779274792.458157
approach2_run2,2119000,1779274792.461609
approach2_run2,2120000,1779274792.546910
approach2_run2,2121000,1779274792.633297
approach2_run2,2122000,1779274792.718704
approach2_run2,2123000,1779274792.720513
approach2_run2,2124000,1779274792.841292
approach2_run2,2125000,1779274792.908063
approach2_run2,2126000,1779274792.976200
approach2_run2,2127000,1779274793.015314
approach2_run2,2128000,1779274793.126982
approach2_run2,2129000,1779274793.148942
approach2_run2,2130000,1779274793.250946
approach2_run2,2131000,1779274793.301615
approach2_run2,2132000,1779274793.396663
approach2_run2,2133000,1779274793.406531
approach2_run2,2134000,1779274793.492031
approach2_run2,2135000,1779274793.576905
approach2_run2,2136000,1779274793.656463
approach2_run2,2137000,1779274793.742209
approach2_run2,2138000,1779274793.765841
approach2_run2,2139000,1779274793.834681
approach2_run2,2140000,1779274793.916464
approach2_run2,2141000,1779274794.002795
approach2_run2,2142000,1779274794.023222
approach2_run2,2143000,1779274794.108505
approach2_run2,2144000,1779274794.178178
approach2_run2,2145000,1779274794.263804
approach2_run2,2146000,1779274794.265402
approach2_run2,2147000,1779274794.366052
approach2_run2,2148000,1779274794.437374
approach2_run2,2149000,1779274794.537761
approach2_run2,2150000,1779274794.557777
approach2_run2,2151000,1779274794.643327
approach2_run2,2152000,1779274794.710033
approach2_run2,2153000,1779274794.778899
approach2_run2,2154000,1779274794.842471
approach2_run2,2155000,1779274794.933350
approach2_run2,2156000,1779274794.951134
approach2_run2,2157000,1779274795.036448
approach2_run2,2158000,1779274795.138232
approach2_run2,2159000,1779274795.198306
approach2_run2,2160000,1779274795.291851
approach2_run2,2161000,1779274795.310412
approach2_run2,2162000,1779274795.395801
approach2_run2,2163000,1779274795.465003
approach2_run2,2164000,1779274795.550734
approach2_run2,2165000,1779274795.567842
approach2_run2,2166000,1779274795.681611
approach2_run2,2167000,1779274795.724069
approach2_run2,2168000,1779274795.809918
approach2_run2,2169000,1779274795.825108
approach2_run2,2170000,1779274795.910439
approach2_run2,2171000,1779274795.996869
approach2_run2,2172000,1779274796.082229
approach2_run2,2173000,1779274796.102499
approach2_run2,2174000,1779274796.188309
approach2_run2,2175000,1779274796.254725
approach2_run2,2176000,1779274796.369129
approach2_run2,2177000,1779274796.385400
approach2_run2,2178000,1779274796.471199
approach2_run2,2179000,1779274796.557320
approach2_run2,2180000,1779274796.626787
approach2_run2,2181000,1779274796.711964
approach2_run2,2182000,1779274796.744588
approach2_run2,2183000,1779274796.830394
approach2_run2,2184000,1779274796.855068
approach2_run2,2185000,1779274796.940444
approach2_run2,2186000,1779274797.007650
approach2_run2,2187000,1779274797.096671
approach2_run2,2188000,1779274797.112563
approach2_run2,2189000,1779274797.197858
approach2_run2,2190000,1779274797.270434
approach2_run2,2191000,1779274797.353895
approach2_run2,2192000,1779274797.356591
approach2_run2,2193000,1779274797.442280
approach2_run2,2194000,1779274797.542197
approach2_run2,2195000,1779274797.627461
approach2_run2,2196000,1779274797.646341
approach2_run2,2197000,1779274797.756424
approach2_run2,2198000,1779274797.799679
approach2_run2,2199000,1779274797.885259
approach2_run2,2200000,1779274797.929482
approach2_run2,2201000,1779274798.019449
approach2_run2,2202000,1779274798.105330
approach2_run2,2203000,1779274798.142629
approach2_run2,2204000,1779274798.227925
approach2_run2,2205000,1779274798.278399
approach2_run2,2206000,1779274798.372725
approach2_run2,2207000,1779274798.383802
approach2_run2,2208000,1779274798.469075
approach2_run2,2209000,1779274798.550674
approach2_run2,2210000,1779274798.636419
approach2_run2,2211000,1779274798.657568
approach2_run2,2212000,1779274798.743045
approach2_run2,2213000,1779274798.812288
approach2_run2,2214000,1779274798.898649
approach2_run2,2215000,1779274798.915107
approach2_run2,2216000,1779274799.017085
approach2_run2,2217000,1779274799.086910
approach2_run2,2218000,1779274799.172242
approach2_run2,2219000,1779274799.214353
approach2_run2,2220000,1779274799.300633
approach2_run2,2221000,1779274799.344459
approach2_run2,2222000,1779274799.429772
approach2_run2,2223000,1779274799.473826
approach2_run2,2224000,1779274799.562863
approach2_run2,2225000,1779274799.648529
approach2_run2,2226000,1779274799.719140
approach2_run2,2227000,1779274799.804405
approach2_run2,2228000,1779274799.821940
approach2_run2,2229000,1779274799.908132
approach2_run2,2230000,1779274799.945135
approach2_run2,2231000,1779274800.030412
approach2_run2,2232000,1779274800.093022
approach2_run2,2233000,1779274800.178980
approach2_run2,2234000,1779274800.186486
approach2_run2,2235000,1779274800.288306
approach2_run2,2236000,1779274800.353415
approach2_run2,2237000,1779274800.439639
approach2_run2,2238000,1779274800.460364
approach2_run2,2239000,1779274800.580064
approach2_run2,2240000,1779274800.612965
approach2_run2,2241000,1779274800.698703
approach2_run2,2242000,1779274800.717954
approach2_run2,2243000,1779274800.803330
approach2_run2,2244000,1779274800.872486
approach2_run2,2245000,1779274800.975146
approach2_run2,2246000,1779274801.015940
approach2_run2,2247000,1779274801.102456
approach2_run2,2248000,1779274801.191573
approach2_run2,2249000,1779274801.232471
approach2_run2,2250000,1779274801.300816
approach2_run2,2251000,1779274801.364891
approach2_run2,2252000,1779274801.450659
approach2_run2,2253000,1779274801.473021
approach2_run2,2254000,1779274801.558353
approach2_run2,2255000,1779274801.623609
approach2_run2,2256000,1779274801.717159
approach2_run2,2257000,1779274801.747320
approach2_run2,2258000,1779274801.832553
approach2_run2,2259000,1779274801.893417
approach2_run2,2260000,1779274801.981384
approach2_run2,2261000,1779274802.005019
approach2_run2,2262000,1779274802.073400
approach2_run2,2263000,1779274802.154657
approach2_run2,2264000,1779274802.240412
approach2_run2,2265000,1779274802.245880
approach2_run2,2266000,1779274802.331090
approach2_run2,2267000,1779274802.413922
approach2_run2,2268000,1779274802.499710
approach2_run2,2269000,1779274802.586026
approach2_run2,2270000,1779274802.605410
approach2_run2,2271000,1779274802.690602
approach2_run2,2272000,1779274802.776960
approach2_run2,2273000,1779274802.862176
approach2_run2,2274000,1779274802.888335
approach2_run2,2275000,1779274802.987180
approach2_run2,2276000,1779274803.034413
approach2_run2,2277000,1779274803.154316
approach2_run2,2278000,1779274803.165991
approach2_run2,2279000,1779274803.251727
approach2_run2,2280000,1779274803.291865
approach2_run2,2281000,1779274803.377164
approach2_run2,2282000,1779274803.432856
approach2_run2,2283000,1779274803.521374
approach2_run2,2284000,1779274803.583610
approach2_run2,2285000,1779274803.668930
approach2_run2,2286000,1779274803.695944
approach2_run2,2287000,1779274803.781864
approach2_run2,2288000,1779274803.841147
approach2_run2,2289000,1779274803.926402
approach2_run2,2290000,1779274803.955068
approach2_run2,2291000,1779274804.041975
approach2_run2,2292000,1779274804.127581
approach2_run2,2293000,1779274804.183768
approach2_run2,2294000,1779274804.269090
approach2_run2,2295000,1779274804.342246
approach2_run2,2296000,1779274804.429682
approach2_run2,2297000,1779274804.441211
approach2_run2,2298000,1779274804.538228
approach2_run2,2299000,1779274804.603638
approach2_run2,2300000,1779274804.689668
approach2_run2,2301000,1779274804.710181
approach2_run2,2302000,1779274804.788298
approach2_run2,2303000,1779274804.870484
approach2_run2,2304000,1779274804.955878
approach2_run2,2305000,1779274804.965763
approach2_run2,2306000,1779274805.061071
approach2_run2,2307000,1779274805.128067
approach2_run2,2308000,1779274805.213599
approach2_run2,2309000,1779274805.236190
approach2_run2,2310000,1779274805.323180
approach2_run2,2311000,1779274805.353256
approach2_run2,2312000,1779274805.438495
approach2_run2,2313000,1779274805.496402
approach2_run2,2314000,1779274805.582174
approach2_run2,2315000,1779274805.667947
approach2_run2,2316000,1779274805.696253
approach2_run2,2317000,1779274805.781399
approach2_run2,2318000,1779274805.841304
approach2_run2,2319000,1779274805.927971
approach2_run2,2320000,1779274805.953892
approach2_run2,2321000,1779274806.039239
approach2_run2,2322000,1779274806.101815
approach2_run2,2323000,1779274806.211064
approach2_run2,2324000,1779274806.228401
approach2_run2,2325000,1779274806.314166
approach2_run2,2326000,1779274806.383325
approach2_run2,2327000,1779274806.468738
approach2_run2,2328000,1779274806.490519
approach2_run2,2329000,1779274806.588851
approach2_run2,2330000,1779274806.675333
approach2_run2,2331000,1779274806.760525
approach2_run2,2332000,1779274806.776112
approach2_run2,2333000,1779274806.861768
approach2_run2,2334000,1779274806.932842
approach2_run2,2335000,1779274807.027148
approach2_run2,2336000,1779274807.037031
approach2_run2,2337000,1779274807.123753
approach2_run2,2338000,1779274807.210103
approach2_run2,2339000,1779274807.284530
approach2_run2,2340000,1779274807.369764
approach2_run2,2341000,1779274807.383934
approach2_run2,2342000,1779274807.470165
approach2_run2,2343000,1779274807.533057
approach2_run2,2344000,1779274807.618205
approach2_run2,2345000,1779274807.643446
approach2_run2,2346000,1779274807.729203
approach2_run2,2347000,1779274807.790446
approach2_run2,2348000,1779274807.875647
approach2_run2,2349000,1779274807.944226
approach2_run2,2350000,1779274808.029985
approach2_run2,2351000,1779274808.048010
approach2_run2,2352000,1779274808.133333
approach2_run2,2353000,1779274808.186184
approach2_run2,2354000,1779274808.271552
approach2_run2,2355000,1779274808.311325
approach2_run2,2356000,1779274808.397322
approach2_run2,2357000,1779274808.426574
approach2_run2,2358000,1779274808.512274
approach2_run2,2359000,1779274808.576850
approach2_run2,2360000,1779274808.665959
approach2_run2,2361000,1779274808.752509
approach2_run2,2362000,1779274808.786979
approach2_run2,2363000,1779274808.872296
approach2_run2,2364000,1779274808.927918
approach2_run2,2365000,1779274809.013681
approach2_run2,2366000,1779274809.044587
approach2_run2,2367000,1779274809.129896
approach2_run2,2368000,1779274809.186750
approach2_run2,2369000,1779274809.273621
approach2_run2,2370000,1779274809.302019
approach2_run2,2371000,1779274809.401025
approach2_run2,2372000,1779274809.493006
approach2_run2,2373000,1779274809.578844
approach2_run2,2374000,1779274809.593078
approach2_run2,2375000,1779274809.683329
approach2_run2,2376000,1779274809.764748
approach2_run2,2377000,1779274809.850135
approach2_run2,2378000,1779274809.856417
approach2_run2,2379000,1779274809.942150
approach2_run2,2380000,1779274810.022289
approach2_run2,2381000,1779274810.107563
approach2_run2,2382000,1779274810.192716
approach2_run2,2383000,1779274810.208998
approach2_run2,2384000,1779274810.294528
approach2_run2,2385000,1779274810.372876
approach2_run2,2386000,1779274810.450510
approach2_run2,2387000,1779274810.467335
approach2_run2,2388000,1779274810.555271
approach2_run2,2389000,1779274810.622704
approach2_run2,2390000,1779274810.708086
approach2_run2,2391000,1779274810.728425
approach2_run2,2392000,1779274810.814116
approach2_run2,2393000,1779274810.880208
approach2_run2,2394000,1779274810.965738
approach2_run2,2395000,1779274811.030793
approach2_run2,2396000,1779274811.121057
approach2_run2,2397000,1779274811.137883
approach2_run2,2398000,1779274811.226108
approach2_run2,2399000,1779274811.309461
approach2_run2,2400000,1779274811.394889
approach2_run2,2401000,1779274811.399737
approach2_run2,2402000,1779274811.485438
approach2_run2,2403000,1779274811.567011
approach2_run2,2404000,1779274811.652349
approach2_run2,2405000,1779274811.737730
approach2_run2,2406000,1779274811.745098
approach2_run2,2407000,1779274811.830659
approach2_run2,2408000,1779274811.910139
approach2_run2,2409000,1779274811.995591
approach2_run2,2410000,1779274812.004376
approach2_run2,2411000,1779274812.095033
approach2_run2,2412000,1779274812.167690
approach2_run2,2413000,1779274812.263140
approach2_run2,2414000,1779274812.268300
approach2_run2,2415000,1779274812.353930
approach2_run2,2416000,1779274812.425283
approach2_run2,2417000,1779274812.520491
approach2_run2,2418000,1779274812.528481
approach2_run2,2419000,1779274812.614294
approach2_run2,2420000,1779274812.699162
approach2_run2,2421000,1779274812.784780
approach2_run2,2422000,1779274812.790695
approach2_run2,2423000,1779274812.876411
approach2_run2,2424000,1779274812.956753
approach2_run2,2425000,1779274813.042099
approach2_run2,2426000,1779274813.120491
approach2_run2,2427000,1779274813.199528
approach2_run2,2428000,1779274813.286628
approach2_run2,2429000,1779274813.292538
approach2_run2,2430000,1779274813.377866
approach2_run2,2431000,1779274813.460061
approach2_run2,2432000,1779274813.546394
approach2_run2,2433000,1779274813.549974
approach2_run2,2434000,1779274813.637964
approach2_run2,2435000,1779274813.711989
approach2_run2,2436000,1779274813.797271
approach2_run2,2437000,1779274813.811050
approach2_run2,2438000,1779274813.896840
approach2_run2,2439000,1779274813.969416
approach2_run2,2440000,1779274814.024157
approach2_run2,2441000,1779274814.071494
approach2_run2,2442000,1779274814.157298
approach2_run2,2443000,1779274814.227518
approach2_run2,2444000,1779274814.281805
approach2_run2,2445000,1779274814.332200
approach2_run2,2446000,1779274814.418458
approach2_run2,2447000,1779274814.485157
approach2_run2,2448000,1779274814.570423
approach2_run2,2449000,1779274814.655798
approach2_run2,2450000,1779274814.677595
approach2_run2,2451000,1779274814.803671
approach2_run2,2452000,1779274814.827962
approach2_run2,2453000,1779274814.913392
approach2_run2,2454000,1779274814.999774
approach2_run2,2455000,1779274815.085129
approach2_run2,2456000,1779274815.086753
approach2_run2,2457000,1779274815.173729
approach2_run2,2458000,1779274815.257254
approach2_run2,2459000,1779274815.342531
approach2_run2,2460000,1779274815.353926
approach2_run2,2461000,1779274815.439769
approach2_run2,2462000,1779274815.514605
approach2_run2,2463000,1779274815.600177
approach2_run2,2464000,1779274815.612920
approach2_run2,2465000,1779274815.698592
approach2_run2,2466000,1779274815.772271
approach2_run2,2467000,1779274815.857657
approach2_run2,2468000,1779274815.872876
approach2_run2,2469000,1779274815.960783
approach2_run2,2470000,1779274816.046680
approach2_run2,2471000,1779274816.123662
approach2_run2,2472000,1779274816.208904
approach2_run2,2473000,1779274816.220924
approach2_run2,2474000,1779274816.348701
approach2_run2,2475000,1779274816.381076
approach2_run2,2476000,1779274816.466523
approach2_run2,2477000,1779274816.524628
approach2_run2,2478000,1779274816.629461
approach2_run2,2479000,1779274816.639772
approach2_run2,2480000,1779274816.725078
approach2_run2,2481000,1779274816.808061
approach2_run2,2482000,1779274816.893995
approach2_run2,2483000,1779274816.897267
approach2_run2,2484000,1779274816.982562
approach2_run2,2485000,1779274817.069334
approach2_run2,2486000,1779274817.145201
approach2_run2,2487000,1779274817.155889
approach2_run2,2488000,1779274817.241639
approach2_run2,2489000,1779274817.326868
approach2_run2,2490000,1779274817.412222
approach2_run2,2491000,1779274817.497461
approach2_run2,2492000,1779274817.501498
approach2_run2,2493000,1779274817.587291
approach2_run2,2494000,1779274817.669802
approach2_run2,2495000,1779274817.755090
approach2_run2,2496000,1779274817.762623
approach2_run2,2497000,1779274817.848367
approach2_run2,2498000,1779274817.927322
approach2_run2,2499000,1779274818.020965
approach2_run2,2500000,1779274818.022609
approach2_run2,2501000,1779274818.108962
approach2_run2,2502000,1779274818.184796
approach2_run2,2503000,1779274818.270061
approach2_run2,2504000,1779274818.322321
approach2_run2,2505000,1779274818.410138
approach2_run2,2506000,1779274818.451022
approach2_run2,2507000,1779274818.536554
approach2_run2,2508000,1779274818.604294
approach2_run2,2509000,1779274818.697587
approach2_run2,2510000,1779274818.700211
approach2_run2,2511000,1779274818.785642
approach2_run2,2512000,1779274818.870832
approach2_run2,2513000,1779274818.956906
approach2_run2,2514000,1779274819.042773
approach2_run2,2515000,1779274819.051835
approach2_run2,2516000,1779274819.137406
approach2_run2,2517000,1779274819.217550
approach2_run2,2518000,1779274819.305331
approach2_run2,2519000,1779274819.309728
approach2_run2,2520000,1779274819.395106
approach2_run2,2521000,1779274819.478919
approach2_run2,2522000,1779274819.564643
approach2_run2,2523000,1779274819.567387
approach2_run2,2524000,1779274819.652947
approach2_run2,2525000,1779274819.737714
approach2_run2,2526000,1779274819.824514
approach2_run2,2527000,1779274819.863716
approach2_run2,2528000,1779274819.949545
approach2_run2,2529000,1779274819.996646
approach2_run2,2530000,1779274820.081971
approach2_run2,2531000,1779274820.147782
approach2_run2,2532000,1779274820.240999
approach2_run2,2533000,1779274820.254145
approach2_run2,2534000,1779274820.339440
approach2_run2,2535000,1779274820.424741
approach2_run2,2536000,1779274820.500963
approach2_run2,2537000,1779274820.586741
approach2_run2,2538000,1779274820.598418
approach2_run2,2539000,1779274820.682073
approach2_run2,2540000,1779274820.759930
approach2_run2,2541000,1779274820.848351
approach2_run2,2542000,1779274820.854250
approach2_run2,2543000,1779274820.939576
approach2_run2,2544000,1779274821.021312
approach2_run2,2545000,1779274821.107111
approach2_run2,2546000,1779274821.111780
approach2_run2,2547000,1779274821.197105
approach2_run2,2548000,1779274821.280781
approach2_run2,2549000,1779274821.368946
approach2_run2,2550000,1779274821.407065
approach2_run2,2551000,1779274821.492930
approach2_run2,2552000,1779274821.540928
approach2_run2,2553000,1779274821.628797
approach2_run2,2554000,1779274821.666503
approach2_run2,2555000,1779274821.776486
approach2_run2,2556000,1779274821.862174
approach2_run2,2557000,1779274821.896830
approach2_run2,2558000,1779274821.971644
approach2_run2,2559000,1779274822.041570
approach2_run2,2560000,1779274822.127675
approach2_run2,2561000,1779274822.154599
approach2_run2,2562000,1779274822.240206
approach2_run2,2563000,1779274822.302009
approach2_run2,2564000,1779274822.387818
approach2_run2,2565000,1779274822.412438
approach2_run2,2566000,1779274822.486814
approach2_run2,2567000,1779274822.563786
approach2_run2,2568000,1779274822.649878
approach2_run2,2569000,1779274822.658881
approach2_run2,2570000,1779274822.777879
approach2_run2,2571000,1779274822.830485
approach2_run2,2572000,1779274822.915776
approach2_run2,2573000,1779274822.951527
approach2_run2,2574000,1779274823.037374
approach2_run2,2575000,1779274823.086132
approach2_run2,2576000,1779274823.171484
approach2_run2,2577000,1779274823.258427
approach2_run2,2578000,1779274823.296228
approach2_run2,2579000,1779274823.412905
approach2_run2,2580000,1779274823.428948
approach2_run2,2581000,1779274823.515621
approach2_run2,2582000,1779274823.587581
approach2_run2,2583000,1779274823.675544
approach2_run2,2584000,1779274823.687959
approach2_run2,2585000,1779274823.773584
approach2_run2,2586000,1779274823.850087
approach2_run2,2587000,1779274823.935749
approach2_run2,2588000,1779274823.945660
approach2_run2,2589000,1779274824.031387
approach2_run2,2590000,1779274824.108765
approach2_run2,2591000,1779274824.194528
approach2_run2,2592000,1779274824.203840
approach2_run2,2593000,1779274824.289164
approach2_run2,2594000,1779274824.375895
approach2_run2,2595000,1779274824.461274
approach2_run2,2596000,1779274824.493169
approach2_run2,2597000,1779274824.579557
approach2_run2,2598000,1779274824.665595
approach2_run2,2599000,1779274824.719632
approach2_run2,2600000,1779274824.805053
approach2_run2,2601000,1779274824.839021
approach2_run2,2602000,1779274824.924752
approach2_run2,2603000,1779274824.988435
approach2_run2,2604000,1779274825.074292
approach2_run2,2605000,1779274825.129364
approach2_run2,2606000,1779274825.215377
approach2_run2,2607000,1779274825.246478
approach2_run2,2608000,1779274825.331843
approach2_run2,2609000,1779274825.392964
approach2_run2,2610000,1779274825.479008
approach2_run2,2611000,1779274825.504222
approach2_run2,2612000,1779274825.591162
approach2_run2,2613000,1779274825.651855
approach2_run2,2614000,1779274825.737573
approach2_run2,2615000,1779274825.763426
approach2_run2,2616000,1779274825.846964
approach2_run2,2617000,1779274825.935168
approach2_run2,2618000,1779274826.018600
approach2_run2,2619000,1779274826.106124
approach2_run2,2620000,1779274826.122853
approach2_run2,2621000,1779274826.209940
approach2_run2,2622000,1779274826.278281
approach2_run2,2623000,1779274826.361803
approach2_run2,2624000,1779274826.383435
approach2_run2,2625000,1779274826.469250
approach2_run2,2626000,1779274826.535600
approach2_run2,2627000,1779274826.620738
approach2_run2,2628000,1779274826.672492
approach2_run2,2629000,1779274826.761369
approach2_run2,2630000,1779274826.792745
approach2_run2,2631000,1779274826.878407
approach2_run2,2632000,1779274826.936204
approach2_run2,2633000,1779274827.022057
approach2_run2,2634000,1779274827.050604
approach2_run2,2635000,1779274827.135973
approach2_run2,2636000,1779274827.195222
approach2_run2,2637000,1779274827.280927
approach2_run2,2638000,1779274827.308040
approach2_run2,2639000,1779274827.411738
approach2_run2,2640000,1779274827.497194
approach2_run2,2641000,1779274827.580407
approach2_run2,2642000,1779274827.666226
approach2_run2,2643000,1779274827.669357
approach2_run2,2644000,1779274827.754616
approach2_run2,2645000,1779274827.839497
approach2_run2,2646000,1779274827.907839
approach2_run2,2647000,1779274827.925827
approach2_run2,2648000,1779274828.011859
approach2_run2,2649000,1779274828.080182
approach2_run2,2650000,1779274828.165667
approach2_run2,2651000,1779274828.187467
approach2_run2,2652000,1779274828.301283
approach2_run2,2653000,1779274828.338067
approach2_run2,2654000,1779274828.423345
approach2_run2,2655000,1779274828.478274
approach2_run2,2656000,1779274828.564916
approach2_run2,2657000,1779274828.593510
approach2_run2,2658000,1779274828.678618
approach2_run2,2659000,1779274828.738161
approach2_run2,2660000,1779274828.823941
approach2_run2,2661000,1779274828.937698
approach2_run2,2662000,1779274828.950385
approach2_run2,2663000,1779274829.036028
approach2_run2,2664000,1779274829.109829
approach2_run2,2665000,1779274829.195089
approach2_run2,2666000,1779274829.209013
approach2_run2,2667000,1779274829.294761
approach2_run2,2668000,1779274829.366996
approach2_run2,2669000,1779274829.452306
approach2_run2,2670000,1779274829.467824
approach2_run2,2671000,1779274829.553571
approach2_run2,2672000,1779274829.624577
approach2_run2,2673000,1779274829.709757
approach2_run2,2674000,1779274829.726575
approach2_run2,2675000,1779274829.814718
approach2_run2,2676000,1779274829.881768
approach2_run2,2677000,1779274829.967081
approach2_run2,2678000,1779274830.016556
approach2_run2,2679000,1779274830.104701
approach2_run2,2680000,1779274830.157597
approach2_run2,2681000,1779274830.242850
approach2_run2,2682000,1779274830.309664
approach2_run2,2683000,1779274830.367183
approach2_run2,2684000,1779274830.452837
approach2_run2,2685000,1779274830.481789
approach2_run2,2686000,1779274830.585489
approach2_run2,2687000,1779274830.666478
approach2_run2,2688000,1779274830.753227
approach2_run2,2689000,1779274830.757596
approach2_run2,2690000,1779274830.842921
approach2_run2,2691000,1779274830.926312
approach2_run2,2692000,1779274831.012202
approach2_run2,2693000,1779274831.015124
approach2_run2,2694000,1779274831.100501
approach2_run2,2695000,1779274831.185446
approach2_run2,2696000,1779274831.272132
approach2_run2,2697000,1779274831.274382
approach2_run2,2698000,1779274831.360295
approach2_run2,2699000,1779274831.444291
approach2_run2,2700000,1779274831.529665
approach2_run2,2701000,1779274831.562989
approach2_run2,2702000,1779274831.648721
approach2_run2,2703000,1779274831.734691
approach2_run2,2704000,1779274831.791811
approach2_run2,2705000,1779274831.877004
approach2_run2,2706000,1779274831.910936
approach2_run2,2707000,1779274831.996807
approach2_run2,2708000,1779274832.044988
approach2_run2,2709000,1779274832.130088
approach2_run2,2710000,1779274832.210947
approach2_run2,2711000,1779274832.284204
approach2_run2,2712000,1779274832.297110
approach2_run2,2713000,1779274832.383479
approach2_run2,2714000,1779274832.456618
approach2_run2,2715000,1779274832.556691
approach2_run2,2716000,1779274832.559906
approach2_run2,2717000,1779274832.645207
approach2_run2,2718000,1779274832.731914
approach2_run2,2719000,1779274832.817246
approach2_run2,2720000,1779274832.818904
approach2_run2,2721000,1779274832.904589
approach2_run2,2722000,1779274832.991275
approach2_run2,2723000,1779274833.077142
approach2_run2,2724000,1779274833.159891
approach2_run2,2725000,1779274833.163474
approach2_run2,2726000,1779274833.277315
approach2_run2,2727000,1779274833.332072
approach2_run2,2728000,1779274833.417271
approach2_run2,2729000,1779274833.453158
approach2_run2,2730000,1779274833.539357
approach2_run2,2731000,1779274833.592794
approach2_run2,2732000,1779274833.710550
approach2_run2,2733000,1779274833.717272
approach2_run2,2734000,1779274833.839113
approach2_run2,2735000,1779274833.882617
approach2_run2,2736000,1779274833.968237
approach2_run2,2737000,1779274834.012120
approach2_run2,2738000,1779274834.097957
approach2_run2,2739000,1779274834.107702
approach2_run2,2740000,1779274834.193000
approach2_run2,2741000,1779274834.272779
approach2_run2,2742000,1779274834.360399
approach2_run2,2743000,1779274834.367262
approach2_run2,2744000,1779274834.452457
approach2_run2,2745000,1779274834.537928
approach2_run2,2746000,1779274834.618083
approach2_run2,2747000,1779274834.703383
approach2_run2,2748000,1779274834.706062
approach2_run2,2749000,1779274834.820779
approach2_run2,2750000,1779274834.876076
approach2_run2,2751000,1779274834.961333
approach2_run2,2752000,1779274834.993988
approach2_run2,2753000,1779274835.081774
approach2_run2,2754000,1779274835.139537
approach2_run2,2755000,1779274835.224830
approach2_run2,2756000,1779274835.260407
approach2_run2,2757000,1779274835.346182
approach2_run2,2758000,1779274835.396860
approach2_run2,2759000,1779274835.482190
approach2_run2,2760000,1779274835.557807
approach2_run2,2761000,1779274835.643691
approach2_run2,2762000,1779274835.654377
approach2_run2,2763000,1779274835.733783
approach2_run2,2764000,1779274835.816811
approach2_run2,2765000,1779274835.903031
approach2_run2,2766000,1779274835.988939
approach2_run2,2767000,1779274835.997545
approach2_run2,2768000,1779274836.076716
approach2_run2,2769000,1779274836.162363
approach2_run2,2770000,1779274836.248086
approach2_run2,2771000,1779274836.255761
approach2_run2,2772000,1779274836.364580
approach2_run2,2773000,1779274836.427696
approach2_run2,2774000,1779274836.512720
approach2_run2,2775000,1779274836.540104
approach2_run2,2776000,1779274836.627090
approach2_run2,2777000,1779274836.713871
approach2_run2,2778000,1779274836.799833
approach2_run2,2779000,1779274836.801391
approach2_run2,2780000,1779274836.888532
approach2_run2,2781000,1779274836.972157
approach2_run2,2782000,1779274837.057389
approach2_run2,2783000,1779274837.099925
approach2_run2,2784000,1779274837.186061
approach2_run2,2785000,1779274837.274053
approach2_run2,2786000,1779274837.285381
approach2_run2,2787000,1779274837.370550
approach2_run2,2788000,1779274837.447174
approach2_run2,2789000,1779274837.532806
approach2_run2,2790000,1779274837.542546
approach2_run2,2791000,1779274837.627968
approach2_run2,2792000,1779274837.705952
approach2_run2,2793000,1779274837.791718
approach2_run2,2794000,1779274837.800018
approach2_run2,2795000,1779274837.907949
approach2_run2,2796000,1779274837.971811
approach2_run2,2797000,1779274838.082690
approach2_run2,2798000,1779274838.087427
approach2_run2,2799000,1779274838.170019
approach2_run2,2800000,1779274838.229571
approach2_run2,2801000,1779274838.314704
approach2_run2,2802000,1779274838.346036
approach2_run2,2803000,1779274838.431779
approach2_run2,2804000,1779274838.483107
approach2_run2,2805000,1779274838.572026
approach2_run2,2806000,1779274838.657180
approach2_run2,2807000,1779274838.727381
approach2_run2,2808000,1779274838.813956
approach2_run2,2809000,1779274838.829644
approach2_run2,2810000,1779274838.915093
approach2_run2,2811000,1779274838.988952
approach2_run2,2812000,1779274839.074586
approach2_run2,2813000,1779274839.087407
approach2_run2,2814000,1779274839.172117
approach2_run2,2815000,1779274839.247792
approach2_run2,2816000,1779274839.333912
approach2_run2,2817000,1779274839.345352
approach2_run2,2818000,1779274839.430975
approach2_run2,2819000,1779274839.507319
approach2_run2,2820000,1779274839.603047
approach2_run2,2821000,1779274839.623621
approach2_run2,2822000,1779274839.711393
approach2_run2,2823000,1779274839.775046
approach2_run2,2824000,1779274839.860305
approach2_run2,2825000,1779274839.885321
approach2_run2,2826000,1779274839.971036
approach2_run2,2827000,1779274840.056689
approach2_run2,2828000,1779274840.117467
approach2_run2,2829000,1779274840.202608
approach2_run2,2830000,1779274840.231852
approach2_run2,2831000,1779274840.317404
approach2_run2,2832000,1779274840.374679
approach2_run2,2833000,1779274840.459985
approach2_run2,2834000,1779274840.527456
approach2_run2,2835000,1779274840.614456
approach2_run2,2836000,1779274840.631866
approach2_run2,2837000,1779274840.717204
approach2_run2,2838000,1779274840.788868
approach2_run2,2839000,1779274840.874942
approach2_run2,2840000,1779274840.889111
approach2_run2,2841000,1779274840.973595
approach2_run2,2842000,1779274841.048010
approach2_run2,2843000,1779274841.134854
approach2_run2,2844000,1779274841.146831
approach2_run2,2845000,1779274841.232121
approach2_run2,2846000,1779274841.308246
approach2_run2,2847000,1779274841.423836
approach2_run2,2848000,1779274841.510891
approach2_run2,2849000,1779274841.519512
approach2_run2,2850000,1779274841.608835
approach2_run2,2851000,1779274841.685786
approach2_run2,2852000,1779274841.775428
approach2_run2,2853000,1779274841.777084
approach2_run2,2854000,1779274841.872196
approach2_run2,2855000,1779274841.948656
approach2_run2,2856000,1779274842.035064
approach2_run2,2857000,1779274842.075072
approach2_run2,2858000,1779274842.160884
approach2_run2,2859000,1779274842.207463
approach2_run2,2860000,1779274842.292804
approach2_run2,2861000,1779274842.333997
approach2_run2,2862000,1779274842.419841
approach2_run2,2863000,1779274842.465410
approach2_run2,2864000,1779274842.550619
approach2_run2,2865000,1779274842.593454
approach2_run2,2866000,1779274842.679273
approach2_run2,2867000,1779274842.731696
approach2_run2,2868000,1779274842.817229
approach2_run2,2869000,1779274842.902472
approach2_run2,2870000,1779274842.976418
approach2_run2,2871000,1779274843.062244
approach2_run2,2872000,1779274843.074674
approach2_run2,2873000,1779274843.159856
approach2_run2,2874000,1779274843.235211
approach2_run2,2875000,1779274843.331517
approach2_run2,2876000,1779274843.361041
approach2_run2,2877000,1779274843.446943
approach2_run2,2878000,1779274843.512643
approach2_run2,2879000,1779274843.597820
approach2_run2,2880000,1779274843.619831
approach2_run2,2881000,1779274843.705658
approach2_run2,2882000,1779274843.769776
approach2_run2,2883000,1779274843.855115
approach2_run2,2884000,1779274843.878634
approach2_run2,2885000,1779274843.964485
approach2_run2,2886000,1779274844.027357
approach2_run2,2887000,1779274844.103866
approach2_run2,2888000,1779274844.176945
approach2_run2,2889000,1779274844.262884
approach2_run2,2890000,1779274844.348326
approach2_run2,2891000,1779274844.370236
approach2_run2,2892000,1779274844.457588
approach2_run2,2893000,1779274844.521580
approach2_run2,2894000,1779274844.607629
approach2_run2,2895000,1779274844.629663
approach2_run2,2896000,1779274844.732643
approach2_run2,2897000,1779274844.801339
approach2_run2,2898000,1779274844.886500
approach2_run2,2899000,1779274844.906295
approach2_run2,2900000,1779274844.991967
approach2_run2,2901000,1779274845.058659
approach2_run2,2902000,1779274845.143839
approach2_run2,2903000,1779274845.165225
approach2_run2,2904000,1779274845.251093
approach2_run2,2905000,1779274845.314490
approach2_run2,2906000,1779274845.403369
approach2_run2,2907000,1779274845.424570
approach2_run2,2908000,1779274845.510610
approach2_run2,2909000,1779274845.575491
approach2_run2,2910000,1779274845.660664
approach2_run2,2911000,1779274845.746058
approach2_run2,2912000,1779274845.819885
approach2_run2,2913000,1779274845.912231
approach2_run2,2914000,1779274845.918279
approach2_run2,2915000,1779274846.003531
approach2_run2,2916000,1779274846.088821
approach2_run2,2917000,1779274846.175764
approach2_run2,2918000,1779274846.177319
approach2_run2,2919000,1779274846.262239
approach2_run2,2920000,1779274846.347429
approach2_run2,2921000,1779274846.433113
approach2_run2,2922000,1779274846.449700
approach2_run2,2923000,1779274846.537437
approach2_run2,2924000,1779274846.605516
approach2_run2,2925000,1779274846.690705
approach2_run2,2926000,1779274846.711618
approach2_run2,2927000,1779274846.797576
approach2_run2,2928000,1779274846.869527
approach2_run2,2929000,1779274846.955261
approach2_run2,2930000,1779274846.971067
approach2_run2,2931000,1779274847.056996
approach2_run2,2932000,1779274847.142690
approach2_run2,2933000,1779274847.212245
approach2_run2,2934000,1779274847.297521
approach2_run2,2935000,1779274847.316236
approach2_run2,2936000,1779274847.402115
approach2_run2,2937000,1779274847.469663
approach2_run2,2938000,1779274847.555002
approach2_run2,2939000,1779274847.617778
approach2_run2,2940000,1779274847.706530
approach2_run2,2941000,1779274847.726989
approach2_run2,2942000,1779274847.816369
approach2_run2,2943000,1779274847.889718
approach2_run2,2944000,1779274847.977096
approach2_run2,2945000,1779274847.984384
approach2_run2,2946000,1779274848.069907
approach2_run2,2947000,1779274848.156321
approach2_run2,2948000,1779274848.241670
approach2_run2,2949000,1779274848.252588
approach2_run2,2950000,1779274848.340209
approach2_run2,2951000,1779274848.413690
approach2_run2,2952000,1779274848.498995
approach2_run2,2953000,1779274848.596523
approach2_run2,2954000,1779274848.599059
approach2_run2,2955000,1779274848.684842
approach2_run2,2956000,1779274848.756828
approach2_run2,2957000,1779274848.842125
approach2_run2,2958000,1779274848.858697
approach2_run2,2959000,1779274848.944304
approach2_run2,2960000,1779274849.014694
approach2_run2,2961000,1779274849.100302
approach2_run2,2962000,1779274849.117748
approach2_run2,2963000,1779274849.203584
approach2_run2,2964000,1779274849.272509
approach2_run2,2965000,1779274849.358076
approach2_run2,2966000,1779274849.421485
approach2_run2,2967000,1779274849.512911
approach2_run2,2968000,1779274849.528702
approach2_run2,2969000,1779274849.614094
approach2_run2,2970000,1779274849.691468
approach2_run2,2971000,1779274849.778563
approach2_run2,2972000,1779274849.788123
approach2_run2,2973000,1779274849.880872
approach2_run2,2974000,1779274849.966561
approach2_run2,2975000,1779274850.045052
approach2_run2,2976000,1779274850.130401
approach2_run2,2977000,1779274850.141462
approach2_run2,2978000,1779274850.227201
approach2_run2,2979000,1779274850.302353
approach2_run2,2980000,1779274850.386169
approach2_run2,2981000,1779274850.400239
approach2_run2,2982000,1779274850.487098
approach2_run2,2983000,1779274850.569968
approach2_run2,2984000,1779274850.655289
approach2_run2,2985000,1779274850.660371
approach2_run2,2986000,1779274850.746100
approach2_run2,2987000,1779274850.827448
approach2_run2,2988000,1779274850.912794
approach2_run2,2989000,1779274850.919275
approach2_run2,2990000,1779274851.004960
approach2_run2,2991000,1779274851.085179
approach2_run2,2992000,1779274851.177510
approach2_run2,2993000,1779274851.263096
approach2_run2,2994000,1779274851.266515
approach2_run2,2995000,1779274851.351809
approach2_run2,2996000,1779274851.438243
approach2_run2,2997000,1779274851.523929
approach2_run2,2998000,1779274851.570545
approach2_run2,2999000,1779274851.660295
approach2_run2,3000000,1779274851.696171
approach2_run2,3001000,1779274851.781441
approach2_run2,3002000,1779274851.833944
approach2_run2,3003000,1779274851.921613
approach2_run2,3004000,1779274851.943238
approach2_run2,3005000,1779274852.038783
approach2_run2,3006000,1779274852.110357
approach2_run2,3007000,1779274852.196480
approach2_run2,3008000,1779274852.211114
approach2_run2,3009000,1779274852.296418
approach2_run2,3010000,1779274852.374281
approach2_run2,3011000,1779274852.460258
approach2_run2,3012000,1779274852.468795
approach2_run2,3013000,1779274852.554247
approach2_run2,3014000,1779274852.640114
approach2_run2,3015000,1779274852.720536
approach2_run2,3016000,1779274852.806280
approach2_run2,3017000,1779274852.814939
approach2_run2,3018000,1779274852.900188
approach2_run2,3019000,1779274852.979136
approach2_run2,3020000,1779274853.065255
approach2_run2,3021000,1779274853.069597
approach2_run2,3022000,1779274853.192911
approach2_run2,3023000,1779274853.241508
approach2_run2,3024000,1779274853.315998
approach2_run2,3025000,1779274853.374732
approach2_run2,3026000,1779274853.461491
approach2_run2,3027000,1779274853.488142
approach2_run2,3028000,1779274853.584315
approach2_run2,3029000,1779274853.638015
approach2_run2,3030000,1779274853.729398
approach2_run2,3031000,1779274853.756437
approach2_run2,3032000,1779274853.841755
approach2_run2,3033000,1779274853.912978
approach2_run2,3034000,1779274854.002719
approach2_run2,3035000,1779274854.089615
approach2_run2,3036000,1779274854.099343
approach2_run2,3037000,1779274854.188621
approach2_run2,3038000,1779274854.263148
approach2_run2,3039000,1779274854.349435
approach2_run2,3040000,1779274854.360850
approach2_run2,3041000,1779274854.446105
approach2_run2,3042000,1779274854.522597
approach2_run2,3043000,1779274854.608469
approach2_run2,3044000,1779274854.618393
approach2_run2,3045000,1779274854.735672
approach2_run2,3046000,1779274854.786208
approach2_run2,3047000,1779274854.871659
approach2_run2,3048000,1779274854.914466
approach2_run2,3049000,1779274855.003348
approach2_run2,3050000,1779274855.043655
approach2_run2,3051000,1779274855.129227
approach2_run2,3052000,1779274855.181996
approach2_run2,3053000,1779274855.272469
approach2_run2,3054000,1779274855.301559
approach2_run2,3055000,1779274855.387133
approach2_run2,3056000,1779274855.472737
approach2_run2,3057000,1779274855.540769
approach2_run2,3058000,1779274855.631280
approach2_run2,3059000,1779274855.644342
approach2_run2,3060000,1779274855.730623
approach2_run2,3061000,1779274855.805696
approach2_run2,3062000,1779274855.892522
approach2_run2,3063000,1779274855.903265
approach2_run2,3064000,1779274855.988508
approach2_run2,3065000,1779274856.065775
approach2_run2,3066000,1779274856.151597
approach2_run2,3067000,1779274856.159227
approach2_run2,3068000,1779274856.280998
approach2_run2,3069000,1779274856.332079
approach2_run2,3070000,1779274856.454733
approach2_run2,3071000,1779274856.458043
approach2_run2,3072000,1779274856.543602
approach2_run2,3073000,1779274856.589640
approach2_run2,3074000,1779274856.674911
approach2_run2,3075000,1779274856.719116
approach2_run2,3076000,1779274856.810135
approach2_run2,3077000,1779274856.900402
approach2_run2,3078000,1779274856.932811
approach2_run2,3079000,1779274857.017943
approach2_run2,3080000,1779274857.083848
approach2_run2,3081000,1779274857.174663
approach2_run2,3082000,1779274857.190028
approach2_run2,3083000,1779274857.275691
approach2_run2,3084000,1779274857.349862
approach2_run2,3085000,1779274857.435811
approach2_run2,3086000,1779274857.447459
approach2_run2,3087000,1779274857.532745
approach2_run2,3088000,1779274857.608952
approach2_run2,3089000,1779274857.694948
approach2_run2,3090000,1779274857.704892
approach2_run2,3091000,1779274857.790187
approach2_run2,3092000,1779274857.868065
approach2_run2,3093000,1779274857.961597
approach2_run2,3094000,1779274857.995566
approach2_run2,3095000,1779274858.081707
approach2_run2,3096000,1779274858.134116
approach2_run2,3097000,1779274858.219429
approach2_run2,3098000,1779274858.304668
approach2_run2,3099000,1779274858.346653
approach2_run2,3100000,1779274858.443959
approach2_run2,3101000,1779274858.476807
approach2_run2,3102000,1779274858.562092
approach2_run2,3103000,1779274858.627473
approach2_run2,3104000,1779274858.713006
approach2_run2,3105000,1779274858.771646
approach2_run2,3106000,1779274858.856947
approach2_run2,3107000,1779274858.890160
approach2_run2,3108000,1779274858.977683
approach2_run2,3109000,1779274859.029008
approach2_run2,3110000,1779274859.076937
approach2_run2,3111000,1779274859.151866
approach2_run2,3112000,1779274859.238071
approach2_run2,3113000,1779274859.249141
approach2_run2,3114000,1779274859.333004
approach2_run2,3115000,1779274859.411246
approach2_run2,3116000,1779274859.504666
approach2_run2,3117000,1779274859.538633
approach2_run2,3118000,1779274859.627942
approach2_run2,3119000,1779274859.714277
approach2_run2,3120000,1779274859.762081
approach2_run2,3121000,1779274859.847447
approach2_run2,3122000,1779274859.887306
approach2_run2,3123000,1779274859.973740
approach2_run2,3124000,1779274860.019563
approach2_run2,3125000,1779274860.106202
approach2_run2,3126000,1779274860.159286
approach2_run2,3127000,1779274860.255942
approach2_run2,3128000,1779274860.278456
approach2_run2,3129000,1779274860.363748
approach2_run2,3130000,1779274860.432688
approach2_run2,3131000,1779274860.518434
approach2_run2,3132000,1779274860.534699
approach2_run2,3133000,1779274860.621102
approach2_run2,3134000,1779274860.693140
approach2_run2,3135000,1779274860.781139
approach2_run2,3136000,1779274860.793326
approach2_run2,3137000,1779274860.878628
approach2_run2,3138000,1779274860.954337
approach2_run2,3139000,1779274861.040127
approach2_run2,3140000,1779274861.125822
approach2_run2,3141000,1779274861.135959
approach2_run2,3142000,1779274861.221154
approach2_run2,3143000,1779274861.307641
approach2_run2,3144000,1779274861.392934
approach2_run2,3145000,1779274861.428147
approach2_run2,3146000,1779274861.516772
approach2_run2,3147000,1779274861.601119
approach2_run2,3148000,1779274861.687072
approach2_run2,3149000,1779274861.689211
approach2_run2,3150000,1779274861.775300
approach2_run2,3151000,1779274861.862023
approach2_run2,3152000,1779274861.947600
approach2_run2,3153000,1779274861.971142
approach2_run2,3154000,1779274862.057014
approach2_run2,3155000,1779274862.119653
approach2_run2,3156000,1779274862.204958
approach2_run2,3157000,1779274862.233768
approach2_run2,3158000,1779274862.319920
approach2_run2,3159000,1779274862.377151
approach2_run2,3160000,1779274862.462265
approach2_run2,3161000,1779274862.547512
approach2_run2,3162000,1779274862.582669
approach2_run2,3163000,1779274862.668641
approach2_run2,3164000,1779274862.718427
approach2_run2,3165000,1779274862.803720
approach2_run2,3166000,1779274862.882994
approach2_run2,3167000,1779274862.971135
approach2_run2,3168000,1779274862.975826
approach2_run2,3169000,1779274863.062025
approach2_run2,3170000,1779274863.144670
approach2_run2,3171000,1779274863.230904
approach2_run2,3172000,1779274863.233927
approach2_run2,3173000,1779274863.331822
approach2_run2,3174000,1779274863.405614
approach2_run2,3175000,1779274863.494497
approach2_run2,3176000,1779274863.513976
approach2_run2,3177000,1779274863.599631
approach2_run2,3178000,1779274863.666545
approach2_run2,3179000,1779274863.751812
approach2_run2,3180000,1779274863.837226
approach2_run2,3181000,1779274863.862369
approach2_run2,3182000,1779274863.948257
approach2_run2,3183000,1779274864.009656
approach2_run2,3184000,1779274864.094435
approach2_run2,3185000,1779274864.125015
approach2_run2,3186000,1779274864.210758
approach2_run2,3187000,1779274864.266437
approach2_run2,3188000,1779274864.348505
approach2_run2,3189000,1779274864.384499
approach2_run2,3190000,1779274864.470236
approach2_run2,3191000,1779274864.524242
approach2_run2,3192000,1779274864.609458
approach2_run2,3193000,1779274864.686287
approach2_run2,3194000,1779274864.772005
approach2_run2,3195000,1779274864.793831
approach2_run2,3196000,1779274864.879161
approach2_run2,3197000,1779274864.945259
approach2_run2,3198000,1779274865.046968
approach2_run2,3199000,1779274865.051264
approach2_run2,3200000,1779274865.136543
approach2_run2,3201000,1779274865.227530
approach2_run2,3202000,1779274865.296006
approach2_run2,3203000,1779274865.393894
approach2_run2,3204000,1779274865.405146
approach2_run2,3205000,1779274865.490867
approach2_run2,3206000,1779274865.566027
approach2_run2,3207000,1779274865.651390
approach2_run2,3208000,1779274865.664026
approach2_run2,3209000,1779274865.753136
approach2_run2,3210000,1779274865.810437
approach2_run2,3211000,1779274865.895816
approach2_run2,3212000,1779274865.927063
approach2_run2,3213000,1779274866.012902
approach2_run2,3214000,1779274866.068281
approach2_run2,3215000,1779274866.166951
approach2_run2,3216000,1779274866.229836
approach2_run2,3217000,1779274866.315667
approach2_run2,3218000,1779274866.339016
approach2_run2,3219000,1779274866.424293
approach2_run2,3220000,1779274866.505318
approach2_run2,3221000,1779274866.591099
approach2_run2,3222000,1779274866.676898
approach2_run2,3223000,1779274866.681838
approach2_run2,3224000,1779274866.770585
approach2_run2,3225000,1779274866.853955
approach2_run2,3226000,1779274866.939351
approach2_run2,3227000,1779274866.946454
approach2_run2,3228000,1779274867.033086
approach2_run2,3229000,1779274867.111959
approach2_run2,3230000,1779274867.197522
approach2_run2,3231000,1779274867.207113
approach2_run2,3232000,1779274867.296885
approach2_run2,3233000,1779274867.369575
approach2_run2,3234000,1779274867.454867
approach2_run2,3235000,1779274867.480216
approach2_run2,3236000,1779274867.565959
approach2_run2,3237000,1779274867.626724
approach2_run2,3238000,1779274867.712143
approach2_run2,3239000,1779274867.769978
approach2_run2,3240000,1779274867.858242
approach2_run2,3241000,1779274867.884182
approach2_run2,3242000,1779274867.969493
approach2_run2,3243000,1779274868.054732
approach2_run2,3244000,1779274868.127013
approach2_run2,3245000,1779274868.226182
approach2_run2,3246000,1779274868.227836
approach2_run2,3247000,1779274868.313509
approach2_run2,3248000,1779274868.398555
approach2_run2,3249000,1779274868.485510
approach2_run2,3250000,1779274868.487153
approach2_run2,3251000,1779274868.574085
approach2_run2,3252000,1779274868.657489
approach2_run2,3253000,1779274868.742726
approach2_run2,3254000,1779274868.746916
approach2_run2,3255000,1779274868.832839
approach2_run2,3256000,1779274868.913419
approach2_run2,3257000,1779274868.998694
approach2_run2,3258000,1779274869.007065
approach2_run2,3259000,1779274869.096839
approach2_run2,3260000,1779274869.172306
approach2_run2,3261000,1779274869.256546
approach2_run2,3262000,1779274869.281814
approach2_run2,3263000,1779274869.398735
approach2_run2,3264000,1779274869.486773
approach2_run2,3265000,1779274869.514436
approach2_run2,3266000,1779274869.599664
approach2_run2,3267000,1779274869.659930
approach2_run2,3268000,1779274869.770422
approach2_run2,3269000,1779274869.774981
approach2_run2,3270000,1779274869.860372
approach2_run2,3271000,1779274869.943838
approach2_run2,3272000,1779274870.029489
approach2_run2,3273000,1779274870.032639
approach2_run2,3274000,1779274870.118352
approach2_run2,3275000,1779274870.204768
approach2_run2,3276000,1779274870.290997
approach2_run2,3277000,1779274870.292486
approach2_run2,3278000,1779274870.377584
approach2_run2,3279000,1779274870.462909
approach2_run2,3280000,1779274870.548196
approach2_run2,3281000,1779274870.550261
approach2_run2,3282000,1779274870.640596
approach2_run2,3283000,1779274870.734929
approach2_run2,3284000,1779274870.820583
approach2_run2,3285000,1779274870.906089
approach2_run2,3286000,1779274870.942583
approach2_run2,3287000,1779274871.030044
approach2_run2,3288000,1779274871.078607
approach2_run2,3289000,1779274871.163945
approach2_run2,3290000,1779274871.203836
approach2_run2,3291000,1779274871.313735
approach2_run2,3292000,1779274871.336262
approach2_run2,3293000,1779274871.405676
approach2_run2,3294000,1779274871.487531
approach2_run2,3295000,1779274871.573812
approach2_run2,3296000,1779274871.577767
approach2_run2,3297000,1779274871.663332
approach2_run2,3298000,1779274871.746951
approach2_run2,3299000,1779274871.833061
approach2_run2,3300000,1779274871.835588
approach2_run2,3301000,1779274871.920632
approach2_run2,3302000,1779274872.006135
approach2_run2,3303000,1779274872.092191
approach2_run2,3304000,1779274872.093806
approach2_run2,3305000,1779274872.179297
approach2_run2,3306000,1779274872.265085
approach2_run2,3307000,1779274872.349885
approach2_run2,3308000,1779274872.435540
approach2_run2,3309000,1779274872.442416
approach2_run2,3310000,1779274872.539361
approach2_run2,3311000,1779274872.623488
approach2_run2,3312000,1779274872.708814
approach2_run2,3313000,1779274872.745824
approach2_run2,3314000,1779274872.831649
approach2_run2,3315000,1779274872.881086
approach2_run2,3316000,1779274872.966180
approach2_run2,3317000,1779274873.005040
approach2_run2,3318000,1779274873.116566
approach2_run2,3319000,1779274873.138340
approach2_run2,3320000,1779274873.223644
approach2_run2,3321000,1779274873.290147
approach2_run2,3322000,1779274873.376721
approach2_run2,3323000,1779274873.395746
approach2_run2,3324000,1779274873.481660
approach2_run2,3325000,1779274873.550945
approach2_run2,3326000,1779274873.637281
approach2_run2,3327000,1779274873.724024
approach2_run2,3328000,1779274873.725677
approach2_run2,3329000,1779274873.810621
approach2_run2,3330000,1779274873.895909
approach2_run2,3331000,1779274873.981054
approach2_run2,3332000,1779274873.986915
approach2_run2,3333000,1779274874.084058
approach2_run2,3334000,1779274874.153707
approach2_run2,3335000,1779274874.239042
approach2_run2,3336000,1779274874.289337
approach2_run2,3337000,1779274874.375041
approach2_run2,3338000,1779274874.411386
approach2_run2,3339000,1779274874.496710
approach2_run2,3340000,1779274874.548447
approach2_run2,3341000,1779274874.635322
approach2_run2,3342000,1779274874.668646
approach2_run2,3343000,1779274874.754215
approach2_run2,3344000,1779274874.834109
approach2_run2,3345000,1779274874.920111
approach2_run2,3346000,1779274874.941278
approach2_run2,3347000,1779274875.026484
approach2_run2,3348000,1779274875.111849
approach2_run2,3349000,1779274875.179909
approach2_run2,3350000,1779274875.265876
approach2_run2,3351000,1779274875.283901
approach2_run2,3352000,1779274875.369277
approach2_run2,3353000,1779274875.439730
approach2_run2,3354000,1779274875.525822
approach2_run2,3355000,1779274875.541450
approach2_run2,3356000,1779274875.626794
approach2_run2,3357000,1779274875.703635
approach2_run2,3358000,1779274875.800658
approach2_run2,3359000,1779274875.803587
approach2_run2,3360000,1779274875.889706
approach2_run2,3361000,1779274875.972657
approach2_run2,3362000,1779274876.058047
approach2_run2,3363000,1779274876.093596
approach2_run2,3364000,1779274876.179802
approach2_run2,3365000,1779274876.230065
approach2_run2,3366000,1779274876.334068
approach2_run2,3367000,1779274876.379403
approach2_run2,3368000,1779274876.465468
approach2_run2,3369000,1779274876.551956
approach2_run2,3370000,1779274876.591932
approach2_run2,3371000,1779274876.678837
approach2_run2,3372000,1779274876.725422
approach2_run2,3373000,1779274876.811409
approach2_run2,3374000,1779274876.850933
approach2_run2,3375000,1779274876.936081
approach2_run2,3376000,1779274876.985040
approach2_run2,3377000,1779274877.071066
approach2_run2,3378000,1779274877.106541
approach2_run2,3379000,1779274877.191694
approach2_run2,3380000,1779274877.244323
approach2_run2,3381000,1779274877.332394
approach2_run2,3382000,1779274877.363956
approach2_run2,3383000,1779274877.449215
approach2_run2,3384000,1779274877.519708
approach2_run2,3385000,1779274877.605751
approach2_run2,3386000,1779274877.621466
approach2_run2,3387000,1779274877.706589
approach2_run2,3388000,1779274877.793036
approach2_run2,3389000,1779274877.879995
approach2_run2,3390000,1779274877.965294
approach2_run2,3391000,1779274877.981262
approach2_run2,3392000,1779274878.067300
approach2_run2,3393000,1779274878.137687
approach2_run2,3394000,1779274878.220940
approach2_run2,3395000,1779274878.266058
approach2_run2,3396000,1779274878.352455
approach2_run2,3397000,1779274878.393152
approach2_run2,3398000,1779274878.478506
approach2_run2,3399000,1779274878.527045
approach2_run2,3400000,1779274878.613681
approach2_run2,3401000,1779274878.650789
approach2_run2,3402000,1779274878.736130
approach2_run2,3403000,1779274878.787457
approach2_run2,3404000,1779274878.873301
approach2_run2,3405000,1779274878.908500
approach2_run2,3406000,1779274878.976067
approach2_run2,3407000,1779274879.048404
approach2_run2,3408000,1779274879.149042
approach2_run2,3409000,1779274879.166111
approach2_run2,3410000,1779274879.253065
approach2_run2,3411000,1779274879.338164
approach2_run2,3412000,1779274879.424419
approach2_run2,3413000,1779274879.509761
approach2_run2,3414000,1779274879.525236
approach2_run2,3415000,1779274879.610893
approach2_run2,3416000,1779274879.681659
approach2_run2,3417000,1779274879.767015
approach2_run2,3418000,1779274879.784295
approach2_run2,3419000,1779274879.882267
approach2_run2,3420000,1779274879.968584
approach2_run2,3421000,1779274880.023810
approach2_run2,3422000,1779274880.068787
approach2_run2,3423000,1779274880.155408
approach2_run2,3424000,1779274880.196122
approach2_run2,3425000,1779274880.281394
approach2_run2,3426000,1779274880.330552
approach2_run2,3427000,1779274880.416762
approach2_run2,3428000,1779274880.483329
approach2_run2,3429000,1779274880.568698
approach2_run2,3430000,1779274880.653951
approach2_run2,3431000,1779274880.675411
approach2_run2,3432000,1779274880.776585
approach2_run2,3433000,1779274880.826486
approach2_run2,3434000,1779274880.912128
approach2_run2,3435000,1779274880.983066
approach2_run2,3436000,1779274881.068875
approach2_run2,3437000,1779274881.084187
approach2_run2,3438000,1779274881.169656
approach2_run2,3439000,1779274881.245608
approach2_run2,3440000,1779274881.331377
approach2_run2,3441000,1779274881.341444
approach2_run2,3442000,1779274881.426957
approach2_run2,3443000,1779274881.513373
approach2_run2,3444000,1779274881.598748
approach2_run2,3445000,1779274881.612324
approach2_run2,3446000,1779274881.698062
approach2_run2,3447000,1779274881.770708
approach2_run2,3448000,1779274881.856578
approach2_run2,3449000,1779274881.871412
approach2_run2,3450000,1779274881.958944
approach2_run2,3451000,1779274882.045256
approach2_run2,3452000,1779274882.114010
approach2_run2,3453000,1779274882.199545
approach2_run2,3454000,1779274882.219703
approach2_run2,3455000,1779274882.319929
approach2_run2,3456000,1779274882.371884
approach2_run2,3457000,1779274882.457327
approach2_run2,3458000,1779274882.492982
approach2_run2,3459000,1779274882.611965
approach2_run2,3460000,1779274882.629323
approach2_run2,3461000,1779274882.714743
approach2_run2,3462000,1779274882.789707
approach2_run2,3463000,1779274882.875477
approach2_run2,3464000,1779274882.886650
approach2_run2,3465000,1779274882.971933
approach2_run2,3466000,1779274883.058285
approach2_run2,3467000,1779274883.143526
approach2_run2,3468000,1779274883.154889
approach2_run2,3469000,1779274883.240949
approach2_run2,3470000,1779274883.315681
approach2_run2,3471000,1779274883.403718
approach2_run2,3472000,1779274883.488904
approach2_run2,3473000,1779274883.502695
approach2_run2,3474000,1779274883.588534
approach2_run2,3475000,1779274883.672064
approach2_run2,3476000,1779274883.757386
approach2_run2,3477000,1779274883.764160
approach2_run2,3478000,1779274883.850105
approach2_run2,3479000,1779274883.929482
approach2_run2,3480000,1779274884.014853
approach2_run2,3481000,1779274884.035712
approach2_run2,3482000,1779274884.121362
approach2_run2,3483000,1779274884.175422
approach2_run2,3484000,1779274884.260703
approach2_run2,3485000,1779274884.294549
approach2_run2,3486000,1779274884.413575
approach2_run2,3487000,1779274884.432600
approach2_run2,3488000,1779274884.517945
approach2_run2,3489000,1779274884.590277
approach2_run2,3490000,1779274884.677327
approach2_run2,3491000,1779274884.689848
approach2_run2,3492000,1779274884.787631
approach2_run2,3493000,1779274884.872985
approach2_run2,3494000,1779274884.936069
approach2_run2,3495000,1779274885.043323
approach2_run2,3496000,1779274885.045126
approach2_run2,3497000,1779274885.131692
approach2_run2,3498000,1779274885.217211
approach2_run2,3499000,1779274885.303291
approach2_run2,3500000,1779274885.311921
approach2_run2,3501000,1779274885.398843
approach2_run2,3502000,1779274885.478573
approach2_run2,3503000,1779274885.565682
approach2_run2,3504000,1779274885.570893
approach2_run2,3505000,1779274885.663881
approach2_run2,3506000,1779274885.740841
approach2_run2,3507000,1779274885.827871
approach2_run2,3508000,1779274885.836958
approach2_run2,3509000,1779274885.956891
approach2_run2,3510000,1779274885.998458
approach2_run2,3511000,1779274886.083768
approach2_run2,3512000,1779274886.132846
approach2_run2,3513000,1779274886.218778
approach2_run2,3514000,1779274886.304964
approach2_run2,3515000,1779274886.331598
approach2_run2,3516000,1779274886.416845
approach2_run2,3517000,1779274886.478277
approach2_run2,3518000,1779274886.564388
approach2_run2,3519000,1779274886.588895
approach2_run2,3520000,1779274886.683629
approach2_run2,3521000,1779274886.759551
approach2_run2,3522000,1779274886.845282
approach2_run2,3523000,1779274886.856247
approach2_run2,3524000,1779274886.941261
approach2_run2,3525000,1779274887.018341
approach2_run2,3526000,1779274887.105794
approach2_run2,3527000,1779274887.113440
approach2_run2,3528000,1779274887.199019
approach2_run2,3529000,1779274887.280329
approach2_run2,3530000,1779274887.370431
approach2_run2,3531000,1779274887.378662
approach2_run2,3532000,1779274887.464499
approach2_run2,3533000,1779274887.542484
approach2_run2,3534000,1779274887.627801
approach2_run2,3535000,1779274887.713041
approach2_run2,3536000,1779274887.760794
approach2_run2,3537000,1779274887.846640
approach2_run2,3538000,1779274887.885347
approach2_run2,3539000,1779274887.970567
approach2_run2,3540000,1779274888.020500
approach2_run2,3541000,1779274888.106416
approach2_run2,3542000,1779274888.142941
approach2_run2,3543000,1779274888.228373
approach2_run2,3544000,1779274888.302716
approach2_run2,3545000,1779274888.388670
approach2_run2,3546000,1779274888.400614
approach2_run2,3547000,1779274888.485854
approach2_run2,3548000,1779274888.561920
approach2_run2,3549000,1779274888.648751
approach2_run2,3550000,1779274888.657909
approach2_run2,3551000,1779274888.743380
approach2_run2,3552000,1779274888.823662
approach2_run2,3553000,1779274888.909539
approach2_run2,3554000,1779274888.915514
approach2_run2,3555000,1779274889.000929
approach2_run2,3556000,1779274889.097515
approach2_run2,3557000,1779274889.172708
approach2_run2,3558000,1779274889.257915
approach2_run2,3559000,1779274889.305418
approach2_run2,3560000,1779274889.391356
approach2_run2,3561000,1779274889.433586
approach2_run2,3562000,1779274889.518883
approach2_run2,3563000,1779274889.588338
approach2_run2,3564000,1779274889.674377
approach2_run2,3565000,1779274889.699375
approach2_run2,3566000,1779274889.784580
approach2_run2,3567000,1779274889.847787
approach2_run2,3568000,1779274889.933326
approach2_run2,3569000,1779274889.956800
approach2_run2,3570000,1779274890.042124
approach2_run2,3571000,1779274890.107858
approach2_run2,3572000,1779274890.193730
approach2_run2,3573000,1779274890.205769
approach2_run2,3574000,1779274890.291040
approach2_run2,3575000,1779274890.367476
approach2_run2,3576000,1779274890.453219
approach2_run2,3577000,1779274890.553142
approach2_run2,3578000,1779274890.587953
approach2_run2,3579000,1779274890.684094
approach2_run2,3580000,1779274890.719916
approach2_run2,3581000,1779274890.805101
approach2_run2,3582000,1779274890.874369
approach2_run2,3583000,1779274890.960111
approach2_run2,3584000,1779274890.977412
approach2_run2,3585000,1779274891.062603
approach2_run2,3586000,1779274891.133090
approach2_run2,3587000,1779274891.218976
approach2_run2,3588000,1779274891.234655
approach2_run2,3589000,1779274891.320275
approach2_run2,3590000,1779274891.391884
approach2_run2,3591000,1779274891.477703
approach2_run2,3592000,1779274891.492685
approach2_run2,3593000,1779274891.577836
approach2_run2,3594000,1779274891.651785
approach2_run2,3595000,1779274891.737638
approach2_run2,3596000,1779274891.749316
approach2_run2,3597000,1779274891.835909
approach2_run2,3598000,1779274891.921030
approach2_run2,3599000,1779274891.999836
approach2_run2,3600000,1779274892.085879
approach2_run2,3601000,1779274892.100890
approach2_run2,3602000,1779274892.186129
approach2_run2,3603000,1779274892.258929
approach2_run2,3604000,1779274892.344803
approach2_run2,3605000,1779274892.363322
approach2_run2,3606000,1779274892.448832
approach2_run2,3607000,1779274892.518157
approach2_run2,3608000,1779274892.604002
approach2_run2,3609000,1779274892.637815
approach2_run2,3610000,1779274892.731452
approach2_run2,3611000,1779274892.809643
approach2_run2,3612000,1779274892.895259
approach2_run2,3613000,1779274892.932593
approach2_run2,3614000,1779274893.020028
approach2_run2,3615000,1779274893.050700
approach2_run2,3616000,1779274893.136050
approach2_run2,3617000,1779274893.200793
approach2_run2,3618000,1779274893.286624
approach2_run2,3619000,1779274893.372364
approach2_run2,3620000,1779274893.393873
approach2_run2,3621000,1779274893.479027
approach2_run2,3622000,1779274893.545452
approach2_run2,3623000,1779274893.631102
approach2_run2,3624000,1779274893.651988
approach2_run2,3625000,1779274893.752968
approach2_run2,3626000,1779274893.804371
approach2_run2,3627000,1779274893.891776
approach2_run2,3628000,1779274893.908977
approach2_run2,3629000,1779274893.994359
approach2_run2,3630000,1779274894.064760
approach2_run2,3631000,1779274894.160866
approach2_run2,3632000,1779274894.191018
approach2_run2,3633000,1779274894.276622
approach2_run2,3634000,1779274894.333097
approach2_run2,3635000,1779274894.418648
approach2_run2,3636000,1779274894.458352
approach2_run2,3637000,1779274894.563215
approach2_run2,3638000,1779274894.596936
approach2_run2,3639000,1779274894.676649
approach2_run2,3640000,1779274894.761918
approach2_run2,3641000,1779274894.829707
approach2_run2,3642000,1779274894.916043
approach2_run2,3643000,1779274894.939571
approach2_run2,3644000,1779274895.019001
approach2_run2,3645000,1779274895.088835
approach2_run2,3646000,1779274895.174580
approach2_run2,3647000,1779274895.191118
approach2_run2,3648000,1779274895.282476
approach2_run2,3649000,1779274895.347768
approach2_run2,3650000,1779274895.433438
approach2_run2,3651000,1779274895.454873
approach2_run2,3652000,1779274895.540117
approach2_run2,3653000,1779274895.607014
approach2_run2,3654000,1779274895.711804
approach2_run2,3655000,1779274895.734077
approach2_run2,3656000,1779274895.819795
approach2_run2,3657000,1779274895.884511
approach2_run2,3658000,1779274895.969179
approach2_run2,3659000,1779274896.020605
approach2_run2,3660000,1779274896.106403
approach2_run2,3661000,1779274896.199667
approach2_run2,3662000,1779274896.226418
approach2_run2,3663000,1779274896.311619
approach2_run2,3664000,1779274896.373936
approach2_run2,3665000,1779274896.459681
approach2_run2,3666000,1779274896.484046
approach2_run2,3667000,1779274896.563329
approach2_run2,3668000,1779274896.632975
approach2_run2,3669000,1779274896.719328
approach2_run2,3670000,1779274896.741457
approach2_run2,3671000,1779274896.821371
approach2_run2,3672000,1779274896.893177
approach2_run2,3673000,1779274896.979127
approach2_run2,3674000,1779274896.999120
approach2_run2,3675000,1779274897.084342
approach2_run2,3676000,1779274897.171218
approach2_run2,3677000,1779274897.256093
approach2_run2,3678000,1779274897.278479
approach2_run2,3679000,1779274897.364514
approach2_run2,3680000,1779274897.442713
approach2_run2,3681000,1779274897.528216
approach2_run2,3682000,1779274897.613734
approach2_run2,3683000,1779274897.649815
approach2_run2,3684000,1779274897.735856
approach2_run2,3685000,1779274897.786099
approach2_run2,3686000,1779274897.871605
approach2_run2,3687000,1779274897.918468
approach2_run2,3688000,1779274898.004224
approach2_run2,3689000,1779274898.042992
approach2_run2,3690000,1779274898.128320
approach2_run2,3691000,1779274898.178108
approach2_run2,3692000,1779274898.263981
approach2_run2,3693000,1779274898.300413
approach2_run2,3694000,1779274898.385783
approach2_run2,3695000,1779274898.437162
approach2_run2,3696000,1779274898.522994
approach2_run2,3697000,1779274898.588888
approach2_run2,3698000,1779274898.642971
approach2_run2,3699000,1779274898.696876
approach2_run2,3700000,1779274898.814643
approach2_run2,3701000,1779274898.821256
approach2_run2,3702000,1779274898.907684
approach2_run2,3703000,1779274898.993493
approach2_run2,3704000,1779274899.072025
approach2_run2,3705000,1779274899.157306
approach2_run2,3706000,1779274899.174693
approach2_run2,3707000,1779274899.279142
approach2_run2,3708000,1779274899.316475
approach2_run2,3709000,1779274899.401997
approach2_run2,3710000,1779274899.460791
approach2_run2,3711000,1779274899.547486
approach2_run2,3712000,1779274899.574285
approach2_run2,3713000,1779274899.659501
approach2_run2,3714000,1779274899.720085
approach2_run2,3715000,1779274899.805985
approach2_run2,3716000,1779274899.832292
approach2_run2,3717000,1779274899.917598
approach2_run2,3718000,1779274899.980547
approach2_run2,3719000,1779274900.066543
approach2_run2,3720000,1779274900.089589
approach2_run2,3721000,1779274900.187340
approach2_run2,3722000,1779274900.239647
approach2_run2,3723000,1779274900.325459
approach2_run2,3724000,1779274900.443975
approach2_run2,3725000,1779274900.449576
approach2_run2,3726000,1779274900.535666
approach2_run2,3727000,1779274900.616239
approach2_run2,3728000,1779274900.701529
approach2_run2,3729000,1779274900.716714
approach2_run2,3730000,1779274900.802530
approach2_run2,3731000,1779274900.889316
approach2_run2,3732000,1779274900.992602
approach2_run2,3733000,1779274900.994519
approach2_run2,3734000,1779274901.089891
approach2_run2,3735000,1779274901.164833
approach2_run2,3736000,1779274901.250207
approach2_run2,3737000,1779274901.263055
approach2_run2,3738000,1779274901.348889
approach2_run2,3739000,1779274901.422286
approach2_run2,3740000,1779274901.507526
approach2_run2,3741000,1779274901.524295
approach2_run2,3742000,1779274901.610128
approach2_run2,3743000,1779274901.679626
approach2_run2,3744000,1779274901.769847
approach2_run2,3745000,1779274901.850166
approach2_run2,3746000,1779274901.869342
approach2_run2,3747000,1779274901.955564
approach2_run2,3748000,1779274902.022410
approach2_run2,3749000,1779274902.107996
approach2_run2,3750000,1779274902.164982
approach2_run2,3751000,1779274902.250886
approach2_run2,3752000,1779274902.279922
approach2_run2,3753000,1779274902.365196
approach2_run2,3754000,1779274902.431337
approach2_run2,3755000,1779274902.517728
approach2_run2,3756000,1779274902.537208
approach2_run2,3757000,1779274902.626868
approach2_run2,3758000,1779274902.713184
approach2_run2,3759000,1779274902.798992
approach2_run2,3760000,1779274902.805602
approach2_run2,3761000,1779274902.893963
approach2_run2,3762000,1779274902.966249
approach2_run2,3763000,1779274903.051527
approach2_run2,3764000,1779274903.067847
approach2_run2,3765000,1779274903.153616
approach2_run2,3766000,1779274903.239664
approach2_run2,3767000,1779274903.309111
approach2_run2,3768000,1779274903.394336
approach2_run2,3769000,1779274903.412913
approach2_run2,3770000,1779274903.498763
approach2_run2,3771000,1779274903.532874
approach2_run2,3772000,1779274903.618159
approach2_run2,3773000,1779274903.704474
approach2_run2,3774000,1779274903.793962
approach2_run2,3775000,1779274903.824017
approach2_run2,3776000,1779274903.909336
approach2_run2,3777000,1779274903.974400
approach2_run2,3778000,1779274904.081487
approach2_run2,3779000,1779274904.082981
approach2_run2,3780000,1779274904.176800
approach2_run2,3781000,1779274904.253740
approach2_run2,3782000,1779274904.343564
approach2_run2,3783000,1779274904.349630
approach2_run2,3784000,1779274904.435434
approach2_run2,3785000,1779274904.511204
approach2_run2,3786000,1779274904.601103
approach2_run2,3787000,1779274904.681778
approach2_run2,3788000,1779274904.694610
approach2_run2,3789000,1779274904.780497
approach2_run2,3790000,1779274904.853900
approach2_run2,3791000,1779274904.939623
approach2_run2,3792000,1779274904.953893
approach2_run2,3793000,1779274905.041261
approach2_run2,3794000,1779274905.111912
approach2_run2,3795000,1779274905.197134
approach2_run2,3796000,1779274905.214643
approach2_run2,3797000,1779274905.300836
approach2_run2,3798000,1779274905.335176
approach2_run2,3799000,1779274905.422951
approach2_run2,3800000,1779274905.498687
approach2_run2,3801000,1779274905.592434
approach2_run2,3802000,1779274905.596285
approach2_run2,3803000,1779274905.689509
approach2_run2,3804000,1779274905.764604
approach2_run2,3805000,1779274905.882457
approach2_run2,3806000,1779274905.884454
approach2_run2,3807000,1779274905.978124
approach2_run2,3808000,1779274906.064185
approach2_run2,3809000,1779274906.141584
approach2_run2,3810000,1779274906.193017
approach2_run2,3811000,1779274906.239165
approach2_run2,3812000,1779274906.324730
approach2_run2,3813000,1779274906.398890
approach2_run2,3814000,1779274906.484893
approach2_run2,3815000,1779274906.498028
approach2_run2,3816000,1779274906.585179
approach2_run2,3817000,1779274906.656996
approach2_run2,3818000,1779274906.742280
approach2_run2,3819000,1779274906.758345
approach2_run2,3820000,1779274906.844259
approach2_run2,3821000,1779274906.880720
approach2_run2,3822000,1779274907.000079
approach2_run2,3823000,1779274907.053024
approach2_run2,3824000,1779274907.137414
approach2_run2,3825000,1779274907.139300
approach2_run2,3826000,1779274907.232823
approach2_run2,3827000,1779274907.310097
approach2_run2,3828000,1779274907.394882
approach2_run2,3829000,1779274907.426894
approach2_run2,3830000,1779274907.521801
approach2_run2,3831000,1779274907.607499
approach2_run2,3832000,1779274907.687250
approach2_run2,3833000,1779274907.772477
approach2_run2,3834000,1779274907.780787
approach2_run2,3835000,1779274907.866164
approach2_run2,3836000,1779274907.944579
approach2_run2,3837000,1779274908.029942
approach2_run2,3838000,1779274908.040749
approach2_run2,3839000,1779274908.128094
approach2_run2,3840000,1779274908.202168
approach2_run2,3841000,1779274908.287575
approach2_run2,3842000,1779274908.301861
approach2_run2,3843000,1779274908.387524
approach2_run2,3844000,1779274908.462209
approach2_run2,3845000,1779274908.547524
approach2_run2,3846000,1779274908.560318
approach2_run2,3847000,1779274908.681718
approach2_run2,3848000,1779274908.719486
approach2_run2,3849000,1779274908.811622
approach2_run2,3850000,1779274908.884398
approach2_run2,3851000,1779274908.970724
approach2_run2,3852000,1779274909.061893
approach2_run2,3853000,1779274909.065422
approach2_run2,3854000,1779274909.152261
approach2_run2,3855000,1779274909.239400
approach2_run2,3856000,1779274909.325372
approach2_run2,3857000,1779274909.327283
approach2_run2,3858000,1779274909.412894
approach2_run2,3859000,1779274909.491161
approach2_run2,3860000,1779274909.576314
approach2_run2,3861000,1779274909.584855
approach2_run2,3862000,1779274909.671270
approach2_run2,3863000,1779274909.748329
approach2_run2,3864000,1779274909.833544
approach2_run2,3865000,1779274909.844040
approach2_run2,3866000,1779274909.929902
approach2_run2,3867000,1779274910.004012
approach2_run2,3868000,1779274910.089214
approach2_run2,3869000,1779274910.103309
approach2_run2,3870000,1779274910.189395
approach2_run2,3871000,1779274910.261368
approach2_run2,3872000,1779274910.346726
approach2_run2,3873000,1779274910.431821
approach2_run2,3874000,1779274910.491091
approach2_run2,3875000,1779274910.599464
approach2_run2,3876000,1779274910.604030
approach2_run2,3877000,1779274910.694028
approach2_run2,3878000,1779274910.777240
approach2_run2,3879000,1779274910.862550
approach2_run2,3880000,1779274910.867594
approach2_run2,3881000,1779274910.953821
approach2_run2,3882000,1779274911.034642
approach2_run2,3883000,1779274911.119883
approach2_run2,3884000,1779274911.127093
approach2_run2,3885000,1779274911.212796
approach2_run2,3886000,1779274911.293246
approach2_run2,3887000,1779274911.378514
approach2_run2,3888000,1779274911.386024
approach2_run2,3889000,1779274911.471958
approach2_run2,3890000,1779274911.550610
approach2_run2,3891000,1779274911.635976
approach2_run2,3892000,1779274911.646142
approach2_run2,3893000,1779274911.731997
approach2_run2,3894000,1779274911.817452
approach2_run2,3895000,1779274911.893879
approach2_run2,3896000,1779274911.978997
approach2_run2,3897000,1779274912.026362
approach2_run2,3898000,1779274912.119665
approach2_run2,3899000,1779274912.151319
approach2_run2,3900000,1779274912.236619
approach2_run2,3901000,1779274912.315683
approach2_run2,3902000,1779274912.408554
approach2_run2,3903000,1779274912.410142
approach2_run2,3904000,1779274912.495532
approach2_run2,3905000,1779274912.580592
approach2_run2,3906000,1779274912.666035
approach2_run2,3907000,1779274912.668148
approach2_run2,3908000,1779274912.754665
approach2_run2,3909000,1779274912.838947
approach2_run2,3910000,1779274912.924302
approach2_run2,3911000,1779274912.928599
approach2_run2,3912000,1779274913.014561
approach2_run2,3913000,1779274913.096729
approach2_run2,3914000,1779274913.188730
approach2_run2,3915000,1779274913.275129
approach2_run2,3916000,1779274913.276891
approach2_run2,3917000,1779274913.360838
approach2_run2,3918000,1779274913.440110
approach2_run2,3919000,1779274913.525206
approach2_run2,3920000,1779274913.533491
approach2_run2,3921000,1779274913.619232
approach2_run2,3922000,1779274913.697302
approach2_run2,3923000,1779274913.782611
approach2_run2,3924000,1779274913.833806
approach2_run2,3925000,1779274913.919810
approach2_run2,3926000,1779274913.954572
approach2_run2,3927000,1779274914.048233
approach2_run2,3928000,1779274914.116270
approach2_run2,3929000,1779274914.209081
approach2_run2,3930000,1779274914.235010
approach2_run2,3931000,1779274914.320227
approach2_run2,3932000,1779274914.393909
approach2_run2,3933000,1779274914.479676
approach2_run2,3934000,1779274914.504521
approach2_run2,3935000,1779274914.589830
approach2_run2,3936000,1779274914.652744
approach2_run2,3937000,1779274914.738459
approach2_run2,3938000,1779274914.824077
approach2_run2,3939000,1779274914.847370
approach2_run2,3940000,1779274914.932629
approach2_run2,3941000,1779274914.997384
approach2_run2,3942000,1779274915.083136
approach2_run2,3943000,1779274915.092803
approach2_run2,3944000,1779274915.178199
approach2_run2,3945000,1779274915.256179
approach2_run2,3946000,1779274915.342076
approach2_run2,3947000,1779274915.362368
approach2_run2,3948000,1779274915.462632
approach2_run2,3949000,1779274915.534097
approach2_run2,3950000,1779274915.619371
approach2_run2,3951000,1779274915.635778
approach2_run2,3952000,1779274915.745071
approach2_run2,3953000,1779274915.780202
approach2_run2,3954000,1779274915.877357
approach2_run2,3955000,1779274915.937033
approach2_run2,3956000,1779274916.023113
approach2_run2,3957000,1779274916.049262
approach2_run2,3958000,1779274916.122935
approach2_run2,3959000,1779274916.219799
approach2_run2,3960000,1779274916.282276
approach2_run2,3961000,1779274916.368143
approach2_run2,3962000,1779274916.380541
approach2_run2,3963000,1779274916.477407
approach2_run2,3964000,1779274916.541648
approach2_run2,3965000,1779274916.627403
approach2_run2,3966000,1779274916.649894
approach2_run2,3967000,1779274916.735172
approach2_run2,3968000,1779274916.800576
approach2_run2,3969000,1779274916.886422
approach2_run2,3970000,1779274916.907251
approach2_run2,3971000,1779274916.992559
approach2_run2,3972000,1779274917.060264
approach2_run2,3973000,1779274917.164657
approach2_run2,3974000,1779274917.178569
approach2_run2,3975000,1779274917.264590
approach2_run2,3976000,1779274917.336893
approach2_run2,3977000,1779274917.422241
approach2_run2,3978000,1779274917.461211
approach2_run2,3979000,1779274917.554528
approach2_run2,3980000,1779274917.651042
approach2_run2,3981000,1779274917.679614
approach2_run2,3982000,1779274917.764856
approach2_run2,3983000,1779274917.825657
approach2_run2,3984000,1779274917.911403
approach2_run2,3985000,1779274917.937156
approach2_run2,3986000,1779274918.022492
approach2_run2,3987000,1779274918.084835
approach2_run2,3988000,1779274918.170885
approach2_run2,3989000,1779274918.196589
approach2_run2,3990000,1779274918.279909
approach2_run2,3991000,1779274918.345189
approach2_run2,3992000,1779274918.431603
approach2_run2,3993000,1779274918.451964
approach2_run2,3994000,1779274918.539075
approach2_run2,3995000,1779274918.625332
approach2_run2,3996000,1779274918.710569
approach2_run2,3997000,1779274918.722805
approach2_run2,3998000,1779274918.808489
approach2_run2,3999000,1779274918.882509
approach2_run2,4000000,1779274918.972233
approach2_run2,4001000,1779274919.004480
approach2_run2,4002000,1779274919.103433
approach2_run2,4003000,1779274919.195512
approach2_run2,4004000,1779274919.236115
approach2_run2,4005000,1779274919.321421
approach2_run2,4006000,1779274919.381031
approach2_run2,4007000,1779274919.467103
approach2_run2,4008000,1779274919.494043
approach2_run2,4009000,1779274919.579256
approach2_run2,4010000,1779274919.640611
approach2_run2,4011000,1779274919.726446
approach2_run2,4012000,1779274919.752109
approach2_run2,4013000,1779274919.837735
approach2_run2,4014000,1779274919.899748
approach2_run2,4015000,1779274919.985895
approach2_run2,4016000,1779274920.009855
approach2_run2,4017000,1779274920.095791
approach2_run2,4018000,1779274920.181623
approach2_run2,4019000,1779274920.268468
approach2_run2,4020000,1779274920.307332
approach2_run2,4021000,1779274920.392759
approach2_run2,4022000,1779274920.441619
approach2_run2,4023000,1779274920.527407
approach2_run2,4024000,1779274920.633746
approach2_run2,4025000,1779274920.650106
approach2_run2,4026000,1779274920.735400
approach2_run2,4027000,1779274920.819209
approach2_run2,4028000,1779274920.908045
approach2_run2,4029000,1779274920.911476
approach2_run2,4030000,1779274921.009817
approach2_run2,4031000,1779274921.079670
approach2_run2,4032000,1779274921.166046
approach2_run2,4033000,1779274921.185308
approach2_run2,4034000,1779274921.270943
approach2_run2,4035000,1779274921.338031
approach2_run2,4036000,1779274921.423380
approach2_run2,4037000,1779274921.444177
approach2_run2,4038000,1779274921.530083
approach2_run2,4039000,1779274921.594687
approach2_run2,4040000,1779274921.681384
approach2_run2,4041000,1779274921.725217
approach2_run2,4042000,1779274921.810946
approach2_run2,4043000,1779274921.853568
approach2_run2,4044000,1779274921.938862
approach2_run2,4045000,1779274922.024133
approach2_run2,4046000,1779274922.070681
approach2_run2,4047000,1779274922.156359
approach2_run2,4048000,1779274922.196404
approach2_run2,4049000,1779274922.281759
approach2_run2,4050000,1779274922.352078
approach2_run2,4051000,1779274922.448167
approach2_run2,4052000,1779274922.454335
approach2_run2,4053000,1779274922.540989
approach2_run2,4054000,1779274922.626246
approach2_run2,4055000,1779274922.711501
approach2_run2,4056000,1779274922.727748
approach2_run2,4057000,1779274922.813701
approach2_run2,4058000,1779274922.883919
approach2_run2,4059000,1779274922.969138
approach2_run2,4060000,1779274922.987591
approach2_run2,4061000,1779274923.073444
approach2_run2,4062000,1779274923.141588
approach2_run2,4063000,1779274923.226768
approach2_run2,4064000,1779274923.246295
approach2_run2,4065000,1779274923.331945
approach2_run2,4066000,1779274923.439251
approach2_run2,4067000,1779274923.484978
approach2_run2,4068000,1779274923.569469
approach2_run2,4069000,1779274923.614126
approach2_run2,4070000,1779274923.700001
approach2_run2,4071000,1779274923.741909
approach2_run2,4072000,1779274923.827376
approach2_run2,4073000,1779274923.906668
approach2_run2,4074000,1779274923.997104
approach2_run2,4075000,1779274923.999378
approach2_run2,4076000,1779274924.085714
approach2_run2,4077000,1779274924.170285
approach2_run2,4078000,1779274924.257362
approach2_run2,4079000,1779274924.270210
approach2_run2,4080000,1779274924.356568
approach2_run2,4081000,1779274924.429786
approach2_run2,4082000,1779274924.522430
approach2_run2,4083000,1779274924.530089
approach2_run2,4084000,1779274924.616137
approach2_run2,4085000,1779274924.698409
approach2_run2,4086000,1779274924.783799
approach2_run2,4087000,1779274924.812338
approach2_run2,4088000,1779274924.897958
approach2_run2,4089000,1779274924.983760
approach2_run2,4090000,1779274925.041158
approach2_run2,4091000,1779274925.126539
approach2_run2,4092000,1779274925.157376
approach2_run2,4093000,1779274925.267131
approach2_run2,4094000,1779274925.298490
approach2_run2,4095000,1779274925.383653
approach2_run2,4096000,1779274925.450924
approach2_run2,4097000,1779274925.540334
approach2_run2,4098000,1779274925.555732
approach2_run2,4099000,1779274925.641092
approach2_run2,4100000,1779274925.713405
approach2_run2,4101000,1779274925.812747
approach2_run2,4102000,1779274925.814410
approach2_run2,4103000,1779274925.900608
approach2_run2,4104000,1779274925.982890
approach2_run2,4105000,1779274926.068059
approach2_run2,4106000,1779274926.074369
approach2_run2,4107000,1779274926.160140
approach2_run2,4108000,1779274926.240212
approach2_run2,4109000,1779274926.325622
approach2_run2,4110000,1779274926.410744
approach2_run2,4111000,1779274926.441869
approach2_run2,4112000,1779274926.527535
approach2_run2,4113000,1779274926.583009
approach2_run2,4114000,1779274926.669853
approach2_run2,4115000,1779274926.725409
approach2_run2,4116000,1779274926.821716
approach2_run2,4117000,1779274926.842234
approach2_run2,4118000,1779274926.927495
approach2_run2,4119000,1779274926.998638
approach2_run2,4120000,1779274927.084420
approach2_run2,4121000,1779274927.099449
approach2_run2,4122000,1779274927.184969
approach2_run2,4123000,1779274927.257556
approach2_run2,4124000,1779274927.356230
approach2_run2,4125000,1779274927.357800
approach2_run2,4126000,1779274927.443344
approach2_run2,4127000,1779274927.529421
approach2_run2,4128000,1779274927.613509
approach2_run2,4129000,1779274927.615903
approach2_run2,4130000,1779274927.701882
approach2_run2,4131000,1779274927.787729
approach2_run2,4132000,1779274927.871114
approach2_run2,4133000,1779274927.956190
approach2_run2,4134000,1779274927.984445
approach2_run2,4135000,1779274928.070517
approach2_run2,4136000,1779274928.128494
approach2_run2,4137000,1779274928.213693
approach2_run2,4138000,1779274928.279572
approach2_run2,4139000,1779274928.365421
approach2_run2,4140000,1779274928.386152
approach2_run2,4141000,1779274928.471419
approach2_run2,4142000,1779274928.540443
approach2_run2,4143000,1779274928.626298
approach2_run2,4144000,1779274928.641537
approach2_run2,4145000,1779274928.726930
approach2_run2,4146000,1779274928.799888
approach2_run2,4147000,1779274928.898534
approach2_run2,4148000,1779274928.900168
approach2_run2,4149000,1779274928.987066
approach2_run2,4150000,1779274929.072587
approach2_run2,4151000,1779274929.157994
approach2_run2,4152000,1779274929.159621
approach2_run2,4153000,1779274929.245055
approach2_run2,4154000,1779274929.330436
approach2_run2,4155000,1779274929.415373
approach2_run2,4156000,1779274929.503061
approach2_run2,4157000,1779274929.518636
approach2_run2,4158000,1779274929.611570
approach2_run2,4159000,1779274929.690417
approach2_run2,4160000,1779274929.775661
approach2_run2,4161000,1779274929.785213
approach2_run2,4162000,1779274929.871279
approach2_run2,4163000,1779274929.947689
approach2_run2,4164000,1779274930.033498
approach2_run2,4165000,1779274930.044423
approach2_run2,4166000,1779274930.154744
approach2_run2,4167000,1779274930.205480
approach2_run2,4168000,1779274930.290837
approach2_run2,4169000,1779274930.341025
approach2_run2,4170000,1779274930.426990
approach2_run2,4171000,1779274930.462907
approach2_run2,4172000,1779274930.548279
approach2_run2,4173000,1779274930.600107
approach2_run2,4174000,1779274930.700229
approach2_run2,4175000,1779274930.786051
approach2_run2,4176000,1779274930.806416
approach2_run2,4177000,1779274930.891008
approach2_run2,4178000,1779274930.959177
approach2_run2,4179000,1779274931.045115
approach2_run2,4180000,1779274931.063036
approach2_run2,4181000,1779274931.148383
approach2_run2,4182000,1779274931.218874
approach2_run2,4183000,1779274931.327497
approach2_run2,4184000,1779274931.336207
approach2_run2,4185000,1779274931.421425
approach2_run2,4186000,1779274931.501027
approach2_run2,4187000,1779274931.612766
approach2_run2,4188000,1779274931.632664
approach2_run2,4189000,1779274931.717993
approach2_run2,4190000,1779274931.765340
approach2_run2,4191000,1779274931.883650
approach2_run2,4192000,1779274931.890539
approach2_run2,4193000,1779274931.975905
approach2_run2,4194000,1779274932.022700
approach2_run2,4195000,1779274932.107925
approach2_run2,4196000,1779274932.193060
approach2_run2,4197000,1779274932.244344
approach2_run2,4198000,1779274932.330178
approach2_run2,4199000,1779274932.365551
approach2_run2,4200000,1779274932.451298
approach2_run2,4201000,1779274932.503545
approach2_run2,4202000,1779274932.589615
approach2_run2,4203000,1779274932.623530
approach2_run2,4204000,1779274932.748456
approach2_run2,4205000,1779274932.786479
approach2_run2,4206000,1779274932.872479
approach2_run2,4207000,1779274932.881052
approach2_run2,4208000,1779274932.966539
approach2_run2,4209000,1779274933.071466
approach2_run2,4210000,1779274933.157238
approach2_run2,4211000,1779274933.178175
approach2_run2,4212000,1779274933.243615
approach2_run2,4213000,1779274933.310686
approach2_run2,4214000,1779274933.395817
approach2_run2,4215000,1779274933.417057
approach2_run2,4216000,1779274933.520847
approach2_run2,4217000,1779274933.606134
approach2_run2,4218000,1779274933.684367
approach2_run2,4219000,1779274933.770896
approach2_run2,4220000,1779274933.778253
approach2_run2,4221000,1779274933.873304
approach2_run2,4222000,1779274933.910640
approach2_run2,4223000,1779274933.996040
approach2_run2,4224000,1779274934.046985
approach2_run2,4225000,1779274934.133785
approach2_run2,4226000,1779274934.168240
approach2_run2,4227000,1779274934.253447
approach2_run2,4228000,1779274934.329786
approach2_run2,4229000,1779274934.416598
approach2_run2,4230000,1779274934.426752
approach2_run2,4231000,1779274934.512110
approach2_run2,4232000,1779274934.598510
approach2_run2,4233000,1779274934.684308
approach2_run2,4234000,1779274934.702266
approach2_run2,4235000,1779274934.808080
approach2_run2,4236000,1779274934.874762
approach2_run2,4237000,1779274934.968363
approach2_run2,4238000,1779274934.980058
approach2_run2,4239000,1779274935.065515
approach2_run2,4240000,1779274935.150763
approach2_run2,4241000,1779274935.237324
approach2_run2,4242000,1779274935.322565
approach2_run2,4243000,1779274935.332318
approach2_run2,4244000,1779274935.418245
approach2_run2,4245000,1779274935.494653
approach2_run2,4246000,1779274935.580208
approach2_run2,4247000,1779274935.591056
approach2_run2,4248000,1779274935.677079
approach2_run2,4249000,1779274935.752409
approach2_run2,4250000,1779274935.837693
approach2_run2,4251000,1779274935.850907
approach2_run2,4252000,1779274935.959465
approach2_run2,4253000,1779274936.009872
approach2_run2,4254000,1779274936.095087
approach2_run2,4255000,1779274936.160635
approach2_run2,4256000,1779274936.254669
approach2_run2,4257000,1779274936.267066
approach2_run2,4258000,1779274936.352378
approach2_run2,4259000,1779274936.427837
approach2_run2,4260000,1779274936.513641
approach2_run2,4261000,1779274936.599461
approach2_run2,4262000,1779274936.609807
approach2_run2,4263000,1779274936.703501
approach2_run2,4264000,1779274936.742538
approach2_run2,4265000,1779274936.827773
approach2_run2,4266000,1779274936.876544
approach2_run2,4267000,1779274936.962335
approach2_run2,4268000,1779274937.000024
approach2_run2,4269000,1779274937.085226
approach2_run2,4270000,1779274937.135681
approach2_run2,4271000,1779274937.221482
approach2_run2,4272000,1779274937.257433
approach2_run2,4273000,1779274937.342877
approach2_run2,4274000,1779274937.418787
approach2_run2,4275000,1779274937.504756
approach2_run2,4276000,1779274937.514957
approach2_run2,4277000,1779274937.615843
approach2_run2,4278000,1779274937.686662
approach2_run2,4279000,1779274937.772107
approach2_run2,4280000,1779274937.789712
approach2_run2,4281000,1779274937.883557
approach2_run2,4282000,1779274937.969957
approach2_run2,4283000,1779274938.029574
approach2_run2,4284000,1779274938.115116
approach2_run2,4285000,1779274938.161674
approach2_run2,4286000,1779274938.247540
approach2_run2,4287000,1779274938.287571
approach2_run2,4288000,1779274938.373349
approach2_run2,4289000,1779274938.421359
approach2_run2,4290000,1779274938.507492
approach2_run2,4291000,1779274938.545735
approach2_run2,4292000,1779274938.631121
approach2_run2,4293000,1779274938.680763
approach2_run2,4294000,1779274938.790203
approach2_run2,4295000,1779274938.803472
approach2_run2,4296000,1779274938.876595
approach2_run2,4297000,1779274938.963930
approach2_run2,4298000,1779274939.060676
approach2_run2,4299000,1779274939.075736
approach2_run2,4300000,1779274939.161721
approach2_run2,4301000,1779274939.233863
approach2_run2,4302000,1779274939.319030
approach2_run2,4303000,1779274939.335107
approach2_run2,4304000,1779274939.421276
approach2_run2,4305000,1779274939.513098
approach2_run2,4306000,1779274939.576428
approach2_run2,4307000,1779274939.686319
approach2_run2,4308000,1779274939.699516
approach2_run2,4309000,1779274939.785131
approach2_run2,4310000,1779274939.860617
approach2_run2,4311000,1779274939.946481
approach2_run2,4312000,1779274939.957304
approach2_run2,4313000,1779274940.042547
approach2_run2,4314000,1779274940.129157
approach2_run2,4315000,1779274940.214588
approach2_run2,4316000,1779274940.224866
approach2_run2,4317000,1779274940.335323
approach2_run2,4318000,1779274940.386681
approach2_run2,4319000,1779274940.477233
approach2_run2,4320000,1779274940.508641
approach2_run2,4321000,1779274940.594466
approach2_run2,4322000,1779274940.649363
approach2_run2,4323000,1779274940.705949
approach2_run2,4324000,1779274940.777661
approach2_run2,4325000,1779274940.862945
approach2_run2,4326000,1779274940.948568
approach2_run2,4327000,1779274940.965202
approach2_run2,4328000,1779274941.051054
approach2_run2,4329000,1779274941.120831
approach2_run2,4330000,1779274941.206331
approach2_run2,4331000,1779274941.231652
approach2_run2,4332000,1779274941.317449
approach2_run2,4333000,1779274941.378452
approach2_run2,4334000,1779274941.464149
approach2_run2,4335000,1779274941.490401
approach2_run2,4336000,1779274941.576174
approach2_run2,4337000,1779274941.636077
approach2_run2,4338000,1779274941.721628
approach2_run2,4339000,1779274941.749856
approach2_run2,4340000,1779274941.851673
approach2_run2,4341000,1779274941.893983
approach2_run2,4342000,1779274941.979245
approach2_run2,4343000,1779274942.051793
approach2_run2,4344000,1779274942.137628
approach2_run2,4345000,1779274942.193923
approach2_run2,4346000,1779274942.279273
approach2_run2,4347000,1779274942.364492
approach2_run2,4348000,1779274942.423174
approach2_run2,4349000,1779274942.508981
approach2_run2,4350000,1779274942.536694
approach2_run2,4351000,1779274942.621899
approach2_run2,4352000,1779274942.689002
approach2_run2,4353000,1779274942.775086
approach2_run2,4354000,1779274942.794163
approach2_run2,4355000,1779274942.879426
approach2_run2,4356000,1779274942.948315
approach2_run2,4357000,1779274943.034435
approach2_run2,4358000,1779274943.049630
approach2_run2,4359000,1779274943.135017
approach2_run2,4360000,1779274943.207323
approach2_run2,4361000,1779274943.293187
approach2_run2,4362000,1779274943.307383
approach2_run2,4363000,1779274943.395274
approach2_run2,4364000,1779274943.438414
approach2_run2,4365000,1779274943.564474
approach2_run2,4366000,1779274943.568244
approach2_run2,4367000,1779274943.682431
approach2_run2,4368000,1779274943.768211
approach2_run2,4369000,1779274943.821851
approach2_run2,4370000,1779274943.907318
approach2_run2,4371000,1779274943.953203
approach2_run2,4372000,1779274944.038566
approach2_run2,4373000,1779274944.052583
approach2_run2,4374000,1779274944.138166
approach2_run2,4375000,1779274944.224972
approach2_run2,4376000,1779274944.318027
approach2_run2,4377000,1779274944.337135
approach2_run2,4378000,1779274944.422434
approach2_run2,4379000,1779274944.491572
approach2_run2,4380000,1779274944.577856
approach2_run2,4381000,1779274944.594550
approach2_run2,4382000,1779274944.679753
approach2_run2,4383000,1779274944.751362
approach2_run2,4384000,1779274944.837074
approach2_run2,4385000,1779274944.855936
approach2_run2,4386000,1779274944.941158
approach2_run2,4387000,1779274945.025305
approach2_run2,4388000,1779274945.108934
approach2_run2,4389000,1779274945.111346
approach2_run2,4390000,1779274945.226003
approach2_run2,4391000,1779274945.311769
approach2_run2,4392000,1779274945.375118
approach2_run2,4393000,1779274945.478987
approach2_run2,4394000,1779274945.509027
approach2_run2,4395000,1779274945.594834
approach2_run2,4396000,1779274945.651262
approach2_run2,4397000,1779274945.736582
approach2_run2,4398000,1779274945.768232
approach2_run2,4399000,1779274945.861680
approach2_run2,4400000,1779274945.908817
approach2_run2,4401000,1779274945.975236
approach2_run2,4402000,1779274946.035274
approach2_run2,4403000,1779274946.120905
approach2_run2,4404000,1779274946.166465
approach2_run2,4405000,1779274946.251754
approach2_run2,4406000,1779274946.296579
approach2_run2,4407000,1779274946.382290
approach2_run2,4408000,1779274946.428869
approach2_run2,4409000,1779274946.513976
approach2_run2,4410000,1779274946.568679
approach2_run2,4411000,1779274946.654403
approach2_run2,4412000,1779274946.766126
approach2_run2,4413000,1779274946.769362
approach2_run2,4414000,1779274946.880252
approach2_run2,4415000,1779274946.943286
approach2_run2,4416000,1779274947.023883
approach2_run2,4417000,1779274947.053331
approach2_run2,4418000,1779274947.139054
approach2_run2,4419000,1779274947.196140
approach2_run2,4420000,1779274947.281960
approach2_run2,4421000,1779274947.311951
approach2_run2,4422000,1779274947.398083
approach2_run2,4423000,1779274947.454233
approach2_run2,4424000,1779274947.539651
approach2_run2,4425000,1779274947.577884
approach2_run2,4426000,1779274947.663827
approach2_run2,4427000,1779274947.711757
approach2_run2,4428000,1779274947.797055
approach2_run2,4429000,1779274947.837310
approach2_run2,4430000,1779274947.922940
approach2_run2,4431000,1779274947.969549
approach2_run2,4432000,1779274948.034914
approach2_run2,4433000,1779274948.120465
approach2_run2,4434000,1779274948.197338
approach2_run2,4435000,1779274948.283085
approach2_run2,4436000,1779274948.312532
approach2_run2,4437000,1779274948.399422
approach2_run2,4438000,1779274948.484222
approach2_run2,4439000,1779274948.569654
approach2_run2,4440000,1779274948.596196
approach2_run2,4441000,1779274948.682449
approach2_run2,4442000,1779274948.741746
approach2_run2,4443000,1779274948.827307
approach2_run2,4444000,1779274948.855707
approach2_run2,4445000,1779274948.941228
approach2_run2,4446000,1779274948.999484
approach2_run2,4447000,1779274949.084993
approach2_run2,4448000,1779274949.121313
approach2_run2,4449000,1779274949.207665
approach2_run2,4450000,1779274949.257010
approach2_run2,4451000,1779274949.342633
approach2_run2,4452000,1779274949.381150
approach2_run2,4453000,1779274949.467335
approach2_run2,4454000,1779274949.515423
approach2_run2,4455000,1779274949.600592
approach2_run2,4456000,1779274949.686051
approach2_run2,4457000,1779274949.740649
approach2_run2,4458000,1779274949.826196
approach2_run2,4459000,1779274949.858577
approach2_run2,4460000,1779274949.946823
approach2_run2,4461000,1779274950.029520
approach2_run2,4462000,1779274950.115600
approach2_run2,4463000,1779274950.138932
approach2_run2,4464000,1779274950.225139
approach2_run2,4465000,1779274950.290590
approach2_run2,4466000,1779274950.375959
approach2_run2,4467000,1779274950.398494
approach2_run2,4468000,1779274950.484828
approach2_run2,4469000,1779274950.547966
approach2_run2,4470000,1779274950.631380
approach2_run2,4471000,1779274950.658240
approach2_run2,4472000,1779274950.750351
approach2_run2,4473000,1779274950.806440
approach2_run2,4474000,1779274950.891753
approach2_run2,4475000,1779274950.924026
approach2_run2,4476000,1779274951.009840
approach2_run2,4477000,1779274951.096895
approach2_run2,4478000,1779274951.149317
approach2_run2,4479000,1779274951.234624
approach2_run2,4480000,1779274951.269835
approach2_run2,4481000,1779274951.355611
approach2_run2,4482000,1779274951.406736
approach2_run2,4483000,1779274951.492019
approach2_run2,4484000,1779274951.541981
approach2_run2,4485000,1779274951.659237
approach2_run2,4486000,1779274951.664097
approach2_run2,4487000,1779274951.767746
approach2_run2,4488000,1779274951.835824
approach2_run2,4489000,1779274951.921052
approach2_run2,4490000,1779274951.941187
approach2_run2,4491000,1779274952.026973
approach2_run2,4492000,1779274952.093169
approach2_run2,4493000,1779274952.178661
approach2_run2,4494000,1779274952.200191
approach2_run2,4495000,1779274952.286131
approach2_run2,4496000,1779274952.351205
approach2_run2,4497000,1779274952.447142
approach2_run2,4498000,1779274952.521703
approach2_run2,4499000,1779274952.552440
approach2_run2,4500000,1779274952.638294
approach2_run2,4501000,1779274952.693926
approach2_run2,4502000,1779274952.779302
approach2_run2,4503000,1779274952.812424
approach2_run2,4504000,1779274952.898623
approach2_run2,4505000,1779274952.962371
approach2_run2,4506000,1779274953.047730
approach2_run2,4507000,1779274953.085030
approach2_run2,4508000,1779274953.170662
approach2_run2,4509000,1779274953.220638
approach2_run2,4510000,1779274953.305125
approach2_run2,4511000,1779274953.391462
approach2_run2,4512000,1779274953.477853
approach2_run2,4513000,1779274953.483718
approach2_run2,4514000,1779274953.569679
approach2_run2,4515000,1779274953.648800
approach2_run2,4516000,1779274953.734078
approach2_run2,4517000,1779274953.743865
approach2_run2,4518000,1779274953.836486
approach2_run2,4519000,1779274953.922302
approach2_run2,4520000,1779274953.991495
approach2_run2,4521000,1779274954.076755
approach2_run2,4522000,1779274954.095701
approach2_run2,4523000,1779274954.181280
approach2_run2,4524000,1779274954.248889
approach2_run2,4525000,1779274954.334084
approach2_run2,4526000,1779274954.354636
approach2_run2,4527000,1779274954.440928
approach2_run2,4528000,1779274954.506350
approach2_run2,4529000,1779274954.591615
approach2_run2,4530000,1779274954.614547
approach2_run2,4531000,1779274954.713910
approach2_run2,4532000,1779274954.763941
approach2_run2,4533000,1779274954.849299
approach2_run2,4534000,1779274954.938358
approach2_run2,4535000,1779274955.024035
approach2_run2,4536000,1779274955.027627
approach2_run2,4537000,1779274955.113853
approach2_run2,4538000,1779274955.193012
approach2_run2,4539000,1779274955.278501
approach2_run2,4540000,1779274955.287002
approach2_run2,4541000,1779274955.380287
approach2_run2,4542000,1779274955.465954
approach2_run2,4543000,1779274955.536307
approach2_run2,4544000,1779274955.622244
approach2_run2,4545000,1779274955.639116
approach2_run2,4546000,1779274955.725442
approach2_run2,4547000,1779274955.794662
approach2_run2,4548000,1779274955.879909
approach2_run2,4549000,1779274955.898409
approach2_run2,4550000,1779274955.985044
approach2_run2,4551000,1779274956.051097
approach2_run2,4552000,1779274956.136610
approach2_run2,4553000,1779274956.172590
approach2_run2,4554000,1779274956.289775
approach2_run2,4555000,1779274956.309782
approach2_run2,4556000,1779274956.399108
approach2_run2,4557000,1779274956.481982
approach2_run2,4558000,1779274956.566867
approach2_run2,4559000,1779274956.572423
approach2_run2,4560000,1779274956.658062
approach2_run2,4561000,1779274956.739163
approach2_run2,4562000,1779274956.826756
approach2_run2,4563000,1779274956.911919
approach2_run2,4564000,1779274956.924723
approach2_run2,4565000,1779274957.010453
approach2_run2,4566000,1779274957.082598
approach2_run2,4567000,1779274957.167243
approach2_run2,4568000,1779274957.183178
approach2_run2,4569000,1779274957.269058
approach2_run2,4570000,1779274957.342829
approach2_run2,4571000,1779274957.428174
approach2_run2,4572000,1779274957.445003
approach2_run2,4573000,1779274957.530493
approach2_run2,4574000,1779274957.599822
approach2_run2,4575000,1779274957.685138
approach2_run2,4576000,1779274957.704277
approach2_run2,4577000,1779274957.790028
approach2_run2,4578000,1779274957.862503
approach2_run2,4579000,1779274957.947928
approach2_run2,4580000,1779274958.005877
approach2_run2,4581000,1779274958.114279
approach2_run2,4582000,1779274958.120004
approach2_run2,4583000,1779274958.205338
approach2_run2,4584000,1779274958.290822
approach2_run2,4585000,1779274958.373549
approach2_run2,4586000,1779274958.459200
approach2_run2,4587000,1779274958.462664
approach2_run2,4588000,1779274958.547905
approach2_run2,4589000,1779274958.634360
approach2_run2,4590000,1779274958.719654
approach2_run2,4591000,1779274958.726237
approach2_run2,4592000,1779274958.839780
approach2_run2,4593000,1779274958.903173
approach2_run2,4594000,1779274958.988968
approach2_run2,4595000,1779274959.012115
approach2_run2,4596000,1779274959.097435
approach2_run2,4597000,1779274959.162714
approach2_run2,4598000,1779274959.234378
approach2_run2,4599000,1779274959.248990
approach2_run2,4600000,1779274959.355110
approach2_run2,4601000,1779274959.437113
approach2_run2,4602000,1779274959.526724
approach2_run2,4603000,1779274959.549479
approach2_run2,4604000,1779274959.658932
approach2_run2,4605000,1779274959.744683
approach2_run2,4606000,1779274959.788638
approach2_run2,4607000,1779274959.873836
approach2_run2,4608000,1779274959.917976
approach2_run2,4609000,1779274960.003722
approach2_run2,4610000,1779274960.041797
approach2_run2,4611000,1779274960.127472
approach2_run2,4612000,1779274960.182215
approach2_run2,4613000,1779274960.273488
approach2_run2,4614000,1779274960.299554
approach2_run2,4615000,1779274960.384989
approach2_run2,4616000,1779274960.447731
approach2_run2,4617000,1779274960.533523
approach2_run2,4618000,1779274960.556924
approach2_run2,4619000,1779274960.642191
approach2_run2,4620000,1779274960.707124
approach2_run2,4621000,1779274960.792799
approach2_run2,4622000,1779274960.814286
approach2_run2,4623000,1779274960.899820
approach2_run2,4624000,1779274960.989938
approach2_run2,4625000,1779274961.075195
approach2_run2,4626000,1779274961.156492
approach2_run2,4627000,1779274961.203028
approach2_run2,4628000,1779274961.288784
approach2_run2,4629000,1779274961.328764
approach2_run2,4630000,1779274961.417740
approach2_run2,4631000,1779274961.461963
approach2_run2,4632000,1779274961.547785
approach2_run2,4633000,1779274961.590536
approach2_run2,4634000,1779274961.676155
approach2_run2,4635000,1779274961.721020
approach2_run2,4636000,1779274961.810573
approach2_run2,4637000,1779274961.848505
approach2_run2,4638000,1779274961.933790
approach2_run2,4639000,1779274961.983698
approach2_run2,4640000,1779274962.069448
approach2_run2,4641000,1779274962.105924
approach2_run2,4642000,1779274962.191118
approach2_run2,4643000,1779274962.247337
approach2_run2,4644000,1779274962.334550
approach2_run2,4645000,1779274962.365652
approach2_run2,4646000,1779274962.450893
approach2_run2,4647000,1779274962.508508
approach2_run2,4648000,1779274962.609353
approach2_run2,4649000,1779274962.707750
approach2_run2,4650000,1779274962.721378
approach2_run2,4651000,1779274962.832455
approach2_run2,4652000,1779274962.880165
approach2_run2,4653000,1779274962.965616
approach2_run2,4654000,1779274963.005913
approach2_run2,4655000,1779274963.091613
approach2_run2,4656000,1779274963.137760
approach2_run2,4657000,1779274963.223197
approach2_run2,4658000,1779274963.266469
approach2_run2,4659000,1779274963.352128
approach2_run2,4660000,1779274963.395724
approach2_run2,4661000,1779274963.480736
approach2_run2,4662000,1779274963.525306
approach2_run2,4663000,1779274963.611285
approach2_run2,4664000,1779274963.652675
approach2_run2,4665000,1779274963.740519
approach2_run2,4666000,1779274963.789965
approach2_run2,4667000,1779274963.875805
approach2_run2,4668000,1779274963.912622
approach2_run2,4669000,1779274963.997990
approach2_run2,4670000,1779274964.083664
approach2_run2,4671000,1779274964.135476
approach2_run2,4672000,1779274964.221238
approach2_run2,4673000,1779274964.253633
approach2_run2,4674000,1779274964.339262
approach2_run2,4675000,1779274964.425083
approach2_run2,4676000,1779274964.510380
approach2_run2,4677000,1779274964.548245
approach2_run2,4678000,1779274964.634067
approach2_run2,4679000,1779274964.685109
approach2_run2,4680000,1779274964.770343
approach2_run2,4681000,1779274964.806920
approach2_run2,4682000,1779274964.894093
approach2_run2,4683000,1779274964.942605
approach2_run2,4684000,1779274965.028022
approach2_run2,4685000,1779274965.068110
approach2_run2,4686000,1779274965.154353
approach2_run2,4687000,1779274965.199957
approach2_run2,4688000,1779274965.285187
approach2_run2,4689000,1779274965.328126
approach2_run2,4690000,1779274965.414048
approach2_run2,4691000,1779274965.502998
approach2_run2,4692000,1779274965.540580
approach2_run2,4693000,1779274965.627801
approach2_run2,4694000,1779274965.678162
approach2_run2,4695000,1779274965.764033
approach2_run2,4696000,1779274965.799813
approach2_run2,4697000,1779274965.881012
approach2_run2,4698000,1779274965.953507
approach2_run2,4699000,1779274966.039275
approach2_run2,4700000,1779274966.057486
approach2_run2,4701000,1779274966.151191
approach2_run2,4702000,1779274966.229263
approach2_run2,4703000,1779274966.309999
approach2_run2,4704000,1779274966.349873
approach2_run2,4705000,1779274966.436893
approach2_run2,4706000,1779274966.486544
approach2_run2,4707000,1779274966.571838
approach2_run2,4708000,1779274966.610857
approach2_run2,4709000,1779274966.696683
approach2_run2,4710000,1779274966.743878
approach2_run2,4711000,1779274966.829212
approach2_run2,4712000,1779274966.919219
approach2_run2,4713000,1779274966.956693
approach2_run2,4714000,1779274967.042743
approach2_run2,4715000,1779274967.091536
approach2_run2,4716000,1779274967.177163
approach2_run2,4717000,1779274967.219026
approach2_run2,4718000,1779274967.306911
approach2_run2,4719000,1779274967.349277
approach2_run2,4720000,1779274967.434511
approach2_run2,4721000,1779274967.479944
approach2_run2,4722000,1779274967.582762
approach2_run2,4723000,1779274967.606769
approach2_run2,4724000,1779274967.687411
approach2_run2,4725000,1779274967.756312
approach2_run2,4726000,1779274967.842314
approach2_run2,4727000,1779274967.864551
approach2_run2,4728000,1779274967.952506
approach2_run2,4729000,1779274968.036330
approach2_run2,4730000,1779274968.121503
approach2_run2,4731000,1779274968.151934
approach2_run2,4732000,1779274968.237975
approach2_run2,4733000,1779274968.325217
approach2_run2,4734000,1779274968.378967
approach2_run2,4735000,1779274968.482004
approach2_run2,4736000,1779274968.499192
approach2_run2,4737000,1779274968.585026
approach2_run2,4738000,1779274968.636254
approach2_run2,4739000,1779274968.721492
approach2_run2,4740000,1779274968.759045
approach2_run2,4741000,1779274968.845019
approach2_run2,4742000,1779274968.894024
approach2_run2,4743000,1779274968.979222
approach2_run2,4744000,1779274969.023206
approach2_run2,4745000,1779274969.109473
approach2_run2,4746000,1779274969.151297
approach2_run2,4747000,1779274969.254534
approach2_run2,4748000,1779274969.299145
approach2_run2,4749000,1779274969.385419
approach2_run2,4750000,1779274969.433642
approach2_run2,4751000,1779274969.519683
approach2_run2,4752000,1779274969.559225
approach2_run2,4753000,1779274969.668731
approach2_run2,4754000,1779274969.779355
approach2_run2,4755000,1779274969.781042
approach2_run2,4756000,1779274969.866714
approach2_run2,4757000,1779274969.951333
approach2_run2,4758000,1779274970.036836
approach2_run2,4759000,1779274970.039940
approach2_run2,4760000,1779274970.125892
approach2_run2,4761000,1779274970.214466
approach2_run2,4762000,1779274970.300267
approach2_run2,4763000,1779274970.301894
approach2_run2,4764000,1779274970.388068
approach2_run2,4765000,1779274970.466470
approach2_run2,4766000,1779274970.551789
approach2_run2,4767000,1779274970.561211
approach2_run2,4768000,1779274970.647044
approach2_run2,4769000,1779274970.730313
approach2_run2,4770000,1779274970.815661
approach2_run2,4771000,1779274970.820793
approach2_run2,4772000,1779274970.914687
approach2_run2,4773000,1779274970.988375
approach2_run2,4774000,1779274971.073955
approach2_run2,4775000,1779274971.152000
approach2_run2,4776000,1779274971.187806
approach2_run2,4777000,1779274971.296891
approach2_run2,4778000,1779274971.331975
approach2_run2,4779000,1779274971.417180
approach2_run2,4780000,1779274971.500800
approach2_run2,4781000,1779274971.587091
approach2_run2,4782000,1779274971.589404
approach2_run2,4783000,1779274971.674679
approach2_run2,4784000,1779274971.760314
approach2_run2,4785000,1779274971.846172
approach2_run2,4786000,1779274971.847806
approach2_run2,4787000,1779274971.936289
approach2_run2,4788000,1779274972.023684
approach2_run2,4789000,1779274972.104012
approach2_run2,4790000,1779274972.109734
approach2_run2,4791000,1779274972.198394
approach2_run2,4792000,1779274972.284774
approach2_run2,4793000,1779274972.370103
approach2_run2,4794000,1779274972.373893
approach2_run2,4795000,1779274972.473192
approach2_run2,4796000,1779274972.558720
approach2_run2,4797000,1779274972.618903
approach2_run2,4798000,1779274972.712769
approach2_run2,4799000,1779274972.731867
approach2_run2,4800000,1779274972.817627
approach2_run2,4801000,1779274972.885334
approach2_run2,4802000,1779274972.970659
approach2_run2,4803000,1779274973.044076
approach2_run2,4804000,1779274973.131132
approach2_run2,4805000,1779274973.142634
approach2_run2,4806000,1779274973.227878
approach2_run2,4807000,1779274973.308253
approach2_run2,4808000,1779274973.394287
approach2_run2,4809000,1779274973.401702
approach2_run2,4810000,1779274973.487100
approach2_run2,4811000,1779274973.567372
approach2_run2,4812000,1779274973.658900
approach2_run2,4813000,1779274973.667353
approach2_run2,4814000,1779274973.752957
approach2_run2,4815000,1779274973.830975
approach2_run2,4816000,1779274973.932671
approach2_run2,4817000,1779274974.018319
approach2_run2,4818000,1779274974.036209
approach2_run2,4819000,1779274974.104743
approach2_run2,4820000,1779274974.174048
approach2_run2,4821000,1779274974.277829
approach2_run2,4822000,1779274974.293646
approach2_run2,4823000,1779274974.383802
approach2_run2,4824000,1779274974.431451
approach2_run2,4825000,1779274974.516829
approach2_run2,4826000,1779274974.587425
approach2_run2,4827000,1779274974.673079
approach2_run2,4828000,1779274974.688992
approach2_run2,4829000,1779274974.774267
approach2_run2,4830000,1779274974.851086
approach2_run2,4831000,1779274974.936658
approach2_run2,4832000,1779274974.980184
approach2_run2,4833000,1779274975.065504
approach2_run2,4834000,1779274975.109875
approach2_run2,4835000,1779274975.210495
approach2_run2,4836000,1779274975.237769
approach2_run2,4837000,1779274975.296831
approach2_run2,4838000,1779274975.382601
approach2_run2,4839000,1779274975.460750
approach2_run2,4840000,1779274975.546092
approach2_run2,4841000,1779274975.562880
approach2_run2,4842000,1779274975.648817
approach2_run2,4843000,1779274975.718175
approach2_run2,4844000,1779274975.803821
approach2_run2,4845000,1779274975.841862
approach2_run2,4846000,1779274975.958652
approach2_run2,4847000,1779274976.009705
approach2_run2,4848000,1779274976.094947
approach2_run2,4849000,1779274976.131778
approach2_run2,4850000,1779274976.217549
approach2_run2,4851000,1779274976.267061
approach2_run2,4852000,1779274976.352388
approach2_run2,4853000,1779274976.394447
approach2_run2,4854000,1779274976.480329
approach2_run2,4855000,1779274976.524712
approach2_run2,4856000,1779274976.609977
approach2_run2,4857000,1779274976.668858
approach2_run2,4858000,1779274976.747999
approach2_run2,4859000,1779274976.833257
approach2_run2,4860000,1779274976.840960
approach2_run2,4861000,1779274976.926490
approach2_run2,4862000,1779274977.005575
approach2_run2,4863000,1779274977.105248
approach2_run2,4864000,1779274977.125082
approach2_run2,4865000,1779274977.210803
approach2_run2,4866000,1779274977.297169
approach2_run2,4867000,1779274977.382506
approach2_run2,4868000,1779274977.416968
approach2_run2,4869000,1779274977.502805
approach2_run2,4870000,1779274977.554868
approach2_run2,4871000,1779274977.640110
approach2_run2,4872000,1779274977.680270
approach2_run2,4873000,1779274977.766382
approach2_run2,4874000,1779274977.812268
approach2_run2,4875000,1779274977.897729
approach2_run2,4876000,1779274977.939286
approach2_run2,4877000,1779274978.025210
approach2_run2,4878000,1779274978.083477
approach2_run2,4879000,1779274978.168765
approach2_run2,4880000,1779274978.253954
approach2_run2,4881000,1779274978.297916
approach2_run2,4882000,1779274978.384015
approach2_run2,4883000,1779274978.412431
approach2_run2,4884000,1779274978.497772
approach2_run2,4885000,1779274978.563689
approach2_run2,4886000,1779274978.649488
approach2_run2,4887000,1779274978.669841
approach2_run2,4888000,1779274978.769989
approach2_run2,4889000,1779274978.843255
approach2_run2,4890000,1779274978.941652
approach2_run2,4891000,1779274978.960281
approach2_run2,4892000,1779274979.045951
approach2_run2,4893000,1779274979.098988
approach2_run2,4894000,1779274979.184342
approach2_run2,4895000,1779274979.222836
approach2_run2,4896000,1779274979.308773
approach2_run2,4897000,1779274979.356470
approach2_run2,4898000,1779274979.441687
approach2_run2,4899000,1779274979.482896
approach2_run2,4900000,1779274979.569054
approach2_run2,4901000,1779274979.654658
approach2_run2,4902000,1779274979.665395
approach2_run2,4903000,1779274979.750629
approach2_run2,4904000,1779274979.837037
approach2_run2,4905000,1779274979.925860
approach2_run2,4906000,1779274979.956670
approach2_run2,4907000,1779274980.042091
approach2_run2,4908000,1779274980.098968
approach2_run2,4909000,1779274980.184593
approach2_run2,4910000,1779274980.214266
approach2_run2,4911000,1779274980.299605
approach2_run2,4912000,1779274980.386383
approach2_run2,4913000,1779274980.471245
approach2_run2,4914000,1779274980.472875
approach2_run2,4915000,1779274980.558211
approach2_run2,4916000,1779274980.643386
approach2_run2,4917000,1779274980.728612
approach2_run2,4918000,1779274980.765275
approach2_run2,4919000,1779274980.852005
approach2_run2,4920000,1779274980.901008
approach2_run2,4921000,1779274981.001083
approach2_run2,4922000,1779274981.086388
approach2_run2,4923000,1779274981.114932
approach2_run2,4924000,1779274981.200904
approach2_run2,4925000,1779274981.259366
approach2_run2,4926000,1779274981.344467
approach2_run2,4927000,1779274981.383674
approach2_run2,4928000,1779274981.477572
approach2_run2,4929000,1779274981.516759
approach2_run2,4930000,1779274981.602063
approach2_run2,4931000,1779274981.650607
approach2_run2,4932000,1779274981.757201
approach2_run2,4933000,1779274981.774449
approach2_run2,4934000,1779274981.870763
approach2_run2,4935000,1779274981.930499
approach2_run2,4936000,1779274982.016309
approach2_run2,4937000,1779274982.042951
approach2_run2,4938000,1779274982.128161
approach2_run2,4939000,1779274982.203577
approach2_run2,4940000,1779274982.300195
approach2_run2,4941000,1779274982.385430
approach2_run2,4942000,1779274982.393585
approach2_run2,4943000,1779274982.479034
approach2_run2,4944000,1779274982.557922
approach2_run2,4945000,1779274982.643198
approach2_run2,4946000,1779274982.653038
approach2_run2,4947000,1779274982.738689
approach2_run2,4948000,1779274982.815811
approach2_run2,4949000,1779274982.901295
approach2_run2,4950000,1779274982.914895
approach2_run2,4951000,1779274983.001185
approach2_run2,4952000,1779274983.072565
approach2_run2,4953000,1779274983.157981
approach2_run2,4954000,1779274983.183609
approach2_run2,4955000,1779274983.278196
approach2_run2,4956000,1779274983.330199
approach2_run2,4957000,1779274983.416664
approach2_run2,4958000,1779274983.473514
approach2_run2,4959000,1779274983.559511
approach2_run2,4960000,1779274983.588639
approach2_run2,4961000,1779274983.673949
approach2_run2,4962000,1779274983.760301
approach2_run2,4963000,1779274983.844710
approach2_run2,4964000,1779274983.933390
approach2_run2,4965000,1779274983.935083
approach2_run2,4966000,1779274984.021897
approach2_run2,4967000,1779274984.102435
approach2_run2,4968000,1779274984.187510
approach2_run2,4969000,1779274984.195342
approach2_run2,4970000,1779274984.280974
approach2_run2,4971000,1779274984.359638
approach2_run2,4972000,1779274984.444909
approach2_run2,4973000,1779274984.457177
approach2_run2,4974000,1779274984.543069
approach2_run2,4975000,1779274984.617291
approach2_run2,4976000,1779274984.690696
approach2_run2,4977000,1779274984.716706
approach2_run2,4978000,1779274984.811767
approach2_run2,4979000,1779274984.874732
approach2_run2,4980000,1779274984.960081
approach2_run2,4981000,1779274984.984674
approach2_run2,4982000,1779274985.078356
approach2_run2,4983000,1779274985.186594
approach2_run2,4984000,1779274985.205813
approach2_run2,4985000,1779274985.291033
approach2_run2,4986000,1779274985.377385
approach2_run2,4987000,1779274985.462963
approach2_run2,4988000,1779274985.476344
approach2_run2,4989000,1779274985.567341
approach2_run2,4990000,1779274985.646440
approach2_run2,4991000,1779274985.731834
approach2_run2,4992000,1779274985.740391
approach2_run2,4993000,1779274985.826176
approach2_run2,4994000,1779274985.907363
approach2_run2,4995000,1779274985.992639
approach2_run2,4996000,1779274986.000279
approach2_run2,4997000,1779274986.086370
approach2_run2,4998000,1779274986.161901
approach2_run2,4999000,1779274986.247301
approach2_run2,5000000,1779274986.259556
approach2_run2,5001000,1779274986.345387
approach2_run2,5002000,1779274986.422613
approach2_run2,5003000,1779274986.508030
approach2_run2,5004000,1779274986.603146
approach2_run2,5005000,1779274986.621393
approach2_run2,5006000,1779274986.707234
approach2_run2,5007000,1779274986.765655
approach2_run2,5008000,1779274986.851067
approach2_run2,5009000,1779274986.902959
approach2_run2,5010000,1779274987.018820
approach2_run2,5011000,1779274987.032741
approach2_run2,5012000,1779274987.118107
approach2_run2,5013000,1779274987.192050
approach2_run2,5014000,1779274987.280217
approach2_run2,5015000,1779274987.284131
approach2_run2,5016000,1779274987.371289
approach2_run2,5017000,1779274987.452503
approach2_run2,5018000,1779274987.538019
approach2_run2,5019000,1779274987.544630
approach2_run2,5020000,1779274987.630924
approach2_run2,5021000,1779274987.710277
approach2_run2,5022000,1779274987.795544
approach2_run2,5023000,1779274987.803689
approach2_run2,5024000,1779274987.898054
approach2_run2,5025000,1779274987.983890
approach2_run2,5026000,1779274988.049397
approach2_run2,5027000,1779274988.138864
approach2_run2,5028000,1779274988.165383
approach2_run2,5029000,1779274988.251104
approach2_run2,5030000,1779274988.310938
approach2_run2,5031000,1779274988.396288
approach2_run2,5032000,1779274988.476704
approach2_run2,5033000,1779274988.562897
approach2_run2,5034000,1779274988.579468
approach2_run2,5035000,1779274988.664774
approach2_run2,5036000,1779274988.741254
approach2_run2,5037000,1779274988.828018
approach2_run2,5038000,1779274988.836868
approach2_run2,5039000,1779274988.914441
approach2_run2,5040000,1779274988.997300
approach2_run2,5041000,1779274989.087161
approach2_run2,5042000,1779274989.094599
approach2_run2,5043000,1779274989.180319
approach2_run2,5044000,1779274989.261400
approach2_run2,5045000,1779274989.340103
approach2_run2,5046000,1779274989.437598
approach2_run2,5047000,1779274989.442933
approach2_run2,5048000,1779274989.528579
approach2_run2,5049000,1779274989.597377
approach2_run2,5050000,1779274989.682672
approach2_run2,5051000,1779274989.732445
approach2_run2,5052000,1779274989.848119
approach2_run2,5053000,1779274989.854791
approach2_run2,5054000,1779274989.940129
approach2_run2,5055000,1779274990.022085
approach2_run2,5056000,1779274990.112442
approach2_run2,5057000,1779274990.124609
approach2_run2,5058000,1779274990.210036
approach2_run2,5059000,1779274990.283770
approach2_run2,5060000,1779274990.369275
approach2_run2,5061000,1779274990.373681
approach2_run2,5062000,1779274990.459573
approach2_run2,5063000,1779274990.554042
approach2_run2,5064000,1779274990.639380
approach2_run2,5065000,1779274990.643254
approach2_run2,5066000,1779274990.729019
approach2_run2,5067000,1779274990.814669
approach2_run2,5068000,1779274990.897058
approach2_run2,5069000,1779274990.982288
approach2_run2,5070000,1779274990.988290
approach2_run2,5071000,1779274991.081669
approach2_run2,5072000,1779274991.154742
approach2_run2,5073000,1779274991.240520
approach2_run2,5074000,1779274991.307778
approach2_run2,5075000,1779274991.393617
approach2_run2,5076000,1779274991.412659
approach2_run2,5077000,1779274991.503473
approach2_run2,5078000,1779274991.573126
approach2_run2,5079000,1779274991.659017
approach2_run2,5080000,1779274991.675470
approach2_run2,5081000,1779274991.761030
approach2_run2,5082000,1779274991.832400
approach2_run2,5083000,1779274991.929573
approach2_run2,5084000,1779274991.933252
approach2_run2,5085000,1779274992.018494
approach2_run2,5086000,1779274992.100085
approach2_run2,5087000,1779274992.185757
approach2_run2,5088000,1779274992.271073
approach2_run2,5089000,1779274992.275045
approach2_run2,5090000,1779274992.360783
approach2_run2,5091000,1779274992.443616
approach2_run2,5092000,1779274992.529257
approach2_run2,5093000,1779274992.540440
approach2_run2,5094000,1779274992.626212
approach2_run2,5095000,1779274992.701260
approach2_run2,5096000,1779274992.786537
approach2_run2,5097000,1779274992.822569
approach2_run2,5098000,1779274992.937359
approach2_run2,5099000,1779274992.958768
approach2_run2,5100000,1779274993.044049
approach2_run2,5101000,1779274993.116402
approach2_run2,5102000,1779274993.202316
approach2_run2,5103000,1779274993.216493
approach2_run2,5104000,1779274993.301888
approach2_run2,5105000,1779274993.373408
approach2_run2,5106000,1779274993.461342
approach2_run2,5107000,1779274993.474223
approach2_run2,5108000,1779274993.559541
approach2_run2,5109000,1779274993.646572
approach2_run2,5110000,1779274993.731462
approach2_run2,5111000,1779274993.816807
approach2_run2,5112000,1779274993.818490
approach2_run2,5113000,1779274993.904157
approach2_run2,5114000,1779274993.988818
approach2_run2,5115000,1779274994.075700
approach2_run2,5116000,1779274994.083669
approach2_run2,5117000,1779274994.169358
approach2_run2,5118000,1779274994.247605
approach2_run2,5119000,1779274994.332949
approach2_run2,5120000,1779274994.395658
approach2_run2,5121000,1779274994.485715
approach2_run2,5122000,1779274994.505115
approach2_run2,5123000,1779274994.588851
approach2_run2,5124000,1779274994.659215
approach2_run2,5125000,1779274994.745105
approach2_run2,5126000,1779274994.761127
approach2_run2,5127000,1779274994.846484
approach2_run2,5128000,1779274994.918689
approach2_run2,5129000,1779274995.004429
approach2_run2,5130000,1779274995.090165
approach2_run2,5131000,1779274995.105030
approach2_run2,5132000,1779274995.190468
approach2_run2,5133000,1779274995.275081
approach2_run2,5134000,1779274995.361083
approach2_run2,5135000,1779274995.362737
approach2_run2,5136000,1779274995.448590
approach2_run2,5137000,1779274995.534008
approach2_run2,5138000,1779274995.619260
approach2_run2,5139000,1779274995.626076
approach2_run2,5140000,1779274995.712025
approach2_run2,5141000,1779274995.791329
approach2_run2,5142000,1779274995.876484
approach2_run2,5143000,1779274995.909079
approach2_run2,5144000,1779274996.028491
approach2_run2,5145000,1779274996.050945
approach2_run2,5146000,1779274996.136171
approach2_run2,5147000,1779274996.201904
approach2_run2,5148000,1779274996.287581
approach2_run2,5149000,1779274996.306163
approach2_run2,5150000,1779274996.391561
approach2_run2,5151000,1779274996.476836
approach2_run2,5152000,1779274996.546505
approach2_run2,5153000,1779274996.632642
approach2_run2,5154000,1779274996.651290
approach2_run2,5155000,1779274996.736557
approach2_run2,5156000,1779274996.818441
approach2_run2,5157000,1779274996.904747
approach2_run2,5158000,1779274996.910748
approach2_run2,5159000,1779274996.996134
approach2_run2,5160000,1779274997.082709
approach2_run2,5161000,1779274997.167873
approach2_run2,5162000,1779274997.170667
approach2_run2,5163000,1779274997.291751
approach2_run2,5164000,1779274997.366824
approach2_run2,5165000,1779274997.452766
approach2_run2,5166000,1779274997.477891
approach2_run2,5167000,1779274997.572206
approach2_run2,5168000,1779274997.649798
approach2_run2,5169000,1779274997.720678
approach2_run2,5170000,1779274997.748592
approach2_run2,5171000,1779274997.834401
approach2_run2,5172000,1779274997.920077
approach2_run2,5173000,1779274997.978417
approach2_run2,5174000,1779274998.064243
approach2_run2,5175000,1779274998.104446
approach2_run2,5176000,1779274998.190208
approach2_run2,5177000,1779274998.250240
approach2_run2,5178000,1779274998.335705
approach2_run2,5179000,1779274998.370203
approach2_run2,5180000,1779274998.455966
approach2_run2,5181000,1779274998.507687
approach2_run2,5182000,1779274998.593062
approach2_run2,5183000,1779274998.629204
approach2_run2,5184000,1779274998.714918
approach2_run2,5185000,1779274998.765185
approach2_run2,5186000,1779274998.851114
approach2_run2,5187000,1779274998.938592
approach2_run2,5188000,1779274999.024387
approach2_run2,5189000,1779274999.031291
approach2_run2,5190000,1779274999.119835
approach2_run2,5191000,1779274999.205454
approach2_run2,5192000,1779274999.281733
approach2_run2,5193000,1779274999.366815
approach2_run2,5194000,1779274999.378564
approach2_run2,5195000,1779274999.475429
approach2_run2,5196000,1779274999.539283
approach2_run2,5197000,1779274999.624567
approach2_run2,5198000,1779274999.648587
approach2_run2,5199000,1779274999.741226
approach2_run2,5200000,1779274999.796143
approach2_run2,5201000,1779274999.881387
approach2_run2,5202000,1779274999.914726
approach2_run2,5203000,1779275000.000482
approach2_run2,5204000,1779275000.054065
approach2_run2,5205000,1779275000.139418
approach2_run2,5206000,1779275000.196064
approach2_run2,5207000,1779275000.310875
approach2_run2,5208000,1779275000.316360
approach2_run2,5209000,1779275000.402179
approach2_run2,5210000,1779275000.482885
approach2_run2,5211000,1779275000.568540
approach2_run2,5212000,1779275000.653700
approach2_run2,5213000,1779275000.663563
approach2_run2,5214000,1779275000.749516
approach2_run2,5215000,1779275000.826357
approach2_run2,5216000,1779275000.911839
approach2_run2,5217000,1779275000.922509
approach2_run2,5218000,1779275001.019032
approach2_run2,5219000,1779275001.084495
approach2_run2,5220000,1779275001.169548
approach2_run2,5221000,1779275001.199031
approach2_run2,5222000,1779275001.284934
approach2_run2,5223000,1779275001.342232
approach2_run2,5224000,1779275001.439083
approach2_run2,5225000,1779275001.458028
approach2_run2,5226000,1779275001.544139
approach2_run2,5227000,1779275001.599750
approach2_run2,5228000,1779275001.696705
approach2_run2,5229000,1779275001.717453
approach2_run2,5230000,1779275001.842660
approach2_run2,5231000,1779275001.856974
approach2_run2,5232000,1779275001.942148
approach2_run2,5233000,1779275002.030317
approach2_run2,5234000,1779275002.114181
approach2_run2,5235000,1779275002.199486
approach2_run2,5236000,1779275002.206081
approach2_run2,5237000,1779275002.292129
approach2_run2,5238000,1779275002.371510
approach2_run2,5239000,1779275002.456615
approach2_run2,5240000,1779275002.465508
approach2_run2,5241000,1779275002.562131
approach2_run2,5242000,1779275002.627577
approach2_run2,5243000,1779275002.712906
approach2_run2,5244000,1779275002.735582
approach2_run2,5245000,1779275002.828331
approach2_run2,5246000,1779275002.885130
approach2_run2,5247000,1779275002.970325
approach2_run2,5248000,1779275003.003404
approach2_run2,5249000,1779275003.089111
approach2_run2,5250000,1779275003.146198
approach2_run2,5251000,1779275003.231501
approach2_run2,5252000,1779275003.301262
approach2_run2,5253000,1779275003.387180
approach2_run2,5254000,1779275003.473202
approach2_run2,5255000,1779275003.488905
approach2_run2,5256000,1779275003.574105
approach2_run2,5257000,1779275003.660540
approach2_run2,5258000,1779275003.745801
approach2_run2,5259000,1779275003.747654
approach2_run2,5260000,1779275003.833642
approach2_run2,5261000,1779275003.921278
approach2_run2,5262000,1779275004.008069
approach2_run2,5263000,1779275004.013170
approach2_run2,5264000,1779275004.098478
approach2_run2,5265000,1779275004.181581
approach2_run2,5266000,1779275004.267571
approach2_run2,5267000,1779275004.270824
approach2_run2,5268000,1779275004.356001
approach2_run2,5269000,1779275004.432801
approach2_run2,5270000,1779275004.518071
approach2_run2,5271000,1779275004.537007
approach2_run2,5272000,1779275004.623552
approach2_run2,5273000,1779275004.690337
approach2_run2,5274000,1779275004.775687
approach2_run2,5275000,1779275004.861067
approach2_run2,5276000,1779275004.888097
approach2_run2,5277000,1779275004.976258
approach2_run2,5278000,1779275005.033233
approach2_run2,5279000,1779275005.118419
approach2_run2,5280000,1779275005.149497
approach2_run2,5281000,1779275005.273912
approach2_run2,5282000,1779275005.290906
approach2_run2,5283000,1779275005.376199
approach2_run2,5284000,1779275005.462923
approach2_run2,5285000,1779275005.547858
approach2_run2,5286000,1779275005.549707
approach2_run2,5287000,1779275005.635294
approach2_run2,5288000,1779275005.719945
approach2_run2,5289000,1779275005.805116
approach2_run2,5290000,1779275005.809177
approach2_run2,5291000,1779275005.895817
approach2_run2,5292000,1779275005.977145
approach2_run2,5293000,1779275006.068825
approach2_run2,5294000,1779275006.072516
approach2_run2,5295000,1779275006.165115
approach2_run2,5296000,1779275006.252077
approach2_run2,5297000,1779275006.329778
approach2_run2,5298000,1779275006.415046
approach2_run2,5299000,1779275006.425638
approach2_run2,5300000,1779275006.516968
approach2_run2,5301000,1779275006.587316
approach2_run2,5302000,1779275006.672378
approach2_run2,5303000,1779275006.692869
approach2_run2,5304000,1779275006.779028
approach2_run2,5305000,1779275006.852930
approach2_run2,5306000,1779275006.929708
approach2_run2,5307000,1779275006.952893
approach2_run2,5308000,1779275007.075769
approach2_run2,5309000,1779275007.101799
approach2_run2,5310000,1779275007.187070
approach2_run2,5311000,1779275007.264144
approach2_run2,5312000,1779275007.350477
approach2_run2,5313000,1779275007.359622
approach2_run2,5314000,1779275007.444898
approach2_run2,5315000,1779275007.524713
approach2_run2,5316000,1779275007.611009
approach2_run2,5317000,1779275007.696648
approach2_run2,5318000,1779275007.710628
approach2_run2,5319000,1779275007.795935
approach2_run2,5320000,1779275007.869805
approach2_run2,5321000,1779275007.966119
approach2_run2,5322000,1779275007.968039
approach2_run2,5323000,1779275008.053793
approach2_run2,5324000,1779275008.139653
approach2_run2,5325000,1779275008.216631
approach2_run2,5326000,1779275008.226073
approach2_run2,5327000,1779275008.316740
approach2_run2,5328000,1779275008.397296
approach2_run2,5329000,1779275008.482708
approach2_run2,5330000,1779275008.489774
approach2_run2,5331000,1779275008.578756
approach2_run2,5332000,1779275008.654798
approach2_run2,5333000,1779275008.740502
approach2_run2,5334000,1779275008.752689
approach2_run2,5335000,1779275008.838712
approach2_run2,5336000,1779275008.912561
approach2_run2,5337000,1779275008.989179
approach2_run2,5338000,1779275009.074382
approach2_run2,5339000,1779275009.152457
approach2_run2,5340000,1779275009.238185
approach2_run2,5341000,1779275009.255455
approach2_run2,5342000,1779275009.340687
approach2_run2,5343000,1779275009.411985
approach2_run2,5344000,1779275009.509459
approach2_run2,5345000,1779275009.512806
approach2_run2,5346000,1779275009.598066
approach2_run2,5347000,1779275009.683040
approach2_run2,5348000,1779275009.760787
approach2_run2,5349000,1779275009.769226
approach2_run2,5350000,1779275009.856275
approach2_run2,5351000,1779275009.942098
approach2_run2,5352000,1779275010.027370
approach2_run2,5353000,1779275010.033060
approach2_run2,5354000,1779275010.118971
approach2_run2,5355000,1779275010.199436
approach2_run2,5356000,1779275010.275483
approach2_run2,5357000,1779275010.293956
approach2_run2,5358000,1779275010.381401
approach2_run2,5359000,1779275010.506716
approach2_run2,5360000,1779275010.533080
approach2_run2,5361000,1779275010.609725
approach2_run2,5362000,1779275010.694399
approach2_run2,5363000,1779275010.780430
approach2_run2,5364000,1779275010.782110
approach2_run2,5365000,1779275010.867851
approach2_run2,5366000,1779275010.953810
approach2_run2,5367000,1779275011.039052
approach2_run2,5368000,1779275011.053331
approach2_run2,5369000,1779275011.139368
approach2_run2,5370000,1779275011.219644
approach2_run2,5371000,1779275011.305288
approach2_run2,5372000,1779275011.313012
approach2_run2,5373000,1779275011.399428
approach2_run2,5374000,1779275011.469481
approach2_run2,5375000,1779275011.562737
approach2_run2,5376000,1779275011.575313
approach2_run2,5377000,1779275011.661311
approach2_run2,5378000,1779275011.742867
approach2_run2,5379000,1779275011.820184
approach2_run2,5380000,1779275011.913280
approach2_run2,5381000,1779275011.923083
approach2_run2,5382000,1779275012.008711
approach2_run2,5383000,1779275012.085751
approach2_run2,5384000,1779275012.171031
approach2_run2,5385000,1779275012.182275
approach2_run2,5386000,1779275012.268547
approach2_run2,5387000,1779275012.343152
approach2_run2,5388000,1779275012.428462
approach2_run2,5389000,1779275012.441847
approach2_run2,5390000,1779275012.527832
approach2_run2,5391000,1779275012.592505
approach2_run2,5392000,1779275012.678043
approach2_run2,5393000,1779275012.754164
approach2_run2,5394000,1779275012.841878
approach2_run2,5395000,1779275012.858088
approach2_run2,5396000,1779275012.943309
approach2_run2,5397000,1779275013.015804
approach2_run2,5398000,1779275013.107301
approach2_run2,5399000,1779275013.112302
approach2_run2,5400000,1779275013.199616
approach2_run2,5401000,1779275013.289389
approach2_run2,5402000,1779275013.364420
approach2_run2,5403000,1779275013.458031
approach2_run2,5404000,1779275013.463453
approach2_run2,5405000,1779275013.549372
approach2_run2,5406000,1779275013.634310
approach2_run2,5407000,1779275013.719524
approach2_run2,5408000,1779275013.723441
approach2_run2,5409000,1779275013.809370
approach2_run2,5410000,1779275013.891722
approach2_run2,5411000,1779275013.976957
approach2_run2,5412000,1779275013.983045
approach2_run2,5413000,1779275014.069855
approach2_run2,5414000,1779275014.145206
approach2_run2,5415000,1779275014.234296
approach2_run2,5416000,1779275014.243357
approach2_run2,5417000,1779275014.329169
approach2_run2,5418000,1779275014.406605
approach2_run2,5419000,1779275014.491794
approach2_run2,5420000,1779275014.503169
approach2_run2,5421000,1779275014.588843
approach2_run2,5422000,1779275014.674418
approach2_run2,5423000,1779275014.749780
approach2_run2,5424000,1779275014.835084
approach2_run2,5425000,1779275014.895864
approach2_run2,5426000,1779275014.984565
approach2_run2,5427000,1779275015.006998
approach2_run2,5428000,1779275015.092411
approach2_run2,5429000,1779275015.158902
approach2_run2,5430000,1779275015.255795
approach2_run2,5431000,1779275015.264631
approach2_run2,5432000,1779275015.349664
approach2_run2,5433000,1779275015.436305
approach2_run2,5434000,1779275015.521457
approach2_run2,5435000,1779275015.525216
approach2_run2,5436000,1779275015.610803
approach2_run2,5437000,1779275015.693508
approach2_run2,5438000,1779275015.778682
approach2_run2,5439000,1779275015.785648
approach2_run2,5440000,1779275015.873870
approach2_run2,5441000,1779275015.950712
approach2_run2,5442000,1779275016.036400
approach2_run2,5443000,1779275016.121557
approach2_run2,5444000,1779275016.133061
approach2_run2,5445000,1779275016.218940
approach2_run2,5446000,1779275016.293988
approach2_run2,5447000,1779275016.379348
approach2_run2,5448000,1779275016.391906
approach2_run2,5449000,1779275016.477649
approach2_run2,5450000,1779275016.550635
approach2_run2,5451000,1779275016.641798
approach2_run2,5452000,1779275016.692252
approach2_run2,5453000,1779275016.778089
approach2_run2,5454000,1779275016.814717
approach2_run2,5455000,1779275016.900314
approach2_run2,5456000,1779275016.952596
approach2_run2,5457000,1779275017.042326
approach2_run2,5458000,1779275017.072450
approach2_run2,5459000,1779275017.157944
approach2_run2,5460000,1779275017.235471
approach2_run2,5461000,1779275017.321239
approach2_run2,5462000,1779275017.410260
approach2_run2,5463000,1779275017.415192
approach2_run2,5464000,1779275017.499871
approach2_run2,5465000,1779275017.586503
approach2_run2,5466000,1779275017.671780
approach2_run2,5467000,1779275017.675148
approach2_run2,5468000,1779275017.761332
approach2_run2,5469000,1779275017.837362
approach2_run2,5470000,1779275017.930255
approach2_run2,5471000,1779275017.935013
approach2_run2,5472000,1779275018.020715
approach2_run2,5473000,1779275018.102622
approach2_run2,5474000,1779275018.188246
approach2_run2,5475000,1779275018.193575
approach2_run2,5476000,1779275018.321024
approach2_run2,5477000,1779275018.360698
approach2_run2,5478000,1779275018.445428
approach2_run2,5479000,1779275018.495849
approach2_run2,5480000,1779275018.582600
approach2_run2,5481000,1779275018.617538
approach2_run2,5482000,1779275018.703933
approach2_run2,5483000,1779275018.789145
approach2_run2,5484000,1779275018.856915
approach2_run2,5485000,1779275018.949328
approach2_run2,5486000,1779275019.002768
approach2_run2,5487000,1779275019.088106
approach2_run2,5488000,1779275019.124830
approach2_run2,5489000,1779275019.213407
approach2_run2,5490000,1779275019.259669
approach2_run2,5491000,1779275019.344995
approach2_run2,5492000,1779275019.389691
approach2_run2,5493000,1779275019.475815
approach2_run2,5494000,1779275019.517085
approach2_run2,5495000,1779275019.602409
approach2_run2,5496000,1779275019.649139
approach2_run2,5497000,1779275019.735994
approach2_run2,5498000,1779275019.774640
approach2_run2,5499000,1779275019.863363
approach2_run2,5500000,1779275019.946176
approach2_run2,5501000,1779275020.032279
approach2_run2,5502000,1779275020.038138
approach2_run2,5503000,1779275020.125701
approach2_run2,5504000,1779275020.211174
approach2_run2,5505000,1779275020.289002
approach2_run2,5506000,1779275020.374243
approach2_run2,5507000,1779275020.385778
approach2_run2,5508000,1779275020.488064
approach2_run2,5509000,1779275020.546330
approach2_run2,5510000,1779275020.631676
approach2_run2,5511000,1779275020.669185
approach2_run2,5512000,1779275020.755038
approach2_run2,5513000,1779275020.803908
approach2_run2,5514000,1779275020.889028
approach2_run2,5515000,1779275020.929405
approach2_run2,5516000,1779275021.018646
approach2_run2,5517000,1779275021.061069
approach2_run2,5518000,1779275021.145119
approach2_run2,5519000,1779275021.192169
approach2_run2,5520000,1779275021.279429
approach2_run2,5521000,1779275021.318689
approach2_run2,5522000,1779275021.408364
approach2_run2,5523000,1779275021.491034
approach2_run2,5524000,1779275021.574083
approach2_run2,5525000,1779275021.659366
approach2_run2,5526000,1779275021.670592
approach2_run2,5527000,1779275021.756596
approach2_run2,5528000,1779275021.833797
approach2_run2,5529000,1779275021.919463
approach2_run2,5530000,1779275021.947788
approach2_run2,5531000,1779275022.033868
approach2_run2,5532000,1779275022.089080
approach2_run2,5533000,1779275022.177120
approach2_run2,5534000,1779275022.206906
approach2_run2,5535000,1779275022.292722
approach2_run2,5536000,1779275022.349906
approach2_run2,5537000,1779275022.435307
approach2_run2,5538000,1779275022.471904
approach2_run2,5539000,1779275022.557709
approach2_run2,5540000,1779275022.614327
approach2_run2,5541000,1779275022.699569
approach2_run2,5542000,1779275022.732172
approach2_run2,5543000,1779275022.819657
approach2_run2,5544000,1779275022.864264
approach2_run2,5545000,1779275022.949643
approach2_run2,5546000,1779275023.034857
approach2_run2,5547000,1779275023.080772
approach2_run2,5548000,1779275023.167097
approach2_run2,5549000,1779275023.206934
approach2_run2,5550000,1779275023.292326
approach2_run2,5551000,1779275023.340399
approach2_run2,5552000,1779275023.464455
approach2_run2,5553000,1779275023.467957
approach2_run2,5554000,1779275023.555594
approach2_run2,5555000,1779275023.636604
approach2_run2,5556000,1779275023.721865
approach2_run2,5557000,1779275023.729170
approach2_run2,5558000,1779275023.816169
approach2_run2,5559000,1779275023.893850
approach2_run2,5560000,1779275023.982159
approach2_run2,5561000,1779275024.007065
approach2_run2,5562000,1779275024.099792
approach2_run2,5563000,1779275024.148791
approach2_run2,5564000,1779275024.234106
approach2_run2,5565000,1779275024.275550
approach2_run2,5566000,1779275024.363358
approach2_run2,5567000,1779275024.449313
approach2_run2,5568000,1779275024.491643
approach2_run2,5569000,1779275024.576988
approach2_run2,5570000,1779275024.623497
approach2_run2,5571000,1779275024.709342
approach2_run2,5572000,1779275024.749126
approach2_run2,5573000,1779275024.840117
approach2_run2,5574000,1779275024.882814
approach2_run2,5575000,1779275025.007648
approach2_run2,5576000,1779275025.012167
approach2_run2,5577000,1779275025.100381
approach2_run2,5578000,1779275025.188400
approach2_run2,5579000,1779275025.269140
approach2_run2,5580000,1779275025.274054
approach2_run2,5581000,1779275025.376560
approach2_run2,5582000,1779275025.441258
approach2_run2,5583000,1779275025.526498
approach2_run2,5584000,1779275025.550170
approach2_run2,5585000,1779275025.642818
approach2_run2,5586000,1779275025.698754
approach2_run2,5587000,1779275025.784197
approach2_run2,5588000,1779275025.869490
approach2_run2,5589000,1779275025.906436
approach2_run2,5590000,1779275025.992655
approach2_run2,5591000,1779275026.042009
approach2_run2,5592000,1779275026.127284
approach2_run2,5593000,1779275026.166824
approach2_run2,5594000,1779275026.253992
approach2_run2,5595000,1779275026.299436
approach2_run2,5596000,1779275026.384989
approach2_run2,5597000,1779275026.427382
approach2_run2,5598000,1779275026.513247
approach2_run2,5599000,1779275026.556783
approach2_run2,5600000,1779275026.641951
approach2_run2,5601000,1779275026.727737
approach2_run2,5602000,1779275026.813898
approach2_run2,5603000,1779275026.815879
approach2_run2,5604000,1779275026.902279
approach2_run2,5605000,1779275026.986586
approach2_run2,5606000,1779275027.071855
approach2_run2,5607000,1779275027.075690
approach2_run2,5608000,1779275027.178304
approach2_run2,5609000,1779275027.265312
approach2_run2,5610000,1779275027.329181
approach2_run2,5611000,1779275027.414424
approach2_run2,5612000,1779275027.438173
approach2_run2,5613000,1779275027.520918
approach2_run2,5614000,1779275027.586766
approach2_run2,5615000,1779275027.671434
approach2_run2,5616000,1779275027.756032
approach2_run2,5617000,1779275027.758047
approach2_run2,5618000,1779275027.843444
approach2_run2,5619000,1779275027.929144
approach2_run2,5620000,1779275027.964421
approach2_run2,5621000,1779275028.047071
approach2_run2,5622000,1779275028.096582
approach2_run2,5623000,1779275028.182153
approach2_run2,5624000,1779275028.267584
approach2_run2,5625000,1779275028.302477
approach2_run2,5626000,1779275028.381552
approach2_run2,5627000,1779275028.448447
approach2_run2,5628000,1779275028.530817
approach2_run2,5629000,1779275028.617471
approach2_run2,5630000,1779275028.702000
approach2_run2,5631000,1779275028.704623
approach2_run2,5632000,1779275028.790507
approach2_run2,5633000,1779275028.829805
approach2_run2,5634000,1779275028.907356
approach2_run2,5635000,1779275028.991855
approach2_run2,5636000,1779275029.048051
approach2_run2,5637000,1779275029.133502
approach2_run2,5638000,1779275029.218874
approach2_run2,5639000,1779275029.241147
approach2_run2,5640000,1779275029.326160
approach2_run2,5641000,1779275029.391738
approach2_run2,5642000,1779275029.477067
approach2_run2,5643000,1779275029.560354
approach2_run2,5644000,1779275029.563050
approach2_run2,5645000,1779275029.648807
approach2_run2,5646000,1779275029.734259
approach2_run2,5647000,1779275029.812916
approach2_run2,5648000,1779275029.856853
approach2_run2,5649000,1779275029.908916
approach2_run2,5650000,1779275030.003836
approach2_run2,5651000,1779275030.089228
approach2_run2,5652000,1779275030.105432
approach2_run2,5653000,1779275030.189956
approach2_run2,5654000,1779275030.274887
approach2_run2,5655000,1779275030.347664
approach2_run2,5656000,1779275030.421623
approach2_run2,5657000,1779275030.503392
approach2_run2,5658000,1779275030.508941
approach2_run2,5659000,1779275030.594307
approach2_run2,5660000,1779275030.674756
approach2_run2,5661000,1779275030.714957
approach2_run2,5662000,1779275030.800152
approach2_run2,5663000,1779275030.850370
approach2_run2,5664000,1779275030.938228
approach2_run2,5665000,1779275031.023977
approach2_run2,5666000,1779275031.050531
approach2_run2,5667000,1779275031.133986
approach2_run2,5668000,1779275031.193812
approach2_run2,5669000,1779275031.281645
approach2_run2,5670000,1779275031.365877
approach2_run2,5671000,1779275031.383419
approach2_run2,5672000,1779275031.453449
approach2_run2,5673000,1779275031.539216
approach2_run2,5674000,1779275031.618495
approach2_run2,5675000,1779275031.702891
approach2_run2,5676000,1779275031.709708
approach2_run2,5677000,1779275031.797034
approach2_run2,5678000,1779275031.882415
approach2_run2,5679000,1779275031.909105
approach2_run2,5680000,1779275031.993861
approach2_run2,5681000,1779275032.078934
approach2_run2,5682000,1779275032.140479
approach2_run2,5683000,1779275032.225944
approach2_run2,5684000,1779275032.311270
approach2_run2,5685000,1779275032.326680
approach2_run2,5686000,1779275032.397170
approach2_run2,5687000,1779275032.479900
approach2_run2,5688000,1779275032.561906
approach2_run2,5689000,1779275032.646128
approach2_run2,5690000,1779275032.654932
approach2_run2,5691000,1779275032.740250
approach2_run2,5692000,1779275032.825621
approach2_run2,5693000,1779275032.856891
approach2_run2,5694000,1779275032.937321
approach2_run2,5695000,1779275032.997837
approach2_run2,5696000,1779275033.081711
approach2_run2,5697000,1779275033.167048
approach2_run2,5698000,1779275033.191809
approach2_run2,5699000,1779275033.275325
approach2_run2,5700000,1779275033.362419
approach2_run2,5701000,1779275033.424729
approach2_run2,5702000,1779275033.510065
approach2_run2,5703000,1779275033.536670
approach2_run2,5704000,1779275033.622717
approach2_run2,5705000,1779275033.682423
approach2_run2,5706000,1779275033.768037
approach2_run2,5707000,1779275033.795688
approach2_run2,5708000,1779275033.884928
approach2_run2,5709000,1779275033.940129
approach2_run2,5710000,1779275034.025354
approach2_run2,5711000,1779275034.100463
approach2_run2,5712000,1779275034.186415
approach2_run2,5713000,1779275034.198857
approach2_run2,5714000,1779275034.284252
approach2_run2,5715000,1779275034.361276
approach2_run2,5716000,1779275034.450085
approach2_run2,5717000,1779275034.456339
approach2_run2,5718000,1779275034.551887
approach2_run2,5719000,1779275034.637272
approach2_run2,5720000,1779275034.709250
approach2_run2,5721000,1779275034.794795
approach2_run2,5722000,1779275034.809445
approach2_run2,5723000,1779275034.897623
approach2_run2,5724000,1779275034.981202
approach2_run2,5725000,1779275035.066871
approach2_run2,5726000,1779275035.070663
approach2_run2,5727000,1779275035.160625
approach2_run2,5728000,1779275035.247996
approach2_run2,5729000,1779275035.324145
approach2_run2,5730000,1779275035.335745
approach2_run2,5731000,1779275035.422528
approach2_run2,5732000,1779275035.483775
approach2_run2,5733000,1779275035.568861
approach2_run2,5734000,1779275035.654167
approach2_run2,5735000,1779275035.684535
approach2_run2,5736000,1779275035.812433
approach2_run2,5737000,1779275035.898827
approach2_run2,5738000,1779275035.907572
approach2_run2,5739000,1779275035.985262
approach2_run2,5740000,1779275036.071851
approach2_run2,5741000,1779275036.085374
approach2_run2,5742000,1779275036.170861
approach2_run2,5743000,1779275036.250208
approach2_run2,5744000,1779275036.337169
approach2_run2,5745000,1779275036.423177
approach2_run2,5746000,1779275036.425401
approach2_run2,5747000,1779275036.526861
approach2_run2,5748000,1779275036.612691
approach2_run2,5749000,1779275036.629479
approach2_run2,5750000,1779275036.709439
approach2_run2,5751000,1779275036.789104
approach2_run2,5752000,1779275036.858044
approach2_run2,5753000,1779275036.942035
approach2_run2,5754000,1779275036.962476
approach2_run2,5755000,1779275037.048931
approach2_run2,5756000,1779275037.134676
approach2_run2,5757000,1779275037.191928
approach2_run2,5758000,1779275037.234544
approach2_run2,5759000,1779275037.309368
approach2_run2,5760000,1779275037.395988
approach2_run2,5761000,1779275037.468575
approach2_run2,5762000,1779275037.526249
approach2_run2,5763000,1779275037.613916
approach2_run2,5764000,1779275037.700389
approach2_run2,5765000,1779275037.712734
approach2_run2,5766000,1779275037.794337
approach2_run2,5767000,1779275037.877390
approach2_run2,5768000,1779275037.921956
approach2_run2,5769000,1779275038.001934
approach2_run2,5770000,1779275038.052589
approach2_run2,5771000,1779275038.138702
approach2_run2,5772000,1779275038.229941
approach2_run2,5773000,1779275038.241843
approach2_run2,5774000,1779275038.327753
approach2_run2,5775000,1779275038.414183
approach2_run2,5776000,1779275038.481335
approach2_run2,5777000,1779275038.562935
approach2_run2,5778000,1779275038.602629
approach2_run2,5779000,1779275038.677959
approach2_run2,5780000,1779275038.765749
approach2_run2,5781000,1779275038.768728
approach2_run2,5782000,1779275038.853361
approach2_run2,5783000,1779275038.941176
approach2_run2,5784000,1779275038.999975
approach2_run2,5785000,1779275039.085267
approach2_run2,5786000,1779275039.166794
approach2_run2,5787000,1779275039.208895
approach2_run2,5788000,1779275039.289993
approach2_run2,5789000,1779275039.374250
approach2_run2,5790000,1779275039.415173
approach2_run2,5791000,1779275039.503117
approach2_run2,5792000,1779275039.589062
approach2_run2,5793000,1779275039.602196
approach2_run2,5794000,1779275039.686069
approach2_run2,5795000,1779275039.768283
approach2_run2,5796000,1779275039.850266
approach2_run2,5797000,1779275039.894447
approach2_run2,5798000,1779275039.957072
approach2_run2,5799000,1779275040.042930
approach2_run2,5800000,1779275040.128746
approach2_run2,5801000,1779275040.140722
approach2_run2,5802000,1779275040.218248
approach2_run2,5803000,1779275040.305226
approach2_run2,5804000,1779275040.372792
approach2_run2,5805000,1779275040.453557
approach2_run2,5806000,1779275040.481439
approach2_run2,5807000,1779275040.569794
approach2_run2,5808000,1779275040.656282
approach2_run2,5809000,1779275040.662539
approach2_run2,5810000,1779275040.783257
approach2_run2,5811000,1779275040.870598
approach2_run2,5812000,1779275040.900894
approach2_run2,5813000,1779275040.974349
approach2_run2,5814000,1779275041.049603
approach2_run2,5815000,1779275041.135665
approach2_run2,5816000,1779275041.180969
approach2_run2,5817000,1779275041.222227
approach2_run2,5818000,1779275041.314720
approach2_run2,5819000,1779275041.412767
approach2_run2,5820000,1779275041.433227
approach2_run2,5821000,1779275041.504629
approach2_run2,5822000,1779275041.586123
approach2_run2,5823000,1779275041.660410
approach2_run2,5824000,1779275041.743434
approach2_run2,5825000,1779275041.763227
approach2_run2,5826000,1779275041.849112
approach2_run2,5827000,1779275041.936797
approach2_run2,5828000,1779275041.949438
approach2_run2,5829000,1779275042.034545
approach2_run2,5830000,1779275042.118993
approach2_run2,5831000,1779275042.191420
approach2_run2,5832000,1779275042.273949
approach2_run2,5833000,1779275042.286154
approach2_run2,5834000,1779275042.382202
approach2_run2,5835000,1779275042.463453
approach2_run2,5836000,1779275042.533911
approach2_run2,5837000,1779275042.601578
approach2_run2,5838000,1779275042.676995
approach2_run2,5839000,1779275042.720811
approach2_run2,5840000,1779275042.791763
approach2_run2,5841000,1779275042.859278
approach2_run2,5842000,1779275042.957002
approach2_run2,5843000,1779275042.978755
approach2_run2,5844000,1779275043.057278
approach2_run2,5845000,1779275043.135925
approach2_run2,5846000,1779275043.222227
approach2_run2,5847000,1779275043.308210
approach2_run2,5848000,1779275043.315192
approach2_run2,5849000,1779275043.394984
approach2_run2,5850000,1779275043.484478
approach2_run2,5851000,1779275043.571317
approach2_run2,5852000,1779275043.578472
approach2_run2,5853000,1779275043.657923
approach2_run2,5854000,1779275043.744175
approach2_run2,5855000,1779275043.835520
approach2_run2,5856000,1779275043.871462
approach2_run2,5857000,1779275043.958660
approach2_run2,5858000,1779275044.012695
approach2_run2,5859000,1779275044.092921
approach2_run2,5860000,1779275044.162885
approach2_run2,5861000,1779275044.221475
approach2_run2,5862000,1779275044.270386
approach2_run2,5863000,1779275044.351184
approach2_run2,5864000,1779275044.421070
approach2_run2,5865000,1779275044.501988
approach2_run2,5866000,1779275044.528410
approach2_run2,5867000,1779275044.608137
approach2_run2,5868000,1779275044.687740
approach2_run2,5869000,1779275044.766746
approach2_run2,5870000,1779275044.853230
approach2_run2,5871000,1779275044.939026
approach2_run2,5872000,1779275044.946221
approach2_run2,5873000,1779275045.031739
approach2_run2,5874000,1779275045.115259
approach2_run2,5875000,1779275045.202461
approach2_run2,5876000,1779275045.204144
approach2_run2,5877000,1779275045.290161
approach2_run2,5878000,1779275045.379339
approach2_run2,5879000,1779275045.464647
approach2_run2,5880000,1779275045.502220
approach2_run2,5881000,1779275045.592218
approach2_run2,5882000,1779275045.636809
approach2_run2,5883000,1779275045.722287
approach2_run2,5884000,1779275045.765603
approach2_run2,5885000,1779275045.851568
approach2_run2,5886000,1779275045.894721
approach2_run2,5887000,1779275045.980299
approach2_run2,5888000,1779275046.024996
approach2_run2,5889000,1779275046.117080
approach2_run2,5890000,1779275046.152740
approach2_run2,5891000,1779275046.238206
approach2_run2,5892000,1779275046.323086
approach2_run2,5893000,1779275046.390831
approach2_run2,5894000,1779275046.476793
approach2_run2,5895000,1779275046.495168
approach2_run2,5896000,1779275046.580410
approach2_run2,5897000,1779275046.654422
approach2_run2,5898000,1779275046.740658
approach2_run2,5899000,1779275046.752959
approach2_run2,5900000,1779275046.838807
approach2_run2,5901000,1779275046.916068
approach2_run2,5902000,1779275047.001997
approach2_run2,5903000,1779275047.011330
approach2_run2,5904000,1779275047.096562
approach2_run2,5905000,1779275047.177242
approach2_run2,5906000,1779275047.263466
approach2_run2,5907000,1779275047.269153
approach2_run2,5908000,1779275047.388596
approach2_run2,5909000,1779275047.440977
approach2_run2,5910000,1779275047.525258
approach2_run2,5911000,1779275047.569601
approach2_run2,5912000,1779275047.655517
approach2_run2,5913000,1779275047.742323
approach2_run2,5914000,1779275047.784250
approach2_run2,5915000,1779275047.869452
approach2_run2,5916000,1779275047.917568
approach2_run2,5917000,1779275048.003558
approach2_run2,5918000,1779275048.044964
approach2_run2,5919000,1779275048.127177
approach2_run2,5920000,1779275048.192044
approach2_run2,5921000,1779275048.277850
approach2_run2,5922000,1779275048.298734
approach2_run2,5923000,1779275048.384311
approach2_run2,5924000,1779275048.453039
approach2_run2,5925000,1779275048.539433
approach2_run2,5926000,1779275048.560795
approach2_run2,5927000,1779275048.646502
approach2_run2,5928000,1779275048.716481
approach2_run2,5929000,1779275048.802657
approach2_run2,5930000,1779275048.818675
approach2_run2,5931000,1779275048.904023
approach2_run2,5932000,1779275048.991318
approach2_run2,5933000,1779275049.076580
approach2_run2,5934000,1779275049.161698
approach2_run2,5935000,1779275049.198001
approach2_run2,5936000,1779275049.283847
approach2_run2,5937000,1779275049.333967
approach2_run2,5938000,1779275049.420251
approach2_run2,5939000,1779275049.457713
approach2_run2,5940000,1779275049.545224
approach2_run2,5941000,1779275049.592213
approach2_run2,5942000,1779275049.677408
approach2_run2,5943000,1779275049.735274
approach2_run2,5944000,1779275049.821718
approach2_run2,5945000,1779275049.859584
approach2_run2,5946000,1779275049.934769
approach2_run2,5947000,1779275049.994947
approach2_run2,5948000,1779275050.080676
approach2_run2,5949000,1779275050.106879
approach2_run2,5950000,1779275050.192246
approach2_run2,5951000,1779275050.254720
approach2_run2,5952000,1779275050.343907
approach2_run2,5953000,1779275050.374605
approach2_run2,5954000,1779275050.472223
approach2_run2,5955000,1779275050.559690
approach2_run2,5956000,1779275050.631435
approach2_run2,5957000,1779275050.716796
approach2_run2,5958000,1779275050.737896
approach2_run2,5959000,1779275050.829678
approach2_run2,5960000,1779275050.888878
approach2_run2,5961000,1779275050.974224
approach2_run2,5962000,1779275051.002607
approach2_run2,5963000,1779275051.088431
approach2_run2,5964000,1779275051.146524
approach2_run2,5965000,1779275051.231639
approach2_run2,5966000,1779275051.279604
approach2_run2,5967000,1779275051.365170
approach2_run2,5968000,1779275051.441227
approach2_run2,5969000,1779275051.526569
approach2_run2,5970000,1779275051.538517
approach2_run2,5971000,1779275051.624696
approach2_run2,5972000,1779275051.698678
approach2_run2,5973000,1779275051.747065
approach2_run2,5974000,1779275051.798064
approach2_run2,5975000,1779275051.887397
approach2_run2,5976000,1779275051.956597
approach2_run2,5977000,1779275052.041904
approach2_run2,5978000,1779275052.090097
approach2_run2,5979000,1779275052.176759
approach2_run2,5980000,1779275052.261824
approach2_run2,5981000,1779275052.274744
approach2_run2,5982000,1779275052.365527
approach2_run2,5983000,1779275052.434263
approach2_run2,5984000,1779275052.519451
approach2_run2,5985000,1779275052.538827
approach2_run2,5986000,1779275052.631593
approach2_run2,5987000,1779275052.691763
approach2_run2,5988000,1779275052.777098
approach2_run2,5989000,1779275052.804851
approach2_run2,5990000,1779275052.907721
approach2_run2,5991000,1779275052.986298
approach2_run2,5992000,1779275053.034617
approach2_run2,5993000,1779275053.081131
approach2_run2,5994000,1779275053.167031
approach2_run2,5995000,1779275053.206746
approach2_run2,5996000,1779275053.292041
approach2_run2,5997000,1779275053.340840
approach2_run2,5998000,1779275053.426755
approach2_run2,5999000,1779275053.512701
approach2_run2,6000000,1779275053.586777
approach2_run2,6001000,1779275053.672664
approach2_run2,6002000,1779275053.730625
approach2_run2,6003000,1779275053.816364
approach2_run2,6004000,1779275053.844758
approach2_run2,6005000,1779275053.930098
approach2_run2,6006000,1779275053.989369
approach2_run2,6007000,1779275054.063824
approach2_run2,6008000,1779275054.075857
approach2_run2,6009000,1779275054.161720
approach2_run2,6010000,1779275054.235958
approach2_run2,6011000,1779275054.321288
approach2_run2,6012000,1779275054.334852
approach2_run2,6013000,1779275054.424295
approach2_run2,6014000,1779275054.493444
approach2_run2,6015000,1779275054.605428
approach2_run2,6016000,1779275054.616930
approach2_run2,6017000,1779275054.708560
approach2_run2,6018000,1779275054.788646
approach2_run2,6019000,1779275054.874235
approach2_run2,6020000,1779275054.959754
approach2_run2,6021000,1779275054.968041
approach2_run2,6022000,1779275055.053828
approach2_run2,6023000,1779275055.131490
approach2_run2,6024000,1779275055.217438
approach2_run2,6025000,1779275055.228264
approach2_run2,6026000,1779275055.314072
approach2_run2,6027000,1779275055.388829
approach2_run2,6028000,1779275055.474137
approach2_run2,6029000,1779275055.531734
approach2_run2,6030000,1779275055.617559
approach2_run2,6031000,1779275055.646392
approach2_run2,6032000,1779275055.731731
approach2_run2,6033000,1779275055.790511
approach2_run2,6034000,1779275055.876419
approach2_run2,6035000,1779275055.903776
approach2_run2,6036000,1779275055.989001
approach2_run2,6037000,1779275056.053670
approach2_run2,6038000,1779275056.147267
approach2_run2,6039000,1779275056.161191
approach2_run2,6040000,1779275056.246546
approach2_run2,6041000,1779275056.331812
approach2_run2,6042000,1779275056.406346
approach2_run2,6043000,1779275056.503916
approach2_run2,6044000,1779275056.509084
approach2_run2,6045000,1779275056.595079
approach2_run2,6046000,1779275056.676527
approach2_run2,6047000,1779275056.762144
approach2_run2,6048000,1779275056.768012
approach2_run2,6049000,1779275056.856724
approach2_run2,6050000,1779275056.933786
approach2_run2,6051000,1779275057.019198
approach2_run2,6052000,1779275057.033347
approach2_run2,6053000,1779275057.119066
approach2_run2,6054000,1779275057.191387
approach2_run2,6055000,1779275057.276622
approach2_run2,6056000,1779275057.333713
approach2_run2,6057000,1779275057.419930
approach2_run2,6058000,1779275057.469229
approach2_run2,6059000,1779275057.554492
approach2_run2,6060000,1779275057.596249
approach2_run2,6061000,1779275057.682237
approach2_run2,6062000,1779275057.776860
approach2_run2,6063000,1779275057.791822
approach2_run2,6064000,1779275057.897263
approach2_run2,6065000,1779275057.951631
approach2_run2,6066000,1779275058.052295
approach2_run2,6067000,1779275058.069383
approach2_run2,6068000,1779275058.154670
approach2_run2,6069000,1779275058.225115
approach2_run2,6070000,1779275058.310903
approach2_run2,6071000,1779275058.326691
approach2_run2,6072000,1779275058.416477
approach2_run2,6073000,1779275058.486122
approach2_run2,6074000,1779275058.575263
approach2_run2,6075000,1779275058.588488
approach2_run2,6076000,1779275058.673714
approach2_run2,6077000,1779275058.755652
approach2_run2,6078000,1779275058.841121
approach2_run2,6079000,1779275058.876431
approach2_run2,6080000,1779275058.962430
approach2_run2,6081000,1779275059.013281
approach2_run2,6082000,1779275059.079770
approach2_run2,6083000,1779275059.183954
approach2_run2,6084000,1779275059.235375
approach2_run2,6085000,1779275059.321857
approach2_run2,6086000,1779275059.356175
approach2_run2,6087000,1779275059.442050
approach2_run2,6088000,1779275059.495724
approach2_run2,6089000,1779275059.596121
approach2_run2,6090000,1779275059.614383
approach2_run2,6091000,1779275059.699609
approach2_run2,6092000,1779275059.769465
approach2_run2,6093000,1779275059.855919
approach2_run2,6094000,1779275059.871784
approach2_run2,6095000,1779275059.957293
approach2_run2,6096000,1779275060.033037
approach2_run2,6097000,1779275060.118949
approach2_run2,6098000,1779275060.129553
approach2_run2,6099000,1779275060.214842
approach2_run2,6100000,1779275060.301291
approach2_run2,6101000,1779275060.386733
approach2_run2,6102000,1779275060.428560
approach2_run2,6103000,1779275060.514361
approach2_run2,6104000,1779275060.565401
approach2_run2,6105000,1779275060.643880
approach2_run2,6106000,1779275060.729056
approach2_run2,6107000,1779275060.779276
approach2_run2,6108000,1779275060.865128
approach2_run2,6109000,1779275060.908368
approach2_run2,6110000,1779275060.986686
approach2_run2,6111000,1779275061.039712
approach2_run2,6112000,1779275061.125431
approach2_run2,6113000,1779275061.159044
approach2_run2,6114000,1779275061.244385
approach2_run2,6115000,1779275061.298475
approach2_run2,6116000,1779275061.396574
approach2_run2,6117000,1779275061.416807
approach2_run2,6118000,1779275061.502187
approach2_run2,6119000,1779275061.587489
approach2_run2,6120000,1779275061.638835
approach2_run2,6121000,1779275061.722277
approach2_run2,6122000,1779275061.759942
approach2_run2,6123000,1779275061.834656
approach2_run2,6124000,1779275061.912609
approach2_run2,6125000,1779275061.920368
approach2_run2,6126000,1779275062.016828
approach2_run2,6127000,1779275062.102492
approach2_run2,6128000,1779275062.171298
approach2_run2,6129000,1779275062.256089
approach2_run2,6130000,1779275062.340075
approach2_run2,6131000,1779275062.360223
approach2_run2,6132000,1779275062.445473
approach2_run2,6133000,1779275062.497421
approach2_run2,6134000,1779275062.581324
approach2_run2,6135000,1779275062.659582
approach2_run2,6136000,1779275062.703448
approach2_run2,6137000,1779275062.788820
approach2_run2,6138000,1779275062.874197
approach2_run2,6139000,1779275062.903779
approach2_run2,6140000,1779275062.960366
approach2_run2,6141000,1779275063.045671
approach2_run2,6142000,1779275063.119223
approach2_run2,6143000,1779275063.199638
approach2_run2,6144000,1779275063.218233
approach2_run2,6145000,1779275063.303823
approach2_run2,6146000,1779275063.389172
approach2_run2,6147000,1779275063.438723
approach2_run2,6148000,1779275063.523190
approach2_run2,6149000,1779275063.561762
approach2_run2,6150000,1779275063.647201
approach2_run2,6151000,1779275063.732614
approach2_run2,6152000,1779275063.765574
approach2_run2,6153000,1779275063.849426
approach2_run2,6154000,1779275063.904425
approach2_run2,6155000,1779275063.990002
approach2_run2,6156000,1779275064.039856
approach2_run2,6157000,1779275064.115477
approach2_run2,6158000,1779275064.191956
approach2_run2,6159000,1779275064.247552
approach2_run2,6160000,1779275064.312483
approach2_run2,6161000,1779275064.373721
approach2_run2,6162000,1779275064.450995
approach2_run2,6163000,1779275064.492335
approach2_run2,6164000,1779275064.591183
approach2_run2,6165000,1779275064.641056
approach2_run2,6166000,1779275064.716779
approach2_run2,6167000,1779275064.792900
approach2_run2,6168000,1779275064.848711
approach2_run2,6169000,1779275064.914418
approach2_run2,6170000,1779275064.982338
approach2_run2,6171000,1779275065.059256
approach2_run2,6172000,1779275065.107039
approach2_run2,6173000,1779275065.177825
approach2_run2,6174000,1779275065.256309
approach2_run2,6175000,1779275065.323370
approach2_run2,6176000,1779275065.394121
approach2_run2,6177000,1779275065.430408
approach2_run2,6178000,1779275065.516201
approach2_run2,6179000,1779275065.583144
approach2_run2,6180000,1779275065.665535
approach2_run2,6181000,1779275065.707833
approach2_run2,6182000,1779275065.778465
approach2_run2,6183000,1779275065.856760
approach2_run2,6184000,1779275065.925332
approach2_run2,6185000,1779275066.003656
approach2_run2,6186000,1779275066.050900
approach2_run2,6187000,1779275066.120837
approach2_run2,6188000,1779275066.199925
approach2_run2,6189000,1779275066.267390
approach2_run2,6190000,1779275066.312636
approach2_run2,6191000,1779275066.382284
approach2_run2,6192000,1779275066.463247
approach2_run2,6193000,1779275066.541240
approach2_run2,6194000,1779275066.566081
approach2_run2,6195000,1779275066.651721
approach2_run2,6196000,1779275066.725502
approach2_run2,6197000,1779275066.806508
approach2_run2,6198000,1779275066.891879
approach2_run2,6199000,1779275066.910862
approach2_run2,6200000,1779275066.996136
approach2_run2,6201000,1779275067.060566
approach2_run2,6202000,1779275067.145927
approach2_run2,6203000,1779275067.191569
approach2_run2,6204000,1779275067.277478
approach2_run2,6205000,1779275067.340152
approach2_run2,6206000,1779275067.425388
approach2_run2,6207000,1779275067.451689
approach2_run2,6208000,1779275067.546222
approach2_run2,6209000,1779275067.597492
approach2_run2,6210000,1779275067.682944
approach2_run2,6211000,1779275067.723945
approach2_run2,6212000,1779275067.809834
approach2_run2,6213000,1779275067.855562
approach2_run2,6214000,1779275067.918241
approach2_run2,6215000,1779275068.026436
approach2_run2,6216000,1779275068.069563
approach2_run2,6217000,1779275068.170431
approach2_run2,6218000,1779275068.175335
approach2_run2,6219000,1779275068.263301
approach2_run2,6220000,1779275068.346945
approach2_run2,6221000,1779275068.406098
approach2_run2,6222000,1779275068.436464
approach2_run2,6223000,1779275068.522232
approach2_run2,6224000,1779275068.578279
approach2_run2,6225000,1779275068.689696
approach2_run2,6226000,1779275068.698786
approach2_run2,6227000,1779275068.784503
approach2_run2,6228000,1779275068.861826
approach2_run2,6229000,1779275068.947243
approach2_run2,6230000,1779275068.992472
approach2_run2,6231000,1779275069.080618
approach2_run2,6232000,1779275069.119362
approach2_run2,6233000,1779275069.204680
approach2_run2,6234000,1779275069.267693
approach2_run2,6235000,1779275069.353500
approach2_run2,6236000,1779275069.400967
approach2_run2,6237000,1779275069.486270
approach2_run2,6238000,1779275069.571859
approach2_run2,6239000,1779275069.613391
approach2_run2,6240000,1779275069.715187
approach2_run2,6241000,1779275069.743986
approach2_run2,6242000,1779275069.829147
approach2_run2,6243000,1779275069.894020
approach2_run2,6244000,1779275069.980383
approach2_run2,6245000,1779275070.001348
approach2_run2,6246000,1779275070.086620
approach2_run2,6247000,1779275070.153539
approach2_run2,6248000,1779275070.240981
approach2_run2,6249000,1779275070.258814
approach2_run2,6250000,1779275070.354076
approach2_run2,6251000,1779275070.416699
approach2_run2,6252000,1779275070.525812
approach2_run2,6253000,1779275070.535263
approach2_run2,6254000,1779275070.621141
approach2_run2,6255000,1779275070.698247
approach2_run2,6256000,1779275070.783641
approach2_run2,6257000,1779275070.807554
approach2_run2,6258000,1779275070.897218
approach2_run2,6259000,1779275070.983832
approach2_run2,6260000,1779275071.041054
approach2_run2,6261000,1779275071.126443
approach2_run2,6262000,1779275071.156862
approach2_run2,6263000,1779275071.258654
approach2_run2,6264000,1779275071.298437
approach2_run2,6265000,1779275071.373985
approach2_run2,6266000,1779275071.436738
approach2_run2,6267000,1779275071.522846
approach2_run2,6268000,1779275071.556228
approach2_run2,6269000,1779275071.631424
approach2_run2,6270000,1779275071.697053
approach2_run2,6271000,1779275071.783350
approach2_run2,6272000,1779275071.813552
approach2_run2,6273000,1779275071.898782
approach2_run2,6274000,1779275071.959526
approach2_run2,6275000,1779275072.070502
approach2_run2,6276000,1779275072.078109
approach2_run2,6277000,1779275072.163794
approach2_run2,6278000,1779275072.242565
approach2_run2,6279000,1779275072.327838
approach2_run2,6280000,1779275072.351523
approach2_run2,6281000,1779275072.439516
approach2_run2,6282000,1779275072.526497
approach2_run2,6283000,1779275072.585694
approach2_run2,6284000,1779275072.670790
approach2_run2,6285000,1779275072.716553
approach2_run2,6286000,1779275072.807551
approach2_run2,6287000,1779275072.842975
approach2_run2,6288000,1779275072.928573
approach2_run2,6289000,1779275072.981568
approach2_run2,6290000,1779275073.067497
approach2_run2,6291000,1779275073.100416
approach2_run2,6292000,1779275073.191174
approach2_run2,6293000,1779275073.240296
approach2_run2,6294000,1779275073.325946
approach2_run2,6295000,1779275073.357681
approach2_run2,6296000,1779275073.443021
approach2_run2,6297000,1779275073.501828
approach2_run2,6298000,1779275073.605448
approach2_run2,6299000,1779275073.620711
approach2_run2,6300000,1779275073.706374
approach2_run2,6301000,1779275073.777820
approach2_run2,6302000,1779275073.872275
approach2_run2,6303000,1779275073.957365
approach2_run2,6304000,1779275073.983018
approach2_run2,6305000,1779275074.069278
approach2_run2,6306000,1779275074.129896
approach2_run2,6307000,1779275074.220393
approach2_run2,6308000,1779275074.242610
approach2_run2,6309000,1779275074.345476
approach2_run2,6310000,1779275074.393073
approach2_run2,6311000,1779275074.478366
approach2_run2,6312000,1779275074.523252
approach2_run2,6313000,1779275074.609159
approach2_run2,6314000,1779275074.650862
approach2_run2,6315000,1779275074.736119
approach2_run2,6316000,1779275074.782994
approach2_run2,6317000,1779275074.868737
approach2_run2,6318000,1779275074.908215
approach2_run2,6319000,1779275074.993704
approach2_run2,6320000,1779275075.041934
approach2_run2,6321000,1779275075.130060
approach2_run2,6322000,1779275075.166003
approach2_run2,6323000,1779275075.251415
approach2_run2,6324000,1779275075.336055
approach2_run2,6325000,1779275075.417779
approach2_run2,6326000,1779275075.502917
approach2_run2,6327000,1779275075.525662
approach2_run2,6328000,1779275075.612471
approach2_run2,6329000,1779275075.665800
approach2_run2,6330000,1779275075.760679
approach2_run2,6331000,1779275075.786345
approach2_run2,6332000,1779275075.872232
approach2_run2,6333000,1779275075.932739
approach2_run2,6334000,1779275076.018111
approach2_run2,6335000,1779275076.061058
approach2_run2,6336000,1779275076.147256
approach2_run2,6337000,1779275076.195601
approach2_run2,6338000,1779275076.280881
approach2_run2,6339000,1779275076.324724
approach2_run2,6340000,1779275076.411705
approach2_run2,6341000,1779275076.453261
approach2_run2,6342000,1779275076.533036
approach2_run2,6343000,1779275076.585018
approach2_run2,6344000,1779275076.670825
approach2_run2,6345000,1779275076.705208
approach2_run2,6346000,1779275076.790463
approach2_run2,6347000,1779275076.875778
approach2_run2,6348000,1779275076.932190
approach2_run2,6349000,1779275077.047395
approach2_run2,6350000,1779275077.051814
approach2_run2,6351000,1779275077.152510
approach2_run2,6352000,1779275077.219484
approach2_run2,6353000,1779275077.304784
approach2_run2,6354000,1779275077.326644
approach2_run2,6355000,1779275077.412444
approach2_run2,6356000,1779275077.476910
approach2_run2,6357000,1779275077.567676
approach2_run2,6358000,1779275077.586437
approach2_run2,6359000,1779275077.672744
approach2_run2,6360000,1779275077.739820
approach2_run2,6361000,1779275077.825157
approach2_run2,6362000,1779275077.869170
approach2_run2,6363000,1779275077.955686
approach2_run2,6364000,1779275077.997221
approach2_run2,6365000,1779275078.082603
approach2_run2,6366000,1779275078.128712
approach2_run2,6367000,1779275078.214421
approach2_run2,6368000,1779275078.301028
approach2_run2,6369000,1779275078.339899
approach2_run2,6370000,1779275078.425269
approach2_run2,6371000,1779275078.474418
approach2_run2,6372000,1779275078.594285
approach2_run2,6373000,1779275078.597474
approach2_run2,6374000,1779275078.695935
approach2_run2,6375000,1779275078.769636
approach2_run2,6376000,1779275078.854828
approach2_run2,6377000,1779275078.870926
approach2_run2,6378000,1779275078.956563
approach2_run2,6379000,1779275079.026695
approach2_run2,6380000,1779275079.112840
approach2_run2,6381000,1779275079.130388
approach2_run2,6382000,1779275079.216314
approach2_run2,6383000,1779275079.291767
approach2_run2,6384000,1779275079.377076
approach2_run2,6385000,1779275079.412627
approach2_run2,6386000,1779275079.498638
approach2_run2,6387000,1779275079.562275
approach2_run2,6388000,1779275079.647605
approach2_run2,6389000,1779275079.672458
approach2_run2,6390000,1779275079.758281
approach2_run2,6391000,1779275079.843949
approach2_run2,6392000,1779275079.905057
approach2_run2,6393000,1779275079.990683
approach2_run2,6394000,1779275080.017560
approach2_run2,6395000,1779275080.103339
approach2_run2,6396000,1779275080.162937
approach2_run2,6397000,1779275080.248514
approach2_run2,6398000,1779275080.276657
approach2_run2,6399000,1779275080.407517
approach2_run2,6400000,1779275080.420509
approach2_run2,6401000,1779275080.505846
approach2_run2,6402000,1779275080.583946
approach2_run2,6403000,1779275080.664604
approach2_run2,6404000,1779275080.669986
approach2_run2,6405000,1779275080.763307
approach2_run2,6406000,1779275080.843460
approach2_run2,6407000,1779275080.929471
approach2_run2,6408000,1779275080.935532
approach2_run2,6409000,1779275081.041785
approach2_run2,6410000,1779275081.107726
approach2_run2,6411000,1779275081.179978
approach2_run2,6412000,1779275081.265390
approach2_run2,6413000,1779275081.301359
approach2_run2,6414000,1779275081.386956
approach2_run2,6415000,1779275081.450521
approach2_run2,6416000,1779275081.559969
approach2_run2,6417000,1779275081.561656
approach2_run2,6418000,1779275081.646849
approach2_run2,6419000,1779275081.707736
approach2_run2,6420000,1779275081.793111
approach2_run2,6421000,1779275081.820304
approach2_run2,6422000,1779275081.948561
approach2_run2,6423000,1779275081.965089
approach2_run2,6424000,1779275082.050343
approach2_run2,6425000,1779275082.123492
approach2_run2,6426000,1779275082.210050
approach2_run2,6427000,1779275082.211719
approach2_run2,6428000,1779275082.297116
approach2_run2,6429000,1779275082.381119
approach2_run2,6430000,1779275082.466388
approach2_run2,6431000,1779275082.472014
approach2_run2,6432000,1779275082.558172
approach2_run2,6433000,1779275082.633092
approach2_run2,6434000,1779275082.718414
approach2_run2,6435000,1779275082.803699
approach2_run2,6436000,1779275082.844577
approach2_run2,6437000,1779275082.930468
approach2_run2,6438000,1779275082.975965
approach2_run2,6439000,1779275083.061264
approach2_run2,6440000,1779275083.104629
approach2_run2,6441000,1779275083.191671
approach2_run2,6442000,1779275083.238643
approach2_run2,6443000,1779275083.324150
approach2_run2,6444000,1779275083.365084
approach2_run2,6445000,1779275083.451520
approach2_run2,6446000,1779275083.496645
approach2_run2,6447000,1779275083.582107
approach2_run2,6448000,1779275083.665284
approach2_run2,6449000,1779275083.753026
approach2_run2,6450000,1779275083.768037
approach2_run2,6451000,1779275083.840456
approach2_run2,6452000,1779275083.927451
approach2_run2,6453000,1779275084.011368
approach2_run2,6454000,1779275084.013644
approach2_run2,6455000,1779275084.099478
approach2_run2,6456000,1779275084.186352
approach2_run2,6457000,1779275084.273644
approach2_run2,6458000,1779275084.354371
approach2_run2,6459000,1779275084.387474
approach2_run2,6460000,1779275084.473243
approach2_run2,6461000,1779275084.526961
approach2_run2,6462000,1779275084.612440
approach2_run2,6463000,1779275084.646801
approach2_run2,6464000,1779275084.732439
approach2_run2,6465000,1779275084.784903
approach2_run2,6466000,1779275084.870154
approach2_run2,6467000,1779275084.906296
approach2_run2,6468000,1779275084.993626
approach2_run2,6469000,1779275085.042182
approach2_run2,6470000,1779275085.127788
approach2_run2,6471000,1779275085.166785
approach2_run2,6472000,1779275085.293668
approach2_run2,6473000,1779275085.299790
approach2_run2,6474000,1779275085.385045
approach2_run2,6475000,1779275085.469612
approach2_run2,6476000,1779275085.555493
approach2_run2,6477000,1779275085.640489
approach2_run2,6478000,1779275085.642232
approach2_run2,6479000,1779275085.728701
approach2_run2,6480000,1779275085.814607
approach2_run2,6481000,1779275085.899351
approach2_run2,6482000,1779275085.901107
approach2_run2,6483000,1779275085.998863
approach2_run2,6484000,1779275086.071595
approach2_run2,6485000,1779275086.170790
approach2_run2,6486000,1779275086.187857
approach2_run2,6487000,1779275086.273676
approach2_run2,6488000,1779275086.328667
approach2_run2,6489000,1779275086.428103
approach2_run2,6490000,1779275086.447693
approach2_run2,6491000,1779275086.534676
approach2_run2,6492000,1779275086.600682
approach2_run2,6493000,1779275086.686042
approach2_run2,6494000,1779275086.710482
approach2_run2,6495000,1779275086.836775
approach2_run2,6496000,1779275086.858253
approach2_run2,6497000,1779275086.969010
approach2_run2,6498000,1779275087.010866
approach2_run2,6499000,1779275087.096833
approach2_run2,6500000,1779275087.182778
approach2_run2,6501000,1779275087.226505
approach2_run2,6502000,1779275087.311798
approach2_run2,6503000,1779275087.356923
approach2_run2,6504000,1779275087.442704
approach2_run2,6505000,1779275087.458702
approach2_run2,6506000,1779275087.544001
approach2_run2,6507000,1779275087.616691
approach2_run2,6508000,1779275087.702930
approach2_run2,6509000,1779275087.741941
approach2_run2,6510000,1779275087.827137
approach2_run2,6511000,1779275087.903286
approach2_run2,6512000,1779275087.973105
approach2_run2,6513000,1779275087.990657
approach2_run2,6514000,1779275088.084584
approach2_run2,6515000,1779275088.166906
approach2_run2,6516000,1779275088.252787
approach2_run2,6517000,1779275088.256729
approach2_run2,6518000,1779275088.342003
approach2_run2,6519000,1779275088.442979
approach2_run2,6520000,1779275088.513690
approach2_run2,6521000,1779275088.598911
approach2_run2,6522000,1779275088.640113
approach2_run2,6523000,1779275088.727459
approach2_run2,6524000,1779275088.785852
approach2_run2,6525000,1779275088.856458
approach2_run2,6526000,1779275088.902025
approach2_run2,6527000,1779275088.987725
approach2_run2,6528000,1779275089.043283
approach2_run2,6529000,1779275089.128529
approach2_run2,6530000,1779275089.160956
approach2_run2,6531000,1779275089.247113
approach2_run2,6532000,1779275089.286429
approach2_run2,6533000,1779275089.395204
approach2_run2,6534000,1779275089.447546
approach2_run2,6535000,1779275089.534364
approach2_run2,6536000,1779275089.567195
approach2_run2,6537000,1779275089.652659
approach2_run2,6538000,1779275089.711432
approach2_run2,6539000,1779275089.797150
approach2_run2,6540000,1779275089.801418
approach2_run2,6541000,1779275089.886638
approach2_run2,6542000,1779275089.970753
approach2_run2,6543000,1779275090.082000
approach2_run2,6544000,1779275090.167222
approach2_run2,6545000,1779275090.182866
approach2_run2,6546000,1779275090.269395
approach2_run2,6547000,1779275090.339441
approach2_run2,6548000,1779275090.424694
approach2_run2,6549000,1779275090.442520
approach2_run2,6550000,1779275090.531629
approach2_run2,6551000,1779275090.596927
approach2_run2,6552000,1779275090.682233
approach2_run2,6553000,1779275090.705343
approach2_run2,6554000,1779275090.791152
approach2_run2,6555000,1779275090.863887
approach2_run2,6556000,1779275090.939547
approach2_run2,6557000,1779275090.992516
approach2_run2,6558000,1779275091.078471
approach2_run2,6559000,1779275091.111650
approach2_run2,6560000,1779275091.196992
approach2_run2,6561000,1779275091.254641
approach2_run2,6562000,1779275091.340692
approach2_run2,6563000,1779275091.369524
approach2_run2,6564000,1779275091.464006
approach2_run2,6565000,1779275091.549314
approach2_run2,6566000,1779275091.599873
approach2_run2,6567000,1779275091.686287
approach2_run2,6568000,1779275091.721499
approach2_run2,6569000,1779275091.806932
approach2_run2,6570000,1779275091.859236
approach2_run2,6571000,1779275091.945124
approach2_run2,6572000,1779275091.979627
approach2_run2,6573000,1779275092.074837
approach2_run2,6574000,1779275092.152122
approach2_run2,6575000,1779275092.241547
approach2_run2,6576000,1779275092.249072
approach2_run2,6577000,1779275092.334956
approach2_run2,6578000,1779275092.414007
approach2_run2,6579000,1779275092.494931
approach2_run2,6580000,1779275092.507706
approach2_run2,6581000,1779275092.620530
approach2_run2,6582000,1779275092.667335
approach2_run2,6583000,1779275092.757160
approach2_run2,6584000,1779275092.793870
approach2_run2,6585000,1779275092.880153
approach2_run2,6586000,1779275092.968136
approach2_run2,6587000,1779275093.014656
approach2_run2,6588000,1779275093.095250
approach2_run2,6589000,1779275093.143282
approach2_run2,6590000,1779275093.229298
approach2_run2,6591000,1779275093.267660
approach2_run2,6592000,1779275093.352889
approach2_run2,6593000,1779275093.402214
approach2_run2,6594000,1779275093.488187
approach2_run2,6595000,1779275093.525391
approach2_run2,6596000,1779275093.610672
approach2_run2,6597000,1779275093.661465
approach2_run2,6598000,1779275093.782634
approach2_run2,6599000,1779275093.789325
approach2_run2,6600000,1779275093.875056
approach2_run2,6601000,1779275093.954752
approach2_run2,6602000,1779275094.040300
approach2_run2,6603000,1779275094.048433
approach2_run2,6604000,1779275094.134078
approach2_run2,6605000,1779275094.212634
approach2_run2,6606000,1779275094.298525
approach2_run2,6607000,1779275094.313156
approach2_run2,6608000,1779275094.398898
approach2_run2,6609000,1779275094.523390
approach2_run2,6610000,1779275094.558604
approach2_run2,6611000,1779275094.643909
approach2_run2,6612000,1779275094.699881
approach2_run2,6613000,1779275094.785630
approach2_run2,6614000,1779275094.813382
approach2_run2,6615000,1779275094.898760
approach2_run2,6616000,1779275094.958736
approach2_run2,6617000,1779275095.044435
approach2_run2,6618000,1779275095.071001
approach2_run2,6619000,1779275095.156300
approach2_run2,6620000,1779275095.217578
approach2_run2,6621000,1779275095.303426
approach2_run2,6622000,1779275095.317830
approach2_run2,6623000,1779275095.428776
approach2_run2,6624000,1779275095.489690
approach2_run2,6625000,1779275095.574941
approach2_run2,6626000,1779275095.601804
approach2_run2,6627000,1779275095.687518
approach2_run2,6628000,1779275095.757860
approach2_run2,6629000,1779275095.843183
approach2_run2,6630000,1779275095.928477
approach2_run2,6631000,1779275095.946195
approach2_run2,6632000,1779275096.070197
approach2_run2,6633000,1779275096.102006
approach2_run2,6634000,1779275096.187368
approach2_run2,6635000,1779275096.244062
approach2_run2,6636000,1779275096.329879
approach2_run2,6637000,1779275096.361551
approach2_run2,6638000,1779275096.444539
approach2_run2,6639000,1779275096.503094
approach2_run2,6640000,1779275096.588775
approach2_run2,6641000,1779275096.619054
approach2_run2,6642000,1779275096.704587
approach2_run2,6643000,1779275096.761811
approach2_run2,6644000,1779275096.873350
approach2_run2,6645000,1779275096.887205
approach2_run2,6646000,1779275096.972656
approach2_run2,6647000,1779275097.045491
approach2_run2,6648000,1779275097.130850
approach2_run2,6649000,1779275097.145497
approach2_run2,6650000,1779275097.231500
approach2_run2,6651000,1779275097.317193
approach2_run2,6652000,1779275097.390854
approach2_run2,6653000,1779275097.476048
approach2_run2,6654000,1779275097.490243
approach2_run2,6655000,1779275097.575965
approach2_run2,6656000,1779275097.648229
approach2_run2,6657000,1779275097.733580
approach2_run2,6658000,1779275097.787542
approach2_run2,6659000,1779275097.873329
approach2_run2,6660000,1779275097.909427
approach2_run2,6661000,1779275097.994708
approach2_run2,6662000,1779275098.046258
approach2_run2,6663000,1779275098.131864
approach2_run2,6664000,1779275098.166919
approach2_run2,6665000,1779275098.252237
approach2_run2,6666000,1779275098.305258
approach2_run2,6667000,1779275098.391083
approach2_run2,6668000,1779275098.424148
approach2_run2,6669000,1779275098.515822
approach2_run2,6670000,1779275098.602596
approach2_run2,6671000,1779275098.688808
approach2_run2,6672000,1779275098.774540
approach2_run2,6673000,1779275098.778579
approach2_run2,6674000,1779275098.863823
approach2_run2,6675000,1779275098.947861
approach2_run2,6676000,1779275099.033456
approach2_run2,6677000,1779275099.043186
approach2_run2,6678000,1779275099.157557
approach2_run2,6679000,1779275099.215055
approach2_run2,6680000,1779275099.293510
approach2_run2,6681000,1779275099.332091
approach2_run2,6682000,1779275099.417627
approach2_run2,6683000,1779275099.465570
approach2_run2,6684000,1779275099.557483
approach2_run2,6685000,1779275099.590413
approach2_run2,6686000,1779275099.676395
approach2_run2,6687000,1779275099.730318
approach2_run2,6688000,1779275099.815312
approach2_run2,6689000,1779275099.849057
approach2_run2,6690000,1779275099.934882
approach2_run2,6691000,1779275099.987640
approach2_run2,6692000,1779275100.073899
approach2_run2,6693000,1779275100.159128
approach2_run2,6694000,1779275100.232996
approach2_run2,6695000,1779275100.318576
approach2_run2,6696000,1779275100.331359
approach2_run2,6697000,1779275100.416606
approach2_run2,6698000,1779275100.491811
approach2_run2,6699000,1779275100.588558
approach2_run2,6700000,1779275100.615988
approach2_run2,6701000,1779275100.702107
approach2_run2,6702000,1779275100.760800
approach2_run2,6703000,1779275100.846250
approach2_run2,6704000,1779275100.875513
approach2_run2,6705000,1779275100.961429
approach2_run2,6706000,1779275101.018426
approach2_run2,6707000,1779275101.103783
approach2_run2,6708000,1779275101.135507
approach2_run2,6709000,1779275101.221467
approach2_run2,6710000,1779275101.275868
approach2_run2,6711000,1779275101.352779
approach2_run2,6712000,1779275101.432679
approach2_run2,6713000,1779275101.518440
approach2_run2,6714000,1779275101.524953
approach2_run2,6715000,1779275101.610336
approach2_run2,6716000,1779275101.695525
approach2_run2,6717000,1779275101.777292
approach2_run2,6718000,1779275101.863041
approach2_run2,6719000,1779275101.876548
approach2_run2,6720000,1779275101.987411
approach2_run2,6721000,1779275102.048231
approach2_run2,6722000,1779275102.133586
approach2_run2,6723000,1779275102.160918
approach2_run2,6724000,1779275102.246854
approach2_run2,6725000,1779275102.296733
approach2_run2,6726000,1779275102.382044
approach2_run2,6727000,1779275102.419898
approach2_run2,6728000,1779275102.506239
approach2_run2,6729000,1779275102.554229
approach2_run2,6730000,1779275102.639503
approach2_run2,6731000,1779275102.679144
approach2_run2,6732000,1779275102.803911
approach2_run2,6733000,1779275102.820702
approach2_run2,6734000,1779275102.906267
approach2_run2,6735000,1779275102.977401
approach2_run2,6736000,1779275103.063510
approach2_run2,6737000,1779275103.149028
approach2_run2,6738000,1779275103.197517
approach2_run2,6739000,1779275103.283139
approach2_run2,6740000,1779275103.322314
approach2_run2,6741000,1779275103.420496
approach2_run2,6742000,1779275103.446240
approach2_run2,6743000,1779275103.531909
approach2_run2,6744000,1779275103.592604
approach2_run2,6745000,1779275103.677919
approach2_run2,6746000,1779275103.705006
approach2_run2,6747000,1779275103.791060
approach2_run2,6748000,1779275103.850125
approach2_run2,6749000,1779275103.935420
approach2_run2,6750000,1779275103.964067
approach2_run2,6751000,1779275104.050018
approach2_run2,6752000,1779275104.108054
approach2_run2,6753000,1779275104.193276
approach2_run2,6754000,1779275104.262723
approach2_run2,6755000,1779275104.349111
approach2_run2,6756000,1779275104.356009
approach2_run2,6757000,1779275104.452002
approach2_run2,6758000,1779275104.537291
approach2_run2,6759000,1779275104.608034
approach2_run2,6760000,1779275104.693856
approach2_run2,6761000,1779275104.709763
approach2_run2,6762000,1779275104.795300
approach2_run2,6763000,1779275104.881969
approach2_run2,6764000,1779275104.967049
approach2_run2,6765000,1779275104.990036
approach2_run2,6766000,1779275105.075898
approach2_run2,6767000,1779275105.139229
approach2_run2,6768000,1779275105.224679
approach2_run2,6769000,1779275105.249862
approach2_run2,6770000,1779275105.335642
approach2_run2,6771000,1779275105.396924
approach2_run2,6772000,1779275105.482236
approach2_run2,6773000,1779275105.547646
approach2_run2,6774000,1779275105.633464
approach2_run2,6775000,1779275105.643488
approach2_run2,6776000,1779275105.739554
approach2_run2,6777000,1779275105.807661
approach2_run2,6778000,1779275105.893574
approach2_run2,6779000,1779275105.900827
approach2_run2,6780000,1779275105.986186
approach2_run2,6781000,1779275106.071434
approach2_run2,6782000,1779275106.152873
approach2_run2,6783000,1779275106.243134
approach2_run2,6784000,1779275106.275762
approach2_run2,6785000,1779275106.361353
approach2_run2,6786000,1779275106.415210
approach2_run2,6787000,1779275106.500557
approach2_run2,6788000,1779275106.534992
approach2_run2,6789000,1779275106.621301
approach2_run2,6790000,1779275106.684031
approach2_run2,6791000,1779275106.769649
approach2_run2,6792000,1779275106.794523
approach2_run2,6793000,1779275106.880226
approach2_run2,6794000,1779275106.941494
approach2_run2,6795000,1779275107.027352
approach2_run2,6796000,1779275107.092204
approach2_run2,6797000,1779275107.177869
approach2_run2,6798000,1779275107.199485
approach2_run2,6799000,1779275107.285107
approach2_run2,6800000,1779275107.352324
approach2_run2,6801000,1779275107.438162
approach2_run2,6802000,1779275107.524295
approach2_run2,6803000,1779275107.542541
approach2_run2,6804000,1779275107.616208
approach2_run2,6805000,1779275107.697624
approach2_run2,6806000,1779275107.783503
approach2_run2,6807000,1779275107.788634
approach2_run2,6808000,1779275107.874295
approach2_run2,6809000,1779275107.961133
approach2_run2,6810000,1779275108.046807
approach2_run2,6811000,1779275108.077469
approach2_run2,6812000,1779275108.163194
approach2_run2,6813000,1779275108.218858
approach2_run2,6814000,1779275108.304214
approach2_run2,6815000,1779275108.337083
approach2_run2,6816000,1779275108.422915
approach2_run2,6817000,1779275108.476285
approach2_run2,6818000,1779275108.561675
approach2_run2,6819000,1779275108.596524
approach2_run2,6820000,1779275108.720534
approach2_run2,6821000,1779275108.733926
approach2_run2,6822000,1779275108.819296
approach2_run2,6823000,1779275108.904697
approach2_run2,6824000,1779275108.982563
approach2_run2,6825000,1779275109.068360
approach2_run2,6826000,1779275109.076633
approach2_run2,6827000,1779275109.161859
approach2_run2,6828000,1779275109.241511
approach2_run2,6829000,1779275109.327216
approach2_run2,6830000,1779275109.334048
approach2_run2,6831000,1779275109.419389
approach2_run2,6832000,1779275109.500197
approach2_run2,6833000,1779275109.602630
approach2_run2,6834000,1779275109.620206
approach2_run2,6835000,1779275109.706602
approach2_run2,6836000,1779275109.774777
approach2_run2,6837000,1779275109.860172
approach2_run2,6838000,1779275109.880417
approach2_run2,6839000,1779275109.966680
approach2_run2,6840000,1779275110.032408
approach2_run2,6841000,1779275110.117771
approach2_run2,6842000,1779275110.178223
approach2_run2,6843000,1779275110.264331
approach2_run2,6844000,1779275110.350363
approach2_run2,6845000,1779275110.375145
approach2_run2,6846000,1779275110.449449
approach2_run2,6847000,1779275110.525996
approach2_run2,6848000,1779275110.611687
approach2_run2,6849000,1779275110.622071
approach2_run2,6850000,1779275110.707376
approach2_run2,6851000,1779275110.784888
approach2_run2,6852000,1779275110.870426
approach2_run2,6853000,1779275110.890476
approach2_run2,6854000,1779275110.975738
approach2_run2,6855000,1779275111.044266
approach2_run2,6856000,1779275111.147479
approach2_run2,6857000,1779275111.163961
approach2_run2,6858000,1779275111.263000
approach2_run2,6859000,1779275111.336427
approach2_run2,6860000,1779275111.423548
approach2_run2,6861000,1779275111.435155
approach2_run2,6862000,1779275111.520389
approach2_run2,6863000,1779275111.597296
approach2_run2,6864000,1779275111.692409
approach2_run2,6865000,1779275111.721659
approach2_run2,6866000,1779275111.808419
approach2_run2,6867000,1779275111.894030
approach2_run2,6868000,1779275111.949690
approach2_run2,6869000,1779275112.035136
approach2_run2,6870000,1779275112.067204
approach2_run2,6871000,1779275112.153492
approach2_run2,6872000,1779275112.207348
approach2_run2,6873000,1779275112.292675
approach2_run2,6874000,1779275112.326426
approach2_run2,6875000,1779275112.412519
approach2_run2,6876000,1779275112.465212
approach2_run2,6877000,1779275112.520208
approach2_run2,6878000,1779275112.586876
approach2_run2,6879000,1779275112.691855
approach2_run2,6880000,1779275112.707582
approach2_run2,6881000,1779275112.793179
approach2_run2,6882000,1779275112.880017
approach2_run2,6883000,1779275112.966302
approach2_run2,6884000,1779275112.979918
approach2_run2,6885000,1779275113.065564
approach2_run2,6886000,1779275113.139673
approach2_run2,6887000,1779275113.225294
approach2_run2,6888000,1779275113.322191
approach2_run2,6889000,1779275113.351504
approach2_run2,6890000,1779275113.437381
approach2_run2,6891000,1779275113.494373
approach2_run2,6892000,1779275113.579859
approach2_run2,6893000,1779275113.611396
approach2_run2,6894000,1779275113.697220
approach2_run2,6895000,1779275113.752161
approach2_run2,6896000,1779275113.837422
approach2_run2,6897000,1779275113.871066
approach2_run2,6898000,1779275113.956826
approach2_run2,6899000,1779275114.009688
approach2_run2,6900000,1779275114.095318
approach2_run2,6901000,1779275114.130183
approach2_run2,6902000,1779275114.251325
approach2_run2,6903000,1779275114.267516
approach2_run2,6904000,1779275114.371070
approach2_run2,6905000,1779275114.424230
approach2_run2,6906000,1779275114.510108
approach2_run2,6907000,1779275114.524874
approach2_run2,6908000,1779275114.610143
approach2_run2,6909000,1779275114.695443
approach2_run2,6910000,1779275114.781902
approach2_run2,6911000,1779275114.885418
approach2_run2,6912000,1779275114.896029
approach2_run2,6913000,1779275114.981718
approach2_run2,6914000,1779275115.039984
approach2_run2,6915000,1779275115.125657
approach2_run2,6916000,1779275115.158236
approach2_run2,6917000,1779275115.244123
approach2_run2,6918000,1779275115.314980
approach2_run2,6919000,1779275115.400177
approach2_run2,6920000,1779275115.417285
approach2_run2,6921000,1779275115.503063
approach2_run2,6922000,1779275115.572655
approach2_run2,6923000,1779275115.657681
approach2_run2,6924000,1779275115.709468
approach2_run2,6925000,1779275115.795477
approach2_run2,6926000,1779275115.829959
approach2_run2,6927000,1779275115.915415
approach2_run2,6928000,1779275115.968719
approach2_run2,6929000,1779275116.054529
approach2_run2,6930000,1779275116.140298
approach2_run2,6931000,1779275116.172925
approach2_run2,6932000,1779275116.266521
approach2_run2,6933000,1779275116.344840
approach2_run2,6934000,1779275116.430068
approach2_run2,6935000,1779275116.440563
approach2_run2,6936000,1779275116.529691
approach2_run2,6937000,1779275116.602216
approach2_run2,6938000,1779275116.687611
approach2_run2,6939000,1779275116.704572
approach2_run2,6940000,1779275116.790094
approach2_run2,6941000,1779275116.859721
approach2_run2,6942000,1779275116.927260
approach2_run2,6943000,1779275116.963090
approach2_run2,6944000,1779275117.048840
approach2_run2,6945000,1779275117.117982
approach2_run2,6946000,1779275117.203249
approach2_run2,6947000,1779275117.253300
approach2_run2,6948000,1779275117.339104
approach2_run2,6949000,1779275117.375417
approach2_run2,6950000,1779275117.460693
approach2_run2,6951000,1779275117.545928
approach2_run2,6952000,1779275117.632416
approach2_run2,6953000,1779275117.717935
approach2_run2,6954000,1779275117.725125
approach2_run2,6955000,1779275117.810844
approach2_run2,6956000,1779275117.889949
approach2_run2,6957000,1779275117.975259
approach2_run2,6958000,1779275117.983945
approach2_run2,6959000,1779275118.069645
approach2_run2,6960000,1779275118.149778
approach2_run2,6961000,1779275118.234765
approach2_run2,6962000,1779275118.247439
approach2_run2,6963000,1779275118.334172
approach2_run2,6964000,1779275118.407030
approach2_run2,6965000,1779275118.492217
approach2_run2,6966000,1779275118.507092
approach2_run2,6967000,1779275118.592738
approach2_run2,6968000,1779275118.664547
approach2_run2,6969000,1779275118.749759
approach2_run2,6970000,1779275118.798286
approach2_run2,6971000,1779275118.884438
approach2_run2,6972000,1779275118.922003
approach2_run2,6973000,1779275119.020326
approach2_run2,6974000,1779275119.092351
approach2_run2,6975000,1779275119.143578
approach2_run2,6976000,1779275119.264106
approach2_run2,6977000,1779275119.268730
approach2_run2,6978000,1779275119.354772
approach2_run2,6979000,1779275119.436065
approach2_run2,6980000,1779275119.527864
approach2_run2,6981000,1779275119.534914
approach2_run2,6982000,1779275119.617640
approach2_run2,6983000,1779275119.693418
approach2_run2,6984000,1779275119.790720
approach2_run2,6985000,1779275119.792540
approach2_run2,6986000,1779275119.877120
approach2_run2,6987000,1779275119.950819
approach2_run2,6988000,1779275120.049794
approach2_run2,6989000,1779275120.051473
approach2_run2,6990000,1779275120.137171
approach2_run2,6991000,1779275120.221903
approach2_run2,6992000,1779275120.307219
approach2_run2,6993000,1779275120.310299
approach2_run2,6994000,1779275120.426425
approach2_run2,6995000,1779275120.512749
approach2_run2,6996000,1779275120.568976
approach2_run2,6997000,1779275120.654207
approach2_run2,6998000,1779275120.687615
approach2_run2,6999000,1779275120.773293
approach2_run2,7000000,1779275120.826306
approach2_run2,7001000,1779275120.911551
approach2_run2,7002000,1779275120.987565
approach2_run2,7003000,1779275121.075413
approach2_run2,7004000,1779275121.088398
approach2_run2,7005000,1779275121.173785
approach2_run2,7006000,1779275121.248677
approach2_run2,7007000,1779275121.334514
approach2_run2,7008000,1779275121.341672
approach2_run2,7009000,1779275121.427147
approach2_run2,7010000,1779275121.508272
approach2_run2,7011000,1779275121.594293
approach2_run2,7012000,1779275121.599135
approach2_run2,7013000,1779275121.684399
approach2_run2,7014000,1779275121.767759
approach2_run2,7015000,1779275121.854119
approach2_run2,7016000,1779275121.941247
approach2_run2,7017000,1779275121.969854
approach2_run2,7018000,1779275122.057765
approach2_run2,7019000,1779275122.113407
approach2_run2,7020000,1779275122.199188
approach2_run2,7021000,1779275122.272793
approach2_run2,7022000,1779275122.360841
approach2_run2,7023000,1779275122.366339
approach2_run2,7024000,1779275122.451588
approach2_run2,7025000,1779275122.534060
approach2_run2,7026000,1779275122.619757
approach2_run2,7027000,1779275122.628756
approach2_run2,7028000,1779275122.708919
approach2_run2,7029000,1779275122.792976
approach2_run2,7030000,1779275122.879308
approach2_run2,7031000,1779275122.881130
approach2_run2,7032000,1779275122.966835
approach2_run2,7033000,1779275123.052465
approach2_run2,7034000,1779275123.138488
approach2_run2,7035000,1779275123.139988
approach2_run2,7036000,1779275123.228947
approach2_run2,7037000,1779275123.314167
approach2_run2,7038000,1779275123.397977
approach2_run2,7039000,1779275123.486404
approach2_run2,7040000,1779275123.513432
approach2_run2,7041000,1779275123.601145
approach2_run2,7042000,1779275123.658541
approach2_run2,7043000,1779275123.743915
approach2_run2,7044000,1779275123.774965
approach2_run2,7045000,1779275123.901397
approach2_run2,7046000,1779275123.916511
approach2_run2,7047000,1779275124.001766
approach2_run2,7048000,1779275124.075326
approach2_run2,7049000,1779275124.162547
approach2_run2,7050000,1779275124.174083
approach2_run2,7051000,1779275124.259546
approach2_run2,7052000,1779275124.336482
approach2_run2,7053000,1779275124.422802
approach2_run2,7054000,1779275124.431638
approach2_run2,7055000,1779275124.516879
approach2_run2,7056000,1779275124.596198
approach2_run2,7057000,1779275124.682009
approach2_run2,7058000,1779275124.767725
approach2_run2,7059000,1779275124.774585
approach2_run2,7060000,1779275124.859825
approach2_run2,7061000,1779275124.949214
approach2_run2,7062000,1779275125.034451
approach2_run2,7063000,1779275125.058631
approach2_run2,7064000,1779275125.144421
approach2_run2,7065000,1779275125.203711
approach2_run2,7066000,1779275125.289106
approach2_run2,7067000,1779275125.359741
approach2_run2,7068000,1779275125.445713
approach2_run2,7069000,1779275125.464729
approach2_run2,7070000,1779275125.549931
approach2_run2,7071000,1779275125.618785
approach2_run2,7072000,1779275125.705341
approach2_run2,7073000,1779275125.722121
approach2_run2,7074000,1779275125.803730
approach2_run2,7075000,1779275125.878741
approach2_run2,7076000,1779275125.965333
approach2_run2,7077000,1779275125.976063
approach2_run2,7078000,1779275126.061294
approach2_run2,7079000,1779275126.146755
approach2_run2,7080000,1779275126.226018
approach2_run2,7081000,1779275126.312039
approach2_run2,7082000,1779275126.319168
approach2_run2,7083000,1779275126.405067
approach2_run2,7084000,1779275126.490858
approach2_run2,7085000,1779275126.576212
approach2_run2,7086000,1779275126.602664
approach2_run2,7087000,1779275126.688961
approach2_run2,7088000,1779275126.748212
approach2_run2,7089000,1779275126.833494
approach2_run2,7090000,1779275126.862425
approach2_run2,7091000,1779275126.988888
approach2_run2,7092000,1779275127.009692
approach2_run2,7093000,1779275127.091107
approach2_run2,7094000,1779275127.162420
approach2_run2,7095000,1779275127.249638
approach2_run2,7096000,1779275127.263534
approach2_run2,7097000,1779275127.348848
approach2_run2,7098000,1779275127.422908
approach2_run2,7099000,1779275127.509059
approach2_run2,7100000,1779275127.594915
approach2_run2,7101000,1779275127.610102
approach2_run2,7102000,1779275127.691208
approach2_run2,7103000,1779275127.768140
approach2_run2,7104000,1779275127.854476
approach2_run2,7105000,1779275127.863424
approach2_run2,7106000,1779275127.948637
approach2_run2,7107000,1779275128.028255
approach2_run2,7108000,1779275128.120307
approach2_run2,7109000,1779275128.145633
approach2_run2,7110000,1779275128.233744
approach2_run2,7111000,1779275128.293029
approach2_run2,7112000,1779275128.378231
approach2_run2,7113000,1779275128.448162
approach2_run2,7114000,1779275128.533948
approach2_run2,7115000,1779275128.550956
approach2_run2,7116000,1779275128.636284
approach2_run2,7117000,1779275128.707033
approach2_run2,7118000,1779275128.792852
approach2_run2,7119000,1779275128.803022
approach2_run2,7120000,1779275128.888334
approach2_run2,7121000,1779275128.973671
approach2_run2,7122000,1779275129.053351
approach2_run2,7123000,1779275129.139098
approach2_run2,7124000,1779275129.151718
approach2_run2,7125000,1779275129.241814
approach2_run2,7126000,1779275129.313211
approach2_run2,7127000,1779275129.399273
approach2_run2,7128000,1779275129.428798
approach2_run2,7129000,1779275129.514150
approach2_run2,7130000,1779275129.573699
approach2_run2,7131000,1779275129.659582
approach2_run2,7132000,1779275129.686262
approach2_run2,7133000,1779275129.773827
approach2_run2,7134000,1779275129.858067
approach2_run2,7135000,1779275129.943393
approach2_run2,7136000,1779275129.949393
approach2_run2,7137000,1779275130.035310
approach2_run2,7138000,1779275130.100484
approach2_run2,7139000,1779275130.185678
approach2_run2,7140000,1779275130.253692
approach2_run2,7141000,1779275130.339463
approach2_run2,7142000,1779275130.425327
approach2_run2,7143000,1779275130.442981
approach2_run2,7144000,1779275130.528161
approach2_run2,7145000,1779275130.598379
approach2_run2,7146000,1779275130.683909
approach2_run2,7147000,1779275130.700432
approach2_run2,7148000,1779275130.785784
approach2_run2,7149000,1779275130.856904
approach2_run2,7150000,1779275130.942618
approach2_run2,7151000,1779275130.974420
approach2_run2,7152000,1779275131.059658
approach2_run2,7153000,1779275131.115575
approach2_run2,7154000,1779275131.201864
approach2_run2,7155000,1779275131.215847
approach2_run2,7156000,1779275131.301156
approach2_run2,7157000,1779275131.375205
approach2_run2,7158000,1779275131.461006
approach2_run2,7159000,1779275131.489189
approach2_run2,7160000,1779275131.577323
approach2_run2,7161000,1779275131.645162
approach2_run2,7162000,1779275131.730755
approach2_run2,7163000,1779275131.831831
approach2_run2,7164000,1779275131.839899
approach2_run2,7165000,1779275131.925529
approach2_run2,7166000,1779275131.988431
approach2_run2,7167000,1779275132.073724
approach2_run2,7168000,1779275132.098444
approach2_run2,7169000,1779275132.223761
approach2_run2,7170000,1779275132.262289
approach2_run2,7171000,1779275132.347837
approach2_run2,7172000,1779275132.401023
approach2_run2,7173000,1779275132.486707
approach2_run2,7174000,1779275132.548523
approach2_run2,7175000,1779275132.633969
approach2_run2,7176000,1779275132.659638
approach2_run2,7177000,1779275132.745337
approach2_run2,7178000,1779275132.777192
approach2_run2,7179000,1779275132.862430
approach2_run2,7180000,1779275132.918604
approach2_run2,7181000,1779275133.034329
approach2_run2,7182000,1779275133.036000
approach2_run2,7183000,1779275133.121139
approach2_run2,7184000,1779275133.206467
approach2_run2,7185000,1779275133.291550
approach2_run2,7186000,1779275133.376711
approach2_run2,7187000,1779275133.383425
approach2_run2,7188000,1779275133.469291
approach2_run2,7189000,1779275133.556086
approach2_run2,7190000,1779275133.664025
approach2_run2,7191000,1779275133.681931
approach2_run2,7192000,1779275133.770240
approach2_run2,7193000,1779275133.835986
approach2_run2,7194000,1779275133.921303
approach2_run2,7195000,1779275133.944385
approach2_run2,7196000,1779275134.029985
approach2_run2,7197000,1779275134.063679
approach2_run2,7198000,1779275134.148983
approach2_run2,7199000,1779275134.203760
approach2_run2,7200000,1779275134.289572
approach2_run2,7201000,1779275134.321088
approach2_run2,7202000,1779275134.406534
approach2_run2,7203000,1779275134.462570
approach2_run2,7204000,1779275134.578298
approach2_run2,7205000,1779275134.647901
approach2_run2,7206000,1779275134.665026
approach2_run2,7207000,1779275134.750692
approach2_run2,7208000,1779275134.820059
approach2_run2,7209000,1779275134.905536
approach2_run2,7210000,1779275134.923701
approach2_run2,7211000,1779275135.010287
approach2_run2,7212000,1779275135.077846
approach2_run2,7213000,1779275135.163082
approach2_run2,7214000,1779275135.193223
approach2_run2,7215000,1779275135.279087
approach2_run2,7216000,1779275135.335246
approach2_run2,7217000,1779275135.420497
approach2_run2,7218000,1779275135.485461
approach2_run2,7219000,1779275135.573299
approach2_run2,7220000,1779275135.593260
approach2_run2,7221000,1779275135.678579
approach2_run2,7222000,1779275135.746896
approach2_run2,7223000,1779275135.833155
approach2_run2,7224000,1779275135.850707
approach2_run2,7225000,1779275135.935996
approach2_run2,7226000,1779275136.021191
approach2_run2,7227000,1779275136.091783
approach2_run2,7228000,1779275136.207155
approach2_run2,7229000,1779275136.209034
approach2_run2,7230000,1779275136.294733
approach2_run2,7231000,1779275136.380745
approach2_run2,7232000,1779275136.466104
approach2_run2,7233000,1779275136.467794
approach2_run2,7234000,1779275136.553204
approach2_run2,7235000,1779275136.638276
approach2_run2,7236000,1779275136.723695
approach2_run2,7237000,1779275136.736722
approach2_run2,7238000,1779275136.822918
approach2_run2,7239000,1779275136.896383
approach2_run2,7240000,1779275136.981617
approach2_run2,7241000,1779275137.028497
approach2_run2,7242000,1779275137.114214
approach2_run2,7243000,1779275137.184233
approach2_run2,7244000,1779275137.239389
approach2_run2,7245000,1779275137.291311
approach2_run2,7246000,1779275137.377366
approach2_run2,7247000,1779275137.463018
approach2_run2,7248000,1779275137.497322
approach2_run2,7249000,1779275137.582750
approach2_run2,7250000,1779275137.635979
approach2_run2,7251000,1779275137.752015
approach2_run2,7252000,1779275137.754948
approach2_run2,7253000,1779275137.840575
approach2_run2,7254000,1779275137.926525
approach2_run2,7255000,1779275138.012504
approach2_run2,7256000,1779275138.042988
approach2_run2,7257000,1779275138.143097
approach2_run2,7258000,1779275138.195081
approach2_run2,7259000,1779275138.280821
approach2_run2,7260000,1779275138.300371
approach2_run2,7261000,1779275138.385756
approach2_run2,7262000,1779275138.453902
approach2_run2,7263000,1779275138.527194
approach2_run2,7264000,1779275138.540076
approach2_run2,7265000,1779275138.643208
approach2_run2,7266000,1779275138.699210
approach2_run2,7267000,1779275138.784591
approach2_run2,7268000,1779275138.869860
approach2_run2,7269000,1779275138.919148
approach2_run2,7270000,1779275139.005462
approach2_run2,7271000,1779275139.073110
approach2_run2,7272000,1779275139.158412
approach2_run2,7273000,1779275139.178963
approach2_run2,7274000,1779275139.264702
approach2_run2,7275000,1779275139.330864
approach2_run2,7276000,1779275139.415867
approach2_run2,7277000,1779275139.469034
approach2_run2,7278000,1779275139.565829
approach2_run2,7279000,1779275139.587903
approach2_run2,7280000,1779275139.652205
approach2_run2,7281000,1779275139.728693
approach2_run2,7282000,1779275139.813893
approach2_run2,7283000,1779275139.825231
approach2_run2,7284000,1779275139.910831
approach2_run2,7285000,1779275139.986401
approach2_run2,7286000,1779275140.071689
approach2_run2,7287000,1779275140.083605
approach2_run2,7288000,1779275140.200604
approach2_run2,7289000,1779275140.288661
approach2_run2,7290000,1779275140.328982
approach2_run2,7291000,1779275140.414235
approach2_run2,7292000,1779275140.461440
approach2_run2,7293000,1779275140.548045
approach2_run2,7294000,1779275140.586468
approach2_run2,7295000,1779275140.672004
approach2_run2,7296000,1779275140.723680
approach2_run2,7297000,1779275140.840264
approach2_run2,7298000,1779275140.874549
approach2_run2,7299000,1779275140.959888
approach2_run2,7300000,1779275141.024548
approach2_run2,7301000,1779275141.101232
approach2_run2,7302000,1779275141.111012
approach2_run2,7303000,1779275141.196658
approach2_run2,7304000,1779275141.273450
approach2_run2,7305000,1779275141.358716
approach2_run2,7306000,1779275141.369621
approach2_run2,7307000,1779275141.474691
approach2_run2,7308000,1779275141.530847
approach2_run2,7309000,1779275141.616501
approach2_run2,7310000,1779275141.732041
approach2_run2,7311000,1779275141.745453
approach2_run2,7312000,1779275141.831453
approach2_run2,7313000,1779275141.873763
approach2_run2,7314000,1779275141.959041
approach2_run2,7315000,1779275142.006353
approach2_run2,7316000,1779275142.093920
approach2_run2,7317000,1779275142.131494
approach2_run2,7318000,1779275142.216805
approach2_run2,7319000,1779275142.267370
approach2_run2,7320000,1779275142.353135
approach2_run2,7321000,1779275142.388849
approach2_run2,7322000,1779275142.474135
approach2_run2,7323000,1779275142.560538
approach2_run2,7324000,1779275142.645865
approach2_run2,7325000,1779275142.653602
approach2_run2,7326000,1779275142.739418
approach2_run2,7327000,1779275142.802309
approach2_run2,7328000,1779275142.888028
approach2_run2,7329000,1779275142.913151
approach2_run2,7330000,1779275142.998945
approach2_run2,7331000,1779275143.084427
approach2_run2,7332000,1779275143.161218
approach2_run2,7333000,1779275143.246387
approach2_run2,7334000,1779275143.288290
approach2_run2,7335000,1779275143.374204
approach2_run2,7336000,1779275143.404262
approach2_run2,7337000,1779275143.489571
approach2_run2,7338000,1779275143.547273
approach2_run2,7339000,1779275143.633060
approach2_run2,7340000,1779275143.661730
approach2_run2,7341000,1779275143.762530
approach2_run2,7342000,1779275143.808366
approach2_run2,7343000,1779275143.895212
approach2_run2,7344000,1779275143.934878
approach2_run2,7345000,1779275144.020225
approach2_run2,7346000,1779275144.070098
approach2_run2,7347000,1779275144.196027
approach2_run2,7348000,1779275144.221928
approach2_run2,7349000,1779275144.307313
approach2_run2,7350000,1779275144.369739
approach2_run2,7351000,1779275144.456789
approach2_run2,7352000,1779275144.542402
approach2_run2,7353000,1779275144.565295
approach2_run2,7354000,1779275144.650528
approach2_run2,7355000,1779275144.746025
approach2_run2,7356000,1779275144.831665
approach2_run2,7357000,1779275144.834461
approach2_run2,7358000,1779275144.920134
approach2_run2,7359000,1779275145.005706
approach2_run2,7360000,1779275145.079998
approach2_run2,7361000,1779275145.092033
approach2_run2,7362000,1779275145.177745
approach2_run2,7363000,1779275145.252526
approach2_run2,7364000,1779275145.307535
approach2_run2,7365000,1779275145.351963
approach2_run2,7366000,1779275145.437611
approach2_run2,7367000,1779275145.479821
approach2_run2,7368000,1779275145.565290
approach2_run2,7369000,1779275145.611797
approach2_run2,7370000,1779275145.697781
approach2_run2,7371000,1779275145.737827
approach2_run2,7372000,1779275145.822871
approach2_run2,7373000,1779275145.908403
approach2_run2,7374000,1779275145.956221
approach2_run2,7375000,1779275146.082097
approach2_run2,7376000,1779275146.110309
approach2_run2,7377000,1779275146.195646
approach2_run2,7378000,1779275146.256177
approach2_run2,7379000,1779275146.367394
approach2_run2,7380000,1779275146.374885
approach2_run2,7381000,1779275146.460438
approach2_run2,7382000,1779275146.539550
approach2_run2,7383000,1779275146.595058
approach2_run2,7384000,1779275146.634633
approach2_run2,7385000,1779275146.720429
approach2_run2,7386000,1779275146.797457
approach2_run2,7387000,1779275146.882789
approach2_run2,7388000,1779275146.894060
approach2_run2,7389000,1779275146.979957
approach2_run2,7390000,1779275147.024565
approach2_run2,7391000,1779275147.140284
approach2_run2,7392000,1779275147.153272
approach2_run2,7393000,1779275147.239753
approach2_run2,7394000,1779275147.325609
approach2_run2,7395000,1779275147.367501
approach2_run2,7396000,1779275147.452715
approach2_run2,7397000,1779275147.499430
approach2_run2,7398000,1779275147.585380
approach2_run2,7399000,1779275147.624986
approach2_run2,7400000,1779275147.710214
approach2_run2,7401000,1779275147.785084
approach2_run2,7402000,1779275147.882124
approach2_run2,7403000,1779275147.918631
approach2_run2,7404000,1779275148.004262
approach2_run2,7405000,1779275148.054491
approach2_run2,7406000,1779275148.139801
approach2_run2,7407000,1779275148.177428
approach2_run2,7408000,1779275148.265682
approach2_run2,7409000,1779275148.312009
approach2_run2,7410000,1779275148.397369
approach2_run2,7411000,1779275148.439613
approach2_run2,7412000,1779275148.525440
approach2_run2,7413000,1779275148.569637
approach2_run2,7414000,1779275148.655116
approach2_run2,7415000,1779275148.740426
approach2_run2,7416000,1779275148.784797
approach2_run2,7417000,1779275148.870875
approach2_run2,7418000,1779275148.912891
approach2_run2,7419000,1779275148.998256
approach2_run2,7420000,1779275149.083584
approach2_run2,7421000,1779275149.169395
approach2_run2,7422000,1779275149.199456
approach2_run2,7423000,1779275149.284768
approach2_run2,7424000,1779275149.371032
approach2_run2,7425000,1779275149.456463
approach2_run2,7426000,1779275149.462732
approach2_run2,7427000,1779275149.548702
approach2_run2,7428000,1779275149.628631
approach2_run2,7429000,1779275149.713920
approach2_run2,7430000,1779275149.721583
approach2_run2,7431000,1779275149.807558
approach2_run2,7432000,1779275149.895152
approach2_run2,7433000,1779275149.981454
approach2_run2,7434000,1779275149.982949
approach2_run2,7435000,1779275150.068373
approach2_run2,7436000,1779275150.155178
approach2_run2,7437000,1779275150.238695
approach2_run2,7438000,1779275150.324065
approach2_run2,7439000,1779275150.329438
approach2_run2,7440000,1779275150.415662
approach2_run2,7441000,1779275150.496369
approach2_run2,7442000,1779275150.581697
approach2_run2,7443000,1779275150.588816
approach2_run2,7444000,1779275150.674955
approach2_run2,7445000,1779275150.753925
approach2_run2,7446000,1779275150.839116
approach2_run2,7447000,1779275150.885568
approach2_run2,7448000,1779275150.971567
approach2_run2,7449000,1779275151.011251
approach2_run2,7450000,1779275151.096488
approach2_run2,7451000,1779275151.145115
approach2_run2,7452000,1779275151.263877
approach2_run2,7453000,1779275151.268832
approach2_run2,7454000,1779275151.361008
approach2_run2,7455000,1779275151.440984
approach2_run2,7456000,1779275151.525901
approach2_run2,7457000,1779275151.611217
approach2_run2,7458000,1779275151.613402
approach2_run2,7459000,1779275151.700917
approach2_run2,7460000,1779275151.783466
approach2_run2,7461000,1779275151.868596
approach2_run2,7462000,1779275151.873892
approach2_run2,7463000,1779275151.959678
approach2_run2,7464000,1779275152.041033
approach2_run2,7465000,1779275152.126254
approach2_run2,7466000,1779275152.133120
approach2_run2,7467000,1779275152.218828
approach2_run2,7468000,1779275152.305071
approach2_run2,7469000,1779275152.383721
approach2_run2,7470000,1779275152.428881
approach2_run2,7471000,1779275152.514746
approach2_run2,7472000,1779275152.555936
approach2_run2,7473000,1779275152.632343
approach2_run2,7474000,1779275152.688210
approach2_run2,7475000,1779275152.809801
approach2_run2,7476000,1779275152.813814
approach2_run2,7477000,1779275152.899186
approach2_run2,7478000,1779275152.985653
approach2_run2,7479000,1779275153.071092
approach2_run2,7480000,1779275153.156329
approach2_run2,7481000,1779275153.158683
approach2_run2,7482000,1779275153.244357
approach2_run2,7483000,1779275153.328375
approach2_run2,7484000,1779275153.413724
approach2_run2,7485000,1779275153.418106
approach2_run2,7486000,1779275153.504111
approach2_run2,7487000,1779275153.590991
approach2_run2,7488000,1779275153.671167
approach2_run2,7489000,1779275153.677190
approach2_run2,7490000,1779275153.764602
approach2_run2,7491000,1779275153.849731
approach2_run2,7492000,1779275153.935004
approach2_run2,7493000,1779275153.936651
approach2_run2,7494000,1779275154.058199
approach2_run2,7495000,1779275154.107027
approach2_run2,7496000,1779275154.185965
approach2_run2,7497000,1779275154.232366
approach2_run2,7498000,1779275154.354722
approach2_run2,7499000,1779275154.440660
approach2_run2,7500000,1779275154.443534
approach2_run2,7501000,1779275154.534988
approach2_run2,7502000,1779275154.614898
approach2_run2,7503000,1779275154.701337
approach2_run2,7504000,1779275154.706978
approach2_run2,7505000,1779275154.792337
approach2_run2,7506000,1779275154.874395
approach2_run2,7507000,1779275154.957912
approach2_run2,7508000,1779275154.961226
approach2_run2,7509000,1779275155.046960
approach2_run2,7510000,1779275155.130117
approach2_run2,7511000,1779275155.215388
approach2_run2,7512000,1779275155.222213
approach2_run2,7513000,1779275155.308330
approach2_run2,7514000,1779275155.387607
approach2_run2,7515000,1779275155.472897
approach2_run2,7516000,1779275155.481626
approach2_run2,7517000,1779275155.567482
approach2_run2,7518000,1779275155.638552
approach2_run2,7519000,1779275155.730333
approach2_run2,7520000,1779275155.815455
approach2_run2,7521000,1779275155.899860
approach2_run2,7522000,1779275155.985609
approach2_run2,7523000,1779275155.987581
approach2_run2,7524000,1779275156.073910
approach2_run2,7525000,1779275156.159477
approach2_run2,7526000,1779275156.245058
approach2_run2,7527000,1779275156.246723
approach2_run2,7528000,1779275156.332248
approach2_run2,7529000,1779275156.417834
approach2_run2,7530000,1779275156.503029
approach2_run2,7531000,1779275156.505316
approach2_run2,7532000,1779275156.591012
approach2_run2,7533000,1779275156.675105
approach2_run2,7534000,1779275156.760241
approach2_run2,7535000,1779275156.764280
approach2_run2,7536000,1779275156.850225
approach2_run2,7537000,1779275156.932321
approach2_run2,7538000,1779275157.017636
approach2_run2,7539000,1779275157.023998
approach2_run2,7540000,1779275157.110362
approach2_run2,7541000,1779275157.233113
approach2_run2,7542000,1779275157.275475
approach2_run2,7543000,1779275157.368196
approach2_run2,7544000,1779275157.442918
approach2_run2,7545000,1779275157.528769
approach2_run2,7546000,1779275157.540682
approach2_run2,7547000,1779275157.618032
approach2_run2,7548000,1779275157.702816
approach2_run2,7549000,1779275157.788577
approach2_run2,7550000,1779275157.798623
approach2_run2,7551000,1779275157.888805
approach2_run2,7552000,1779275157.961934
approach2_run2,7553000,1779275158.047899
approach2_run2,7554000,1779275158.061228
approach2_run2,7555000,1779275158.154892
approach2_run2,7556000,1779275158.221569
approach2_run2,7557000,1779275158.307398
approach2_run2,7558000,1779275158.318502
approach2_run2,7559000,1779275158.403808
approach2_run2,7560000,1779275158.480420
approach2_run2,7561000,1779275158.567091
approach2_run2,7562000,1779275158.652838
approach2_run2,7563000,1779275158.661491
approach2_run2,7564000,1779275158.776762
approach2_run2,7565000,1779275158.833154
approach2_run2,7566000,1779275158.912609
approach2_run2,7567000,1779275158.986019
approach2_run2,7568000,1779275159.071964
approach2_run2,7569000,1779275159.091157
approach2_run2,7570000,1779275159.176672
approach2_run2,7571000,1779275159.247757
approach2_run2,7572000,1779275159.333448
approach2_run2,7573000,1779275159.356247
approach2_run2,7574000,1779275159.441621
approach2_run2,7575000,1779275159.506942
approach2_run2,7576000,1779275159.592702
approach2_run2,7577000,1779275159.606650
approach2_run2,7578000,1779275159.691716
approach2_run2,7579000,1779275159.765997
approach2_run2,7580000,1779275159.851668
approach2_run2,7581000,1779275159.863676
approach2_run2,7582000,1779275159.949286
approach2_run2,7583000,1779275160.027936
approach2_run2,7584000,1779275160.114382
approach2_run2,7585000,1779275160.199595
approach2_run2,7586000,1779275160.276148
approach2_run2,7587000,1779275160.362023
approach2_run2,7588000,1779275160.378994
approach2_run2,7589000,1779275160.464132
approach2_run2,7590000,1779275160.535091
approach2_run2,7591000,1779275160.620958
approach2_run2,7592000,1779275160.643919
approach2_run2,7593000,1779275160.723760
approach2_run2,7594000,1779275160.794100
approach2_run2,7595000,1779275160.879931
approach2_run2,7596000,1779275160.901312
approach2_run2,7597000,1779275160.986666
approach2_run2,7598000,1779275161.052807
approach2_run2,7599000,1779275161.138536
approach2_run2,7600000,1779275161.158770
approach2_run2,7601000,1779275161.244394
approach2_run2,7602000,1779275161.311681
approach2_run2,7603000,1779275161.397397
approach2_run2,7604000,1779275161.483088
approach2_run2,7605000,1779275161.501882
approach2_run2,7606000,1779275161.587275
approach2_run2,7607000,1779275161.656282
approach2_run2,7608000,1779275161.742240
approach2_run2,7609000,1779275161.759351
approach2_run2,7610000,1779275161.868959
approach2_run2,7611000,1779275161.934567
approach2_run2,7612000,1779275162.019960
approach2_run2,7613000,1779275162.042633
approach2_run2,7614000,1779275162.129129
approach2_run2,7615000,1779275162.189209
approach2_run2,7616000,1779275162.273742
approach2_run2,7617000,1779275162.336082
approach2_run2,7618000,1779275162.423357
approach2_run2,7619000,1779275162.450476
approach2_run2,7620000,1779275162.535775
approach2_run2,7621000,1779275162.596514
approach2_run2,7622000,1779275162.682397
approach2_run2,7623000,1779275162.703503
approach2_run2,7624000,1779275162.793479
approach2_run2,7625000,1779275162.878740
approach2_run2,7626000,1779275162.941632
approach2_run2,7627000,1779275163.027332
approach2_run2,7628000,1779275163.050910
approach2_run2,7629000,1779275163.141004
approach2_run2,7630000,1779275163.202157
approach2_run2,7631000,1779275163.287872
approach2_run2,7632000,1779275163.308415
approach2_run2,7633000,1779275163.393633
approach2_run2,7634000,1779275163.480003
approach2_run2,7635000,1779275163.565363
approach2_run2,7636000,1779275163.586830
approach2_run2,7637000,1779275163.672540
approach2_run2,7638000,1779275163.737502
approach2_run2,7639000,1779275163.822783
approach2_run2,7640000,1779275163.881684
approach2_run2,7641000,1779275163.967616
approach2_run2,7642000,1779275163.994794
approach2_run2,7643000,1779275164.080019
approach2_run2,7644000,1779275164.141074
approach2_run2,7645000,1779275164.227049
approach2_run2,7646000,1779275164.315265
approach2_run2,7647000,1779275164.337487
approach2_run2,7648000,1779275164.422993
approach2_run2,7649000,1779275164.488520
approach2_run2,7650000,1779275164.574431
approach2_run2,7651000,1779275164.595666
approach2_run2,7652000,1779275164.681082
approach2_run2,7653000,1779275164.747992
approach2_run2,7654000,1779275164.852744
approach2_run2,7655000,1779275164.871414
approach2_run2,7656000,1779275164.957123
approach2_run2,7657000,1779275165.029119
approach2_run2,7658000,1779275165.114398
approach2_run2,7659000,1779275165.130947
approach2_run2,7660000,1779275165.216951
approach2_run2,7661000,1779275165.286585
approach2_run2,7662000,1779275165.373367
approach2_run2,7663000,1779275165.424964
approach2_run2,7664000,1779275165.511922
approach2_run2,7665000,1779275165.545365
approach2_run2,7666000,1779275165.630775
approach2_run2,7667000,1779275165.716029
approach2_run2,7668000,1779275165.774110
approach2_run2,7669000,1779275165.860222
approach2_run2,7670000,1779275165.887209
approach2_run2,7671000,1779275165.972759
approach2_run2,7672000,1779275166.034354
approach2_run2,7673000,1779275166.120092
approach2_run2,7674000,1779275166.144876
approach2_run2,7675000,1779275166.230011
approach2_run2,7676000,1779275166.316646
approach2_run2,7677000,1779275166.402270
approach2_run2,7678000,1779275166.416392
approach2_run2,7679000,1779275166.502291
approach2_run2,7680000,1779275166.575457
approach2_run2,7681000,1779275166.660772
approach2_run2,7682000,1779275166.677362
approach2_run2,7683000,1779275166.763239
approach2_run2,7684000,1779275166.834598
approach2_run2,7685000,1779275166.938113
approach2_run2,7686000,1779275166.970093
approach2_run2,7687000,1779275167.056403
approach2_run2,7688000,1779275167.143079
approach2_run2,7689000,1779275167.177773
approach2_run2,7690000,1779275167.263232
approach2_run2,7691000,1779275167.318771
approach2_run2,7692000,1779275167.404475
approach2_run2,7693000,1779275167.435627
approach2_run2,7694000,1779275167.521061
approach2_run2,7695000,1779275167.578147
approach2_run2,7696000,1779275167.702779
approach2_run2,7697000,1779275167.711673
approach2_run2,7698000,1779275167.797090
approach2_run2,7699000,1779275167.878654
approach2_run2,7700000,1779275167.964503
approach2_run2,7701000,1779275167.996538
approach2_run2,7702000,1779275168.081998
approach2_run2,7703000,1779275168.137671
approach2_run2,7704000,1779275168.253691
approach2_run2,7705000,1779275168.256057
approach2_run2,7706000,1779275168.342051
approach2_run2,7707000,1779275168.398533
approach2_run2,7708000,1779275168.511252
approach2_run2,7709000,1779275168.569187
approach2_run2,7710000,1779275168.600986
approach2_run2,7711000,1779275168.689304
approach2_run2,7712000,1779275168.741396
approach2_run2,7713000,1779275168.853886
approach2_run2,7714000,1779275168.862911
approach2_run2,7715000,1779275168.948667
approach2_run2,7716000,1779275169.026230
approach2_run2,7717000,1779275169.111574
approach2_run2,7718000,1779275169.164059
approach2_run2,7719000,1779275169.250010
approach2_run2,7720000,1779275169.283721
approach2_run2,7721000,1779275169.369893
approach2_run2,7722000,1779275169.423077
approach2_run2,7723000,1779275169.508874
approach2_run2,7724000,1779275169.541219
approach2_run2,7725000,1779275169.626810
approach2_run2,7726000,1779275169.682350
approach2_run2,7727000,1779275169.799162
approach2_run2,7728000,1779275169.800801
approach2_run2,7729000,1779275169.885967
approach2_run2,7730000,1779275169.971572
approach2_run2,7731000,1779275170.056489
approach2_run2,7732000,1779275170.141965
approach2_run2,7733000,1779275170.147873
approach2_run2,7734000,1779275170.234479
approach2_run2,7735000,1779275170.318871
approach2_run2,7736000,1779275170.404313
approach2_run2,7737000,1779275170.407665
approach2_run2,7738000,1779275170.494521
approach2_run2,7739000,1779275170.580069
approach2_run2,7740000,1779275170.661731
approach2_run2,7741000,1779275170.704712
approach2_run2,7742000,1779275170.792877
approach2_run2,7743000,1779275170.833840
approach2_run2,7744000,1779275170.922709
approach2_run2,7745000,1779275170.967122
approach2_run2,7746000,1779275171.053254
approach2_run2,7747000,1779275171.091332
approach2_run2,7748000,1779275171.176613
approach2_run2,7749000,1779275171.226629
approach2_run2,7750000,1779275171.343812
approach2_run2,7751000,1779275171.429452
approach2_run2,7752000,1779275171.433884
approach2_run2,7753000,1779275171.519090
approach2_run2,7754000,1779275171.602787
approach2_run2,7755000,1779275171.688493
approach2_run2,7756000,1779275171.691792
approach2_run2,7757000,1779275171.777244
approach2_run2,7758000,1779275171.863460
approach2_run2,7759000,1779275171.949101
approach2_run2,7760000,1779275171.950765
approach2_run2,7761000,1779275172.037426
approach2_run2,7762000,1779275172.124859
approach2_run2,7763000,1779275172.209652
approach2_run2,7764000,1779275172.211281
approach2_run2,7765000,1779275172.296690
approach2_run2,7766000,1779275172.381774
approach2_run2,7767000,1779275172.467123
approach2_run2,7768000,1779275172.506264
approach2_run2,7769000,1779275172.592732
approach2_run2,7770000,1779275172.679820
approach2_run2,7771000,1779275172.724577
approach2_run2,7772000,1779275172.809920
approach2_run2,7773000,1779275172.854569
approach2_run2,7774000,1779275172.940106
approach2_run2,7775000,1779275172.981994
approach2_run2,7776000,1779275173.067197
approach2_run2,7777000,1779275173.146196
approach2_run2,7778000,1779275173.233938
approach2_run2,7779000,1779275173.239446
approach2_run2,7780000,1779275173.329390
approach2_run2,7781000,1779275173.407211
approach2_run2,7782000,1779275173.492926
approach2_run2,7783000,1779275173.512378
approach2_run2,7784000,1779275173.597837
approach2_run2,7785000,1779275173.665803
approach2_run2,7786000,1779275173.751989
approach2_run2,7787000,1779275173.769922
approach2_run2,7788000,1779275173.855349
approach2_run2,7789000,1779275173.945097
approach2_run2,7790000,1779275174.027174
approach2_run2,7791000,1779275174.112849
approach2_run2,7792000,1779275174.137218
approach2_run2,7793000,1779275174.222657
approach2_run2,7794000,1779275174.284851
approach2_run2,7795000,1779275174.370033
approach2_run2,7796000,1779275174.397300
approach2_run2,7797000,1779275174.515527
approach2_run2,7798000,1779275174.542425
approach2_run2,7799000,1779275174.627828
approach2_run2,7800000,1779275174.691303
approach2_run2,7801000,1779275174.777067
approach2_run2,7802000,1779275174.799805
approach2_run2,7803000,1779275174.885354
approach2_run2,7804000,1779275174.950755
approach2_run2,7805000,1779275175.036477
approach2_run2,7806000,1779275175.057578
approach2_run2,7807000,1779275175.143156
approach2_run2,7808000,1779275175.209779
approach2_run2,7809000,1779275175.295703
approach2_run2,7810000,1779275175.315332
approach2_run2,7811000,1779275175.420333
approach2_run2,7812000,1779275175.506292
approach2_run2,7813000,1779275175.572698
approach2_run2,7814000,1779275175.657918
approach2_run2,7815000,1779275175.679721
approach2_run2,7816000,1779275175.767241
approach2_run2,7817000,1779275175.830094
approach2_run2,7818000,1779275175.915341
approach2_run2,7819000,1779275175.940515
approach2_run2,7820000,1779275176.058889
approach2_run2,7821000,1779275176.087534
approach2_run2,7822000,1779275176.175785
approach2_run2,7823000,1779275176.232547
approach2_run2,7824000,1779275176.318588
approach2_run2,7825000,1779275176.344772
approach2_run2,7826000,1779275176.430232
approach2_run2,7827000,1779275176.494220
approach2_run2,7828000,1779275176.580055
approach2_run2,7829000,1779275176.605581
approach2_run2,7830000,1779275176.691082
approach2_run2,7831000,1779275176.777451
approach2_run2,7832000,1779275176.862645
approach2_run2,7833000,1779275176.879186
approach2_run2,7834000,1779275176.964867
approach2_run2,7835000,1779275177.050523
approach2_run2,7836000,1779275177.117217
approach2_run2,7837000,1779275177.203074
approach2_run2,7838000,1779275177.225282
approach2_run2,7839000,1779275177.310941
approach2_run2,7840000,1779275177.375585
approach2_run2,7841000,1779275177.461255
approach2_run2,7842000,1779275177.517326
approach2_run2,7843000,1779275177.602864
approach2_run2,7844000,1779275177.633287
approach2_run2,7845000,1779275177.718673
approach2_run2,7846000,1779275177.776451
approach2_run2,7847000,1779275177.862192
approach2_run2,7848000,1779275177.891227
approach2_run2,7849000,1779275177.976517
approach2_run2,7850000,1779275178.036873
approach2_run2,7851000,1779275178.122791
approach2_run2,7852000,1779275178.149281
approach2_run2,7853000,1779275178.250081
approach2_run2,7854000,1779275178.335992
approach2_run2,7855000,1779275178.406363
approach2_run2,7856000,1779275178.491940
approach2_run2,7857000,1779275178.509932
approach2_run2,7858000,1779275178.595829
approach2_run2,7859000,1779275178.664136
approach2_run2,7860000,1779275178.749793
approach2_run2,7861000,1779275178.770463
approach2_run2,7862000,1779275178.856155
approach2_run2,7863000,1779275178.921823
approach2_run2,7864000,1779275179.011067
approach2_run2,7865000,1779275179.060447
approach2_run2,7866000,1779275179.147029
approach2_run2,7867000,1779275179.183199
approach2_run2,7868000,1779275179.268676
approach2_run2,7869000,1779275179.320183
approach2_run2,7870000,1779275179.406495
approach2_run2,7871000,1779275179.440882
approach2_run2,7872000,1779275179.535170
approach2_run2,7873000,1779275179.580874
approach2_run2,7874000,1779275179.666669
approach2_run2,7875000,1779275179.750501
approach2_run2,7876000,1779275179.783555
approach2_run2,7877000,1779275179.878726
approach2_run2,7878000,1779275179.964098
approach2_run2,7879000,1779275179.972372
approach2_run2,7880000,1779275180.078976
approach2_run2,7881000,1779275180.136575
approach2_run2,7882000,1779275180.221966
approach2_run2,7883000,1779275180.307577
approach2_run2,7884000,1779275180.311487
approach2_run2,7885000,1779275180.396074
approach2_run2,7886000,1779275180.479051
approach2_run2,7887000,1779275180.526047
approach2_run2,7888000,1779275180.610300
approach2_run2,7889000,1779275180.651525
approach2_run2,7890000,1779275180.727068
approach2_run2,7891000,1779275180.812579
approach2_run2,7892000,1779275180.862915
approach2_run2,7893000,1779275180.948284
approach2_run2,7894000,1779275181.032689
approach2_run2,7895000,1779275181.070640
approach2_run2,7896000,1779275181.156320
approach2_run2,7897000,1779275181.172639
approach2_run2,7898000,1779275181.255516
approach2_run2,7899000,1779275181.340634
approach2_run2,7900000,1779275181.423962
approach2_run2,7901000,1779275181.470384
approach2_run2,7902000,1779275181.555140
approach2_run2,7903000,1779275181.595199
approach2_run2,7904000,1779275181.680742
approach2_run2,7905000,1779275181.766222
approach2_run2,7906000,1779275181.809317
approach2_run2,7907000,1779275181.893993
approach2_run2,7908000,1779275181.938825
approach2_run2,7909000,1779275182.024380
approach2_run2,7910000,1779275182.109831
approach2_run2,7911000,1779275182.116522
approach2_run2,7912000,1779275182.200647
approach2_run2,7913000,1779275182.282416
approach2_run2,7914000,1779275182.329571
approach2_run2,7915000,1779275182.414870
approach2_run2,7916000,1779275182.453936
approach2_run2,7917000,1779275182.539450
approach2_run2,7918000,1779275182.624996
approach2_run2,7919000,1779275182.670903
approach2_run2,7920000,1779275182.753669
approach2_run2,7921000,1779275182.836373
approach2_run2,7922000,1779275182.872590
approach2_run2,7923000,1779275182.968612
approach2_run2,7924000,1779275183.054257
approach2_run2,7925000,1779275183.096544
approach2_run2,7926000,1779275183.129720
approach2_run2,7927000,1779275183.215316
approach2_run2,7928000,1779275183.300781
approach2_run2,7929000,1779275183.357203
approach2_run2,7930000,1779275183.397779
approach2_run2,7931000,1779275183.483341
approach2_run2,7932000,1779275183.568936
approach2_run2,7933000,1779275183.654605
approach2_run2,7934000,1779275183.698354
approach2_run2,7935000,1779275183.769501
approach2_run2,7936000,1779275183.831155
approach2_run2,7937000,1779275183.915789
approach2_run2,7938000,1779275183.999151
approach2_run2,7939000,1779275184.028655
approach2_run2,7940000,1779275184.113199
approach2_run2,7941000,1779275184.174493
approach2_run2,7942000,1779275184.258875
approach2_run2,7943000,1779275184.299611
approach2_run2,7944000,1779275184.372120
approach2_run2,7945000,1779275184.457575
approach2_run2,7946000,1779275184.517438
approach2_run2,7947000,1779275184.600666
approach2_run2,7948000,1779275184.628422
approach2_run2,7949000,1779275184.714026
approach2_run2,7950000,1779275184.776740
approach2_run2,7951000,1779275184.860770
approach2_run2,7952000,1779275184.902182
approach2_run2,7953000,1779275184.971732
approach2_run2,7954000,1779275185.057505
approach2_run2,7955000,1779275185.120346
approach2_run2,7956000,1779275185.202955
approach2_run2,7957000,1779275185.229373
approach2_run2,7958000,1779275185.314956
approach2_run2,7959000,1779275185.400550
approach2_run2,7960000,1779275185.463254
approach2_run2,7961000,1779275185.486891
approach2_run2,7962000,1779275185.573950
approach2_run2,7963000,1779275185.659584
approach2_run2,7964000,1779275185.745153
approach2_run2,7965000,1779275185.805729
approach2_run2,7966000,1779275185.829820
approach2_run2,7967000,1779275185.915265
approach2_run2,7968000,1779275186.000891
approach2_run2,7969000,1779275186.086516
approach2_run2,7970000,1779275186.094041
approach2_run2,7971000,1779275186.172740
approach2_run2,7972000,1779275186.258451
approach2_run2,7973000,1779275186.343941
approach2_run2,7974000,1779275186.407058
approach2_run2,7975000,1779275186.431689
approach2_run2,7976000,1779275186.517102
approach2_run2,7977000,1779275186.602627
approach2_run2,7978000,1779275186.687257
approach2_run2,7979000,1779275186.695681
approach2_run2,7980000,1779275186.773678
approach2_run2,7981000,1779275186.859257
approach2_run2,7982000,1779275186.944919
approach2_run2,7983000,1779275186.954372
approach2_run2,7984000,1779275187.038571
approach2_run2,7985000,1779275187.116766
approach2_run2,7986000,1779275187.202453
approach2_run2,7987000,1779275187.288139
approach2_run2,7988000,1779275187.297101
approach2_run2,7989000,1779275187.406991
approach2_run2,7990000,1779275187.492468
approach2_run2,7991000,1779275187.559607
approach2_run2,7992000,1779275187.578789
approach2_run2,7993000,1779275187.664383
approach2_run2,7994000,1779275187.759489
approach2_run2,7995000,1779275187.845060
approach2_run2,7996000,1779275187.902811
approach2_run2,7997000,1779275187.924559
approach2_run2,7998000,1779275188.010099
approach2_run2,7999000,1779275188.095667
approach2_run2,8000000,1779275188.189032
approach2_run2,8001000,1779275188.202022
approach2_run2,8002000,1779275188.267545
approach2_run2,8003000,1779275188.353221
approach2_run2,8004000,1779275188.446876
approach2_run2,8005000,1779275188.503873
approach2_run2,8006000,1779275188.525142
approach2_run2,8007000,1779275188.619170
approach2_run2,8008000,1779275188.696391
approach2_run2,8009000,1779275188.782037
approach2_run2,8010000,1779275188.803340
approach2_run2,8011000,1779275188.868433
approach2_run2,8012000,1779275188.926876
approach2_run2,8013000,1779275189.039999
approach2_run2,8014000,1779275189.064266
approach2_run2,8015000,1779275189.146091
approach2_run2,8016000,1779275189.212344
approach2_run2,8017000,1779275189.297964
approach2_run2,8018000,1779275189.383520
approach2_run2,8019000,1779275189.407038
approach2_run2,8020000,1779275189.488561
approach2_run2,8021000,1779275189.563281
approach2_run2,8022000,1779275189.648789
approach2_run2,8023000,1779275189.665116
approach2_run2,8024000,1779275189.748780
approach2_run2,8025000,1779275189.831576
approach2_run2,8026000,1779275189.905988
approach2_run2,8027000,1779275189.986766
approach2_run2,8028000,1779275190.012004
approach2_run2,8029000,1779275190.097204
approach2_run2,8030000,1779275190.158655
approach2_run2,8031000,1779275190.244379
approach2_run2,8032000,1779275190.270106
approach2_run2,8033000,1779275190.354980
approach2_run2,8034000,1779275190.416548
approach2_run2,8035000,1779275190.502275
approach2_run2,8036000,1779275190.562160
approach2_run2,8037000,1779275190.613312
approach2_run2,8038000,1779275190.697582
approach2_run2,8039000,1779275190.759780
approach2_run2,8040000,1779275190.845495
approach2_run2,8041000,1779275190.905583
approach2_run2,8042000,1779275190.957509
approach2_run2,8043000,1779275191.039598
approach2_run2,8044000,1779275191.107585
approach2_run2,8045000,1779275191.193112
approach2_run2,8046000,1779275191.248695
approach2_run2,8047000,1779275191.300240
approach2_run2,8048000,1779275191.375691
approach2_run2,8049000,1779275191.445850
approach2_run2,8050000,1779275191.506955
approach2_run2,8051000,1779275191.590116
approach2_run2,8052000,1779275191.622800
approach2_run2,8053000,1779275191.703130
approach2_run2,8054000,1779275191.788994
approach2_run2,8055000,1779275191.879394
approach2_run2,8056000,1779275191.890553
approach2_run2,8057000,1779275191.965952
approach2_run2,8058000,1779275192.046641
approach2_run2,8059000,1779275192.132494
approach2_run2,8060000,1779275192.157300
approach2_run2,8061000,1779275192.223406
approach2_run2,8062000,1779275192.309015
approach2_run2,8063000,1779275192.364966
approach2_run2,8064000,1779275192.442258
approach2_run2,8065000,1779275192.499827
approach2_run2,8066000,1779275192.566720
approach2_run2,8067000,1779275192.652581
approach2_run2,8068000,1779275192.740212
approach2_run2,8069000,1779275192.785874
approach2_run2,8070000,1779275192.841824
approach2_run2,8071000,1779275192.909900
approach2_run2,8072000,1779275192.995930
approach2_run2,8073000,1779275193.081719
approach2_run2,8074000,1779275193.101278
approach2_run2,8075000,1779275193.187217
approach2_run2,8076000,1779275193.253953
approach2_run2,8077000,1779275193.339076
approach2_run2,8078000,1779275193.386720
approach2_run2,8079000,1779275193.473193
approach2_run2,8080000,1779275193.563062
approach2_run2,8081000,1779275193.596458
approach2_run2,8082000,1779275193.681846
approach2_run2,8083000,1779275193.736714
approach2_run2,8084000,1779275193.823306
approach2_run2,8085000,1779275193.854376
approach2_run2,8086000,1779275193.935991
approach2_run2,8087000,1779275194.026270
approach2_run2,8088000,1779275194.111471
approach2_run2,8089000,1779275194.123851
approach2_run2,8090000,1779275194.209661
approach2_run2,8091000,1779275194.284671
approach2_run2,8092000,1779275194.370169
approach2_run2,8093000,1779275194.384474
approach2_run2,8094000,1779275194.470312
approach2_run2,8095000,1779275194.542447
approach2_run2,8096000,1779275194.627752
approach2_run2,8097000,1779275194.644900
approach2_run2,8098000,1779275194.730473
approach2_run2,8099000,1779275194.800159
approach2_run2,8100000,1779275194.883421
approach2_run2,8101000,1779275194.970663
approach2_run2,8102000,1779275195.016344
approach2_run2,8103000,1779275195.105894
approach2_run2,8104000,1779275195.142844
approach2_run2,8105000,1779275195.227998
approach2_run2,8106000,1779275195.279509
approach2_run2,8107000,1779275195.366209
approach2_run2,8108000,1779275195.399911
approach2_run2,8109000,1779275195.485198
approach2_run2,8110000,1779275195.539036
approach2_run2,8111000,1779275195.662310
approach2_run2,8112000,1779275195.663952
approach2_run2,8113000,1779275195.753159
approach2_run2,8114000,1779275195.834378
approach2_run2,8115000,1779275195.914224
approach2_run2,8116000,1779275195.926877
approach2_run2,8117000,1779275196.012746
approach2_run2,8118000,1779275196.091775
approach2_run2,8119000,1779275196.177237
approach2_run2,8120000,1779275196.186931
approach2_run2,8121000,1779275196.272614
approach2_run2,8122000,1779275196.358557
approach2_run2,8123000,1779275196.434895
approach2_run2,8124000,1779275196.520089
approach2_run2,8125000,1779275196.558949
approach2_run2,8126000,1779275196.648998
approach2_run2,8127000,1779275196.691769
approach2_run2,8128000,1779275196.777164
approach2_run2,8129000,1779275196.822354
approach2_run2,8130000,1779275196.908213
approach2_run2,8131000,1779275196.949260
approach2_run2,8132000,1779275197.034696
approach2_run2,8133000,1779275197.081324
approach2_run2,8134000,1779275197.167134
approach2_run2,8135000,1779275197.209775
approach2_run2,8136000,1779275197.295249
approach2_run2,8137000,1779275197.381729
approach2_run2,8138000,1779275197.466973
approach2_run2,8139000,1779275197.469776
approach2_run2,8140000,1779275197.555969
approach2_run2,8141000,1779275197.639183
approach2_run2,8142000,1779275197.721716
approach2_run2,8143000,1779275197.807225
approach2_run2,8144000,1779275197.816039
approach2_run2,8145000,1779275197.901721
approach2_run2,8146000,1779275197.981941
approach2_run2,8147000,1779275198.067455
approach2_run2,8148000,1779275198.102505
approach2_run2,8149000,1779275198.192899
approach2_run2,8150000,1779275198.239458
approach2_run2,8151000,1779275198.327143
approach2_run2,8152000,1779275198.366190
approach2_run2,8153000,1779275198.452322
approach2_run2,8154000,1779275198.499249
approach2_run2,8155000,1779275198.583092
approach2_run2,8156000,1779275198.626063
approach2_run2,8157000,1779275198.711576
approach2_run2,8158000,1779275198.755187
approach2_run2,8159000,1779275198.840520
approach2_run2,8160000,1779275198.923405
approach2_run2,8161000,1779275199.008654
approach2_run2,8162000,1779275199.010910
approach2_run2,8163000,1779275199.097420
approach2_run2,8164000,1779275199.184772
approach2_run2,8165000,1779275199.269938
approach2_run2,8166000,1779275199.351438
approach2_run2,8167000,1779275199.357555
approach2_run2,8168000,1779275199.443407
approach2_run2,8169000,1779275199.523932
approach2_run2,8170000,1779275199.609224
approach2_run2,8171000,1779275199.616920
approach2_run2,8172000,1779275199.702948
approach2_run2,8173000,1779275199.778854
approach2_run2,8174000,1779275199.867166
approach2_run2,8175000,1779275199.903787
approach2_run2,8176000,1779275199.993323
approach2_run2,8177000,1779275200.039142
approach2_run2,8178000,1779275200.124729
approach2_run2,8179000,1779275200.167002
approach2_run2,8180000,1779275200.252606
approach2_run2,8181000,1779275200.297076
approach2_run2,8182000,1779275200.379360
approach2_run2,8183000,1779275200.426412
approach2_run2,8184000,1779275200.512401
approach2_run2,8185000,1779275200.598143
approach2_run2,8186000,1779275200.639943
approach2_run2,8187000,1779275200.727412
approach2_run2,8188000,1779275200.771097
approach2_run2,8189000,1779275200.895240
approach2_run2,8190000,1779275200.899727
approach2_run2,8191000,1779275200.986634
approach2_run2,8192000,1779275201.071372
approach2_run2,8193000,1779275201.157115
approach2_run2,8194000,1779275201.159580
approach2_run2,8195000,1779275201.245287
approach2_run2,8196000,1779275201.326741
approach2_run2,8197000,1779275201.412052
approach2_run2,8198000,1779275201.419243
approach2_run2,8199000,1779275201.532906
approach2_run2,8200000,1779275201.586659
approach2_run2,8201000,1779275201.672316
approach2_run2,8202000,1779275201.713057
approach2_run2,8203000,1779275201.798898
approach2_run2,8204000,1779275201.844932
approach2_run2,8205000,1779275201.930297
approach2_run2,8206000,1779275202.012156
approach2_run2,8207000,1779275202.057519
approach2_run2,8208000,1779275202.143286
approach2_run2,8209000,1779275202.184352
approach2_run2,8210000,1779275202.269571
approach2_run2,8211000,1779275202.316066
approach2_run2,8212000,1779275202.438657
approach2_run2,8213000,1779275202.441680
approach2_run2,8214000,1779275202.530159
approach2_run2,8215000,1779275202.613318
approach2_run2,8216000,1779275202.702303
approach2_run2,8217000,1779275202.703944
approach2_run2,8218000,1779275202.789253
approach2_run2,8219000,1779275202.874642
approach2_run2,8220000,1779275202.959605
approach2_run2,8221000,1779275202.998767
approach2_run2,8222000,1779275203.084532
approach2_run2,8223000,1779275203.131873
approach2_run2,8224000,1779275203.217080
approach2_run2,8225000,1779275203.258094
approach2_run2,8226000,1779275203.343953
approach2_run2,8227000,1779275203.429811
approach2_run2,8228000,1779275203.475575
approach2_run2,8229000,1779275203.560820
approach2_run2,8230000,1779275203.602931
approach2_run2,8231000,1779275203.688848
approach2_run2,8232000,1779275203.736343
approach2_run2,8233000,1779275203.818645
approach2_run2,8234000,1779275203.896796
approach2_run2,8235000,1779275203.988178
approach2_run2,8236000,1779275203.990477
approach2_run2,8237000,1779275204.078900
approach2_run2,8238000,1779275204.161415
approach2_run2,8239000,1779275204.247321
approach2_run2,8240000,1779275204.248954
approach2_run2,8241000,1779275204.334979
approach2_run2,8242000,1779275204.421080
approach2_run2,8243000,1779275204.505895
approach2_run2,8244000,1779275204.542819
approach2_run2,8245000,1779275204.629443
approach2_run2,8246000,1779275204.678151
approach2_run2,8247000,1779275204.765862
approach2_run2,8248000,1779275204.851146
approach2_run2,8249000,1779275204.888284
approach2_run2,8250000,1779275204.974160
approach2_run2,8251000,1779275205.040715
approach2_run2,8252000,1779275205.125980
approach2_run2,8253000,1779275205.146944
approach2_run2,8254000,1779275205.232842
approach2_run2,8255000,1779275205.298279
approach2_run2,8256000,1779275205.383473
approach2_run2,8257000,1779275205.405734
approach2_run2,8258000,1779275205.491754
approach2_run2,8259000,1779275205.538138
approach2_run2,8260000,1779275205.623456
approach2_run2,8261000,1779275205.703670
approach2_run2,8262000,1779275205.789806
approach2_run2,8263000,1779275205.876148
approach2_run2,8264000,1779275205.877846
approach2_run2,8265000,1779275205.963416
approach2_run2,8266000,1779275206.047655
approach2_run2,8267000,1779275206.132690
approach2_run2,8268000,1779275206.217696
approach2_run2,8269000,1779275206.260969
approach2_run2,8270000,1779275206.327247
approach2_run2,8271000,1779275206.393076
approach2_run2,8272000,1779275206.434065
approach2_run2,8273000,1779275206.520100
approach2_run2,8274000,1779275206.606218
approach2_run2,8275000,1779275206.648617
approach2_run2,8276000,1779275206.733616
approach2_run2,8277000,1779275206.780193
approach2_run2,8278000,1779275206.866336
approach2_run2,8279000,1779275206.982205
approach2_run2,8280000,1779275206.989725
approach2_run2,8281000,1779275207.075665
approach2_run2,8282000,1779275207.163059
approach2_run2,8283000,1779275207.164794
approach2_run2,8284000,1779275207.250678
approach2_run2,8285000,1779275207.335677
approach2_run2,8286000,1779275207.420708
approach2_run2,8287000,1779275207.505740
approach2_run2,8288000,1779275207.546309
approach2_run2,8289000,1779275207.629704
approach2_run2,8290000,1779275207.680597
approach2_run2,8291000,1779275207.718787
approach2_run2,8292000,1779275207.805016
approach2_run2,8293000,1779275207.891908
approach2_run2,8294000,1779275207.937735
approach2_run2,8295000,1779275208.022458
approach2_run2,8296000,1779275208.065386
approach2_run2,8297000,1779275208.151514
approach2_run2,8298000,1779275208.230682
approach2_run2,8299000,1779275208.238824
approach2_run2,8300000,1779275208.324873
approach2_run2,8301000,1779275208.447622
approach2_run2,8302000,1779275208.453960
approach2_run2,8303000,1779275208.538515
approach2_run2,8304000,1779275208.621542
approach2_run2,8305000,1779275208.707554
approach2_run2,8306000,1779275208.793182
approach2_run2,8307000,1779275208.794854
approach2_run2,8308000,1779275208.880780
approach2_run2,8309000,1779275208.966890
approach2_run2,8310000,1779275209.003809
approach2_run2,8311000,1779275209.089196
approach2_run2,8312000,1779275209.175567
approach2_run2,8313000,1779275209.260855
approach2_run2,8314000,1779275209.263868
approach2_run2,8315000,1779275209.349506
approach2_run2,8316000,1779275209.436350
approach2_run2,8317000,1779275209.521994
approach2_run2,8318000,1779275209.559172
approach2_run2,8319000,1779275209.608223
approach2_run2,8320000,1779275209.690782
approach2_run2,8321000,1779275209.776144
approach2_run2,8322000,1779275209.861350
approach2_run2,8323000,1779275209.867197
approach2_run2,8324000,1779275209.952822
approach2_run2,8325000,1779275210.033632
approach2_run2,8326000,1779275210.118856
approach2_run2,8327000,1779275210.164474
approach2_run2,8328000,1779275210.250479
approach2_run2,8329000,1779275210.291268
approach2_run2,8330000,1779275210.376578
approach2_run2,8331000,1779275210.423605
approach2_run2,8332000,1779275210.509324
approach2_run2,8333000,1779275210.549151
approach2_run2,8334000,1779275210.635572
approach2_run2,8335000,1779275210.721488
approach2_run2,8336000,1779275210.807606
approach2_run2,8337000,1779275210.846630
approach2_run2,8338000,1779275210.893705
approach2_run2,8339000,1779275210.978277
approach2_run2,8340000,1779275211.066481
approach2_run2,8341000,1779275211.104099
approach2_run2,8342000,1779275211.153006
approach2_run2,8343000,1779275211.238741
approach2_run2,8344000,1779275211.321081
approach2_run2,8345000,1779275211.411173
approach2_run2,8346000,1779275211.446889
approach2_run2,8347000,1779275211.532166
approach2_run2,8348000,1779275211.578347
approach2_run2,8349000,1779275211.663648
approach2_run2,8350000,1779275211.708608
approach2_run2,8351000,1779275211.794368
approach2_run2,8352000,1779275211.835874
approach2_run2,8353000,1779275211.961397
approach2_run2,8354000,1779275211.967377
approach2_run2,8355000,1779275212.092344
approach2_run2,8356000,1779275212.133569
approach2_run2,8357000,1779275212.218990
approach2_run2,8358000,1779275212.268813
approach2_run2,8359000,1779275212.354469
approach2_run2,8360000,1779275212.393832
approach2_run2,8361000,1779275212.479549
approach2_run2,8362000,1779275212.527591
approach2_run2,8363000,1779275212.613321
approach2_run2,8364000,1779275212.698952
approach2_run2,8365000,1779275212.737104
approach2_run2,8366000,1779275212.822402
approach2_run2,8367000,1779275212.906324
approach2_run2,8368000,1779275212.993625
approach2_run2,8369000,1779275212.995334
approach2_run2,8370000,1779275213.080251
approach2_run2,8371000,1779275213.163865
approach2_run2,8372000,1779275213.249364
approach2_run2,8373000,1779275213.253153
approach2_run2,8374000,1779275213.338771
approach2_run2,8375000,1779275213.421537
approach2_run2,8376000,1779275213.507114
approach2_run2,8377000,1779275213.556139
approach2_run2,8378000,1779275213.642102
approach2_run2,8379000,1779275213.679731
approach2_run2,8380000,1779275213.765060
approach2_run2,8381000,1779275213.815034
approach2_run2,8382000,1779275213.900734
approach2_run2,8383000,1779275213.939670
approach2_run2,8384000,1779275214.024988
approach2_run2,8385000,1779275214.073671
approach2_run2,8386000,1779275214.159226
approach2_run2,8387000,1779275214.244882
approach2_run2,8388000,1779275214.280385
approach2_run2,8389000,1779275214.367992
approach2_run2,8390000,1779275214.417846
approach2_run2,8391000,1779275214.503458
approach2_run2,8392000,1779275214.540305
approach2_run2,8393000,1779275214.626049
approach2_run2,8394000,1779275214.708449
approach2_run2,8395000,1779275214.795267
approach2_run2,8396000,1779275214.797100
approach2_run2,8397000,1779275214.922854
approach2_run2,8398000,1779275214.968830
approach2_run2,8399000,1779275215.053931
approach2_run2,8400000,1779275215.098431
approach2_run2,8401000,1779275215.184469
approach2_run2,8402000,1779275215.224334
approach2_run2,8403000,1779275215.309736
approach2_run2,8404000,1779275215.358208
approach2_run2,8405000,1779275215.443876
approach2_run2,8406000,1779275215.483298
approach2_run2,8407000,1779275215.568533
approach2_run2,8408000,1779275215.653793
approach2_run2,8409000,1779275215.703285
approach2_run2,8410000,1779275215.789089
approach2_run2,8411000,1779275215.826088
approach2_run2,8412000,1779275215.911271
approach2_run2,8413000,1779275215.962504
approach2_run2,8414000,1779275216.048419
approach2_run2,8415000,1779275216.083418
approach2_run2,8416000,1779275216.168492
approach2_run2,8417000,1779275216.252675
approach2_run2,8418000,1779275216.338470
approach2_run2,8419000,1779275216.340680
approach2_run2,8420000,1779275216.426106
approach2_run2,8421000,1779275216.512526
approach2_run2,8422000,1779275216.597759
approach2_run2,8423000,1779275216.638779
approach2_run2,8424000,1779275216.724398
approach2_run2,8425000,1779275216.769658
approach2_run2,8426000,1779275216.854908
approach2_run2,8427000,1779275216.900524
approach2_run2,8428000,1779275216.987094
approach2_run2,8429000,1779275217.072772
approach2_run2,8430000,1779275217.111191
approach2_run2,8431000,1779275217.197401
approach2_run2,8432000,1779275217.247060
approach2_run2,8433000,1779275217.333122
approach2_run2,8434000,1779275217.369549
approach2_run2,8435000,1779275217.454881
approach2_run2,8436000,1779275217.506243
approach2_run2,8437000,1779275217.591869
approach2_run2,8438000,1779275217.626109
approach2_run2,8439000,1779275217.711473
approach2_run2,8440000,1779275217.795479
approach2_run2,8441000,1779275217.881388
approach2_run2,8442000,1779275217.883990
approach2_run2,8443000,1779275217.969482
approach2_run2,8444000,1779275218.054563
approach2_run2,8445000,1779275218.141183
approach2_run2,8446000,1779275218.181996
approach2_run2,8447000,1779275218.268101
approach2_run2,8448000,1779275218.313339
approach2_run2,8449000,1779275218.363399
approach2_run2,8450000,1779275218.484024
approach2_run2,8451000,1779275218.528655
approach2_run2,8452000,1779275218.614379
approach2_run2,8453000,1779275218.656741
approach2_run2,8454000,1779275218.742077
approach2_run2,8455000,1779275218.789186
approach2_run2,8456000,1779275218.875322
approach2_run2,8457000,1779275218.922045
approach2_run2,8458000,1779275219.007626
approach2_run2,8459000,1779275219.048848
approach2_run2,8460000,1779275219.134633
approach2_run2,8461000,1779275219.180218
approach2_run2,8462000,1779275219.265817
approach2_run2,8463000,1779275219.308192
approach2_run2,8464000,1779275219.394076
approach2_run2,8465000,1779275219.438182
approach2_run2,8466000,1779275219.526238
approach2_run2,8467000,1779275219.597726
approach2_run2,8468000,1779275219.683505
approach2_run2,8469000,1779275219.698532
approach2_run2,8470000,1779275219.783743
approach2_run2,8471000,1779275219.870060
approach2_run2,8472000,1779275219.955471
approach2_run2,8473000,1779275220.040541
approach2_run2,8474000,1779275220.070989
approach2_run2,8475000,1779275220.157294
approach2_run2,8476000,1779275220.212640
approach2_run2,8477000,1779275220.298115
approach2_run2,8478000,1779275220.332686
approach2_run2,8479000,1779275220.419138
approach2_run2,8480000,1779275220.470423
approach2_run2,8481000,1779275220.555753
approach2_run2,8482000,1779275220.592828
approach2_run2,8483000,1779275220.679425
approach2_run2,8484000,1779275220.728268
approach2_run2,8485000,1779275220.813591
approach2_run2,8486000,1779275220.852903
approach2_run2,8487000,1779275220.970136
approach2_run2,8488000,1779275220.985703
approach2_run2,8489000,1779275221.070939
approach2_run2,8490000,1779275221.143770
approach2_run2,8491000,1779275221.229721
approach2_run2,8492000,1779275221.242967
approach2_run2,8493000,1779275221.357027
approach2_run2,8494000,1779275221.442972
approach2_run2,8495000,1779275221.528939
approach2_run2,8496000,1779275221.614560
approach2_run2,8497000,1779275221.616430
approach2_run2,8498000,1779275221.704914
approach2_run2,8499000,1779275221.786660
approach2_run2,8500000,1779275221.871999
approach2_run2,8501000,1779275221.876382
approach2_run2,8502000,1779275221.963671
approach2_run2,8503000,1779275222.043972
approach2_run2,8504000,1779275222.129282
approach2_run2,8505000,1779275222.136986
approach2_run2,8506000,1779275222.223000
approach2_run2,8507000,1779275222.301418
approach2_run2,8508000,1779275222.386774
approach2_run2,8509000,1779275222.396694
approach2_run2,8510000,1779275222.482562
approach2_run2,8511000,1779275222.558810
approach2_run2,8512000,1779275222.644022
approach2_run2,8513000,1779275222.686663
approach2_run2,8514000,1779275222.772779
approach2_run2,8515000,1779275222.858585
approach2_run2,8516000,1779275222.871752
approach2_run2,8517000,1779275222.986745
approach2_run2,8518000,1779275223.032562
approach2_run2,8519000,1779275223.157681
approach2_run2,8520000,1779275223.163262
approach2_run2,8521000,1779275223.245036
approach2_run2,8522000,1779275223.331182
approach2_run2,8523000,1779275223.416366
approach2_run2,8524000,1779275223.418006
approach2_run2,8525000,1779275223.503602
approach2_run2,8526000,1779275223.588889
approach2_run2,8527000,1779275223.674126
approach2_run2,8528000,1779275223.678324
approach2_run2,8529000,1779275223.765036
approach2_run2,8530000,1779275223.846824
approach2_run2,8531000,1779275223.932421
approach2_run2,8532000,1779275223.938323
approach2_run2,8533000,1779275224.023936
approach2_run2,8534000,1779275224.105182
approach2_run2,8535000,1779275224.190345
approach2_run2,8536000,1779275224.275608
approach2_run2,8537000,1779275224.283839
approach2_run2,8538000,1779275224.400252
approach2_run2,8539000,1779275224.447664
approach2_run2,8540000,1779275224.531669
approach2_run2,8541000,1779275224.573868
approach2_run2,8542000,1779275224.662413
approach2_run2,8543000,1779275224.705229
approach2_run2,8544000,1779275224.790433
approach2_run2,8545000,1779275224.873137
approach2_run2,8546000,1779275224.958920
approach2_run2,8547000,1779275224.962538
approach2_run2,8548000,1779275225.047766
approach2_run2,8549000,1779275225.132434
approach2_run2,8550000,1779275225.218134
approach2_run2,8551000,1779275225.222976
approach2_run2,8552000,1779275225.306175
approach2_run2,8553000,1779275225.392021
approach2_run2,8554000,1779275225.478195
approach2_run2,8555000,1779275225.480462
approach2_run2,8556000,1779275225.565807
approach2_run2,8557000,1779275225.652094
approach2_run2,8558000,1779275225.737860
approach2_run2,8559000,1779275225.822787
approach2_run2,8560000,1779275225.825624
approach2_run2,8561000,1779275225.911450
approach2_run2,8562000,1779275225.995255
approach2_run2,8563000,1779275226.082065
approach2_run2,8564000,1779275226.116308
approach2_run2,8565000,1779275226.202036
approach2_run2,8566000,1779275226.254225
approach2_run2,8567000,1779275226.339537
approach2_run2,8568000,1779275226.416960
approach2_run2,8569000,1779275226.502819
approach2_run2,8570000,1779275226.513844
approach2_run2,8571000,1779275226.599120
approach2_run2,8572000,1779275226.675987
approach2_run2,8573000,1779275226.761865
approach2_run2,8574000,1779275226.769091
approach2_run2,8575000,1779275226.854258
approach2_run2,8576000,1779275226.935592
approach2_run2,8577000,1779275227.021621
approach2_run2,8578000,1779275227.108164
approach2_run2,8579000,1779275227.111722
approach2_run2,8580000,1779275227.197058
approach2_run2,8581000,1779275227.281255
approach2_run2,8582000,1779275227.367362
approach2_run2,8583000,1779275227.369023
approach2_run2,8584000,1779275227.455651
approach2_run2,8585000,1779275227.541401
approach2_run2,8586000,1779275227.627549
approach2_run2,8587000,1779275227.629452
approach2_run2,8588000,1779275227.723458
approach2_run2,8589000,1779275227.800935
approach2_run2,8590000,1779275227.886337
approach2_run2,8591000,1779275227.917429
approach2_run2,8592000,1779275228.006304
approach2_run2,8593000,1779275228.058534
approach2_run2,8594000,1779275228.143588
approach2_run2,8595000,1779275228.218805
approach2_run2,8596000,1779275228.305024
approach2_run2,8597000,1779275228.312858
approach2_run2,8598000,1779275228.398431
approach2_run2,8599000,1779275228.483789
approach2_run2,8600000,1779275228.565076
approach2_run2,8601000,1779275228.651070
approach2_run2,8602000,1779275228.656465
approach2_run2,8603000,1779275228.741982
approach2_run2,8604000,1779275228.825554
approach2_run2,8605000,1779275228.911591
approach2_run2,8606000,1779275228.915993
approach2_run2,8607000,1779275229.000489
approach2_run2,8608000,1779275229.085653
approach2_run2,8609000,1779275229.171340
approach2_run2,8610000,1779275229.173515
approach2_run2,8611000,1779275229.258840
approach2_run2,8612000,1779275229.344514
approach2_run2,8613000,1779275229.429807
approach2_run2,8614000,1779275229.431464
approach2_run2,8615000,1779275229.526442
approach2_run2,8616000,1779275229.602631
approach2_run2,8617000,1779275229.688273
approach2_run2,8618000,1779275229.718940
approach2_run2,8619000,1779275229.808054
approach2_run2,8620000,1779275229.893979
approach2_run2,8621000,1779275229.945895
approach2_run2,8622000,1779275230.031161
approach2_run2,8623000,1779275230.106748
approach2_run2,8624000,1779275230.192720
approach2_run2,8625000,1779275230.205956
approach2_run2,8626000,1779275230.292845
approach2_run2,8627000,1779275230.371104
approach2_run2,8628000,1779275230.457156
approach2_run2,8629000,1779275230.465022
approach2_run2,8630000,1779275230.587356
approach2_run2,8631000,1779275230.631889
approach2_run2,8632000,1779275230.720616
approach2_run2,8633000,1779275230.722464
approach2_run2,8634000,1779275230.845234
approach2_run2,8635000,1779275230.893576
approach2_run2,8636000,1779275230.979112
approach2_run2,8637000,1779275230.980732
approach2_run2,8638000,1779275231.066208
approach2_run2,8639000,1779275231.159982
approach2_run2,8640000,1779275231.246970
approach2_run2,8641000,1779275231.332666
approach2_run2,8642000,1779275231.360058
approach2_run2,8643000,1779275231.445230
approach2_run2,8644000,1779275231.524110
approach2_run2,8645000,1779275231.617116
approach2_run2,8646000,1779275231.650215
approach2_run2,8647000,1779275231.736206
approach2_run2,8648000,1779275231.789310
approach2_run2,8649000,1779275231.836609
approach2_run2,8650000,1779275231.909392
approach2_run2,8651000,1779275231.999551
approach2_run2,8652000,1779275232.046873
approach2_run2,8653000,1779275232.132318
approach2_run2,8654000,1779275232.173006
approach2_run2,8655000,1779275232.260427
approach2_run2,8656000,1779275232.309204
approach2_run2,8657000,1779275232.394509
approach2_run2,8658000,1779275232.436262
approach2_run2,8659000,1779275232.533904
approach2_run2,8660000,1779275232.566549
approach2_run2,8661000,1779275232.651847
approach2_run2,8662000,1779275232.706741
approach2_run2,8663000,1779275232.792423
approach2_run2,8664000,1779275232.891170
approach2_run2,8665000,1779275232.909386
approach2_run2,8666000,1779275232.994602
approach2_run2,8667000,1779275233.068561
approach2_run2,8668000,1779275233.166206
approach2_run2,8669000,1779275233.193589
approach2_run2,8670000,1779275233.279527
approach2_run2,8671000,1779275233.338642
approach2_run2,8672000,1779275233.423847
approach2_run2,8673000,1779275233.452661
approach2_run2,8674000,1779275233.538437
approach2_run2,8675000,1779275233.596467
approach2_run2,8676000,1779275233.681765
approach2_run2,8677000,1779275233.715540
approach2_run2,8678000,1779275233.801413
approach2_run2,8679000,1779275233.853989
approach2_run2,8680000,1779275233.939311
approach2_run2,8681000,1779275233.991958
approach2_run2,8682000,1779275234.078465
approach2_run2,8683000,1779275234.111610
approach2_run2,8684000,1779275234.196988
approach2_run2,8685000,1779275234.282293
approach2_run2,8686000,1779275234.337499
approach2_run2,8687000,1779275234.423118
approach2_run2,8688000,1779275234.488207
approach2_run2,8689000,1779275234.573521
approach2_run2,8690000,1779275234.596212
approach2_run2,8691000,1779275234.700348
approach2_run2,8692000,1779275234.745619
approach2_run2,8693000,1779275234.830835
approach2_run2,8694000,1779275234.910776
approach2_run2,8695000,1779275234.996616
approach2_run2,8696000,1779275235.002905
approach2_run2,8697000,1779275235.088225
approach2_run2,8698000,1779275235.172442
approach2_run2,8699000,1779275235.259716
approach2_run2,8700000,1779275235.277936
approach2_run2,8701000,1779275235.363688
approach2_run2,8702000,1779275235.432141
approach2_run2,8703000,1779275235.517606
approach2_run2,8704000,1779275235.537310
approach2_run2,8705000,1779275235.623292
approach2_run2,8706000,1779275235.697325
approach2_run2,8707000,1779275235.710015
approach2_run2,8708000,1779275235.796094
approach2_run2,8709000,1779275235.882004
approach2_run2,8710000,1779275235.953990
approach2_run2,8711000,1779275236.039033
approach2_run2,8712000,1779275236.055633
approach2_run2,8713000,1779275236.141538
approach2_run2,8714000,1779275236.243967
approach2_run2,8715000,1779275236.255883
approach2_run2,8716000,1779275236.366785
approach2_run2,8717000,1779275236.452555
approach2_run2,8718000,1779275236.469824
approach2_run2,8719000,1779275236.554571
approach2_run2,8720000,1779275236.637396
approach2_run2,8721000,1779275236.714277
approach2_run2,8722000,1779275236.727427
approach2_run2,8723000,1779275236.812482
approach2_run2,8724000,1779275236.894864
approach2_run2,8725000,1779275236.984756
approach2_run2,8726000,1779275236.993548
approach2_run2,8727000,1779275237.080222
approach2_run2,8728000,1779275237.166115
approach2_run2,8729000,1779275237.252262
approach2_run2,8730000,1779275237.327629
approach2_run2,8731000,1779275237.339862
approach2_run2,8732000,1779275237.426068
approach2_run2,8733000,1779275237.512038
approach2_run2,8734000,1779275237.585486
approach2_run2,8735000,1779275237.598750
approach2_run2,8736000,1779275237.684664
approach2_run2,8737000,1779275237.787909
approach2_run2,8738000,1779275237.843547
approach2_run2,8739000,1779275237.926776
approach2_run2,8740000,1779275237.997227
approach2_run2,8741000,1779275238.054968
approach2_run2,8742000,1779275238.101568
approach2_run2,8743000,1779275238.184472
approach2_run2,8744000,1779275238.260209
approach2_run2,8745000,1779275238.314034
approach2_run2,8746000,1779275238.365126
approach2_run2,8747000,1779275238.450911
approach2_run2,8748000,1779275238.536703
approach2_run2,8749000,1779275238.616202
approach2_run2,8750000,1779275238.623484
approach2_run2,8751000,1779275238.709471
approach2_run2,8752000,1779275238.795768
approach2_run2,8753000,1779275238.873674
approach2_run2,8754000,1779275238.882754
approach2_run2,8755000,1779275238.968895
approach2_run2,8756000,1779275239.055116
approach2_run2,8757000,1779275239.140985
approach2_run2,8758000,1779275239.170439
approach2_run2,8759000,1779275239.227724
approach2_run2,8760000,1779275239.331319
approach2_run2,8761000,1779275239.427557
approach2_run2,8762000,1779275239.472646
approach2_run2,8763000,1779275239.540417
approach2_run2,8764000,1779275239.630856
approach2_run2,8765000,1779275239.685364
approach2_run2,8766000,1779275239.731125
approach2_run2,8767000,1779275239.804407
approach2_run2,8768000,1779275239.890425
approach2_run2,8769000,1779275239.944957
approach2_run2,8770000,1779275240.003964
approach2_run2,8771000,1779275240.089927
approach2_run2,8772000,1779275240.176042
approach2_run2,8773000,1779275240.202700
approach2_run2,8774000,1779275240.263113
approach2_run2,8775000,1779275240.349275
approach2_run2,8776000,1779275240.435688
approach2_run2,8777000,1779275240.460297
approach2_run2,8778000,1779275240.542881
approach2_run2,8779000,1779275240.608982
approach2_run2,8780000,1779275240.703696
approach2_run2,8781000,1779275240.790143
approach2_run2,8782000,1779275240.800343
approach2_run2,8783000,1779275240.912164
approach2_run2,8784000,1779275240.998334
approach2_run2,8785000,1779275241.057743
approach2_run2,8786000,1779275241.089821
approach2_run2,8787000,1779275241.175973
approach2_run2,8788000,1779275241.262285
approach2_run2,8789000,1779275241.315235
approach2_run2,8790000,1779275241.349826
approach2_run2,8791000,1779275241.461791
approach2_run2,8792000,1779275241.527502
approach2_run2,8793000,1779275241.574146
approach2_run2,8794000,1779275241.634855
approach2_run2,8795000,1779275241.721296
approach2_run2,8796000,1779275241.785095
approach2_run2,8797000,1779275241.831920
approach2_run2,8798000,1779275241.896067
approach2_run2,8799000,1779275241.982170
approach2_run2,8800000,1779275242.043064
approach2_run2,8801000,1779275242.090383
approach2_run2,8802000,1779275242.163335
approach2_run2,8803000,1779275242.249605
approach2_run2,8804000,1779275242.347409
approach2_run2,8805000,1779275242.372200
approach2_run2,8806000,1779275242.458281
approach2_run2,8807000,1779275242.544316
approach2_run2,8808000,1779275242.605148
approach2_run2,8809000,1779275242.631073
approach2_run2,8810000,1779275242.717331
approach2_run2,8811000,1779275242.803330
approach2_run2,8812000,1779275242.889281
approach2_run2,8813000,1779275242.947343
approach2_run2,8814000,1779275242.977052
approach2_run2,8815000,1779275243.064008
approach2_run2,8816000,1779275243.120440
approach2_run2,8817000,1779275243.205646
approach2_run2,8818000,1779275243.263971
approach2_run2,8819000,1779275243.332959
approach2_run2,8820000,1779275243.414452
approach2_run2,8821000,1779275243.463751
approach2_run2,8822000,1779275243.523249
approach2_run2,8823000,1779275243.609560
approach2_run2,8824000,1779275243.672289
approach2_run2,8825000,1779275243.757528
approach2_run2,8826000,1779275243.807040
approach2_run2,8827000,1779275243.916091
approach2_run2,8828000,1779275243.930410
approach2_run2,8829000,1779275244.015706
approach2_run2,8830000,1779275244.089781
approach2_run2,8831000,1779275244.175876
approach2_run2,8832000,1779275244.188573
approach2_run2,8833000,1779275244.273431
approach2_run2,8834000,1779275244.358409
approach2_run2,8835000,1779275244.435254
approach2_run2,8836000,1779275244.521359
approach2_run2,8837000,1779275244.531400
approach2_run2,8838000,1779275244.616127
approach2_run2,8839000,1779275244.703758
approach2_run2,8840000,1779275244.788752
approach2_run2,8841000,1779275244.811231
approach2_run2,8842000,1779275244.882683
approach2_run2,8843000,1779275244.962980
approach2_run2,8844000,1779275245.046598
approach2_run2,8845000,1779275245.130993
approach2_run2,8846000,1779275245.157435
approach2_run2,8847000,1779275245.224238
approach2_run2,8848000,1779275245.305047
approach2_run2,8849000,1779275245.389486
approach2_run2,8850000,1779275245.422014
approach2_run2,8851000,1779275245.481990
approach2_run2,8852000,1779275245.563659
approach2_run2,8853000,1779275245.648073
approach2_run2,8854000,1779275245.718650
approach2_run2,8855000,1779275245.821566
approach2_run2,8856000,1779275245.891922
approach2_run2,8857000,1779275245.954240
approach2_run2,8858000,1779275245.997263
approach2_run2,8859000,1779275246.082392
approach2_run2,8860000,1779275246.150464
approach2_run2,8861000,1779275246.212159
approach2_run2,8862000,1779275246.255408
approach2_run2,8863000,1779275246.340141
approach2_run2,8864000,1779275246.409482
approach2_run2,8865000,1779275246.494490
approach2_run2,8866000,1779275246.514191
approach2_run2,8867000,1779275246.598043
approach2_run2,8868000,1779275246.679858
approach2_run2,8869000,1779275246.754227
approach2_run2,8870000,1779275246.772034
approach2_run2,8871000,1779275246.856421
approach2_run2,8872000,1779275246.937944
approach2_run2,8873000,1779275247.013325
approach2_run2,8874000,1779275247.069891
approach2_run2,8875000,1779275247.114344
approach2_run2,8876000,1779275247.195590
approach2_run2,8877000,1779275247.276799
approach2_run2,8878000,1779275247.356842
approach2_run2,8879000,1779275247.372205
approach2_run2,8880000,1779275247.453429
approach2_run2,8881000,1779275247.534382
approach2_run2,8882000,1779275247.615689
approach2_run2,8883000,1779275247.629774
approach2_run2,8884000,1779275247.710583
approach2_run2,8885000,1779275247.824841
approach2_run2,8886000,1779275247.885845
approach2_run2,8887000,1779275247.964586
approach2_run2,8888000,1779275248.035198
approach2_run2,8889000,1779275248.121558
approach2_run2,8890000,1779275248.185062
approach2_run2,8891000,1779275248.224941
approach2_run2,8892000,1779275248.306452
approach2_run2,8893000,1779275248.380723
approach2_run2,8894000,1779275248.442961
approach2_run2,8895000,1779275248.483822
approach2_run2,8896000,1779275248.554275
approach2_run2,8897000,1779275248.639916
approach2_run2,8898000,1779275248.726277
approach2_run2,8899000,1779275248.744083
approach2_run2,8900000,1779275248.813594
approach2_run2,8901000,1779275248.899771
approach2_run2,8902000,1779275248.985283
approach2_run2,8903000,1779275249.043323
approach2_run2,8904000,1779275249.072354
approach2_run2,8905000,1779275249.158706
approach2_run2,8906000,1779275249.244423
approach2_run2,8907000,1779275249.330588
approach2_run2,8908000,1779275249.337556
approach2_run2,8909000,1779275249.418017
approach2_run2,8910000,1779275249.504094
approach2_run2,8911000,1779275249.513866
approach2_run2,8912000,1779275249.627832
approach2_run2,8913000,1779275249.713732
approach2_run2,8914000,1779275249.773033
approach2_run2,8915000,1779275249.800630
approach2_run2,8916000,1779275249.886918
approach2_run2,8917000,1779275249.972464
approach2_run2,8918000,1779275250.093955
approach2_run2,8919000,1779275250.108366
approach2_run2,8920000,1779275250.181111
approach2_run2,8921000,1779275250.266621
approach2_run2,8922000,1779275250.284515
approach2_run2,8923000,1779275250.367022
approach2_run2,8924000,1779275250.440668
approach2_run2,8925000,1779275250.527532
approach2_run2,8926000,1779275250.543921
approach2_run2,8927000,1779275250.625601
approach2_run2,8928000,1779275250.700247
approach2_run2,8929000,1779275250.787092
approach2_run2,8930000,1779275250.803397
approach2_run2,8931000,1779275250.884720
approach2_run2,8932000,1779275250.967339
approach2_run2,8933000,1779275251.047417
approach2_run2,8934000,1779275251.103660
approach2_run2,8935000,1779275251.143975
approach2_run2,8936000,1779275251.225403
approach2_run2,8937000,1779275251.306606
approach2_run2,8938000,1779275251.392744
approach2_run2,8939000,1779275251.402958
approach2_run2,8940000,1779275251.515515
approach2_run2,8941000,1779275251.574125
approach2_run2,8942000,1779275251.656672
approach2_run2,8943000,1779275251.703918
approach2_run2,8944000,1779275251.775527
approach2_run2,8945000,1779275251.832938
approach2_run2,8946000,1779275251.915192
approach2_run2,8947000,1779275251.997531
approach2_run2,8948000,1779275252.068698
approach2_run2,8949000,1779275252.155171
approach2_run2,8950000,1779275252.173955
approach2_run2,8951000,1779275252.256833
approach2_run2,8952000,1779275252.328095
approach2_run2,8953000,1779275252.414333
approach2_run2,8954000,1779275252.432939
approach2_run2,8955000,1779275252.515090
approach2_run2,8956000,1779275252.598013
approach2_run2,8957000,1779275252.675462
approach2_run2,8958000,1779275252.762049
approach2_run2,8959000,1779275252.773839
approach2_run2,8960000,1779275252.856739
approach2_run2,8961000,1779275252.935220
approach2_run2,8962000,1779275253.021446
approach2_run2,8963000,1779275253.030973
approach2_run2,8964000,1779275253.113227
approach2_run2,8965000,1779275253.194633
approach2_run2,8966000,1779275253.280343
approach2_run2,8967000,1779275253.289977
approach2_run2,8968000,1779275253.402355
approach2_run2,8969000,1779275253.461868
approach2_run2,8970000,1779275253.542746
approach2_run2,8971000,1779275253.575753
approach2_run2,8972000,1779275253.662047
approach2_run2,8973000,1779275253.719654
approach2_run2,8974000,1779275253.801129
approach2_run2,8975000,1779275253.869180
approach2_run2,8976000,1779275253.955596
approach2_run2,8977000,1779275254.042242
approach2_run2,8978000,1779275254.062621
approach2_run2,8979000,1779275254.144431
approach2_run2,8980000,1779275254.215199
approach2_run2,8981000,1779275254.300922
approach2_run2,8982000,1779275254.363427
approach2_run2,8983000,1779275254.402592
approach2_run2,8984000,1779275254.474907
approach2_run2,8985000,1779275254.560687
approach2_run2,8986000,1779275254.620629
approach2_run2,8987000,1779275254.660052
approach2_run2,8988000,1779275254.734648
approach2_run2,8989000,1779275254.820434
approach2_run2,8990000,1779275254.878521
approach2_run2,8991000,1779275254.918645
approach2_run2,8992000,1779275254.994210
approach2_run2,8993000,1779275255.080545
approach2_run2,8994000,1779275255.166256
approach2_run2,8995000,1779275255.176177
approach2_run2,8996000,1779275255.255651
approach2_run2,8997000,1779275255.339481
approach2_run2,8998000,1779275255.433885
approach2_run2,8999000,1779275255.478792
approach2_run2,9000000,1779275255.547917
approach2_run2,9001000,1779275255.634178
approach2_run2,9002000,1779275255.691764
approach2_run2,9003000,1779275255.736976
approach2_run2,9004000,1779275255.841181
approach2_run2,9005000,1779275255.908423
approach2_run2,9006000,1779275255.949342
approach2_run2,9007000,1779275256.014359
approach2_run2,9008000,1779275256.100144
approach2_run2,9009000,1779275256.166004
approach2_run2,9010000,1779275256.208886
approach2_run2,9011000,1779275256.273408
approach2_run2,9012000,1779275256.358925
approach2_run2,9013000,1779275256.423805
approach2_run2,9014000,1779275256.466599
approach2_run2,9015000,1779275256.532681
approach2_run2,9016000,1779275256.618463
approach2_run2,9017000,1779275256.705663
approach2_run2,9018000,1779275256.724068
approach2_run2,9019000,1779275256.809791
approach2_run2,9020000,1779275256.885003
approach2_run2,9021000,1779275256.966604
approach2_run2,9022000,1779275257.052302
approach2_run2,9023000,1779275257.067580
approach2_run2,9024000,1779275257.142744
approach2_run2,9025000,1779275257.225699
approach2_run2,9026000,1779275257.315309
approach2_run2,9027000,1779275257.347957
approach2_run2,9028000,1779275257.434351
approach2_run2,9029000,1779275257.497177
approach2_run2,9030000,1779275257.572912
approach2_run2,9031000,1779275257.607505
approach2_run2,9032000,1779275257.693107
approach2_run2,9033000,1779275257.755097
approach2_run2,9034000,1779275257.830843
approach2_run2,9035000,1779275257.899531
approach2_run2,9036000,1779275257.985386
approach2_run2,9037000,1779275258.013328
approach2_run2,9038000,1779275258.088635
approach2_run2,9039000,1779275258.158709
approach2_run2,9040000,1779275258.244353
approach2_run2,9041000,1779275258.329915
approach2_run2,9042000,1779275258.355999
approach2_run2,9043000,1779275258.430513
approach2_run2,9044000,1779275258.503295
approach2_run2,9045000,1779275258.589684
approach2_run2,9046000,1779275258.613188
approach2_run2,9047000,1779275258.688209
approach2_run2,9048000,1779275258.763398
approach2_run2,9049000,1779275258.849207
approach2_run2,9050000,1779275258.870888
approach2_run2,9051000,1779275258.946540
approach2_run2,9052000,1779275259.030625
approach2_run2,9053000,1779275259.110434
approach2_run2,9054000,1779275259.128709
approach2_run2,9055000,1779275259.213125
approach2_run2,9056000,1779275259.294149
approach2_run2,9057000,1779275259.360940
approach2_run2,9058000,1779275259.444630
approach2_run2,9059000,1779275259.529391
approach2_run2,9060000,1779275259.557234
approach2_run2,9061000,1779275259.641560
approach2_run2,9062000,1779275259.683783
approach2_run2,9063000,1779275259.750514
approach2_run2,9064000,1779275259.835466
approach2_run2,9065000,1779275259.920724
approach2_run2,9066000,1779275259.968224
approach2_run2,9067000,1779275260.052642
approach2_run2,9068000,1779275260.112789
approach2_run2,9069000,1779275260.156852
approach2_run2,9070000,1779275260.232206
approach2_run2,9071000,1779275260.303285
approach2_run2,9072000,1779275260.388222
approach2_run2,9073000,1779275260.471275
approach2_run2,9074000,1779275260.500767
approach2_run2,9075000,1779275260.568257
approach2_run2,9076000,1779275260.648052
approach2_run2,9077000,1779275260.730662
approach2_run2,9078000,1779275260.758563
approach2_run2,9079000,1779275260.843538
approach2_run2,9080000,1779275260.909892
approach2_run2,9081000,1779275260.989676
approach2_run2,9082000,1779275261.016415
approach2_run2,9083000,1779275261.101575
approach2_run2,9084000,1779275261.169136
approach2_run2,9085000,1779275261.248787
approach2_run2,9086000,1779275261.331280
approach2_run2,9087000,1779275261.400402
approach2_run2,9088000,1779275261.446464
approach2_run2,9089000,1779275261.511780
approach2_run2,9090000,1779275261.590504
approach2_run2,9091000,1779275261.658109
approach2_run2,9092000,1779275261.704443
approach2_run2,9093000,1779275261.770358
approach2_run2,9094000,1779275261.849332
approach2_run2,9095000,1779275261.915963
approach2_run2,9096000,1779275262.001537
approach2_run2,9097000,1779275262.048124
approach2_run2,9098000,1779275262.112880
approach2_run2,9099000,1779275262.191633
approach2_run2,9100000,1779275262.274549
approach2_run2,9101000,1779275262.305605
approach2_run2,9102000,1779275262.371747
approach2_run2,9103000,1779275262.455309
approach2_run2,9104000,1779275262.535072
approach2_run2,9105000,1779275262.563711
approach2_run2,9106000,1779275262.647765
approach2_run2,9107000,1779275262.713416
approach2_run2,9108000,1779275262.790781
approach2_run2,9109000,1779275262.840429
approach2_run2,9110000,1779275262.905410
approach2_run2,9111000,1779275262.983109
approach2_run2,9112000,1779275263.051143
approach2_run2,9113000,1779275263.131333
approach2_run2,9114000,1779275263.179380
approach2_run2,9115000,1779275263.240527
approach2_run2,9116000,1779275263.315261
approach2_run2,9117000,1779275263.393606
approach2_run2,9118000,1779275263.443064
approach2_run2,9119000,1779275263.498491
approach2_run2,9120000,1779275263.584074
approach2_run2,9121000,1779275263.657960
approach2_run2,9122000,1779275263.733628
approach2_run2,9123000,1779275263.784718
approach2_run2,9124000,1779275263.848654
approach2_run2,9125000,1779275263.925794
approach2_run2,9126000,1779275263.999023
approach2_run2,9127000,1779275264.075070
approach2_run2,9128000,1779275264.126619
approach2_run2,9129000,1779275264.183326
approach2_run2,9130000,1779275264.269265
approach2_run2,9131000,1779275264.337054
approach2_run2,9132000,1779275264.416855
approach2_run2,9133000,1779275264.465905
approach2_run2,9134000,1779275264.523813
approach2_run2,9135000,1779275264.601710
approach2_run2,9136000,1779275264.679674
approach2_run2,9137000,1779275264.728539
approach2_run2,9138000,1779275264.781485
approach2_run2,9139000,1779275264.867246
approach2_run2,9140000,1779275264.943619
approach2_run2,9141000,1779275265.006300
approach2_run2,9142000,1779275265.070147
approach2_run2,9143000,1779275265.125517
approach2_run2,9144000,1779275265.194442
approach2_run2,9145000,1779275265.263947
approach2_run2,9146000,1779275265.328877
approach2_run2,9147000,1779275265.393267
approach2_run2,9148000,1779275265.456231
approach2_run2,9149000,1779275265.532035
approach2_run2,9150000,1779275265.608278
approach2_run2,9151000,1779275265.650848
approach2_run2,9152000,1779275265.726481
approach2_run2,9153000,1779275265.802606
approach2_run2,9154000,1779275265.880807
approach2_run2,9155000,1779275265.911312
approach2_run2,9156000,1779275266.011936
approach2_run2,9157000,1779275266.070847
approach2_run2,9158000,1779275266.139404
approach2_run2,9159000,1779275266.207315
approach2_run2,9160000,1779275266.271644
approach2_run2,9161000,1779275266.329324
approach2_run2,9162000,1779275266.412178
approach2_run2,9163000,1779275266.486573
approach2_run2,9164000,1779275266.562097
approach2_run2,9165000,1779275266.596051
approach2_run2,9166000,1779275266.670347
approach2_run2,9167000,1779275266.746340
approach2_run2,9168000,1779275266.824522
approach2_run2,9169000,1779275266.854767
approach2_run2,9170000,1779275266.940584
approach2_run2,9171000,1779275267.014530
approach2_run2,9172000,1779275267.083174
approach2_run2,9173000,1779275267.152765
approach2_run2,9174000,1779275267.214622
approach2_run2,9175000,1779275267.282343
approach2_run2,9176000,1779275267.342145
approach2_run2,9177000,1779275267.419335
approach2_run2,9178000,1779275267.505403
approach2_run2,9179000,1779275267.591703
approach2_run2,9180000,1779275267.680576
approach2_run2,9181000,1779275267.754503
approach2_run2,9182000,1779275267.840662
approach2_run2,9183000,1779275267.886896
approach2_run2,9184000,1779275267.984693
approach2_run2,9185000,1779275268.071158
approach2_run2,9186000,1779275268.157576
approach2_run2,9187000,1779275268.243767
approach2_run2,9188000,1779275268.317870
approach2_run2,9189000,1779275268.402215
approach2_run2,9190000,1779275268.478883
approach2_run2,9191000,1779275268.563780
approach2_run2,9192000,1779275268.632261
approach2_run2,9193000,1779275268.718484
approach2_run2,9194000,1779275268.804392
approach2_run2,9195000,1779275268.910704
approach2_run2,9196000,1779275268.995183
approach2_run2,9197000,1779275269.056486
approach2_run2,9198000,1779275269.142367
approach2_run2,9199000,1779275269.228522
approach2_run2,9200000,1779275269.315353
approach2_run2,9201000,1779275269.402141
approach2_run2,9202000,1779275269.488350
approach2_run2,9203000,1779275269.574791
approach2_run2,9204000,1779275269.660851
approach2_run2,9205000,1779275269.746917
approach2_run2,9206000,1779275269.825418
approach2_run2,9207000,1779275269.912504
approach2_run2,9208000,1779275269.999014
approach2_run2,9209000,1779275270.085428
approach2_run2,9210000,1779275270.171575
approach2_run2,9211000,1779275270.217889
approach2_run2,9212000,1779275270.335600
approach2_run2,9213000,1779275270.389948
approach2_run2,9214000,1779275270.507100
approach2_run2,9215000,1779275270.561898
approach2_run2,9216000,1779275270.648649
approach2_run2,9217000,1779275270.732324
approach2_run2,9218000,1779275270.817270
approach2_run2,9219000,1779275270.904675
approach2_run2,9220000,1779275270.988503
approach2_run2,9221000,1779275271.066186
approach2_run2,9222000,1779275271.158931
approach2_run2,9223000,1779275271.238314
approach2_run2,9224000,1779275271.330038
approach2_run2,9225000,1779275271.408978
approach2_run2,9226000,1779275271.497083
approach2_run2,9227000,1779275271.548360
approach2_run2,9228000,1779275271.635128
approach2_run2,9229000,1779275271.719464
approach2_run2,9230000,1779275271.806498
approach2_run2,9231000,1779275271.890596
approach2_run2,9232000,1779275271.967984
approach2_run2,9233000,1779275272.053720
approach2_run2,9234000,1779275272.146010
approach2_run2,9235000,1779275272.223905
approach2_run2,9236000,1779275272.309933
approach2_run2,9237000,1779275272.394589
approach2_run2,9238000,1779275272.480520
approach2_run2,9239000,1779275272.566481
approach2_run2,9240000,1779275272.632416
approach2_run2,9241000,1779275272.737183
approach2_run2,9242000,1779275272.804870
approach2_run2,9243000,1779275272.890957
approach2_run2,9244000,1779275272.977419
approach2_run2,9245000,1779275273.063120
approach2_run2,9246000,1779275273.149898
approach2_run2,9247000,1779275273.235501
approach2_run2,9248000,1779275273.307203
approach2_run2,9249000,1779275273.392581
approach2_run2,9250000,1779275273.478646
approach2_run2,9251000,1779275273.565509
approach2_run2,9252000,1779275273.651100
approach2_run2,9253000,1779275273.732509
approach2_run2,9254000,1779275273.818992
approach2_run2,9255000,1779275273.909937
approach2_run2,9256000,1779275274.025315
approach2_run2,9257000,1779275274.123126
approach2_run2,9258000,1779275274.284593
approach2_run2,9259000,1779275274.383214
approach2_run2,9260000,1779275274.549739
approach2_run2,9261000,1779275274.713985
approach2_run2,9262000,1779275274.811300
approach2_run2,9263000,1779275274.978624
approach2_run2,9264000,1779275275.141031
approach2_run2,9265000,1779275275.237952
approach2_run2,9266000,1779275275.400677
approach2_run2,9267000,1779275275.497412
approach2_run2,9268000,1779275275.664783
approach2_run2,9269000,1779275275.793611
approach2_run2,9270000,1779275275.923918
approach2_run2,9271000,1779275276.084970
approach2_run2,9272000,1779275276.222267
approach2_run2,9273000,1779275276.352761
approach2_run2,9274000,1779275276.513829
approach2_run2,9275000,1779275276.611227
approach2_run2,9276000,1779275276.773853
approach2_run2,9277000,1779275276.870246
approach2_run2,9278000,1779275277.037671
approach2_run2,9279000,1779275277.199670
approach2_run2,9280000,1779275277.297256
approach2_run2,9281000,1779275277.458967
approach2_run2,9282000,1779275277.555681
approach2_run2,9283000,1779275277.725565
approach2_run2,9284000,1779275277.887428
approach2_run2,9285000,1779275277.984183
approach2_run2,9286000,1779275278.152020
approach2_run2,9287000,1779275278.243836
approach2_run2,9288000,1779275278.411235
approach2_run2,9289000,1779275278.572998
approach2_run2,9290000,1779275278.669811
approach2_run2,9291000,1779275278.841762
approach2_run2,9292000,1779275279.090392
approach2_run2,9293000,1779275279.271003
approach2_run2,9294000,1779275279.486891
approach2_run2,9295000,1779275279.701651
approach2_run2,9296000,1779275279.917954
approach2_run2,9297000,1779275280.125826
approach2_run2,9298000,1779275280.305793
approach2_run2,9299000,1779275280.556094
approach2_run2,9300000,1779275280.736686
approach2_run2,9301000,1779275280.986887
approach2_run2,9302000,1779275281.166327
approach2_run2,9303000,1779275281.383625
approach2_run2,9304000,1779275281.591330
approach2_run2,9305000,1779275281.814514
approach2_run2,9306000,1779275282.022418
approach2_run2,9307000,1779275282.201240
approach2_run2,9308000,1779275282.458183
approach2_run2,9309000,1779275282.710613
approach2_run2,9310000,1779275282.889111
approach2_run2,9311000,1779275283.141962
approach2_run2,9312000,1779275283.315574
approach2_run2,9313000,1779275283.493703
approach2_run2,9314000,1779275283.746286
approach2_run2,9315000,1779275283.924147
approach2_run2,9316000,1779275284.177708
approach2_run2,9317000,1779275284.355319
