run_id,record_index,wall_clock_s
approach4_mm2_run3,1000,1779292162.158973
approach4_mm2_run3,2000,1779292162.160446
approach4_mm2_run3,3000,1779292162.171690
approach4_mm2_run3,4000,1779292162.173162
approach4_mm2_run3,5000,1779292162.174636
approach4_mm2_run3,6000,1779292162.203971
approach4_mm2_run3,7000,1779292162.205464
approach4_mm2_run3,8000,1779292162.214689
approach4_mm2_run3,9000,1779292162.216408
approach4_mm2_run3,10000,1779292162.219107
approach4_mm2_run3,11000,1779292162.220569
approach4_mm2_run3,12000,1779292162.222067
approach4_mm2_run3,13000,1779292162.224167
approach4_mm2_run3,14000,1779292162.225712
approach4_mm2_run3,15000,1779292162.227201
approach4_mm2_run3,16000,1779292162.228673
approach4_mm2_run3,17000,1779292162.232330
approach4_mm2_run3,18000,1779292162.233806
approach4_mm2_run3,19000,1779292162.235292
approach4_mm2_run3,20000,1779292162.319010
approach4_mm2_run3,21000,1779292162.320458
approach4_mm2_run3,22000,1779292162.321932
approach4_mm2_run3,23000,1779292162.323409
approach4_mm2_run3,24000,1779292162.763187
approach4_mm2_run3,25000,1779292162.764692
approach4_mm2_run3,26000,1779292162.766241
approach4_mm2_run3,27000,1779292162.771883
approach4_mm2_run3,28000,1779292162.773374
approach4_mm2_run3,29000,1779292162.776923
approach4_mm2_run3,30000,1779292162.778410
approach4_mm2_run3,31000,1779292162.779896
approach4_mm2_run3,32000,1779292162.781442
approach4_mm2_run3,33000,1779292162.782957
approach4_mm2_run3,34000,1779292162.784447
approach4_mm2_run3,35000,1779292162.785945
approach4_mm2_run3,36000,1779292162.787451
approach4_mm2_run3,37000,1779292162.788890
approach4_mm2_run3,38000,1779292162.790377
approach4_mm2_run3,39000,1779292162.791876
approach4_mm2_run3,40000,1779292162.794106
approach4_mm2_run3,41000,1779292162.795588
approach4_mm2_run3,42000,1779292162.797086
approach4_mm2_run3,43000,1779292162.798573
approach4_mm2_run3,44000,1779292162.800107
approach4_mm2_run3,45000,1779292162.801549
approach4_mm2_run3,46000,1779292162.803010
approach4_mm2_run3,47000,1779292162.804489
approach4_mm2_run3,48000,1779292162.930066
approach4_mm2_run3,49000,1779292162.931530
approach4_mm2_run3,50000,1779292162.933010
approach4_mm2_run3,51000,1779292162.934488
approach4_mm2_run3,52000,1779292162.937713
approach4_mm2_run3,53000,1779292162.939174
approach4_mm2_run3,54000,1779292162.940632
approach4_mm2_run3,55000,1779292162.942084
approach4_mm2_run3,56000,1779292162.945631
approach4_mm2_run3,57000,1779292162.947358
approach4_mm2_run3,58000,1779292162.949127
approach4_mm2_run3,59000,1779292162.950909
approach4_mm2_run3,60000,1779292162.952648
approach4_mm2_run3,61000,1779292162.954106
approach4_mm2_run3,62000,1779292162.955619
approach4_mm2_run3,63000,1779292162.983660
approach4_mm2_run3,64000,1779292163.149100
approach4_mm2_run3,65000,1779292163.150580
approach4_mm2_run3,66000,1779292163.163874
approach4_mm2_run3,67000,1779292163.165821
approach4_mm2_run3,68000,1779292163.167314
approach4_mm2_run3,69000,1779292163.169126
approach4_mm2_run3,70000,1779292163.170927
approach4_mm2_run3,71000,1779292163.172683
approach4_mm2_run3,72000,1779292163.174151
approach4_mm2_run3,73000,1779292163.175650
approach4_mm2_run3,74000,1779292163.177105
approach4_mm2_run3,75000,1779292163.213603
approach4_mm2_run3,76000,1779292163.215101
approach4_mm2_run3,77000,1779292163.423257
approach4_mm2_run3,78000,1779292163.428377
approach4_mm2_run3,79000,1779292163.429880
approach4_mm2_run3,80000,1779292163.580228
approach4_mm2_run3,81000,1779292163.581719
approach4_mm2_run3,82000,1779292163.583231
approach4_mm2_run3,83000,1779292163.592258
approach4_mm2_run3,84000,1779292163.593905
approach4_mm2_run3,85000,1779292163.596302
approach4_mm2_run3,86000,1779292163.597790
approach4_mm2_run3,87000,1779292163.599904
approach4_mm2_run3,88000,1779292163.602437
approach4_mm2_run3,89000,1779292163.603899
approach4_mm2_run3,90000,1779292163.605410
approach4_mm2_run3,91000,1779292163.606913
approach4_mm2_run3,92000,1779292163.608389
approach4_mm2_run3,93000,1779292163.609859
approach4_mm2_run3,94000,1779292163.611355
approach4_mm2_run3,95000,1779292163.658677
approach4_mm2_run3,96000,1779292163.660168
approach4_mm2_run3,97000,1779292163.661643
approach4_mm2_run3,98000,1779292163.944348
approach4_mm2_run3,99000,1779292163.945854
approach4_mm2_run3,100000,1779292163.947349
approach4_mm2_run3,101000,1779292163.994457
approach4_mm2_run3,102000,1779292163.995946
approach4_mm2_run3,103000,1779292163.997425
approach4_mm2_run3,104000,1779292163.998928
approach4_mm2_run3,105000,1779292164.190925
approach4_mm2_run3,106000,1779292164.192447
approach4_mm2_run3,107000,1779292164.194207
approach4_mm2_run3,108000,1779292164.199056
approach4_mm2_run3,109000,1779292164.200573
approach4_mm2_run3,110000,1779292164.202473
approach4_mm2_run3,111000,1779292164.204336
approach4_mm2_run3,112000,1779292164.205863
approach4_mm2_run3,113000,1779292164.207378
approach4_mm2_run3,114000,1779292164.208888
approach4_mm2_run3,115000,1779292164.211242
approach4_mm2_run3,116000,1779292164.212721
approach4_mm2_run3,117000,1779292164.214238
approach4_mm2_run3,118000,1779292164.215768
approach4_mm2_run3,119000,1779292164.217241
approach4_mm2_run3,120000,1779292164.218733
approach4_mm2_run3,121000,1779292164.220202
approach4_mm2_run3,122000,1779292164.221662
approach4_mm2_run3,123000,1779292164.223138
approach4_mm2_run3,124000,1779292164.224620
approach4_mm2_run3,125000,1779292164.226124
approach4_mm2_run3,126000,1779292164.227605
approach4_mm2_run3,127000,1779292164.279598
approach4_mm2_run3,128000,1779292164.281070
approach4_mm2_run3,129000,1779292164.282526
approach4_mm2_run3,130000,1779292164.284016
approach4_mm2_run3,131000,1779292164.626010
approach4_mm2_run3,132000,1779292164.627495
approach4_mm2_run3,133000,1779292164.628968
approach4_mm2_run3,134000,1779292164.630474
approach4_mm2_run3,135000,1779292164.661430
approach4_mm2_run3,136000,1779292164.662920
approach4_mm2_run3,137000,1779292164.664394
approach4_mm2_run3,138000,1779292164.665926
approach4_mm2_run3,139000,1779292164.917193
approach4_mm2_run3,140000,1779292164.918718
approach4_mm2_run3,141000,1779292164.921747
approach4_mm2_run3,142000,1779292164.923282
approach4_mm2_run3,143000,1779292164.927282
approach4_mm2_run3,144000,1779292164.928779
approach4_mm2_run3,145000,1779292164.930278
approach4_mm2_run3,146000,1779292164.931795
approach4_mm2_run3,147000,1779292164.933471
approach4_mm2_run3,148000,1779292164.935942
approach4_mm2_run3,149000,1779292164.937439
approach4_mm2_run3,150000,1779292164.939036
approach4_mm2_run3,151000,1779292164.940934
approach4_mm2_run3,152000,1779292164.943736
approach4_mm2_run3,153000,1779292164.945264
approach4_mm2_run3,154000,1779292164.946784
approach4_mm2_run3,155000,1779292164.948251
approach4_mm2_run3,156000,1779292164.949722
approach4_mm2_run3,157000,1779292164.951208
approach4_mm2_run3,158000,1779292164.952696
approach4_mm2_run3,159000,1779292164.954187
approach4_mm2_run3,160000,1779292164.955710
approach4_mm2_run3,161000,1779292164.957184
approach4_mm2_run3,162000,1779292164.958689
approach4_mm2_run3,163000,1779292164.960147
approach4_mm2_run3,164000,1779292164.961639
approach4_mm2_run3,165000,1779292164.963149
approach4_mm2_run3,166000,1779292165.033414
approach4_mm2_run3,167000,1779292165.034929
approach4_mm2_run3,168000,1779292165.036396
approach4_mm2_run3,169000,1779292165.037855
approach4_mm2_run3,170000,1779292165.039354
approach4_mm2_run3,171000,1779292165.508703
approach4_mm2_run3,172000,1779292165.510164
approach4_mm2_run3,173000,1779292165.511664
approach4_mm2_run3,174000,1779292165.513127
approach4_mm2_run3,175000,1779292165.514635
approach4_mm2_run3,176000,1779292165.542362
approach4_mm2_run3,177000,1779292165.543831
approach4_mm2_run3,178000,1779292165.545327
approach4_mm2_run3,179000,1779292165.546812
approach4_mm2_run3,180000,1779292165.548292
approach4_mm2_run3,181000,1779292165.642606
approach4_mm2_run3,182000,1779292165.644172
approach4_mm2_run3,183000,1779292165.648125
approach4_mm2_run3,184000,1779292165.649749
approach4_mm2_run3,185000,1779292165.653597
approach4_mm2_run3,186000,1779292165.655122
approach4_mm2_run3,187000,1779292165.656598
approach4_mm2_run3,188000,1779292165.658110
approach4_mm2_run3,189000,1779292165.659655
approach4_mm2_run3,190000,1779292165.661301
approach4_mm2_run3,191000,1779292165.663691
approach4_mm2_run3,192000,1779292165.665209
approach4_mm2_run3,193000,1779292165.666691
approach4_mm2_run3,194000,1779292165.668159
approach4_mm2_run3,195000,1779292165.669810
approach4_mm2_run3,196000,1779292165.672140
approach4_mm2_run3,197000,1779292165.673801
approach4_mm2_run3,198000,1779292165.675342
approach4_mm2_run3,199000,1779292165.676827
approach4_mm2_run3,200000,1779292165.678315
approach4_mm2_run3,201000,1779292165.679801
approach4_mm2_run3,202000,1779292165.681264
approach4_mm2_run3,203000,1779292165.682750
approach4_mm2_run3,204000,1779292165.684219
approach4_mm2_run3,205000,1779292165.685701
approach4_mm2_run3,206000,1779292165.687240
approach4_mm2_run3,207000,1779292165.688720
approach4_mm2_run3,208000,1779292165.783230
approach4_mm2_run3,209000,1779292165.784712
approach4_mm2_run3,210000,1779292165.786227
approach4_mm2_run3,211000,1779292165.787708
approach4_mm2_run3,212000,1779292165.789193
approach4_mm2_run3,213000,1779292166.369680
approach4_mm2_run3,214000,1779292166.371219
approach4_mm2_run3,215000,1779292166.372853
approach4_mm2_run3,216000,1779292166.376210
approach4_mm2_run3,217000,1779292166.377898
approach4_mm2_run3,218000,1779292166.381564
approach4_mm2_run3,219000,1779292166.383050
approach4_mm2_run3,220000,1779292166.384533
approach4_mm2_run3,221000,1779292166.386058
approach4_mm2_run3,222000,1779292166.387594
approach4_mm2_run3,223000,1779292166.389261
approach4_mm2_run3,224000,1779292166.391576
approach4_mm2_run3,225000,1779292166.393190
approach4_mm2_run3,226000,1779292166.396435
approach4_mm2_run3,227000,1779292166.397946
approach4_mm2_run3,228000,1779292166.399679
approach4_mm2_run3,229000,1779292166.401767
approach4_mm2_run3,230000,1779292166.403337
approach4_mm2_run3,231000,1779292166.405299
approach4_mm2_run3,232000,1779292166.407351
approach4_mm2_run3,233000,1779292166.408823
approach4_mm2_run3,234000,1779292166.410327
approach4_mm2_run3,235000,1779292166.411782
approach4_mm2_run3,236000,1779292166.413264
approach4_mm2_run3,237000,1779292166.414771
approach4_mm2_run3,238000,1779292166.416281
approach4_mm2_run3,239000,1779292166.417787
approach4_mm2_run3,240000,1779292166.419269
approach4_mm2_run3,241000,1779292166.420753
approach4_mm2_run3,242000,1779292166.422326
approach4_mm2_run3,243000,1779292166.424328
approach4_mm2_run3,244000,1779292166.426310
approach4_mm2_run3,245000,1779292166.427806
approach4_mm2_run3,246000,1779292166.429276
approach4_mm2_run3,247000,1779292166.430763
approach4_mm2_run3,248000,1779292166.432256
approach4_mm2_run3,249000,1779292166.433728
approach4_mm2_run3,250000,1779292166.536575
approach4_mm2_run3,251000,1779292166.538045
approach4_mm2_run3,252000,1779292166.539561
approach4_mm2_run3,253000,1779292166.541033
approach4_mm2_run3,254000,1779292166.542526
approach4_mm2_run3,255000,1779292167.095551
approach4_mm2_run3,256000,1779292167.097058
approach4_mm2_run3,257000,1779292167.098583
approach4_mm2_run3,258000,1779292167.100137
approach4_mm2_run3,259000,1779292167.102076
approach4_mm2_run3,260000,1779292167.104500
approach4_mm2_run3,261000,1779292167.106395
approach4_mm2_run3,262000,1779292167.108486
approach4_mm2_run3,263000,1779292167.109988
approach4_mm2_run3,264000,1779292167.111480
approach4_mm2_run3,265000,1779292167.112953
approach4_mm2_run3,266000,1779292167.114459
approach4_mm2_run3,267000,1779292167.115984
approach4_mm2_run3,268000,1779292167.117505
approach4_mm2_run3,269000,1779292167.119320
approach4_mm2_run3,270000,1779292167.121566
approach4_mm2_run3,271000,1779292167.123057
approach4_mm2_run3,272000,1779292167.124534
approach4_mm2_run3,273000,1779292167.126044
approach4_mm2_run3,274000,1779292167.127525
approach4_mm2_run3,275000,1779292167.129013
approach4_mm2_run3,276000,1779292167.133363
approach4_mm2_run3,277000,1779292167.134868
approach4_mm2_run3,278000,1779292167.136354
approach4_mm2_run3,279000,1779292167.137822
approach4_mm2_run3,280000,1779292167.139308
approach4_mm2_run3,281000,1779292167.140797
approach4_mm2_run3,282000,1779292167.270976
approach4_mm2_run3,283000,1779292167.272455
approach4_mm2_run3,284000,1779292167.273947
approach4_mm2_run3,285000,1779292167.275476
approach4_mm2_run3,286000,1779292167.276968
approach4_mm2_run3,287000,1779292167.288026
approach4_mm2_run3,288000,1779292167.289540
approach4_mm2_run3,289000,1779292167.291037
approach4_mm2_run3,290000,1779292167.292542
approach4_mm2_run3,291000,1779292167.294015
approach4_mm2_run3,292000,1779292167.307745
approach4_mm2_run3,293000,1779292167.309237
approach4_mm2_run3,294000,1779292167.310715
approach4_mm2_run3,295000,1779292167.312188
approach4_mm2_run3,296000,1779292167.313678
approach4_mm2_run3,297000,1779292167.315190
approach4_mm2_run3,298000,1779292167.824152
approach4_mm2_run3,299000,1779292167.825778
approach4_mm2_run3,300000,1779292167.827786
approach4_mm2_run3,301000,1779292167.829603
approach4_mm2_run3,302000,1779292167.831182
approach4_mm2_run3,303000,1779292167.833232
approach4_mm2_run3,304000,1779292167.835140
approach4_mm2_run3,305000,1779292167.836637
approach4_mm2_run3,306000,1779292167.838119
approach4_mm2_run3,307000,1779292167.839612
approach4_mm2_run3,308000,1779292167.841092
approach4_mm2_run3,309000,1779292167.842589
approach4_mm2_run3,310000,1779292167.844069
approach4_mm2_run3,311000,1779292167.845573
approach4_mm2_run3,312000,1779292167.847139
approach4_mm2_run3,313000,1779292167.849667
approach4_mm2_run3,314000,1779292167.851168
approach4_mm2_run3,315000,1779292167.852632
approach4_mm2_run3,316000,1779292167.854098
approach4_mm2_run3,317000,1779292167.855601
approach4_mm2_run3,318000,1779292167.857090
approach4_mm2_run3,319000,1779292167.864044
approach4_mm2_run3,320000,1779292167.865538
approach4_mm2_run3,321000,1779292167.867017
approach4_mm2_run3,322000,1779292167.868498
approach4_mm2_run3,323000,1779292167.869975
approach4_mm2_run3,324000,1779292168.047368
approach4_mm2_run3,325000,1779292168.048846
approach4_mm2_run3,326000,1779292168.050351
approach4_mm2_run3,327000,1779292168.051823
approach4_mm2_run3,328000,1779292168.053319
approach4_mm2_run3,329000,1779292168.152408
approach4_mm2_run3,330000,1779292168.153889
approach4_mm2_run3,331000,1779292168.155424
approach4_mm2_run3,332000,1779292168.156948
approach4_mm2_run3,333000,1779292168.158460
approach4_mm2_run3,334000,1779292168.159970
approach4_mm2_run3,335000,1779292168.191510
approach4_mm2_run3,336000,1779292168.193002
approach4_mm2_run3,337000,1779292168.194491
approach4_mm2_run3,338000,1779292168.196027
approach4_mm2_run3,339000,1779292168.197526
approach4_mm2_run3,340000,1779292168.549005
approach4_mm2_run3,341000,1779292168.550515
approach4_mm2_run3,342000,1779292168.552063
approach4_mm2_run3,343000,1779292168.553965
approach4_mm2_run3,344000,1779292168.555902
approach4_mm2_run3,345000,1779292168.557453
approach4_mm2_run3,346000,1779292168.559238
approach4_mm2_run3,347000,1779292168.561363
approach4_mm2_run3,348000,1779292168.562850
approach4_mm2_run3,349000,1779292168.564335
approach4_mm2_run3,350000,1779292168.565846
approach4_mm2_run3,351000,1779292168.567329
approach4_mm2_run3,352000,1779292168.568806
approach4_mm2_run3,353000,1779292168.570328
approach4_mm2_run3,354000,1779292168.571826
approach4_mm2_run3,355000,1779292168.573339
approach4_mm2_run3,356000,1779292168.582755
approach4_mm2_run3,357000,1779292168.584208
approach4_mm2_run3,358000,1779292168.585711
approach4_mm2_run3,359000,1779292168.587225
approach4_mm2_run3,360000,1779292168.588696
approach4_mm2_run3,361000,1779292168.595917
approach4_mm2_run3,362000,1779292168.597386
approach4_mm2_run3,363000,1779292168.598877
approach4_mm2_run3,364000,1779292168.600352
approach4_mm2_run3,365000,1779292168.601850
approach4_mm2_run3,366000,1779292168.793833
approach4_mm2_run3,367000,1779292168.795383
approach4_mm2_run3,368000,1779292168.796832
approach4_mm2_run3,369000,1779292168.798295
approach4_mm2_run3,370000,1779292168.799769
approach4_mm2_run3,371000,1779292168.801233
approach4_mm2_run3,372000,1779292169.035127
approach4_mm2_run3,373000,1779292169.036603
approach4_mm2_run3,374000,1779292169.038078
approach4_mm2_run3,375000,1779292169.039560
approach4_mm2_run3,376000,1779292169.041054
approach4_mm2_run3,377000,1779292169.073691
approach4_mm2_run3,378000,1779292169.075200
approach4_mm2_run3,379000,1779292169.076686
approach4_mm2_run3,380000,1779292169.078146
approach4_mm2_run3,381000,1779292169.079648
approach4_mm2_run3,382000,1779292169.273847
approach4_mm2_run3,383000,1779292169.275374
approach4_mm2_run3,384000,1779292169.276868
approach4_mm2_run3,385000,1779292169.278498
approach4_mm2_run3,386000,1779292169.280735
approach4_mm2_run3,387000,1779292169.282246
approach4_mm2_run3,388000,1779292169.283756
approach4_mm2_run3,389000,1779292169.285316
approach4_mm2_run3,390000,1779292169.287688
approach4_mm2_run3,391000,1779292169.289144
approach4_mm2_run3,392000,1779292169.290611
approach4_mm2_run3,393000,1779292169.292073
approach4_mm2_run3,394000,1779292169.293535
approach4_mm2_run3,395000,1779292169.295079
approach4_mm2_run3,396000,1779292169.296560
approach4_mm2_run3,397000,1779292169.298032
approach4_mm2_run3,398000,1779292169.310310
approach4_mm2_run3,399000,1779292169.311758
approach4_mm2_run3,400000,1779292169.313202
approach4_mm2_run3,401000,1779292169.314658
approach4_mm2_run3,402000,1779292169.316130
approach4_mm2_run3,403000,1779292169.325258
approach4_mm2_run3,404000,1779292169.326726
approach4_mm2_run3,405000,1779292169.328179
approach4_mm2_run3,406000,1779292169.329629
approach4_mm2_run3,407000,1779292169.331092
approach4_mm2_run3,408000,1779292169.332551
approach4_mm2_run3,409000,1779292169.550294
approach4_mm2_run3,410000,1779292169.551755
approach4_mm2_run3,411000,1779292169.553210
approach4_mm2_run3,412000,1779292169.554671
approach4_mm2_run3,413000,1779292169.556151
approach4_mm2_run3,414000,1779292169.916069
approach4_mm2_run3,415000,1779292169.917529
approach4_mm2_run3,416000,1779292169.919005
approach4_mm2_run3,417000,1779292169.920472
approach4_mm2_run3,418000,1779292169.921944
approach4_mm2_run3,419000,1779292169.955048
approach4_mm2_run3,420000,1779292169.956504
approach4_mm2_run3,421000,1779292169.957960
approach4_mm2_run3,422000,1779292169.959428
approach4_mm2_run3,423000,1779292169.960881
approach4_mm2_run3,424000,1779292169.962356
approach4_mm2_run3,425000,1779292169.999980
approach4_mm2_run3,426000,1779292170.001440
approach4_mm2_run3,427000,1779292170.003758
approach4_mm2_run3,428000,1779292170.005927
approach4_mm2_run3,429000,1779292170.007477
approach4_mm2_run3,430000,1779292170.010689
approach4_mm2_run3,431000,1779292170.012207
approach4_mm2_run3,432000,1779292170.014167
approach4_mm2_run3,433000,1779292170.016155
approach4_mm2_run3,434000,1779292170.017611
approach4_mm2_run3,435000,1779292170.019079
approach4_mm2_run3,436000,1779292170.020537
approach4_mm2_run3,437000,1779292170.021995
approach4_mm2_run3,438000,1779292170.023467
approach4_mm2_run3,439000,1779292170.024951
approach4_mm2_run3,440000,1779292170.038503
approach4_mm2_run3,441000,1779292170.039946
approach4_mm2_run3,442000,1779292170.041394
approach4_mm2_run3,443000,1779292170.042851
approach4_mm2_run3,444000,1779292170.044306
approach4_mm2_run3,445000,1779292170.045790
approach4_mm2_run3,446000,1779292170.055752
approach4_mm2_run3,447000,1779292170.057208
approach4_mm2_run3,448000,1779292170.058677
approach4_mm2_run3,449000,1779292170.060141
approach4_mm2_run3,450000,1779292170.061610
approach4_mm2_run3,451000,1779292170.301937
approach4_mm2_run3,452000,1779292170.303405
approach4_mm2_run3,453000,1779292170.304881
approach4_mm2_run3,454000,1779292170.306346
approach4_mm2_run3,455000,1779292170.307804
approach4_mm2_run3,456000,1779292170.724569
approach4_mm2_run3,457000,1779292170.726048
approach4_mm2_run3,458000,1779292170.727557
approach4_mm2_run3,459000,1779292170.729021
approach4_mm2_run3,460000,1779292170.730486
approach4_mm2_run3,461000,1779292170.732015
approach4_mm2_run3,462000,1779292170.735479
approach4_mm2_run3,463000,1779292170.736930
approach4_mm2_run3,464000,1779292170.738395
approach4_mm2_run3,465000,1779292170.739897
approach4_mm2_run3,466000,1779292170.742163
approach4_mm2_run3,467000,1779292170.743759
approach4_mm2_run3,468000,1779292170.745240
approach4_mm2_run3,469000,1779292170.746720
approach4_mm2_run3,470000,1779292170.748188
approach4_mm2_run3,471000,1779292170.749663
approach4_mm2_run3,472000,1779292170.769129
approach4_mm2_run3,473000,1779292170.770589
approach4_mm2_run3,474000,1779292170.772036
approach4_mm2_run3,475000,1779292170.773486
approach4_mm2_run3,476000,1779292170.774980
approach4_mm2_run3,477000,1779292170.784688
approach4_mm2_run3,478000,1779292170.786151
approach4_mm2_run3,479000,1779292170.787617
approach4_mm2_run3,480000,1779292170.789067
approach4_mm2_run3,481000,1779292170.790535
approach4_mm2_run3,482000,1779292170.791993
approach4_mm2_run3,483000,1779292170.797357
approach4_mm2_run3,484000,1779292170.798812
approach4_mm2_run3,485000,1779292170.800258
approach4_mm2_run3,486000,1779292170.801708
approach4_mm2_run3,487000,1779292170.803179
approach4_mm2_run3,488000,1779292170.839328
approach4_mm2_run3,489000,1779292170.840775
approach4_mm2_run3,490000,1779292170.842218
approach4_mm2_run3,491000,1779292170.843668
approach4_mm2_run3,492000,1779292170.845144
approach4_mm2_run3,493000,1779292171.054708
approach4_mm2_run3,494000,1779292171.056191
approach4_mm2_run3,495000,1779292171.057631
approach4_mm2_run3,496000,1779292171.059085
approach4_mm2_run3,497000,1779292171.060527
approach4_mm2_run3,498000,1779292171.061978
approach4_mm2_run3,499000,1779292171.456712
approach4_mm2_run3,500000,1779292171.458208
approach4_mm2_run3,501000,1779292171.460470
approach4_mm2_run3,502000,1779292171.461947
approach4_mm2_run3,503000,1779292171.463405
approach4_mm2_run3,504000,1779292171.464869
approach4_mm2_run3,505000,1779292171.466364
approach4_mm2_run3,506000,1779292171.467855
approach4_mm2_run3,507000,1779292171.470281
approach4_mm2_run3,508000,1779292171.471752
approach4_mm2_run3,509000,1779292171.473207
approach4_mm2_run3,510000,1779292171.474675
approach4_mm2_run3,511000,1779292171.476167
approach4_mm2_run3,512000,1779292171.477644
approach4_mm2_run3,513000,1779292171.479131
approach4_mm2_run3,514000,1779292171.496352
approach4_mm2_run3,515000,1779292171.497791
approach4_mm2_run3,516000,1779292171.499244
approach4_mm2_run3,517000,1779292171.500681
approach4_mm2_run3,518000,1779292171.502116
approach4_mm2_run3,519000,1779292171.503584
approach4_mm2_run3,520000,1779292171.679036
approach4_mm2_run3,521000,1779292171.680500
approach4_mm2_run3,522000,1779292171.681951
approach4_mm2_run3,523000,1779292171.683417
approach4_mm2_run3,524000,1779292171.684897
approach4_mm2_run3,525000,1779292171.727769
approach4_mm2_run3,526000,1779292171.729216
approach4_mm2_run3,527000,1779292171.730675
approach4_mm2_run3,528000,1779292171.732115
approach4_mm2_run3,529000,1779292171.733562
approach4_mm2_run3,530000,1779292171.806499
approach4_mm2_run3,531000,1779292171.807939
approach4_mm2_run3,532000,1779292171.809374
approach4_mm2_run3,533000,1779292171.810827
approach4_mm2_run3,534000,1779292171.812278
approach4_mm2_run3,535000,1779292171.865837
approach4_mm2_run3,536000,1779292171.867281
approach4_mm2_run3,537000,1779292171.868716
approach4_mm2_run3,538000,1779292171.870149
approach4_mm2_run3,539000,1779292171.871608
approach4_mm2_run3,540000,1779292171.873078
approach4_mm2_run3,541000,1779292172.183535
approach4_mm2_run3,542000,1779292172.185038
approach4_mm2_run3,543000,1779292172.187080
approach4_mm2_run3,544000,1779292172.188797
approach4_mm2_run3,545000,1779292172.190251
approach4_mm2_run3,546000,1779292172.191714
approach4_mm2_run3,547000,1779292172.193273
approach4_mm2_run3,548000,1779292172.195222
approach4_mm2_run3,549000,1779292172.197177
approach4_mm2_run3,550000,1779292172.198632
approach4_mm2_run3,551000,1779292172.200080
approach4_mm2_run3,552000,1779292172.201525
approach4_mm2_run3,553000,1779292172.202983
approach4_mm2_run3,554000,1779292172.204435
approach4_mm2_run3,555000,1779292172.205919
approach4_mm2_run3,556000,1779292172.207397
approach4_mm2_run3,557000,1779292172.225836
approach4_mm2_run3,558000,1779292172.227291
approach4_mm2_run3,559000,1779292172.228737
approach4_mm2_run3,560000,1779292172.230181
approach4_mm2_run3,561000,1779292172.231640
approach4_mm2_run3,562000,1779292172.558966
approach4_mm2_run3,563000,1779292172.560606
approach4_mm2_run3,564000,1779292172.562662
approach4_mm2_run3,565000,1779292172.564099
approach4_mm2_run3,566000,1779292172.565567
approach4_mm2_run3,567000,1779292172.567021
approach4_mm2_run3,568000,1779292172.568455
approach4_mm2_run3,569000,1779292172.569897
approach4_mm2_run3,570000,1779292172.571358
approach4_mm2_run3,571000,1779292172.572805
approach4_mm2_run3,572000,1779292172.598063
approach4_mm2_run3,573000,1779292172.599518
approach4_mm2_run3,574000,1779292172.600994
approach4_mm2_run3,575000,1779292172.602800
approach4_mm2_run3,576000,1779292172.604759
approach4_mm2_run3,577000,1779292172.606241
approach4_mm2_run3,578000,1779292172.607708
approach4_mm2_run3,579000,1779292172.609154
approach4_mm2_run3,580000,1779292172.610615
approach4_mm2_run3,581000,1779292172.612067
approach4_mm2_run3,582000,1779292172.613523
approach4_mm2_run3,583000,1779292172.908005
approach4_mm2_run3,584000,1779292172.909476
approach4_mm2_run3,585000,1779292172.911111
approach4_mm2_run3,586000,1779292172.913394
approach4_mm2_run3,587000,1779292172.914881
approach4_mm2_run3,588000,1779292172.916327
approach4_mm2_run3,589000,1779292172.917769
approach4_mm2_run3,590000,1779292172.919230
approach4_mm2_run3,591000,1779292172.920775
approach4_mm2_run3,592000,1779292172.923107
approach4_mm2_run3,593000,1779292172.924737
approach4_mm2_run3,594000,1779292172.926220
approach4_mm2_run3,595000,1779292172.927675
approach4_mm2_run3,596000,1779292172.929131
approach4_mm2_run3,597000,1779292172.930604
approach4_mm2_run3,598000,1779292172.932059
approach4_mm2_run3,599000,1779292172.954492
approach4_mm2_run3,600000,1779292172.955954
approach4_mm2_run3,601000,1779292172.957392
approach4_mm2_run3,602000,1779292172.958840
approach4_mm2_run3,603000,1779292172.960302
approach4_mm2_run3,604000,1779292173.315899
approach4_mm2_run3,605000,1779292173.317336
approach4_mm2_run3,606000,1779292173.318785
approach4_mm2_run3,607000,1779292173.320222
approach4_mm2_run3,608000,1779292173.321660
approach4_mm2_run3,609000,1779292173.331924
approach4_mm2_run3,610000,1779292173.333366
approach4_mm2_run3,611000,1779292173.334848
approach4_mm2_run3,612000,1779292173.336286
approach4_mm2_run3,613000,1779292173.337810
approach4_mm2_run3,614000,1779292173.339275
approach4_mm2_run3,615000,1779292173.444099
approach4_mm2_run3,616000,1779292173.445569
approach4_mm2_run3,617000,1779292173.447028
approach4_mm2_run3,618000,1779292173.448470
approach4_mm2_run3,619000,1779292173.449922
approach4_mm2_run3,620000,1779292173.484917
approach4_mm2_run3,621000,1779292173.486377
approach4_mm2_run3,622000,1779292173.487823
approach4_mm2_run3,623000,1779292173.489264
approach4_mm2_run3,624000,1779292173.490725
approach4_mm2_run3,625000,1779292173.633000
approach4_mm2_run3,626000,1779292173.634457
approach4_mm2_run3,627000,1779292173.635995
approach4_mm2_run3,628000,1779292173.637860
approach4_mm2_run3,629000,1779292173.639753
approach4_mm2_run3,630000,1779292173.641203
approach4_mm2_run3,631000,1779292173.642662
approach4_mm2_run3,632000,1779292173.644106
approach4_mm2_run3,633000,1779292173.645576
approach4_mm2_run3,634000,1779292173.647106
approach4_mm2_run3,635000,1779292173.649124
approach4_mm2_run3,636000,1779292173.651078
approach4_mm2_run3,637000,1779292173.652533
approach4_mm2_run3,638000,1779292173.653989
approach4_mm2_run3,639000,1779292173.655487
approach4_mm2_run3,640000,1779292173.656941
approach4_mm2_run3,641000,1779292173.683448
approach4_mm2_run3,642000,1779292173.684902
approach4_mm2_run3,643000,1779292173.686352
approach4_mm2_run3,644000,1779292173.687802
approach4_mm2_run3,645000,1779292173.689251
approach4_mm2_run3,646000,1779292174.060248
approach4_mm2_run3,647000,1779292174.061826
approach4_mm2_run3,648000,1779292174.064002
approach4_mm2_run3,649000,1779292174.065528
approach4_mm2_run3,650000,1779292174.066990
approach4_mm2_run3,651000,1779292174.068435
approach4_mm2_run3,652000,1779292174.069878
approach4_mm2_run3,653000,1779292174.071333
approach4_mm2_run3,654000,1779292174.072779
approach4_mm2_run3,655000,1779292174.074225
approach4_mm2_run3,656000,1779292174.075728
approach4_mm2_run3,657000,1779292174.326576
approach4_mm2_run3,658000,1779292174.328026
approach4_mm2_run3,659000,1779292174.329495
approach4_mm2_run3,660000,1779292174.330988
approach4_mm2_run3,661000,1779292174.332460
approach4_mm2_run3,662000,1779292174.358180
approach4_mm2_run3,663000,1779292174.359632
approach4_mm2_run3,664000,1779292174.361101
approach4_mm2_run3,665000,1779292174.362643
approach4_mm2_run3,666000,1779292174.365008
approach4_mm2_run3,667000,1779292174.366510
approach4_mm2_run3,668000,1779292174.368465
approach4_mm2_run3,669000,1779292174.370355
approach4_mm2_run3,670000,1779292174.371799
approach4_mm2_run3,671000,1779292174.373243
approach4_mm2_run3,672000,1779292174.375509
approach4_mm2_run3,673000,1779292174.377027
approach4_mm2_run3,674000,1779292174.379302
approach4_mm2_run3,675000,1779292174.380887
approach4_mm2_run3,676000,1779292174.382333
approach4_mm2_run3,677000,1779292174.383774
approach4_mm2_run3,678000,1779292174.385247
approach4_mm2_run3,679000,1779292174.386700
approach4_mm2_run3,680000,1779292174.388141
approach4_mm2_run3,681000,1779292174.389584
approach4_mm2_run3,682000,1779292174.391044
approach4_mm2_run3,683000,1779292174.413273
approach4_mm2_run3,684000,1779292174.414722
approach4_mm2_run3,685000,1779292174.416186
approach4_mm2_run3,686000,1779292174.417631
approach4_mm2_run3,687000,1779292174.419080
approach4_mm2_run3,688000,1779292174.420529
approach4_mm2_run3,689000,1779292174.791075
approach4_mm2_run3,690000,1779292174.792521
approach4_mm2_run3,691000,1779292174.793967
approach4_mm2_run3,692000,1779292174.795461
approach4_mm2_run3,693000,1779292174.796902
approach4_mm2_run3,694000,1779292174.817989
approach4_mm2_run3,695000,1779292174.819446
approach4_mm2_run3,696000,1779292174.820898
approach4_mm2_run3,697000,1779292174.822359
approach4_mm2_run3,698000,1779292174.823801
approach4_mm2_run3,699000,1779292175.083547
approach4_mm2_run3,700000,1779292175.085035
approach4_mm2_run3,701000,1779292175.086502
approach4_mm2_run3,702000,1779292175.088475
approach4_mm2_run3,703000,1779292175.090272
approach4_mm2_run3,704000,1779292175.092334
approach4_mm2_run3,705000,1779292175.094198
approach4_mm2_run3,706000,1779292175.095690
approach4_mm2_run3,707000,1779292175.097137
approach4_mm2_run3,708000,1779292175.098596
approach4_mm2_run3,709000,1779292175.100095
approach4_mm2_run3,710000,1779292175.109369
approach4_mm2_run3,711000,1779292175.110832
approach4_mm2_run3,712000,1779292175.112283
approach4_mm2_run3,713000,1779292175.113734
approach4_mm2_run3,714000,1779292175.115256
approach4_mm2_run3,715000,1779292175.143974
approach4_mm2_run3,716000,1779292175.145431
approach4_mm2_run3,717000,1779292175.146879
approach4_mm2_run3,718000,1779292175.148314
approach4_mm2_run3,719000,1779292175.149754
approach4_mm2_run3,720000,1779292175.206458
approach4_mm2_run3,721000,1779292175.207899
approach4_mm2_run3,722000,1779292175.209339
approach4_mm2_run3,723000,1779292175.210795
approach4_mm2_run3,724000,1779292175.212237
approach4_mm2_run3,725000,1779292175.213684
approach4_mm2_run3,726000,1779292175.254090
approach4_mm2_run3,727000,1779292175.255574
approach4_mm2_run3,728000,1779292175.257020
approach4_mm2_run3,729000,1779292175.258505
approach4_mm2_run3,730000,1779292175.259962
approach4_mm2_run3,731000,1779292175.520529
approach4_mm2_run3,732000,1779292175.521971
approach4_mm2_run3,733000,1779292175.523427
approach4_mm2_run3,734000,1779292175.524914
approach4_mm2_run3,735000,1779292175.526376
approach4_mm2_run3,736000,1779292175.811604
approach4_mm2_run3,737000,1779292175.813051
approach4_mm2_run3,738000,1779292175.814508
approach4_mm2_run3,739000,1779292175.816009
approach4_mm2_run3,740000,1779292175.817496
approach4_mm2_run3,741000,1779292175.819920
approach4_mm2_run3,742000,1779292175.821430
approach4_mm2_run3,743000,1779292175.822888
approach4_mm2_run3,744000,1779292175.824335
approach4_mm2_run3,745000,1779292175.825830
approach4_mm2_run3,746000,1779292175.827298
approach4_mm2_run3,747000,1779292175.837088
approach4_mm2_run3,748000,1779292175.838551
approach4_mm2_run3,749000,1779292175.840002
approach4_mm2_run3,750000,1779292175.841456
approach4_mm2_run3,751000,1779292175.842929
approach4_mm2_run3,752000,1779292175.873133
approach4_mm2_run3,753000,1779292175.874580
approach4_mm2_run3,754000,1779292175.876045
approach4_mm2_run3,755000,1779292175.877491
approach4_mm2_run3,756000,1779292175.878952
approach4_mm2_run3,757000,1779292175.897029
approach4_mm2_run3,758000,1779292175.898484
approach4_mm2_run3,759000,1779292175.899936
approach4_mm2_run3,760000,1779292175.901400
approach4_mm2_run3,761000,1779292175.902862
approach4_mm2_run3,762000,1779292175.904330
approach4_mm2_run3,763000,1779292176.088661
approach4_mm2_run3,764000,1779292176.090112
approach4_mm2_run3,765000,1779292176.091576
approach4_mm2_run3,766000,1779292176.093043
approach4_mm2_run3,767000,1779292176.094506
approach4_mm2_run3,768000,1779292176.134506
approach4_mm2_run3,769000,1779292176.135978
approach4_mm2_run3,770000,1779292176.137434
approach4_mm2_run3,771000,1779292176.138899
approach4_mm2_run3,772000,1779292176.140402
approach4_mm2_run3,773000,1779292176.251224
approach4_mm2_run3,774000,1779292176.252669
approach4_mm2_run3,775000,1779292176.254114
approach4_mm2_run3,776000,1779292176.255611
approach4_mm2_run3,777000,1779292176.257059
approach4_mm2_run3,778000,1779292176.258531
approach4_mm2_run3,779000,1779292176.539129
approach4_mm2_run3,780000,1779292176.540584
approach4_mm2_run3,781000,1779292176.542054
approach4_mm2_run3,782000,1779292176.543537
approach4_mm2_run3,783000,1779292176.545800
approach4_mm2_run3,784000,1779292176.547482
approach4_mm2_run3,785000,1779292176.548934
approach4_mm2_run3,786000,1779292176.550396
approach4_mm2_run3,787000,1779292176.551847
approach4_mm2_run3,788000,1779292176.553302
approach4_mm2_run3,789000,1779292176.563490
approach4_mm2_run3,790000,1779292176.564957
approach4_mm2_run3,791000,1779292176.566417
approach4_mm2_run3,792000,1779292176.567886
approach4_mm2_run3,793000,1779292176.569350
approach4_mm2_run3,794000,1779292176.601500
approach4_mm2_run3,795000,1779292176.602957
approach4_mm2_run3,796000,1779292176.604398
approach4_mm2_run3,797000,1779292176.605891
approach4_mm2_run3,798000,1779292176.607358
approach4_mm2_run3,799000,1779292176.608813
approach4_mm2_run3,800000,1779292176.664251
approach4_mm2_run3,801000,1779292176.665720
approach4_mm2_run3,802000,1779292176.667188
approach4_mm2_run3,803000,1779292176.668641
approach4_mm2_run3,804000,1779292176.670106
approach4_mm2_run3,805000,1779292176.969586
approach4_mm2_run3,806000,1779292176.971047
approach4_mm2_run3,807000,1779292176.972498
approach4_mm2_run3,808000,1779292176.973950
approach4_mm2_run3,809000,1779292176.975455
approach4_mm2_run3,810000,1779292176.985319
approach4_mm2_run3,811000,1779292176.986785
approach4_mm2_run3,812000,1779292176.988240
approach4_mm2_run3,813000,1779292176.989696
approach4_mm2_run3,814000,1779292176.991165
approach4_mm2_run3,815000,1779292177.018288
approach4_mm2_run3,816000,1779292177.019743
approach4_mm2_run3,817000,1779292177.021189
approach4_mm2_run3,818000,1779292177.022652
approach4_mm2_run3,819000,1779292177.024096
approach4_mm2_run3,820000,1779292177.025582
approach4_mm2_run3,821000,1779292177.264694
approach4_mm2_run3,822000,1779292177.266182
approach4_mm2_run3,823000,1779292177.267660
approach4_mm2_run3,824000,1779292177.269165
approach4_mm2_run3,825000,1779292177.270998
approach4_mm2_run3,826000,1779292177.273062
approach4_mm2_run3,827000,1779292177.274528
approach4_mm2_run3,828000,1779292177.276003
approach4_mm2_run3,829000,1779292177.277457
approach4_mm2_run3,830000,1779292177.278925
approach4_mm2_run3,831000,1779292177.290695
approach4_mm2_run3,832000,1779292177.292151
approach4_mm2_run3,833000,1779292177.293630
approach4_mm2_run3,834000,1779292177.295128
approach4_mm2_run3,835000,1779292177.296645
approach4_mm2_run3,836000,1779292177.298141
approach4_mm2_run3,837000,1779292177.331361
approach4_mm2_run3,838000,1779292177.332808
approach4_mm2_run3,839000,1779292177.334255
approach4_mm2_run3,840000,1779292177.335745
approach4_mm2_run3,841000,1779292177.337196
approach4_mm2_run3,842000,1779292177.412155
approach4_mm2_run3,843000,1779292177.413607
approach4_mm2_run3,844000,1779292177.415100
approach4_mm2_run3,845000,1779292177.416551
approach4_mm2_run3,846000,1779292177.418015
approach4_mm2_run3,847000,1779292177.713441
approach4_mm2_run3,848000,1779292177.714965
approach4_mm2_run3,849000,1779292177.716457
approach4_mm2_run3,850000,1779292177.717934
approach4_mm2_run3,851000,1779292177.719410
approach4_mm2_run3,852000,1779292177.855725
approach4_mm2_run3,853000,1779292177.857196
approach4_mm2_run3,854000,1779292177.858655
approach4_mm2_run3,855000,1779292177.860121
approach4_mm2_run3,856000,1779292177.861578
approach4_mm2_run3,857000,1779292177.863054
approach4_mm2_run3,858000,1779292177.901928
approach4_mm2_run3,859000,1779292177.903384
approach4_mm2_run3,860000,1779292177.904858
approach4_mm2_run3,861000,1779292177.906324
approach4_mm2_run3,862000,1779292177.907781
approach4_mm2_run3,863000,1779292177.999695
approach4_mm2_run3,864000,1779292178.001149
approach4_mm2_run3,865000,1779292178.002616
approach4_mm2_run3,866000,1779292178.004070
approach4_mm2_run3,867000,1779292178.005561
approach4_mm2_run3,868000,1779292178.017627
approach4_mm2_run3,869000,1779292178.019087
approach4_mm2_run3,870000,1779292178.020541
approach4_mm2_run3,871000,1779292178.021996
approach4_mm2_run3,872000,1779292178.023466
approach4_mm2_run3,873000,1779292178.024966
approach4_mm2_run3,874000,1779292178.062406
approach4_mm2_run3,875000,1779292178.063855
approach4_mm2_run3,876000,1779292178.065337
approach4_mm2_run3,877000,1779292178.066795
approach4_mm2_run3,878000,1779292178.068253
approach4_mm2_run3,879000,1779292178.160226
approach4_mm2_run3,880000,1779292178.161680
approach4_mm2_run3,881000,1779292178.163148
approach4_mm2_run3,882000,1779292178.164593
approach4_mm2_run3,883000,1779292178.166089
approach4_mm2_run3,884000,1779292178.334497
approach4_mm2_run3,885000,1779292178.335979
approach4_mm2_run3,886000,1779292178.337433
approach4_mm2_run3,887000,1779292178.338901
approach4_mm2_run3,888000,1779292178.340360
approach4_mm2_run3,889000,1779292178.442392
approach4_mm2_run3,890000,1779292178.443850
approach4_mm2_run3,891000,1779292178.445335
approach4_mm2_run3,892000,1779292178.446800
approach4_mm2_run3,893000,1779292178.448248
approach4_mm2_run3,894000,1779292178.449704
approach4_mm2_run3,895000,1779292178.725532
approach4_mm2_run3,896000,1779292178.726988
approach4_mm2_run3,897000,1779292178.728436
approach4_mm2_run3,898000,1779292178.729933
approach4_mm2_run3,899000,1779292178.731429
approach4_mm2_run3,900000,1779292178.734977
approach4_mm2_run3,901000,1779292178.736430
approach4_mm2_run3,902000,1779292178.737885
approach4_mm2_run3,903000,1779292178.739350
approach4_mm2_run3,904000,1779292178.740807
approach4_mm2_run3,905000,1779292178.785028
approach4_mm2_run3,906000,1779292178.786494
approach4_mm2_run3,907000,1779292178.789395
approach4_mm2_run3,908000,1779292178.790935
approach4_mm2_run3,909000,1779292178.793668
approach4_mm2_run3,910000,1779292178.795167
approach4_mm2_run3,911000,1779292178.796618
approach4_mm2_run3,912000,1779292178.798069
approach4_mm2_run3,913000,1779292178.799527
approach4_mm2_run3,914000,1779292178.800974
approach4_mm2_run3,915000,1779292178.802447
approach4_mm2_run3,916000,1779292178.923817
approach4_mm2_run3,917000,1779292178.925283
approach4_mm2_run3,918000,1779292178.926759
approach4_mm2_run3,919000,1779292178.928198
approach4_mm2_run3,920000,1779292178.929645
approach4_mm2_run3,921000,1779292179.061401
approach4_mm2_run3,922000,1779292179.062866
approach4_mm2_run3,923000,1779292179.064322
approach4_mm2_run3,924000,1779292179.065801
approach4_mm2_run3,925000,1779292179.067271
approach4_mm2_run3,926000,1779292179.094089
approach4_mm2_run3,927000,1779292179.095573
approach4_mm2_run3,928000,1779292179.097021
approach4_mm2_run3,929000,1779292179.098483
approach4_mm2_run3,930000,1779292179.099947
approach4_mm2_run3,931000,1779292179.101414
approach4_mm2_run3,932000,1779292179.173543
approach4_mm2_run3,933000,1779292179.175031
approach4_mm2_run3,934000,1779292179.176481
approach4_mm2_run3,935000,1779292179.177929
approach4_mm2_run3,936000,1779292179.179387
approach4_mm2_run3,937000,1779292179.450802
approach4_mm2_run3,938000,1779292179.452254
approach4_mm2_run3,939000,1779292179.453704
approach4_mm2_run3,940000,1779292179.455209
approach4_mm2_run3,941000,1779292179.456664
approach4_mm2_run3,942000,1779292179.524250
approach4_mm2_run3,943000,1779292179.525715
approach4_mm2_run3,944000,1779292179.527177
approach4_mm2_run3,945000,1779292179.528622
approach4_mm2_run3,946000,1779292179.530076
approach4_mm2_run3,947000,1779292179.531538
approach4_mm2_run3,948000,1779292179.618508
approach4_mm2_run3,949000,1779292179.619965
approach4_mm2_run3,950000,1779292179.621425
approach4_mm2_run3,951000,1779292179.622905
approach4_mm2_run3,952000,1779292179.624369
approach4_mm2_run3,953000,1779292179.667515
approach4_mm2_run3,954000,1779292179.669061
approach4_mm2_run3,955000,1779292179.671121
approach4_mm2_run3,956000,1779292179.673445
approach4_mm2_run3,957000,1779292179.674933
approach4_mm2_run3,958000,1779292179.676394
approach4_mm2_run3,959000,1779292179.677853
approach4_mm2_run3,960000,1779292179.680280
approach4_mm2_run3,961000,1779292179.681787
approach4_mm2_run3,962000,1779292179.683286
approach4_mm2_run3,963000,1779292179.788373
approach4_mm2_run3,964000,1779292179.789844
approach4_mm2_run3,965000,1779292179.791326
approach4_mm2_run3,966000,1779292179.792799
approach4_mm2_run3,967000,1779292179.794275
approach4_mm2_run3,968000,1779292179.795810
approach4_mm2_run3,969000,1779292179.822412
approach4_mm2_run3,970000,1779292179.823886
approach4_mm2_run3,971000,1779292179.825381
approach4_mm2_run3,972000,1779292179.826873
approach4_mm2_run3,973000,1779292179.828355
approach4_mm2_run3,974000,1779292179.903045
approach4_mm2_run3,975000,1779292179.904503
approach4_mm2_run3,976000,1779292179.905989
approach4_mm2_run3,977000,1779292179.907467
approach4_mm2_run3,978000,1779292179.908937
approach4_mm2_run3,979000,1779292180.176710
approach4_mm2_run3,980000,1779292180.178206
approach4_mm2_run3,981000,1779292180.179699
approach4_mm2_run3,982000,1779292180.181161
approach4_mm2_run3,983000,1779292180.182639
approach4_mm2_run3,984000,1779292180.251822
approach4_mm2_run3,985000,1779292180.253302
approach4_mm2_run3,986000,1779292180.254772
approach4_mm2_run3,987000,1779292180.256253
approach4_mm2_run3,988000,1779292180.257705
approach4_mm2_run3,989000,1779292180.259175
approach4_mm2_run3,990000,1779292180.422688
approach4_mm2_run3,991000,1779292180.424150
approach4_mm2_run3,992000,1779292180.425642
approach4_mm2_run3,993000,1779292180.427123
approach4_mm2_run3,994000,1779292180.428592
approach4_mm2_run3,995000,1779292180.501658
approach4_mm2_run3,996000,1779292180.503137
approach4_mm2_run3,997000,1779292180.504607
approach4_mm2_run3,998000,1779292180.506111
approach4_mm2_run3,999000,1779292180.507593
approach4_mm2_run3,1000000,1779292180.515101
approach4_mm2_run3,1001000,1779292180.516588
approach4_mm2_run3,1002000,1779292180.518047
approach4_mm2_run3,1003000,1779292180.519517
approach4_mm2_run3,1004000,1779292180.520979
approach4_mm2_run3,1005000,1779292180.522456
approach4_mm2_run3,1006000,1779292180.547554
approach4_mm2_run3,1007000,1779292180.549566
approach4_mm2_run3,1008000,1779292180.551591
approach4_mm2_run3,1009000,1779292180.553073
approach4_mm2_run3,1010000,1779292180.554547
approach4_mm2_run3,1011000,1779292180.556037
approach4_mm2_run3,1012000,1779292180.557510
approach4_mm2_run3,1013000,1779292180.558995
approach4_mm2_run3,1014000,1779292180.560473
approach4_mm2_run3,1015000,1779292180.561956
approach4_mm2_run3,1016000,1779292180.633462
approach4_mm2_run3,1017000,1779292180.634971
approach4_mm2_run3,1018000,1779292180.636434
approach4_mm2_run3,1019000,1779292180.637889
approach4_mm2_run3,1020000,1779292180.639361
approach4_mm2_run3,1021000,1779292180.902957
approach4_mm2_run3,1022000,1779292180.904448
approach4_mm2_run3,1023000,1779292180.905943
approach4_mm2_run3,1024000,1779292180.907462
approach4_mm2_run3,1025000,1779292180.908935
approach4_mm2_run3,1026000,1779292180.910406
approach4_mm2_run3,1027000,1779292180.981553
approach4_mm2_run3,1028000,1779292180.983032
approach4_mm2_run3,1029000,1779292180.984500
approach4_mm2_run3,1030000,1779292180.986014
approach4_mm2_run3,1031000,1779292180.987503
approach4_mm2_run3,1032000,1779292181.185076
approach4_mm2_run3,1033000,1779292181.186541
approach4_mm2_run3,1034000,1779292181.187999
approach4_mm2_run3,1035000,1779292181.189458
approach4_mm2_run3,1036000,1779292181.190930
approach4_mm2_run3,1037000,1779292181.240951
approach4_mm2_run3,1038000,1779292181.242425
approach4_mm2_run3,1039000,1779292181.243891
approach4_mm2_run3,1040000,1779292181.245376
approach4_mm2_run3,1041000,1779292181.246856
approach4_mm2_run3,1042000,1779292181.248329
approach4_mm2_run3,1043000,1779292181.278238
approach4_mm2_run3,1044000,1779292181.279737
approach4_mm2_run3,1045000,1779292181.281206
approach4_mm2_run3,1046000,1779292181.282691
approach4_mm2_run3,1047000,1779292181.284165
approach4_mm2_run3,1048000,1779292181.364234
approach4_mm2_run3,1049000,1779292181.365708
approach4_mm2_run3,1050000,1779292181.367184
approach4_mm2_run3,1051000,1779292181.368644
approach4_mm2_run3,1052000,1779292181.370104
approach4_mm2_run3,1053000,1779292181.433323
approach4_mm2_run3,1054000,1779292181.434797
approach4_mm2_run3,1055000,1779292181.436289
approach4_mm2_run3,1056000,1779292181.437756
approach4_mm2_run3,1057000,1779292181.439234
approach4_mm2_run3,1058000,1779292181.630377
approach4_mm2_run3,1059000,1779292181.631836
approach4_mm2_run3,1060000,1779292181.633292
approach4_mm2_run3,1061000,1779292181.634763
approach4_mm2_run3,1062000,1779292181.636271
approach4_mm2_run3,1063000,1779292181.637752
approach4_mm2_run3,1064000,1779292181.711745
approach4_mm2_run3,1065000,1779292181.713198
approach4_mm2_run3,1066000,1779292181.714665
approach4_mm2_run3,1067000,1779292181.716141
approach4_mm2_run3,1068000,1779292181.717597
approach4_mm2_run3,1069000,1779292181.724046
approach4_mm2_run3,1070000,1779292181.725526
approach4_mm2_run3,1071000,1779292181.726996
approach4_mm2_run3,1072000,1779292181.728454
approach4_mm2_run3,1073000,1779292181.729915
approach4_mm2_run3,1074000,1779292181.933443
approach4_mm2_run3,1075000,1779292181.934947
approach4_mm2_run3,1076000,1779292181.936410
approach4_mm2_run3,1077000,1779292181.937876
approach4_mm2_run3,1078000,1779292181.939348
approach4_mm2_run3,1079000,1779292181.940812
approach4_mm2_run3,1080000,1779292181.968034
approach4_mm2_run3,1081000,1779292181.969487
approach4_mm2_run3,1082000,1779292181.970951
approach4_mm2_run3,1083000,1779292181.972400
approach4_mm2_run3,1084000,1779292181.973853
approach4_mm2_run3,1085000,1779292182.005245
approach4_mm2_run3,1086000,1779292182.006721
approach4_mm2_run3,1087000,1779292182.008235
approach4_mm2_run3,1088000,1779292182.009723
approach4_mm2_run3,1089000,1779292182.011200
approach4_mm2_run3,1090000,1779292182.100637
approach4_mm2_run3,1091000,1779292182.102103
approach4_mm2_run3,1092000,1779292182.103579
approach4_mm2_run3,1093000,1779292182.105095
approach4_mm2_run3,1094000,1779292182.106570
approach4_mm2_run3,1095000,1779292182.313554
approach4_mm2_run3,1096000,1779292182.315052
approach4_mm2_run3,1097000,1779292182.316523
approach4_mm2_run3,1098000,1779292182.317995
approach4_mm2_run3,1099000,1779292182.319478
approach4_mm2_run3,1100000,1779292182.320949
approach4_mm2_run3,1101000,1779292182.358199
approach4_mm2_run3,1102000,1779292182.359672
approach4_mm2_run3,1103000,1779292182.361135
approach4_mm2_run3,1104000,1779292182.362616
approach4_mm2_run3,1105000,1779292182.364083
approach4_mm2_run3,1106000,1779292182.439304
approach4_mm2_run3,1107000,1779292182.440781
approach4_mm2_run3,1108000,1779292182.442247
approach4_mm2_run3,1109000,1779292182.443718
approach4_mm2_run3,1110000,1779292182.445211
approach4_mm2_run3,1111000,1779292182.604523
approach4_mm2_run3,1112000,1779292182.606011
approach4_mm2_run3,1113000,1779292182.607474
approach4_mm2_run3,1114000,1779292182.608930
approach4_mm2_run3,1115000,1779292182.610400
approach4_mm2_run3,1116000,1779292182.679452
approach4_mm2_run3,1117000,1779292182.680925
approach4_mm2_run3,1118000,1779292182.682406
approach4_mm2_run3,1119000,1779292182.683880
approach4_mm2_run3,1120000,1779292182.685380
approach4_mm2_run3,1121000,1779292182.686871
approach4_mm2_run3,1122000,1779292182.693312
approach4_mm2_run3,1123000,1779292182.694790
approach4_mm2_run3,1124000,1779292182.696286
approach4_mm2_run3,1125000,1779292182.697756
approach4_mm2_run3,1126000,1779292182.699245
approach4_mm2_run3,1127000,1779292182.734244
approach4_mm2_run3,1128000,1779292182.735747
approach4_mm2_run3,1129000,1779292182.737213
approach4_mm2_run3,1130000,1779292182.738690
approach4_mm2_run3,1131000,1779292182.740162
approach4_mm2_run3,1132000,1779292182.828564
approach4_mm2_run3,1133000,1779292182.830025
approach4_mm2_run3,1134000,1779292182.831498
approach4_mm2_run3,1135000,1779292182.832958
approach4_mm2_run3,1136000,1779292182.834431
approach4_mm2_run3,1137000,1779292182.835929
approach4_mm2_run3,1138000,1779292183.087646
approach4_mm2_run3,1139000,1779292183.089110
approach4_mm2_run3,1140000,1779292183.090597
approach4_mm2_run3,1141000,1779292183.092066
approach4_mm2_run3,1142000,1779292183.093543
approach4_mm2_run3,1143000,1779292183.167923
approach4_mm2_run3,1144000,1779292183.169372
approach4_mm2_run3,1145000,1779292183.170836
approach4_mm2_run3,1146000,1779292183.172288
approach4_mm2_run3,1147000,1779292183.173738
approach4_mm2_run3,1148000,1779292183.195751
approach4_mm2_run3,1149000,1779292183.197216
approach4_mm2_run3,1150000,1779292183.198759
approach4_mm2_run3,1151000,1779292183.200241
approach4_mm2_run3,1152000,1779292183.201712
approach4_mm2_run3,1153000,1779292183.418900
approach4_mm2_run3,1154000,1779292183.420370
approach4_mm2_run3,1155000,1779292183.421960
approach4_mm2_run3,1156000,1779292183.424190
approach4_mm2_run3,1157000,1779292183.425864
approach4_mm2_run3,1158000,1779292183.427355
approach4_mm2_run3,1159000,1779292183.428825
approach4_mm2_run3,1160000,1779292183.430296
approach4_mm2_run3,1161000,1779292183.431784
approach4_mm2_run3,1162000,1779292183.433253
approach4_mm2_run3,1163000,1779292183.434745
approach4_mm2_run3,1164000,1779292183.461046
approach4_mm2_run3,1165000,1779292183.462520
approach4_mm2_run3,1166000,1779292183.463976
approach4_mm2_run3,1167000,1779292183.465451
approach4_mm2_run3,1168000,1779292183.466923
approach4_mm2_run3,1169000,1779292183.486358
approach4_mm2_run3,1170000,1779292183.487828
approach4_mm2_run3,1171000,1779292183.489286
approach4_mm2_run3,1172000,1779292183.490765
approach4_mm2_run3,1173000,1779292183.492228
approach4_mm2_run3,1174000,1779292183.560663
approach4_mm2_run3,1175000,1779292183.562132
approach4_mm2_run3,1176000,1779292183.563605
approach4_mm2_run3,1177000,1779292183.565109
approach4_mm2_run3,1178000,1779292183.566586
approach4_mm2_run3,1179000,1779292183.568049
approach4_mm2_run3,1180000,1779292183.817918
approach4_mm2_run3,1181000,1779292183.819402
approach4_mm2_run3,1182000,1779292183.820900
approach4_mm2_run3,1183000,1779292183.822385
approach4_mm2_run3,1184000,1779292183.823863
approach4_mm2_run3,1185000,1779292183.895923
approach4_mm2_run3,1186000,1779292183.897392
approach4_mm2_run3,1187000,1779292183.898874
approach4_mm2_run3,1188000,1779292183.900345
approach4_mm2_run3,1189000,1779292183.901820
approach4_mm2_run3,1190000,1779292184.084089
approach4_mm2_run3,1191000,1779292184.085582
approach4_mm2_run3,1192000,1779292184.087060
approach4_mm2_run3,1193000,1779292184.088525
approach4_mm2_run3,1194000,1779292184.089989
approach4_mm2_run3,1195000,1779292184.091472
approach4_mm2_run3,1196000,1779292184.145970
approach4_mm2_run3,1197000,1779292184.147446
approach4_mm2_run3,1198000,1779292184.148910
approach4_mm2_run3,1199000,1779292184.150387
approach4_mm2_run3,1200000,1779292184.151857
approach4_mm2_run3,1201000,1779292184.185468
approach4_mm2_run3,1202000,1779292184.187041
approach4_mm2_run3,1203000,1779292184.189187
approach4_mm2_run3,1204000,1779292184.190675
approach4_mm2_run3,1205000,1779292184.192144
approach4_mm2_run3,1206000,1779292184.193619
approach4_mm2_run3,1207000,1779292184.195120
approach4_mm2_run3,1208000,1779292184.196581
approach4_mm2_run3,1209000,1779292184.198043
approach4_mm2_run3,1210000,1779292184.199532
approach4_mm2_run3,1211000,1779292184.289509
approach4_mm2_run3,1212000,1779292184.290985
approach4_mm2_run3,1213000,1779292184.292490
approach4_mm2_run3,1214000,1779292184.293964
approach4_mm2_run3,1215000,1779292184.295470
approach4_mm2_run3,1216000,1779292184.296930
approach4_mm2_run3,1217000,1779292184.368981
approach4_mm2_run3,1218000,1779292184.370448
approach4_mm2_run3,1219000,1779292184.371902
approach4_mm2_run3,1220000,1779292184.373358
approach4_mm2_run3,1221000,1779292184.374860
approach4_mm2_run3,1222000,1779292184.542072
approach4_mm2_run3,1223000,1779292184.543548
approach4_mm2_run3,1224000,1779292184.545055
approach4_mm2_run3,1225000,1779292184.546536
approach4_mm2_run3,1226000,1779292184.548001
approach4_mm2_run3,1227000,1779292184.631529
approach4_mm2_run3,1228000,1779292184.632991
approach4_mm2_run3,1229000,1779292184.634467
approach4_mm2_run3,1230000,1779292184.635962
approach4_mm2_run3,1231000,1779292184.637421
approach4_mm2_run3,1232000,1779292184.638903
approach4_mm2_run3,1233000,1779292184.872931
approach4_mm2_run3,1234000,1779292184.874401
approach4_mm2_run3,1235000,1779292184.875902
approach4_mm2_run3,1236000,1779292184.877375
approach4_mm2_run3,1237000,1779292184.878868
approach4_mm2_run3,1238000,1779292184.915935
approach4_mm2_run3,1239000,1779292184.917408
approach4_mm2_run3,1240000,1779292184.918897
approach4_mm2_run3,1241000,1779292184.920373
approach4_mm2_run3,1242000,1779292184.921855
approach4_mm2_run3,1243000,1779292184.932286
approach4_mm2_run3,1244000,1779292184.933752
approach4_mm2_run3,1245000,1779292184.935251
approach4_mm2_run3,1246000,1779292184.936723
approach4_mm2_run3,1247000,1779292184.938192
approach4_mm2_run3,1248000,1779292184.963360
approach4_mm2_run3,1249000,1779292184.964842
approach4_mm2_run3,1250000,1779292184.966319
approach4_mm2_run3,1251000,1779292184.967790
approach4_mm2_run3,1252000,1779292184.969261
approach4_mm2_run3,1253000,1779292184.970749
approach4_mm2_run3,1254000,1779292185.020524
approach4_mm2_run3,1255000,1779292185.021987
approach4_mm2_run3,1256000,1779292185.023460
approach4_mm2_run3,1257000,1779292185.024947
approach4_mm2_run3,1258000,1779292185.026423
approach4_mm2_run3,1259000,1779292185.252875
approach4_mm2_run3,1260000,1779292185.254359
approach4_mm2_run3,1261000,1779292185.255864
approach4_mm2_run3,1262000,1779292185.257333
approach4_mm2_run3,1263000,1779292185.258818
approach4_mm2_run3,1264000,1779292185.360691
approach4_mm2_run3,1265000,1779292185.362149
approach4_mm2_run3,1266000,1779292185.363630
approach4_mm2_run3,1267000,1779292185.365130
approach4_mm2_run3,1268000,1779292185.366615
approach4_mm2_run3,1269000,1779292185.597853
approach4_mm2_run3,1270000,1779292185.599324
approach4_mm2_run3,1271000,1779292185.600783
approach4_mm2_run3,1272000,1779292185.602277
approach4_mm2_run3,1273000,1779292185.603793
approach4_mm2_run3,1274000,1779292185.606196
approach4_mm2_run3,1275000,1779292185.607678
approach4_mm2_run3,1276000,1779292185.609188
approach4_mm2_run3,1277000,1779292185.610686
approach4_mm2_run3,1278000,1779292185.612158
approach4_mm2_run3,1279000,1779292185.613637
approach4_mm2_run3,1280000,1779292185.644657
approach4_mm2_run3,1281000,1779292185.646150
approach4_mm2_run3,1282000,1779292185.647636
approach4_mm2_run3,1283000,1779292185.649105
approach4_mm2_run3,1284000,1779292185.650590
approach4_mm2_run3,1285000,1779292185.677745
approach4_mm2_run3,1286000,1779292185.679217
approach4_mm2_run3,1287000,1779292185.680687
approach4_mm2_run3,1288000,1779292185.682151
approach4_mm2_run3,1289000,1779292185.683629
approach4_mm2_run3,1290000,1779292185.685123
approach4_mm2_run3,1291000,1779292185.749988
approach4_mm2_run3,1292000,1779292185.751477
approach4_mm2_run3,1293000,1779292185.752950
approach4_mm2_run3,1294000,1779292185.754438
approach4_mm2_run3,1295000,1779292185.755951
approach4_mm2_run3,1296000,1779292185.845085
approach4_mm2_run3,1297000,1779292185.846570
approach4_mm2_run3,1298000,1779292185.848042
approach4_mm2_run3,1299000,1779292185.849509
approach4_mm2_run3,1300000,1779292185.850993
approach4_mm2_run3,1301000,1779292186.090841
approach4_mm2_run3,1302000,1779292186.092309
approach4_mm2_run3,1303000,1779292186.093778
approach4_mm2_run3,1304000,1779292186.095295
approach4_mm2_run3,1305000,1779292186.096764
approach4_mm2_run3,1306000,1779292186.132463
approach4_mm2_run3,1307000,1779292186.133923
approach4_mm2_run3,1308000,1779292186.135431
approach4_mm2_run3,1309000,1779292186.136892
approach4_mm2_run3,1310000,1779292186.138372
approach4_mm2_run3,1311000,1779292186.139848
approach4_mm2_run3,1312000,1779292186.324145
approach4_mm2_run3,1313000,1779292186.325637
approach4_mm2_run3,1314000,1779292186.327121
approach4_mm2_run3,1315000,1779292186.328646
approach4_mm2_run3,1316000,1779292186.330883
approach4_mm2_run3,1317000,1779292186.332521
approach4_mm2_run3,1318000,1779292186.333981
approach4_mm2_run3,1319000,1779292186.335472
approach4_mm2_run3,1320000,1779292186.336950
approach4_mm2_run3,1321000,1779292186.338421
approach4_mm2_run3,1322000,1779292186.370826
approach4_mm2_run3,1323000,1779292186.372293
approach4_mm2_run3,1324000,1779292186.373759
approach4_mm2_run3,1325000,1779292186.375261
approach4_mm2_run3,1326000,1779292186.376733
approach4_mm2_run3,1327000,1779292186.423714
approach4_mm2_run3,1328000,1779292186.425203
approach4_mm2_run3,1329000,1779292186.426685
approach4_mm2_run3,1330000,1779292186.428150
approach4_mm2_run3,1331000,1779292186.429617
approach4_mm2_run3,1332000,1779292186.431104
approach4_mm2_run3,1333000,1779292186.479237
approach4_mm2_run3,1334000,1779292186.480696
approach4_mm2_run3,1335000,1779292186.482152
approach4_mm2_run3,1336000,1779292186.483627
approach4_mm2_run3,1337000,1779292186.485138
approach4_mm2_run3,1338000,1779292186.729391
approach4_mm2_run3,1339000,1779292186.730922
approach4_mm2_run3,1340000,1779292186.732407
approach4_mm2_run3,1341000,1779292186.733879
approach4_mm2_run3,1342000,1779292186.735391
approach4_mm2_run3,1343000,1779292186.817831
approach4_mm2_run3,1344000,1779292186.819310
approach4_mm2_run3,1345000,1779292186.820772
approach4_mm2_run3,1346000,1779292186.822237
approach4_mm2_run3,1347000,1779292186.823721
approach4_mm2_run3,1348000,1779292186.825220
approach4_mm2_run3,1349000,1779292187.015278
approach4_mm2_run3,1350000,1779292187.016746
approach4_mm2_run3,1351000,1779292187.018206
approach4_mm2_run3,1352000,1779292187.019683
approach4_mm2_run3,1353000,1779292187.021157
approach4_mm2_run3,1354000,1779292187.050567
approach4_mm2_run3,1355000,1779292187.052251
approach4_mm2_run3,1356000,1779292187.054286
approach4_mm2_run3,1357000,1779292187.056227
approach4_mm2_run3,1358000,1779292187.058122
approach4_mm2_run3,1359000,1779292187.059615
approach4_mm2_run3,1360000,1779292187.061078
approach4_mm2_run3,1361000,1779292187.062552
approach4_mm2_run3,1362000,1779292187.064016
approach4_mm2_run3,1363000,1779292187.065504
approach4_mm2_run3,1364000,1779292187.100964
approach4_mm2_run3,1365000,1779292187.102447
approach4_mm2_run3,1366000,1779292187.103920
approach4_mm2_run3,1367000,1779292187.105423
approach4_mm2_run3,1368000,1779292187.106915
approach4_mm2_run3,1369000,1779292187.108406
approach4_mm2_run3,1370000,1779292187.185458
approach4_mm2_run3,1371000,1779292187.186936
approach4_mm2_run3,1372000,1779292187.188405
approach4_mm2_run3,1373000,1779292187.189869
approach4_mm2_run3,1374000,1779292187.191355
approach4_mm2_run3,1375000,1779292187.210199
approach4_mm2_run3,1376000,1779292187.211668
approach4_mm2_run3,1377000,1779292187.213127
approach4_mm2_run3,1378000,1779292187.214601
approach4_mm2_run3,1379000,1779292187.216093
approach4_mm2_run3,1380000,1779292187.547332
approach4_mm2_run3,1381000,1779292187.548792
approach4_mm2_run3,1382000,1779292187.550251
approach4_mm2_run3,1383000,1779292187.551724
approach4_mm2_run3,1384000,1779292187.553183
approach4_mm2_run3,1385000,1779292187.554658
approach4_mm2_run3,1386000,1779292187.613972
approach4_mm2_run3,1387000,1779292187.615482
approach4_mm2_run3,1388000,1779292187.616945
approach4_mm2_run3,1389000,1779292187.618419
approach4_mm2_run3,1390000,1779292187.619893
approach4_mm2_run3,1391000,1779292187.776961
approach4_mm2_run3,1392000,1779292187.778435
approach4_mm2_run3,1393000,1779292187.779908
approach4_mm2_run3,1394000,1779292187.781381
approach4_mm2_run3,1395000,1779292187.782875
approach4_mm2_run3,1396000,1779292187.812669
approach4_mm2_run3,1397000,1779292187.814138
approach4_mm2_run3,1398000,1779292187.815655
approach4_mm2_run3,1399000,1779292187.817130
approach4_mm2_run3,1400000,1779292187.818620
approach4_mm2_run3,1401000,1779292187.828214
approach4_mm2_run3,1402000,1779292187.829725
approach4_mm2_run3,1403000,1779292187.831224
approach4_mm2_run3,1404000,1779292187.832698
approach4_mm2_run3,1405000,1779292187.834179
approach4_mm2_run3,1406000,1779292187.835694
approach4_mm2_run3,1407000,1779292187.896326
approach4_mm2_run3,1408000,1779292187.897795
approach4_mm2_run3,1409000,1779292187.899312
approach4_mm2_run3,1410000,1779292187.900789
approach4_mm2_run3,1411000,1779292187.902272
approach4_mm2_run3,1412000,1779292187.931910
approach4_mm2_run3,1413000,1779292187.933380
approach4_mm2_run3,1414000,1779292187.934911
approach4_mm2_run3,1415000,1779292187.936415
approach4_mm2_run3,1416000,1779292187.938644
approach4_mm2_run3,1417000,1779292187.940314
approach4_mm2_run3,1418000,1779292187.941781
approach4_mm2_run3,1419000,1779292187.943259
approach4_mm2_run3,1420000,1779292187.944726
approach4_mm2_run3,1421000,1779292187.946221
approach4_mm2_run3,1422000,1779292188.280766
approach4_mm2_run3,1423000,1779292188.282243
approach4_mm2_run3,1424000,1779292188.283716
approach4_mm2_run3,1425000,1779292188.285220
approach4_mm2_run3,1426000,1779292188.286709
approach4_mm2_run3,1427000,1779292188.288184
approach4_mm2_run3,1428000,1779292188.499723
approach4_mm2_run3,1429000,1779292188.501271
approach4_mm2_run3,1430000,1779292188.503312
approach4_mm2_run3,1431000,1779292188.505031
approach4_mm2_run3,1432000,1779292188.506508
approach4_mm2_run3,1433000,1779292188.507981
approach4_mm2_run3,1434000,1779292188.509447
approach4_mm2_run3,1435000,1779292188.510922
approach4_mm2_run3,1436000,1779292188.512391
approach4_mm2_run3,1437000,1779292188.513865
approach4_mm2_run3,1438000,1779292188.537988
approach4_mm2_run3,1439000,1779292188.539461
approach4_mm2_run3,1440000,1779292188.540929
approach4_mm2_run3,1441000,1779292188.542415
approach4_mm2_run3,1442000,1779292188.543890
approach4_mm2_run3,1443000,1779292188.545398
approach4_mm2_run3,1444000,1779292188.555239
approach4_mm2_run3,1445000,1779292188.556704
approach4_mm2_run3,1446000,1779292188.558170
approach4_mm2_run3,1447000,1779292188.559652
approach4_mm2_run3,1448000,1779292188.561129
approach4_mm2_run3,1449000,1779292188.669114
approach4_mm2_run3,1450000,1779292188.670579
approach4_mm2_run3,1451000,1779292188.672042
approach4_mm2_run3,1452000,1779292188.673509
approach4_mm2_run3,1453000,1779292188.675106
approach4_mm2_run3,1454000,1779292188.677552
approach4_mm2_run3,1455000,1779292188.679039
approach4_mm2_run3,1456000,1779292188.680507
approach4_mm2_run3,1457000,1779292188.681977
approach4_mm2_run3,1458000,1779292188.683468
approach4_mm2_run3,1459000,1779292188.780353
approach4_mm2_run3,1460000,1779292188.781814
approach4_mm2_run3,1461000,1779292188.783284
approach4_mm2_run3,1462000,1779292188.784745
approach4_mm2_run3,1463000,1779292188.786237
approach4_mm2_run3,1464000,1779292188.787722
approach4_mm2_run3,1465000,1779292189.010330
approach4_mm2_run3,1466000,1779292189.011807
approach4_mm2_run3,1467000,1779292189.013264
approach4_mm2_run3,1468000,1779292189.014736
approach4_mm2_run3,1469000,1779292189.016235
approach4_mm2_run3,1470000,1779292189.233870
approach4_mm2_run3,1471000,1779292189.235371
approach4_mm2_run3,1472000,1779292189.236835
approach4_mm2_run3,1473000,1779292189.238295
approach4_mm2_run3,1474000,1779292189.239776
approach4_mm2_run3,1475000,1779292189.263731
approach4_mm2_run3,1476000,1779292189.265228
approach4_mm2_run3,1477000,1779292189.266709
approach4_mm2_run3,1478000,1779292189.268173
approach4_mm2_run3,1479000,1779292189.269638
approach4_mm2_run3,1480000,1779292189.375960
approach4_mm2_run3,1481000,1779292189.377430
approach4_mm2_run3,1482000,1779292189.378915
approach4_mm2_run3,1483000,1779292189.380382
approach4_mm2_run3,1484000,1779292189.381849
approach4_mm2_run3,1485000,1779292189.383343
approach4_mm2_run3,1486000,1779292189.403007
approach4_mm2_run3,1487000,1779292189.404471
approach4_mm2_run3,1488000,1779292189.405966
approach4_mm2_run3,1489000,1779292189.407454
approach4_mm2_run3,1490000,1779292189.408933
approach4_mm2_run3,1491000,1779292189.425075
approach4_mm2_run3,1492000,1779292189.426558
approach4_mm2_run3,1493000,1779292189.428024
approach4_mm2_run3,1494000,1779292189.429487
approach4_mm2_run3,1495000,1779292189.430972
approach4_mm2_run3,1496000,1779292189.625280
approach4_mm2_run3,1497000,1779292189.626767
approach4_mm2_run3,1498000,1779292189.628235
approach4_mm2_run3,1499000,1779292189.629702
approach4_mm2_run3,1500000,1779292189.631187
approach4_mm2_run3,1501000,1779292189.632699
approach4_mm2_run3,1502000,1779292189.658282
approach4_mm2_run3,1503000,1779292189.659761
approach4_mm2_run3,1504000,1779292189.661230
approach4_mm2_run3,1505000,1779292189.662709
approach4_mm2_run3,1506000,1779292189.664191
approach4_mm2_run3,1507000,1779292189.991897
approach4_mm2_run3,1508000,1779292189.993363
approach4_mm2_run3,1509000,1779292189.994872
approach4_mm2_run3,1510000,1779292189.996337
approach4_mm2_run3,1511000,1779292189.997805
approach4_mm2_run3,1512000,1779292190.081657
approach4_mm2_run3,1513000,1779292190.083131
approach4_mm2_run3,1514000,1779292190.084592
approach4_mm2_run3,1515000,1779292190.086091
approach4_mm2_run3,1516000,1779292190.087577
approach4_mm2_run3,1517000,1779292190.131708
approach4_mm2_run3,1518000,1779292190.133172
approach4_mm2_run3,1519000,1779292190.134648
approach4_mm2_run3,1520000,1779292190.136139
approach4_mm2_run3,1521000,1779292190.137612
approach4_mm2_run3,1522000,1779292190.139094
approach4_mm2_run3,1523000,1779292190.184772
approach4_mm2_run3,1524000,1779292190.186268
approach4_mm2_run3,1525000,1779292190.187740
approach4_mm2_run3,1526000,1779292190.189196
approach4_mm2_run3,1527000,1779292190.190677
approach4_mm2_run3,1528000,1779292190.264665
approach4_mm2_run3,1529000,1779292190.266178
approach4_mm2_run3,1530000,1779292190.267653
approach4_mm2_run3,1531000,1779292190.269115
approach4_mm2_run3,1532000,1779292190.270593
approach4_mm2_run3,1533000,1779292190.303219
approach4_mm2_run3,1534000,1779292190.304690
approach4_mm2_run3,1535000,1779292190.306184
approach4_mm2_run3,1536000,1779292190.307663
approach4_mm2_run3,1537000,1779292190.309134
approach4_mm2_run3,1538000,1779292190.310634
approach4_mm2_run3,1539000,1779292190.353903
approach4_mm2_run3,1540000,1779292190.355424
approach4_mm2_run3,1541000,1779292190.356897
approach4_mm2_run3,1542000,1779292190.358389
approach4_mm2_run3,1543000,1779292190.359871
approach4_mm2_run3,1544000,1779292190.539757
approach4_mm2_run3,1545000,1779292190.541225
approach4_mm2_run3,1546000,1779292190.542711
approach4_mm2_run3,1547000,1779292190.544186
approach4_mm2_run3,1548000,1779292190.545707
approach4_mm2_run3,1549000,1779292190.718130
approach4_mm2_run3,1550000,1779292190.719600
approach4_mm2_run3,1551000,1779292190.721060
approach4_mm2_run3,1552000,1779292190.722530
approach4_mm2_run3,1553000,1779292190.723994
approach4_mm2_run3,1554000,1779292190.811638
approach4_mm2_run3,1555000,1779292190.813097
approach4_mm2_run3,1556000,1779292190.814569
approach4_mm2_run3,1557000,1779292190.816068
approach4_mm2_run3,1558000,1779292190.817538
approach4_mm2_run3,1559000,1779292190.819026
approach4_mm2_run3,1560000,1779292191.029339
approach4_mm2_run3,1561000,1779292191.030819
approach4_mm2_run3,1562000,1779292191.032282
approach4_mm2_run3,1563000,1779292191.033742
approach4_mm2_run3,1564000,1779292191.035257
approach4_mm2_run3,1565000,1779292191.080623
approach4_mm2_run3,1566000,1779292191.082085
approach4_mm2_run3,1567000,1779292191.083568
approach4_mm2_run3,1568000,1779292191.085058
approach4_mm2_run3,1569000,1779292191.086540
approach4_mm2_run3,1570000,1779292191.210541
approach4_mm2_run3,1571000,1779292191.212000
approach4_mm2_run3,1572000,1779292191.213456
approach4_mm2_run3,1573000,1779292191.214963
approach4_mm2_run3,1574000,1779292191.216424
approach4_mm2_run3,1575000,1779292191.266109
approach4_mm2_run3,1576000,1779292191.267578
approach4_mm2_run3,1577000,1779292191.269041
approach4_mm2_run3,1578000,1779292191.270518
approach4_mm2_run3,1579000,1779292191.271982
approach4_mm2_run3,1580000,1779292191.273458
approach4_mm2_run3,1581000,1779292191.422314
approach4_mm2_run3,1582000,1779292191.423788
approach4_mm2_run3,1583000,1779292191.425291
approach4_mm2_run3,1584000,1779292191.426782
approach4_mm2_run3,1585000,1779292191.428271
approach4_mm2_run3,1586000,1779292191.443452
approach4_mm2_run3,1587000,1779292191.444950
approach4_mm2_run3,1588000,1779292191.446434
approach4_mm2_run3,1589000,1779292191.447901
approach4_mm2_run3,1590000,1779292191.449371
approach4_mm2_run3,1591000,1779292191.493005
approach4_mm2_run3,1592000,1779292191.494497
approach4_mm2_run3,1593000,1779292191.495996
approach4_mm2_run3,1594000,1779292191.497469
approach4_mm2_run3,1595000,1779292191.498954
approach4_mm2_run3,1596000,1779292191.500433
approach4_mm2_run3,1597000,1779292191.542937
approach4_mm2_run3,1598000,1779292191.544397
approach4_mm2_run3,1599000,1779292191.545888
approach4_mm2_run3,1600000,1779292191.547366
approach4_mm2_run3,1601000,1779292191.548836
approach4_mm2_run3,1602000,1779292191.755290
approach4_mm2_run3,1603000,1779292191.756762
approach4_mm2_run3,1604000,1779292191.758232
approach4_mm2_run3,1605000,1779292191.759712
approach4_mm2_run3,1606000,1779292191.761184
approach4_mm2_run3,1607000,1779292191.808225
approach4_mm2_run3,1608000,1779292191.809698
approach4_mm2_run3,1609000,1779292191.811178
approach4_mm2_run3,1610000,1779292191.812649
approach4_mm2_run3,1611000,1779292191.814126
approach4_mm2_run3,1612000,1779292191.941152
approach4_mm2_run3,1613000,1779292191.942628
approach4_mm2_run3,1614000,1779292191.944095
approach4_mm2_run3,1615000,1779292191.945604
approach4_mm2_run3,1616000,1779292191.947090
approach4_mm2_run3,1617000,1779292191.948568
approach4_mm2_run3,1618000,1779292192.013025
approach4_mm2_run3,1619000,1779292192.014490
approach4_mm2_run3,1620000,1779292192.015974
approach4_mm2_run3,1621000,1779292192.017430
approach4_mm2_run3,1622000,1779292192.018905
approach4_mm2_run3,1623000,1779292192.169411
approach4_mm2_run3,1624000,1779292192.170888
approach4_mm2_run3,1625000,1779292192.172349
approach4_mm2_run3,1626000,1779292192.173817
approach4_mm2_run3,1627000,1779292192.175336
approach4_mm2_run3,1628000,1779292192.270207
approach4_mm2_run3,1629000,1779292192.271669
approach4_mm2_run3,1630000,1779292192.273125
approach4_mm2_run3,1631000,1779292192.274594
approach4_mm2_run3,1632000,1779292192.276088
approach4_mm2_run3,1633000,1779292192.277557
approach4_mm2_run3,1634000,1779292192.306842
approach4_mm2_run3,1635000,1779292192.308308
approach4_mm2_run3,1636000,1779292192.309776
approach4_mm2_run3,1637000,1779292192.311261
approach4_mm2_run3,1638000,1779292192.312747
approach4_mm2_run3,1639000,1779292192.376930
approach4_mm2_run3,1640000,1779292192.378397
approach4_mm2_run3,1641000,1779292192.379858
approach4_mm2_run3,1642000,1779292192.381314
approach4_mm2_run3,1643000,1779292192.382792
approach4_mm2_run3,1644000,1779292192.480996
approach4_mm2_run3,1645000,1779292192.482480
approach4_mm2_run3,1646000,1779292192.483957
approach4_mm2_run3,1647000,1779292192.485468
approach4_mm2_run3,1648000,1779292192.486960
approach4_mm2_run3,1649000,1779292192.535373
approach4_mm2_run3,1650000,1779292192.536842
approach4_mm2_run3,1651000,1779292192.538323
approach4_mm2_run3,1652000,1779292192.539792
approach4_mm2_run3,1653000,1779292192.541265
approach4_mm2_run3,1654000,1779292192.542809
approach4_mm2_run3,1655000,1779292192.673144
approach4_mm2_run3,1656000,1779292192.674612
approach4_mm2_run3,1657000,1779292192.676108
approach4_mm2_run3,1658000,1779292192.677569
approach4_mm2_run3,1659000,1779292192.679057
approach4_mm2_run3,1660000,1779292192.758791
approach4_mm2_run3,1661000,1779292192.760251
approach4_mm2_run3,1662000,1779292192.761714
approach4_mm2_run3,1663000,1779292192.763191
approach4_mm2_run3,1664000,1779292192.764661
approach4_mm2_run3,1665000,1779292192.894985
approach4_mm2_run3,1666000,1779292192.896461
approach4_mm2_run3,1667000,1779292192.897931
approach4_mm2_run3,1668000,1779292192.899419
approach4_mm2_run3,1669000,1779292192.900898
approach4_mm2_run3,1670000,1779292193.000919
approach4_mm2_run3,1671000,1779292193.002402
approach4_mm2_run3,1672000,1779292193.003869
approach4_mm2_run3,1673000,1779292193.005370
approach4_mm2_run3,1674000,1779292193.006859
approach4_mm2_run3,1675000,1779292193.008339
approach4_mm2_run3,1676000,1779292193.188183
approach4_mm2_run3,1677000,1779292193.189645
approach4_mm2_run3,1678000,1779292193.191115
approach4_mm2_run3,1679000,1779292193.192573
approach4_mm2_run3,1680000,1779292193.194040
approach4_mm2_run3,1681000,1779292193.207057
approach4_mm2_run3,1682000,1779292193.208514
approach4_mm2_run3,1683000,1779292193.209972
approach4_mm2_run3,1684000,1779292193.211444
approach4_mm2_run3,1685000,1779292193.212913
approach4_mm2_run3,1686000,1779292193.257987
approach4_mm2_run3,1687000,1779292193.259467
approach4_mm2_run3,1688000,1779292193.261006
approach4_mm2_run3,1689000,1779292193.263320
approach4_mm2_run3,1690000,1779292193.264791
approach4_mm2_run3,1691000,1779292193.266279
approach4_mm2_run3,1692000,1779292193.267751
approach4_mm2_run3,1693000,1779292193.269211
approach4_mm2_run3,1694000,1779292193.270687
approach4_mm2_run3,1695000,1779292193.272152
approach4_mm2_run3,1696000,1779292193.273629
approach4_mm2_run3,1697000,1779292193.403216
approach4_mm2_run3,1698000,1779292193.404678
approach4_mm2_run3,1699000,1779292193.406166
approach4_mm2_run3,1700000,1779292193.407649
approach4_mm2_run3,1701000,1779292193.409122
approach4_mm2_run3,1702000,1779292193.519322
approach4_mm2_run3,1703000,1779292193.520794
approach4_mm2_run3,1704000,1779292193.522266
approach4_mm2_run3,1705000,1779292193.523747
approach4_mm2_run3,1706000,1779292193.525247
approach4_mm2_run3,1707000,1779292193.620988
approach4_mm2_run3,1708000,1779292193.622473
approach4_mm2_run3,1709000,1779292193.623943
approach4_mm2_run3,1710000,1779292193.625452
approach4_mm2_run3,1711000,1779292193.626945
approach4_mm2_run3,1712000,1779292193.628423
approach4_mm2_run3,1713000,1779292193.729686
approach4_mm2_run3,1714000,1779292193.731161
approach4_mm2_run3,1715000,1779292193.732621
approach4_mm2_run3,1716000,1779292193.734081
approach4_mm2_run3,1717000,1779292193.735650
approach4_mm2_run3,1718000,1779292193.933553
approach4_mm2_run3,1719000,1779292193.935072
approach4_mm2_run3,1720000,1779292193.936563
approach4_mm2_run3,1721000,1779292193.938044
approach4_mm2_run3,1722000,1779292193.939538
approach4_mm2_run3,1723000,1779292193.990561
approach4_mm2_run3,1724000,1779292193.992033
approach4_mm2_run3,1725000,1779292193.993505
approach4_mm2_run3,1726000,1779292193.995023
approach4_mm2_run3,1727000,1779292193.996500
approach4_mm2_run3,1728000,1779292194.066193
approach4_mm2_run3,1729000,1779292194.067664
approach4_mm2_run3,1730000,1779292194.069150
approach4_mm2_run3,1731000,1779292194.070633
approach4_mm2_run3,1732000,1779292194.072094
approach4_mm2_run3,1733000,1779292194.073564
approach4_mm2_run3,1734000,1779292194.133576
approach4_mm2_run3,1735000,1779292194.135074
approach4_mm2_run3,1736000,1779292194.136533
approach4_mm2_run3,1737000,1779292194.138504
approach4_mm2_run3,1738000,1779292194.140043
approach4_mm2_run3,1739000,1779292194.142515
approach4_mm2_run3,1740000,1779292194.143972
approach4_mm2_run3,1741000,1779292194.145457
approach4_mm2_run3,1742000,1779292194.146923
approach4_mm2_run3,1743000,1779292194.148388
approach4_mm2_run3,1744000,1779292194.265723
approach4_mm2_run3,1745000,1779292194.267194
approach4_mm2_run3,1746000,1779292194.268652
approach4_mm2_run3,1747000,1779292194.270112
approach4_mm2_run3,1748000,1779292194.271591
approach4_mm2_run3,1749000,1779292194.273064
approach4_mm2_run3,1750000,1779292194.347418
approach4_mm2_run3,1751000,1779292194.348883
approach4_mm2_run3,1752000,1779292194.350354
approach4_mm2_run3,1753000,1779292194.351822
approach4_mm2_run3,1754000,1779292194.353296
approach4_mm2_run3,1755000,1779292194.458298
approach4_mm2_run3,1756000,1779292194.459769
approach4_mm2_run3,1757000,1779292194.461232
approach4_mm2_run3,1758000,1779292194.462709
approach4_mm2_run3,1759000,1779292194.464184
approach4_mm2_run3,1760000,1779292194.659555
approach4_mm2_run3,1761000,1779292194.661017
approach4_mm2_run3,1762000,1779292194.662494
approach4_mm2_run3,1763000,1779292194.663959
approach4_mm2_run3,1764000,1779292194.665461
approach4_mm2_run3,1765000,1779292194.717338
approach4_mm2_run3,1766000,1779292194.718803
approach4_mm2_run3,1767000,1779292194.720258
approach4_mm2_run3,1768000,1779292194.721712
approach4_mm2_run3,1769000,1779292194.723197
approach4_mm2_run3,1770000,1779292194.724684
approach4_mm2_run3,1771000,1779292194.864172
approach4_mm2_run3,1772000,1779292194.865661
approach4_mm2_run3,1773000,1779292194.867168
approach4_mm2_run3,1774000,1779292194.868629
approach4_mm2_run3,1775000,1779292194.870096
approach4_mm2_run3,1776000,1779292194.948905
approach4_mm2_run3,1777000,1779292194.950380
approach4_mm2_run3,1778000,1779292194.951847
approach4_mm2_run3,1779000,1779292194.953316
approach4_mm2_run3,1780000,1779292194.954866
approach4_mm2_run3,1781000,1779292195.011191
approach4_mm2_run3,1782000,1779292195.012658
approach4_mm2_run3,1783000,1779292195.014124
approach4_mm2_run3,1784000,1779292195.015656
approach4_mm2_run3,1785000,1779292195.017122
approach4_mm2_run3,1786000,1779292195.018655
approach4_mm2_run3,1787000,1779292195.022652
approach4_mm2_run3,1788000,1779292195.024136
approach4_mm2_run3,1789000,1779292195.025659
approach4_mm2_run3,1790000,1779292195.027158
approach4_mm2_run3,1791000,1779292195.028664
approach4_mm2_run3,1792000,1779292195.072861
approach4_mm2_run3,1793000,1779292195.074369
approach4_mm2_run3,1794000,1779292195.075909
approach4_mm2_run3,1795000,1779292195.077437
approach4_mm2_run3,1796000,1779292195.078970
approach4_mm2_run3,1797000,1779292195.187765
approach4_mm2_run3,1798000,1779292195.189289
approach4_mm2_run3,1799000,1779292195.190819
approach4_mm2_run3,1800000,1779292195.192335
approach4_mm2_run3,1801000,1779292195.193898
approach4_mm2_run3,1802000,1779292195.384968
approach4_mm2_run3,1803000,1779292195.386459
approach4_mm2_run3,1804000,1779292195.387944
approach4_mm2_run3,1805000,1779292195.389453
approach4_mm2_run3,1806000,1779292195.390988
approach4_mm2_run3,1807000,1779292195.392505
approach4_mm2_run3,1808000,1779292195.449611
approach4_mm2_run3,1809000,1779292195.451126
approach4_mm2_run3,1810000,1779292195.452649
approach4_mm2_run3,1811000,1779292195.454155
approach4_mm2_run3,1812000,1779292195.455709
approach4_mm2_run3,1813000,1779292195.594968
approach4_mm2_run3,1814000,1779292195.596493
approach4_mm2_run3,1815000,1779292195.597989
approach4_mm2_run3,1816000,1779292195.599516
approach4_mm2_run3,1817000,1779292195.601050
approach4_mm2_run3,1818000,1779292195.759252
approach4_mm2_run3,1819000,1779292195.760767
approach4_mm2_run3,1820000,1779292195.762277
approach4_mm2_run3,1821000,1779292195.763767
approach4_mm2_run3,1822000,1779292195.765307
approach4_mm2_run3,1823000,1779292195.798217
approach4_mm2_run3,1824000,1779292195.799740
approach4_mm2_run3,1825000,1779292195.801263
approach4_mm2_run3,1826000,1779292195.802791
approach4_mm2_run3,1827000,1779292195.804269
approach4_mm2_run3,1828000,1779292195.805801
approach4_mm2_run3,1829000,1779292195.833043
approach4_mm2_run3,1830000,1779292195.834551
approach4_mm2_run3,1831000,1779292195.836085
approach4_mm2_run3,1832000,1779292195.837559
approach4_mm2_run3,1833000,1779292195.839085
approach4_mm2_run3,1834000,1779292195.907266
approach4_mm2_run3,1835000,1779292195.908791
approach4_mm2_run3,1836000,1779292195.910295
approach4_mm2_run3,1837000,1779292195.911842
approach4_mm2_run3,1838000,1779292195.913381
approach4_mm2_run3,1839000,1779292195.916051
approach4_mm2_run3,1840000,1779292195.917536
approach4_mm2_run3,1841000,1779292195.919030
approach4_mm2_run3,1842000,1779292195.920509
approach4_mm2_run3,1843000,1779292195.922065
approach4_mm2_run3,1844000,1779292195.923578
approach4_mm2_run3,1845000,1779292196.113259
approach4_mm2_run3,1846000,1779292196.114783
approach4_mm2_run3,1847000,1779292196.116290
approach4_mm2_run3,1848000,1779292196.117800
approach4_mm2_run3,1849000,1779292196.119316
approach4_mm2_run3,1850000,1779292196.175447
approach4_mm2_run3,1851000,1779292196.176928
approach4_mm2_run3,1852000,1779292196.178448
approach4_mm2_run3,1853000,1779292196.179955
approach4_mm2_run3,1854000,1779292196.181474
approach4_mm2_run3,1855000,1779292196.325026
approach4_mm2_run3,1856000,1779292196.326538
approach4_mm2_run3,1857000,1779292196.328048
approach4_mm2_run3,1858000,1779292196.329541
approach4_mm2_run3,1859000,1779292196.331049
approach4_mm2_run3,1860000,1779292196.517976
approach4_mm2_run3,1861000,1779292196.519455
approach4_mm2_run3,1862000,1779292196.520974
approach4_mm2_run3,1863000,1779292196.522490
approach4_mm2_run3,1864000,1779292196.524066
approach4_mm2_run3,1865000,1779292196.526311
approach4_mm2_run3,1866000,1779292196.528038
approach4_mm2_run3,1867000,1779292196.529526
approach4_mm2_run3,1868000,1779292196.531052
approach4_mm2_run3,1869000,1779292196.532576
approach4_mm2_run3,1870000,1779292196.534107
approach4_mm2_run3,1871000,1779292196.645411
approach4_mm2_run3,1872000,1779292196.646902
approach4_mm2_run3,1873000,1779292196.648375
approach4_mm2_run3,1874000,1779292196.649850
approach4_mm2_run3,1875000,1779292196.651377
approach4_mm2_run3,1876000,1779292196.717930
approach4_mm2_run3,1877000,1779292196.719445
approach4_mm2_run3,1878000,1779292196.720928
approach4_mm2_run3,1879000,1779292196.722435
approach4_mm2_run3,1880000,1779292196.723947
approach4_mm2_run3,1881000,1779292196.725487
approach4_mm2_run3,1882000,1779292196.791470
approach4_mm2_run3,1883000,1779292196.792972
approach4_mm2_run3,1884000,1779292196.794473
approach4_mm2_run3,1885000,1779292196.795996
approach4_mm2_run3,1886000,1779292196.797501
approach4_mm2_run3,1887000,1779292196.837251
approach4_mm2_run3,1888000,1779292196.838736
approach4_mm2_run3,1889000,1779292196.840228
approach4_mm2_run3,1890000,1779292196.841734
approach4_mm2_run3,1891000,1779292196.843255
approach4_mm2_run3,1892000,1779292196.904471
approach4_mm2_run3,1893000,1779292196.905990
approach4_mm2_run3,1894000,1779292196.907492
approach4_mm2_run3,1895000,1779292196.908994
approach4_mm2_run3,1896000,1779292196.910501
approach4_mm2_run3,1897000,1779292197.055056
approach4_mm2_run3,1898000,1779292197.056556
approach4_mm2_run3,1899000,1779292197.058062
approach4_mm2_run3,1900000,1779292197.059562
approach4_mm2_run3,1901000,1779292197.061042
approach4_mm2_run3,1902000,1779292197.062562
approach4_mm2_run3,1903000,1779292197.252860
approach4_mm2_run3,1904000,1779292197.254366
approach4_mm2_run3,1905000,1779292197.255925
approach4_mm2_run3,1906000,1779292197.257474
approach4_mm2_run3,1907000,1779292197.259027
approach4_mm2_run3,1908000,1779292197.267231
approach4_mm2_run3,1909000,1779292197.268722
approach4_mm2_run3,1910000,1779292197.270223
approach4_mm2_run3,1911000,1779292197.271740
approach4_mm2_run3,1912000,1779292197.273238
approach4_mm2_run3,1913000,1779292197.375328
approach4_mm2_run3,1914000,1779292197.376815
approach4_mm2_run3,1915000,1779292197.378298
approach4_mm2_run3,1916000,1779292197.379804
approach4_mm2_run3,1917000,1779292197.381302
approach4_mm2_run3,1918000,1779292197.562009
approach4_mm2_run3,1919000,1779292197.563494
approach4_mm2_run3,1920000,1779292197.565004
approach4_mm2_run3,1921000,1779292197.566504
approach4_mm2_run3,1922000,1779292197.567987
approach4_mm2_run3,1923000,1779292197.569480
approach4_mm2_run3,1924000,1779292197.631104
approach4_mm2_run3,1925000,1779292197.632608
approach4_mm2_run3,1926000,1779292197.634096
approach4_mm2_run3,1927000,1779292197.635626
approach4_mm2_run3,1928000,1779292197.637120
approach4_mm2_run3,1929000,1779292197.672909
approach4_mm2_run3,1930000,1779292197.674402
approach4_mm2_run3,1931000,1779292197.675916
approach4_mm2_run3,1932000,1779292197.677392
approach4_mm2_run3,1933000,1779292197.678889
approach4_mm2_run3,1934000,1779292197.785555
approach4_mm2_run3,1935000,1779292197.787057
approach4_mm2_run3,1936000,1779292197.788528
approach4_mm2_run3,1937000,1779292197.790026
approach4_mm2_run3,1938000,1779292197.791568
approach4_mm2_run3,1939000,1779292197.793060
approach4_mm2_run3,1940000,1779292197.940846
approach4_mm2_run3,1941000,1779292197.942350
approach4_mm2_run3,1942000,1779292197.943865
approach4_mm2_run3,1943000,1779292197.945425
approach4_mm2_run3,1944000,1779292197.946929
approach4_mm2_run3,1945000,1779292198.012241
approach4_mm2_run3,1946000,1779292198.013752
approach4_mm2_run3,1947000,1779292198.015288
approach4_mm2_run3,1948000,1779292198.016786
approach4_mm2_run3,1949000,1779292198.018316
approach4_mm2_run3,1950000,1779292198.104084
approach4_mm2_run3,1951000,1779292198.105608
approach4_mm2_run3,1952000,1779292198.107098
approach4_mm2_run3,1953000,1779292198.108608
approach4_mm2_run3,1954000,1779292198.110100
approach4_mm2_run3,1955000,1779292198.290729
approach4_mm2_run3,1956000,1779292198.292240
approach4_mm2_run3,1957000,1779292198.293735
approach4_mm2_run3,1958000,1779292198.295275
approach4_mm2_run3,1959000,1779292198.296792
approach4_mm2_run3,1960000,1779292198.298334
approach4_mm2_run3,1961000,1779292198.319694
approach4_mm2_run3,1962000,1779292198.321200
approach4_mm2_run3,1963000,1779292198.322706
approach4_mm2_run3,1964000,1779292198.324205
approach4_mm2_run3,1965000,1779292198.325775
approach4_mm2_run3,1966000,1779292198.356831
approach4_mm2_run3,1967000,1779292198.358307
approach4_mm2_run3,1968000,1779292198.359777
approach4_mm2_run3,1969000,1779292198.361303
approach4_mm2_run3,1970000,1779292198.362816
approach4_mm2_run3,1971000,1779292198.515416
approach4_mm2_run3,1972000,1779292198.516894
approach4_mm2_run3,1973000,1779292198.518390
approach4_mm2_run3,1974000,1779292198.519879
approach4_mm2_run3,1975000,1779292198.521367
approach4_mm2_run3,1976000,1779292198.522883
approach4_mm2_run3,1977000,1779292198.556275
approach4_mm2_run3,1978000,1779292198.557748
approach4_mm2_run3,1979000,1779292198.559245
approach4_mm2_run3,1980000,1779292198.560718
approach4_mm2_run3,1981000,1779292198.562215
approach4_mm2_run3,1982000,1779292198.758196
approach4_mm2_run3,1983000,1779292198.759682
approach4_mm2_run3,1984000,1779292198.761177
approach4_mm2_run3,1985000,1779292198.762667
approach4_mm2_run3,1986000,1779292198.764159
approach4_mm2_run3,1987000,1779292198.821019
approach4_mm2_run3,1988000,1779292198.822522
approach4_mm2_run3,1989000,1779292198.824011
approach4_mm2_run3,1990000,1779292198.825519
approach4_mm2_run3,1991000,1779292198.827020
approach4_mm2_run3,1992000,1779292198.836493
approach4_mm2_run3,1993000,1779292198.837972
approach4_mm2_run3,1994000,1779292198.839454
approach4_mm2_run3,1995000,1779292198.840939
approach4_mm2_run3,1996000,1779292198.842431
approach4_mm2_run3,1997000,1779292198.843929
approach4_mm2_run3,1998000,1779292199.020262
approach4_mm2_run3,1999000,1779292199.021757
approach4_mm2_run3,2000000,1779292199.023263
approach4_mm2_run3,2001000,1779292199.024774
approach4_mm2_run3,2002000,1779292199.026312
approach4_mm2_run3,2003000,1779292199.045377
approach4_mm2_run3,2004000,1779292199.046866
approach4_mm2_run3,2005000,1779292199.048342
approach4_mm2_run3,2006000,1779292199.049827
approach4_mm2_run3,2007000,1779292199.051326
approach4_mm2_run3,2008000,1779292199.084255
approach4_mm2_run3,2009000,1779292199.085746
approach4_mm2_run3,2010000,1779292199.087240
approach4_mm2_run3,2011000,1779292199.088716
approach4_mm2_run3,2012000,1779292199.090204
approach4_mm2_run3,2013000,1779292199.247388
approach4_mm2_run3,2014000,1779292199.248855
approach4_mm2_run3,2015000,1779292199.250350
approach4_mm2_run3,2016000,1779292199.251836
approach4_mm2_run3,2017000,1779292199.253319
approach4_mm2_run3,2018000,1779292199.254850
approach4_mm2_run3,2019000,1779292199.437734
approach4_mm2_run3,2020000,1779292199.439208
approach4_mm2_run3,2021000,1779292199.440691
approach4_mm2_run3,2022000,1779292199.442178
approach4_mm2_run3,2023000,1779292199.443675
approach4_mm2_run3,2024000,1779292199.517012
approach4_mm2_run3,2025000,1779292199.518508
approach4_mm2_run3,2026000,1779292199.519976
approach4_mm2_run3,2027000,1779292199.521435
approach4_mm2_run3,2028000,1779292199.522923
approach4_mm2_run3,2029000,1779292199.564386
approach4_mm2_run3,2030000,1779292199.565882
approach4_mm2_run3,2031000,1779292199.567373
approach4_mm2_run3,2032000,1779292199.568893
approach4_mm2_run3,2033000,1779292199.570406
approach4_mm2_run3,2034000,1779292199.571898
approach4_mm2_run3,2035000,1779292199.703170
approach4_mm2_run3,2036000,1779292199.704637
approach4_mm2_run3,2037000,1779292199.706154
approach4_mm2_run3,2038000,1779292199.707662
approach4_mm2_run3,2039000,1779292199.709150
approach4_mm2_run3,2040000,1779292199.744281
approach4_mm2_run3,2041000,1779292199.745791
approach4_mm2_run3,2042000,1779292199.747296
approach4_mm2_run3,2043000,1779292199.748778
approach4_mm2_run3,2044000,1779292199.750268
approach4_mm2_run3,2045000,1779292199.771528
approach4_mm2_run3,2046000,1779292199.773002
approach4_mm2_run3,2047000,1779292199.774482
approach4_mm2_run3,2048000,1779292199.775986
approach4_mm2_run3,2049000,1779292199.777460
approach4_mm2_run3,2050000,1779292199.813095
approach4_mm2_run3,2051000,1779292199.814581
approach4_mm2_run3,2052000,1779292199.816092
approach4_mm2_run3,2053000,1779292199.817592
approach4_mm2_run3,2054000,1779292199.819085
approach4_mm2_run3,2055000,1779292199.820588
approach4_mm2_run3,2056000,1779292199.979428
approach4_mm2_run3,2057000,1779292199.980909
approach4_mm2_run3,2058000,1779292199.982386
approach4_mm2_run3,2059000,1779292199.983865
approach4_mm2_run3,2060000,1779292199.985374
approach4_mm2_run3,2061000,1779292200.265059
approach4_mm2_run3,2062000,1779292200.266543
approach4_mm2_run3,2063000,1779292200.268014
approach4_mm2_run3,2064000,1779292200.269489
approach4_mm2_run3,2065000,1779292200.271001
approach4_mm2_run3,2066000,1779292200.322162
approach4_mm2_run3,2067000,1779292200.323669
approach4_mm2_run3,2068000,1779292200.325177
approach4_mm2_run3,2069000,1779292200.326682
approach4_mm2_run3,2070000,1779292200.328152
approach4_mm2_run3,2071000,1779292200.329632
approach4_mm2_run3,2072000,1779292200.470846
approach4_mm2_run3,2073000,1779292200.472323
approach4_mm2_run3,2074000,1779292200.473804
approach4_mm2_run3,2075000,1779292200.475341
approach4_mm2_run3,2076000,1779292200.476822
approach4_mm2_run3,2077000,1779292200.499018
approach4_mm2_run3,2078000,1779292200.500500
approach4_mm2_run3,2079000,1779292200.501983
approach4_mm2_run3,2080000,1779292200.503488
approach4_mm2_run3,2081000,1779292200.504993
approach4_mm2_run3,2082000,1779292200.540409
approach4_mm2_run3,2083000,1779292200.541887
approach4_mm2_run3,2084000,1779292200.543380
approach4_mm2_run3,2085000,1779292200.544875
approach4_mm2_run3,2086000,1779292200.546396
approach4_mm2_run3,2087000,1779292200.583068
approach4_mm2_run3,2088000,1779292200.584558
approach4_mm2_run3,2089000,1779292200.586062
approach4_mm2_run3,2090000,1779292200.587548
approach4_mm2_run3,2091000,1779292200.589014
approach4_mm2_run3,2092000,1779292200.590529
approach4_mm2_run3,2093000,1779292200.637931
approach4_mm2_run3,2094000,1779292200.639416
approach4_mm2_run3,2095000,1779292200.640955
approach4_mm2_run3,2096000,1779292200.642459
approach4_mm2_run3,2097000,1779292200.643957
approach4_mm2_run3,2098000,1779292200.709451
approach4_mm2_run3,2099000,1779292200.710939
approach4_mm2_run3,2100000,1779292200.712424
approach4_mm2_run3,2101000,1779292200.713902
approach4_mm2_run3,2102000,1779292200.715448
approach4_mm2_run3,2103000,1779292201.011390
approach4_mm2_run3,2104000,1779292201.012877
approach4_mm2_run3,2105000,1779292201.014359
approach4_mm2_run3,2106000,1779292201.015888
approach4_mm2_run3,2107000,1779292201.017372
approach4_mm2_run3,2108000,1779292201.195939
approach4_mm2_run3,2109000,1779292201.197424
approach4_mm2_run3,2110000,1779292201.198935
approach4_mm2_run3,2111000,1779292201.200440
approach4_mm2_run3,2112000,1779292201.201945
approach4_mm2_run3,2113000,1779292201.204019
approach4_mm2_run3,2114000,1779292201.205933
approach4_mm2_run3,2115000,1779292201.207440
approach4_mm2_run3,2116000,1779292201.208930
approach4_mm2_run3,2117000,1779292201.210425
approach4_mm2_run3,2118000,1779292201.211925
approach4_mm2_run3,2119000,1779292201.226903
approach4_mm2_run3,2120000,1779292201.228383
approach4_mm2_run3,2121000,1779292201.229867
approach4_mm2_run3,2122000,1779292201.231349
approach4_mm2_run3,2123000,1779292201.232830
approach4_mm2_run3,2124000,1779292201.268080
approach4_mm2_run3,2125000,1779292201.269542
approach4_mm2_run3,2126000,1779292201.271035
approach4_mm2_run3,2127000,1779292201.272511
approach4_mm2_run3,2128000,1779292201.274004
approach4_mm2_run3,2129000,1779292201.275536
approach4_mm2_run3,2130000,1779292201.366541
approach4_mm2_run3,2131000,1779292201.368015
approach4_mm2_run3,2132000,1779292201.369477
approach4_mm2_run3,2133000,1779292201.370962
approach4_mm2_run3,2134000,1779292201.372434
approach4_mm2_run3,2135000,1779292201.441547
approach4_mm2_run3,2136000,1779292201.443033
approach4_mm2_run3,2137000,1779292201.444509
approach4_mm2_run3,2138000,1779292201.446001
approach4_mm2_run3,2139000,1779292201.447500
approach4_mm2_run3,2140000,1779292201.465524
approach4_mm2_run3,2141000,1779292201.467015
approach4_mm2_run3,2142000,1779292201.468497
approach4_mm2_run3,2143000,1779292201.469959
approach4_mm2_run3,2144000,1779292201.471451
approach4_mm2_run3,2145000,1779292201.754563
approach4_mm2_run3,2146000,1779292201.756068
approach4_mm2_run3,2147000,1779292201.757551
approach4_mm2_run3,2148000,1779292201.759033
approach4_mm2_run3,2149000,1779292201.760519
approach4_mm2_run3,2150000,1779292201.761990
approach4_mm2_run3,2151000,1779292201.925524
approach4_mm2_run3,2152000,1779292201.927012
approach4_mm2_run3,2153000,1779292201.928484
approach4_mm2_run3,2154000,1779292201.929966
approach4_mm2_run3,2155000,1779292201.931458
approach4_mm2_run3,2156000,1779292201.952652
approach4_mm2_run3,2157000,1779292201.954129
approach4_mm2_run3,2158000,1779292201.955691
approach4_mm2_run3,2159000,1779292201.957169
approach4_mm2_run3,2160000,1779292201.958670
approach4_mm2_run3,2161000,1779292201.994798
approach4_mm2_run3,2162000,1779292201.996322
approach4_mm2_run3,2163000,1779292201.997805
approach4_mm2_run3,2164000,1779292201.999307
approach4_mm2_run3,2165000,1779292202.000785
approach4_mm2_run3,2166000,1779292202.002284
approach4_mm2_run3,2167000,1779292202.086239
approach4_mm2_run3,2168000,1779292202.087734
approach4_mm2_run3,2169000,1779292202.089221
approach4_mm2_run3,2170000,1779292202.090763
approach4_mm2_run3,2171000,1779292202.092551
approach4_mm2_run3,2172000,1779292202.094847
approach4_mm2_run3,2173000,1779292202.096325
approach4_mm2_run3,2174000,1779292202.097794
approach4_mm2_run3,2175000,1779292202.099272
approach4_mm2_run3,2176000,1779292202.100739
approach4_mm2_run3,2177000,1779292202.170818
approach4_mm2_run3,2178000,1779292202.172296
approach4_mm2_run3,2179000,1779292202.173777
approach4_mm2_run3,2180000,1779292202.175291
approach4_mm2_run3,2181000,1779292202.176766
approach4_mm2_run3,2182000,1779292202.346191
approach4_mm2_run3,2183000,1779292202.347673
approach4_mm2_run3,2184000,1779292202.349138
approach4_mm2_run3,2185000,1779292202.350606
approach4_mm2_run3,2186000,1779292202.352089
approach4_mm2_run3,2187000,1779292202.353544
approach4_mm2_run3,2188000,1779292202.509512
approach4_mm2_run3,2189000,1779292202.511009
approach4_mm2_run3,2190000,1779292202.512488
approach4_mm2_run3,2191000,1779292202.513951
approach4_mm2_run3,2192000,1779292202.515472
approach4_mm2_run3,2193000,1779292202.649135
approach4_mm2_run3,2194000,1779292202.650632
approach4_mm2_run3,2195000,1779292202.652119
approach4_mm2_run3,2196000,1779292202.653585
approach4_mm2_run3,2197000,1779292202.655110
approach4_mm2_run3,2198000,1779292202.677130
approach4_mm2_run3,2199000,1779292202.678622
approach4_mm2_run3,2200000,1779292202.680111
approach4_mm2_run3,2201000,1779292202.681569
approach4_mm2_run3,2202000,1779292202.683061
approach4_mm2_run3,2203000,1779292202.684549
approach4_mm2_run3,2204000,1779292202.722420
approach4_mm2_run3,2205000,1779292202.723878
approach4_mm2_run3,2206000,1779292202.725383
approach4_mm2_run3,2207000,1779292202.726865
approach4_mm2_run3,2208000,1779292202.728349
approach4_mm2_run3,2209000,1779292202.823004
approach4_mm2_run3,2210000,1779292202.824486
approach4_mm2_run3,2211000,1779292202.826015
approach4_mm2_run3,2212000,1779292202.827508
approach4_mm2_run3,2213000,1779292202.829001
approach4_mm2_run3,2214000,1779292202.903775
approach4_mm2_run3,2215000,1779292202.905289
approach4_mm2_run3,2216000,1779292202.906765
approach4_mm2_run3,2217000,1779292202.908235
approach4_mm2_run3,2218000,1779292202.909703
approach4_mm2_run3,2219000,1779292202.968473
approach4_mm2_run3,2220000,1779292202.969956
approach4_mm2_run3,2221000,1779292202.971482
approach4_mm2_run3,2222000,1779292202.972967
approach4_mm2_run3,2223000,1779292202.974434
approach4_mm2_run3,2224000,1779292202.975926
approach4_mm2_run3,2225000,1779292203.228666
approach4_mm2_run3,2226000,1779292203.230137
approach4_mm2_run3,2227000,1779292203.231634
approach4_mm2_run3,2228000,1779292203.233085
approach4_mm2_run3,2229000,1779292203.234587
approach4_mm2_run3,2230000,1779292203.259515
approach4_mm2_run3,2231000,1779292203.260996
approach4_mm2_run3,2232000,1779292203.262496
approach4_mm2_run3,2233000,1779292203.263981
approach4_mm2_run3,2234000,1779292203.265499
approach4_mm2_run3,2235000,1779292203.374273
approach4_mm2_run3,2236000,1779292203.375791
approach4_mm2_run3,2237000,1779292203.377274
approach4_mm2_run3,2238000,1779292203.378770
approach4_mm2_run3,2239000,1779292203.380245
approach4_mm2_run3,2240000,1779292203.402438
approach4_mm2_run3,2241000,1779292203.403921
approach4_mm2_run3,2242000,1779292203.405443
approach4_mm2_run3,2243000,1779292203.406929
approach4_mm2_run3,2244000,1779292203.408399
approach4_mm2_run3,2245000,1779292203.409878
approach4_mm2_run3,2246000,1779292203.450048
approach4_mm2_run3,2247000,1779292203.451525
approach4_mm2_run3,2248000,1779292203.452989
approach4_mm2_run3,2249000,1779292203.454478
approach4_mm2_run3,2250000,1779292203.455967
approach4_mm2_run3,2251000,1779292203.551376
approach4_mm2_run3,2252000,1779292203.552864
approach4_mm2_run3,2253000,1779292203.554347
approach4_mm2_run3,2254000,1779292203.555857
approach4_mm2_run3,2255000,1779292203.557338
approach4_mm2_run3,2256000,1779292203.631405
approach4_mm2_run3,2257000,1779292203.632849
approach4_mm2_run3,2258000,1779292203.634336
approach4_mm2_run3,2259000,1779292203.635827
approach4_mm2_run3,2260000,1779292203.637304
approach4_mm2_run3,2261000,1779292203.638793
approach4_mm2_run3,2262000,1779292203.852751
approach4_mm2_run3,2263000,1779292203.854231
approach4_mm2_run3,2264000,1779292203.855753
approach4_mm2_run3,2265000,1779292203.857231
approach4_mm2_run3,2266000,1779292203.858732
approach4_mm2_run3,2267000,1779292204.009475
approach4_mm2_run3,2268000,1779292204.010969
approach4_mm2_run3,2269000,1779292204.012439
approach4_mm2_run3,2270000,1779292204.013923
approach4_mm2_run3,2271000,1779292204.015467
approach4_mm2_run3,2272000,1779292204.102727
approach4_mm2_run3,2273000,1779292204.104205
approach4_mm2_run3,2274000,1779292204.105730
approach4_mm2_run3,2275000,1779292204.107268
approach4_mm2_run3,2276000,1779292204.108868
approach4_mm2_run3,2277000,1779292204.111220
approach4_mm2_run3,2278000,1779292204.112718
approach4_mm2_run3,2279000,1779292204.114210
approach4_mm2_run3,2280000,1779292204.115730
approach4_mm2_run3,2281000,1779292204.117228
approach4_mm2_run3,2282000,1779292204.118724
approach4_mm2_run3,2283000,1779292204.129309
approach4_mm2_run3,2284000,1779292204.130837
approach4_mm2_run3,2285000,1779292204.132347
approach4_mm2_run3,2286000,1779292204.133807
approach4_mm2_run3,2287000,1779292204.135370
approach4_mm2_run3,2288000,1779292204.177762
approach4_mm2_run3,2289000,1779292204.179278
approach4_mm2_run3,2290000,1779292204.180750
approach4_mm2_run3,2291000,1779292204.182239
approach4_mm2_run3,2292000,1779292204.183749
approach4_mm2_run3,2293000,1779292204.279985
approach4_mm2_run3,2294000,1779292204.281468
approach4_mm2_run3,2295000,1779292204.282971
approach4_mm2_run3,2296000,1779292204.284448
approach4_mm2_run3,2297000,1779292204.285967
approach4_mm2_run3,2298000,1779292204.287479
approach4_mm2_run3,2299000,1779292204.362432
approach4_mm2_run3,2300000,1779292204.363929
approach4_mm2_run3,2301000,1779292204.365445
approach4_mm2_run3,2302000,1779292204.366922
approach4_mm2_run3,2303000,1779292204.368395
approach4_mm2_run3,2304000,1779292204.736649
approach4_mm2_run3,2305000,1779292204.738134
approach4_mm2_run3,2306000,1779292204.739638
approach4_mm2_run3,2307000,1779292204.741106
approach4_mm2_run3,2308000,1779292204.742600
approach4_mm2_run3,2309000,1779292204.756584
approach4_mm2_run3,2310000,1779292204.758042
approach4_mm2_run3,2311000,1779292204.759535
approach4_mm2_run3,2312000,1779292204.760983
approach4_mm2_run3,2313000,1779292204.762459
approach4_mm2_run3,2314000,1779292204.826653
approach4_mm2_run3,2315000,1779292204.828138
approach4_mm2_run3,2316000,1779292204.829612
approach4_mm2_run3,2317000,1779292204.831103
approach4_mm2_run3,2318000,1779292204.832586
approach4_mm2_run3,2319000,1779292204.834069
approach4_mm2_run3,2320000,1779292204.856547
approach4_mm2_run3,2321000,1779292204.858033
approach4_mm2_run3,2322000,1779292204.859533
approach4_mm2_run3,2323000,1779292204.861005
approach4_mm2_run3,2324000,1779292204.862498
approach4_mm2_run3,2325000,1779292204.909889
approach4_mm2_run3,2326000,1779292204.911399
approach4_mm2_run3,2327000,1779292204.912899
approach4_mm2_run3,2328000,1779292204.914397
approach4_mm2_run3,2329000,1779292204.915915
approach4_mm2_run3,2330000,1779292204.993281
approach4_mm2_run3,2331000,1779292204.994783
approach4_mm2_run3,2332000,1779292204.996292
approach4_mm2_run3,2333000,1779292204.997804
approach4_mm2_run3,2334000,1779292204.999294
approach4_mm2_run3,2335000,1779292205.000785
approach4_mm2_run3,2336000,1779292205.011539
approach4_mm2_run3,2337000,1779292205.013014
approach4_mm2_run3,2338000,1779292205.014505
approach4_mm2_run3,2339000,1779292205.016015
approach4_mm2_run3,2340000,1779292205.017498
approach4_mm2_run3,2341000,1779292205.093245
approach4_mm2_run3,2342000,1779292205.094736
approach4_mm2_run3,2343000,1779292205.096252
approach4_mm2_run3,2344000,1779292205.097726
approach4_mm2_run3,2345000,1779292205.099228
approach4_mm2_run3,2346000,1779292205.512253
approach4_mm2_run3,2347000,1779292205.513769
approach4_mm2_run3,2348000,1779292205.515294
approach4_mm2_run3,2349000,1779292205.516772
approach4_mm2_run3,2350000,1779292205.518246
approach4_mm2_run3,2351000,1779292205.551515
approach4_mm2_run3,2352000,1779292205.553001
approach4_mm2_run3,2353000,1779292205.554486
approach4_mm2_run3,2354000,1779292205.555987
approach4_mm2_run3,2355000,1779292205.557457
approach4_mm2_run3,2356000,1779292205.558960
approach4_mm2_run3,2357000,1779292205.582102
approach4_mm2_run3,2358000,1779292205.583576
approach4_mm2_run3,2359000,1779292205.585082
approach4_mm2_run3,2360000,1779292205.586588
approach4_mm2_run3,2361000,1779292205.588078
approach4_mm2_run3,2362000,1779292205.616223
approach4_mm2_run3,2363000,1779292205.617711
approach4_mm2_run3,2364000,1779292205.619204
approach4_mm2_run3,2365000,1779292205.620686
approach4_mm2_run3,2366000,1779292205.622160
approach4_mm2_run3,2367000,1779292205.635237
approach4_mm2_run3,2368000,1779292205.636732
approach4_mm2_run3,2369000,1779292205.638197
approach4_mm2_run3,2370000,1779292205.639703
approach4_mm2_run3,2371000,1779292205.641181
approach4_mm2_run3,2372000,1779292205.738996
approach4_mm2_run3,2373000,1779292205.740480
approach4_mm2_run3,2374000,1779292205.741958
approach4_mm2_run3,2375000,1779292205.743448
approach4_mm2_run3,2376000,1779292205.744974
approach4_mm2_run3,2377000,1779292205.746474
approach4_mm2_run3,2378000,1779292205.822621
approach4_mm2_run3,2379000,1779292205.824108
approach4_mm2_run3,2380000,1779292205.825607
approach4_mm2_run3,2381000,1779292205.827099
approach4_mm2_run3,2382000,1779292205.828581
approach4_mm2_run3,2383000,1779292205.873457
approach4_mm2_run3,2384000,1779292205.874961
approach4_mm2_run3,2385000,1779292205.876440
approach4_mm2_run3,2386000,1779292205.877912
approach4_mm2_run3,2387000,1779292205.879397
approach4_mm2_run3,2388000,1779292206.262668
approach4_mm2_run3,2389000,1779292206.264138
approach4_mm2_run3,2390000,1779292206.265634
approach4_mm2_run3,2391000,1779292206.267128
approach4_mm2_run3,2392000,1779292206.268608
approach4_mm2_run3,2393000,1779292206.270095
approach4_mm2_run3,2394000,1779292206.279809
approach4_mm2_run3,2395000,1779292206.281290
approach4_mm2_run3,2396000,1779292206.282789
approach4_mm2_run3,2397000,1779292206.284279
approach4_mm2_run3,2398000,1779292206.285788
approach4_mm2_run3,2399000,1779292206.311440
approach4_mm2_run3,2400000,1779292206.312932
approach4_mm2_run3,2401000,1779292206.314427
approach4_mm2_run3,2402000,1779292206.315944
approach4_mm2_run3,2403000,1779292206.317428
approach4_mm2_run3,2404000,1779292206.363424
approach4_mm2_run3,2405000,1779292206.364935
approach4_mm2_run3,2406000,1779292206.366416
approach4_mm2_run3,2407000,1779292206.367876
approach4_mm2_run3,2408000,1779292206.369329
approach4_mm2_run3,2409000,1779292206.469465
approach4_mm2_run3,2410000,1779292206.470989
approach4_mm2_run3,2411000,1779292206.472474
approach4_mm2_run3,2412000,1779292206.473934
approach4_mm2_run3,2413000,1779292206.475447
approach4_mm2_run3,2414000,1779292206.476937
approach4_mm2_run3,2415000,1779292206.501831
approach4_mm2_run3,2416000,1779292206.503309
approach4_mm2_run3,2417000,1779292206.504791
approach4_mm2_run3,2418000,1779292206.506293
approach4_mm2_run3,2419000,1779292206.507782
approach4_mm2_run3,2420000,1779292206.551656
approach4_mm2_run3,2421000,1779292206.553137
approach4_mm2_run3,2422000,1779292206.554613
approach4_mm2_run3,2423000,1779292206.556123
approach4_mm2_run3,2424000,1779292206.557600
approach4_mm2_run3,2425000,1779292206.756175
approach4_mm2_run3,2426000,1779292206.757674
approach4_mm2_run3,2427000,1779292206.759204
approach4_mm2_run3,2428000,1779292206.760702
approach4_mm2_run3,2429000,1779292206.762204
approach4_mm2_run3,2430000,1779292206.763741
approach4_mm2_run3,2431000,1779292207.006041
approach4_mm2_run3,2432000,1779292207.007637
approach4_mm2_run3,2433000,1779292207.009862
approach4_mm2_run3,2434000,1779292207.011419
approach4_mm2_run3,2435000,1779292207.012913
approach4_mm2_run3,2436000,1779292207.014411
approach4_mm2_run3,2437000,1779292207.015901
approach4_mm2_run3,2438000,1779292207.017389
approach4_mm2_run3,2439000,1779292207.018879
approach4_mm2_run3,2440000,1779292207.020347
approach4_mm2_run3,2441000,1779292207.036439
approach4_mm2_run3,2442000,1779292207.037940
approach4_mm2_run3,2443000,1779292207.039443
approach4_mm2_run3,2444000,1779292207.040945
approach4_mm2_run3,2445000,1779292207.042467
approach4_mm2_run3,2446000,1779292207.090161
approach4_mm2_run3,2447000,1779292207.091664
approach4_mm2_run3,2448000,1779292207.093171
approach4_mm2_run3,2449000,1779292207.094682
approach4_mm2_run3,2450000,1779292207.096207
approach4_mm2_run3,2451000,1779292207.097714
approach4_mm2_run3,2452000,1779292207.199209
approach4_mm2_run3,2453000,1779292207.200691
approach4_mm2_run3,2454000,1779292207.202196
approach4_mm2_run3,2455000,1779292207.203682
approach4_mm2_run3,2456000,1779292207.205200
approach4_mm2_run3,2457000,1779292207.284595
approach4_mm2_run3,2458000,1779292207.286127
approach4_mm2_run3,2459000,1779292207.287635
approach4_mm2_run3,2460000,1779292207.289099
approach4_mm2_run3,2461000,1779292207.290643
approach4_mm2_run3,2462000,1779292207.383859
approach4_mm2_run3,2463000,1779292207.385366
approach4_mm2_run3,2464000,1779292207.386889
approach4_mm2_run3,2465000,1779292207.388376
approach4_mm2_run3,2466000,1779292207.389848
approach4_mm2_run3,2467000,1779292207.635975
approach4_mm2_run3,2468000,1779292207.637466
approach4_mm2_run3,2469000,1779292207.638964
approach4_mm2_run3,2470000,1779292207.640440
approach4_mm2_run3,2471000,1779292207.641927
approach4_mm2_run3,2472000,1779292207.643425
approach4_mm2_run3,2473000,1779292207.732026
approach4_mm2_run3,2474000,1779292207.733523
approach4_mm2_run3,2475000,1779292207.735058
approach4_mm2_run3,2476000,1779292207.736542
approach4_mm2_run3,2477000,1779292207.738038
approach4_mm2_run3,2478000,1779292207.758237
approach4_mm2_run3,2479000,1779292207.759741
approach4_mm2_run3,2480000,1779292207.761573
approach4_mm2_run3,2481000,1779292207.763492
approach4_mm2_run3,2482000,1779292207.764982
approach4_mm2_run3,2483000,1779292207.766455
approach4_mm2_run3,2484000,1779292207.767931
approach4_mm2_run3,2485000,1779292207.769425
approach4_mm2_run3,2486000,1779292207.770910
approach4_mm2_run3,2487000,1779292207.772394
approach4_mm2_run3,2488000,1779292207.773896
approach4_mm2_run3,2489000,1779292207.818433
approach4_mm2_run3,2490000,1779292207.819908
approach4_mm2_run3,2491000,1779292207.821384
approach4_mm2_run3,2492000,1779292207.822908
approach4_mm2_run3,2493000,1779292207.824397
approach4_mm2_run3,2494000,1779292207.927149
approach4_mm2_run3,2495000,1779292207.928617
approach4_mm2_run3,2496000,1779292207.930103
approach4_mm2_run3,2497000,1779292207.931599
approach4_mm2_run3,2498000,1779292207.933074
approach4_mm2_run3,2499000,1779292208.015717
approach4_mm2_run3,2500000,1779292208.017205
approach4_mm2_run3,2501000,1779292208.018728
approach4_mm2_run3,2502000,1779292208.020202
approach4_mm2_run3,2503000,1779292208.021677
approach4_mm2_run3,2504000,1779292208.265493
approach4_mm2_run3,2505000,1779292208.266999
approach4_mm2_run3,2506000,1779292208.268479
approach4_mm2_run3,2507000,1779292208.269966
approach4_mm2_run3,2508000,1779292208.271458
approach4_mm2_run3,2509000,1779292208.272954
approach4_mm2_run3,2510000,1779292208.460310
approach4_mm2_run3,2511000,1779292208.461792
approach4_mm2_run3,2512000,1779292208.463289
approach4_mm2_run3,2513000,1779292208.464768
approach4_mm2_run3,2514000,1779292208.466295
approach4_mm2_run3,2515000,1779292208.490326
approach4_mm2_run3,2516000,1779292208.491813
approach4_mm2_run3,2517000,1779292208.493286
approach4_mm2_run3,2518000,1779292208.494779
approach4_mm2_run3,2519000,1779292208.496292
approach4_mm2_run3,2520000,1779292208.519483
approach4_mm2_run3,2521000,1779292208.520965
approach4_mm2_run3,2522000,1779292208.522433
approach4_mm2_run3,2523000,1779292208.523908
approach4_mm2_run3,2524000,1779292208.525423
approach4_mm2_run3,2525000,1779292208.526922
approach4_mm2_run3,2526000,1779292208.659311
approach4_mm2_run3,2527000,1779292208.660816
approach4_mm2_run3,2528000,1779292208.662304
approach4_mm2_run3,2529000,1779292208.663798
approach4_mm2_run3,2530000,1779292208.665320
approach4_mm2_run3,2531000,1779292208.748724
approach4_mm2_run3,2532000,1779292208.750213
approach4_mm2_run3,2533000,1779292208.751703
approach4_mm2_run3,2534000,1779292208.753160
approach4_mm2_run3,2535000,1779292208.754667
approach4_mm2_run3,2536000,1779292208.858374
approach4_mm2_run3,2537000,1779292208.859869
approach4_mm2_run3,2538000,1779292208.861347
approach4_mm2_run3,2539000,1779292208.862844
approach4_mm2_run3,2540000,1779292208.864326
approach4_mm2_run3,2541000,1779292208.891937
approach4_mm2_run3,2542000,1779292208.893437
approach4_mm2_run3,2543000,1779292208.894935
approach4_mm2_run3,2544000,1779292208.896415
approach4_mm2_run3,2545000,1779292208.897904
approach4_mm2_run3,2546000,1779292208.899403
approach4_mm2_run3,2547000,1779292209.187283
approach4_mm2_run3,2548000,1779292209.188784
approach4_mm2_run3,2549000,1779292209.190258
approach4_mm2_run3,2550000,1779292209.191752
approach4_mm2_run3,2551000,1779292209.193240
approach4_mm2_run3,2552000,1779292209.216971
approach4_mm2_run3,2553000,1779292209.218457
approach4_mm2_run3,2554000,1779292209.219930
approach4_mm2_run3,2555000,1779292209.221431
approach4_mm2_run3,2556000,1779292209.222930
approach4_mm2_run3,2557000,1779292209.386005
approach4_mm2_run3,2558000,1779292209.387473
approach4_mm2_run3,2559000,1779292209.388947
approach4_mm2_run3,2560000,1779292209.390429
approach4_mm2_run3,2561000,1779292209.391892
approach4_mm2_run3,2562000,1779292209.393394
approach4_mm2_run3,2563000,1779292209.479525
approach4_mm2_run3,2564000,1779292209.480987
approach4_mm2_run3,2565000,1779292209.482465
approach4_mm2_run3,2566000,1779292209.483947
approach4_mm2_run3,2567000,1779292209.485466
approach4_mm2_run3,2568000,1779292209.491323
approach4_mm2_run3,2569000,1779292209.492800
approach4_mm2_run3,2570000,1779292209.494277
approach4_mm2_run3,2571000,1779292209.495786
approach4_mm2_run3,2572000,1779292209.497266
approach4_mm2_run3,2573000,1779292209.609659
approach4_mm2_run3,2574000,1779292209.611148
approach4_mm2_run3,2575000,1779292209.612627
approach4_mm2_run3,2576000,1779292209.614105
approach4_mm2_run3,2577000,1779292209.615650
approach4_mm2_run3,2578000,1779292209.619939
approach4_mm2_run3,2579000,1779292209.621422
approach4_mm2_run3,2580000,1779292209.622919
approach4_mm2_run3,2581000,1779292209.624405
approach4_mm2_run3,2582000,1779292209.625920
approach4_mm2_run3,2583000,1779292209.627423
approach4_mm2_run3,2584000,1779292209.744318
approach4_mm2_run3,2585000,1779292209.745831
approach4_mm2_run3,2586000,1779292209.747328
approach4_mm2_run3,2587000,1779292209.748807
approach4_mm2_run3,2588000,1779292209.750332
approach4_mm2_run3,2589000,1779292209.913342
approach4_mm2_run3,2590000,1779292209.914869
approach4_mm2_run3,2591000,1779292209.916368
approach4_mm2_run3,2592000,1779292209.917845
approach4_mm2_run3,2593000,1779292209.919355
approach4_mm2_run3,2594000,1779292210.114441
approach4_mm2_run3,2595000,1779292210.115960
approach4_mm2_run3,2596000,1779292210.117434
approach4_mm2_run3,2597000,1779292210.118937
approach4_mm2_run3,2598000,1779292210.120423
approach4_mm2_run3,2599000,1779292210.207256
approach4_mm2_run3,2600000,1779292210.208762
approach4_mm2_run3,2601000,1779292210.210248
approach4_mm2_run3,2602000,1779292210.211738
approach4_mm2_run3,2603000,1779292210.213217
approach4_mm2_run3,2604000,1779292210.214720
approach4_mm2_run3,2605000,1779292210.291383
approach4_mm2_run3,2606000,1779292210.292870
approach4_mm2_run3,2607000,1779292210.294363
approach4_mm2_run3,2608000,1779292210.295884
approach4_mm2_run3,2609000,1779292210.297368
approach4_mm2_run3,2610000,1779292210.347000
approach4_mm2_run3,2611000,1779292210.348480
approach4_mm2_run3,2612000,1779292210.349974
approach4_mm2_run3,2613000,1779292210.351492
approach4_mm2_run3,2614000,1779292210.353107
approach4_mm2_run3,2615000,1779292210.355598
approach4_mm2_run3,2616000,1779292210.357091
approach4_mm2_run3,2617000,1779292210.358588
approach4_mm2_run3,2618000,1779292210.360076
approach4_mm2_run3,2619000,1779292210.361576
approach4_mm2_run3,2620000,1779292210.363091
approach4_mm2_run3,2621000,1779292210.376328
approach4_mm2_run3,2622000,1779292210.377810
approach4_mm2_run3,2623000,1779292210.379303
approach4_mm2_run3,2624000,1779292210.380794
approach4_mm2_run3,2625000,1779292210.382284
approach4_mm2_run3,2626000,1779292210.631592
approach4_mm2_run3,2627000,1779292210.633077
approach4_mm2_run3,2628000,1779292210.634578
approach4_mm2_run3,2629000,1779292210.636098
approach4_mm2_run3,2630000,1779292210.637581
approach4_mm2_run3,2631000,1779292210.842803
approach4_mm2_run3,2632000,1779292210.844285
approach4_mm2_run3,2633000,1779292210.845791
approach4_mm2_run3,2634000,1779292210.847296
approach4_mm2_run3,2635000,1779292210.848776
approach4_mm2_run3,2636000,1779292210.982722
approach4_mm2_run3,2637000,1779292210.984211
approach4_mm2_run3,2638000,1779292210.985735
approach4_mm2_run3,2639000,1779292210.987228
approach4_mm2_run3,2640000,1779292210.988718
approach4_mm2_run3,2641000,1779292210.990224
approach4_mm2_run3,2642000,1779292211.020244
approach4_mm2_run3,2643000,1779292211.021728
approach4_mm2_run3,2644000,1779292211.023219
approach4_mm2_run3,2645000,1779292211.024713
approach4_mm2_run3,2646000,1779292211.026239
approach4_mm2_run3,2647000,1779292211.074364
approach4_mm2_run3,2648000,1779292211.075879
approach4_mm2_run3,2649000,1779292211.077355
approach4_mm2_run3,2650000,1779292211.078860
approach4_mm2_run3,2651000,1779292211.080359
approach4_mm2_run3,2652000,1779292211.103315
approach4_mm2_run3,2653000,1779292211.104804
approach4_mm2_run3,2654000,1779292211.106324
approach4_mm2_run3,2655000,1779292211.107814
approach4_mm2_run3,2656000,1779292211.109304
approach4_mm2_run3,2657000,1779292211.110817
approach4_mm2_run3,2658000,1779292211.258244
approach4_mm2_run3,2659000,1779292211.259738
approach4_mm2_run3,2660000,1779292211.261226
approach4_mm2_run3,2661000,1779292211.262717
approach4_mm2_run3,2662000,1779292211.264247
approach4_mm2_run3,2663000,1779292211.289340
approach4_mm2_run3,2664000,1779292211.290836
approach4_mm2_run3,2665000,1779292211.292330
approach4_mm2_run3,2666000,1779292211.293815
approach4_mm2_run3,2667000,1779292211.295350
approach4_mm2_run3,2668000,1779292211.511068
approach4_mm2_run3,2669000,1779292211.512549
approach4_mm2_run3,2670000,1779292211.514027
approach4_mm2_run3,2671000,1779292211.515560
approach4_mm2_run3,2672000,1779292211.517047
approach4_mm2_run3,2673000,1779292211.570413
approach4_mm2_run3,2674000,1779292211.571903
approach4_mm2_run3,2675000,1779292211.573379
approach4_mm2_run3,2676000,1779292211.574909
approach4_mm2_run3,2677000,1779292211.576394
approach4_mm2_run3,2678000,1779292211.577893
approach4_mm2_run3,2679000,1779292211.713757
approach4_mm2_run3,2680000,1779292211.715281
approach4_mm2_run3,2681000,1779292211.716768
approach4_mm2_run3,2682000,1779292211.718256
approach4_mm2_run3,2683000,1779292211.719762
approach4_mm2_run3,2684000,1779292211.749585
approach4_mm2_run3,2685000,1779292211.751072
approach4_mm2_run3,2686000,1779292211.752572
approach4_mm2_run3,2687000,1779292211.754044
approach4_mm2_run3,2688000,1779292211.755587
approach4_mm2_run3,2689000,1779292211.803726
approach4_mm2_run3,2690000,1779292211.805230
approach4_mm2_run3,2691000,1779292211.806724
approach4_mm2_run3,2692000,1779292211.808223
approach4_mm2_run3,2693000,1779292211.809703
approach4_mm2_run3,2694000,1779292211.852994
approach4_mm2_run3,2695000,1779292211.854499
approach4_mm2_run3,2696000,1779292211.856014
approach4_mm2_run3,2697000,1779292211.857487
approach4_mm2_run3,2698000,1779292211.858969
approach4_mm2_run3,2699000,1779292211.860454
approach4_mm2_run3,2700000,1779292212.024237
approach4_mm2_run3,2701000,1779292212.025768
approach4_mm2_run3,2702000,1779292212.027275
approach4_mm2_run3,2703000,1779292212.028752
approach4_mm2_run3,2704000,1779292212.030256
approach4_mm2_run3,2705000,1779292212.139724
approach4_mm2_run3,2706000,1779292212.141205
approach4_mm2_run3,2707000,1779292212.142719
approach4_mm2_run3,2708000,1779292212.144221
approach4_mm2_run3,2709000,1779292212.145774
approach4_mm2_run3,2710000,1779292212.300578
approach4_mm2_run3,2711000,1779292212.302070
approach4_mm2_run3,2712000,1779292212.303575
approach4_mm2_run3,2713000,1779292212.305103
approach4_mm2_run3,2714000,1779292212.306620
approach4_mm2_run3,2715000,1779292212.308109
approach4_mm2_run3,2716000,1779292212.394066
approach4_mm2_run3,2717000,1779292212.395627
approach4_mm2_run3,2718000,1779292212.397125
approach4_mm2_run3,2719000,1779292212.398628
approach4_mm2_run3,2720000,1779292212.400140
approach4_mm2_run3,2721000,1779292212.439535
approach4_mm2_run3,2722000,1779292212.441036
approach4_mm2_run3,2723000,1779292212.442544
approach4_mm2_run3,2724000,1779292212.444054
approach4_mm2_run3,2725000,1779292212.445646
approach4_mm2_run3,2726000,1779292212.474217
approach4_mm2_run3,2727000,1779292212.475767
approach4_mm2_run3,2728000,1779292212.477273
approach4_mm2_run3,2729000,1779292212.478786
approach4_mm2_run3,2730000,1779292212.480271
approach4_mm2_run3,2731000,1779292212.532700
approach4_mm2_run3,2732000,1779292212.534184
approach4_mm2_run3,2733000,1779292212.535715
approach4_mm2_run3,2734000,1779292212.537201
approach4_mm2_run3,2735000,1779292212.538718
approach4_mm2_run3,2736000,1779292212.540222
approach4_mm2_run3,2737000,1779292212.604401
approach4_mm2_run3,2738000,1779292212.605926
approach4_mm2_run3,2739000,1779292212.607421
approach4_mm2_run3,2740000,1779292212.608913
approach4_mm2_run3,2741000,1779292212.610397
approach4_mm2_run3,2742000,1779292212.752876
approach4_mm2_run3,2743000,1779292212.754384
approach4_mm2_run3,2744000,1779292212.755896
approach4_mm2_run3,2745000,1779292212.757364
approach4_mm2_run3,2746000,1779292212.758868
approach4_mm2_run3,2747000,1779292213.023700
approach4_mm2_run3,2748000,1779292213.025228
approach4_mm2_run3,2749000,1779292213.026855
approach4_mm2_run3,2750000,1779292213.029028
approach4_mm2_run3,2751000,1779292213.030687
approach4_mm2_run3,2752000,1779292213.032180
approach4_mm2_run3,2753000,1779292213.033658
approach4_mm2_run3,2754000,1779292213.035190
approach4_mm2_run3,2755000,1779292213.036684
approach4_mm2_run3,2756000,1779292213.038174
approach4_mm2_run3,2757000,1779292213.039700
approach4_mm2_run3,2758000,1779292213.167257
approach4_mm2_run3,2759000,1779292213.168750
approach4_mm2_run3,2760000,1779292213.170234
approach4_mm2_run3,2761000,1779292213.171746
approach4_mm2_run3,2762000,1779292213.173247
approach4_mm2_run3,2763000,1779292213.199723
approach4_mm2_run3,2764000,1779292213.201209
approach4_mm2_run3,2765000,1779292213.202707
approach4_mm2_run3,2766000,1779292213.204197
approach4_mm2_run3,2767000,1779292213.205710
approach4_mm2_run3,2768000,1779292213.257640
approach4_mm2_run3,2769000,1779292213.259136
approach4_mm2_run3,2770000,1779292213.260608
approach4_mm2_run3,2771000,1779292213.262111
approach4_mm2_run3,2772000,1779292213.263616
approach4_mm2_run3,2773000,1779292213.265137
approach4_mm2_run3,2774000,1779292213.275825
approach4_mm2_run3,2775000,1779292213.277295
approach4_mm2_run3,2776000,1779292213.278796
approach4_mm2_run3,2777000,1779292213.280287
approach4_mm2_run3,2778000,1779292213.281787
approach4_mm2_run3,2779000,1779292213.354324
approach4_mm2_run3,2780000,1779292213.355825
approach4_mm2_run3,2781000,1779292213.357309
approach4_mm2_run3,2782000,1779292213.358800
approach4_mm2_run3,2783000,1779292213.360276
approach4_mm2_run3,2784000,1779292213.482483
approach4_mm2_run3,2785000,1779292213.483955
approach4_mm2_run3,2786000,1779292213.485460
approach4_mm2_run3,2787000,1779292213.486940
approach4_mm2_run3,2788000,1779292213.488462
approach4_mm2_run3,2789000,1779292213.489961
approach4_mm2_run3,2790000,1779292213.760400
approach4_mm2_run3,2791000,1779292213.761882
approach4_mm2_run3,2792000,1779292213.763361
approach4_mm2_run3,2793000,1779292213.764863
approach4_mm2_run3,2794000,1779292213.766363
approach4_mm2_run3,2795000,1779292213.892538
approach4_mm2_run3,2796000,1779292213.894016
approach4_mm2_run3,2797000,1779292213.895555
approach4_mm2_run3,2798000,1779292213.897030
approach4_mm2_run3,2799000,1779292213.898516
approach4_mm2_run3,2800000,1779292213.906997
approach4_mm2_run3,2801000,1779292213.908492
approach4_mm2_run3,2802000,1779292213.909994
approach4_mm2_run3,2803000,1779292213.911487
approach4_mm2_run3,2804000,1779292213.912973
approach4_mm2_run3,2805000,1779292213.925525
approach4_mm2_run3,2806000,1779292213.927040
approach4_mm2_run3,2807000,1779292213.928545
approach4_mm2_run3,2808000,1779292213.930049
approach4_mm2_run3,2809000,1779292213.931576
approach4_mm2_run3,2810000,1779292213.933075
approach4_mm2_run3,2811000,1779292213.986142
approach4_mm2_run3,2812000,1779292213.987657
approach4_mm2_run3,2813000,1779292213.989152
approach4_mm2_run3,2814000,1779292213.990658
approach4_mm2_run3,2815000,1779292213.992163
approach4_mm2_run3,2816000,1779292214.103496
approach4_mm2_run3,2817000,1779292214.105026
approach4_mm2_run3,2818000,1779292214.106560
approach4_mm2_run3,2819000,1779292214.108052
approach4_mm2_run3,2820000,1779292214.109550
approach4_mm2_run3,2821000,1779292214.158893
approach4_mm2_run3,2822000,1779292214.160392
approach4_mm2_run3,2823000,1779292214.161899
approach4_mm2_run3,2824000,1779292214.163406
approach4_mm2_run3,2825000,1779292214.164946
approach4_mm2_run3,2826000,1779292214.214843
approach4_mm2_run3,2827000,1779292214.216332
approach4_mm2_run3,2828000,1779292214.217826
approach4_mm2_run3,2829000,1779292214.219344
approach4_mm2_run3,2830000,1779292214.220834
approach4_mm2_run3,2831000,1779292214.222343
approach4_mm2_run3,2832000,1779292214.497866
approach4_mm2_run3,2833000,1779292214.499407
approach4_mm2_run3,2834000,1779292214.500906
approach4_mm2_run3,2835000,1779292214.502421
approach4_mm2_run3,2836000,1779292214.503926
approach4_mm2_run3,2837000,1779292214.618013
approach4_mm2_run3,2838000,1779292214.619536
approach4_mm2_run3,2839000,1779292214.621056
approach4_mm2_run3,2840000,1779292214.622587
approach4_mm2_run3,2841000,1779292214.624112
approach4_mm2_run3,2842000,1779292214.652700
approach4_mm2_run3,2843000,1779292214.654206
approach4_mm2_run3,2844000,1779292214.655742
approach4_mm2_run3,2845000,1779292214.657238
approach4_mm2_run3,2846000,1779292214.658759
approach4_mm2_run3,2847000,1779292214.660280
approach4_mm2_run3,2848000,1779292214.716519
approach4_mm2_run3,2849000,1779292214.718004
approach4_mm2_run3,2850000,1779292214.719491
approach4_mm2_run3,2851000,1779292214.721023
approach4_mm2_run3,2852000,1779292214.722552
approach4_mm2_run3,2853000,1779292214.791716
approach4_mm2_run3,2854000,1779292214.793201
approach4_mm2_run3,2855000,1779292214.794708
approach4_mm2_run3,2856000,1779292214.796252
approach4_mm2_run3,2857000,1779292214.797747
approach4_mm2_run3,2858000,1779292214.855263
approach4_mm2_run3,2859000,1779292214.856752
approach4_mm2_run3,2860000,1779292214.858229
approach4_mm2_run3,2861000,1779292214.859738
approach4_mm2_run3,2862000,1779292214.861217
approach4_mm2_run3,2863000,1779292214.944257
approach4_mm2_run3,2864000,1779292214.945765
approach4_mm2_run3,2865000,1779292214.947274
approach4_mm2_run3,2866000,1779292214.948749
approach4_mm2_run3,2867000,1779292214.950242
approach4_mm2_run3,2868000,1779292214.951750
approach4_mm2_run3,2869000,1779292215.040135
approach4_mm2_run3,2870000,1779292215.041615
approach4_mm2_run3,2871000,1779292215.043109
approach4_mm2_run3,2872000,1779292215.044590
approach4_mm2_run3,2873000,1779292215.046109
approach4_mm2_run3,2874000,1779292215.227225
approach4_mm2_run3,2875000,1779292215.228706
approach4_mm2_run3,2876000,1779292215.230172
approach4_mm2_run3,2877000,1779292215.231656
approach4_mm2_run3,2878000,1779292215.233121
approach4_mm2_run3,2879000,1779292215.345501
approach4_mm2_run3,2880000,1779292215.347000
approach4_mm2_run3,2881000,1779292215.348490
approach4_mm2_run3,2882000,1779292215.349977
approach4_mm2_run3,2883000,1779292215.351484
approach4_mm2_run3,2884000,1779292215.352991
approach4_mm2_run3,2885000,1779292215.382674
approach4_mm2_run3,2886000,1779292215.384156
approach4_mm2_run3,2887000,1779292215.385669
approach4_mm2_run3,2888000,1779292215.387163
approach4_mm2_run3,2889000,1779292215.388653
approach4_mm2_run3,2890000,1779292215.442048
approach4_mm2_run3,2891000,1779292215.443551
approach4_mm2_run3,2892000,1779292215.445030
approach4_mm2_run3,2893000,1779292215.446512
approach4_mm2_run3,2894000,1779292215.447978
approach4_mm2_run3,2895000,1779292215.606721
approach4_mm2_run3,2896000,1779292215.608208
approach4_mm2_run3,2897000,1779292215.609671
approach4_mm2_run3,2898000,1779292215.611163
approach4_mm2_run3,2899000,1779292215.612647
approach4_mm2_run3,2900000,1779292215.674853
approach4_mm2_run3,2901000,1779292215.676372
approach4_mm2_run3,2902000,1779292215.678324
approach4_mm2_run3,2903000,1779292215.680075
approach4_mm2_run3,2904000,1779292215.681538
approach4_mm2_run3,2905000,1779292215.683022
approach4_mm2_run3,2906000,1779292215.684489
approach4_mm2_run3,2907000,1779292215.686003
approach4_mm2_run3,2908000,1779292215.687492
approach4_mm2_run3,2909000,1779292215.688975
approach4_mm2_run3,2910000,1779292215.690466
approach4_mm2_run3,2911000,1779292215.922408
approach4_mm2_run3,2912000,1779292215.923887
approach4_mm2_run3,2913000,1779292215.925409
approach4_mm2_run3,2914000,1779292215.926941
approach4_mm2_run3,2915000,1779292215.928427
approach4_mm2_run3,2916000,1779292215.956799
approach4_mm2_run3,2917000,1779292215.958278
approach4_mm2_run3,2918000,1779292215.959766
approach4_mm2_run3,2919000,1779292215.961247
approach4_mm2_run3,2920000,1779292215.962733
approach4_mm2_run3,2921000,1779292216.070946
approach4_mm2_run3,2922000,1779292216.072417
approach4_mm2_run3,2923000,1779292216.073911
approach4_mm2_run3,2924000,1779292216.075450
approach4_mm2_run3,2925000,1779292216.076914
approach4_mm2_run3,2926000,1779292216.078423
approach4_mm2_run3,2927000,1779292216.109820
approach4_mm2_run3,2928000,1779292216.111301
approach4_mm2_run3,2929000,1779292216.112785
approach4_mm2_run3,2930000,1779292216.114250
approach4_mm2_run3,2931000,1779292216.115760
approach4_mm2_run3,2932000,1779292216.168414
approach4_mm2_run3,2933000,1779292216.169884
approach4_mm2_run3,2934000,1779292216.171381
approach4_mm2_run3,2935000,1779292216.172872
approach4_mm2_run3,2936000,1779292216.174361
approach4_mm2_run3,2937000,1779292216.354363
approach4_mm2_run3,2938000,1779292216.355873
approach4_mm2_run3,2939000,1779292216.357339
approach4_mm2_run3,2940000,1779292216.358824
approach4_mm2_run3,2941000,1779292216.360318
approach4_mm2_run3,2942000,1779292216.361786
approach4_mm2_run3,2943000,1779292216.406638
approach4_mm2_run3,2944000,1779292216.408109
approach4_mm2_run3,2945000,1779292216.409589
approach4_mm2_run3,2946000,1779292216.411080
approach4_mm2_run3,2947000,1779292216.412573
approach4_mm2_run3,2948000,1779292216.556583
approach4_mm2_run3,2949000,1779292216.558049
approach4_mm2_run3,2950000,1779292216.559532
approach4_mm2_run3,2951000,1779292216.561003
approach4_mm2_run3,2952000,1779292216.562485
approach4_mm2_run3,2953000,1779292216.685770
approach4_mm2_run3,2954000,1779292216.687262
approach4_mm2_run3,2955000,1779292216.688741
approach4_mm2_run3,2956000,1779292216.690222
approach4_mm2_run3,2957000,1779292216.691724
approach4_mm2_run3,2958000,1779292216.798732
approach4_mm2_run3,2959000,1779292216.800216
approach4_mm2_run3,2960000,1779292216.801699
approach4_mm2_run3,2961000,1779292216.803229
approach4_mm2_run3,2962000,1779292216.805076
approach4_mm2_run3,2963000,1779292216.807119
approach4_mm2_run3,2964000,1779292216.808597
approach4_mm2_run3,2965000,1779292216.810055
approach4_mm2_run3,2966000,1779292216.811558
approach4_mm2_run3,2967000,1779292216.813035
approach4_mm2_run3,2968000,1779292216.814534
approach4_mm2_run3,2969000,1779292216.836775
approach4_mm2_run3,2970000,1779292216.838264
approach4_mm2_run3,2971000,1779292216.839753
approach4_mm2_run3,2972000,1779292216.841242
approach4_mm2_run3,2973000,1779292216.842742
approach4_mm2_run3,2974000,1779292216.895831
approach4_mm2_run3,2975000,1779292216.897324
approach4_mm2_run3,2976000,1779292216.898825
approach4_mm2_run3,2977000,1779292216.900346
approach4_mm2_run3,2978000,1779292216.901855
approach4_mm2_run3,2979000,1779292216.903362
approach4_mm2_run3,2980000,1779292217.103398
approach4_mm2_run3,2981000,1779292217.104920
approach4_mm2_run3,2982000,1779292217.106398
approach4_mm2_run3,2983000,1779292217.107875
approach4_mm2_run3,2984000,1779292217.109341
approach4_mm2_run3,2985000,1779292217.135962
approach4_mm2_run3,2986000,1779292217.137438
approach4_mm2_run3,2987000,1779292217.138927
approach4_mm2_run3,2988000,1779292217.140418
approach4_mm2_run3,2989000,1779292217.141902
approach4_mm2_run3,2990000,1779292217.414886
approach4_mm2_run3,2991000,1779292217.416365
approach4_mm2_run3,2992000,1779292217.417830
approach4_mm2_run3,2993000,1779292217.419309
approach4_mm2_run3,2994000,1779292217.420777
approach4_mm2_run3,2995000,1779292217.436381
approach4_mm2_run3,2996000,1779292217.437864
approach4_mm2_run3,2997000,1779292217.439366
approach4_mm2_run3,2998000,1779292217.440857
approach4_mm2_run3,2999000,1779292217.442350
approach4_mm2_run3,3000000,1779292217.443839
approach4_mm2_run3,3001000,1779292217.525703
approach4_mm2_run3,3002000,1779292217.527202
approach4_mm2_run3,3003000,1779292217.528679
approach4_mm2_run3,3004000,1779292217.530159
approach4_mm2_run3,3005000,1779292217.531650
approach4_mm2_run3,3006000,1779292217.562852
approach4_mm2_run3,3007000,1779292217.564329
approach4_mm2_run3,3008000,1779292217.565821
approach4_mm2_run3,3009000,1779292217.567311
approach4_mm2_run3,3010000,1779292217.568797
approach4_mm2_run3,3011000,1779292217.622118
approach4_mm2_run3,3012000,1779292217.623611
approach4_mm2_run3,3013000,1779292217.625119
approach4_mm2_run3,3014000,1779292217.626603
approach4_mm2_run3,3015000,1779292217.628092
approach4_mm2_run3,3016000,1779292217.685864
approach4_mm2_run3,3017000,1779292217.687354
approach4_mm2_run3,3018000,1779292217.688842
approach4_mm2_run3,3019000,1779292217.690316
approach4_mm2_run3,3020000,1779292217.691803
approach4_mm2_run3,3021000,1779292217.693286
approach4_mm2_run3,3022000,1779292217.857996
approach4_mm2_run3,3023000,1779292217.859492
approach4_mm2_run3,3024000,1779292217.860977
approach4_mm2_run3,3025000,1779292217.862470
approach4_mm2_run3,3026000,1779292217.863950
approach4_mm2_run3,3027000,1779292217.867846
approach4_mm2_run3,3028000,1779292217.869325
approach4_mm2_run3,3029000,1779292217.870816
approach4_mm2_run3,3030000,1779292217.872300
approach4_mm2_run3,3031000,1779292217.873778
approach4_mm2_run3,3032000,1779292218.145226
approach4_mm2_run3,3033000,1779292218.146709
approach4_mm2_run3,3034000,1779292218.148206
approach4_mm2_run3,3035000,1779292218.149687
approach4_mm2_run3,3036000,1779292218.151173
approach4_mm2_run3,3037000,1779292218.152648
approach4_mm2_run3,3038000,1779292218.253056
approach4_mm2_run3,3039000,1779292218.254561
approach4_mm2_run3,3040000,1779292218.256118
approach4_mm2_run3,3041000,1779292218.257612
approach4_mm2_run3,3042000,1779292218.259119
approach4_mm2_run3,3043000,1779292218.288682
approach4_mm2_run3,3044000,1779292218.290145
approach4_mm2_run3,3045000,1779292218.291632
approach4_mm2_run3,3046000,1779292218.293102
approach4_mm2_run3,3047000,1779292218.294590
approach4_mm2_run3,3048000,1779292218.323744
approach4_mm2_run3,3049000,1779292218.325232
approach4_mm2_run3,3050000,1779292218.326720
approach4_mm2_run3,3051000,1779292218.328206
approach4_mm2_run3,3052000,1779292218.329689
approach4_mm2_run3,3053000,1779292218.350790
approach4_mm2_run3,3054000,1779292218.352282
approach4_mm2_run3,3055000,1779292218.353750
approach4_mm2_run3,3056000,1779292218.355271
approach4_mm2_run3,3057000,1779292218.356740
approach4_mm2_run3,3058000,1779292218.358227
approach4_mm2_run3,3059000,1779292218.570618
approach4_mm2_run3,3060000,1779292218.572115
approach4_mm2_run3,3061000,1779292218.573610
approach4_mm2_run3,3062000,1779292218.575130
approach4_mm2_run3,3063000,1779292218.576621
approach4_mm2_run3,3064000,1779292218.598185
approach4_mm2_run3,3065000,1779292218.599676
approach4_mm2_run3,3066000,1779292218.601158
approach4_mm2_run3,3067000,1779292218.602699
approach4_mm2_run3,3068000,1779292218.604992
approach4_mm2_run3,3069000,1779292218.606618
approach4_mm2_run3,3070000,1779292218.608083
approach4_mm2_run3,3071000,1779292218.609554
approach4_mm2_run3,3072000,1779292218.611045
approach4_mm2_run3,3073000,1779292218.612538
approach4_mm2_run3,3074000,1779292218.614032
approach4_mm2_run3,3075000,1779292218.873632
approach4_mm2_run3,3076000,1779292218.875144
approach4_mm2_run3,3077000,1779292218.876625
approach4_mm2_run3,3078000,1779292218.878106
approach4_mm2_run3,3079000,1779292218.879601
approach4_mm2_run3,3080000,1779292218.977793
approach4_mm2_run3,3081000,1779292218.979300
approach4_mm2_run3,3082000,1779292218.980781
approach4_mm2_run3,3083000,1779292218.982264
approach4_mm2_run3,3084000,1779292218.983774
approach4_mm2_run3,3085000,1779292219.013766
approach4_mm2_run3,3086000,1779292219.015281
approach4_mm2_run3,3087000,1779292219.016769
approach4_mm2_run3,3088000,1779292219.018245
approach4_mm2_run3,3089000,1779292219.019733
approach4_mm2_run3,3090000,1779292219.079327
approach4_mm2_run3,3091000,1779292219.080802
approach4_mm2_run3,3092000,1779292219.082286
approach4_mm2_run3,3093000,1779292219.083779
approach4_mm2_run3,3094000,1779292219.085296
approach4_mm2_run3,3095000,1779292219.086800
approach4_mm2_run3,3096000,1779292219.208189
approach4_mm2_run3,3097000,1779292219.209672
approach4_mm2_run3,3098000,1779292219.211172
approach4_mm2_run3,3099000,1779292219.212637
approach4_mm2_run3,3100000,1779292219.214128
approach4_mm2_run3,3101000,1779292219.329626
approach4_mm2_run3,3102000,1779292219.331126
approach4_mm2_run3,3103000,1779292219.332656
approach4_mm2_run3,3104000,1779292219.334148
approach4_mm2_run3,3105000,1779292219.335691
approach4_mm2_run3,3106000,1779292219.354474
approach4_mm2_run3,3107000,1779292219.355985
approach4_mm2_run3,3108000,1779292219.357474
approach4_mm2_run3,3109000,1779292219.358965
approach4_mm2_run3,3110000,1779292219.360440
approach4_mm2_run3,3111000,1779292219.450624
approach4_mm2_run3,3112000,1779292219.452089
approach4_mm2_run3,3113000,1779292219.453559
approach4_mm2_run3,3114000,1779292219.455093
approach4_mm2_run3,3115000,1779292219.456590
approach4_mm2_run3,3116000,1779292219.458114
approach4_mm2_run3,3117000,1779292219.602246
approach4_mm2_run3,3118000,1779292219.603764
approach4_mm2_run3,3119000,1779292219.605270
approach4_mm2_run3,3120000,1779292219.606771
approach4_mm2_run3,3121000,1779292219.608254
approach4_mm2_run3,3122000,1779292219.703806
approach4_mm2_run3,3123000,1779292219.705319
approach4_mm2_run3,3124000,1779292219.706832
approach4_mm2_run3,3125000,1779292219.708319
approach4_mm2_run3,3126000,1779292219.709817
approach4_mm2_run3,3127000,1779292219.741363
approach4_mm2_run3,3128000,1779292219.742888
approach4_mm2_run3,3129000,1779292219.744372
approach4_mm2_run3,3130000,1779292219.745869
approach4_mm2_run3,3131000,1779292219.747374
approach4_mm2_run3,3132000,1779292219.748859
approach4_mm2_run3,3133000,1779292219.806204
approach4_mm2_run3,3134000,1779292219.807717
approach4_mm2_run3,3135000,1779292219.809198
approach4_mm2_run3,3136000,1779292219.810696
approach4_mm2_run3,3137000,1779292219.812180
approach4_mm2_run3,3138000,1779292220.059974
approach4_mm2_run3,3139000,1779292220.061464
approach4_mm2_run3,3140000,1779292220.062984
approach4_mm2_run3,3141000,1779292220.064484
approach4_mm2_run3,3142000,1779292220.066012
approach4_mm2_run3,3143000,1779292220.087289
approach4_mm2_run3,3144000,1779292220.088767
approach4_mm2_run3,3145000,1779292220.090275
approach4_mm2_run3,3146000,1779292220.091762
approach4_mm2_run3,3147000,1779292220.093258
approach4_mm2_run3,3148000,1779292220.099788
approach4_mm2_run3,3149000,1779292220.101276
approach4_mm2_run3,3150000,1779292220.102783
approach4_mm2_run3,3151000,1779292220.104262
approach4_mm2_run3,3152000,1779292220.105769
approach4_mm2_run3,3153000,1779292220.107259
approach4_mm2_run3,3154000,1779292220.333990
approach4_mm2_run3,3155000,1779292220.335541
approach4_mm2_run3,3156000,1779292220.337628
approach4_mm2_run3,3157000,1779292220.339336
approach4_mm2_run3,3158000,1779292220.340821
approach4_mm2_run3,3159000,1779292220.342315
approach4_mm2_run3,3160000,1779292220.343798
approach4_mm2_run3,3161000,1779292220.345307
approach4_mm2_run3,3162000,1779292220.346800
approach4_mm2_run3,3163000,1779292220.348270
approach4_mm2_run3,3164000,1779292220.432199
approach4_mm2_run3,3165000,1779292220.433693
approach4_mm2_run3,3166000,1779292220.435306
approach4_mm2_run3,3167000,1779292220.436827
approach4_mm2_run3,3168000,1779292220.438323
approach4_mm2_run3,3169000,1779292220.467263
approach4_mm2_run3,3170000,1779292220.468741
approach4_mm2_run3,3171000,1779292220.470246
approach4_mm2_run3,3172000,1779292220.471740
approach4_mm2_run3,3173000,1779292220.473234
approach4_mm2_run3,3174000,1779292220.474750
approach4_mm2_run3,3175000,1779292220.533463
approach4_mm2_run3,3176000,1779292220.534991
approach4_mm2_run3,3177000,1779292220.536498
approach4_mm2_run3,3178000,1779292220.538002
approach4_mm2_run3,3179000,1779292220.539532
approach4_mm2_run3,3180000,1779292220.789897
approach4_mm2_run3,3181000,1779292220.791420
approach4_mm2_run3,3182000,1779292220.792930
approach4_mm2_run3,3183000,1779292220.794444
approach4_mm2_run3,3184000,1779292220.795976
approach4_mm2_run3,3185000,1779292220.853750
approach4_mm2_run3,3186000,1779292220.855291
approach4_mm2_run3,3187000,1779292220.856812
approach4_mm2_run3,3188000,1779292220.858333
approach4_mm2_run3,3189000,1779292220.859824
approach4_mm2_run3,3190000,1779292220.861331
approach4_mm2_run3,3191000,1779292220.972217
approach4_mm2_run3,3192000,1779292220.973716
approach4_mm2_run3,3193000,1779292220.975284
approach4_mm2_run3,3194000,1779292220.976813
approach4_mm2_run3,3195000,1779292220.978331
approach4_mm2_run3,3196000,1779292221.060596
approach4_mm2_run3,3197000,1779292221.062101
approach4_mm2_run3,3198000,1779292221.063619
approach4_mm2_run3,3199000,1779292221.065150
approach4_mm2_run3,3200000,1779292221.066664
approach4_mm2_run3,3201000,1779292221.157605
approach4_mm2_run3,3202000,1779292221.159112
approach4_mm2_run3,3203000,1779292221.160600
approach4_mm2_run3,3204000,1779292221.162110
approach4_mm2_run3,3205000,1779292221.163642
approach4_mm2_run3,3206000,1779292221.192401
approach4_mm2_run3,3207000,1779292221.193877
approach4_mm2_run3,3208000,1779292221.195434
approach4_mm2_run3,3209000,1779292221.196928
approach4_mm2_run3,3210000,1779292221.198426
approach4_mm2_run3,3211000,1779292221.199921
approach4_mm2_run3,3212000,1779292221.215678
approach4_mm2_run3,3213000,1779292221.217177
approach4_mm2_run3,3214000,1779292221.218701
approach4_mm2_run3,3215000,1779292221.220180
approach4_mm2_run3,3216000,1779292221.221690
approach4_mm2_run3,3217000,1779292221.258882
approach4_mm2_run3,3218000,1779292221.260391
approach4_mm2_run3,3219000,1779292221.261904
approach4_mm2_run3,3220000,1779292221.263417
approach4_mm2_run3,3221000,1779292221.264961
approach4_mm2_run3,3222000,1779292221.522319
approach4_mm2_run3,3223000,1779292221.523799
approach4_mm2_run3,3224000,1779292221.525326
approach4_mm2_run3,3225000,1779292221.526814
approach4_mm2_run3,3226000,1779292221.528280
approach4_mm2_run3,3227000,1779292221.529767
approach4_mm2_run3,3228000,1779292221.607861
approach4_mm2_run3,3229000,1779292221.609396
approach4_mm2_run3,3230000,1779292221.610906
approach4_mm2_run3,3231000,1779292221.612378
approach4_mm2_run3,3232000,1779292221.613873
approach4_mm2_run3,3233000,1779292221.789095
approach4_mm2_run3,3234000,1779292221.790604
approach4_mm2_run3,3235000,1779292221.792082
approach4_mm2_run3,3236000,1779292221.793560
approach4_mm2_run3,3237000,1779292221.795087
approach4_mm2_run3,3238000,1779292221.852201
approach4_mm2_run3,3239000,1779292221.853676
approach4_mm2_run3,3240000,1779292221.855206
approach4_mm2_run3,3241000,1779292221.856690
approach4_mm2_run3,3242000,1779292221.858171
approach4_mm2_run3,3243000,1779292221.884504
approach4_mm2_run3,3244000,1779292221.886018
approach4_mm2_run3,3245000,1779292221.887519
approach4_mm2_run3,3246000,1779292221.888995
approach4_mm2_run3,3247000,1779292221.890562
approach4_mm2_run3,3248000,1779292221.892052
approach4_mm2_run3,3249000,1779292221.921798
approach4_mm2_run3,3250000,1779292221.923316
approach4_mm2_run3,3251000,1779292221.924794
approach4_mm2_run3,3252000,1779292221.926318
approach4_mm2_run3,3253000,1779292221.927809
approach4_mm2_run3,3254000,1779292221.986210
approach4_mm2_run3,3255000,1779292221.987698
approach4_mm2_run3,3256000,1779292221.989175
approach4_mm2_run3,3257000,1779292221.990646
approach4_mm2_run3,3258000,1779292221.992105
approach4_mm2_run3,3259000,1779292222.097139
approach4_mm2_run3,3260000,1779292222.098636
approach4_mm2_run3,3261000,1779292222.100121
approach4_mm2_run3,3262000,1779292222.101614
approach4_mm2_run3,3263000,1779292222.103094
approach4_mm2_run3,3264000,1779292222.251034
approach4_mm2_run3,3265000,1779292222.252524
approach4_mm2_run3,3266000,1779292222.254003
approach4_mm2_run3,3267000,1779292222.255532
approach4_mm2_run3,3268000,1779292222.257018
approach4_mm2_run3,3269000,1779292222.258533
approach4_mm2_run3,3270000,1779292222.354060
approach4_mm2_run3,3271000,1779292222.355591
approach4_mm2_run3,3272000,1779292222.357075
approach4_mm2_run3,3273000,1779292222.358572
approach4_mm2_run3,3274000,1779292222.360050
approach4_mm2_run3,3275000,1779292222.516953
approach4_mm2_run3,3276000,1779292222.518459
approach4_mm2_run3,3277000,1779292222.519927
approach4_mm2_run3,3278000,1779292222.521384
approach4_mm2_run3,3279000,1779292222.522876
approach4_mm2_run3,3280000,1779292222.646641
approach4_mm2_run3,3281000,1779292222.648125
approach4_mm2_run3,3282000,1779292222.649606
approach4_mm2_run3,3283000,1779292222.651122
approach4_mm2_run3,3284000,1779292222.652617
approach4_mm2_run3,3285000,1779292222.654108
approach4_mm2_run3,3286000,1779292222.715749
approach4_mm2_run3,3287000,1779292222.717242
approach4_mm2_run3,3288000,1779292222.718736
approach4_mm2_run3,3289000,1779292222.720226
approach4_mm2_run3,3290000,1779292222.721720
approach4_mm2_run3,3291000,1779292222.735021
approach4_mm2_run3,3292000,1779292222.736543
approach4_mm2_run3,3293000,1779292222.738042
approach4_mm2_run3,3294000,1779292222.739526
approach4_mm2_run3,3295000,1779292222.741006
approach4_mm2_run3,3296000,1779292222.954275
approach4_mm2_run3,3297000,1779292222.955809
approach4_mm2_run3,3298000,1779292222.957282
approach4_mm2_run3,3299000,1779292222.958766
approach4_mm2_run3,3300000,1779292222.960243
approach4_mm2_run3,3301000,1779292222.978392
approach4_mm2_run3,3302000,1779292222.979922
approach4_mm2_run3,3303000,1779292222.981951
approach4_mm2_run3,3304000,1779292222.983627
approach4_mm2_run3,3305000,1779292222.985159
approach4_mm2_run3,3306000,1779292222.986657
approach4_mm2_run3,3307000,1779292222.988165
approach4_mm2_run3,3308000,1779292222.989642
approach4_mm2_run3,3309000,1779292222.991130
approach4_mm2_run3,3310000,1779292222.992633
approach4_mm2_run3,3311000,1779292222.994112
approach4_mm2_run3,3312000,1779292223.102578
approach4_mm2_run3,3313000,1779292223.104069
approach4_mm2_run3,3314000,1779292223.105580
approach4_mm2_run3,3315000,1779292223.107073
approach4_mm2_run3,3316000,1779292223.108549
approach4_mm2_run3,3317000,1779292223.246555
approach4_mm2_run3,3318000,1779292223.248032
approach4_mm2_run3,3319000,1779292223.249522
approach4_mm2_run3,3320000,1779292223.251003
approach4_mm2_run3,3321000,1779292223.252482
approach4_mm2_run3,3322000,1779292223.253963
approach4_mm2_run3,3323000,1779292223.374489
approach4_mm2_run3,3324000,1779292223.375992
approach4_mm2_run3,3325000,1779292223.377464
approach4_mm2_run3,3326000,1779292223.378949
approach4_mm2_run3,3327000,1779292223.380443
approach4_mm2_run3,3328000,1779292223.445619
approach4_mm2_run3,3329000,1779292223.447110
approach4_mm2_run3,3330000,1779292223.448579
approach4_mm2_run3,3331000,1779292223.450057
approach4_mm2_run3,3332000,1779292223.451532
approach4_mm2_run3,3333000,1779292223.616665
approach4_mm2_run3,3334000,1779292223.618167
approach4_mm2_run3,3335000,1779292223.619673
approach4_mm2_run3,3336000,1779292223.621178
approach4_mm2_run3,3337000,1779292223.622683
approach4_mm2_run3,3338000,1779292223.677815
approach4_mm2_run3,3339000,1779292223.679317
approach4_mm2_run3,3340000,1779292223.680805
approach4_mm2_run3,3341000,1779292223.682307
approach4_mm2_run3,3342000,1779292223.683806
approach4_mm2_run3,3343000,1779292223.685346
approach4_mm2_run3,3344000,1779292223.714147
approach4_mm2_run3,3345000,1779292223.715684
approach4_mm2_run3,3346000,1779292223.717182
approach4_mm2_run3,3347000,1779292223.718688
approach4_mm2_run3,3348000,1779292223.720193
approach4_mm2_run3,3349000,1779292223.853716
approach4_mm2_run3,3350000,1779292223.855253
approach4_mm2_run3,3351000,1779292223.856768
approach4_mm2_run3,3352000,1779292223.858338
approach4_mm2_run3,3353000,1779292223.860503
approach4_mm2_run3,3354000,1779292223.862231
approach4_mm2_run3,3355000,1779292223.863769
approach4_mm2_run3,3356000,1779292223.865301
approach4_mm2_run3,3357000,1779292223.866803
approach4_mm2_run3,3358000,1779292223.868288
approach4_mm2_run3,3359000,1779292223.976722
approach4_mm2_run3,3360000,1779292223.978194
approach4_mm2_run3,3361000,1779292223.979675
approach4_mm2_run3,3362000,1779292223.981146
approach4_mm2_run3,3363000,1779292223.982632
approach4_mm2_run3,3364000,1779292223.984122
approach4_mm2_run3,3365000,1779292224.100846
approach4_mm2_run3,3366000,1779292224.102334
approach4_mm2_run3,3367000,1779292224.103826
approach4_mm2_run3,3368000,1779292224.105347
approach4_mm2_run3,3369000,1779292224.106871
approach4_mm2_run3,3370000,1779292224.172128
approach4_mm2_run3,3371000,1779292224.173612
approach4_mm2_run3,3372000,1779292224.175143
approach4_mm2_run3,3373000,1779292224.176630
approach4_mm2_run3,3374000,1779292224.178121
approach4_mm2_run3,3375000,1779292224.404946
approach4_mm2_run3,3376000,1779292224.406466
approach4_mm2_run3,3377000,1779292224.407956
approach4_mm2_run3,3378000,1779292224.409440
approach4_mm2_run3,3379000,1779292224.410939
approach4_mm2_run3,3380000,1779292224.412437
approach4_mm2_run3,3381000,1779292224.443965
approach4_mm2_run3,3382000,1779292224.445464
approach4_mm2_run3,3383000,1779292224.446971
approach4_mm2_run3,3384000,1779292224.448429
approach4_mm2_run3,3385000,1779292224.449903
approach4_mm2_run3,3386000,1779292224.502379
approach4_mm2_run3,3387000,1779292224.503866
approach4_mm2_run3,3388000,1779292224.505371
approach4_mm2_run3,3389000,1779292224.506843
approach4_mm2_run3,3390000,1779292224.508310
approach4_mm2_run3,3391000,1779292224.605418
approach4_mm2_run3,3392000,1779292224.606914
approach4_mm2_run3,3393000,1779292224.608402
approach4_mm2_run3,3394000,1779292224.609883
approach4_mm2_run3,3395000,1779292224.611375
approach4_mm2_run3,3396000,1779292224.704688
approach4_mm2_run3,3397000,1779292224.706196
approach4_mm2_run3,3398000,1779292224.707690
approach4_mm2_run3,3399000,1779292224.709159
approach4_mm2_run3,3400000,1779292224.710674
approach4_mm2_run3,3401000,1779292224.712139
approach4_mm2_run3,3402000,1779292224.742325
approach4_mm2_run3,3403000,1779292224.743799
approach4_mm2_run3,3404000,1779292224.745323
approach4_mm2_run3,3405000,1779292224.746821
approach4_mm2_run3,3406000,1779292224.748309
approach4_mm2_run3,3407000,1779292224.830133
approach4_mm2_run3,3408000,1779292224.831634
approach4_mm2_run3,3409000,1779292224.833117
approach4_mm2_run3,3410000,1779292224.834628
approach4_mm2_run3,3411000,1779292224.836158
approach4_mm2_run3,3412000,1779292224.899362
approach4_mm2_run3,3413000,1779292224.900856
approach4_mm2_run3,3414000,1779292224.902337
approach4_mm2_run3,3415000,1779292224.903836
approach4_mm2_run3,3416000,1779292224.905360
approach4_mm2_run3,3417000,1779292225.132311
approach4_mm2_run3,3418000,1779292225.133834
approach4_mm2_run3,3419000,1779292225.135386
approach4_mm2_run3,3420000,1779292225.136873
approach4_mm2_run3,3421000,1779292225.138369
approach4_mm2_run3,3422000,1779292225.139851
approach4_mm2_run3,3423000,1779292225.174972
approach4_mm2_run3,3424000,1779292225.176453
approach4_mm2_run3,3425000,1779292225.177934
approach4_mm2_run3,3426000,1779292225.179427
approach4_mm2_run3,3427000,1779292225.180901
approach4_mm2_run3,3428000,1779292225.352829
approach4_mm2_run3,3429000,1779292225.354313
approach4_mm2_run3,3430000,1779292225.355842
approach4_mm2_run3,3431000,1779292225.357299
approach4_mm2_run3,3432000,1779292225.358794
approach4_mm2_run3,3433000,1779292225.383176
approach4_mm2_run3,3434000,1779292225.384643
approach4_mm2_run3,3435000,1779292225.386132
approach4_mm2_run3,3436000,1779292225.387621
approach4_mm2_run3,3437000,1779292225.389087
approach4_mm2_run3,3438000,1779292225.390584
approach4_mm2_run3,3439000,1779292225.435900
approach4_mm2_run3,3440000,1779292225.437367
approach4_mm2_run3,3441000,1779292225.438845
approach4_mm2_run3,3442000,1779292225.440306
approach4_mm2_run3,3443000,1779292225.441802
approach4_mm2_run3,3444000,1779292225.557023
approach4_mm2_run3,3445000,1779292225.558508
approach4_mm2_run3,3446000,1779292225.559999
approach4_mm2_run3,3447000,1779292225.561481
approach4_mm2_run3,3448000,1779292225.562982
approach4_mm2_run3,3449000,1779292225.624831
approach4_mm2_run3,3450000,1779292225.626335
approach4_mm2_run3,3451000,1779292225.627823
approach4_mm2_run3,3452000,1779292225.629300
approach4_mm2_run3,3453000,1779292225.630793
approach4_mm2_run3,3454000,1779292225.856712
approach4_mm2_run3,3455000,1779292225.858191
approach4_mm2_run3,3456000,1779292225.859686
approach4_mm2_run3,3457000,1779292225.861153
approach4_mm2_run3,3458000,1779292225.862648
approach4_mm2_run3,3459000,1779292225.864124
approach4_mm2_run3,3460000,1779292225.903335
approach4_mm2_run3,3461000,1779292225.904837
approach4_mm2_run3,3462000,1779292225.906330
approach4_mm2_run3,3463000,1779292225.907804
approach4_mm2_run3,3464000,1779292225.909297
approach4_mm2_run3,3465000,1779292225.975894
approach4_mm2_run3,3466000,1779292225.977377
approach4_mm2_run3,3467000,1779292225.978871
approach4_mm2_run3,3468000,1779292225.980355
approach4_mm2_run3,3469000,1779292225.981841
approach4_mm2_run3,3470000,1779292226.105430
approach4_mm2_run3,3471000,1779292226.106933
approach4_mm2_run3,3472000,1779292226.108416
approach4_mm2_run3,3473000,1779292226.109894
approach4_mm2_run3,3474000,1779292226.111404
approach4_mm2_run3,3475000,1779292226.112878
approach4_mm2_run3,3476000,1779292226.165485
approach4_mm2_run3,3477000,1779292226.166980
approach4_mm2_run3,3478000,1779292226.168473
approach4_mm2_run3,3479000,1779292226.169939
approach4_mm2_run3,3480000,1779292226.171431
approach4_mm2_run3,3481000,1779292226.267067
approach4_mm2_run3,3482000,1779292226.268554
approach4_mm2_run3,3483000,1779292226.270047
approach4_mm2_run3,3484000,1779292226.271544
approach4_mm2_run3,3485000,1779292226.273020
approach4_mm2_run3,3486000,1779292226.282711
approach4_mm2_run3,3487000,1779292226.284196
approach4_mm2_run3,3488000,1779292226.285700
approach4_mm2_run3,3489000,1779292226.287186
approach4_mm2_run3,3490000,1779292226.288652
approach4_mm2_run3,3491000,1779292226.506279
approach4_mm2_run3,3492000,1779292226.507776
approach4_mm2_run3,3493000,1779292226.509284
approach4_mm2_run3,3494000,1779292226.510781
approach4_mm2_run3,3495000,1779292226.512292
approach4_mm2_run3,3496000,1779292226.513788
approach4_mm2_run3,3497000,1779292226.583450
approach4_mm2_run3,3498000,1779292226.584975
approach4_mm2_run3,3499000,1779292226.586488
approach4_mm2_run3,3500000,1779292226.587982
approach4_mm2_run3,3501000,1779292226.589558
approach4_mm2_run3,3502000,1779292226.633933
approach4_mm2_run3,3503000,1779292226.635463
approach4_mm2_run3,3504000,1779292226.636983
approach4_mm2_run3,3505000,1779292226.638487
approach4_mm2_run3,3506000,1779292226.639976
approach4_mm2_run3,3507000,1779292226.703135
approach4_mm2_run3,3508000,1779292226.704627
approach4_mm2_run3,3509000,1779292226.706159
approach4_mm2_run3,3510000,1779292226.707654
approach4_mm2_run3,3511000,1779292226.709147
approach4_mm2_run3,3512000,1779292226.848986
approach4_mm2_run3,3513000,1779292226.850518
approach4_mm2_run3,3514000,1779292226.852012
approach4_mm2_run3,3515000,1779292226.853509
approach4_mm2_run3,3516000,1779292226.855048
approach4_mm2_run3,3517000,1779292226.856546
approach4_mm2_run3,3518000,1779292226.892973
approach4_mm2_run3,3519000,1779292226.894510
approach4_mm2_run3,3520000,1779292226.896048
approach4_mm2_run3,3521000,1779292226.897539
approach4_mm2_run3,3522000,1779292226.899018
approach4_mm2_run3,3523000,1779292227.010154
approach4_mm2_run3,3524000,1779292227.011651
approach4_mm2_run3,3525000,1779292227.013159
approach4_mm2_run3,3526000,1779292227.014682
approach4_mm2_run3,3527000,1779292227.016224
approach4_mm2_run3,3528000,1779292227.310182
approach4_mm2_run3,3529000,1779292227.311671
approach4_mm2_run3,3530000,1779292227.313155
approach4_mm2_run3,3531000,1779292227.314631
approach4_mm2_run3,3532000,1779292227.316149
approach4_mm2_run3,3533000,1779292227.317636
approach4_mm2_run3,3534000,1779292227.366937
approach4_mm2_run3,3535000,1779292227.368415
approach4_mm2_run3,3536000,1779292227.369902
approach4_mm2_run3,3537000,1779292227.371390
approach4_mm2_run3,3538000,1779292227.372869
approach4_mm2_run3,3539000,1779292227.388452
approach4_mm2_run3,3540000,1779292227.389937
approach4_mm2_run3,3541000,1779292227.391430
approach4_mm2_run3,3542000,1779292227.392908
approach4_mm2_run3,3543000,1779292227.394402
approach4_mm2_run3,3544000,1779292227.405772
approach4_mm2_run3,3545000,1779292227.407278
approach4_mm2_run3,3546000,1779292227.408750
approach4_mm2_run3,3547000,1779292227.410233
approach4_mm2_run3,3548000,1779292227.411714
approach4_mm2_run3,3549000,1779292227.431011
approach4_mm2_run3,3550000,1779292227.432495
approach4_mm2_run3,3551000,1779292227.433976
approach4_mm2_run3,3552000,1779292227.435508
approach4_mm2_run3,3553000,1779292227.437002
approach4_mm2_run3,3554000,1779292227.438517
approach4_mm2_run3,3555000,1779292227.598473
approach4_mm2_run3,3556000,1779292227.599960
approach4_mm2_run3,3557000,1779292227.601435
approach4_mm2_run3,3558000,1779292227.602928
approach4_mm2_run3,3559000,1779292227.604414
approach4_mm2_run3,3560000,1779292227.621019
approach4_mm2_run3,3561000,1779292227.622503
approach4_mm2_run3,3562000,1779292227.623970
approach4_mm2_run3,3563000,1779292227.625459
approach4_mm2_run3,3564000,1779292227.626968
approach4_mm2_run3,3565000,1779292227.734550
approach4_mm2_run3,3566000,1779292227.736047
approach4_mm2_run3,3567000,1779292227.737545
approach4_mm2_run3,3568000,1779292227.739048
approach4_mm2_run3,3569000,1779292227.740514
approach4_mm2_run3,3570000,1779292227.742042
approach4_mm2_run3,3571000,1779292228.035369
approach4_mm2_run3,3572000,1779292228.036860
approach4_mm2_run3,3573000,1779292228.038357
approach4_mm2_run3,3574000,1779292228.039849
approach4_mm2_run3,3575000,1779292228.041329
approach4_mm2_run3,3576000,1779292228.102142
approach4_mm2_run3,3577000,1779292228.103641
approach4_mm2_run3,3578000,1779292228.105164
approach4_mm2_run3,3579000,1779292228.106656
approach4_mm2_run3,3580000,1779292228.108134
approach4_mm2_run3,3581000,1779292228.160618
approach4_mm2_run3,3582000,1779292228.162092
approach4_mm2_run3,3583000,1779292228.163587
approach4_mm2_run3,3584000,1779292228.165086
approach4_mm2_run3,3585000,1779292228.166588
approach4_mm2_run3,3586000,1779292228.269906
approach4_mm2_run3,3587000,1779292228.271411
approach4_mm2_run3,3588000,1779292228.272897
approach4_mm2_run3,3589000,1779292228.274385
approach4_mm2_run3,3590000,1779292228.275894
approach4_mm2_run3,3591000,1779292228.277367
approach4_mm2_run3,3592000,1779292228.350281
approach4_mm2_run3,3593000,1779292228.352128
approach4_mm2_run3,3594000,1779292228.354002
approach4_mm2_run3,3595000,1779292228.355535
approach4_mm2_run3,3596000,1779292228.357017
approach4_mm2_run3,3597000,1779292228.358512
approach4_mm2_run3,3598000,1779292228.359993
approach4_mm2_run3,3599000,1779292228.361481
approach4_mm2_run3,3600000,1779292228.362971
approach4_mm2_run3,3601000,1779292228.364465
approach4_mm2_run3,3602000,1779292228.377623
approach4_mm2_run3,3603000,1779292228.379118
approach4_mm2_run3,3604000,1779292228.380613
approach4_mm2_run3,3605000,1779292228.382090
approach4_mm2_run3,3606000,1779292228.383593
approach4_mm2_run3,3607000,1779292228.464141
approach4_mm2_run3,3608000,1779292228.465672
approach4_mm2_run3,3609000,1779292228.467181
approach4_mm2_run3,3610000,1779292228.468658
approach4_mm2_run3,3611000,1779292228.470121
approach4_mm2_run3,3612000,1779292228.471638
approach4_mm2_run3,3613000,1779292228.761097
approach4_mm2_run3,3614000,1779292228.762586
approach4_mm2_run3,3615000,1779292228.764068
approach4_mm2_run3,3616000,1779292228.765576
approach4_mm2_run3,3617000,1779292228.767078
approach4_mm2_run3,3618000,1779292228.831540
approach4_mm2_run3,3619000,1779292228.833013
approach4_mm2_run3,3620000,1779292228.834493
approach4_mm2_run3,3621000,1779292228.836001
approach4_mm2_run3,3622000,1779292228.837468
approach4_mm2_run3,3623000,1779292228.888013
approach4_mm2_run3,3624000,1779292228.889503
approach4_mm2_run3,3625000,1779292228.891000
approach4_mm2_run3,3626000,1779292228.892509
approach4_mm2_run3,3627000,1779292228.893992
approach4_mm2_run3,3628000,1779292228.895545
approach4_mm2_run3,3629000,1779292229.081416
approach4_mm2_run3,3630000,1779292229.082906
approach4_mm2_run3,3631000,1779292229.084387
approach4_mm2_run3,3632000,1779292229.085904
approach4_mm2_run3,3633000,1779292229.087385
approach4_mm2_run3,3634000,1779292229.097105
approach4_mm2_run3,3635000,1779292229.098581
approach4_mm2_run3,3636000,1779292229.100060
approach4_mm2_run3,3637000,1779292229.101529
approach4_mm2_run3,3638000,1779292229.103019
approach4_mm2_run3,3639000,1779292229.151063
approach4_mm2_run3,3640000,1779292229.152533
approach4_mm2_run3,3641000,1779292229.153992
approach4_mm2_run3,3642000,1779292229.155506
approach4_mm2_run3,3643000,1779292229.156976
approach4_mm2_run3,3644000,1779292229.190135
approach4_mm2_run3,3645000,1779292229.191614
approach4_mm2_run3,3646000,1779292229.193086
approach4_mm2_run3,3647000,1779292229.194579
approach4_mm2_run3,3648000,1779292229.196090
approach4_mm2_run3,3649000,1779292229.197573
approach4_mm2_run3,3650000,1779292229.260261
approach4_mm2_run3,3651000,1779292229.261736
approach4_mm2_run3,3652000,1779292229.263235
approach4_mm2_run3,3653000,1779292229.264725
approach4_mm2_run3,3654000,1779292229.266231
approach4_mm2_run3,3655000,1779292229.485515
approach4_mm2_run3,3656000,1779292229.487015
approach4_mm2_run3,3657000,1779292229.488486
approach4_mm2_run3,3658000,1779292229.489971
approach4_mm2_run3,3659000,1779292229.491457
approach4_mm2_run3,3660000,1779292229.560041
approach4_mm2_run3,3661000,1779292229.561511
approach4_mm2_run3,3662000,1779292229.563000
approach4_mm2_run3,3663000,1779292229.564498
approach4_mm2_run3,3664000,1779292229.566030
approach4_mm2_run3,3665000,1779292229.567551
approach4_mm2_run3,3666000,1779292229.615177
approach4_mm2_run3,3667000,1779292229.616684
approach4_mm2_run3,3668000,1779292229.618185
approach4_mm2_run3,3669000,1779292229.619695
approach4_mm2_run3,3670000,1779292229.621253
approach4_mm2_run3,3671000,1779292229.850468
approach4_mm2_run3,3672000,1779292229.851962
approach4_mm2_run3,3673000,1779292229.853450
approach4_mm2_run3,3674000,1779292229.854976
approach4_mm2_run3,3675000,1779292229.856493
approach4_mm2_run3,3676000,1779292229.916452
approach4_mm2_run3,3677000,1779292229.917939
approach4_mm2_run3,3678000,1779292229.919415
approach4_mm2_run3,3679000,1779292229.920890
approach4_mm2_run3,3680000,1779292229.922375
approach4_mm2_run3,3681000,1779292230.034637
approach4_mm2_run3,3682000,1779292230.036162
approach4_mm2_run3,3683000,1779292230.037650
approach4_mm2_run3,3684000,1779292230.039148
approach4_mm2_run3,3685000,1779292230.040623
approach4_mm2_run3,3686000,1779292230.042126
approach4_mm2_run3,3687000,1779292230.145339
approach4_mm2_run3,3688000,1779292230.146866
approach4_mm2_run3,3689000,1779292230.148338
approach4_mm2_run3,3690000,1779292230.149854
approach4_mm2_run3,3691000,1779292230.151378
approach4_mm2_run3,3692000,1779292230.157664
approach4_mm2_run3,3693000,1779292230.159163
approach4_mm2_run3,3694000,1779292230.160643
approach4_mm2_run3,3695000,1779292230.162124
approach4_mm2_run3,3696000,1779292230.163626
approach4_mm2_run3,3697000,1779292230.210666
approach4_mm2_run3,3698000,1779292230.212171
approach4_mm2_run3,3699000,1779292230.213670
approach4_mm2_run3,3700000,1779292230.215199
approach4_mm2_run3,3701000,1779292230.216704
approach4_mm2_run3,3702000,1779292230.289762
approach4_mm2_run3,3703000,1779292230.291266
approach4_mm2_run3,3704000,1779292230.292765
approach4_mm2_run3,3705000,1779292230.294272
approach4_mm2_run3,3706000,1779292230.295823
approach4_mm2_run3,3707000,1779292230.297343
approach4_mm2_run3,3708000,1779292230.342439
approach4_mm2_run3,3709000,1779292230.343950
approach4_mm2_run3,3710000,1779292230.345466
approach4_mm2_run3,3711000,1779292230.346989
approach4_mm2_run3,3712000,1779292230.348482
approach4_mm2_run3,3713000,1779292230.603116
approach4_mm2_run3,3714000,1779292230.604571
approach4_mm2_run3,3715000,1779292230.606120
approach4_mm2_run3,3716000,1779292230.607615
approach4_mm2_run3,3717000,1779292230.609119
approach4_mm2_run3,3718000,1779292230.644186
approach4_mm2_run3,3719000,1779292230.645711
approach4_mm2_run3,3720000,1779292230.647224
approach4_mm2_run3,3721000,1779292230.648725
approach4_mm2_run3,3722000,1779292230.650213
approach4_mm2_run3,3723000,1779292230.651748
approach4_mm2_run3,3724000,1779292230.888699
approach4_mm2_run3,3725000,1779292230.890186
approach4_mm2_run3,3726000,1779292230.891705
approach4_mm2_run3,3727000,1779292230.893191
approach4_mm2_run3,3728000,1779292230.894683
approach4_mm2_run3,3729000,1779292230.914999
approach4_mm2_run3,3730000,1779292230.916503
approach4_mm2_run3,3731000,1779292230.917970
approach4_mm2_run3,3732000,1779292230.919474
approach4_mm2_run3,3733000,1779292230.921011
approach4_mm2_run3,3734000,1779292230.935928
approach4_mm2_run3,3735000,1779292230.937407
approach4_mm2_run3,3736000,1779292230.938920
approach4_mm2_run3,3737000,1779292230.940409
approach4_mm2_run3,3738000,1779292230.941890
approach4_mm2_run3,3739000,1779292231.019448
approach4_mm2_run3,3740000,1779292231.020918
approach4_mm2_run3,3741000,1779292231.022439
approach4_mm2_run3,3742000,1779292231.023932
approach4_mm2_run3,3743000,1779292231.025458
approach4_mm2_run3,3744000,1779292231.027045
approach4_mm2_run3,3745000,1779292231.030810
approach4_mm2_run3,3746000,1779292231.032292
approach4_mm2_run3,3747000,1779292231.033782
approach4_mm2_run3,3748000,1779292231.035319
approach4_mm2_run3,3749000,1779292231.036800
approach4_mm2_run3,3750000,1779292231.068945
approach4_mm2_run3,3751000,1779292231.070472
approach4_mm2_run3,3752000,1779292231.071954
approach4_mm2_run3,3753000,1779292231.073448
approach4_mm2_run3,3754000,1779292231.074992
approach4_mm2_run3,3755000,1779292231.349980
approach4_mm2_run3,3756000,1779292231.351532
approach4_mm2_run3,3757000,1779292231.353032
approach4_mm2_run3,3758000,1779292231.354533
approach4_mm2_run3,3759000,1779292231.356078
approach4_mm2_run3,3760000,1779292231.357598
approach4_mm2_run3,3761000,1779292231.371261
approach4_mm2_run3,3762000,1779292231.372748
approach4_mm2_run3,3763000,1779292231.374307
approach4_mm2_run3,3764000,1779292231.375847
approach4_mm2_run3,3765000,1779292231.377332
approach4_mm2_run3,3766000,1779292231.617884
approach4_mm2_run3,3767000,1779292231.619389
approach4_mm2_run3,3768000,1779292231.620889
approach4_mm2_run3,3769000,1779292231.622386
approach4_mm2_run3,3770000,1779292231.623901
approach4_mm2_run3,3771000,1779292231.664405
approach4_mm2_run3,3772000,1779292231.665919
approach4_mm2_run3,3773000,1779292231.667441
approach4_mm2_run3,3774000,1779292231.668942
approach4_mm2_run3,3775000,1779292231.670455
approach4_mm2_run3,3776000,1779292231.749356
approach4_mm2_run3,3777000,1779292231.750864
approach4_mm2_run3,3778000,1779292231.752363
approach4_mm2_run3,3779000,1779292231.753857
approach4_mm2_run3,3780000,1779292231.755406
approach4_mm2_run3,3781000,1779292231.756915
approach4_mm2_run3,3782000,1779292231.795785
approach4_mm2_run3,3783000,1779292231.797284
approach4_mm2_run3,3784000,1779292231.799379
approach4_mm2_run3,3785000,1779292231.801094
approach4_mm2_run3,3786000,1779292231.802607
approach4_mm2_run3,3787000,1779292231.804126
approach4_mm2_run3,3788000,1779292231.805646
approach4_mm2_run3,3789000,1779292231.807154
approach4_mm2_run3,3790000,1779292231.808643
approach4_mm2_run3,3791000,1779292231.810099
approach4_mm2_run3,3792000,1779292231.908479
approach4_mm2_run3,3793000,1779292231.909987
approach4_mm2_run3,3794000,1779292231.911500
approach4_mm2_run3,3795000,1779292231.912973
approach4_mm2_run3,3796000,1779292231.914529
approach4_mm2_run3,3797000,1779292232.100159
approach4_mm2_run3,3798000,1779292232.101659
approach4_mm2_run3,3799000,1779292232.103504
approach4_mm2_run3,3800000,1779292232.105413
approach4_mm2_run3,3801000,1779292232.106901
approach4_mm2_run3,3802000,1779292232.108379
approach4_mm2_run3,3803000,1779292232.109851
approach4_mm2_run3,3804000,1779292232.111334
approach4_mm2_run3,3805000,1779292232.112818
approach4_mm2_run3,3806000,1779292232.114315
approach4_mm2_run3,3807000,1779292232.115835
approach4_mm2_run3,3808000,1779292232.346092
approach4_mm2_run3,3809000,1779292232.347615
approach4_mm2_run3,3810000,1779292232.349115
approach4_mm2_run3,3811000,1779292232.350625
approach4_mm2_run3,3812000,1779292232.352109
approach4_mm2_run3,3813000,1779292232.389047
approach4_mm2_run3,3814000,1779292232.390545
approach4_mm2_run3,3815000,1779292232.392049
approach4_mm2_run3,3816000,1779292232.393539
approach4_mm2_run3,3817000,1779292232.395102
approach4_mm2_run3,3818000,1779292232.396611
approach4_mm2_run3,3819000,1779292232.480405
approach4_mm2_run3,3820000,1779292232.481899
approach4_mm2_run3,3821000,1779292232.483410
approach4_mm2_run3,3822000,1779292232.484940
approach4_mm2_run3,3823000,1779292232.486460
approach4_mm2_run3,3824000,1779292232.527923
approach4_mm2_run3,3825000,1779292232.529423
approach4_mm2_run3,3826000,1779292232.530927
approach4_mm2_run3,3827000,1779292232.532485
approach4_mm2_run3,3828000,1779292232.533990
approach4_mm2_run3,3829000,1779292232.681013
approach4_mm2_run3,3830000,1779292232.682518
approach4_mm2_run3,3831000,1779292232.684010
approach4_mm2_run3,3832000,1779292232.685557
approach4_mm2_run3,3833000,1779292232.687085
approach4_mm2_run3,3834000,1779292232.790150
approach4_mm2_run3,3835000,1779292232.791653
approach4_mm2_run3,3836000,1779292232.793143
approach4_mm2_run3,3837000,1779292232.794621
approach4_mm2_run3,3838000,1779292232.796189
approach4_mm2_run3,3839000,1779292232.797693
approach4_mm2_run3,3840000,1779292232.825305
approach4_mm2_run3,3841000,1779292232.826805
approach4_mm2_run3,3842000,1779292232.828293
approach4_mm2_run3,3843000,1779292232.829777
approach4_mm2_run3,3844000,1779292232.831296
approach4_mm2_run3,3845000,1779292232.851819
approach4_mm2_run3,3846000,1779292232.853310
approach4_mm2_run3,3847000,1779292232.854851
approach4_mm2_run3,3848000,1779292232.856353
approach4_mm2_run3,3849000,1779292232.857839
approach4_mm2_run3,3850000,1779292233.076659
approach4_mm2_run3,3851000,1779292233.078138
approach4_mm2_run3,3852000,1779292233.079646
approach4_mm2_run3,3853000,1779292233.081132
approach4_mm2_run3,3854000,1779292233.082617
approach4_mm2_run3,3855000,1779292233.084105
approach4_mm2_run3,3856000,1779292233.117842
approach4_mm2_run3,3857000,1779292233.119359
approach4_mm2_run3,3858000,1779292233.120832
approach4_mm2_run3,3859000,1779292233.122381
approach4_mm2_run3,3860000,1779292233.123889
approach4_mm2_run3,3861000,1779292233.211300
approach4_mm2_run3,3862000,1779292233.212780
approach4_mm2_run3,3863000,1779292233.214260
approach4_mm2_run3,3864000,1779292233.215798
approach4_mm2_run3,3865000,1779292233.217281
approach4_mm2_run3,3866000,1779292233.254205
approach4_mm2_run3,3867000,1779292233.255723
approach4_mm2_run3,3868000,1779292233.257224
approach4_mm2_run3,3869000,1779292233.258708
approach4_mm2_run3,3870000,1779292233.260195
approach4_mm2_run3,3871000,1779292233.549290
approach4_mm2_run3,3872000,1779292233.550782
approach4_mm2_run3,3873000,1779292233.552268
approach4_mm2_run3,3874000,1779292233.553739
approach4_mm2_run3,3875000,1779292233.555270
approach4_mm2_run3,3876000,1779292233.556767
approach4_mm2_run3,3877000,1779292233.563970
approach4_mm2_run3,3878000,1779292233.565485
approach4_mm2_run3,3879000,1779292233.567008
approach4_mm2_run3,3880000,1779292233.568508
approach4_mm2_run3,3881000,1779292233.570005
approach4_mm2_run3,3882000,1779292233.600913
approach4_mm2_run3,3883000,1779292233.602412
approach4_mm2_run3,3884000,1779292233.603886
approach4_mm2_run3,3885000,1779292233.605379
approach4_mm2_run3,3886000,1779292233.606892
approach4_mm2_run3,3887000,1779292233.674789
approach4_mm2_run3,3888000,1779292233.676295
approach4_mm2_run3,3889000,1779292233.677775
approach4_mm2_run3,3890000,1779292233.679266
approach4_mm2_run3,3891000,1779292233.680752
approach4_mm2_run3,3892000,1779292233.803654
approach4_mm2_run3,3893000,1779292233.805161
approach4_mm2_run3,3894000,1779292233.806667
approach4_mm2_run3,3895000,1779292233.808120
approach4_mm2_run3,3896000,1779292233.809609
approach4_mm2_run3,3897000,1779292233.811115
approach4_mm2_run3,3898000,1779292233.842191
approach4_mm2_run3,3899000,1779292233.843686
approach4_mm2_run3,3900000,1779292233.845213
approach4_mm2_run3,3901000,1779292233.846761
approach4_mm2_run3,3902000,1779292233.848254
approach4_mm2_run3,3903000,1779292233.941803
approach4_mm2_run3,3904000,1779292233.943312
approach4_mm2_run3,3905000,1779292233.944804
approach4_mm2_run3,3906000,1779292233.946333
approach4_mm2_run3,3907000,1779292233.947832
approach4_mm2_run3,3908000,1779292233.982106
approach4_mm2_run3,3909000,1779292233.983613
approach4_mm2_run3,3910000,1779292233.985142
approach4_mm2_run3,3911000,1779292233.986660
approach4_mm2_run3,3912000,1779292233.988142
approach4_mm2_run3,3913000,1779292233.989638
approach4_mm2_run3,3914000,1779292234.276017
approach4_mm2_run3,3915000,1779292234.277503
approach4_mm2_run3,3916000,1779292234.279034
approach4_mm2_run3,3917000,1779292234.280537
approach4_mm2_run3,3918000,1779292234.282048
approach4_mm2_run3,3919000,1779292234.352211
approach4_mm2_run3,3920000,1779292234.353694
approach4_mm2_run3,3921000,1779292234.355218
approach4_mm2_run3,3922000,1779292234.356759
approach4_mm2_run3,3923000,1779292234.358253
approach4_mm2_run3,3924000,1779292234.447134
approach4_mm2_run3,3925000,1779292234.448612
approach4_mm2_run3,3926000,1779292234.450087
approach4_mm2_run3,3927000,1779292234.451568
approach4_mm2_run3,3928000,1779292234.453034
approach4_mm2_run3,3929000,1779292234.534199
approach4_mm2_run3,3930000,1779292234.535710
approach4_mm2_run3,3931000,1779292234.537194
approach4_mm2_run3,3932000,1779292234.538693
approach4_mm2_run3,3933000,1779292234.540174
approach4_mm2_run3,3934000,1779292234.541660
approach4_mm2_run3,3935000,1779292234.556802
approach4_mm2_run3,3936000,1779292234.558281
approach4_mm2_run3,3937000,1779292234.559761
approach4_mm2_run3,3938000,1779292234.561236
approach4_mm2_run3,3939000,1779292234.562737
approach4_mm2_run3,3940000,1779292234.567130
approach4_mm2_run3,3941000,1779292234.568623
approach4_mm2_run3,3942000,1779292234.570107
approach4_mm2_run3,3943000,1779292234.571615
approach4_mm2_run3,3944000,1779292234.573091
approach4_mm2_run3,3945000,1779292234.670478
approach4_mm2_run3,3946000,1779292234.671957
approach4_mm2_run3,3947000,1779292234.673433
approach4_mm2_run3,3948000,1779292234.674949
approach4_mm2_run3,3949000,1779292234.676419
approach4_mm2_run3,3950000,1779292234.677896
approach4_mm2_run3,3951000,1779292234.709521
approach4_mm2_run3,3952000,1779292234.711021
approach4_mm2_run3,3953000,1779292234.712495
approach4_mm2_run3,3954000,1779292234.713985
approach4_mm2_run3,3955000,1779292234.715518
approach4_mm2_run3,3956000,1779292235.006519
approach4_mm2_run3,3957000,1779292235.008013
approach4_mm2_run3,3958000,1779292235.009480
approach4_mm2_run3,3959000,1779292235.010963
approach4_mm2_run3,3960000,1779292235.012433
approach4_mm2_run3,3961000,1779292235.095975
approach4_mm2_run3,3962000,1779292235.097455
approach4_mm2_run3,3963000,1779292235.098954
approach4_mm2_run3,3964000,1779292235.100429
approach4_mm2_run3,3965000,1779292235.101888
approach4_mm2_run3,3966000,1779292235.264277
approach4_mm2_run3,3967000,1779292235.265782
approach4_mm2_run3,3968000,1779292235.267273
approach4_mm2_run3,3969000,1779292235.268722
approach4_mm2_run3,3970000,1779292235.270185
approach4_mm2_run3,3971000,1779292235.271679
approach4_mm2_run3,3972000,1779292235.293130
approach4_mm2_run3,3973000,1779292235.294619
approach4_mm2_run3,3974000,1779292235.296139
approach4_mm2_run3,3975000,1779292235.297614
approach4_mm2_run3,3976000,1779292235.299116
approach4_mm2_run3,3977000,1779292235.328560
approach4_mm2_run3,3978000,1779292235.330031
approach4_mm2_run3,3979000,1779292235.331536
approach4_mm2_run3,3980000,1779292235.333007
approach4_mm2_run3,3981000,1779292235.334510
approach4_mm2_run3,3982000,1779292235.401040
approach4_mm2_run3,3983000,1779292235.402524
approach4_mm2_run3,3984000,1779292235.404036
approach4_mm2_run3,3985000,1779292235.405623
approach4_mm2_run3,3986000,1779292235.407145
approach4_mm2_run3,3987000,1779292235.434885
approach4_mm2_run3,3988000,1779292235.436451
approach4_mm2_run3,3989000,1779292235.438266
approach4_mm2_run3,3990000,1779292235.440241
approach4_mm2_run3,3991000,1779292235.441752
approach4_mm2_run3,3992000,1779292235.443253
approach4_mm2_run3,3993000,1779292235.444742
approach4_mm2_run3,3994000,1779292235.446241
approach4_mm2_run3,3995000,1779292235.447754
approach4_mm2_run3,3996000,1779292235.449215
approach4_mm2_run3,3997000,1779292235.450706
approach4_mm2_run3,3998000,1779292235.732466
approach4_mm2_run3,3999000,1779292235.733950
approach4_mm2_run3,4000000,1779292235.735524
approach4_mm2_run3,4001000,1779292235.737047
approach4_mm2_run3,4002000,1779292235.738537
approach4_mm2_run3,4003000,1779292235.992651
approach4_mm2_run3,4004000,1779292235.994127
approach4_mm2_run3,4005000,1779292235.995653
approach4_mm2_run3,4006000,1779292235.997155
approach4_mm2_run3,4007000,1779292235.998654
approach4_mm2_run3,4008000,1779292236.000153
approach4_mm2_run3,4009000,1779292236.019329
approach4_mm2_run3,4010000,1779292236.020828
approach4_mm2_run3,4011000,1779292236.022321
approach4_mm2_run3,4012000,1779292236.023828
approach4_mm2_run3,4013000,1779292236.025353
approach4_mm2_run3,4014000,1779292236.134020
approach4_mm2_run3,4015000,1779292236.135560
approach4_mm2_run3,4016000,1779292236.137062
approach4_mm2_run3,4017000,1779292236.138547
approach4_mm2_run3,4018000,1779292236.140022
approach4_mm2_run3,4019000,1779292236.163126
approach4_mm2_run3,4020000,1779292236.164614
approach4_mm2_run3,4021000,1779292236.166136
approach4_mm2_run3,4022000,1779292236.167660
approach4_mm2_run3,4023000,1779292236.169167
approach4_mm2_run3,4024000,1779292236.192073
approach4_mm2_run3,4025000,1779292236.193565
approach4_mm2_run3,4026000,1779292236.195094
approach4_mm2_run3,4027000,1779292236.196610
approach4_mm2_run3,4028000,1779292236.198109
approach4_mm2_run3,4029000,1779292236.199649
approach4_mm2_run3,4030000,1779292236.210752
approach4_mm2_run3,4031000,1779292236.212222
approach4_mm2_run3,4032000,1779292236.213682
approach4_mm2_run3,4033000,1779292236.215201
approach4_mm2_run3,4034000,1779292236.216688
approach4_mm2_run3,4035000,1779292236.325044
approach4_mm2_run3,4036000,1779292236.326536
approach4_mm2_run3,4037000,1779292236.328014
approach4_mm2_run3,4038000,1779292236.329501
approach4_mm2_run3,4039000,1779292236.331013
approach4_mm2_run3,4040000,1779292236.724952
approach4_mm2_run3,4041000,1779292236.726469
approach4_mm2_run3,4042000,1779292236.727962
approach4_mm2_run3,4043000,1779292236.729436
approach4_mm2_run3,4044000,1779292236.730956
approach4_mm2_run3,4045000,1779292236.732447
approach4_mm2_run3,4046000,1779292236.744156
approach4_mm2_run3,4047000,1779292236.745665
approach4_mm2_run3,4048000,1779292236.747234
approach4_mm2_run3,4049000,1779292236.748745
approach4_mm2_run3,4050000,1779292236.750290
approach4_mm2_run3,4051000,1779292236.803308
approach4_mm2_run3,4052000,1779292236.804845
approach4_mm2_run3,4053000,1779292236.806378
approach4_mm2_run3,4054000,1779292236.807856
approach4_mm2_run3,4055000,1779292236.809360
approach4_mm2_run3,4056000,1779292236.863192
approach4_mm2_run3,4057000,1779292236.864674
approach4_mm2_run3,4058000,1779292236.866223
approach4_mm2_run3,4059000,1779292236.867740
approach4_mm2_run3,4060000,1779292236.869243
approach4_mm2_run3,4061000,1779292236.888622
approach4_mm2_run3,4062000,1779292236.890104
approach4_mm2_run3,4063000,1779292236.891617
approach4_mm2_run3,4064000,1779292236.893145
approach4_mm2_run3,4065000,1779292236.894677
approach4_mm2_run3,4066000,1779292236.896192
approach4_mm2_run3,4067000,1779292236.944212
approach4_mm2_run3,4068000,1779292236.945731
approach4_mm2_run3,4069000,1779292236.947266
approach4_mm2_run3,4070000,1779292236.948748
approach4_mm2_run3,4071000,1779292236.950251
approach4_mm2_run3,4072000,1779292237.087409
approach4_mm2_run3,4073000,1779292237.088897
approach4_mm2_run3,4074000,1779292237.090425
approach4_mm2_run3,4075000,1779292237.091923
approach4_mm2_run3,4076000,1779292237.093423
approach4_mm2_run3,4077000,1779292237.207075
approach4_mm2_run3,4078000,1779292237.208554
approach4_mm2_run3,4079000,1779292237.210040
approach4_mm2_run3,4080000,1779292237.211529
approach4_mm2_run3,4081000,1779292237.213019
approach4_mm2_run3,4082000,1779292237.452599
approach4_mm2_run3,4083000,1779292237.454059
approach4_mm2_run3,4084000,1779292237.455575
approach4_mm2_run3,4085000,1779292237.457062
approach4_mm2_run3,4086000,1779292237.458552
approach4_mm2_run3,4087000,1779292237.460018
approach4_mm2_run3,4088000,1779292237.480685
approach4_mm2_run3,4089000,1779292237.482163
approach4_mm2_run3,4090000,1779292237.483666
approach4_mm2_run3,4091000,1779292237.485169
approach4_mm2_run3,4092000,1779292237.486690
approach4_mm2_run3,4093000,1779292237.528910
approach4_mm2_run3,4094000,1779292237.530405
approach4_mm2_run3,4095000,1779292237.531870
approach4_mm2_run3,4096000,1779292237.533353
approach4_mm2_run3,4097000,1779292237.534871
approach4_mm2_run3,4098000,1779292237.617067
approach4_mm2_run3,4099000,1779292237.618571
approach4_mm2_run3,4100000,1779292237.620052
approach4_mm2_run3,4101000,1779292237.621542
approach4_mm2_run3,4102000,1779292237.623053
approach4_mm2_run3,4103000,1779292237.624542
approach4_mm2_run3,4104000,1779292237.693805
approach4_mm2_run3,4105000,1779292237.695318
approach4_mm2_run3,4106000,1779292237.696797
approach4_mm2_run3,4107000,1779292237.698280
approach4_mm2_run3,4108000,1779292237.699790
approach4_mm2_run3,4109000,1779292237.945608
approach4_mm2_run3,4110000,1779292237.947131
approach4_mm2_run3,4111000,1779292237.948663
approach4_mm2_run3,4112000,1779292237.950179
approach4_mm2_run3,4113000,1779292237.951662
approach4_mm2_run3,4114000,1779292237.970351
approach4_mm2_run3,4115000,1779292237.971831
approach4_mm2_run3,4116000,1779292237.973288
approach4_mm2_run3,4117000,1779292237.974841
approach4_mm2_run3,4118000,1779292237.976352
approach4_mm2_run3,4119000,1779292238.086948
approach4_mm2_run3,4120000,1779292238.088433
approach4_mm2_run3,4121000,1779292238.089907
approach4_mm2_run3,4122000,1779292238.091411
approach4_mm2_run3,4123000,1779292238.092903
approach4_mm2_run3,4124000,1779292238.094395
approach4_mm2_run3,4125000,1779292238.181203
approach4_mm2_run3,4126000,1779292238.182688
approach4_mm2_run3,4127000,1779292238.184145
approach4_mm2_run3,4128000,1779292238.185652
approach4_mm2_run3,4129000,1779292238.187128
approach4_mm2_run3,4130000,1779292238.206101
approach4_mm2_run3,4131000,1779292238.207599
approach4_mm2_run3,4132000,1779292238.209100
approach4_mm2_run3,4133000,1779292238.210598
approach4_mm2_run3,4134000,1779292238.212078
approach4_mm2_run3,4135000,1779292238.255058
approach4_mm2_run3,4136000,1779292238.256546
approach4_mm2_run3,4137000,1779292238.258028
approach4_mm2_run3,4138000,1779292238.259540
approach4_mm2_run3,4139000,1779292238.261032
approach4_mm2_run3,4140000,1779292238.262527
approach4_mm2_run3,4141000,1779292238.346812
approach4_mm2_run3,4142000,1779292238.348292
approach4_mm2_run3,4143000,1779292238.349766
approach4_mm2_run3,4144000,1779292238.351279
approach4_mm2_run3,4145000,1779292238.352756
approach4_mm2_run3,4146000,1779292238.445740
approach4_mm2_run3,4147000,1779292238.447214
approach4_mm2_run3,4148000,1779292238.448696
approach4_mm2_run3,4149000,1779292238.450178
approach4_mm2_run3,4150000,1779292238.451687
approach4_mm2_run3,4151000,1779292238.675518
approach4_mm2_run3,4152000,1779292238.676982
approach4_mm2_run3,4153000,1779292238.678470
approach4_mm2_run3,4154000,1779292238.679957
approach4_mm2_run3,4155000,1779292238.681427
approach4_mm2_run3,4156000,1779292238.851550
approach4_mm2_run3,4157000,1779292238.853020
approach4_mm2_run3,4158000,1779292238.854528
approach4_mm2_run3,4159000,1779292238.856046
approach4_mm2_run3,4160000,1779292238.857518
approach4_mm2_run3,4161000,1779292238.859024
approach4_mm2_run3,4162000,1779292238.910670
approach4_mm2_run3,4163000,1779292238.912150
approach4_mm2_run3,4164000,1779292238.913638
approach4_mm2_run3,4165000,1779292238.915162
approach4_mm2_run3,4166000,1779292238.916619
approach4_mm2_run3,4167000,1779292238.972172
approach4_mm2_run3,4168000,1779292238.973657
approach4_mm2_run3,4169000,1779292238.975187
approach4_mm2_run3,4170000,1779292238.976659
approach4_mm2_run3,4171000,1779292238.978148
approach4_mm2_run3,4172000,1779292238.981938
approach4_mm2_run3,4173000,1779292238.983433
approach4_mm2_run3,4174000,1779292238.984973
approach4_mm2_run3,4175000,1779292238.986481
approach4_mm2_run3,4176000,1779292238.987957
approach4_mm2_run3,4177000,1779292239.071505
approach4_mm2_run3,4178000,1779292239.072990
approach4_mm2_run3,4179000,1779292239.074475
approach4_mm2_run3,4180000,1779292239.075981
approach4_mm2_run3,4181000,1779292239.077458
approach4_mm2_run3,4182000,1779292239.078950
approach4_mm2_run3,4183000,1779292239.192567
approach4_mm2_run3,4184000,1779292239.194031
approach4_mm2_run3,4185000,1779292239.195546
approach4_mm2_run3,4186000,1779292239.197018
approach4_mm2_run3,4187000,1779292239.198563
approach4_mm2_run3,4188000,1779292239.265729
approach4_mm2_run3,4189000,1779292239.267231
approach4_mm2_run3,4190000,1779292239.268703
approach4_mm2_run3,4191000,1779292239.270188
approach4_mm2_run3,4192000,1779292239.271689
approach4_mm2_run3,4193000,1779292239.408377
approach4_mm2_run3,4194000,1779292239.409858
approach4_mm2_run3,4195000,1779292239.411368
approach4_mm2_run3,4196000,1779292239.412832
approach4_mm2_run3,4197000,1779292239.414329
approach4_mm2_run3,4198000,1779292239.415851
approach4_mm2_run3,4199000,1779292239.640544
approach4_mm2_run3,4200000,1779292239.642021
approach4_mm2_run3,4201000,1779292239.643496
approach4_mm2_run3,4202000,1779292239.644972
approach4_mm2_run3,4203000,1779292239.646451
approach4_mm2_run3,4204000,1779292239.708498
approach4_mm2_run3,4205000,1779292239.709973
approach4_mm2_run3,4206000,1779292239.711456
approach4_mm2_run3,4207000,1779292239.712938
approach4_mm2_run3,4208000,1779292239.714429
approach4_mm2_run3,4209000,1779292239.798872
approach4_mm2_run3,4210000,1779292239.800367
approach4_mm2_run3,4211000,1779292239.801856
approach4_mm2_run3,4212000,1779292239.803348
approach4_mm2_run3,4213000,1779292239.804867
approach4_mm2_run3,4214000,1779292239.855169
approach4_mm2_run3,4215000,1779292239.856673
approach4_mm2_run3,4216000,1779292239.858158
approach4_mm2_run3,4217000,1779292239.859689
approach4_mm2_run3,4218000,1779292239.861186
approach4_mm2_run3,4219000,1779292239.862684
approach4_mm2_run3,4220000,1779292239.939866
approach4_mm2_run3,4221000,1779292239.941365
approach4_mm2_run3,4222000,1779292239.942861
approach4_mm2_run3,4223000,1779292239.944374
approach4_mm2_run3,4224000,1779292239.945884
approach4_mm2_run3,4225000,1779292239.992123
approach4_mm2_run3,4226000,1779292239.993614
approach4_mm2_run3,4227000,1779292239.995142
approach4_mm2_run3,4228000,1779292239.996653
approach4_mm2_run3,4229000,1779292239.998140
approach4_mm2_run3,4230000,1779292240.077365
approach4_mm2_run3,4231000,1779292240.078881
approach4_mm2_run3,4232000,1779292240.080369
approach4_mm2_run3,4233000,1779292240.081864
approach4_mm2_run3,4234000,1779292240.083375
approach4_mm2_run3,4235000,1779292240.084903
approach4_mm2_run3,4236000,1779292240.140878
approach4_mm2_run3,4237000,1779292240.142416
approach4_mm2_run3,4238000,1779292240.143927
approach4_mm2_run3,4239000,1779292240.145439
approach4_mm2_run3,4240000,1779292240.146946
approach4_mm2_run3,4241000,1779292240.370083
approach4_mm2_run3,4242000,1779292240.371586
approach4_mm2_run3,4243000,1779292240.373068
approach4_mm2_run3,4244000,1779292240.374560
approach4_mm2_run3,4245000,1779292240.376080
approach4_mm2_run3,4246000,1779292240.434952
approach4_mm2_run3,4247000,1779292240.436424
approach4_mm2_run3,4248000,1779292240.437908
approach4_mm2_run3,4249000,1779292240.439390
approach4_mm2_run3,4250000,1779292240.440885
approach4_mm2_run3,4251000,1779292240.525877
approach4_mm2_run3,4252000,1779292240.527389
approach4_mm2_run3,4253000,1779292240.528894
approach4_mm2_run3,4254000,1779292240.530401
approach4_mm2_run3,4255000,1779292240.531928
approach4_mm2_run3,4256000,1779292240.533452
approach4_mm2_run3,4257000,1779292240.689401
approach4_mm2_run3,4258000,1779292240.690939
approach4_mm2_run3,4259000,1779292240.692435
approach4_mm2_run3,4260000,1779292240.693933
approach4_mm2_run3,4261000,1779292240.695495
approach4_mm2_run3,4262000,1779292240.718042
approach4_mm2_run3,4263000,1779292240.719538
approach4_mm2_run3,4264000,1779292240.721045
approach4_mm2_run3,4265000,1779292240.722544
approach4_mm2_run3,4266000,1779292240.724038
approach4_mm2_run3,4267000,1779292240.738315
approach4_mm2_run3,4268000,1779292240.739823
approach4_mm2_run3,4269000,1779292240.741319
approach4_mm2_run3,4270000,1779292240.742809
approach4_mm2_run3,4271000,1779292240.744310
approach4_mm2_run3,4272000,1779292240.867782
approach4_mm2_run3,4273000,1779292240.869257
approach4_mm2_run3,4274000,1779292240.870736
approach4_mm2_run3,4275000,1779292240.872227
approach4_mm2_run3,4276000,1779292240.873706
approach4_mm2_run3,4277000,1779292240.875233
approach4_mm2_run3,4278000,1779292240.961250
approach4_mm2_run3,4279000,1779292240.962744
approach4_mm2_run3,4280000,1779292240.964237
approach4_mm2_run3,4281000,1779292240.965746
approach4_mm2_run3,4282000,1779292240.967237
approach4_mm2_run3,4283000,1779292241.100638
approach4_mm2_run3,4284000,1779292241.102122
approach4_mm2_run3,4285000,1779292241.103595
approach4_mm2_run3,4286000,1779292241.105099
approach4_mm2_run3,4287000,1779292241.106575
approach4_mm2_run3,4288000,1779292241.162344
approach4_mm2_run3,4289000,1779292241.163835
approach4_mm2_run3,4290000,1779292241.165360
approach4_mm2_run3,4291000,1779292241.166862
approach4_mm2_run3,4292000,1779292241.168338
approach4_mm2_run3,4293000,1779292241.169813
approach4_mm2_run3,4294000,1779292241.253598
approach4_mm2_run3,4295000,1779292241.255128
approach4_mm2_run3,4296000,1779292241.256617
approach4_mm2_run3,4297000,1779292241.258086
approach4_mm2_run3,4298000,1779292241.259605
approach4_mm2_run3,4299000,1779292241.441017
approach4_mm2_run3,4300000,1779292241.443151
approach4_mm2_run3,4301000,1779292241.445367
approach4_mm2_run3,4302000,1779292241.446871
approach4_mm2_run3,4303000,1779292241.448339
approach4_mm2_run3,4304000,1779292241.449793
approach4_mm2_run3,4305000,1779292241.451273
approach4_mm2_run3,4306000,1779292241.452748
approach4_mm2_run3,4307000,1779292241.454222
approach4_mm2_run3,4308000,1779292241.455735
approach4_mm2_run3,4309000,1779292241.597132
approach4_mm2_run3,4310000,1779292241.598631
approach4_mm2_run3,4311000,1779292241.600109
approach4_mm2_run3,4312000,1779292241.601584
approach4_mm2_run3,4313000,1779292241.603055
approach4_mm2_run3,4314000,1779292241.604537
approach4_mm2_run3,4315000,1779292241.620440
approach4_mm2_run3,4316000,1779292241.621905
approach4_mm2_run3,4317000,1779292241.623384
approach4_mm2_run3,4318000,1779292241.624870
approach4_mm2_run3,4319000,1779292241.626355
approach4_mm2_run3,4320000,1779292241.828806
approach4_mm2_run3,4321000,1779292241.830318
approach4_mm2_run3,4322000,1779292241.831828
approach4_mm2_run3,4323000,1779292241.833305
approach4_mm2_run3,4324000,1779292241.834860
approach4_mm2_run3,4325000,1779292241.841153
approach4_mm2_run3,4326000,1779292241.842688
approach4_mm2_run3,4327000,1779292241.844192
approach4_mm2_run3,4328000,1779292241.845698
approach4_mm2_run3,4329000,1779292241.847188
approach4_mm2_run3,4330000,1779292241.848701
approach4_mm2_run3,4331000,1779292241.889934
approach4_mm2_run3,4332000,1779292241.891434
approach4_mm2_run3,4333000,1779292241.892911
approach4_mm2_run3,4334000,1779292241.894401
approach4_mm2_run3,4335000,1779292241.895928
approach4_mm2_run3,4336000,1779292241.984024
approach4_mm2_run3,4337000,1779292241.985528
approach4_mm2_run3,4338000,1779292241.987016
approach4_mm2_run3,4339000,1779292241.988487
approach4_mm2_run3,4340000,1779292241.989970
approach4_mm2_run3,4341000,1779292242.169273
approach4_mm2_run3,4342000,1779292242.170771
approach4_mm2_run3,4343000,1779292242.172247
approach4_mm2_run3,4344000,1779292242.173729
approach4_mm2_run3,4345000,1779292242.175249
approach4_mm2_run3,4346000,1779292242.189026
approach4_mm2_run3,4347000,1779292242.190503
approach4_mm2_run3,4348000,1779292242.191985
approach4_mm2_run3,4349000,1779292242.193441
approach4_mm2_run3,4350000,1779292242.194956
approach4_mm2_run3,4351000,1779292242.196437
approach4_mm2_run3,4352000,1779292242.328370
approach4_mm2_run3,4353000,1779292242.329850
approach4_mm2_run3,4354000,1779292242.331344
approach4_mm2_run3,4355000,1779292242.332833
approach4_mm2_run3,4356000,1779292242.334336
approach4_mm2_run3,4357000,1779292242.503266
approach4_mm2_run3,4358000,1779292242.504746
approach4_mm2_run3,4359000,1779292242.506243
approach4_mm2_run3,4360000,1779292242.507744
approach4_mm2_run3,4361000,1779292242.509228
approach4_mm2_run3,4362000,1779292242.558019
approach4_mm2_run3,4363000,1779292242.559544
approach4_mm2_run3,4364000,1779292242.561032
approach4_mm2_run3,4365000,1779292242.562527
approach4_mm2_run3,4366000,1779292242.563994
approach4_mm2_run3,4367000,1779292242.565511
approach4_mm2_run3,4368000,1779292242.614971
approach4_mm2_run3,4369000,1779292242.616440
approach4_mm2_run3,4370000,1779292242.617918
approach4_mm2_run3,4371000,1779292242.619396
approach4_mm2_run3,4372000,1779292242.620887
approach4_mm2_run3,4373000,1779292242.726188
approach4_mm2_run3,4374000,1779292242.727666
approach4_mm2_run3,4375000,1779292242.729152
approach4_mm2_run3,4376000,1779292242.730654
approach4_mm2_run3,4377000,1779292242.732125
approach4_mm2_run3,4378000,1779292242.896043
approach4_mm2_run3,4379000,1779292242.897523
approach4_mm2_run3,4380000,1779292242.899011
approach4_mm2_run3,4381000,1779292242.900487
approach4_mm2_run3,4382000,1779292242.901960
approach4_mm2_run3,4383000,1779292242.940231
approach4_mm2_run3,4384000,1779292242.941729
approach4_mm2_run3,4385000,1779292242.943232
approach4_mm2_run3,4386000,1779292242.944709
approach4_mm2_run3,4387000,1779292242.946216
approach4_mm2_run3,4388000,1779292242.947724
approach4_mm2_run3,4389000,1779292243.061120
approach4_mm2_run3,4390000,1779292243.062667
approach4_mm2_run3,4391000,1779292243.064894
approach4_mm2_run3,4392000,1779292243.066388
approach4_mm2_run3,4393000,1779292243.067870
approach4_mm2_run3,4394000,1779292243.069337
approach4_mm2_run3,4395000,1779292243.070817
approach4_mm2_run3,4396000,1779292243.072296
approach4_mm2_run3,4397000,1779292243.073759
approach4_mm2_run3,4398000,1779292243.075287
approach4_mm2_run3,4399000,1779292243.286896
approach4_mm2_run3,4400000,1779292243.288376
approach4_mm2_run3,4401000,1779292243.289861
approach4_mm2_run3,4402000,1779292243.291354
approach4_mm2_run3,4403000,1779292243.292827
approach4_mm2_run3,4404000,1779292243.340070
approach4_mm2_run3,4405000,1779292243.341551
approach4_mm2_run3,4406000,1779292243.343056
approach4_mm2_run3,4407000,1779292243.344543
approach4_mm2_run3,4408000,1779292243.346060
approach4_mm2_run3,4409000,1779292243.347563
approach4_mm2_run3,4410000,1779292243.387059
approach4_mm2_run3,4411000,1779292243.388541
approach4_mm2_run3,4412000,1779292243.390013
approach4_mm2_run3,4413000,1779292243.391506
approach4_mm2_run3,4414000,1779292243.392979
approach4_mm2_run3,4415000,1779292243.608329
approach4_mm2_run3,4416000,1779292243.609797
approach4_mm2_run3,4417000,1779292243.611284
approach4_mm2_run3,4418000,1779292243.612753
approach4_mm2_run3,4419000,1779292243.614222
approach4_mm2_run3,4420000,1779292243.622048
approach4_mm2_run3,4421000,1779292243.623529
approach4_mm2_run3,4422000,1779292243.625012
approach4_mm2_run3,4423000,1779292243.626494
approach4_mm2_run3,4424000,1779292243.627969
approach4_mm2_run3,4425000,1779292243.629450
approach4_mm2_run3,4426000,1779292243.691182
approach4_mm2_run3,4427000,1779292243.692670
approach4_mm2_run3,4428000,1779292243.694147
approach4_mm2_run3,4429000,1779292243.695677
approach4_mm2_run3,4430000,1779292243.697162
approach4_mm2_run3,4431000,1779292243.787102
approach4_mm2_run3,4432000,1779292243.788610
approach4_mm2_run3,4433000,1779292243.790796
approach4_mm2_run3,4434000,1779292243.792277
approach4_mm2_run3,4435000,1779292243.793757
approach4_mm2_run3,4436000,1779292243.795298
approach4_mm2_run3,4437000,1779292243.796769
approach4_mm2_run3,4438000,1779292243.798246
approach4_mm2_run3,4439000,1779292243.799726
approach4_mm2_run3,4440000,1779292243.801203
approach4_mm2_run3,4441000,1779292244.014583
approach4_mm2_run3,4442000,1779292244.016085
approach4_mm2_run3,4443000,1779292244.017560
approach4_mm2_run3,4444000,1779292244.019059
approach4_mm2_run3,4445000,1779292244.020530
approach4_mm2_run3,4446000,1779292244.022022
approach4_mm2_run3,4447000,1779292244.067547
approach4_mm2_run3,4448000,1779292244.069012
approach4_mm2_run3,4449000,1779292244.070518
approach4_mm2_run3,4450000,1779292244.071997
approach4_mm2_run3,4451000,1779292244.073476
approach4_mm2_run3,4452000,1779292244.270717
approach4_mm2_run3,4453000,1779292244.272196
approach4_mm2_run3,4454000,1779292244.273664
approach4_mm2_run3,4455000,1779292244.275185
approach4_mm2_run3,4456000,1779292244.276665
approach4_mm2_run3,4457000,1779292244.350080
approach4_mm2_run3,4458000,1779292244.351561
approach4_mm2_run3,4459000,1779292244.353055
approach4_mm2_run3,4460000,1779292244.354570
approach4_mm2_run3,4461000,1779292244.356080
approach4_mm2_run3,4462000,1779292244.357569
approach4_mm2_run3,4463000,1779292244.443415
approach4_mm2_run3,4464000,1779292244.444952
approach4_mm2_run3,4465000,1779292244.446457
approach4_mm2_run3,4466000,1779292244.447938
approach4_mm2_run3,4467000,1779292244.449429
approach4_mm2_run3,4468000,1779292244.489388
approach4_mm2_run3,4469000,1779292244.490894
approach4_mm2_run3,4470000,1779292244.492391
approach4_mm2_run3,4471000,1779292244.493885
approach4_mm2_run3,4472000,1779292244.495432
approach4_mm2_run3,4473000,1779292244.513030
approach4_mm2_run3,4474000,1779292244.514534
approach4_mm2_run3,4475000,1779292244.516118
approach4_mm2_run3,4476000,1779292244.517916
approach4_mm2_run3,4477000,1779292244.519964
approach4_mm2_run3,4478000,1779292244.521456
approach4_mm2_run3,4479000,1779292244.522943
approach4_mm2_run3,4480000,1779292244.524440
approach4_mm2_run3,4481000,1779292244.525940
approach4_mm2_run3,4482000,1779292244.527434
approach4_mm2_run3,4483000,1779292244.528956
approach4_mm2_run3,4484000,1779292244.746287
approach4_mm2_run3,4485000,1779292244.747783
approach4_mm2_run3,4486000,1779292244.749266
approach4_mm2_run3,4487000,1779292244.750770
approach4_mm2_run3,4488000,1779292244.752250
approach4_mm2_run3,4489000,1779292244.795232
approach4_mm2_run3,4490000,1779292244.796718
approach4_mm2_run3,4491000,1779292244.798242
approach4_mm2_run3,4492000,1779292244.799740
approach4_mm2_run3,4493000,1779292244.801254
approach4_mm2_run3,4494000,1779292245.074570
approach4_mm2_run3,4495000,1779292245.076109
approach4_mm2_run3,4496000,1779292245.077590
approach4_mm2_run3,4497000,1779292245.079093
approach4_mm2_run3,4498000,1779292245.080586
approach4_mm2_run3,4499000,1779292245.150884
approach4_mm2_run3,4500000,1779292245.152376
approach4_mm2_run3,4501000,1779292245.153904
approach4_mm2_run3,4502000,1779292245.155444
approach4_mm2_run3,4503000,1779292245.156936
approach4_mm2_run3,4504000,1779292245.158448
approach4_mm2_run3,4505000,1779292245.189229
approach4_mm2_run3,4506000,1779292245.190743
approach4_mm2_run3,4507000,1779292245.192221
approach4_mm2_run3,4508000,1779292245.193726
approach4_mm2_run3,4509000,1779292245.195285
approach4_mm2_run3,4510000,1779292245.242416
approach4_mm2_run3,4511000,1779292245.243901
approach4_mm2_run3,4512000,1779292245.245408
approach4_mm2_run3,4513000,1779292245.246901
approach4_mm2_run3,4514000,1779292245.248383
approach4_mm2_run3,4515000,1779292245.251427
approach4_mm2_run3,4516000,1779292245.252898
approach4_mm2_run3,4517000,1779292245.254384
approach4_mm2_run3,4518000,1779292245.255870
approach4_mm2_run3,4519000,1779292245.257335
approach4_mm2_run3,4520000,1779292245.258824
approach4_mm2_run3,4521000,1779292245.371055
approach4_mm2_run3,4522000,1779292245.372528
approach4_mm2_run3,4523000,1779292245.374019
approach4_mm2_run3,4524000,1779292245.375562
approach4_mm2_run3,4525000,1779292245.377028
approach4_mm2_run3,4526000,1779292245.475084
approach4_mm2_run3,4527000,1779292245.476571
approach4_mm2_run3,4528000,1779292245.478044
approach4_mm2_run3,4529000,1779292245.479531
approach4_mm2_run3,4530000,1779292245.481005
approach4_mm2_run3,4531000,1779292245.520723
approach4_mm2_run3,4532000,1779292245.522203
approach4_mm2_run3,4533000,1779292245.523693
approach4_mm2_run3,4534000,1779292245.525193
approach4_mm2_run3,4535000,1779292245.526678
approach4_mm2_run3,4536000,1779292245.799317
approach4_mm2_run3,4537000,1779292245.800809
approach4_mm2_run3,4538000,1779292245.802269
approach4_mm2_run3,4539000,1779292245.803775
approach4_mm2_run3,4540000,1779292245.805271
approach4_mm2_run3,4541000,1779292245.806784
approach4_mm2_run3,4542000,1779292245.938942
approach4_mm2_run3,4543000,1779292245.940418
approach4_mm2_run3,4544000,1779292245.941895
approach4_mm2_run3,4545000,1779292245.943395
approach4_mm2_run3,4546000,1779292245.944918
approach4_mm2_run3,4547000,1779292245.968326
approach4_mm2_run3,4548000,1779292245.969821
approach4_mm2_run3,4549000,1779292245.971316
approach4_mm2_run3,4550000,1779292245.972789
approach4_mm2_run3,4551000,1779292245.974283
approach4_mm2_run3,4552000,1779292245.984783
approach4_mm2_run3,4553000,1779292245.986308
approach4_mm2_run3,4554000,1779292245.987794
approach4_mm2_run3,4555000,1779292245.989276
approach4_mm2_run3,4556000,1779292245.990756
approach4_mm2_run3,4557000,1779292245.992252
approach4_mm2_run3,4558000,1779292246.034378
approach4_mm2_run3,4559000,1779292246.035886
approach4_mm2_run3,4560000,1779292246.037359
approach4_mm2_run3,4561000,1779292246.038857
approach4_mm2_run3,4562000,1779292246.040350
approach4_mm2_run3,4563000,1779292246.207826
approach4_mm2_run3,4564000,1779292246.209286
approach4_mm2_run3,4565000,1779292246.210777
approach4_mm2_run3,4566000,1779292246.212246
approach4_mm2_run3,4567000,1779292246.213719
approach4_mm2_run3,4568000,1779292246.248365
approach4_mm2_run3,4569000,1779292246.250108
approach4_mm2_run3,4570000,1779292246.252132
approach4_mm2_run3,4571000,1779292246.253607
approach4_mm2_run3,4572000,1779292246.255139
approach4_mm2_run3,4573000,1779292246.256630
approach4_mm2_run3,4574000,1779292246.258101
approach4_mm2_run3,4575000,1779292246.259584
approach4_mm2_run3,4576000,1779292246.261044
approach4_mm2_run3,4577000,1779292246.262563
approach4_mm2_run3,4578000,1779292246.264042
approach4_mm2_run3,4579000,1779292246.525611
approach4_mm2_run3,4580000,1779292246.527091
approach4_mm2_run3,4581000,1779292246.528560
approach4_mm2_run3,4582000,1779292246.530044
approach4_mm2_run3,4583000,1779292246.531540
approach4_mm2_run3,4584000,1779292246.688890
approach4_mm2_run3,4585000,1779292246.690377
approach4_mm2_run3,4586000,1779292246.691855
approach4_mm2_run3,4587000,1779292246.693451
approach4_mm2_run3,4588000,1779292246.695808
approach4_mm2_run3,4589000,1779292246.697364
approach4_mm2_run3,4590000,1779292246.698863
approach4_mm2_run3,4591000,1779292246.700325
approach4_mm2_run3,4592000,1779292246.701792
approach4_mm2_run3,4593000,1779292246.703286
approach4_mm2_run3,4594000,1779292246.715192
approach4_mm2_run3,4595000,1779292246.716665
approach4_mm2_run3,4596000,1779292246.718129
approach4_mm2_run3,4597000,1779292246.719620
approach4_mm2_run3,4598000,1779292246.721101
approach4_mm2_run3,4599000,1779292246.722593
approach4_mm2_run3,4600000,1779292246.916368
approach4_mm2_run3,4601000,1779292246.917833
approach4_mm2_run3,4602000,1779292246.919327
approach4_mm2_run3,4603000,1779292246.920801
approach4_mm2_run3,4604000,1779292246.922266
approach4_mm2_run3,4605000,1779292246.935438
approach4_mm2_run3,4606000,1779292246.936909
approach4_mm2_run3,4607000,1779292246.938394
approach4_mm2_run3,4608000,1779292246.939858
approach4_mm2_run3,4609000,1779292246.941334
approach4_mm2_run3,4610000,1779292247.132716
approach4_mm2_run3,4611000,1779292247.134191
approach4_mm2_run3,4612000,1779292247.135700
approach4_mm2_run3,4613000,1779292247.137172
approach4_mm2_run3,4614000,1779292247.138664
approach4_mm2_run3,4615000,1779292247.140211
approach4_mm2_run3,4616000,1779292247.264368
approach4_mm2_run3,4617000,1779292247.265881
approach4_mm2_run3,4618000,1779292247.267371
approach4_mm2_run3,4619000,1779292247.268850
approach4_mm2_run3,4620000,1779292247.270359
approach4_mm2_run3,4621000,1779292247.321103
approach4_mm2_run3,4622000,1779292247.322596
approach4_mm2_run3,4623000,1779292247.324061
approach4_mm2_run3,4624000,1779292247.325579
approach4_mm2_run3,4625000,1779292247.327084
approach4_mm2_run3,4626000,1779292247.422851
approach4_mm2_run3,4627000,1779292247.424364
approach4_mm2_run3,4628000,1779292247.425898
approach4_mm2_run3,4629000,1779292247.427426
approach4_mm2_run3,4630000,1779292247.428930
approach4_mm2_run3,4631000,1779292247.442775
approach4_mm2_run3,4632000,1779292247.444311
approach4_mm2_run3,4633000,1779292247.446502
approach4_mm2_run3,4634000,1779292247.447979
approach4_mm2_run3,4635000,1779292247.449438
approach4_mm2_run3,4636000,1779292247.450943
approach4_mm2_run3,4637000,1779292247.452424
approach4_mm2_run3,4638000,1779292247.453905
approach4_mm2_run3,4639000,1779292247.455404
approach4_mm2_run3,4640000,1779292247.456877
approach4_mm2_run3,4641000,1779292247.458370
approach4_mm2_run3,4642000,1779292247.667436
approach4_mm2_run3,4643000,1779292247.668917
approach4_mm2_run3,4644000,1779292247.670396
approach4_mm2_run3,4645000,1779292247.671869
approach4_mm2_run3,4646000,1779292247.673359
approach4_mm2_run3,4647000,1779292247.802221
approach4_mm2_run3,4648000,1779292247.803722
approach4_mm2_run3,4649000,1779292247.805231
approach4_mm2_run3,4650000,1779292247.806719
approach4_mm2_run3,4651000,1779292247.808203
approach4_mm2_run3,4652000,1779292247.809693
approach4_mm2_run3,4653000,1779292247.990046
approach4_mm2_run3,4654000,1779292247.991532
approach4_mm2_run3,4655000,1779292247.993018
approach4_mm2_run3,4656000,1779292247.994521
approach4_mm2_run3,4657000,1779292247.996050
approach4_mm2_run3,4658000,1779292248.017101
approach4_mm2_run3,4659000,1779292248.018595
approach4_mm2_run3,4660000,1779292248.020062
approach4_mm2_run3,4661000,1779292248.021529
approach4_mm2_run3,4662000,1779292248.023026
approach4_mm2_run3,4663000,1779292248.047822
approach4_mm2_run3,4664000,1779292248.049284
approach4_mm2_run3,4665000,1779292248.050781
approach4_mm2_run3,4666000,1779292248.052256
approach4_mm2_run3,4667000,1779292248.053744
approach4_mm2_run3,4668000,1779292248.149693
approach4_mm2_run3,4669000,1779292248.151191
approach4_mm2_run3,4670000,1779292248.152668
approach4_mm2_run3,4671000,1779292248.154172
approach4_mm2_run3,4672000,1779292248.155689
approach4_mm2_run3,4673000,1779292248.157190
approach4_mm2_run3,4674000,1779292248.174911
approach4_mm2_run3,4675000,1779292248.176377
approach4_mm2_run3,4676000,1779292248.177844
approach4_mm2_run3,4677000,1779292248.179335
approach4_mm2_run3,4678000,1779292248.180857
approach4_mm2_run3,4679000,1779292248.189152
approach4_mm2_run3,4680000,1779292248.190622
approach4_mm2_run3,4681000,1779292248.192091
approach4_mm2_run3,4682000,1779292248.193573
approach4_mm2_run3,4683000,1779292248.195082
approach4_mm2_run3,4684000,1779292248.393930
approach4_mm2_run3,4685000,1779292248.395448
approach4_mm2_run3,4686000,1779292248.396920
approach4_mm2_run3,4687000,1779292248.398404
approach4_mm2_run3,4688000,1779292248.399872
approach4_mm2_run3,4689000,1779292248.682742
approach4_mm2_run3,4690000,1779292248.684230
approach4_mm2_run3,4691000,1779292248.685740
approach4_mm2_run3,4692000,1779292248.687233
approach4_mm2_run3,4693000,1779292248.688707
approach4_mm2_run3,4694000,1779292248.690188
approach4_mm2_run3,4695000,1779292248.718745
approach4_mm2_run3,4696000,1779292248.720217
approach4_mm2_run3,4697000,1779292248.721689
approach4_mm2_run3,4698000,1779292248.723181
approach4_mm2_run3,4699000,1779292248.724669
approach4_mm2_run3,4700000,1779292248.775351
approach4_mm2_run3,4701000,1779292248.776835
approach4_mm2_run3,4702000,1779292248.778323
approach4_mm2_run3,4703000,1779292248.779782
approach4_mm2_run3,4704000,1779292248.781270
approach4_mm2_run3,4705000,1779292248.876780
approach4_mm2_run3,4706000,1779292248.878262
approach4_mm2_run3,4707000,1779292248.879751
approach4_mm2_run3,4708000,1779292248.881240
approach4_mm2_run3,4709000,1779292248.882735
approach4_mm2_run3,4710000,1779292248.884235
approach4_mm2_run3,4711000,1779292248.896917
approach4_mm2_run3,4712000,1779292248.898422
approach4_mm2_run3,4713000,1779292248.899912
approach4_mm2_run3,4714000,1779292248.901404
approach4_mm2_run3,4715000,1779292248.902921
approach4_mm2_run3,4716000,1779292248.935784
approach4_mm2_run3,4717000,1779292248.937278
approach4_mm2_run3,4718000,1779292248.938783
approach4_mm2_run3,4719000,1779292248.940312
approach4_mm2_run3,4720000,1779292248.941809
approach4_mm2_run3,4721000,1779292249.122205
approach4_mm2_run3,4722000,1779292249.123700
approach4_mm2_run3,4723000,1779292249.125248
approach4_mm2_run3,4724000,1779292249.126755
approach4_mm2_run3,4725000,1779292249.128229
approach4_mm2_run3,4726000,1779292249.250356
approach4_mm2_run3,4727000,1779292249.251859
approach4_mm2_run3,4728000,1779292249.253338
approach4_mm2_run3,4729000,1779292249.254865
approach4_mm2_run3,4730000,1779292249.256382
approach4_mm2_run3,4731000,1779292249.257889
approach4_mm2_run3,4732000,1779292249.443379
approach4_mm2_run3,4733000,1779292249.444891
approach4_mm2_run3,4734000,1779292249.446385
approach4_mm2_run3,4735000,1779292249.447870
approach4_mm2_run3,4736000,1779292249.449363
approach4_mm2_run3,4737000,1779292249.502175
approach4_mm2_run3,4738000,1779292249.503672
approach4_mm2_run3,4739000,1779292249.505193
approach4_mm2_run3,4740000,1779292249.506683
approach4_mm2_run3,4741000,1779292249.508240
approach4_mm2_run3,4742000,1779292249.564782
approach4_mm2_run3,4743000,1779292249.566294
approach4_mm2_run3,4744000,1779292249.567787
approach4_mm2_run3,4745000,1779292249.569260
approach4_mm2_run3,4746000,1779292249.570755
approach4_mm2_run3,4747000,1779292249.572248
approach4_mm2_run3,4748000,1779292249.607184
approach4_mm2_run3,4749000,1779292249.608682
approach4_mm2_run3,4750000,1779292249.610158
approach4_mm2_run3,4751000,1779292249.611647
approach4_mm2_run3,4752000,1779292249.613141
approach4_mm2_run3,4753000,1779292249.682587
approach4_mm2_run3,4754000,1779292249.684065
approach4_mm2_run3,4755000,1779292249.685581
approach4_mm2_run3,4756000,1779292249.687073
approach4_mm2_run3,4757000,1779292249.688567
approach4_mm2_run3,4758000,1779292249.776487
approach4_mm2_run3,4759000,1779292249.777970
approach4_mm2_run3,4760000,1779292249.779460
approach4_mm2_run3,4761000,1779292249.780934
approach4_mm2_run3,4762000,1779292249.782427
approach4_mm2_run3,4763000,1779292249.849962
approach4_mm2_run3,4764000,1779292249.851440
approach4_mm2_run3,4765000,1779292249.852918
approach4_mm2_run3,4766000,1779292249.854382
approach4_mm2_run3,4767000,1779292249.855910
approach4_mm2_run3,4768000,1779292249.857392
approach4_mm2_run3,4769000,1779292249.983417
approach4_mm2_run3,4770000,1779292249.984918
approach4_mm2_run3,4771000,1779292249.986404
approach4_mm2_run3,4772000,1779292249.987891
approach4_mm2_run3,4773000,1779292249.989372
approach4_mm2_run3,4774000,1779292250.167775
approach4_mm2_run3,4775000,1779292250.169253
approach4_mm2_run3,4776000,1779292250.170748
approach4_mm2_run3,4777000,1779292250.172215
approach4_mm2_run3,4778000,1779292250.173704
approach4_mm2_run3,4779000,1779292250.226637
approach4_mm2_run3,4780000,1779292250.228133
approach4_mm2_run3,4781000,1779292250.229628
approach4_mm2_run3,4782000,1779292250.231130
approach4_mm2_run3,4783000,1779292250.232638
approach4_mm2_run3,4784000,1779292250.333618
approach4_mm2_run3,4785000,1779292250.335180
approach4_mm2_run3,4786000,1779292250.336679
approach4_mm2_run3,4787000,1779292250.338170
approach4_mm2_run3,4788000,1779292250.339689
approach4_mm2_run3,4789000,1779292250.341222
approach4_mm2_run3,4790000,1779292250.437035
approach4_mm2_run3,4791000,1779292250.438536
approach4_mm2_run3,4792000,1779292250.440030
approach4_mm2_run3,4793000,1779292250.441494
approach4_mm2_run3,4794000,1779292250.442994
approach4_mm2_run3,4795000,1779292250.450004
approach4_mm2_run3,4796000,1779292250.451494
approach4_mm2_run3,4797000,1779292250.452984
approach4_mm2_run3,4798000,1779292250.454469
approach4_mm2_run3,4799000,1779292250.455979
approach4_mm2_run3,4800000,1779292250.579322
approach4_mm2_run3,4801000,1779292250.580786
approach4_mm2_run3,4802000,1779292250.582255
approach4_mm2_run3,4803000,1779292250.583749
approach4_mm2_run3,4804000,1779292250.585293
approach4_mm2_run3,4805000,1779292250.586822
approach4_mm2_run3,4806000,1779292250.658977
approach4_mm2_run3,4807000,1779292250.660457
approach4_mm2_run3,4808000,1779292250.661927
approach4_mm2_run3,4809000,1779292250.663423
approach4_mm2_run3,4810000,1779292250.664922
approach4_mm2_run3,4811000,1779292250.713380
approach4_mm2_run3,4812000,1779292250.714895
approach4_mm2_run3,4813000,1779292250.716352
approach4_mm2_run3,4814000,1779292250.717829
approach4_mm2_run3,4815000,1779292250.719310
approach4_mm2_run3,4816000,1779292250.892689
approach4_mm2_run3,4817000,1779292250.894153
approach4_mm2_run3,4818000,1779292250.895689
approach4_mm2_run3,4819000,1779292250.897169
approach4_mm2_run3,4820000,1779292250.898669
approach4_mm2_run3,4821000,1779292250.952833
approach4_mm2_run3,4822000,1779292250.954314
approach4_mm2_run3,4823000,1779292250.955847
approach4_mm2_run3,4824000,1779292250.957320
approach4_mm2_run3,4825000,1779292250.958827
approach4_mm2_run3,4826000,1779292250.960313
approach4_mm2_run3,4827000,1779292251.063945
approach4_mm2_run3,4828000,1779292251.065459
approach4_mm2_run3,4829000,1779292251.066943
approach4_mm2_run3,4830000,1779292251.068434
approach4_mm2_run3,4831000,1779292251.069914
approach4_mm2_run3,4832000,1779292251.189439
approach4_mm2_run3,4833000,1779292251.190926
approach4_mm2_run3,4834000,1779292251.192397
approach4_mm2_run3,4835000,1779292251.193877
approach4_mm2_run3,4836000,1779292251.195414
approach4_mm2_run3,4837000,1779292251.309023
approach4_mm2_run3,4838000,1779292251.310499
approach4_mm2_run3,4839000,1779292251.311967
approach4_mm2_run3,4840000,1779292251.313428
approach4_mm2_run3,4841000,1779292251.314923
approach4_mm2_run3,4842000,1779292251.316393
approach4_mm2_run3,4843000,1779292251.444188
approach4_mm2_run3,4844000,1779292251.445688
approach4_mm2_run3,4845000,1779292251.447167
approach4_mm2_run3,4846000,1779292251.448637
approach4_mm2_run3,4847000,1779292251.450099
approach4_mm2_run3,4848000,1779292251.618928
approach4_mm2_run3,4849000,1779292251.620407
approach4_mm2_run3,4850000,1779292251.621880
approach4_mm2_run3,4851000,1779292251.623384
approach4_mm2_run3,4852000,1779292251.624903
approach4_mm2_run3,4853000,1779292251.658396
approach4_mm2_run3,4854000,1779292251.659867
approach4_mm2_run3,4855000,1779292251.661342
approach4_mm2_run3,4856000,1779292251.662827
approach4_mm2_run3,4857000,1779292251.664300
approach4_mm2_run3,4858000,1779292251.680050
approach4_mm2_run3,4859000,1779292251.681534
approach4_mm2_run3,4860000,1779292251.683026
approach4_mm2_run3,4861000,1779292251.684511
approach4_mm2_run3,4862000,1779292251.686025
approach4_mm2_run3,4863000,1779292251.687514
approach4_mm2_run3,4864000,1779292251.791156
approach4_mm2_run3,4865000,1779292251.792639
approach4_mm2_run3,4866000,1779292251.794127
approach4_mm2_run3,4867000,1779292251.795708
approach4_mm2_run3,4868000,1779292251.797225
approach4_mm2_run3,4869000,1779292251.881241
approach4_mm2_run3,4870000,1779292251.882724
approach4_mm2_run3,4871000,1779292251.884204
approach4_mm2_run3,4872000,1779292251.885725
approach4_mm2_run3,4873000,1779292251.887233
approach4_mm2_run3,4874000,1779292251.934572
approach4_mm2_run3,4875000,1779292251.936059
approach4_mm2_run3,4876000,1779292251.937538
approach4_mm2_run3,4877000,1779292251.939018
approach4_mm2_run3,4878000,1779292251.940502
approach4_mm2_run3,4879000,1779292252.037110
approach4_mm2_run3,4880000,1779292252.038601
approach4_mm2_run3,4881000,1779292252.040072
approach4_mm2_run3,4882000,1779292252.041543
approach4_mm2_run3,4883000,1779292252.043044
approach4_mm2_run3,4884000,1779292252.044517
approach4_mm2_run3,4885000,1779292252.174183
approach4_mm2_run3,4886000,1779292252.175704
approach4_mm2_run3,4887000,1779292252.177187
approach4_mm2_run3,4888000,1779292252.178678
approach4_mm2_run3,4889000,1779292252.180150
approach4_mm2_run3,4890000,1779292252.347007
approach4_mm2_run3,4891000,1779292252.348480
approach4_mm2_run3,4892000,1779292252.349970
approach4_mm2_run3,4893000,1779292252.351474
approach4_mm2_run3,4894000,1779292252.352940
approach4_mm2_run3,4895000,1779292252.407571
approach4_mm2_run3,4896000,1779292252.409034
approach4_mm2_run3,4897000,1779292252.410537
approach4_mm2_run3,4898000,1779292252.412028
approach4_mm2_run3,4899000,1779292252.413510
approach4_mm2_run3,4900000,1779292252.415041
approach4_mm2_run3,4901000,1779292252.519612
approach4_mm2_run3,4902000,1779292252.521082
approach4_mm2_run3,4903000,1779292252.522564
approach4_mm2_run3,4904000,1779292252.524049
approach4_mm2_run3,4905000,1779292252.525562
approach4_mm2_run3,4906000,1779292252.542498
approach4_mm2_run3,4907000,1779292252.543981
approach4_mm2_run3,4908000,1779292252.545472
approach4_mm2_run3,4909000,1779292252.546965
approach4_mm2_run3,4910000,1779292252.548455
approach4_mm2_run3,4911000,1779292252.682937
approach4_mm2_run3,4912000,1779292252.684413
approach4_mm2_run3,4913000,1779292252.685915
approach4_mm2_run3,4914000,1779292252.687401
approach4_mm2_run3,4915000,1779292252.688849
approach4_mm2_run3,4916000,1779292252.762104
approach4_mm2_run3,4917000,1779292252.763603
approach4_mm2_run3,4918000,1779292252.765207
approach4_mm2_run3,4919000,1779292252.767366
approach4_mm2_run3,4920000,1779292252.769097
approach4_mm2_run3,4921000,1779292252.770591
approach4_mm2_run3,4922000,1779292252.772073
approach4_mm2_run3,4923000,1779292252.773578
approach4_mm2_run3,4924000,1779292252.775108
approach4_mm2_run3,4925000,1779292252.776591
approach4_mm2_run3,4926000,1779292252.778097
approach4_mm2_run3,4927000,1779292252.904233
approach4_mm2_run3,4928000,1779292252.905765
approach4_mm2_run3,4929000,1779292252.907272
approach4_mm2_run3,4930000,1779292252.908801
approach4_mm2_run3,4931000,1779292252.910296
approach4_mm2_run3,4932000,1779292253.071293
approach4_mm2_run3,4933000,1779292253.072777
approach4_mm2_run3,4934000,1779292253.074263
approach4_mm2_run3,4935000,1779292253.075804
approach4_mm2_run3,4936000,1779292253.077315
approach4_mm2_run3,4937000,1779292253.078818
approach4_mm2_run3,4938000,1779292253.133586
approach4_mm2_run3,4939000,1779292253.135138
approach4_mm2_run3,4940000,1779292253.136623
approach4_mm2_run3,4941000,1779292253.138124
approach4_mm2_run3,4942000,1779292253.139638
approach4_mm2_run3,4943000,1779292253.245740
approach4_mm2_run3,4944000,1779292253.247279
approach4_mm2_run3,4945000,1779292253.248767
approach4_mm2_run3,4946000,1779292253.250248
approach4_mm2_run3,4947000,1779292253.251757
approach4_mm2_run3,4948000,1779292253.428715
approach4_mm2_run3,4949000,1779292253.430392
approach4_mm2_run3,4950000,1779292253.432561
approach4_mm2_run3,4951000,1779292253.434549
approach4_mm2_run3,4952000,1779292253.436078
approach4_mm2_run3,4953000,1779292253.437553
approach4_mm2_run3,4954000,1779292253.439036
approach4_mm2_run3,4955000,1779292253.440515
approach4_mm2_run3,4956000,1779292253.441985
approach4_mm2_run3,4957000,1779292253.443473
approach4_mm2_run3,4958000,1779292253.445001
approach4_mm2_run3,4959000,1779292253.496507
approach4_mm2_run3,4960000,1779292253.497975
approach4_mm2_run3,4961000,1779292253.499461
approach4_mm2_run3,4962000,1779292253.500936
approach4_mm2_run3,4963000,1779292253.502427
approach4_mm2_run3,4964000,1779292253.639883
approach4_mm2_run3,4965000,1779292253.641335
approach4_mm2_run3,4966000,1779292253.642843
approach4_mm2_run3,4967000,1779292253.644332
approach4_mm2_run3,4968000,1779292253.645940
approach4_mm2_run3,4969000,1779292253.648393
approach4_mm2_run3,4970000,1779292253.649869
approach4_mm2_run3,4971000,1779292253.651343
approach4_mm2_run3,4972000,1779292253.652825
approach4_mm2_run3,4973000,1779292253.654310
approach4_mm2_run3,4974000,1779292253.796414
approach4_mm2_run3,4975000,1779292253.797937
approach4_mm2_run3,4976000,1779292253.799442
approach4_mm2_run3,4977000,1779292253.800941
approach4_mm2_run3,4978000,1779292253.802456
approach4_mm2_run3,4979000,1779292253.803950
approach4_mm2_run3,4980000,1779292253.861109
approach4_mm2_run3,4981000,1779292253.862608
approach4_mm2_run3,4982000,1779292253.864104
approach4_mm2_run3,4983000,1779292253.865631
approach4_mm2_run3,4984000,1779292253.867145
approach4_mm2_run3,4985000,1779292254.186503
approach4_mm2_run3,4986000,1779292254.188007
approach4_mm2_run3,4987000,1779292254.189506
approach4_mm2_run3,4988000,1779292254.191034
approach4_mm2_run3,4989000,1779292254.192520
approach4_mm2_run3,4990000,1779292254.227134
approach4_mm2_run3,4991000,1779292254.228634
approach4_mm2_run3,4992000,1779292254.230123
approach4_mm2_run3,4993000,1779292254.231670
approach4_mm2_run3,4994000,1779292254.233204
approach4_mm2_run3,4995000,1779292254.234714
approach4_mm2_run3,4996000,1779292254.315677
approach4_mm2_run3,4997000,1779292254.318026
approach4_mm2_run3,4998000,1779292254.319553
approach4_mm2_run3,4999000,1779292254.321073
approach4_mm2_run3,5000000,1779292254.322574
approach4_mm2_run3,5001000,1779292254.324104
approach4_mm2_run3,5002000,1779292254.325610
approach4_mm2_run3,5003000,1779292254.327113
approach4_mm2_run3,5004000,1779292254.328632
approach4_mm2_run3,5005000,1779292254.330133
approach4_mm2_run3,5006000,1779292254.368023
approach4_mm2_run3,5007000,1779292254.369514
approach4_mm2_run3,5008000,1779292254.371030
approach4_mm2_run3,5009000,1779292254.372518
approach4_mm2_run3,5010000,1779292254.373992
approach4_mm2_run3,5011000,1779292254.522142
approach4_mm2_run3,5012000,1779292254.523664
approach4_mm2_run3,5013000,1779292254.525648
approach4_mm2_run3,5014000,1779292254.527282
approach4_mm2_run3,5015000,1779292254.528804
approach4_mm2_run3,5016000,1779292254.531234
approach4_mm2_run3,5017000,1779292254.532706
approach4_mm2_run3,5018000,1779292254.534173
approach4_mm2_run3,5019000,1779292254.535682
approach4_mm2_run3,5020000,1779292254.537154
approach4_mm2_run3,5021000,1779292254.538651
approach4_mm2_run3,5022000,1779292254.589155
approach4_mm2_run3,5023000,1779292254.590637
approach4_mm2_run3,5024000,1779292254.592127
approach4_mm2_run3,5025000,1779292254.593668
approach4_mm2_run3,5026000,1779292254.595201
approach4_mm2_run3,5027000,1779292254.933521
approach4_mm2_run3,5028000,1779292254.935058
approach4_mm2_run3,5029000,1779292254.936563
approach4_mm2_run3,5030000,1779292254.938068
approach4_mm2_run3,5031000,1779292254.939575
approach4_mm2_run3,5032000,1779292254.941078
approach4_mm2_run3,5033000,1779292254.957778
approach4_mm2_run3,5034000,1779292254.959267
approach4_mm2_run3,5035000,1779292254.960756
approach4_mm2_run3,5036000,1779292254.962234
approach4_mm2_run3,5037000,1779292254.963730
approach4_mm2_run3,5038000,1779292255.045416
approach4_mm2_run3,5039000,1779292255.046935
approach4_mm2_run3,5040000,1779292255.048399
approach4_mm2_run3,5041000,1779292255.049868
approach4_mm2_run3,5042000,1779292255.051389
approach4_mm2_run3,5043000,1779292255.097894
approach4_mm2_run3,5044000,1779292255.099404
approach4_mm2_run3,5045000,1779292255.100880
approach4_mm2_run3,5046000,1779292255.102380
approach4_mm2_run3,5047000,1779292255.103868
approach4_mm2_run3,5048000,1779292255.202010
approach4_mm2_run3,5049000,1779292255.203530
approach4_mm2_run3,5050000,1779292255.205050
approach4_mm2_run3,5051000,1779292255.206575
approach4_mm2_run3,5052000,1779292255.208091
approach4_mm2_run3,5053000,1779292255.209597
approach4_mm2_run3,5054000,1779292255.248742
approach4_mm2_run3,5055000,1779292255.250235
approach4_mm2_run3,5056000,1779292255.251784
approach4_mm2_run3,5057000,1779292255.253318
approach4_mm2_run3,5058000,1779292255.254856
approach4_mm2_run3,5059000,1779292255.314378
approach4_mm2_run3,5060000,1779292255.315914
approach4_mm2_run3,5061000,1779292255.317420
approach4_mm2_run3,5062000,1779292255.318913
approach4_mm2_run3,5063000,1779292255.320397
approach4_mm2_run3,5064000,1779292255.409270
approach4_mm2_run3,5065000,1779292255.410749
approach4_mm2_run3,5066000,1779292255.412218
approach4_mm2_run3,5067000,1779292255.413700
approach4_mm2_run3,5068000,1779292255.415239
approach4_mm2_run3,5069000,1779292255.685317
approach4_mm2_run3,5070000,1779292255.686888
approach4_mm2_run3,5071000,1779292255.688602
approach4_mm2_run3,5072000,1779292255.690716
approach4_mm2_run3,5073000,1779292255.692205
approach4_mm2_run3,5074000,1779292255.693687
approach4_mm2_run3,5075000,1779292255.695231
approach4_mm2_run3,5076000,1779292255.696728
approach4_mm2_run3,5077000,1779292255.698227
approach4_mm2_run3,5078000,1779292255.699738
approach4_mm2_run3,5079000,1779292255.701213
approach4_mm2_run3,5080000,1779292255.771810
approach4_mm2_run3,5081000,1779292255.773310
approach4_mm2_run3,5082000,1779292255.774857
approach4_mm2_run3,5083000,1779292255.776380
approach4_mm2_run3,5084000,1779292255.777894
approach4_mm2_run3,5085000,1779292255.828118
approach4_mm2_run3,5086000,1779292255.829626
approach4_mm2_run3,5087000,1779292255.831146
approach4_mm2_run3,5088000,1779292255.832614
approach4_mm2_run3,5089000,1779292255.834132
approach4_mm2_run3,5090000,1779292255.835700
approach4_mm2_run3,5091000,1779292255.976560
approach4_mm2_run3,5092000,1779292255.978052
approach4_mm2_run3,5093000,1779292255.979535
approach4_mm2_run3,5094000,1779292255.981046
approach4_mm2_run3,5095000,1779292255.982565
approach4_mm2_run3,5096000,1779292256.041189
approach4_mm2_run3,5097000,1779292256.042664
approach4_mm2_run3,5098000,1779292256.044183
approach4_mm2_run3,5099000,1779292256.045705
approach4_mm2_run3,5100000,1779292256.047214
approach4_mm2_run3,5101000,1779292256.073270
approach4_mm2_run3,5102000,1779292256.074793
approach4_mm2_run3,5103000,1779292256.076335
approach4_mm2_run3,5104000,1779292256.077820
approach4_mm2_run3,5105000,1779292256.079315
approach4_mm2_run3,5106000,1779292256.291563
approach4_mm2_run3,5107000,1779292256.293058
approach4_mm2_run3,5108000,1779292256.294557
approach4_mm2_run3,5109000,1779292256.296082
approach4_mm2_run3,5110000,1779292256.297573
approach4_mm2_run3,5111000,1779292256.299206
approach4_mm2_run3,5112000,1779292256.416647
approach4_mm2_run3,5113000,1779292256.418108
approach4_mm2_run3,5114000,1779292256.419618
approach4_mm2_run3,5115000,1779292256.421083
approach4_mm2_run3,5116000,1779292256.422574
approach4_mm2_run3,5117000,1779292256.432162
approach4_mm2_run3,5118000,1779292256.433645
approach4_mm2_run3,5119000,1779292256.435222
approach4_mm2_run3,5120000,1779292256.436726
approach4_mm2_run3,5121000,1779292256.438206
approach4_mm2_run3,5122000,1779292256.501520
approach4_mm2_run3,5123000,1779292256.503027
approach4_mm2_run3,5124000,1779292256.504514
approach4_mm2_run3,5125000,1779292256.506046
approach4_mm2_run3,5126000,1779292256.507553
approach4_mm2_run3,5127000,1779292256.509060
approach4_mm2_run3,5128000,1779292256.560008
approach4_mm2_run3,5129000,1779292256.561513
approach4_mm2_run3,5130000,1779292256.563029
approach4_mm2_run3,5131000,1779292256.564506
approach4_mm2_run3,5132000,1779292256.566044
approach4_mm2_run3,5133000,1779292256.704070
approach4_mm2_run3,5134000,1779292256.705577
approach4_mm2_run3,5135000,1779292256.707082
approach4_mm2_run3,5136000,1779292256.708564
approach4_mm2_run3,5137000,1779292256.710029
approach4_mm2_run3,5138000,1779292256.767895
approach4_mm2_run3,5139000,1779292256.769374
approach4_mm2_run3,5140000,1779292256.770894
approach4_mm2_run3,5141000,1779292256.772360
approach4_mm2_run3,5142000,1779292256.773842
approach4_mm2_run3,5143000,1779292256.958242
approach4_mm2_run3,5144000,1779292256.959730
approach4_mm2_run3,5145000,1779292256.961210
approach4_mm2_run3,5146000,1779292256.962694
approach4_mm2_run3,5147000,1779292256.964168
approach4_mm2_run3,5148000,1779292256.965701
approach4_mm2_run3,5149000,1779292257.146209
approach4_mm2_run3,5150000,1779292257.147706
approach4_mm2_run3,5151000,1779292257.149177
approach4_mm2_run3,5152000,1779292257.150668
approach4_mm2_run3,5153000,1779292257.152156
approach4_mm2_run3,5154000,1779292257.172223
approach4_mm2_run3,5155000,1779292257.173701
approach4_mm2_run3,5156000,1779292257.175225
approach4_mm2_run3,5157000,1779292257.176705
approach4_mm2_run3,5158000,1779292257.178207
approach4_mm2_run3,5159000,1779292257.226986
approach4_mm2_run3,5160000,1779292257.228503
approach4_mm2_run3,5161000,1779292257.229980
approach4_mm2_run3,5162000,1779292257.231532
approach4_mm2_run3,5163000,1779292257.233012
approach4_mm2_run3,5164000,1779292257.291025
approach4_mm2_run3,5165000,1779292257.292520
approach4_mm2_run3,5166000,1779292257.294000
approach4_mm2_run3,5167000,1779292257.295535
approach4_mm2_run3,5168000,1779292257.297026
approach4_mm2_run3,5169000,1779292257.298537
approach4_mm2_run3,5170000,1779292257.429173
approach4_mm2_run3,5171000,1779292257.430686
approach4_mm2_run3,5172000,1779292257.432178
approach4_mm2_run3,5173000,1779292257.433662
approach4_mm2_run3,5174000,1779292257.435221
approach4_mm2_run3,5175000,1779292257.495398
approach4_mm2_run3,5176000,1779292257.496883
approach4_mm2_run3,5177000,1779292257.498354
approach4_mm2_run3,5178000,1779292257.499823
approach4_mm2_run3,5179000,1779292257.501303
approach4_mm2_run3,5180000,1779292257.532598
approach4_mm2_run3,5181000,1779292257.534062
approach4_mm2_run3,5182000,1779292257.535638
approach4_mm2_run3,5183000,1779292257.537122
approach4_mm2_run3,5184000,1779292257.538618
approach4_mm2_run3,5185000,1779292257.540091
approach4_mm2_run3,5186000,1779292257.846174
approach4_mm2_run3,5187000,1779292257.847695
approach4_mm2_run3,5188000,1779292257.849170
approach4_mm2_run3,5189000,1779292257.850662
approach4_mm2_run3,5190000,1779292257.852164
approach4_mm2_run3,5191000,1779292257.955646
approach4_mm2_run3,5192000,1779292257.957177
approach4_mm2_run3,5193000,1779292257.958677
approach4_mm2_run3,5194000,1779292257.960194
approach4_mm2_run3,5195000,1779292257.961709
approach4_mm2_run3,5196000,1779292258.023810
approach4_mm2_run3,5197000,1779292258.025315
approach4_mm2_run3,5198000,1779292258.026824
approach4_mm2_run3,5199000,1779292258.028314
approach4_mm2_run3,5200000,1779292258.029811
approach4_mm2_run3,5201000,1779292258.058480
approach4_mm2_run3,5202000,1779292258.059966
approach4_mm2_run3,5203000,1779292258.061462
approach4_mm2_run3,5204000,1779292258.062953
approach4_mm2_run3,5205000,1779292258.064452
approach4_mm2_run3,5206000,1779292258.065963
approach4_mm2_run3,5207000,1779292258.153672
approach4_mm2_run3,5208000,1779292258.155200
approach4_mm2_run3,5209000,1779292258.156707
approach4_mm2_run3,5210000,1779292258.158234
approach4_mm2_run3,5211000,1779292258.159754
approach4_mm2_run3,5212000,1779292258.222490
approach4_mm2_run3,5213000,1779292258.223989
approach4_mm2_run3,5214000,1779292258.225510
approach4_mm2_run3,5215000,1779292258.227022
approach4_mm2_run3,5216000,1779292258.228515
approach4_mm2_run3,5217000,1779292258.283628
approach4_mm2_run3,5218000,1779292258.285161
approach4_mm2_run3,5219000,1779292258.286687
approach4_mm2_run3,5220000,1779292258.288155
approach4_mm2_run3,5221000,1779292258.289631
approach4_mm2_run3,5222000,1779292258.566272
approach4_mm2_run3,5223000,1779292258.567810
approach4_mm2_run3,5224000,1779292258.569308
approach4_mm2_run3,5225000,1779292258.570803
approach4_mm2_run3,5226000,1779292258.572302
approach4_mm2_run3,5227000,1779292258.573824
approach4_mm2_run3,5228000,1779292258.681875
approach4_mm2_run3,5229000,1779292258.683393
approach4_mm2_run3,5230000,1779292258.684906
approach4_mm2_run3,5231000,1779292258.686418
approach4_mm2_run3,5232000,1779292258.687927
approach4_mm2_run3,5233000,1779292258.730981
approach4_mm2_run3,5234000,1779292258.732458
approach4_mm2_run3,5235000,1779292258.733955
approach4_mm2_run3,5236000,1779292258.735478
approach4_mm2_run3,5237000,1779292258.736987
approach4_mm2_run3,5238000,1779292258.751143
approach4_mm2_run3,5239000,1779292258.752619
approach4_mm2_run3,5240000,1779292258.754119
approach4_mm2_run3,5241000,1779292258.755630
approach4_mm2_run3,5242000,1779292258.757118
approach4_mm2_run3,5243000,1779292258.758645
approach4_mm2_run3,5244000,1779292258.879148
approach4_mm2_run3,5245000,1779292258.880679
approach4_mm2_run3,5246000,1779292258.882201
approach4_mm2_run3,5247000,1779292258.883702
approach4_mm2_run3,5248000,1779292258.885244
approach4_mm2_run3,5249000,1779292258.938174
approach4_mm2_run3,5250000,1779292258.939665
approach4_mm2_run3,5251000,1779292258.941141
approach4_mm2_run3,5252000,1779292258.942640
approach4_mm2_run3,5253000,1779292258.944129
approach4_mm2_run3,5254000,1779292258.952756
approach4_mm2_run3,5255000,1779292258.954241
approach4_mm2_run3,5256000,1779292258.955734
approach4_mm2_run3,5257000,1779292258.957227
approach4_mm2_run3,5258000,1779292258.958738
approach4_mm2_run3,5259000,1779292259.033407
approach4_mm2_run3,5260000,1779292259.034916
approach4_mm2_run3,5261000,1779292259.036398
approach4_mm2_run3,5262000,1779292259.037859
approach4_mm2_run3,5263000,1779292259.039342
approach4_mm2_run3,5264000,1779292259.040805
approach4_mm2_run3,5265000,1779292259.292865
approach4_mm2_run3,5266000,1779292259.294338
approach4_mm2_run3,5267000,1779292259.295851
approach4_mm2_run3,5268000,1779292259.297325
approach4_mm2_run3,5269000,1779292259.298809
approach4_mm2_run3,5270000,1779292259.408988
approach4_mm2_run3,5271000,1779292259.410483
approach4_mm2_run3,5272000,1779292259.411971
approach4_mm2_run3,5273000,1779292259.413436
approach4_mm2_run3,5274000,1779292259.414960
approach4_mm2_run3,5275000,1779292259.483899
approach4_mm2_run3,5276000,1779292259.485391
approach4_mm2_run3,5277000,1779292259.486889
approach4_mm2_run3,5278000,1779292259.488377
approach4_mm2_run3,5279000,1779292259.489857
approach4_mm2_run3,5280000,1779292259.491342
approach4_mm2_run3,5281000,1779292259.602932
approach4_mm2_run3,5282000,1779292259.604901
approach4_mm2_run3,5283000,1779292259.606713
approach4_mm2_run3,5284000,1779292259.608196
approach4_mm2_run3,5285000,1779292259.609654
approach4_mm2_run3,5286000,1779292259.611162
approach4_mm2_run3,5287000,1779292259.612643
approach4_mm2_run3,5288000,1779292259.614141
approach4_mm2_run3,5289000,1779292259.615669
approach4_mm2_run3,5290000,1779292259.617159
approach4_mm2_run3,5291000,1779292259.681886
approach4_mm2_run3,5292000,1779292259.683387
approach4_mm2_run3,5293000,1779292259.684905
approach4_mm2_run3,5294000,1779292259.686397
approach4_mm2_run3,5295000,1779292259.687900
approach4_mm2_run3,5296000,1779292259.781004
approach4_mm2_run3,5297000,1779292259.782526
approach4_mm2_run3,5298000,1779292259.784012
approach4_mm2_run3,5299000,1779292259.785554
approach4_mm2_run3,5300000,1779292259.787077
approach4_mm2_run3,5301000,1779292259.788578
approach4_mm2_run3,5302000,1779292259.817574
approach4_mm2_run3,5303000,1779292259.819081
approach4_mm2_run3,5304000,1779292259.820554
approach4_mm2_run3,5305000,1779292259.822051
approach4_mm2_run3,5306000,1779292259.823563
approach4_mm2_run3,5307000,1779292260.021821
approach4_mm2_run3,5308000,1779292260.023358
approach4_mm2_run3,5309000,1779292260.024894
approach4_mm2_run3,5310000,1779292260.026378
approach4_mm2_run3,5311000,1779292260.027880
approach4_mm2_run3,5312000,1779292260.141283
approach4_mm2_run3,5313000,1779292260.142789
approach4_mm2_run3,5314000,1779292260.144273
approach4_mm2_run3,5315000,1779292260.145780
approach4_mm2_run3,5316000,1779292260.147265
approach4_mm2_run3,5317000,1779292260.213615
approach4_mm2_run3,5318000,1779292260.215135
approach4_mm2_run3,5319000,1779292260.216615
approach4_mm2_run3,5320000,1779292260.218107
approach4_mm2_run3,5321000,1779292260.219595
approach4_mm2_run3,5322000,1779292260.221084
approach4_mm2_run3,5323000,1779292260.411161
approach4_mm2_run3,5324000,1779292260.412645
approach4_mm2_run3,5325000,1779292260.414112
approach4_mm2_run3,5326000,1779292260.415636
approach4_mm2_run3,5327000,1779292260.417113
approach4_mm2_run3,5328000,1779292260.490788
approach4_mm2_run3,5329000,1779292260.492268
approach4_mm2_run3,5330000,1779292260.493741
approach4_mm2_run3,5331000,1779292260.495238
approach4_mm2_run3,5332000,1779292260.496684
approach4_mm2_run3,5333000,1779292260.529348
approach4_mm2_run3,5334000,1779292260.530829
approach4_mm2_run3,5335000,1779292260.532312
approach4_mm2_run3,5336000,1779292260.533786
approach4_mm2_run3,5337000,1779292260.535298
approach4_mm2_run3,5338000,1779292260.536758
approach4_mm2_run3,5339000,1779292260.681551
approach4_mm2_run3,5340000,1779292260.683036
approach4_mm2_run3,5341000,1779292260.684529
approach4_mm2_run3,5342000,1779292260.686039
approach4_mm2_run3,5343000,1779292260.687545
approach4_mm2_run3,5344000,1779292260.698375
approach4_mm2_run3,5345000,1779292260.699861
approach4_mm2_run3,5346000,1779292260.701335
approach4_mm2_run3,5347000,1779292260.702818
approach4_mm2_run3,5348000,1779292260.704288
approach4_mm2_run3,5349000,1779292260.745616
approach4_mm2_run3,5350000,1779292260.747097
approach4_mm2_run3,5351000,1779292260.748583
approach4_mm2_run3,5352000,1779292260.750069
approach4_mm2_run3,5353000,1779292260.751554
approach4_mm2_run3,5354000,1779292260.866901
approach4_mm2_run3,5355000,1779292260.868370
approach4_mm2_run3,5356000,1779292260.869824
approach4_mm2_run3,5357000,1779292260.871327
approach4_mm2_run3,5358000,1779292260.872797
approach4_mm2_run3,5359000,1779292260.874280
approach4_mm2_run3,5360000,1779292260.943538
approach4_mm2_run3,5361000,1779292260.945060
approach4_mm2_run3,5362000,1779292260.946555
approach4_mm2_run3,5363000,1779292260.948035
approach4_mm2_run3,5364000,1779292260.949528
approach4_mm2_run3,5365000,1779292261.142256
approach4_mm2_run3,5366000,1779292261.143747
approach4_mm2_run3,5367000,1779292261.145262
approach4_mm2_run3,5368000,1779292261.146747
approach4_mm2_run3,5369000,1779292261.148218
approach4_mm2_run3,5370000,1779292261.279389
approach4_mm2_run3,5371000,1779292261.280908
approach4_mm2_run3,5372000,1779292261.282421
approach4_mm2_run3,5373000,1779292261.283887
approach4_mm2_run3,5374000,1779292261.285404
approach4_mm2_run3,5375000,1779292261.286890
approach4_mm2_run3,5376000,1779292261.376743
approach4_mm2_run3,5377000,1779292261.378220
approach4_mm2_run3,5378000,1779292261.379712
approach4_mm2_run3,5379000,1779292261.381188
approach4_mm2_run3,5380000,1779292261.382674
approach4_mm2_run3,5381000,1779292261.409087
approach4_mm2_run3,5382000,1779292261.410589
approach4_mm2_run3,5383000,1779292261.412078
approach4_mm2_run3,5384000,1779292261.413565
approach4_mm2_run3,5385000,1779292261.415105
approach4_mm2_run3,5386000,1779292261.471066
approach4_mm2_run3,5387000,1779292261.472538
approach4_mm2_run3,5388000,1779292261.474009
approach4_mm2_run3,5389000,1779292261.475526
approach4_mm2_run3,5390000,1779292261.477014
approach4_mm2_run3,5391000,1779292261.580147
approach4_mm2_run3,5392000,1779292261.581640
approach4_mm2_run3,5393000,1779292261.583137
approach4_mm2_run3,5394000,1779292261.584610
approach4_mm2_run3,5395000,1779292261.586129
approach4_mm2_run3,5396000,1779292261.587616
approach4_mm2_run3,5397000,1779292261.597806
approach4_mm2_run3,5398000,1779292261.599294
approach4_mm2_run3,5399000,1779292261.600788
approach4_mm2_run3,5400000,1779292261.602265
approach4_mm2_run3,5401000,1779292261.603748
approach4_mm2_run3,5402000,1779292261.675131
approach4_mm2_run3,5403000,1779292261.676613
approach4_mm2_run3,5404000,1779292261.678079
approach4_mm2_run3,5405000,1779292261.679565
approach4_mm2_run3,5406000,1779292261.681037
approach4_mm2_run3,5407000,1779292261.869722
approach4_mm2_run3,5408000,1779292261.871202
approach4_mm2_run3,5409000,1779292261.872662
approach4_mm2_run3,5410000,1779292261.874136
approach4_mm2_run3,5411000,1779292261.875668
approach4_mm2_run3,5412000,1779292262.031719
approach4_mm2_run3,5413000,1779292262.033187
approach4_mm2_run3,5414000,1779292262.034697
approach4_mm2_run3,5415000,1779292262.036230
approach4_mm2_run3,5416000,1779292262.037704
approach4_mm2_run3,5417000,1779292262.039190
approach4_mm2_run3,5418000,1779292262.138146
approach4_mm2_run3,5419000,1779292262.139646
approach4_mm2_run3,5420000,1779292262.141147
approach4_mm2_run3,5421000,1779292262.142683
approach4_mm2_run3,5422000,1779292262.144170
approach4_mm2_run3,5423000,1779292262.196916
approach4_mm2_run3,5424000,1779292262.198430
approach4_mm2_run3,5425000,1779292262.199943
approach4_mm2_run3,5426000,1779292262.201417
approach4_mm2_run3,5427000,1779292262.202944
approach4_mm2_run3,5428000,1779292262.259289
approach4_mm2_run3,5429000,1779292262.260774
approach4_mm2_run3,5430000,1779292262.262265
approach4_mm2_run3,5431000,1779292262.263798
approach4_mm2_run3,5432000,1779292262.265329
approach4_mm2_run3,5433000,1779292262.266842
approach4_mm2_run3,5434000,1779292262.324642
approach4_mm2_run3,5435000,1779292262.326177
approach4_mm2_run3,5436000,1779292262.327686
approach4_mm2_run3,5437000,1779292262.329182
approach4_mm2_run3,5438000,1779292262.330693
approach4_mm2_run3,5439000,1779292262.404470
approach4_mm2_run3,5440000,1779292262.406013
approach4_mm2_run3,5441000,1779292262.407556
approach4_mm2_run3,5442000,1779292262.409037
approach4_mm2_run3,5443000,1779292262.410547
approach4_mm2_run3,5444000,1779292262.461873
approach4_mm2_run3,5445000,1779292262.463379
approach4_mm2_run3,5446000,1779292262.464906
approach4_mm2_run3,5447000,1779292262.466377
approach4_mm2_run3,5448000,1779292262.467891
approach4_mm2_run3,5449000,1779292262.599851
approach4_mm2_run3,5450000,1779292262.601322
approach4_mm2_run3,5451000,1779292262.602819
approach4_mm2_run3,5452000,1779292262.604296
approach4_mm2_run3,5453000,1779292262.605795
approach4_mm2_run3,5454000,1779292262.607311
approach4_mm2_run3,5455000,1779292262.780620
approach4_mm2_run3,5456000,1779292262.782116
approach4_mm2_run3,5457000,1779292262.783631
approach4_mm2_run3,5458000,1779292262.785142
approach4_mm2_run3,5459000,1779292262.786660
approach4_mm2_run3,5460000,1779292262.861433
approach4_mm2_run3,5461000,1779292262.862952
approach4_mm2_run3,5462000,1779292262.864436
approach4_mm2_run3,5463000,1779292262.865956
approach4_mm2_run3,5464000,1779292262.867453
approach4_mm2_run3,5465000,1779292262.923578
approach4_mm2_run3,5466000,1779292262.925116
approach4_mm2_run3,5467000,1779292262.926616
approach4_mm2_run3,5468000,1779292262.928105
approach4_mm2_run3,5469000,1779292262.929605
approach4_mm2_run3,5470000,1779292262.931112
approach4_mm2_run3,5471000,1779292263.052215
approach4_mm2_run3,5472000,1779292263.053710
approach4_mm2_run3,5473000,1779292263.055748
approach4_mm2_run3,5474000,1779292263.057218
approach4_mm2_run3,5475000,1779292263.058758
approach4_mm2_run3,5476000,1779292263.136843
approach4_mm2_run3,5477000,1779292263.138358
approach4_mm2_run3,5478000,1779292263.139852
approach4_mm2_run3,5479000,1779292263.141350
approach4_mm2_run3,5480000,1779292263.142930
approach4_mm2_run3,5481000,1779292263.146053
approach4_mm2_run3,5482000,1779292263.147533
approach4_mm2_run3,5483000,1779292263.149052
approach4_mm2_run3,5484000,1779292263.150541
approach4_mm2_run3,5485000,1779292263.152044
approach4_mm2_run3,5486000,1779292263.329781
approach4_mm2_run3,5487000,1779292263.331278
approach4_mm2_run3,5488000,1779292263.332746
approach4_mm2_run3,5489000,1779292263.334222
approach4_mm2_run3,5490000,1779292263.335749
approach4_mm2_run3,5491000,1779292263.337256
approach4_mm2_run3,5492000,1779292263.343459
approach4_mm2_run3,5493000,1779292263.344964
approach4_mm2_run3,5494000,1779292263.346446
approach4_mm2_run3,5495000,1779292263.347935
approach4_mm2_run3,5496000,1779292263.349427
approach4_mm2_run3,5497000,1779292263.529348
approach4_mm2_run3,5498000,1779292263.530848
approach4_mm2_run3,5499000,1779292263.532317
approach4_mm2_run3,5500000,1779292263.533795
approach4_mm2_run3,5501000,1779292263.535364
approach4_mm2_run3,5502000,1779292263.587092
approach4_mm2_run3,5503000,1779292263.588556
approach4_mm2_run3,5504000,1779292263.590030
approach4_mm2_run3,5505000,1779292263.591523
approach4_mm2_run3,5506000,1779292263.592997
approach4_mm2_run3,5507000,1779292263.648946
approach4_mm2_run3,5508000,1779292263.650427
approach4_mm2_run3,5509000,1779292263.651905
approach4_mm2_run3,5510000,1779292263.653364
approach4_mm2_run3,5511000,1779292263.654883
approach4_mm2_run3,5512000,1779292263.656360
approach4_mm2_run3,5513000,1779292263.780031
approach4_mm2_run3,5514000,1779292263.781507
approach4_mm2_run3,5515000,1779292263.783001
approach4_mm2_run3,5516000,1779292263.784479
approach4_mm2_run3,5517000,1779292263.785998
approach4_mm2_run3,5518000,1779292263.868267
approach4_mm2_run3,5519000,1779292263.869763
approach4_mm2_run3,5520000,1779292263.871254
approach4_mm2_run3,5521000,1779292263.872734
approach4_mm2_run3,5522000,1779292263.874220
approach4_mm2_run3,5523000,1779292264.018344
approach4_mm2_run3,5524000,1779292264.019815
approach4_mm2_run3,5525000,1779292264.021297
approach4_mm2_run3,5526000,1779292264.022775
approach4_mm2_run3,5527000,1779292264.024258
approach4_mm2_run3,5528000,1779292264.025749
approach4_mm2_run3,5529000,1779292264.060938
approach4_mm2_run3,5530000,1779292264.062402
approach4_mm2_run3,5531000,1779292264.063882
approach4_mm2_run3,5532000,1779292264.065386
approach4_mm2_run3,5533000,1779292264.066888
approach4_mm2_run3,5534000,1779292264.281622
approach4_mm2_run3,5535000,1779292264.283114
approach4_mm2_run3,5536000,1779292264.284581
approach4_mm2_run3,5537000,1779292264.286096
approach4_mm2_run3,5538000,1779292264.287597
approach4_mm2_run3,5539000,1779292264.314012
approach4_mm2_run3,5540000,1779292264.315536
approach4_mm2_run3,5541000,1779292264.317014
approach4_mm2_run3,5542000,1779292264.318497
approach4_mm2_run3,5543000,1779292264.319977
approach4_mm2_run3,5544000,1779292264.376477
approach4_mm2_run3,5545000,1779292264.377960
approach4_mm2_run3,5546000,1779292264.379445
approach4_mm2_run3,5547000,1779292264.380921
approach4_mm2_run3,5548000,1779292264.382409
approach4_mm2_run3,5549000,1779292264.383884
approach4_mm2_run3,5550000,1779292264.507611
approach4_mm2_run3,5551000,1779292264.509108
approach4_mm2_run3,5552000,1779292264.510619
approach4_mm2_run3,5553000,1779292264.512098
approach4_mm2_run3,5554000,1779292264.513570
approach4_mm2_run3,5555000,1779292264.570401
approach4_mm2_run3,5556000,1779292264.571880
approach4_mm2_run3,5557000,1779292264.573366
approach4_mm2_run3,5558000,1779292264.574898
approach4_mm2_run3,5559000,1779292264.576380
approach4_mm2_run3,5560000,1779292264.596584
approach4_mm2_run3,5561000,1779292264.598076
approach4_mm2_run3,5562000,1779292264.599575
approach4_mm2_run3,5563000,1779292264.601039
approach4_mm2_run3,5564000,1779292264.602526
approach4_mm2_run3,5565000,1779292264.786982
approach4_mm2_run3,5566000,1779292264.788458
approach4_mm2_run3,5567000,1779292264.789938
approach4_mm2_run3,5568000,1779292264.791423
approach4_mm2_run3,5569000,1779292264.792905
approach4_mm2_run3,5570000,1779292264.794396
approach4_mm2_run3,5571000,1779292264.906372
approach4_mm2_run3,5572000,1779292264.907839
approach4_mm2_run3,5573000,1779292264.909320
approach4_mm2_run3,5574000,1779292264.910805
approach4_mm2_run3,5575000,1779292264.912292
approach4_mm2_run3,5576000,1779292265.031285
approach4_mm2_run3,5577000,1779292265.032769
approach4_mm2_run3,5578000,1779292265.034234
approach4_mm2_run3,5579000,1779292265.035765
approach4_mm2_run3,5580000,1779292265.037257
approach4_mm2_run3,5581000,1779292265.039786
approach4_mm2_run3,5582000,1779292265.041261
approach4_mm2_run3,5583000,1779292265.042752
approach4_mm2_run3,5584000,1779292265.044223
approach4_mm2_run3,5585000,1779292265.045727
approach4_mm2_run3,5586000,1779292265.047212
approach4_mm2_run3,5587000,1779292265.103593
approach4_mm2_run3,5588000,1779292265.105088
approach4_mm2_run3,5589000,1779292265.106584
approach4_mm2_run3,5590000,1779292265.108061
approach4_mm2_run3,5591000,1779292265.109522
approach4_mm2_run3,5592000,1779292265.232890
approach4_mm2_run3,5593000,1779292265.234364
approach4_mm2_run3,5594000,1779292265.235882
approach4_mm2_run3,5595000,1779292265.237361
approach4_mm2_run3,5596000,1779292265.238853
approach4_mm2_run3,5597000,1779292265.329344
approach4_mm2_run3,5598000,1779292265.330837
approach4_mm2_run3,5599000,1779292265.332302
approach4_mm2_run3,5600000,1779292265.333788
approach4_mm2_run3,5601000,1779292265.335313
approach4_mm2_run3,5602000,1779292265.453086
approach4_mm2_run3,5603000,1779292265.454573
approach4_mm2_run3,5604000,1779292265.456080
approach4_mm2_run3,5605000,1779292265.457547
approach4_mm2_run3,5606000,1779292265.459039
approach4_mm2_run3,5607000,1779292265.460515
approach4_mm2_run3,5608000,1779292265.518007
approach4_mm2_run3,5609000,1779292265.519497
approach4_mm2_run3,5610000,1779292265.520976
approach4_mm2_run3,5611000,1779292265.522454
approach4_mm2_run3,5612000,1779292265.523922
approach4_mm2_run3,5613000,1779292265.767767
approach4_mm2_run3,5614000,1779292265.769264
approach4_mm2_run3,5615000,1779292265.770765
approach4_mm2_run3,5616000,1779292265.772251
approach4_mm2_run3,5617000,1779292265.773744
approach4_mm2_run3,5618000,1779292265.781325
approach4_mm2_run3,5619000,1779292265.782809
approach4_mm2_run3,5620000,1779292265.784287
approach4_mm2_run3,5621000,1779292265.785791
approach4_mm2_run3,5622000,1779292265.787266
approach4_mm2_run3,5623000,1779292265.788792
approach4_mm2_run3,5624000,1779292265.831712
approach4_mm2_run3,5625000,1779292265.833169
approach4_mm2_run3,5626000,1779292265.834683
approach4_mm2_run3,5627000,1779292265.836181
approach4_mm2_run3,5628000,1779292265.837667
approach4_mm2_run3,5629000,1779292265.960828
approach4_mm2_run3,5630000,1779292265.962292
approach4_mm2_run3,5631000,1779292265.963777
approach4_mm2_run3,5632000,1779292265.965289
approach4_mm2_run3,5633000,1779292265.966771
approach4_mm2_run3,5634000,1779292266.060078
approach4_mm2_run3,5635000,1779292266.061565
approach4_mm2_run3,5636000,1779292266.063055
approach4_mm2_run3,5637000,1779292266.064514
approach4_mm2_run3,5638000,1779292266.066020
approach4_mm2_run3,5639000,1779292266.132643
approach4_mm2_run3,5640000,1779292266.134144
approach4_mm2_run3,5641000,1779292266.135661
approach4_mm2_run3,5642000,1779292266.137142
approach4_mm2_run3,5643000,1779292266.138638
approach4_mm2_run3,5644000,1779292266.140135
approach4_mm2_run3,5645000,1779292266.246963
approach4_mm2_run3,5646000,1779292266.248437
approach4_mm2_run3,5647000,1779292266.249904
approach4_mm2_run3,5648000,1779292266.251385
approach4_mm2_run3,5649000,1779292266.252845
approach4_mm2_run3,5650000,1779292266.335945
approach4_mm2_run3,5651000,1779292266.337417
approach4_mm2_run3,5652000,1779292266.338913
approach4_mm2_run3,5653000,1779292266.340394
approach4_mm2_run3,5654000,1779292266.341873
approach4_mm2_run3,5655000,1779292266.492019
approach4_mm2_run3,5656000,1779292266.493503
approach4_mm2_run3,5657000,1779292266.495039
approach4_mm2_run3,5658000,1779292266.496516
approach4_mm2_run3,5659000,1779292266.497993
approach4_mm2_run3,5660000,1779292266.527331
approach4_mm2_run3,5661000,1779292266.528804
approach4_mm2_run3,5662000,1779292266.530288
approach4_mm2_run3,5663000,1779292266.531780
approach4_mm2_run3,5664000,1779292266.533252
approach4_mm2_run3,5665000,1779292266.534759
approach4_mm2_run3,5666000,1779292266.558975
approach4_mm2_run3,5667000,1779292266.560483
approach4_mm2_run3,5668000,1779292266.561961
approach4_mm2_run3,5669000,1779292266.563434
approach4_mm2_run3,5670000,1779292266.564955
approach4_mm2_run3,5671000,1779292266.687743
approach4_mm2_run3,5672000,1779292266.689224
approach4_mm2_run3,5673000,1779292266.690720
approach4_mm2_run3,5674000,1779292266.692180
approach4_mm2_run3,5675000,1779292266.693666
approach4_mm2_run3,5676000,1779292266.789555
approach4_mm2_run3,5677000,1779292266.791045
approach4_mm2_run3,5678000,1779292266.792528
approach4_mm2_run3,5679000,1779292266.794017
approach4_mm2_run3,5680000,1779292266.795555
approach4_mm2_run3,5681000,1779292266.797053
approach4_mm2_run3,5682000,1779292266.977539
approach4_mm2_run3,5683000,1779292266.979057
approach4_mm2_run3,5684000,1779292266.980542
approach4_mm2_run3,5685000,1779292266.982018
approach4_mm2_run3,5686000,1779292266.983573
approach4_mm2_run3,5687000,1779292267.021401
approach4_mm2_run3,5688000,1779292267.022892
approach4_mm2_run3,5689000,1779292267.024363
approach4_mm2_run3,5690000,1779292267.025857
approach4_mm2_run3,5691000,1779292267.027348
approach4_mm2_run3,5692000,1779292267.216976
approach4_mm2_run3,5693000,1779292267.218766
approach4_mm2_run3,5694000,1779292267.221043
approach4_mm2_run3,5695000,1779292267.222586
approach4_mm2_run3,5696000,1779292267.224082
approach4_mm2_run3,5697000,1779292267.225580
approach4_mm2_run3,5698000,1779292267.227085
approach4_mm2_run3,5699000,1779292267.228596
approach4_mm2_run3,5700000,1779292267.230076
approach4_mm2_run3,5701000,1779292267.231606
approach4_mm2_run3,5702000,1779292267.233108
approach4_mm2_run3,5703000,1779292267.274033
approach4_mm2_run3,5704000,1779292267.275559
approach4_mm2_run3,5705000,1779292267.277063
approach4_mm2_run3,5706000,1779292267.278571
approach4_mm2_run3,5707000,1779292267.280201
approach4_mm2_run3,5708000,1779292267.284162
approach4_mm2_run3,5709000,1779292267.285672
approach4_mm2_run3,5710000,1779292267.287178
approach4_mm2_run3,5711000,1779292267.288661
approach4_mm2_run3,5712000,1779292267.290151
approach4_mm2_run3,5713000,1779292267.413794
approach4_mm2_run3,5714000,1779292267.415327
approach4_mm2_run3,5715000,1779292267.416843
approach4_mm2_run3,5716000,1779292267.418321
approach4_mm2_run3,5717000,1779292267.419822
approach4_mm2_run3,5718000,1779292267.421353
approach4_mm2_run3,5719000,1779292267.500734
approach4_mm2_run3,5720000,1779292267.502246
approach4_mm2_run3,5721000,1779292267.503761
approach4_mm2_run3,5722000,1779292267.505282
approach4_mm2_run3,5723000,1779292267.506811
approach4_mm2_run3,5724000,1779292267.639280
approach4_mm2_run3,5725000,1779292267.707937
approach4_mm2_run3,5726000,1779292267.709405
approach4_mm2_run3,5727000,1779292267.710893
approach4_mm2_run3,5728000,1779292267.712356
approach4_mm2_run3,5729000,1779292267.713836
approach4_mm2_run3,5730000,1779292267.729992
approach4_mm2_run3,5731000,1779292267.890745
approach4_mm2_run3,5732000,1779292267.892210
approach4_mm2_run3,5733000,1779292267.893701
approach4_mm2_run3,5734000,1779292267.895245
approach4_mm2_run3,5735000,1779292267.896722
approach4_mm2_run3,5736000,1779292267.943845
approach4_mm2_run3,5737000,1779292267.945363
approach4_mm2_run3,5738000,1779292267.946870
approach4_mm2_run3,5739000,1779292267.948349
approach4_mm2_run3,5740000,1779292267.949850
approach4_mm2_run3,5741000,1779292268.008993
approach4_mm2_run3,5742000,1779292268.010488
approach4_mm2_run3,5743000,1779292268.011954
approach4_mm2_run3,5744000,1779292268.013420
approach4_mm2_run3,5745000,1779292268.014952
approach4_mm2_run3,5746000,1779292268.023042
approach4_mm2_run3,5747000,1779292268.024518
approach4_mm2_run3,5748000,1779292268.026026
approach4_mm2_run3,5749000,1779292268.027555
approach4_mm2_run3,5750000,1779292268.029057
approach4_mm2_run3,5751000,1779292268.030556
approach4_mm2_run3,5752000,1779292268.097993
approach4_mm2_run3,5753000,1779292268.099479
approach4_mm2_run3,5754000,1779292268.100971
approach4_mm2_run3,5755000,1779292268.102467
approach4_mm2_run3,5756000,1779292268.103941
approach4_mm2_run3,5757000,1779292268.141345
approach4_mm2_run3,5758000,1779292268.142838
approach4_mm2_run3,5759000,1779292268.144312
approach4_mm2_run3,5760000,1779292268.145826
approach4_mm2_run3,5761000,1779292268.147341
approach4_mm2_run3,5762000,1779292268.213264
approach4_mm2_run3,5763000,1779292268.214761
approach4_mm2_run3,5764000,1779292268.216272
approach4_mm2_run3,5765000,1779292268.217768
approach4_mm2_run3,5766000,1779292268.365424
approach4_mm2_run3,5767000,1779292268.434491
approach4_mm2_run3,5768000,1779292268.435994
approach4_mm2_run3,5769000,1779292268.437456
approach4_mm2_run3,5770000,1779292268.438950
approach4_mm2_run3,5771000,1779292268.440414
approach4_mm2_run3,5772000,1779292268.671122
approach4_mm2_run3,5773000,1779292268.672587
approach4_mm2_run3,5774000,1779292268.674078
approach4_mm2_run3,5775000,1779292268.675600
approach4_mm2_run3,5776000,1779292268.677074
approach4_mm2_run3,5777000,1779292268.679043
approach4_mm2_run3,5778000,1779292268.680516
approach4_mm2_run3,5779000,1779292268.681983
approach4_mm2_run3,5780000,1779292268.736417
approach4_mm2_run3,5781000,1779292268.737911
approach4_mm2_run3,5782000,1779292268.739409
approach4_mm2_run3,5783000,1779292268.740890
approach4_mm2_run3,5784000,1779292268.742369
approach4_mm2_run3,5785000,1779292268.775389
approach4_mm2_run3,5786000,1779292268.777220
approach4_mm2_run3,5787000,1779292268.779148
approach4_mm2_run3,5788000,1779292268.780618
approach4_mm2_run3,5789000,1779292268.782099
approach4_mm2_run3,5790000,1779292268.783582
approach4_mm2_run3,5791000,1779292268.785087
approach4_mm2_run3,5792000,1779292268.786571
approach4_mm2_run3,5793000,1779292268.788042
approach4_mm2_run3,5794000,1779292268.789529
approach4_mm2_run3,5795000,1779292268.791039
approach4_mm2_run3,5796000,1779292268.835000
approach4_mm2_run3,5797000,1779292268.868639
approach4_mm2_run3,5798000,1779292268.870120
approach4_mm2_run3,5799000,1779292268.871608
approach4_mm2_run3,5800000,1779292268.873066
approach4_mm2_run3,5801000,1779292268.874541
approach4_mm2_run3,5802000,1779292268.979605
approach4_mm2_run3,5803000,1779292268.981083
approach4_mm2_run3,5804000,1779292268.982572
approach4_mm2_run3,5805000,1779292268.984052
approach4_mm2_run3,5806000,1779292268.985559
approach4_mm2_run3,5807000,1779292269.058193
approach4_mm2_run3,5808000,1779292269.059688
approach4_mm2_run3,5809000,1779292269.162592
approach4_mm2_run3,5810000,1779292269.164074
approach4_mm2_run3,5811000,1779292269.165580
approach4_mm2_run3,5812000,1779292269.167106
approach4_mm2_run3,5813000,1779292269.168586
approach4_mm2_run3,5814000,1779292269.250641
approach4_mm2_run3,5815000,1779292269.397586
approach4_mm2_run3,5816000,1779292269.399086
approach4_mm2_run3,5817000,1779292269.400563
approach4_mm2_run3,5818000,1779292269.402043
approach4_mm2_run3,5819000,1779292269.403552
approach4_mm2_run3,5820000,1779292269.405053
approach4_mm2_run3,5821000,1779292269.464668
approach4_mm2_run3,5822000,1779292269.466165
approach4_mm2_run3,5823000,1779292269.467687
approach4_mm2_run3,5824000,1779292269.469190
approach4_mm2_run3,5825000,1779292269.470719
approach4_mm2_run3,5826000,1779292269.526634
approach4_mm2_run3,5827000,1779292269.528130
approach4_mm2_run3,5828000,1779292269.529636
approach4_mm2_run3,5829000,1779292269.531143
approach4_mm2_run3,5830000,1779292269.532619
approach4_mm2_run3,5831000,1779292269.595069
approach4_mm2_run3,5832000,1779292269.596558
approach4_mm2_run3,5833000,1779292269.598068
approach4_mm2_run3,5834000,1779292269.599552
approach4_mm2_run3,5835000,1779292269.601077
approach4_mm2_run3,5836000,1779292269.663644
approach4_mm2_run3,5837000,1779292269.665169
approach4_mm2_run3,5838000,1779292269.666685
approach4_mm2_run3,5839000,1779292269.668185
approach4_mm2_run3,5840000,1779292269.669683
approach4_mm2_run3,5841000,1779292269.671186
approach4_mm2_run3,5842000,1779292269.862985
approach4_mm2_run3,5843000,1779292269.864473
approach4_mm2_run3,5844000,1779292269.866010
approach4_mm2_run3,5845000,1779292269.867522
approach4_mm2_run3,5846000,1779292269.869035
approach4_mm2_run3,5847000,1779292269.892754
approach4_mm2_run3,5848000,1779292269.894222
approach4_mm2_run3,5849000,1779292269.895732
approach4_mm2_run3,5850000,1779292269.897228
approach4_mm2_run3,5851000,1779292269.898759
approach4_mm2_run3,5852000,1779292269.906276
approach4_mm2_run3,5853000,1779292269.907778
approach4_mm2_run3,5854000,1779292269.909260
approach4_mm2_run3,5855000,1779292269.910771
approach4_mm2_run3,5856000,1779292269.936360
approach4_mm2_run3,5857000,1779292270.127125
approach4_mm2_run3,5858000,1779292270.128601
approach4_mm2_run3,5859000,1779292270.130085
approach4_mm2_run3,5860000,1779292270.131611
approach4_mm2_run3,5861000,1779292270.133107
approach4_mm2_run3,5862000,1779292270.181138
approach4_mm2_run3,5863000,1779292270.188198
approach4_mm2_run3,5864000,1779292270.189672
approach4_mm2_run3,5865000,1779292270.191171
approach4_mm2_run3,5866000,1779292270.192659
approach4_mm2_run3,5867000,1779292270.194141
approach4_mm2_run3,5868000,1779292270.195677
approach4_mm2_run3,5869000,1779292270.277177
approach4_mm2_run3,5870000,1779292270.278672
approach4_mm2_run3,5871000,1779292270.280154
approach4_mm2_run3,5872000,1779292270.281631
approach4_mm2_run3,5873000,1779292270.283120
approach4_mm2_run3,5874000,1779292270.326828
approach4_mm2_run3,5875000,1779292270.328365
approach4_mm2_run3,5876000,1779292270.329848
approach4_mm2_run3,5877000,1779292270.331345
approach4_mm2_run3,5878000,1779292270.332833
approach4_mm2_run3,5879000,1779292270.549225
approach4_mm2_run3,5880000,1779292270.550716
approach4_mm2_run3,5881000,1779292270.552205
approach4_mm2_run3,5882000,1779292270.553684
approach4_mm2_run3,5883000,1779292270.555221
approach4_mm2_run3,5884000,1779292270.621630
approach4_mm2_run3,5885000,1779292270.623110
approach4_mm2_run3,5886000,1779292270.624589
approach4_mm2_run3,5887000,1779292270.626094
approach4_mm2_run3,5888000,1779292270.627581
approach4_mm2_run3,5889000,1779292270.629073
approach4_mm2_run3,5890000,1779292270.660220
approach4_mm2_run3,5891000,1779292270.661689
approach4_mm2_run3,5892000,1779292270.663180
approach4_mm2_run3,5893000,1779292270.744390
approach4_mm2_run3,5894000,1779292270.745887
approach4_mm2_run3,5895000,1779292270.747366
approach4_mm2_run3,5896000,1779292270.748853
approach4_mm2_run3,5897000,1779292270.750341
approach4_mm2_run3,5898000,1779292270.751819
approach4_mm2_run3,5899000,1779292270.850580
approach4_mm2_run3,5900000,1779292270.852054
approach4_mm2_run3,5901000,1779292270.853526
approach4_mm2_run3,5902000,1779292270.855048
approach4_mm2_run3,5903000,1779292270.856529
approach4_mm2_run3,5904000,1779292270.919689
approach4_mm2_run3,5905000,1779292270.921171
approach4_mm2_run3,5906000,1779292270.922650
approach4_mm2_run3,5907000,1779292270.924108
approach4_mm2_run3,5908000,1779292270.925638
approach4_mm2_run3,5909000,1779292271.028053
approach4_mm2_run3,5910000,1779292271.029536
approach4_mm2_run3,5911000,1779292271.031022
approach4_mm2_run3,5912000,1779292271.032492
approach4_mm2_run3,5913000,1779292271.033973
approach4_mm2_run3,5914000,1779292271.035510
approach4_mm2_run3,5915000,1779292271.056435
approach4_mm2_run3,5916000,1779292271.057900
approach4_mm2_run3,5917000,1779292271.059383
approach4_mm2_run3,5918000,1779292271.060857
approach4_mm2_run3,5919000,1779292271.062324
approach4_mm2_run3,5920000,1779292271.203192
approach4_mm2_run3,5921000,1779292271.351539
approach4_mm2_run3,5922000,1779292271.353016
approach4_mm2_run3,5923000,1779292271.354480
approach4_mm2_run3,5924000,1779292271.355979
approach4_mm2_run3,5925000,1779292271.357467
approach4_mm2_run3,5926000,1779292271.358953
approach4_mm2_run3,5927000,1779292271.420346
approach4_mm2_run3,5928000,1779292271.421838
approach4_mm2_run3,5929000,1779292271.423324
approach4_mm2_run3,5930000,1779292271.424831
approach4_mm2_run3,5931000,1779292271.426337
approach4_mm2_run3,5932000,1779292271.550721
approach4_mm2_run3,5933000,1779292271.552202
approach4_mm2_run3,5934000,1779292271.575888
approach4_mm2_run3,5935000,1779292271.577361
approach4_mm2_run3,5936000,1779292271.578856
approach4_mm2_run3,5937000,1779292271.580346
approach4_mm2_run3,5938000,1779292271.581870
approach4_mm2_run3,5939000,1779292271.623441
approach4_mm2_run3,5940000,1779292271.624921
approach4_mm2_run3,5941000,1779292271.626413
approach4_mm2_run3,5942000,1779292271.627889
approach4_mm2_run3,5943000,1779292271.629378
approach4_mm2_run3,5944000,1779292271.630868
approach4_mm2_run3,5945000,1779292271.645012
approach4_mm2_run3,5946000,1779292271.646483
approach4_mm2_run3,5947000,1779292271.647975
approach4_mm2_run3,5948000,1779292271.649457
approach4_mm2_run3,5949000,1779292271.650939
approach4_mm2_run3,5950000,1779292271.752815
approach4_mm2_run3,5951000,1779292271.754304
approach4_mm2_run3,5952000,1779292272.042395
approach4_mm2_run3,5953000,1779292272.082068
approach4_mm2_run3,5954000,1779292272.083545
approach4_mm2_run3,5955000,1779292272.085033
approach4_mm2_run3,5956000,1779292272.086507
approach4_mm2_run3,5957000,1779292272.087981
approach4_mm2_run3,5958000,1779292272.118308
approach4_mm2_run3,5959000,1779292272.119792
approach4_mm2_run3,5960000,1779292272.121269
approach4_mm2_run3,5961000,1779292272.122761
approach4_mm2_run3,5962000,1779292272.124627
approach4_mm2_run3,5963000,1779292272.128910
approach4_mm2_run3,5964000,1779292272.130418
approach4_mm2_run3,5965000,1779292272.131884
approach4_mm2_run3,5966000,1779292272.133362
approach4_mm2_run3,5967000,1779292272.134885
approach4_mm2_run3,5968000,1779292272.136364
approach4_mm2_run3,5969000,1779292272.303784
approach4_mm2_run3,5970000,1779292272.305902
approach4_mm2_run3,5971000,1779292272.307504
approach4_mm2_run3,5972000,1779292272.308968
approach4_mm2_run3,5973000,1779292272.310480
approach4_mm2_run3,5974000,1779292272.311951
approach4_mm2_run3,5975000,1779292272.313421
approach4_mm2_run3,5976000,1779292272.314926
approach4_mm2_run3,5977000,1779292272.316394
approach4_mm2_run3,5978000,1779292272.317883
approach4_mm2_run3,5979000,1779292272.370238
approach4_mm2_run3,5980000,1779292272.371726
approach4_mm2_run3,5981000,1779292272.373187
approach4_mm2_run3,5982000,1779292272.374670
approach4_mm2_run3,5983000,1779292272.376201
approach4_mm2_run3,5984000,1779292272.378158
approach4_mm2_run3,5985000,1779292272.379650
approach4_mm2_run3,5986000,1779292272.505208
approach4_mm2_run3,5987000,1779292272.506694
approach4_mm2_run3,5988000,1779292272.508179
approach4_mm2_run3,5989000,1779292272.509663
approach4_mm2_run3,5990000,1779292272.511144
approach4_mm2_run3,5991000,1779292272.512610
approach4_mm2_run3,5992000,1779292272.649169
approach4_mm2_run3,5993000,1779292272.650676
approach4_mm2_run3,5994000,1779292272.809788
approach4_mm2_run3,5995000,1779292272.811258
approach4_mm2_run3,5996000,1779292272.812727
approach4_mm2_run3,5997000,1779292272.814206
approach4_mm2_run3,5998000,1779292272.815736
approach4_mm2_run3,5999000,1779292272.855250
approach4_mm2_run3,6000000,1779292272.856727
approach4_mm2_run3,6001000,1779292272.858270
approach4_mm2_run3,6002000,1779292272.859778
approach4_mm2_run3,6003000,1779292272.861257
approach4_mm2_run3,6004000,1779292272.867347
approach4_mm2_run3,6005000,1779292272.868815
approach4_mm2_run3,6006000,1779292272.870308
approach4_mm2_run3,6007000,1779292272.871785
approach4_mm2_run3,6008000,1779292272.873250
approach4_mm2_run3,6009000,1779292272.874750
approach4_mm2_run3,6010000,1779292273.028845
approach4_mm2_run3,6011000,1779292273.030325
approach4_mm2_run3,6012000,1779292273.031798
approach4_mm2_run3,6013000,1779292273.033271
approach4_mm2_run3,6014000,1779292273.034748
approach4_mm2_run3,6015000,1779292273.193562
approach4_mm2_run3,6016000,1779292273.195070
approach4_mm2_run3,6017000,1779292273.196545
approach4_mm2_run3,6018000,1779292273.198015
approach4_mm2_run3,6019000,1779292273.199500
approach4_mm2_run3,6020000,1779292273.256273
approach4_mm2_run3,6021000,1779292273.388230
approach4_mm2_run3,6022000,1779292273.389716
approach4_mm2_run3,6023000,1779292273.391199
approach4_mm2_run3,6024000,1779292273.392683
approach4_mm2_run3,6025000,1779292273.394154
approach4_mm2_run3,6026000,1779292273.395687
approach4_mm2_run3,6027000,1779292273.439893
approach4_mm2_run3,6028000,1779292273.441363
approach4_mm2_run3,6029000,1779292273.442854
approach4_mm2_run3,6030000,1779292273.444337
approach4_mm2_run3,6031000,1779292273.445826
approach4_mm2_run3,6032000,1779292273.540057
approach4_mm2_run3,6033000,1779292273.541548
approach4_mm2_run3,6034000,1779292273.543034
approach4_mm2_run3,6035000,1779292273.544505
approach4_mm2_run3,6036000,1779292273.546018
approach4_mm2_run3,6037000,1779292273.581496
approach4_mm2_run3,6038000,1779292273.583005
approach4_mm2_run3,6039000,1779292273.584487
approach4_mm2_run3,6040000,1779292273.586016
approach4_mm2_run3,6041000,1779292273.587546
approach4_mm2_run3,6042000,1779292273.616901
approach4_mm2_run3,6043000,1779292273.618388
approach4_mm2_run3,6044000,1779292273.619887
approach4_mm2_run3,6045000,1779292273.621377
approach4_mm2_run3,6046000,1779292273.622875
approach4_mm2_run3,6047000,1779292273.624367
approach4_mm2_run3,6048000,1779292273.757222
approach4_mm2_run3,6049000,1779292273.758747
approach4_mm2_run3,6050000,1779292273.760240
approach4_mm2_run3,6051000,1779292273.761747
approach4_mm2_run3,6052000,1779292273.763272
approach4_mm2_run3,6053000,1779292273.860380
approach4_mm2_run3,6054000,1779292273.861857
approach4_mm2_run3,6055000,1779292273.863374
approach4_mm2_run3,6056000,1779292273.864907
approach4_mm2_run3,6057000,1779292274.078198
approach4_mm2_run3,6058000,1779292274.079701
approach4_mm2_run3,6059000,1779292274.081200
approach4_mm2_run3,6060000,1779292274.082714
approach4_mm2_run3,6061000,1779292274.084211
approach4_mm2_run3,6062000,1779292274.160305
approach4_mm2_run3,6063000,1779292274.161991
approach4_mm2_run3,6064000,1779292274.166978
approach4_mm2_run3,6065000,1779292274.168471
approach4_mm2_run3,6066000,1779292274.169946
approach4_mm2_run3,6067000,1779292274.171455
approach4_mm2_run3,6068000,1779292274.172947
approach4_mm2_run3,6069000,1779292274.270333
approach4_mm2_run3,6070000,1779292274.271941
approach4_mm2_run3,6071000,1779292274.274140
approach4_mm2_run3,6072000,1779292274.275670
approach4_mm2_run3,6073000,1779292274.277145
approach4_mm2_run3,6074000,1779292274.278627
approach4_mm2_run3,6075000,1779292274.280093
approach4_mm2_run3,6076000,1779292274.281583
approach4_mm2_run3,6077000,1779292274.283097
approach4_mm2_run3,6078000,1779292274.284567
approach4_mm2_run3,6079000,1779292274.286084
approach4_mm2_run3,6080000,1779292274.309175
approach4_mm2_run3,6081000,1779292274.310663
approach4_mm2_run3,6082000,1779292274.312152
approach4_mm2_run3,6083000,1779292274.313634
approach4_mm2_run3,6084000,1779292274.315156
approach4_mm2_run3,6085000,1779292274.366827
approach4_mm2_run3,6086000,1779292274.368301
approach4_mm2_run3,6087000,1779292274.369778
approach4_mm2_run3,6088000,1779292274.371269
approach4_mm2_run3,6089000,1779292274.372738
approach4_mm2_run3,6090000,1779292274.481303
approach4_mm2_run3,6091000,1779292274.482780
approach4_mm2_run3,6092000,1779292274.484258
approach4_mm2_run3,6093000,1779292274.485746
approach4_mm2_run3,6094000,1779292274.487242
approach4_mm2_run3,6095000,1779292274.488708
approach4_mm2_run3,6096000,1779292274.640764
approach4_mm2_run3,6097000,1779292274.642252
approach4_mm2_run3,6098000,1779292274.643746
approach4_mm2_run3,6099000,1779292274.891873
approach4_mm2_run3,6100000,1779292274.893344
approach4_mm2_run3,6101000,1779292274.894853
approach4_mm2_run3,6102000,1779292274.896331
approach4_mm2_run3,6103000,1779292274.897813
approach4_mm2_run3,6104000,1779292274.964155
approach4_mm2_run3,6105000,1779292274.965659
approach4_mm2_run3,6106000,1779292274.967145
approach4_mm2_run3,6107000,1779292274.968599
approach4_mm2_run3,6108000,1779292274.970066
approach4_mm2_run3,6109000,1779292274.971584
approach4_mm2_run3,6110000,1779292275.001003
approach4_mm2_run3,6111000,1779292275.002490
approach4_mm2_run3,6112000,1779292275.003972
approach4_mm2_run3,6113000,1779292275.005466
approach4_mm2_run3,6114000,1779292275.006951
approach4_mm2_run3,6115000,1779292275.036261
approach4_mm2_run3,6116000,1779292275.037733
approach4_mm2_run3,6117000,1779292275.039218
approach4_mm2_run3,6118000,1779292275.040707
approach4_mm2_run3,6119000,1779292275.042196
approach4_mm2_run3,6120000,1779292275.117550
approach4_mm2_run3,6121000,1779292275.119029
approach4_mm2_run3,6122000,1779292275.120498
approach4_mm2_run3,6123000,1779292275.121967
approach4_mm2_run3,6124000,1779292275.123447
approach4_mm2_run3,6125000,1779292275.124951
approach4_mm2_run3,6126000,1779292275.152228
approach4_mm2_run3,6127000,1779292275.153702
approach4_mm2_run3,6128000,1779292275.155221
approach4_mm2_run3,6129000,1779292275.156694
approach4_mm2_run3,6130000,1779292275.158171
approach4_mm2_run3,6131000,1779292275.207315
approach4_mm2_run3,6132000,1779292275.208802
approach4_mm2_run3,6133000,1779292275.210288
approach4_mm2_run3,6134000,1779292275.211770
approach4_mm2_run3,6135000,1779292275.213268
approach4_mm2_run3,6136000,1779292275.454942
approach4_mm2_run3,6137000,1779292275.456415
approach4_mm2_run3,6138000,1779292275.457909
approach4_mm2_run3,6139000,1779292275.459418
approach4_mm2_run3,6140000,1779292275.618440
approach4_mm2_run3,6141000,1779292275.619930
approach4_mm2_run3,6142000,1779292275.621423
approach4_mm2_run3,6143000,1779292275.622910
approach4_mm2_run3,6144000,1779292275.624420
approach4_mm2_run3,6145000,1779292275.709061
approach4_mm2_run3,6146000,1779292275.710565
approach4_mm2_run3,6147000,1779292275.727916
approach4_mm2_run3,6148000,1779292275.729425
approach4_mm2_run3,6149000,1779292275.730903
approach4_mm2_run3,6150000,1779292275.732389
approach4_mm2_run3,6151000,1779292275.733879
approach4_mm2_run3,6152000,1779292275.766395
approach4_mm2_run3,6153000,1779292275.767895
approach4_mm2_run3,6154000,1779292275.769373
approach4_mm2_run3,6155000,1779292275.770881
approach4_mm2_run3,6156000,1779292275.772400
approach4_mm2_run3,6157000,1779292275.837873
approach4_mm2_run3,6158000,1779292275.839385
approach4_mm2_run3,6159000,1779292275.840883
approach4_mm2_run3,6160000,1779292275.842379
approach4_mm2_run3,6161000,1779292275.843894
approach4_mm2_run3,6162000,1779292275.845428
approach4_mm2_run3,6163000,1779292275.865205
approach4_mm2_run3,6164000,1779292275.866730
approach4_mm2_run3,6165000,1779292275.868217
approach4_mm2_run3,6166000,1779292275.869707
approach4_mm2_run3,6167000,1779292275.871273
approach4_mm2_run3,6168000,1779292275.907286
approach4_mm2_run3,6169000,1779292275.934263
approach4_mm2_run3,6170000,1779292275.935783
approach4_mm2_run3,6171000,1779292275.937300
approach4_mm2_run3,6172000,1779292275.938822
approach4_mm2_run3,6173000,1779292275.940319
approach4_mm2_run3,6174000,1779292276.034472
approach4_mm2_run3,6175000,1779292276.036019
approach4_mm2_run3,6176000,1779292276.037496
approach4_mm2_run3,6177000,1779292276.039016
approach4_mm2_run3,6178000,1779292276.040499
approach4_mm2_run3,6179000,1779292276.344219
approach4_mm2_run3,6180000,1779292276.345757
approach4_mm2_run3,6181000,1779292276.347296
approach4_mm2_run3,6182000,1779292276.348788
approach4_mm2_run3,6183000,1779292276.350296
approach4_mm2_run3,6184000,1779292276.436402
approach4_mm2_run3,6185000,1779292276.437918
approach4_mm2_run3,6186000,1779292276.439397
approach4_mm2_run3,6187000,1779292276.440891
approach4_mm2_run3,6188000,1779292276.456577
approach4_mm2_run3,6189000,1779292276.458064
approach4_mm2_run3,6190000,1779292276.459550
approach4_mm2_run3,6191000,1779292276.461084
approach4_mm2_run3,6192000,1779292276.462603
approach4_mm2_run3,6193000,1779292276.492060
approach4_mm2_run3,6194000,1779292276.493535
approach4_mm2_run3,6195000,1779292276.495073
approach4_mm2_run3,6196000,1779292276.496582
approach4_mm2_run3,6197000,1779292276.498102
approach4_mm2_run3,6198000,1779292276.615149
approach4_mm2_run3,6199000,1779292276.616638
approach4_mm2_run3,6200000,1779292276.618133
approach4_mm2_run3,6201000,1779292276.619634
approach4_mm2_run3,6202000,1779292276.621134
approach4_mm2_run3,6203000,1779292276.624078
approach4_mm2_run3,6204000,1779292276.625592
approach4_mm2_run3,6205000,1779292276.660929
approach4_mm2_run3,6206000,1779292276.662419
approach4_mm2_run3,6207000,1779292276.663904
approach4_mm2_run3,6208000,1779292276.665406
approach4_mm2_run3,6209000,1779292276.666923
approach4_mm2_run3,6210000,1779292276.722026
approach4_mm2_run3,6211000,1779292276.723522
approach4_mm2_run3,6212000,1779292276.725020
approach4_mm2_run3,6213000,1779292276.726507
approach4_mm2_run3,6214000,1779292276.727990
approach4_mm2_run3,6215000,1779292277.071990
approach4_mm2_run3,6216000,1779292277.073487
approach4_mm2_run3,6217000,1779292277.075034
approach4_mm2_run3,6218000,1779292277.076521
approach4_mm2_run3,6219000,1779292277.078010
approach4_mm2_run3,6220000,1779292277.079525
approach4_mm2_run3,6221000,1779292277.099932
approach4_mm2_run3,6222000,1779292277.101420
approach4_mm2_run3,6223000,1779292277.185850
approach4_mm2_run3,6224000,1779292277.187348
approach4_mm2_run3,6225000,1779292277.188815
approach4_mm2_run3,6226000,1779292277.190317
approach4_mm2_run3,6227000,1779292277.191812
approach4_mm2_run3,6228000,1779292277.218129
approach4_mm2_run3,6229000,1779292277.219630
approach4_mm2_run3,6230000,1779292277.221122
approach4_mm2_run3,6231000,1779292277.222623
approach4_mm2_run3,6232000,1779292277.224130
approach4_mm2_run3,6233000,1779292277.254974
approach4_mm2_run3,6234000,1779292277.256455
approach4_mm2_run3,6235000,1779292277.257950
approach4_mm2_run3,6236000,1779292277.259435
approach4_mm2_run3,6237000,1779292277.260926
approach4_mm2_run3,6238000,1779292277.306333
approach4_mm2_run3,6239000,1779292277.307811
approach4_mm2_run3,6240000,1779292277.362377
approach4_mm2_run3,6241000,1779292277.363860
approach4_mm2_run3,6242000,1779292277.365387
approach4_mm2_run3,6243000,1779292277.366886
approach4_mm2_run3,6244000,1779292277.368375
approach4_mm2_run3,6245000,1779292277.385262
approach4_mm2_run3,6246000,1779292277.386756
approach4_mm2_run3,6247000,1779292277.388240
approach4_mm2_run3,6248000,1779292277.389721
approach4_mm2_run3,6249000,1779292277.391232
approach4_mm2_run3,6250000,1779292277.549040
approach4_mm2_run3,6251000,1779292277.550539
approach4_mm2_run3,6252000,1779292277.607342
approach4_mm2_run3,6253000,1779292277.608826
approach4_mm2_run3,6254000,1779292277.610314
approach4_mm2_run3,6255000,1779292277.611812
approach4_mm2_run3,6256000,1779292277.613298
approach4_mm2_run3,6257000,1779292277.798849
approach4_mm2_run3,6258000,1779292277.800333
approach4_mm2_run3,6259000,1779292277.801820
approach4_mm2_run3,6260000,1779292277.803318
approach4_mm2_run3,6261000,1779292277.804843
approach4_mm2_run3,6262000,1779292277.806355
approach4_mm2_run3,6263000,1779292277.920676
approach4_mm2_run3,6264000,1779292277.922164
approach4_mm2_run3,6265000,1779292277.923656
approach4_mm2_run3,6266000,1779292277.925173
approach4_mm2_run3,6267000,1779292277.926690
approach4_mm2_run3,6268000,1779292277.945078
approach4_mm2_run3,6269000,1779292277.946578
approach4_mm2_run3,6270000,1779292277.948049
approach4_mm2_run3,6271000,1779292277.949544
approach4_mm2_run3,6272000,1779292277.951061
approach4_mm2_run3,6273000,1779292278.112704
approach4_mm2_run3,6274000,1779292278.114233
approach4_mm2_run3,6275000,1779292278.116250
approach4_mm2_run3,6276000,1779292278.118008
approach4_mm2_run3,6277000,1779292278.119492
approach4_mm2_run3,6278000,1779292278.120959
approach4_mm2_run3,6279000,1779292278.122436
approach4_mm2_run3,6280000,1779292278.123904
approach4_mm2_run3,6281000,1779292278.125410
approach4_mm2_run3,6282000,1779292278.126897
approach4_mm2_run3,6283000,1779292278.128372
approach4_mm2_run3,6284000,1779292278.135870
approach4_mm2_run3,6285000,1779292278.137331
approach4_mm2_run3,6286000,1779292278.138811
approach4_mm2_run3,6287000,1779292278.140276
approach4_mm2_run3,6288000,1779292278.141755
approach4_mm2_run3,6289000,1779292278.422167
approach4_mm2_run3,6290000,1779292278.423651
approach4_mm2_run3,6291000,1779292278.425153
approach4_mm2_run3,6292000,1779292278.492303
approach4_mm2_run3,6293000,1779292278.493779
approach4_mm2_run3,6294000,1779292278.495293
approach4_mm2_run3,6295000,1779292278.496767
approach4_mm2_run3,6296000,1779292278.498254
approach4_mm2_run3,6297000,1779292278.525740
approach4_mm2_run3,6298000,1779292278.527225
approach4_mm2_run3,6299000,1779292278.528700
approach4_mm2_run3,6300000,1779292278.530180
approach4_mm2_run3,6301000,1779292278.531669
approach4_mm2_run3,6302000,1779292278.648359
approach4_mm2_run3,6303000,1779292278.649825
approach4_mm2_run3,6304000,1779292278.651304
approach4_mm2_run3,6305000,1779292278.652772
approach4_mm2_run3,6306000,1779292278.654243
approach4_mm2_run3,6307000,1779292278.672309
approach4_mm2_run3,6308000,1779292278.673783
approach4_mm2_run3,6309000,1779292278.675291
approach4_mm2_run3,6310000,1779292278.676763
approach4_mm2_run3,6311000,1779292278.678239
approach4_mm2_run3,6312000,1779292278.679734
approach4_mm2_run3,6313000,1779292278.773917
approach4_mm2_run3,6314000,1779292278.775432
approach4_mm2_run3,6315000,1779292278.839512
approach4_mm2_run3,6316000,1779292278.840987
approach4_mm2_run3,6317000,1779292278.842488
approach4_mm2_run3,6318000,1779292278.843970
approach4_mm2_run3,6319000,1779292278.845487
approach4_mm2_run3,6320000,1779292278.846991
approach4_mm2_run3,6321000,1779292278.867873
approach4_mm2_run3,6322000,1779292278.869340
approach4_mm2_run3,6323000,1779292278.870817
approach4_mm2_run3,6324000,1779292278.872284
approach4_mm2_run3,6325000,1779292278.873758
approach4_mm2_run3,6326000,1779292278.985478
approach4_mm2_run3,6327000,1779292279.017941
approach4_mm2_run3,6328000,1779292279.019417
approach4_mm2_run3,6329000,1779292279.020886
approach4_mm2_run3,6330000,1779292279.022367
approach4_mm2_run3,6331000,1779292279.023851
approach4_mm2_run3,6332000,1779292279.025381
approach4_mm2_run3,6333000,1779292279.199297
approach4_mm2_run3,6334000,1779292279.253006
approach4_mm2_run3,6335000,1779292279.254486
approach4_mm2_run3,6336000,1779292279.255980
approach4_mm2_run3,6337000,1779292279.257458
approach4_mm2_run3,6338000,1779292279.258944
approach4_mm2_run3,6339000,1779292279.361446
approach4_mm2_run3,6340000,1779292279.362929
approach4_mm2_run3,6341000,1779292279.376830
approach4_mm2_run3,6342000,1779292279.378848
approach4_mm2_run3,6343000,1779292279.380486
approach4_mm2_run3,6344000,1779292279.381956
approach4_mm2_run3,6345000,1779292279.383436
approach4_mm2_run3,6346000,1779292279.384930
approach4_mm2_run3,6347000,1779292279.386412
approach4_mm2_run3,6348000,1779292279.387886
approach4_mm2_run3,6349000,1779292279.389359
approach4_mm2_run3,6350000,1779292279.390846
approach4_mm2_run3,6351000,1779292279.400285
approach4_mm2_run3,6352000,1779292279.401759
approach4_mm2_run3,6353000,1779292279.403245
approach4_mm2_run3,6354000,1779292279.404723
approach4_mm2_run3,6355000,1779292279.406231
approach4_mm2_run3,6356000,1779292279.534745
approach4_mm2_run3,6357000,1779292279.536253
approach4_mm2_run3,6358000,1779292279.612216
approach4_mm2_run3,6359000,1779292279.613684
approach4_mm2_run3,6360000,1779292279.615205
approach4_mm2_run3,6361000,1779292279.616680
approach4_mm2_run3,6362000,1779292279.618158
approach4_mm2_run3,6363000,1779292279.900996
approach4_mm2_run3,6364000,1779292279.902476
approach4_mm2_run3,6365000,1779292279.903946
approach4_mm2_run3,6366000,1779292279.905449
approach4_mm2_run3,6367000,1779292279.907046
approach4_mm2_run3,6368000,1779292279.909533
approach4_mm2_run3,6369000,1779292279.911016
approach4_mm2_run3,6370000,1779292279.912489
approach4_mm2_run3,6371000,1779292279.913964
approach4_mm2_run3,6372000,1779292279.915485
approach4_mm2_run3,6373000,1779292279.916970
approach4_mm2_run3,6374000,1779292279.979502
approach4_mm2_run3,6375000,1779292279.980973
approach4_mm2_run3,6376000,1779292279.982462
approach4_mm2_run3,6377000,1779292279.983932
approach4_mm2_run3,6378000,1779292279.985440
approach4_mm2_run3,6379000,1779292279.996614
approach4_mm2_run3,6380000,1779292280.064065
approach4_mm2_run3,6381000,1779292280.107399
approach4_mm2_run3,6382000,1779292280.108869
approach4_mm2_run3,6383000,1779292280.110345
approach4_mm2_run3,6384000,1779292280.111813
approach4_mm2_run3,6385000,1779292280.113285
approach4_mm2_run3,6386000,1779292280.129781
approach4_mm2_run3,6387000,1779292280.131263
approach4_mm2_run3,6388000,1779292280.132739
approach4_mm2_run3,6389000,1779292280.134218
approach4_mm2_run3,6390000,1779292280.135732
approach4_mm2_run3,6391000,1779292280.245072
approach4_mm2_run3,6392000,1779292280.246563
approach4_mm2_run3,6393000,1779292280.248027
approach4_mm2_run3,6394000,1779292280.249498
approach4_mm2_run3,6395000,1779292280.250981
approach4_mm2_run3,6396000,1779292280.252456
approach4_mm2_run3,6397000,1779292280.358126
approach4_mm2_run3,6398000,1779292280.359603
approach4_mm2_run3,6399000,1779292280.361066
approach4_mm2_run3,6400000,1779292280.362564
approach4_mm2_run3,6401000,1779292280.364038
approach4_mm2_run3,6402000,1779292280.637657
approach4_mm2_run3,6403000,1779292280.639143
approach4_mm2_run3,6404000,1779292280.640622
approach4_mm2_run3,6405000,1779292280.642103
approach4_mm2_run3,6406000,1779292280.643604
approach4_mm2_run3,6407000,1779292280.650936
approach4_mm2_run3,6408000,1779292280.652404
approach4_mm2_run3,6409000,1779292280.653879
approach4_mm2_run3,6410000,1779292280.704172
approach4_mm2_run3,6411000,1779292280.705671
approach4_mm2_run3,6412000,1779292280.707161
approach4_mm2_run3,6413000,1779292280.708642
approach4_mm2_run3,6414000,1779292280.710124
approach4_mm2_run3,6415000,1779292280.711625
approach4_mm2_run3,6416000,1779292280.781876
approach4_mm2_run3,6417000,1779292280.783360
approach4_mm2_run3,6418000,1779292280.784857
approach4_mm2_run3,6419000,1779292280.786336
approach4_mm2_run3,6420000,1779292280.787804
approach4_mm2_run3,6421000,1779292280.834975
approach4_mm2_run3,6422000,1779292280.836455
approach4_mm2_run3,6423000,1779292280.837923
approach4_mm2_run3,6424000,1779292280.839404
approach4_mm2_run3,6425000,1779292280.840880
approach4_mm2_run3,6426000,1779292280.858976
approach4_mm2_run3,6427000,1779292280.860450
approach4_mm2_run3,6428000,1779292280.861941
approach4_mm2_run3,6429000,1779292280.863424
approach4_mm2_run3,6430000,1779292280.864928
approach4_mm2_run3,6431000,1779292280.866428
approach4_mm2_run3,6432000,1779292281.111676
approach4_mm2_run3,6433000,1779292281.113147
approach4_mm2_run3,6434000,1779292281.114630
approach4_mm2_run3,6435000,1779292281.116148
approach4_mm2_run3,6436000,1779292281.117623
approach4_mm2_run3,6437000,1779292281.130949
approach4_mm2_run3,6438000,1779292281.132422
approach4_mm2_run3,6439000,1779292281.133896
approach4_mm2_run3,6440000,1779292281.135404
approach4_mm2_run3,6441000,1779292281.136911
approach4_mm2_run3,6442000,1779292281.363529
approach4_mm2_run3,6443000,1779292281.365055
approach4_mm2_run3,6444000,1779292281.366550
approach4_mm2_run3,6445000,1779292281.368034
approach4_mm2_run3,6446000,1779292281.369522
approach4_mm2_run3,6447000,1779292281.427933
approach4_mm2_run3,6448000,1779292281.429450
approach4_mm2_run3,6449000,1779292281.431552
approach4_mm2_run3,6450000,1779292281.433254
approach4_mm2_run3,6451000,1779292281.434737
approach4_mm2_run3,6452000,1779292281.436255
approach4_mm2_run3,6453000,1779292281.437726
approach4_mm2_run3,6454000,1779292281.439215
approach4_mm2_run3,6455000,1779292281.440690
approach4_mm2_run3,6456000,1779292281.442171
approach4_mm2_run3,6457000,1779292281.552906
approach4_mm2_run3,6458000,1779292281.565892
approach4_mm2_run3,6459000,1779292281.567368
approach4_mm2_run3,6460000,1779292281.568840
approach4_mm2_run3,6461000,1779292281.570317
approach4_mm2_run3,6462000,1779292281.571793
approach4_mm2_run3,6463000,1779292281.585024
approach4_mm2_run3,6464000,1779292281.586509
approach4_mm2_run3,6465000,1779292281.587988
approach4_mm2_run3,6466000,1779292281.589460
approach4_mm2_run3,6467000,1779292281.590953
approach4_mm2_run3,6468000,1779292281.662781
approach4_mm2_run3,6469000,1779292281.664247
approach4_mm2_run3,6470000,1779292281.665735
approach4_mm2_run3,6471000,1779292281.667212
approach4_mm2_run3,6472000,1779292281.668678
approach4_mm2_run3,6473000,1779292281.670167
approach4_mm2_run3,6474000,1779292281.860102
approach4_mm2_run3,6475000,1779292281.861797
approach4_mm2_run3,6476000,1779292281.863284
approach4_mm2_run3,6477000,1779292281.864754
approach4_mm2_run3,6478000,1779292281.866256
approach4_mm2_run3,6479000,1779292281.867743
approach4_mm2_run3,6480000,1779292281.869215
approach4_mm2_run3,6481000,1779292282.015516
approach4_mm2_run3,6482000,1779292282.016985
approach4_mm2_run3,6483000,1779292282.018466
approach4_mm2_run3,6484000,1779292282.019930
approach4_mm2_run3,6485000,1779292282.021396
approach4_mm2_run3,6486000,1779292282.022883
approach4_mm2_run3,6487000,1779292282.090758
approach4_mm2_run3,6488000,1779292282.092223
approach4_mm2_run3,6489000,1779292282.093692
approach4_mm2_run3,6490000,1779292282.095209
approach4_mm2_run3,6491000,1779292282.096695
approach4_mm2_run3,6492000,1779292282.160249
approach4_mm2_run3,6493000,1779292282.161719
approach4_mm2_run3,6494000,1779292282.163206
approach4_mm2_run3,6495000,1779292282.164670
approach4_mm2_run3,6496000,1779292282.166180
approach4_mm2_run3,6497000,1779292282.294046
approach4_mm2_run3,6498000,1779292282.295547
approach4_mm2_run3,6499000,1779292282.297015
approach4_mm2_run3,6500000,1779292282.298498
approach4_mm2_run3,6501000,1779292282.299996
approach4_mm2_run3,6502000,1779292282.314211
approach4_mm2_run3,6503000,1779292282.315704
approach4_mm2_run3,6504000,1779292282.317173
approach4_mm2_run3,6505000,1779292282.318648
approach4_mm2_run3,6506000,1779292282.320135
approach4_mm2_run3,6507000,1779292282.321612
approach4_mm2_run3,6508000,1779292282.496187
approach4_mm2_run3,6509000,1779292282.497657
approach4_mm2_run3,6510000,1779292282.499142
approach4_mm2_run3,6511000,1779292282.547147
approach4_mm2_run3,6512000,1779292282.548610
approach4_mm2_run3,6513000,1779292282.550076
approach4_mm2_run3,6514000,1779292282.551554
approach4_mm2_run3,6515000,1779292282.553024
approach4_mm2_run3,6516000,1779292282.586117
approach4_mm2_run3,6517000,1779292282.611473
approach4_mm2_run3,6518000,1779292282.612932
approach4_mm2_run3,6519000,1779292282.614407
approach4_mm2_run3,6520000,1779292282.615903
approach4_mm2_run3,6521000,1779292282.617376
approach4_mm2_run3,6522000,1779292282.817400
approach4_mm2_run3,6523000,1779292282.818881
approach4_mm2_run3,6524000,1779292282.820348
approach4_mm2_run3,6525000,1779292282.821815
approach4_mm2_run3,6526000,1779292282.823314
approach4_mm2_run3,6527000,1779292282.885116
approach4_mm2_run3,6528000,1779292282.886606
approach4_mm2_run3,6529000,1779292282.888074
approach4_mm2_run3,6530000,1779292282.889544
approach4_mm2_run3,6531000,1779292282.891035
approach4_mm2_run3,6532000,1779292282.899722
approach4_mm2_run3,6533000,1779292282.901193
approach4_mm2_run3,6534000,1779292282.902672
approach4_mm2_run3,6535000,1779292282.904140
approach4_mm2_run3,6536000,1779292282.905635
approach4_mm2_run3,6537000,1779292282.907128
approach4_mm2_run3,6538000,1779292283.041595
approach4_mm2_run3,6539000,1779292283.043081
approach4_mm2_run3,6540000,1779292283.044556
approach4_mm2_run3,6541000,1779292283.046085
approach4_mm2_run3,6542000,1779292283.047575
approach4_mm2_run3,6543000,1779292283.172372
approach4_mm2_run3,6544000,1779292283.173842
approach4_mm2_run3,6545000,1779292283.175362
approach4_mm2_run3,6546000,1779292283.294494
approach4_mm2_run3,6547000,1779292283.342373
approach4_mm2_run3,6548000,1779292283.370247
approach4_mm2_run3,6549000,1779292283.371728
approach4_mm2_run3,6550000,1779292283.373194
approach4_mm2_run3,6551000,1779292283.374678
approach4_mm2_run3,6552000,1779292283.376189
approach4_mm2_run3,6553000,1779292283.430611
approach4_mm2_run3,6554000,1779292283.432083
approach4_mm2_run3,6555000,1779292283.433558
approach4_mm2_run3,6556000,1779292283.435078
approach4_mm2_run3,6557000,1779292283.436550
approach4_mm2_run3,6558000,1779292283.543442
approach4_mm2_run3,6559000,1779292283.544944
approach4_mm2_run3,6560000,1779292283.546450
approach4_mm2_run3,6561000,1779292283.547922
approach4_mm2_run3,6562000,1779292283.549396
approach4_mm2_run3,6563000,1779292283.613437
approach4_mm2_run3,6564000,1779292283.614953
approach4_mm2_run3,6565000,1779292283.616424
approach4_mm2_run3,6566000,1779292283.617890
approach4_mm2_run3,6567000,1779292283.619373
approach4_mm2_run3,6568000,1779292283.620842
approach4_mm2_run3,6569000,1779292283.705753
approach4_mm2_run3,6570000,1779292283.707346
approach4_mm2_run3,6571000,1779292283.708805
approach4_mm2_run3,6572000,1779292283.710261
approach4_mm2_run3,6573000,1779292283.711736
approach4_mm2_run3,6574000,1779292283.713196
approach4_mm2_run3,6575000,1779292283.767427
approach4_mm2_run3,6576000,1779292283.768902
approach4_mm2_run3,6577000,1779292283.770385
approach4_mm2_run3,6578000,1779292283.771860
approach4_mm2_run3,6579000,1779292283.773338
approach4_mm2_run3,6580000,1779292283.774868
approach4_mm2_run3,6581000,1779292283.785336
approach4_mm2_run3,6582000,1779292283.786818
approach4_mm2_run3,6583000,1779292283.788290
approach4_mm2_run3,6584000,1779292283.789759
approach4_mm2_run3,6585000,1779292283.791244
approach4_mm2_run3,6586000,1779292283.921227
approach4_mm2_run3,6587000,1779292283.922713
approach4_mm2_run3,6588000,1779292284.097587
approach4_mm2_run3,6589000,1779292284.099079
approach4_mm2_run3,6590000,1779292284.100548
approach4_mm2_run3,6591000,1779292284.102019
approach4_mm2_run3,6592000,1779292284.103508
approach4_mm2_run3,6593000,1779292284.233857
approach4_mm2_run3,6594000,1779292284.235374
approach4_mm2_run3,6595000,1779292284.268842
approach4_mm2_run3,6596000,1779292284.270324
approach4_mm2_run3,6597000,1779292284.271794
approach4_mm2_run3,6598000,1779292284.273259
approach4_mm2_run3,6599000,1779292284.274750
approach4_mm2_run3,6600000,1779292284.315400
approach4_mm2_run3,6601000,1779292284.316941
approach4_mm2_run3,6602000,1779292284.318412
approach4_mm2_run3,6603000,1779292284.319873
approach4_mm2_run3,6604000,1779292284.321331
approach4_mm2_run3,6605000,1779292284.322812
approach4_mm2_run3,6606000,1779292284.452674
approach4_mm2_run3,6607000,1779292284.454139
approach4_mm2_run3,6608000,1779292284.455646
approach4_mm2_run3,6609000,1779292284.457114
approach4_mm2_run3,6610000,1779292284.458601
approach4_mm2_run3,6611000,1779292284.494912
approach4_mm2_run3,6612000,1779292284.496390
approach4_mm2_run3,6613000,1779292284.497863
approach4_mm2_run3,6614000,1779292284.499348
approach4_mm2_run3,6615000,1779292284.500826
approach4_mm2_run3,6616000,1779292284.654964
approach4_mm2_run3,6617000,1779292284.656438
approach4_mm2_run3,6618000,1779292284.657908
approach4_mm2_run3,6619000,1779292284.659395
approach4_mm2_run3,6620000,1779292284.660866
approach4_mm2_run3,6621000,1779292284.683382
approach4_mm2_run3,6622000,1779292284.684878
approach4_mm2_run3,6623000,1779292284.686367
approach4_mm2_run3,6624000,1779292284.687845
approach4_mm2_run3,6625000,1779292284.689321
approach4_mm2_run3,6626000,1779292284.690812
approach4_mm2_run3,6627000,1779292284.799754
approach4_mm2_run3,6628000,1779292284.801229
approach4_mm2_run3,6629000,1779292284.826972
approach4_mm2_run3,6630000,1779292284.828434
approach4_mm2_run3,6631000,1779292284.829890
approach4_mm2_run3,6632000,1779292284.831376
approach4_mm2_run3,6633000,1779292284.832843
approach4_mm2_run3,6634000,1779292284.996303
approach4_mm2_run3,6635000,1779292284.997771
approach4_mm2_run3,6636000,1779292284.999249
approach4_mm2_run3,6637000,1779292285.000710
approach4_mm2_run3,6638000,1779292285.002201
approach4_mm2_run3,6639000,1779292285.178839
approach4_mm2_run3,6640000,1779292285.180284
approach4_mm2_run3,6641000,1779292285.181734
approach4_mm2_run3,6642000,1779292285.191218
approach4_mm2_run3,6643000,1779292285.192687
approach4_mm2_run3,6644000,1779292285.194151
approach4_mm2_run3,6645000,1779292285.195661
approach4_mm2_run3,6646000,1779292285.197127
approach4_mm2_run3,6647000,1779292285.200524
approach4_mm2_run3,6648000,1779292285.201984
approach4_mm2_run3,6649000,1779292285.203454
approach4_mm2_run3,6650000,1779292285.204938
approach4_mm2_run3,6651000,1779292285.206418
approach4_mm2_run3,6652000,1779292285.207909
approach4_mm2_run3,6653000,1779292285.224780
approach4_mm2_run3,6654000,1779292285.226280
approach4_mm2_run3,6655000,1779292285.227756
approach4_mm2_run3,6656000,1779292285.229221
approach4_mm2_run3,6657000,1779292285.230710
approach4_mm2_run3,6658000,1779292285.409846
approach4_mm2_run3,6659000,1779292285.411317
approach4_mm2_run3,6660000,1779292285.412783
approach4_mm2_run3,6661000,1779292285.414249
approach4_mm2_run3,6662000,1779292285.415761
approach4_mm2_run3,6663000,1779292285.417244
approach4_mm2_run3,6664000,1779292285.538986
approach4_mm2_run3,6665000,1779292285.540454
approach4_mm2_run3,6666000,1779292285.541922
approach4_mm2_run3,6667000,1779292285.543406
approach4_mm2_run3,6668000,1779292285.544907
approach4_mm2_run3,6669000,1779292285.546397
approach4_mm2_run3,6670000,1779292285.555476
approach4_mm2_run3,6671000,1779292285.556942
approach4_mm2_run3,6672000,1779292285.558419
approach4_mm2_run3,6673000,1779292285.559885
approach4_mm2_run3,6674000,1779292285.561353
approach4_mm2_run3,6675000,1779292285.721984
approach4_mm2_run3,6676000,1779292285.723463
approach4_mm2_run3,6677000,1779292285.724959
approach4_mm2_run3,6678000,1779292285.726440
approach4_mm2_run3,6679000,1779292285.727924
approach4_mm2_run3,6680000,1779292285.872037
approach4_mm2_run3,6681000,1779292285.873505
approach4_mm2_run3,6682000,1779292285.949194
approach4_mm2_run3,6683000,1779292285.950794
approach4_mm2_run3,6684000,1779292285.952982
approach4_mm2_run3,6685000,1779292285.954526
approach4_mm2_run3,6686000,1779292285.956030
approach4_mm2_run3,6687000,1779292285.957505
approach4_mm2_run3,6688000,1779292285.958986
approach4_mm2_run3,6689000,1779292285.960451
approach4_mm2_run3,6690000,1779292285.961919
approach4_mm2_run3,6691000,1779292285.963395
approach4_mm2_run3,6692000,1779292285.964880
approach4_mm2_run3,6693000,1779292286.079644
approach4_mm2_run3,6694000,1779292286.081102
approach4_mm2_run3,6695000,1779292286.082585
approach4_mm2_run3,6696000,1779292286.084039
approach4_mm2_run3,6697000,1779292286.085533
approach4_mm2_run3,6698000,1779292286.137010
approach4_mm2_run3,6699000,1779292286.138487
approach4_mm2_run3,6700000,1779292286.139966
approach4_mm2_run3,6701000,1779292286.141440
approach4_mm2_run3,6702000,1779292286.142929
approach4_mm2_run3,6703000,1779292286.144414
approach4_mm2_run3,6704000,1779292286.186055
approach4_mm2_run3,6705000,1779292286.187538
approach4_mm2_run3,6706000,1779292286.283465
approach4_mm2_run3,6707000,1779292286.284963
approach4_mm2_run3,6708000,1779292286.286424
approach4_mm2_run3,6709000,1779292286.287888
approach4_mm2_run3,6710000,1779292286.289359
approach4_mm2_run3,6711000,1779292286.422133
approach4_mm2_run3,6712000,1779292286.423598
approach4_mm2_run3,6713000,1779292286.425094
approach4_mm2_run3,6714000,1779292286.426575
approach4_mm2_run3,6715000,1779292286.428055
approach4_mm2_run3,6716000,1779292286.448786
approach4_mm2_run3,6717000,1779292286.450274
approach4_mm2_run3,6718000,1779292286.451749
approach4_mm2_run3,6719000,1779292286.453207
approach4_mm2_run3,6720000,1779292286.454683
approach4_mm2_run3,6721000,1779292286.456176
approach4_mm2_run3,6722000,1779292286.677061
approach4_mm2_run3,6723000,1779292286.678540
approach4_mm2_run3,6724000,1779292286.680009
approach4_mm2_run3,6725000,1779292286.681480
approach4_mm2_run3,6726000,1779292286.682964
approach4_mm2_run3,6727000,1779292286.700109
approach4_mm2_run3,6728000,1779292286.701567
approach4_mm2_run3,6729000,1779292286.703041
approach4_mm2_run3,6730000,1779292286.704505
approach4_mm2_run3,6731000,1779292286.706009
approach4_mm2_run3,6732000,1779292286.866631
approach4_mm2_run3,6733000,1779292286.868105
approach4_mm2_run3,6734000,1779292286.869563
approach4_mm2_run3,6735000,1779292286.871035
approach4_mm2_run3,6736000,1779292286.872503
approach4_mm2_run3,6737000,1779292286.873976
approach4_mm2_run3,6738000,1779292286.960103
approach4_mm2_run3,6739000,1779292286.961568
approach4_mm2_run3,6740000,1779292286.963047
approach4_mm2_run3,6741000,1779292286.964517
approach4_mm2_run3,6742000,1779292286.966025
approach4_mm2_run3,6743000,1779292287.012319
approach4_mm2_run3,6744000,1779292287.013782
approach4_mm2_run3,6745000,1779292287.015294
approach4_mm2_run3,6746000,1779292287.016759
approach4_mm2_run3,6747000,1779292287.018230
approach4_mm2_run3,6748000,1779292287.118760
approach4_mm2_run3,6749000,1779292287.120227
approach4_mm2_run3,6750000,1779292287.174422
approach4_mm2_run3,6751000,1779292287.175918
approach4_mm2_run3,6752000,1779292287.177385
approach4_mm2_run3,6753000,1779292287.178871
approach4_mm2_run3,6754000,1779292287.180337
approach4_mm2_run3,6755000,1779292287.181805
approach4_mm2_run3,6756000,1779292287.309410
approach4_mm2_run3,6757000,1779292287.310882
approach4_mm2_run3,6758000,1779292287.312359
approach4_mm2_run3,6759000,1779292287.313825
approach4_mm2_run3,6760000,1779292287.315339
approach4_mm2_run3,6761000,1779292287.405772
approach4_mm2_run3,6762000,1779292287.407252
approach4_mm2_run3,6763000,1779292287.408721
approach4_mm2_run3,6764000,1779292287.410194
approach4_mm2_run3,6765000,1779292287.411684
approach4_mm2_run3,6766000,1779292287.450894
approach4_mm2_run3,6767000,1779292287.452348
approach4_mm2_run3,6768000,1779292287.453804
approach4_mm2_run3,6769000,1779292287.455310
approach4_mm2_run3,6770000,1779292287.456781
approach4_mm2_run3,6771000,1779292287.543460
approach4_mm2_run3,6772000,1779292287.544942
approach4_mm2_run3,6773000,1779292287.546414
approach4_mm2_run3,6774000,1779292287.591595
approach4_mm2_run3,6775000,1779292287.593062
approach4_mm2_run3,6776000,1779292287.594542
approach4_mm2_run3,6777000,1779292287.596042
approach4_mm2_run3,6778000,1779292287.597543
approach4_mm2_run3,6779000,1779292287.599033
approach4_mm2_run3,6780000,1779292287.679560
approach4_mm2_run3,6781000,1779292287.742980
approach4_mm2_run3,6782000,1779292287.744445
approach4_mm2_run3,6783000,1779292287.745951
approach4_mm2_run3,6784000,1779292287.747432
approach4_mm2_run3,6785000,1779292287.748905
approach4_mm2_run3,6786000,1779292287.844852
approach4_mm2_run3,6787000,1779292287.846325
approach4_mm2_run3,6788000,1779292287.847793
approach4_mm2_run3,6789000,1779292287.849256
approach4_mm2_run3,6790000,1779292287.850737
approach4_mm2_run3,6791000,1779292287.887305
approach4_mm2_run3,6792000,1779292287.888779
approach4_mm2_run3,6793000,1779292287.900138
approach4_mm2_run3,6794000,1779292287.901602
approach4_mm2_run3,6795000,1779292287.903072
approach4_mm2_run3,6796000,1779292287.904535
approach4_mm2_run3,6797000,1779292287.906036
approach4_mm2_run3,6798000,1779292288.023888
approach4_mm2_run3,6799000,1779292288.136122
approach4_mm2_run3,6800000,1779292288.137590
approach4_mm2_run3,6801000,1779292288.139073
approach4_mm2_run3,6802000,1779292288.140544
approach4_mm2_run3,6803000,1779292288.142017
approach4_mm2_run3,6804000,1779292288.194985
approach4_mm2_run3,6805000,1779292288.196453
approach4_mm2_run3,6806000,1779292288.197954
approach4_mm2_run3,6807000,1779292288.199806
approach4_mm2_run3,6808000,1779292288.201742
approach4_mm2_run3,6809000,1779292288.203222
approach4_mm2_run3,6810000,1779292288.204686
approach4_mm2_run3,6811000,1779292288.206171
approach4_mm2_run3,6812000,1779292288.207644
approach4_mm2_run3,6813000,1779292288.209107
approach4_mm2_run3,6814000,1779292288.210592
approach4_mm2_run3,6815000,1779292288.318654
approach4_mm2_run3,6816000,1779292288.320117
approach4_mm2_run3,6817000,1779292288.321580
approach4_mm2_run3,6818000,1779292288.323055
approach4_mm2_run3,6819000,1779292288.324523
approach4_mm2_run3,6820000,1779292288.328862
approach4_mm2_run3,6821000,1779292288.330351
approach4_mm2_run3,6822000,1779292288.470865
approach4_mm2_run3,6823000,1779292288.472332
approach4_mm2_run3,6824000,1779292288.473798
approach4_mm2_run3,6825000,1779292288.475308
approach4_mm2_run3,6826000,1779292288.476773
approach4_mm2_run3,6827000,1779292288.628416
approach4_mm2_run3,6828000,1779292288.629893
approach4_mm2_run3,6829000,1779292288.631376
approach4_mm2_run3,6830000,1779292288.632845
approach4_mm2_run3,6831000,1779292288.634331
approach4_mm2_run3,6832000,1779292288.724115
approach4_mm2_run3,6833000,1779292288.725625
approach4_mm2_run3,6834000,1779292288.727111
approach4_mm2_run3,6835000,1779292288.728592
approach4_mm2_run3,6836000,1779292288.730062
approach4_mm2_run3,6837000,1779292288.731562
approach4_mm2_run3,6838000,1779292288.861405
approach4_mm2_run3,6839000,1779292288.862882
approach4_mm2_run3,6840000,1779292288.864349
approach4_mm2_run3,6841000,1779292288.865870
approach4_mm2_run3,6842000,1779292288.867370
approach4_mm2_run3,6843000,1779292288.868874
approach4_mm2_run3,6844000,1779292288.947174
approach4_mm2_run3,6845000,1779292288.948625
approach4_mm2_run3,6846000,1779292288.950080
approach4_mm2_run3,6847000,1779292288.951555
approach4_mm2_run3,6848000,1779292288.953027
approach4_mm2_run3,6849000,1779292289.045450
approach4_mm2_run3,6850000,1779292289.046942
approach4_mm2_run3,6851000,1779292289.048414
approach4_mm2_run3,6852000,1779292289.049886
approach4_mm2_run3,6853000,1779292289.051376
approach4_mm2_run3,6854000,1779292289.062512
approach4_mm2_run3,6855000,1779292289.063977
approach4_mm2_run3,6856000,1779292289.065471
approach4_mm2_run3,6857000,1779292289.066948
approach4_mm2_run3,6858000,1779292289.068418
approach4_mm2_run3,6859000,1779292289.200809
approach4_mm2_run3,6860000,1779292289.202261
approach4_mm2_run3,6861000,1779292289.203740
approach4_mm2_run3,6862000,1779292289.205247
approach4_mm2_run3,6863000,1779292289.206726
approach4_mm2_run3,6864000,1779292289.208204
approach4_mm2_run3,6865000,1779292289.232815
approach4_mm2_run3,6866000,1779292289.234285
approach4_mm2_run3,6867000,1779292289.354522
approach4_mm2_run3,6868000,1779292289.356024
approach4_mm2_run3,6869000,1779292289.357491
approach4_mm2_run3,6870000,1779292289.358974
approach4_mm2_run3,6871000,1779292289.360446
approach4_mm2_run3,6872000,1779292289.364531
approach4_mm2_run3,6873000,1779292289.554759
approach4_mm2_run3,6874000,1779292289.556271
approach4_mm2_run3,6875000,1779292289.589260
approach4_mm2_run3,6876000,1779292289.590742
approach4_mm2_run3,6877000,1779292289.592217
approach4_mm2_run3,6878000,1779292289.593693
approach4_mm2_run3,6879000,1779292289.595214
approach4_mm2_run3,6880000,1779292289.607449
approach4_mm2_run3,6881000,1779292289.608921
approach4_mm2_run3,6882000,1779292289.610400
approach4_mm2_run3,6883000,1779292289.611866
approach4_mm2_run3,6884000,1779292289.613353
approach4_mm2_run3,6885000,1779292289.697213
approach4_mm2_run3,6886000,1779292289.698688
approach4_mm2_run3,6887000,1779292289.700150
approach4_mm2_run3,6888000,1779292289.701615
approach4_mm2_run3,6889000,1779292289.703097
approach4_mm2_run3,6890000,1779292289.704586
approach4_mm2_run3,6891000,1779292289.772715
approach4_mm2_run3,6892000,1779292289.774184
approach4_mm2_run3,6893000,1779292289.775710
approach4_mm2_run3,6894000,1779292289.777185
approach4_mm2_run3,6895000,1779292289.778685
approach4_mm2_run3,6896000,1779292289.929992
approach4_mm2_run3,6897000,1779292289.931466
approach4_mm2_run3,6898000,1779292289.932927
approach4_mm2_run3,6899000,1779292289.934400
approach4_mm2_run3,6900000,1779292289.935898
approach4_mm2_run3,6901000,1779292289.949999
approach4_mm2_run3,6902000,1779292289.951483
approach4_mm2_run3,6903000,1779292289.952951
approach4_mm2_run3,6904000,1779292289.954440
approach4_mm2_run3,6905000,1779292289.955937
approach4_mm2_run3,6906000,1779292290.080278
approach4_mm2_run3,6907000,1779292290.081754
approach4_mm2_run3,6908000,1779292290.083245
approach4_mm2_run3,6909000,1779292290.084722
approach4_mm2_run3,6910000,1779292290.086231
approach4_mm2_run3,6911000,1779292290.087739
approach4_mm2_run3,6912000,1779292290.130723
approach4_mm2_run3,6913000,1779292290.317233
approach4_mm2_run3,6914000,1779292290.318709
approach4_mm2_run3,6915000,1779292290.320182
approach4_mm2_run3,6916000,1779292290.321659
approach4_mm2_run3,6917000,1779292290.323151
approach4_mm2_run3,6918000,1779292290.446709
approach4_mm2_run3,6919000,1779292290.448173
approach4_mm2_run3,6920000,1779292290.449642
approach4_mm2_run3,6921000,1779292290.451119
approach4_mm2_run3,6922000,1779292290.452585
approach4_mm2_run3,6923000,1779292290.454063
approach4_mm2_run3,6924000,1779292290.488994
approach4_mm2_run3,6925000,1779292290.490466
approach4_mm2_run3,6926000,1779292290.491924
approach4_mm2_run3,6927000,1779292290.493411
approach4_mm2_run3,6928000,1779292290.494936
approach4_mm2_run3,6929000,1779292290.498818
approach4_mm2_run3,6930000,1779292290.500284
approach4_mm2_run3,6931000,1779292290.501746
approach4_mm2_run3,6932000,1779292290.503224
approach4_mm2_run3,6933000,1779292290.504699
approach4_mm2_run3,6934000,1779292290.611410
approach4_mm2_run3,6935000,1779292290.612865
approach4_mm2_run3,6936000,1779292290.614335
approach4_mm2_run3,6937000,1779292290.615844
approach4_mm2_run3,6938000,1779292290.657981
approach4_mm2_run3,6939000,1779292290.659447
approach4_mm2_run3,6940000,1779292290.660900
approach4_mm2_run3,6941000,1779292290.662366
approach4_mm2_run3,6942000,1779292290.663840
approach4_mm2_run3,6943000,1779292290.805450
approach4_mm2_run3,6944000,1779292290.806925
approach4_mm2_run3,6945000,1779292290.808394
approach4_mm2_run3,6946000,1779292290.809862
approach4_mm2_run3,6947000,1779292290.811358
approach4_mm2_run3,6948000,1779292290.812828
approach4_mm2_run3,6949000,1779292290.835882
approach4_mm2_run3,6950000,1779292290.837342
approach4_mm2_run3,6951000,1779292290.838820
approach4_mm2_run3,6952000,1779292290.840284
approach4_mm2_run3,6953000,1779292290.841832
approach4_mm2_run3,6954000,1779292291.031581
approach4_mm2_run3,6955000,1779292291.033059
approach4_mm2_run3,6956000,1779292291.043675
approach4_mm2_run3,6957000,1779292291.045182
approach4_mm2_run3,6958000,1779292291.046674
approach4_mm2_run3,6959000,1779292291.048147
approach4_mm2_run3,6960000,1779292291.049623
approach4_mm2_run3,6961000,1779292291.196402
approach4_mm2_run3,6962000,1779292291.197859
approach4_mm2_run3,6963000,1779292291.199333
approach4_mm2_run3,6964000,1779292291.200792
approach4_mm2_run3,6965000,1779292291.202257
approach4_mm2_run3,6966000,1779292291.223773
approach4_mm2_run3,6967000,1779292291.225286
approach4_mm2_run3,6968000,1779292291.226779
approach4_mm2_run3,6969000,1779292291.228262
approach4_mm2_run3,6970000,1779292291.229744
approach4_mm2_run3,6971000,1779292291.231247
approach4_mm2_run3,6972000,1779292291.259281
approach4_mm2_run3,6973000,1779292291.387894
approach4_mm2_run3,6974000,1779292291.389360
approach4_mm2_run3,6975000,1779292291.390832
approach4_mm2_run3,6976000,1779292291.392290
approach4_mm2_run3,6977000,1779292291.393749
approach4_mm2_run3,6978000,1779292291.501552
approach4_mm2_run3,6979000,1779292291.503029
approach4_mm2_run3,6980000,1779292291.532974
approach4_mm2_run3,6981000,1779292291.534460
approach4_mm2_run3,6982000,1779292291.535960
approach4_mm2_run3,6983000,1779292291.537433
approach4_mm2_run3,6984000,1779292291.538928
approach4_mm2_run3,6985000,1779292291.699564
approach4_mm2_run3,6986000,1779292291.701030
approach4_mm2_run3,6987000,1779292291.702509
approach4_mm2_run3,6988000,1779292291.703978
approach4_mm2_run3,6989000,1779292291.705485
approach4_mm2_run3,6990000,1779292291.706979
approach4_mm2_run3,6991000,1779292291.717592
approach4_mm2_run3,6992000,1779292291.719060
approach4_mm2_run3,6993000,1779292291.720520
approach4_mm2_run3,6994000,1779292291.721981
approach4_mm2_run3,6995000,1779292291.723456
approach4_mm2_run3,6996000,1779292291.771434
approach4_mm2_run3,6997000,1779292291.772907
approach4_mm2_run3,6998000,1779292291.774396
approach4_mm2_run3,6999000,1779292291.775901
approach4_mm2_run3,7000000,1779292291.777380
approach4_mm2_run3,7001000,1779292291.922551
approach4_mm2_run3,7002000,1779292291.924014
approach4_mm2_run3,7003000,1779292291.925523
approach4_mm2_run3,7004000,1779292291.953827
approach4_mm2_run3,7005000,1779292291.955344
approach4_mm2_run3,7006000,1779292291.956950
approach4_mm2_run3,7007000,1779292291.959080
approach4_mm2_run3,7008000,1779292291.960553
approach4_mm2_run3,7009000,1779292291.962019
approach4_mm2_run3,7010000,1779292291.963506
approach4_mm2_run3,7011000,1779292291.964992
approach4_mm2_run3,7012000,1779292291.966470
approach4_mm2_run3,7013000,1779292291.967946
approach4_mm2_run3,7014000,1779292292.117213
approach4_mm2_run3,7015000,1779292292.118695
approach4_mm2_run3,7016000,1779292292.120149
approach4_mm2_run3,7017000,1779292292.121603
approach4_mm2_run3,7018000,1779292292.123075
approach4_mm2_run3,7019000,1779292292.124539
approach4_mm2_run3,7020000,1779292292.301273
approach4_mm2_run3,7021000,1779292292.302760
approach4_mm2_run3,7022000,1779292292.499437
approach4_mm2_run3,7023000,1779292292.500905
approach4_mm2_run3,7024000,1779292292.502386
approach4_mm2_run3,7025000,1779292292.503857
approach4_mm2_run3,7026000,1779292292.505363
approach4_mm2_run3,7027000,1779292292.506856
approach4_mm2_run3,7028000,1779292292.586634
approach4_mm2_run3,7029000,1779292292.588394
approach4_mm2_run3,7030000,1779292292.590293
approach4_mm2_run3,7031000,1779292292.591755
approach4_mm2_run3,7032000,1779292292.593203
approach4_mm2_run3,7033000,1779292292.594667
approach4_mm2_run3,7034000,1779292292.596148
approach4_mm2_run3,7035000,1779292292.597607
approach4_mm2_run3,7036000,1779292292.599081
approach4_mm2_run3,7037000,1779292292.600547
approach4_mm2_run3,7038000,1779292292.604960
approach4_mm2_run3,7039000,1779292292.606428
approach4_mm2_run3,7040000,1779292292.607901
approach4_mm2_run3,7041000,1779292292.609365
approach4_mm2_run3,7042000,1779292292.610847
approach4_mm2_run3,7043000,1779292292.612322
approach4_mm2_run3,7044000,1779292292.648009
approach4_mm2_run3,7045000,1779292292.680080
approach4_mm2_run3,7046000,1779292292.681548
approach4_mm2_run3,7047000,1779292292.683026
approach4_mm2_run3,7048000,1779292292.684494
approach4_mm2_run3,7049000,1779292292.686002
approach4_mm2_run3,7050000,1779292292.696302
approach4_mm2_run3,7051000,1779292292.697759
approach4_mm2_run3,7052000,1779292292.699231
approach4_mm2_run3,7053000,1779292292.700695
approach4_mm2_run3,7054000,1779292292.702163
approach4_mm2_run3,7055000,1779292292.703646
approach4_mm2_run3,7056000,1779292292.846988
approach4_mm2_run3,7057000,1779292292.848445
approach4_mm2_run3,7058000,1779292292.850202
approach4_mm2_run3,7059000,1779292292.851681
approach4_mm2_run3,7060000,1779292292.853152
approach4_mm2_run3,7061000,1779292293.173041
approach4_mm2_run3,7062000,1779292293.174531
approach4_mm2_run3,7063000,1779292293.176026
approach4_mm2_run3,7064000,1779292293.177490
approach4_mm2_run3,7065000,1779292293.227190
approach4_mm2_run3,7066000,1779292293.228659
approach4_mm2_run3,7067000,1779292293.230130
approach4_mm2_run3,7068000,1779292293.231611
approach4_mm2_run3,7069000,1779292293.233091
approach4_mm2_run3,7070000,1779292293.331673
approach4_mm2_run3,7071000,1779292293.333138
approach4_mm2_run3,7072000,1779292293.334707
approach4_mm2_run3,7073000,1779292293.336218
approach4_mm2_run3,7074000,1779292293.337692
approach4_mm2_run3,7075000,1779292293.403119
approach4_mm2_run3,7076000,1779292293.404583
approach4_mm2_run3,7077000,1779292293.406070
approach4_mm2_run3,7078000,1779292293.407552
approach4_mm2_run3,7079000,1779292293.409019
approach4_mm2_run3,7080000,1779292293.435790
approach4_mm2_run3,7081000,1779292293.437265
approach4_mm2_run3,7082000,1779292293.445924
approach4_mm2_run3,7083000,1779292293.447385
approach4_mm2_run3,7084000,1779292293.448836
approach4_mm2_run3,7085000,1779292293.450304
approach4_mm2_run3,7086000,1779292293.451771
approach4_mm2_run3,7087000,1779292293.469738
approach4_mm2_run3,7088000,1779292293.471315
approach4_mm2_run3,7089000,1779292293.473461
approach4_mm2_run3,7090000,1779292293.474983
approach4_mm2_run3,7091000,1779292293.476444
approach4_mm2_run3,7092000,1779292293.477911
approach4_mm2_run3,7093000,1779292293.479404
approach4_mm2_run3,7094000,1779292293.480875
approach4_mm2_run3,7095000,1779292293.482354
approach4_mm2_run3,7096000,1779292293.483823
approach4_mm2_run3,7097000,1779292293.485327
approach4_mm2_run3,7098000,1779292293.574784
approach4_mm2_run3,7099000,1779292293.576272
approach4_mm2_run3,7100000,1779292293.577731
approach4_mm2_run3,7101000,1779292293.579208
approach4_mm2_run3,7102000,1779292293.580674
approach4_mm2_run3,7103000,1779292293.952987
approach4_mm2_run3,7104000,1779292293.954473
approach4_mm2_run3,7105000,1779292293.955969
approach4_mm2_run3,7106000,1779292293.957437
approach4_mm2_run3,7107000,1779292293.958928
approach4_mm2_run3,7108000,1779292293.972726
approach4_mm2_run3,7109000,1779292293.974181
approach4_mm2_run3,7110000,1779292293.975675
approach4_mm2_run3,7111000,1779292293.977137
approach4_mm2_run3,7112000,1779292294.057458
approach4_mm2_run3,7113000,1779292294.058937
approach4_mm2_run3,7114000,1779292294.060401
approach4_mm2_run3,7115000,1779292294.061860
approach4_mm2_run3,7116000,1779292294.063353
approach4_mm2_run3,7117000,1779292294.130215
approach4_mm2_run3,7118000,1779292294.131683
approach4_mm2_run3,7119000,1779292294.133149
approach4_mm2_run3,7120000,1779292294.134626
approach4_mm2_run3,7121000,1779292294.136121
approach4_mm2_run3,7122000,1779292294.137595
approach4_mm2_run3,7123000,1779292294.195440
approach4_mm2_run3,7124000,1779292294.196911
approach4_mm2_run3,7125000,1779292294.198398
approach4_mm2_run3,7126000,1779292294.199873
approach4_mm2_run3,7127000,1779292294.201351
approach4_mm2_run3,7128000,1779292294.304910
approach4_mm2_run3,7129000,1779292294.306376
approach4_mm2_run3,7130000,1779292294.307839
approach4_mm2_run3,7131000,1779292294.309303
approach4_mm2_run3,7132000,1779292294.310788
approach4_mm2_run3,7133000,1779292294.339912
approach4_mm2_run3,7134000,1779292294.341376
approach4_mm2_run3,7135000,1779292294.342876
approach4_mm2_run3,7136000,1779292294.344359
approach4_mm2_run3,7137000,1779292294.345867
approach4_mm2_run3,7138000,1779292294.355321
approach4_mm2_run3,7139000,1779292294.356788
approach4_mm2_run3,7140000,1779292294.358255
approach4_mm2_run3,7141000,1779292294.359734
approach4_mm2_run3,7142000,1779292294.361203
approach4_mm2_run3,7143000,1779292294.362689
approach4_mm2_run3,7144000,1779292294.433577
approach4_mm2_run3,7145000,1779292294.435090
approach4_mm2_run3,7146000,1779292294.680736
approach4_mm2_run3,7147000,1779292294.682223
approach4_mm2_run3,7148000,1779292294.683712
approach4_mm2_run3,7149000,1779292294.685222
approach4_mm2_run3,7150000,1779292294.686770
approach4_mm2_run3,7151000,1779292294.688256
approach4_mm2_run3,7152000,1779292294.784545
approach4_mm2_run3,7153000,1779292294.786044
approach4_mm2_run3,7154000,1779292294.787524
approach4_mm2_run3,7155000,1779292294.788992
approach4_mm2_run3,7156000,1779292294.790497
approach4_mm2_run3,7157000,1779292294.813188
approach4_mm2_run3,7158000,1779292294.814671
approach4_mm2_run3,7159000,1779292294.816165
approach4_mm2_run3,7160000,1779292294.858436
approach4_mm2_run3,7161000,1779292294.859910
approach4_mm2_run3,7162000,1779292294.861379
approach4_mm2_run3,7163000,1779292294.862860
approach4_mm2_run3,7164000,1779292294.864334
approach4_mm2_run3,7165000,1779292294.944199
approach4_mm2_run3,7166000,1779292294.945695
approach4_mm2_run3,7167000,1779292294.947172
approach4_mm2_run3,7168000,1779292294.948635
approach4_mm2_run3,7169000,1779292294.950103
approach4_mm2_run3,7170000,1779292295.033017
approach4_mm2_run3,7171000,1779292295.034483
approach4_mm2_run3,7172000,1779292295.035973
approach4_mm2_run3,7173000,1779292295.037433
approach4_mm2_run3,7174000,1779292295.038909
approach4_mm2_run3,7175000,1779292295.225949
approach4_mm2_run3,7176000,1779292295.227418
approach4_mm2_run3,7177000,1779292295.228878
approach4_mm2_run3,7178000,1779292295.230352
approach4_mm2_run3,7179000,1779292295.231824
approach4_mm2_run3,7180000,1779292295.233301
approach4_mm2_run3,7181000,1779292295.240296
approach4_mm2_run3,7182000,1779292295.241754
approach4_mm2_run3,7183000,1779292295.243238
approach4_mm2_run3,7184000,1779292295.244703
approach4_mm2_run3,7185000,1779292295.246204
approach4_mm2_run3,7186000,1779292295.366316
approach4_mm2_run3,7187000,1779292295.367769
approach4_mm2_run3,7188000,1779292295.369225
approach4_mm2_run3,7189000,1779292295.370705
approach4_mm2_run3,7190000,1779292295.411073
approach4_mm2_run3,7191000,1779292295.412541
approach4_mm2_run3,7192000,1779292295.414010
approach4_mm2_run3,7193000,1779292295.415521
approach4_mm2_run3,7194000,1779292295.417002
approach4_mm2_run3,7195000,1779292295.511592
approach4_mm2_run3,7196000,1779292295.513066
approach4_mm2_run3,7197000,1779292295.514548
approach4_mm2_run3,7198000,1779292295.516047
approach4_mm2_run3,7199000,1779292295.517542
approach4_mm2_run3,7200000,1779292295.542530
approach4_mm2_run3,7201000,1779292295.544024
approach4_mm2_run3,7202000,1779292295.582896
approach4_mm2_run3,7203000,1779292295.584361
approach4_mm2_run3,7204000,1779292295.585852
approach4_mm2_run3,7205000,1779292295.587330
approach4_mm2_run3,7206000,1779292295.588800
approach4_mm2_run3,7207000,1779292295.697140
approach4_mm2_run3,7208000,1779292295.698609
approach4_mm2_run3,7209000,1779292295.700072
approach4_mm2_run3,7210000,1779292295.701539
approach4_mm2_run3,7211000,1779292295.703020
approach4_mm2_run3,7212000,1779292295.748031
approach4_mm2_run3,7213000,1779292295.749496
approach4_mm2_run3,7214000,1779292296.093574
approach4_mm2_run3,7215000,1779292296.095086
approach4_mm2_run3,7216000,1779292296.096554
approach4_mm2_run3,7217000,1779292296.098014
approach4_mm2_run3,7218000,1779292296.099494
approach4_mm2_run3,7219000,1779292296.109816
approach4_mm2_run3,7220000,1779292296.111292
approach4_mm2_run3,7221000,1779292296.112755
approach4_mm2_run3,7222000,1779292296.114212
approach4_mm2_run3,7223000,1779292296.115728
approach4_mm2_run3,7224000,1779292296.125603
approach4_mm2_run3,7225000,1779292296.127076
approach4_mm2_run3,7226000,1779292296.128542
approach4_mm2_run3,7227000,1779292296.130006
approach4_mm2_run3,7228000,1779292296.131485
approach4_mm2_run3,7229000,1779292296.132955
approach4_mm2_run3,7230000,1779292296.137171
approach4_mm2_run3,7231000,1779292296.138655
approach4_mm2_run3,7232000,1779292296.140133
approach4_mm2_run3,7233000,1779292296.141611
approach4_mm2_run3,7234000,1779292296.143117
approach4_mm2_run3,7235000,1779292296.238045
approach4_mm2_run3,7236000,1779292296.239527
approach4_mm2_run3,7237000,1779292296.240994
approach4_mm2_run3,7238000,1779292296.242469
approach4_mm2_run3,7239000,1779292296.243932
approach4_mm2_run3,7240000,1779292296.274361
approach4_mm2_run3,7241000,1779292296.275848
approach4_mm2_run3,7242000,1779292296.277312
approach4_mm2_run3,7243000,1779292296.278790
approach4_mm2_run3,7244000,1779292296.308221
approach4_mm2_run3,7245000,1779292296.309693
approach4_mm2_run3,7246000,1779292296.311177
approach4_mm2_run3,7247000,1779292296.312648
approach4_mm2_run3,7248000,1779292296.314121
approach4_mm2_run3,7249000,1779292296.445516
approach4_mm2_run3,7250000,1779292296.446991
approach4_mm2_run3,7251000,1779292296.448454
approach4_mm2_run3,7252000,1779292296.449916
approach4_mm2_run3,7253000,1779292296.451395
approach4_mm2_run3,7254000,1779292296.618123
approach4_mm2_run3,7255000,1779292296.619597
approach4_mm2_run3,7256000,1779292296.621066
approach4_mm2_run3,7257000,1779292296.838692
approach4_mm2_run3,7258000,1779292296.840161
approach4_mm2_run3,7259000,1779292296.841625
approach4_mm2_run3,7260000,1779292296.843133
approach4_mm2_run3,7261000,1779292296.844591
approach4_mm2_run3,7262000,1779292296.866797
approach4_mm2_run3,7263000,1779292296.868265
approach4_mm2_run3,7264000,1779292296.869727
approach4_mm2_run3,7265000,1779292296.871205
approach4_mm2_run3,7266000,1779292296.872681
approach4_mm2_run3,7267000,1779292296.874164
approach4_mm2_run3,7268000,1779292296.962584
approach4_mm2_run3,7269000,1779292296.964050
approach4_mm2_run3,7270000,1779292296.965561
approach4_mm2_run3,7271000,1779292296.967039
approach4_mm2_run3,7272000,1779292296.968508
approach4_mm2_run3,7273000,1779292296.996921
approach4_mm2_run3,7274000,1779292296.998691
approach4_mm2_run3,7275000,1779292297.000814
approach4_mm2_run3,7276000,1779292297.003508
approach4_mm2_run3,7277000,1779292297.004999
approach4_mm2_run3,7278000,1779292297.006467
approach4_mm2_run3,7279000,1779292297.007929
approach4_mm2_run3,7280000,1779292297.009388
approach4_mm2_run3,7281000,1779292297.010862
approach4_mm2_run3,7282000,1779292297.012341
approach4_mm2_run3,7283000,1779292297.013810
approach4_mm2_run3,7284000,1779292297.015325
approach4_mm2_run3,7285000,1779292297.016790
approach4_mm2_run3,7286000,1779292297.035656
approach4_mm2_run3,7287000,1779292297.037117
approach4_mm2_run3,7288000,1779292297.038590
approach4_mm2_run3,7289000,1779292297.040062
approach4_mm2_run3,7290000,1779292297.041539
approach4_mm2_run3,7291000,1779292297.195712
approach4_mm2_run3,7292000,1779292297.197177
approach4_mm2_run3,7293000,1779292297.198653
approach4_mm2_run3,7294000,1779292297.200117
approach4_mm2_run3,7295000,1779292297.201587
approach4_mm2_run3,7296000,1779292297.203072
approach4_mm2_run3,7297000,1779292297.422798
approach4_mm2_run3,7298000,1779292297.424268
approach4_mm2_run3,7299000,1779292297.425769
approach4_mm2_run3,7300000,1779292297.567575
approach4_mm2_run3,7301000,1779292297.569035
approach4_mm2_run3,7302000,1779292297.570510
approach4_mm2_run3,7303000,1779292297.571974
approach4_mm2_run3,7304000,1779292297.573446
approach4_mm2_run3,7305000,1779292297.689652
approach4_mm2_run3,7306000,1779292297.691127
approach4_mm2_run3,7307000,1779292297.692583
approach4_mm2_run3,7308000,1779292297.694045
approach4_mm2_run3,7309000,1779292297.695568
approach4_mm2_run3,7310000,1779292297.724960
approach4_mm2_run3,7311000,1779292297.726431
approach4_mm2_run3,7312000,1779292297.762087
approach4_mm2_run3,7313000,1779292297.763559
approach4_mm2_run3,7314000,1779292297.765050
approach4_mm2_run3,7315000,1779292297.766534
approach4_mm2_run3,7316000,1779292297.768127
approach4_mm2_run3,7317000,1779292297.769939
approach4_mm2_run3,7318000,1779292297.879425
approach4_mm2_run3,7319000,1779292297.881100
approach4_mm2_run3,7320000,1779292297.883151
approach4_mm2_run3,7321000,1779292297.884616
approach4_mm2_run3,7322000,1779292297.886108
approach4_mm2_run3,7323000,1779292297.887586
approach4_mm2_run3,7324000,1779292297.889048
approach4_mm2_run3,7325000,1779292297.890539
approach4_mm2_run3,7326000,1779292297.892012
approach4_mm2_run3,7327000,1779292297.893485
approach4_mm2_run3,7328000,1779292297.895000
approach4_mm2_run3,7329000,1779292297.936837
approach4_mm2_run3,7330000,1779292297.938318
approach4_mm2_run3,7331000,1779292297.939820
approach4_mm2_run3,7332000,1779292297.941345
approach4_mm2_run3,7333000,1779292297.943731
approach4_mm2_run3,7334000,1779292297.945217
approach4_mm2_run3,7335000,1779292297.946682
approach4_mm2_run3,7336000,1779292297.948129
approach4_mm2_run3,7337000,1779292297.949572
approach4_mm2_run3,7338000,1779292297.951039
approach4_mm2_run3,7339000,1779292298.295286
approach4_mm2_run3,7340000,1779292298.296739
approach4_mm2_run3,7341000,1779292298.298198
approach4_mm2_run3,7342000,1779292298.299674
approach4_mm2_run3,7343000,1779292298.301140
approach4_mm2_run3,7344000,1779292298.413600
approach4_mm2_run3,7345000,1779292298.415112
approach4_mm2_run3,7346000,1779292298.416589
approach4_mm2_run3,7347000,1779292298.418063
approach4_mm2_run3,7348000,1779292298.419544
approach4_mm2_run3,7349000,1779292298.421024
approach4_mm2_run3,7350000,1779292298.460479
approach4_mm2_run3,7351000,1779292298.461937
approach4_mm2_run3,7352000,1779292298.463401
approach4_mm2_run3,7353000,1779292298.464879
approach4_mm2_run3,7354000,1779292298.466353
approach4_mm2_run3,7355000,1779292298.495362
approach4_mm2_run3,7356000,1779292298.496837
approach4_mm2_run3,7357000,1779292298.498315
approach4_mm2_run3,7358000,1779292298.499791
approach4_mm2_run3,7359000,1779292298.501268
approach4_mm2_run3,7360000,1779292298.663231
approach4_mm2_run3,7361000,1779292298.664706
approach4_mm2_run3,7362000,1779292298.666205
approach4_mm2_run3,7363000,1779292298.667702
approach4_mm2_run3,7364000,1779292298.669183
approach4_mm2_run3,7365000,1779292298.670684
approach4_mm2_run3,7366000,1779292298.694193
approach4_mm2_run3,7367000,1779292298.695678
approach4_mm2_run3,7368000,1779292298.697141
approach4_mm2_run3,7369000,1779292298.698618
approach4_mm2_run3,7370000,1779292298.700085
approach4_mm2_run3,7371000,1779292298.750058
approach4_mm2_run3,7372000,1779292298.751521
approach4_mm2_run3,7373000,1779292298.752980
approach4_mm2_run3,7374000,1779292298.754449
approach4_mm2_run3,7375000,1779292298.755941
approach4_mm2_run3,7376000,1779292298.765894
approach4_mm2_run3,7377000,1779292298.767366
approach4_mm2_run3,7378000,1779292298.768835
approach4_mm2_run3,7379000,1779292298.770306
approach4_mm2_run3,7380000,1779292298.771774
approach4_mm2_run3,7381000,1779292298.773245
approach4_mm2_run3,7382000,1779292298.944602
approach4_mm2_run3,7383000,1779292298.946098
approach4_mm2_run3,7384000,1779292298.947583
approach4_mm2_run3,7385000,1779292299.024472
approach4_mm2_run3,7386000,1779292299.025952
approach4_mm2_run3,7387000,1779292299.027419
approach4_mm2_run3,7388000,1779292299.028906
approach4_mm2_run3,7389000,1779292299.030395
approach4_mm2_run3,7390000,1779292299.144487
approach4_mm2_run3,7391000,1779292299.145989
approach4_mm2_run3,7392000,1779292299.147474
approach4_mm2_run3,7393000,1779292299.148944
approach4_mm2_run3,7394000,1779292299.150431
approach4_mm2_run3,7395000,1779292299.184937
approach4_mm2_run3,7396000,1779292299.186420
approach4_mm2_run3,7397000,1779292299.219334
approach4_mm2_run3,7398000,1779292299.220807
approach4_mm2_run3,7399000,1779292299.222283
approach4_mm2_run3,7400000,1779292299.223788
approach4_mm2_run3,7401000,1779292299.225305
approach4_mm2_run3,7402000,1779292299.256126
approach4_mm2_run3,7403000,1779292299.391747
approach4_mm2_run3,7404000,1779292299.393214
approach4_mm2_run3,7405000,1779292299.394693
approach4_mm2_run3,7406000,1779292299.396187
approach4_mm2_run3,7407000,1779292299.397659
approach4_mm2_run3,7408000,1779292299.445241
approach4_mm2_run3,7409000,1779292299.446727
approach4_mm2_run3,7410000,1779292299.448184
approach4_mm2_run3,7411000,1779292299.449642
approach4_mm2_run3,7412000,1779292299.451115
approach4_mm2_run3,7413000,1779292299.636877
approach4_mm2_run3,7414000,1779292299.638361
approach4_mm2_run3,7415000,1779292299.639838
approach4_mm2_run3,7416000,1779292299.641309
approach4_mm2_run3,7417000,1779292299.642799
approach4_mm2_run3,7418000,1779292299.644286
approach4_mm2_run3,7419000,1779292299.648457
approach4_mm2_run3,7420000,1779292299.649922
approach4_mm2_run3,7421000,1779292299.651399
approach4_mm2_run3,7422000,1779292299.652864
approach4_mm2_run3,7423000,1779292299.654347
approach4_mm2_run3,7424000,1779292299.740584
approach4_mm2_run3,7425000,1779292299.742044
approach4_mm2_run3,7426000,1779292299.743516
approach4_mm2_run3,7427000,1779292299.754035
approach4_mm2_run3,7428000,1779292299.755534
approach4_mm2_run3,7429000,1779292299.757075
approach4_mm2_run3,7430000,1779292299.758549
approach4_mm2_run3,7431000,1779292299.760017
approach4_mm2_run3,7432000,1779292299.761494
approach4_mm2_run3,7433000,1779292299.869484
approach4_mm2_run3,7434000,1779292299.870965
approach4_mm2_run3,7435000,1779292299.872431
approach4_mm2_run3,7436000,1779292299.873902
approach4_mm2_run3,7437000,1779292299.875426
approach4_mm2_run3,7438000,1779292299.910563
approach4_mm2_run3,7439000,1779292299.943875
approach4_mm2_run3,7440000,1779292299.945374
approach4_mm2_run3,7441000,1779292299.946856
approach4_mm2_run3,7442000,1779292299.948328
approach4_mm2_run3,7443000,1779292299.949802
approach4_mm2_run3,7444000,1779292299.979698
approach4_mm2_run3,7445000,1779292300.118739
approach4_mm2_run3,7446000,1779292300.120213
approach4_mm2_run3,7447000,1779292300.121686
approach4_mm2_run3,7448000,1779292300.123173
approach4_mm2_run3,7449000,1779292300.124649
approach4_mm2_run3,7450000,1779292300.188861
approach4_mm2_run3,7451000,1779292300.190344
approach4_mm2_run3,7452000,1779292300.191810
approach4_mm2_run3,7453000,1779292300.193278
approach4_mm2_run3,7454000,1779292300.194762
approach4_mm2_run3,7455000,1779292300.481254
approach4_mm2_run3,7456000,1779292300.482728
approach4_mm2_run3,7457000,1779292300.484191
approach4_mm2_run3,7458000,1779292300.485694
approach4_mm2_run3,7459000,1779292300.487166
approach4_mm2_run3,7460000,1779292300.488629
approach4_mm2_run3,7461000,1779292300.520240
approach4_mm2_run3,7462000,1779292300.521707
approach4_mm2_run3,7463000,1779292300.523182
approach4_mm2_run3,7464000,1779292300.524637
approach4_mm2_run3,7465000,1779292300.526124
approach4_mm2_run3,7466000,1779292300.531937
approach4_mm2_run3,7467000,1779292300.533392
approach4_mm2_run3,7468000,1779292300.534879
approach4_mm2_run3,7469000,1779292300.536337
approach4_mm2_run3,7470000,1779292300.537801
approach4_mm2_run3,7471000,1779292300.596099
approach4_mm2_run3,7472000,1779292300.597555
approach4_mm2_run3,7473000,1779292300.599029
approach4_mm2_run3,7474000,1779292300.600485
approach4_mm2_run3,7475000,1779292300.601950
approach4_mm2_run3,7476000,1779292300.603433
approach4_mm2_run3,7477000,1779292300.672824
approach4_mm2_run3,7478000,1779292300.674283
approach4_mm2_run3,7479000,1779292300.675783
approach4_mm2_run3,7480000,1779292300.677243
approach4_mm2_run3,7481000,1779292300.678723
approach4_mm2_run3,7482000,1779292300.743765
approach4_mm2_run3,7483000,1779292300.745250
approach4_mm2_run3,7484000,1779292300.746725
approach4_mm2_run3,7485000,1779292300.845298
approach4_mm2_run3,7486000,1779292300.846774
approach4_mm2_run3,7487000,1779292300.848233
approach4_mm2_run3,7488000,1779292300.849716
approach4_mm2_run3,7489000,1779292300.851197
approach4_mm2_run3,7490000,1779292300.940033
approach4_mm2_run3,7491000,1779292300.941485
approach4_mm2_run3,7492000,1779292300.942951
approach4_mm2_run3,7493000,1779292300.944423
approach4_mm2_run3,7494000,1779292300.945912
approach4_mm2_run3,7495000,1779292300.988771
approach4_mm2_run3,7496000,1779292300.990239
approach4_mm2_run3,7497000,1779292301.194308
approach4_mm2_run3,7498000,1779292301.195795
approach4_mm2_run3,7499000,1779292301.210613
approach4_mm2_run3,7500000,1779292301.212056
approach4_mm2_run3,7501000,1779292301.213545
approach4_mm2_run3,7502000,1779292301.215047
approach4_mm2_run3,7503000,1779292301.216506
approach4_mm2_run3,7504000,1779292301.320794
approach4_mm2_run3,7505000,1779292301.322255
approach4_mm2_run3,7506000,1779292301.323725
approach4_mm2_run3,7507000,1779292301.325218
approach4_mm2_run3,7508000,1779292301.326700
approach4_mm2_run3,7509000,1779292301.397026
approach4_mm2_run3,7510000,1779292301.398499
approach4_mm2_run3,7511000,1779292301.399956
approach4_mm2_run3,7512000,1779292301.401789
approach4_mm2_run3,7513000,1779292301.403376
approach4_mm2_run3,7514000,1779292301.405961
approach4_mm2_run3,7515000,1779292301.407970
approach4_mm2_run3,7516000,1779292301.410087
approach4_mm2_run3,7517000,1779292301.411877
approach4_mm2_run3,7518000,1779292301.413342
approach4_mm2_run3,7519000,1779292301.414844
approach4_mm2_run3,7520000,1779292301.416309
approach4_mm2_run3,7521000,1779292301.417774
approach4_mm2_run3,7522000,1779292301.419250
approach4_mm2_run3,7523000,1779292301.420716
approach4_mm2_run3,7524000,1779292301.422190
approach4_mm2_run3,7525000,1779292301.573475
approach4_mm2_run3,7526000,1779292301.574980
approach4_mm2_run3,7527000,1779292301.576442
approach4_mm2_run3,7528000,1779292301.577906
approach4_mm2_run3,7529000,1779292301.579383
approach4_mm2_run3,7530000,1779292301.692481
approach4_mm2_run3,7531000,1779292301.693936
approach4_mm2_run3,7532000,1779292301.695430
approach4_mm2_run3,7533000,1779292301.696881
approach4_mm2_run3,7534000,1779292301.698355
approach4_mm2_run3,7535000,1779292301.699815
approach4_mm2_run3,7536000,1779292301.717590
approach4_mm2_run3,7537000,1779292301.719051
approach4_mm2_run3,7538000,1779292301.720507
approach4_mm2_run3,7539000,1779292301.938411
approach4_mm2_run3,7540000,1779292301.939867
approach4_mm2_run3,7541000,1779292301.941319
approach4_mm2_run3,7542000,1779292301.942787
approach4_mm2_run3,7543000,1779292301.944246
approach4_mm2_run3,7544000,1779292301.945750
approach4_mm2_run3,7545000,1779292301.970488
approach4_mm2_run3,7546000,1779292302.045589
approach4_mm2_run3,7547000,1779292302.047051
approach4_mm2_run3,7548000,1779292302.048506
approach4_mm2_run3,7549000,1779292302.049965
approach4_mm2_run3,7550000,1779292302.051441
approach4_mm2_run3,7551000,1779292302.052914
approach4_mm2_run3,7552000,1779292302.124743
approach4_mm2_run3,7553000,1779292302.126226
approach4_mm2_run3,7554000,1779292302.127705
approach4_mm2_run3,7555000,1779292302.129161
approach4_mm2_run3,7556000,1779292302.130641
approach4_mm2_run3,7557000,1779292302.291347
approach4_mm2_run3,7558000,1779292302.292929
approach4_mm2_run3,7559000,1779292302.295151
approach4_mm2_run3,7560000,1779292302.296664
approach4_mm2_run3,7561000,1779292302.298444
approach4_mm2_run3,7562000,1779292302.301502
approach4_mm2_run3,7563000,1779292302.302973
approach4_mm2_run3,7564000,1779292302.304433
approach4_mm2_run3,7565000,1779292302.305916
approach4_mm2_run3,7566000,1779292302.307393
approach4_mm2_run3,7567000,1779292302.308855
approach4_mm2_run3,7568000,1779292302.310334
approach4_mm2_run3,7569000,1779292302.311798
approach4_mm2_run3,7570000,1779292302.313264
approach4_mm2_run3,7571000,1779292302.314742
approach4_mm2_run3,7572000,1779292302.316233
approach4_mm2_run3,7573000,1779292302.439072
approach4_mm2_run3,7574000,1779292302.440558
approach4_mm2_run3,7575000,1779292302.442359
approach4_mm2_run3,7576000,1779292302.444309
approach4_mm2_run3,7577000,1779292302.445825
approach4_mm2_run3,7578000,1779292302.447301
approach4_mm2_run3,7579000,1779292302.448756
approach4_mm2_run3,7580000,1779292302.450215
approach4_mm2_run3,7581000,1779292302.668080
approach4_mm2_run3,7582000,1779292302.669537
approach4_mm2_run3,7583000,1779292302.671013
approach4_mm2_run3,7584000,1779292302.672459
approach4_mm2_run3,7585000,1779292302.673910
approach4_mm2_run3,7586000,1779292302.675419
approach4_mm2_run3,7587000,1779292302.775123
approach4_mm2_run3,7588000,1779292302.776588
approach4_mm2_run3,7589000,1779292302.778056
approach4_mm2_run3,7590000,1779292302.779535
approach4_mm2_run3,7591000,1779292302.781009
approach4_mm2_run3,7592000,1779292302.788241
approach4_mm2_run3,7593000,1779292302.789704
approach4_mm2_run3,7594000,1779292302.791175
approach4_mm2_run3,7595000,1779292302.849751
approach4_mm2_run3,7596000,1779292302.851220
approach4_mm2_run3,7597000,1779292302.852694
approach4_mm2_run3,7598000,1779292302.854158
approach4_mm2_run3,7599000,1779292302.855673
approach4_mm2_run3,7600000,1779292303.026800
approach4_mm2_run3,7601000,1779292303.028259
approach4_mm2_run3,7602000,1779292303.029723
approach4_mm2_run3,7603000,1779292303.031201
approach4_mm2_run3,7604000,1779292303.032671
approach4_mm2_run3,7605000,1779292303.159823
approach4_mm2_run3,7606000,1779292303.161283
approach4_mm2_run3,7607000,1779292303.162767
approach4_mm2_run3,7608000,1779292303.164231
approach4_mm2_run3,7609000,1779292303.165735
approach4_mm2_run3,7610000,1779292303.168422
approach4_mm2_run3,7611000,1779292303.169961
approach4_mm2_run3,7612000,1779292303.172252
approach4_mm2_run3,7613000,1779292303.173710
approach4_mm2_run3,7614000,1779292303.175198
approach4_mm2_run3,7615000,1779292303.176649
approach4_mm2_run3,7616000,1779292303.178106
approach4_mm2_run3,7617000,1779292303.179579
approach4_mm2_run3,7618000,1779292303.194693
approach4_mm2_run3,7619000,1779292303.196175
approach4_mm2_run3,7620000,1779292303.197634
approach4_mm2_run3,7621000,1779292303.199105
approach4_mm2_run3,7622000,1779292303.200563
approach4_mm2_run3,7623000,1779292303.202030
approach4_mm2_run3,7624000,1779292303.398139
approach4_mm2_run3,7625000,1779292303.399612
approach4_mm2_run3,7626000,1779292303.401067
approach4_mm2_run3,7627000,1779292303.402561
approach4_mm2_run3,7628000,1779292303.404413
approach4_mm2_run3,7629000,1779292303.405902
approach4_mm2_run3,7630000,1779292303.407384
approach4_mm2_run3,7631000,1779292303.499785
approach4_mm2_run3,7632000,1779292303.501244
approach4_mm2_run3,7633000,1779292303.502713
approach4_mm2_run3,7634000,1779292303.504170
approach4_mm2_run3,7635000,1779292303.505662
approach4_mm2_run3,7636000,1779292303.576443
approach4_mm2_run3,7637000,1779292303.577905
approach4_mm2_run3,7638000,1779292303.579378
approach4_mm2_run3,7639000,1779292303.580831
approach4_mm2_run3,7640000,1779292303.582318
approach4_mm2_run3,7641000,1779292303.652807
approach4_mm2_run3,7642000,1779292303.654270
approach4_mm2_run3,7643000,1779292303.753760
approach4_mm2_run3,7644000,1779292303.755260
approach4_mm2_run3,7645000,1779292303.756724
approach4_mm2_run3,7646000,1779292303.758187
approach4_mm2_run3,7647000,1779292303.759667
approach4_mm2_run3,7648000,1779292303.894411
approach4_mm2_run3,7649000,1779292303.895899
approach4_mm2_run3,7650000,1779292303.943623
approach4_mm2_run3,7651000,1779292303.945127
approach4_mm2_run3,7652000,1779292303.946599
approach4_mm2_run3,7653000,1779292303.948056
approach4_mm2_run3,7654000,1779292303.949519
approach4_mm2_run3,7655000,1779292304.046225
approach4_mm2_run3,7656000,1779292304.047703
approach4_mm2_run3,7657000,1779292304.049168
approach4_mm2_run3,7658000,1779292304.050643
approach4_mm2_run3,7659000,1779292304.052157
approach4_mm2_run3,7660000,1779292304.053747
approach4_mm2_run3,7661000,1779292304.056132
approach4_mm2_run3,7662000,1779292304.057594
approach4_mm2_run3,7663000,1779292304.059066
approach4_mm2_run3,7664000,1779292304.060527
approach4_mm2_run3,7665000,1779292304.062002
approach4_mm2_run3,7666000,1779292304.114705
approach4_mm2_run3,7667000,1779292304.127331
approach4_mm2_run3,7668000,1779292304.128781
approach4_mm2_run3,7669000,1779292304.130238
approach4_mm2_run3,7670000,1779292304.131704
approach4_mm2_run3,7671000,1779292304.133165
approach4_mm2_run3,7672000,1779292304.134649
approach4_mm2_run3,7673000,1779292304.225898
approach4_mm2_run3,7674000,1779292304.227375
approach4_mm2_run3,7675000,1779292304.228840
approach4_mm2_run3,7676000,1779292304.230317
approach4_mm2_run3,7677000,1779292304.231786
approach4_mm2_run3,7678000,1779292304.301427
approach4_mm2_run3,7679000,1779292304.302905
approach4_mm2_run3,7680000,1779292304.304370
approach4_mm2_run3,7681000,1779292304.305870
approach4_mm2_run3,7682000,1779292304.307353
approach4_mm2_run3,7683000,1779292304.485446
approach4_mm2_run3,7684000,1779292304.486924
approach4_mm2_run3,7685000,1779292304.488387
approach4_mm2_run3,7686000,1779292304.489852
approach4_mm2_run3,7687000,1779292304.491336
approach4_mm2_run3,7688000,1779292304.492825
approach4_mm2_run3,7689000,1779292304.624096
approach4_mm2_run3,7690000,1779292304.625584
approach4_mm2_run3,7691000,1779292304.627064
approach4_mm2_run3,7692000,1779292304.692337
approach4_mm2_run3,7693000,1779292304.693805
approach4_mm2_run3,7694000,1779292304.695308
approach4_mm2_run3,7695000,1779292304.696765
approach4_mm2_run3,7696000,1779292304.698222
approach4_mm2_run3,7697000,1779292304.847460
approach4_mm2_run3,7698000,1779292304.848919
approach4_mm2_run3,7699000,1779292304.857592
approach4_mm2_run3,7700000,1779292304.859059
approach4_mm2_run3,7701000,1779292304.860513
approach4_mm2_run3,7702000,1779292304.861967
approach4_mm2_run3,7703000,1779292304.863450
approach4_mm2_run3,7704000,1779292304.928419
approach4_mm2_run3,7705000,1779292304.929873
approach4_mm2_run3,7706000,1779292304.931340
approach4_mm2_run3,7707000,1779292304.932799
approach4_mm2_run3,7708000,1779292304.934263
approach4_mm2_run3,7709000,1779292304.935768
approach4_mm2_run3,7710000,1779292304.943447
approach4_mm2_run3,7711000,1779292304.944939
approach4_mm2_run3,7712000,1779292304.946416
approach4_mm2_run3,7713000,1779292304.949359
approach4_mm2_run3,7714000,1779292304.950888
approach4_mm2_run3,7715000,1779292304.953874
approach4_mm2_run3,7716000,1779292304.955381
approach4_mm2_run3,7717000,1779292304.956843
approach4_mm2_run3,7718000,1779292304.958320
approach4_mm2_run3,7719000,1779292304.959784
approach4_mm2_run3,7720000,1779292305.034468
approach4_mm2_run3,7721000,1779292305.035959
approach4_mm2_run3,7722000,1779292305.037418
approach4_mm2_run3,7723000,1779292305.038903
approach4_mm2_run3,7724000,1779292305.040368
approach4_mm2_run3,7725000,1779292305.210540
approach4_mm2_run3,7726000,1779292305.212005
approach4_mm2_run3,7727000,1779292305.213465
approach4_mm2_run3,7728000,1779292305.214973
approach4_mm2_run3,7729000,1779292305.216446
approach4_mm2_run3,7730000,1779292305.217924
approach4_mm2_run3,7731000,1779292305.442005
approach4_mm2_run3,7732000,1779292305.443475
approach4_mm2_run3,7733000,1779292305.444963
approach4_mm2_run3,7734000,1779292305.446456
approach4_mm2_run3,7735000,1779292305.447927
approach4_mm2_run3,7736000,1779292305.492368
approach4_mm2_run3,7737000,1779292305.493829
approach4_mm2_run3,7738000,1779292305.495334
approach4_mm2_run3,7739000,1779292305.496799
approach4_mm2_run3,7740000,1779292305.498271
approach4_mm2_run3,7741000,1779292305.590983
approach4_mm2_run3,7742000,1779292305.592441
approach4_mm2_run3,7743000,1779292305.593901
approach4_mm2_run3,7744000,1779292305.595400
approach4_mm2_run3,7745000,1779292305.596864
approach4_mm2_run3,7746000,1779292305.681733
approach4_mm2_run3,7747000,1779292305.683202
approach4_mm2_run3,7748000,1779292305.684656
approach4_mm2_run3,7749000,1779292305.686144
approach4_mm2_run3,7750000,1779292305.687623
approach4_mm2_run3,7751000,1779292305.760230
approach4_mm2_run3,7752000,1779292305.761688
approach4_mm2_run3,7753000,1779292305.763156
approach4_mm2_run3,7754000,1779292305.764613
approach4_mm2_run3,7755000,1779292305.766110
approach4_mm2_run3,7756000,1779292305.814610
approach4_mm2_run3,7757000,1779292305.816094
approach4_mm2_run3,7758000,1779292305.817575
approach4_mm2_run3,7759000,1779292305.820947
approach4_mm2_run3,7760000,1779292305.822414
approach4_mm2_run3,7761000,1779292305.823881
approach4_mm2_run3,7762000,1779292305.825374
approach4_mm2_run3,7763000,1779292305.826849
approach4_mm2_run3,7764000,1779292305.828309
approach4_mm2_run3,7765000,1779292305.829763
approach4_mm2_run3,7766000,1779292305.831254
approach4_mm2_run3,7767000,1779292305.939311
approach4_mm2_run3,7768000,1779292305.940779
approach4_mm2_run3,7769000,1779292305.942244
approach4_mm2_run3,7770000,1779292305.943714
approach4_mm2_run3,7771000,1779292305.945210
approach4_mm2_run3,7772000,1779292306.185050
approach4_mm2_run3,7773000,1779292306.186519
approach4_mm2_run3,7774000,1779292306.187979
approach4_mm2_run3,7775000,1779292306.189435
approach4_mm2_run3,7776000,1779292306.190906
approach4_mm2_run3,7777000,1779292306.192378
approach4_mm2_run3,7778000,1779292306.224230
approach4_mm2_run3,7779000,1779292306.225722
approach4_mm2_run3,7780000,1779292306.227204
approach4_mm2_run3,7781000,1779292306.228668
approach4_mm2_run3,7782000,1779292306.230140
approach4_mm2_run3,7783000,1779292306.319741
approach4_mm2_run3,7784000,1779292306.321187
approach4_mm2_run3,7785000,1779292306.322648
approach4_mm2_run3,7786000,1779292306.324124
approach4_mm2_run3,7787000,1779292306.325616
approach4_mm2_run3,7788000,1779292306.409556
approach4_mm2_run3,7789000,1779292306.411027
approach4_mm2_run3,7790000,1779292306.412488
approach4_mm2_run3,7791000,1779292306.413949
approach4_mm2_run3,7792000,1779292306.415456
approach4_mm2_run3,7793000,1779292306.487240
approach4_mm2_run3,7794000,1779292306.488725
approach4_mm2_run3,7795000,1779292306.490184
approach4_mm2_run3,7796000,1779292306.491659
approach4_mm2_run3,7797000,1779292306.493123
approach4_mm2_run3,7798000,1779292306.494614
approach4_mm2_run3,7799000,1779292306.667506
approach4_mm2_run3,7800000,1779292306.668977
approach4_mm2_run3,7801000,1779292306.670461
approach4_mm2_run3,7802000,1779292306.671934
approach4_mm2_run3,7803000,1779292306.673415
approach4_mm2_run3,7804000,1779292306.685184
approach4_mm2_run3,7805000,1779292306.686654
approach4_mm2_run3,7806000,1779292306.688114
approach4_mm2_run3,7807000,1779292306.689575
approach4_mm2_run3,7808000,1779292306.691055
approach4_mm2_run3,7809000,1779292306.936584
approach4_mm2_run3,7810000,1779292306.938040
approach4_mm2_run3,7811000,1779292306.939510
approach4_mm2_run3,7812000,1779292306.940969
approach4_mm2_run3,7813000,1779292306.942440
approach4_mm2_run3,7814000,1779292306.943907
approach4_mm2_run3,7815000,1779292306.952845
approach4_mm2_run3,7816000,1779292306.954291
approach4_mm2_run3,7817000,1779292306.955797
approach4_mm2_run3,7818000,1779292306.957254
approach4_mm2_run3,7819000,1779292306.958726
approach4_mm2_run3,7820000,1779292307.040177
approach4_mm2_run3,7821000,1779292307.041644
approach4_mm2_run3,7822000,1779292307.043132
approach4_mm2_run3,7823000,1779292307.044609
approach4_mm2_run3,7824000,1779292307.046861
approach4_mm2_run3,7825000,1779292307.048522
approach4_mm2_run3,7826000,1779292307.049982
approach4_mm2_run3,7827000,1779292307.051448
approach4_mm2_run3,7828000,1779292307.052899
approach4_mm2_run3,7829000,1779292307.054377
approach4_mm2_run3,7830000,1779292307.134942
approach4_mm2_run3,7831000,1779292307.136401
approach4_mm2_run3,7832000,1779292307.137858
approach4_mm2_run3,7833000,1779292307.139331
approach4_mm2_run3,7834000,1779292307.140790
approach4_mm2_run3,7835000,1779292307.142252
approach4_mm2_run3,7836000,1779292307.217041
approach4_mm2_run3,7837000,1779292307.218517
approach4_mm2_run3,7838000,1779292307.219981
approach4_mm2_run3,7839000,1779292307.221448
approach4_mm2_run3,7840000,1779292307.222939
approach4_mm2_run3,7841000,1779292307.394524
approach4_mm2_run3,7842000,1779292307.396024
approach4_mm2_run3,7843000,1779292307.397490
approach4_mm2_run3,7844000,1779292307.398967
approach4_mm2_run3,7845000,1779292307.400440
approach4_mm2_run3,7846000,1779292307.570112
approach4_mm2_run3,7847000,1779292307.571572
approach4_mm2_run3,7848000,1779292307.573029
approach4_mm2_run3,7849000,1779292307.574520
approach4_mm2_run3,7850000,1779292307.576021
approach4_mm2_run3,7851000,1779292307.681311
approach4_mm2_run3,7852000,1779292307.682773
approach4_mm2_run3,7853000,1779292307.684230
approach4_mm2_run3,7854000,1779292307.685717
approach4_mm2_run3,7855000,1779292307.687190
approach4_mm2_run3,7856000,1779292307.688648
approach4_mm2_run3,7857000,1779292307.775923
approach4_mm2_run3,7858000,1779292307.777376
approach4_mm2_run3,7859000,1779292307.778843
approach4_mm2_run3,7860000,1779292307.780284
approach4_mm2_run3,7861000,1779292307.781738
approach4_mm2_run3,7862000,1779292307.860517
approach4_mm2_run3,7863000,1779292307.861981
approach4_mm2_run3,7864000,1779292307.863456
approach4_mm2_run3,7865000,1779292307.864944
approach4_mm2_run3,7866000,1779292307.866424
approach4_mm2_run3,7867000,1779292307.920265
approach4_mm2_run3,7868000,1779292307.921727
approach4_mm2_run3,7869000,1779292307.923206
approach4_mm2_run3,7870000,1779292307.924672
approach4_mm2_run3,7871000,1779292307.926170
approach4_mm2_run3,7872000,1779292307.927659
approach4_mm2_run3,7873000,1779292307.941656
approach4_mm2_run3,7874000,1779292307.943135
approach4_mm2_run3,7875000,1779292307.944604
approach4_mm2_run3,7876000,1779292307.946083
approach4_mm2_run3,7877000,1779292307.947576
approach4_mm2_run3,7878000,1779292308.041900
approach4_mm2_run3,7879000,1779292308.043358
approach4_mm2_run3,7880000,1779292308.044850
approach4_mm2_run3,7881000,1779292308.046320
approach4_mm2_run3,7882000,1779292308.047783
approach4_mm2_run3,7883000,1779292308.125154
approach4_mm2_run3,7884000,1779292308.126636
approach4_mm2_run3,7885000,1779292308.128107
approach4_mm2_run3,7886000,1779292308.129580
approach4_mm2_run3,7887000,1779292308.131062
approach4_mm2_run3,7888000,1779292308.411774
approach4_mm2_run3,7889000,1779292308.413226
approach4_mm2_run3,7890000,1779292308.414692
approach4_mm2_run3,7891000,1779292308.416177
approach4_mm2_run3,7892000,1779292308.417658
approach4_mm2_run3,7893000,1779292308.419140
approach4_mm2_run3,7894000,1779292308.452633
approach4_mm2_run3,7895000,1779292308.454094
approach4_mm2_run3,7896000,1779292308.455604
approach4_mm2_run3,7897000,1779292308.457064
approach4_mm2_run3,7898000,1779292308.458546
approach4_mm2_run3,7899000,1779292308.505129
approach4_mm2_run3,7900000,1779292308.506590
approach4_mm2_run3,7901000,1779292308.508044
approach4_mm2_run3,7902000,1779292308.509496
approach4_mm2_run3,7903000,1779292308.510980
approach4_mm2_run3,7904000,1779292308.589044
approach4_mm2_run3,7905000,1779292308.590515
approach4_mm2_run3,7906000,1779292308.591975
approach4_mm2_run3,7907000,1779292308.593436
approach4_mm2_run3,7908000,1779292308.594947
approach4_mm2_run3,7909000,1779292308.596441
approach4_mm2_run3,7910000,1779292308.669472
approach4_mm2_run3,7911000,1779292308.670946
approach4_mm2_run3,7912000,1779292308.672418
approach4_mm2_run3,7913000,1779292308.673876
approach4_mm2_run3,7914000,1779292308.675393
approach4_mm2_run3,7915000,1779292308.797018
approach4_mm2_run3,7916000,1779292308.798489
approach4_mm2_run3,7917000,1779292308.799989
approach4_mm2_run3,7918000,1779292308.801463
approach4_mm2_run3,7919000,1779292308.803487
approach4_mm2_run3,7920000,1779292308.805376
approach4_mm2_run3,7921000,1779292308.806852
approach4_mm2_run3,7922000,1779292308.808318
approach4_mm2_run3,7923000,1779292308.809782
approach4_mm2_run3,7924000,1779292308.811261
approach4_mm2_run3,7925000,1779292308.849780
approach4_mm2_run3,7926000,1779292308.851247
approach4_mm2_run3,7927000,1779292308.852701
approach4_mm2_run3,7928000,1779292308.854152
approach4_mm2_run3,7929000,1779292308.855654
approach4_mm2_run3,7930000,1779292308.857138
approach4_mm2_run3,7931000,1779292309.145011
approach4_mm2_run3,7932000,1779292309.146482
approach4_mm2_run3,7933000,1779292309.147936
approach4_mm2_run3,7934000,1779292309.149391
approach4_mm2_run3,7935000,1779292309.150869
approach4_mm2_run3,7936000,1779292309.233788
approach4_mm2_run3,7937000,1779292309.235283
approach4_mm2_run3,7938000,1779292309.236740
approach4_mm2_run3,7939000,1779292309.238198
approach4_mm2_run3,7940000,1779292309.239676
approach4_mm2_run3,7941000,1779292309.314245
approach4_mm2_run3,7942000,1779292309.315740
approach4_mm2_run3,7943000,1779292309.317202
approach4_mm2_run3,7944000,1779292309.318681
approach4_mm2_run3,7945000,1779292309.320165
approach4_mm2_run3,7946000,1779292309.394694
approach4_mm2_run3,7947000,1779292309.396194
approach4_mm2_run3,7948000,1779292309.397663
approach4_mm2_run3,7949000,1779292309.399152
approach4_mm2_run3,7950000,1779292309.400632
approach4_mm2_run3,7951000,1779292309.402132
approach4_mm2_run3,7952000,1779292309.545313
approach4_mm2_run3,7953000,1779292309.546784
approach4_mm2_run3,7954000,1779292309.548232
approach4_mm2_run3,7955000,1779292309.549700
approach4_mm2_run3,7956000,1779292309.551179
approach4_mm2_run3,7957000,1779292309.577667
approach4_mm2_run3,7958000,1779292309.579132
approach4_mm2_run3,7959000,1779292309.580589
approach4_mm2_run3,7960000,1779292309.582073
approach4_mm2_run3,7961000,1779292309.583554
approach4_mm2_run3,7962000,1779292309.680462
approach4_mm2_run3,7963000,1779292309.681967
approach4_mm2_run3,7964000,1779292309.684069
approach4_mm2_run3,7965000,1779292309.685935
approach4_mm2_run3,7966000,1779292309.687419
approach4_mm2_run3,7967000,1779292309.688882
approach4_mm2_run3,7968000,1779292309.690354
approach4_mm2_run3,7969000,1779292309.691821
approach4_mm2_run3,7970000,1779292309.693286
approach4_mm2_run3,7971000,1779292309.694766
approach4_mm2_run3,7972000,1779292309.696267
approach4_mm2_run3,7973000,1779292309.875058
approach4_mm2_run3,7974000,1779292309.876517
approach4_mm2_run3,7975000,1779292309.877993
approach4_mm2_run3,7976000,1779292309.879467
approach4_mm2_run3,7977000,1779292309.880940
approach4_mm2_run3,7978000,1779292309.964514
approach4_mm2_run3,7979000,1779292309.965998
approach4_mm2_run3,7980000,1779292309.967474
approach4_mm2_run3,7981000,1779292309.968934
approach4_mm2_run3,7982000,1779292309.970411
approach4_mm2_run3,7983000,1779292310.041460
approach4_mm2_run3,7984000,1779292310.042928
approach4_mm2_run3,7985000,1779292310.044384
approach4_mm2_run3,7986000,1779292310.045879
approach4_mm2_run3,7987000,1779292310.047359
approach4_mm2_run3,7988000,1779292310.048839
approach4_mm2_run3,7989000,1779292310.075773
approach4_mm2_run3,7990000,1779292310.077239
approach4_mm2_run3,7991000,1779292310.078718
approach4_mm2_run3,7992000,1779292310.120118
approach4_mm2_run3,7993000,1779292310.121581
approach4_mm2_run3,7994000,1779292310.123058
approach4_mm2_run3,7995000,1779292310.124523
approach4_mm2_run3,7996000,1779292310.126014
approach4_mm2_run3,7997000,1779292310.127498
approach4_mm2_run3,7998000,1779292310.291865
approach4_mm2_run3,7999000,1779292310.293318
approach4_mm2_run3,8000000,1779292310.294785
approach4_mm2_run3,8001000,1779292310.296330
approach4_mm2_run3,8002000,1779292310.297799
approach4_mm2_run3,8003000,1779292310.568232
approach4_mm2_run3,8004000,1779292310.569781
approach4_mm2_run3,8005000,1779292310.571970
approach4_mm2_run3,8006000,1779292310.573458
approach4_mm2_run3,8007000,1779292310.574965
approach4_mm2_run3,8008000,1779292310.576427
approach4_mm2_run3,8009000,1779292310.577888
approach4_mm2_run3,8010000,1779292310.579359
approach4_mm2_run3,8011000,1779292310.580821
approach4_mm2_run3,8012000,1779292310.582281
approach4_mm2_run3,8013000,1779292310.604580
approach4_mm2_run3,8014000,1779292310.606062
approach4_mm2_run3,8015000,1779292310.607526
approach4_mm2_run3,8016000,1779292310.608975
approach4_mm2_run3,8017000,1779292310.610435
approach4_mm2_run3,8018000,1779292310.611907
approach4_mm2_run3,8019000,1779292310.766672
approach4_mm2_run3,8020000,1779292310.768127
approach4_mm2_run3,8021000,1779292310.769584
approach4_mm2_run3,8022000,1779292310.771056
approach4_mm2_run3,8023000,1779292310.772519
approach4_mm2_run3,8024000,1779292310.845090
approach4_mm2_run3,8025000,1779292310.846580
approach4_mm2_run3,8026000,1779292310.848040
approach4_mm2_run3,8027000,1779292310.849500
approach4_mm2_run3,8028000,1779292310.850983
approach4_mm2_run3,8029000,1779292311.039471
approach4_mm2_run3,8030000,1779292311.040971
approach4_mm2_run3,8031000,1779292311.043134
approach4_mm2_run3,8032000,1779292311.044673
approach4_mm2_run3,8033000,1779292311.046162
approach4_mm2_run3,8034000,1779292311.047632
approach4_mm2_run3,8035000,1779292311.049086
approach4_mm2_run3,8036000,1779292311.050556
approach4_mm2_run3,8037000,1779292311.052016
approach4_mm2_run3,8038000,1779292311.053496
approach4_mm2_run3,8039000,1779292311.055011
approach4_mm2_run3,8040000,1779292311.335439
approach4_mm2_run3,8041000,1779292311.336901
approach4_mm2_run3,8042000,1779292311.338372
approach4_mm2_run3,8043000,1779292311.339829
approach4_mm2_run3,8044000,1779292311.341292
approach4_mm2_run3,8045000,1779292311.446138
approach4_mm2_run3,8046000,1779292311.447719
approach4_mm2_run3,8047000,1779292311.449946
approach4_mm2_run3,8048000,1779292311.451423
approach4_mm2_run3,8049000,1779292311.452885
approach4_mm2_run3,8050000,1779292311.454364
approach4_mm2_run3,8051000,1779292311.455852
approach4_mm2_run3,8052000,1779292311.457311
approach4_mm2_run3,8053000,1779292311.458786
approach4_mm2_run3,8054000,1779292311.460247
approach4_mm2_run3,8055000,1779292311.461716
approach4_mm2_run3,8056000,1779292311.491626
approach4_mm2_run3,8057000,1779292311.493082
approach4_mm2_run3,8058000,1779292311.494550
approach4_mm2_run3,8059000,1779292311.496028
approach4_mm2_run3,8060000,1779292311.497496
approach4_mm2_run3,8061000,1779292311.570499
approach4_mm2_run3,8062000,1779292311.571955
approach4_mm2_run3,8063000,1779292311.573409
approach4_mm2_run3,8064000,1779292311.574909
approach4_mm2_run3,8065000,1779292311.576375
approach4_mm2_run3,8066000,1779292311.770384
approach4_mm2_run3,8067000,1779292311.771837
approach4_mm2_run3,8068000,1779292311.773294
approach4_mm2_run3,8069000,1779292311.774763
approach4_mm2_run3,8070000,1779292311.776255
approach4_mm2_run3,8071000,1779292311.788062
approach4_mm2_run3,8072000,1779292311.789517
approach4_mm2_run3,8073000,1779292311.790983
approach4_mm2_run3,8074000,1779292311.792438
approach4_mm2_run3,8075000,1779292311.793894
approach4_mm2_run3,8076000,1779292311.795400
approach4_mm2_run3,8077000,1779292312.069054
approach4_mm2_run3,8078000,1779292312.070524
approach4_mm2_run3,8079000,1779292312.071976
approach4_mm2_run3,8080000,1779292312.073423
approach4_mm2_run3,8081000,1779292312.074937
approach4_mm2_run3,8082000,1779292312.217751
approach4_mm2_run3,8083000,1779292312.219220
approach4_mm2_run3,8084000,1779292312.220674
approach4_mm2_run3,8085000,1779292312.222132
approach4_mm2_run3,8086000,1779292312.223615
approach4_mm2_run3,8087000,1779292312.295765
approach4_mm2_run3,8088000,1779292312.297223
approach4_mm2_run3,8089000,1779292312.298718
approach4_mm2_run3,8090000,1779292312.300173
approach4_mm2_run3,8091000,1779292312.301631
approach4_mm2_run3,8092000,1779292312.303120
approach4_mm2_run3,8093000,1779292312.327704
approach4_mm2_run3,8094000,1779292312.329753
approach4_mm2_run3,8095000,1779292312.331530
approach4_mm2_run3,8096000,1779292312.332989
approach4_mm2_run3,8097000,1779292312.334463
approach4_mm2_run3,8098000,1779292312.335951
approach4_mm2_run3,8099000,1779292312.337406
approach4_mm2_run3,8100000,1779292312.338879
approach4_mm2_run3,8101000,1779292312.340358
approach4_mm2_run3,8102000,1779292312.341831
approach4_mm2_run3,8103000,1779292312.499542
approach4_mm2_run3,8104000,1779292312.501007
approach4_mm2_run3,8105000,1779292312.502482
approach4_mm2_run3,8106000,1779292312.503932
approach4_mm2_run3,8107000,1779292312.505431
approach4_mm2_run3,8108000,1779292312.542653
approach4_mm2_run3,8109000,1779292312.544117
approach4_mm2_run3,8110000,1779292312.545605
approach4_mm2_run3,8111000,1779292312.547080
approach4_mm2_run3,8112000,1779292312.548545
approach4_mm2_run3,8113000,1779292312.550020
approach4_mm2_run3,8114000,1779292312.798162
approach4_mm2_run3,8115000,1779292312.799653
approach4_mm2_run3,8116000,1779292312.801103
approach4_mm2_run3,8117000,1779292312.802566
approach4_mm2_run3,8118000,1779292312.804020
approach4_mm2_run3,8119000,1779292312.947217
approach4_mm2_run3,8120000,1779292312.948681
approach4_mm2_run3,8121000,1779292312.950145
approach4_mm2_run3,8122000,1779292312.951620
approach4_mm2_run3,8123000,1779292312.953089
approach4_mm2_run3,8124000,1779292313.021608
approach4_mm2_run3,8125000,1779292313.023076
approach4_mm2_run3,8126000,1779292313.024534
approach4_mm2_run3,8127000,1779292313.026035
approach4_mm2_run3,8128000,1779292313.027515
approach4_mm2_run3,8129000,1779292313.207487
approach4_mm2_run3,8130000,1779292313.209168
approach4_mm2_run3,8131000,1779292313.211476
approach4_mm2_run3,8132000,1779292313.212928
approach4_mm2_run3,8133000,1779292313.214392
approach4_mm2_run3,8134000,1779292313.215885
approach4_mm2_run3,8135000,1779292313.217343
approach4_mm2_run3,8136000,1779292313.218811
approach4_mm2_run3,8137000,1779292313.220273
approach4_mm2_run3,8138000,1779292313.221735
approach4_mm2_run3,8139000,1779292313.223213
approach4_mm2_run3,8140000,1779292313.230682
approach4_mm2_run3,8141000,1779292313.232134
approach4_mm2_run3,8142000,1779292313.233590
approach4_mm2_run3,8143000,1779292313.235085
approach4_mm2_run3,8144000,1779292313.236559
approach4_mm2_run3,8145000,1779292313.290000
approach4_mm2_run3,8146000,1779292313.291457
approach4_mm2_run3,8147000,1779292313.292906
approach4_mm2_run3,8148000,1779292313.294368
approach4_mm2_run3,8149000,1779292313.295856
approach4_mm2_run3,8150000,1779292313.297323
approach4_mm2_run3,8151000,1779292313.527375
approach4_mm2_run3,8152000,1779292313.528834
approach4_mm2_run3,8153000,1779292313.530307
approach4_mm2_run3,8154000,1779292313.531770
approach4_mm2_run3,8155000,1779292313.533244
approach4_mm2_run3,8156000,1779292313.672446
approach4_mm2_run3,8157000,1779292313.673907
approach4_mm2_run3,8158000,1779292313.675417
approach4_mm2_run3,8159000,1779292313.676874
approach4_mm2_run3,8160000,1779292313.678351
approach4_mm2_run3,8161000,1779292313.747066
approach4_mm2_run3,8162000,1779292313.748530
approach4_mm2_run3,8163000,1779292313.749991
approach4_mm2_run3,8164000,1779292313.751477
approach4_mm2_run3,8165000,1779292313.752944
approach4_mm2_run3,8166000,1779292313.957489
approach4_mm2_run3,8167000,1779292313.958956
approach4_mm2_run3,8168000,1779292313.960413
approach4_mm2_run3,8169000,1779292313.961866
approach4_mm2_run3,8170000,1779292313.963342
approach4_mm2_run3,8171000,1779292313.964835
approach4_mm2_run3,8172000,1779292314.041879
approach4_mm2_run3,8173000,1779292314.043352
approach4_mm2_run3,8174000,1779292314.044844
approach4_mm2_run3,8175000,1779292314.046314
approach4_mm2_run3,8176000,1779292314.047792
approach4_mm2_run3,8177000,1779292314.089518
approach4_mm2_run3,8178000,1779292314.091439
approach4_mm2_run3,8179000,1779292314.093306
approach4_mm2_run3,8180000,1779292314.094777
approach4_mm2_run3,8181000,1779292314.096266
approach4_mm2_run3,8182000,1779292314.097723
approach4_mm2_run3,8183000,1779292314.099204
approach4_mm2_run3,8184000,1779292314.100677
approach4_mm2_run3,8185000,1779292314.102152
approach4_mm2_run3,8186000,1779292314.103630
approach4_mm2_run3,8187000,1779292314.105128
approach4_mm2_run3,8188000,1779292314.257556
approach4_mm2_run3,8189000,1779292314.259033
approach4_mm2_run3,8190000,1779292314.260497
approach4_mm2_run3,8191000,1779292314.261961
approach4_mm2_run3,8192000,1779292314.263447
approach4_mm2_run3,8193000,1779292314.343605
approach4_mm2_run3,8194000,1779292314.345106
approach4_mm2_run3,8195000,1779292314.346587
approach4_mm2_run3,8196000,1779292314.398137
approach4_mm2_run3,8197000,1779292314.399616
approach4_mm2_run3,8198000,1779292314.401078
approach4_mm2_run3,8199000,1779292314.402552
approach4_mm2_run3,8200000,1779292314.404027
approach4_mm2_run3,8201000,1779292314.474331
approach4_mm2_run3,8202000,1779292314.475827
approach4_mm2_run3,8203000,1779292314.477291
approach4_mm2_run3,8204000,1779292314.478763
approach4_mm2_run3,8205000,1779292314.480231
approach4_mm2_run3,8206000,1779292314.785928
approach4_mm2_run3,8207000,1779292314.787414
approach4_mm2_run3,8208000,1779292314.788873
approach4_mm2_run3,8209000,1779292314.790344
approach4_mm2_run3,8210000,1779292314.791812
approach4_mm2_run3,8211000,1779292314.968093
approach4_mm2_run3,8212000,1779292314.969729
approach4_mm2_run3,8213000,1779292314.971937
approach4_mm2_run3,8214000,1779292314.973393
approach4_mm2_run3,8215000,1779292314.974896
approach4_mm2_run3,8216000,1779292314.976352
approach4_mm2_run3,8217000,1779292314.977811
approach4_mm2_run3,8218000,1779292314.979285
approach4_mm2_run3,8219000,1779292314.980746
approach4_mm2_run3,8220000,1779292314.982203
approach4_mm2_run3,8221000,1779292314.983686
approach4_mm2_run3,8222000,1779292314.989152
approach4_mm2_run3,8223000,1779292314.990614
approach4_mm2_run3,8224000,1779292314.992070
approach4_mm2_run3,8225000,1779292314.993529
approach4_mm2_run3,8226000,1779292314.995032
approach4_mm2_run3,8227000,1779292315.122643
approach4_mm2_run3,8228000,1779292315.124100
approach4_mm2_run3,8229000,1779292315.125588
approach4_mm2_run3,8230000,1779292315.127060
approach4_mm2_run3,8231000,1779292315.128528
approach4_mm2_run3,8232000,1779292315.129996
approach4_mm2_run3,8233000,1779292315.206604
approach4_mm2_run3,8234000,1779292315.208071
approach4_mm2_run3,8235000,1779292315.209533
approach4_mm2_run3,8236000,1779292315.211010
approach4_mm2_run3,8237000,1779292315.212481
approach4_mm2_run3,8238000,1779292315.539339
approach4_mm2_run3,8239000,1779292315.540793
approach4_mm2_run3,8240000,1779292315.542252
approach4_mm2_run3,8241000,1779292315.543721
approach4_mm2_run3,8242000,1779292315.545214
approach4_mm2_run3,8243000,1779292315.719521
approach4_mm2_run3,8244000,1779292315.720984
approach4_mm2_run3,8245000,1779292315.722459
approach4_mm2_run3,8246000,1779292315.723917
approach4_mm2_run3,8247000,1779292315.725407
approach4_mm2_run3,8248000,1779292315.849416
approach4_mm2_run3,8249000,1779292315.850950
approach4_mm2_run3,8250000,1779292315.852455
approach4_mm2_run3,8251000,1779292315.854203
approach4_mm2_run3,8252000,1779292315.860033
approach4_mm2_run3,8253000,1779292315.861505
approach4_mm2_run3,8254000,1779292315.862977
approach4_mm2_run3,8255000,1779292315.864426
approach4_mm2_run3,8256000,1779292315.865903
approach4_mm2_run3,8257000,1779292315.867374
approach4_mm2_run3,8258000,1779292315.868833
approach4_mm2_run3,8259000,1779292315.870306
approach4_mm2_run3,8260000,1779292315.871778
approach4_mm2_run3,8261000,1779292315.873245
approach4_mm2_run3,8262000,1779292315.874720
approach4_mm2_run3,8263000,1779292315.876201
approach4_mm2_run3,8264000,1779292315.930734
approach4_mm2_run3,8265000,1779292315.932201
approach4_mm2_run3,8266000,1779292315.933667
approach4_mm2_run3,8267000,1779292315.935164
approach4_mm2_run3,8268000,1779292315.936629
approach4_mm2_run3,8269000,1779292315.938093
approach4_mm2_run3,8270000,1779292316.287523
approach4_mm2_run3,8271000,1779292316.288971
approach4_mm2_run3,8272000,1779292316.290436
approach4_mm2_run3,8273000,1779292316.291890
approach4_mm2_run3,8274000,1779292316.293354
approach4_mm2_run3,8275000,1779292316.453726
approach4_mm2_run3,8276000,1779292316.455224
approach4_mm2_run3,8277000,1779292316.456676
approach4_mm2_run3,8278000,1779292316.458130
approach4_mm2_run3,8279000,1779292316.459602
approach4_mm2_run3,8280000,1779292316.576066
approach4_mm2_run3,8281000,1779292316.577539
approach4_mm2_run3,8282000,1779292316.579010
approach4_mm2_run3,8283000,1779292316.580468
approach4_mm2_run3,8284000,1779292316.581932
approach4_mm2_run3,8285000,1779292316.656133
approach4_mm2_run3,8286000,1779292316.657596
approach4_mm2_run3,8287000,1779292316.659069
approach4_mm2_run3,8288000,1779292316.660537
approach4_mm2_run3,8289000,1779292316.662009
approach4_mm2_run3,8290000,1779292316.663507
approach4_mm2_run3,8291000,1779292316.731547
approach4_mm2_run3,8292000,1779292316.733048
approach4_mm2_run3,8293000,1779292316.735044
approach4_mm2_run3,8294000,1779292316.737854
approach4_mm2_run3,8295000,1779292316.739319
approach4_mm2_run3,8296000,1779292316.740769
approach4_mm2_run3,8297000,1779292316.742242
approach4_mm2_run3,8298000,1779292316.743712
approach4_mm2_run3,8299000,1779292316.745202
approach4_mm2_run3,8300000,1779292316.746674
approach4_mm2_run3,8301000,1779292317.036213
approach4_mm2_run3,8302000,1779292317.037671
approach4_mm2_run3,8303000,1779292317.039140
approach4_mm2_run3,8304000,1779292317.040596
approach4_mm2_run3,8305000,1779292317.042062
approach4_mm2_run3,8306000,1779292317.181460
approach4_mm2_run3,8307000,1779292317.182923
approach4_mm2_run3,8308000,1779292317.184375
approach4_mm2_run3,8309000,1779292317.185863
approach4_mm2_run3,8310000,1779292317.187332
approach4_mm2_run3,8311000,1779292317.188791
approach4_mm2_run3,8312000,1779292317.301421
approach4_mm2_run3,8313000,1779292317.302894
approach4_mm2_run3,8314000,1779292317.304378
approach4_mm2_run3,8315000,1779292317.305877
approach4_mm2_run3,8316000,1779292317.307358
approach4_mm2_run3,8317000,1779292317.383709
approach4_mm2_run3,8318000,1779292317.385194
approach4_mm2_run3,8319000,1779292317.386668
approach4_mm2_run3,8320000,1779292317.388121
approach4_mm2_run3,8321000,1779292317.389581
approach4_mm2_run3,8322000,1779292317.614250
approach4_mm2_run3,8323000,1779292317.615828
approach4_mm2_run3,8324000,1779292317.617786
approach4_mm2_run3,8325000,1779292317.619769
approach4_mm2_run3,8326000,1779292317.621230
approach4_mm2_run3,8327000,1779292317.622704
approach4_mm2_run3,8328000,1779292317.624168
approach4_mm2_run3,8329000,1779292317.625654
approach4_mm2_run3,8330000,1779292317.627128
approach4_mm2_run3,8331000,1779292317.628588
approach4_mm2_run3,8332000,1779292317.630048
approach4_mm2_run3,8333000,1779292317.791303
approach4_mm2_run3,8334000,1779292317.792758
approach4_mm2_run3,8335000,1779292317.794212
approach4_mm2_run3,8336000,1779292317.795712
approach4_mm2_run3,8337000,1779292317.797171
approach4_mm2_run3,8338000,1779292317.913220
approach4_mm2_run3,8339000,1779292317.914683
approach4_mm2_run3,8340000,1779292317.916163
approach4_mm2_run3,8341000,1779292317.917615
approach4_mm2_run3,8342000,1779292317.919088
approach4_mm2_run3,8343000,1779292318.027500
approach4_mm2_run3,8344000,1779292318.028969
approach4_mm2_run3,8345000,1779292318.030442
approach4_mm2_run3,8346000,1779292318.031902
approach4_mm2_run3,8347000,1779292318.033367
approach4_mm2_run3,8348000,1779292318.034875
approach4_mm2_run3,8349000,1779292318.109887
approach4_mm2_run3,8350000,1779292318.111351
approach4_mm2_run3,8351000,1779292318.112807
approach4_mm2_run3,8352000,1779292318.114268
approach4_mm2_run3,8353000,1779292318.115788
approach4_mm2_run3,8354000,1779292318.496031
approach4_mm2_run3,8355000,1779292318.497954
approach4_mm2_run3,8356000,1779292318.500100
approach4_mm2_run3,8357000,1779292318.501563
approach4_mm2_run3,8358000,1779292318.503042
approach4_mm2_run3,8359000,1779292318.504507
approach4_mm2_run3,8360000,1779292318.505996
approach4_mm2_run3,8361000,1779292318.507468
approach4_mm2_run3,8362000,1779292318.508927
approach4_mm2_run3,8363000,1779292318.510401
approach4_mm2_run3,8364000,1779292318.511874
approach4_mm2_run3,8365000,1779292318.535633
approach4_mm2_run3,8366000,1779292318.537087
approach4_mm2_run3,8367000,1779292318.538555
approach4_mm2_run3,8368000,1779292318.540018
approach4_mm2_run3,8369000,1779292318.541486
approach4_mm2_run3,8370000,1779292318.645914
approach4_mm2_run3,8371000,1779292318.647383
approach4_mm2_run3,8372000,1779292318.648863
approach4_mm2_run3,8373000,1779292318.650325
approach4_mm2_run3,8374000,1779292318.651792
approach4_mm2_run3,8375000,1779292318.754730
approach4_mm2_run3,8376000,1779292318.756208
approach4_mm2_run3,8377000,1779292318.757653
approach4_mm2_run3,8378000,1779292318.759113
approach4_mm2_run3,8379000,1779292318.760572
approach4_mm2_run3,8380000,1779292318.833738
approach4_mm2_run3,8381000,1779292318.835243
approach4_mm2_run3,8382000,1779292318.836701
approach4_mm2_run3,8383000,1779292318.838157
approach4_mm2_run3,8384000,1779292318.839636
approach4_mm2_run3,8385000,1779292318.841110
approach4_mm2_run3,8386000,1779292319.285130
approach4_mm2_run3,8387000,1779292319.286596
approach4_mm2_run3,8388000,1779292319.288046
approach4_mm2_run3,8389000,1779292319.289498
approach4_mm2_run3,8390000,1779292319.290966
approach4_mm2_run3,8391000,1779292319.373814
approach4_mm2_run3,8392000,1779292319.375691
approach4_mm2_run3,8393000,1779292319.377628
approach4_mm2_run3,8394000,1779292319.379183
approach4_mm2_run3,8395000,1779292319.382920
approach4_mm2_run3,8396000,1779292319.384397
approach4_mm2_run3,8397000,1779292319.385875
approach4_mm2_run3,8398000,1779292319.387430
approach4_mm2_run3,8399000,1779292319.388905
approach4_mm2_run3,8400000,1779292319.390397
approach4_mm2_run3,8401000,1779292319.391872
approach4_mm2_run3,8402000,1779292319.393347
approach4_mm2_run3,8403000,1779292319.394849
approach4_mm2_run3,8404000,1779292319.396342
approach4_mm2_run3,8405000,1779292319.397827
approach4_mm2_run3,8406000,1779292319.399341
approach4_mm2_run3,8407000,1779292319.483680
approach4_mm2_run3,8408000,1779292319.485186
approach4_mm2_run3,8409000,1779292319.486666
approach4_mm2_run3,8410000,1779292319.488144
approach4_mm2_run3,8411000,1779292319.489626
approach4_mm2_run3,8412000,1779292319.561248
approach4_mm2_run3,8413000,1779292319.562731
approach4_mm2_run3,8414000,1779292319.564202
approach4_mm2_run3,8415000,1779292319.565705
approach4_mm2_run3,8416000,1779292319.567213
approach4_mm2_run3,8417000,1779292320.033011
approach4_mm2_run3,8418000,1779292320.034500
approach4_mm2_run3,8419000,1779292320.036012
approach4_mm2_run3,8420000,1779292320.037492
approach4_mm2_run3,8421000,1779292320.038983
approach4_mm2_run3,8422000,1779292320.040471
approach4_mm2_run3,8423000,1779292320.106277
approach4_mm2_run3,8424000,1779292320.107764
approach4_mm2_run3,8425000,1779292320.109239
approach4_mm2_run3,8426000,1779292320.110731
approach4_mm2_run3,8427000,1779292320.112212
approach4_mm2_run3,8428000,1779292320.207923
approach4_mm2_run3,8429000,1779292320.209395
approach4_mm2_run3,8430000,1779292320.210881
approach4_mm2_run3,8431000,1779292320.212357
approach4_mm2_run3,8432000,1779292320.213840
approach4_mm2_run3,8433000,1779292320.254866
approach4_mm2_run3,8434000,1779292320.256338
approach4_mm2_run3,8435000,1779292320.257808
approach4_mm2_run3,8436000,1779292320.259292
approach4_mm2_run3,8437000,1779292320.260761
approach4_mm2_run3,8438000,1779292320.266131
approach4_mm2_run3,8439000,1779292320.267865
approach4_mm2_run3,8440000,1779292320.269342
approach4_mm2_run3,8441000,1779292320.270832
approach4_mm2_run3,8442000,1779292320.272305
approach4_mm2_run3,8443000,1779292320.273787
approach4_mm2_run3,8444000,1779292320.287552
approach4_mm2_run3,8445000,1779292320.289022
approach4_mm2_run3,8446000,1779292320.290507
approach4_mm2_run3,8447000,1779292320.291978
approach4_mm2_run3,8448000,1779292320.293462
approach4_mm2_run3,8449000,1779292320.780384
approach4_mm2_run3,8450000,1779292320.781860
approach4_mm2_run3,8451000,1779292320.783340
approach4_mm2_run3,8452000,1779292320.784806
approach4_mm2_run3,8453000,1779292320.786329
approach4_mm2_run3,8454000,1779292320.834851
approach4_mm2_run3,8455000,1779292320.836324
approach4_mm2_run3,8456000,1779292320.837790
approach4_mm2_run3,8457000,1779292320.839269
approach4_mm2_run3,8458000,1779292320.840737
approach4_mm2_run3,8459000,1779292320.842227
approach4_mm2_run3,8460000,1779292320.939657
approach4_mm2_run3,8461000,1779292320.941119
approach4_mm2_run3,8462000,1779292320.942597
approach4_mm2_run3,8463000,1779292320.944064
approach4_mm2_run3,8464000,1779292320.945566
approach4_mm2_run3,8465000,1779292321.019333
approach4_mm2_run3,8466000,1779292321.020807
approach4_mm2_run3,8467000,1779292321.022280
approach4_mm2_run3,8468000,1779292321.023766
approach4_mm2_run3,8469000,1779292321.025297
approach4_mm2_run3,8470000,1779292321.138249
approach4_mm2_run3,8471000,1779292321.139728
approach4_mm2_run3,8472000,1779292321.141202
approach4_mm2_run3,8473000,1779292321.142698
approach4_mm2_run3,8474000,1779292321.144173
approach4_mm2_run3,8475000,1779292321.150866
approach4_mm2_run3,8476000,1779292321.152349
approach4_mm2_run3,8477000,1779292321.153830
approach4_mm2_run3,8478000,1779292321.155357
approach4_mm2_run3,8479000,1779292321.156853
approach4_mm2_run3,8480000,1779292321.158351
approach4_mm2_run3,8481000,1779292321.537400
approach4_mm2_run3,8482000,1779292321.538890
approach4_mm2_run3,8483000,1779292321.540365
approach4_mm2_run3,8484000,1779292321.541839
approach4_mm2_run3,8485000,1779292321.543332
approach4_mm2_run3,8486000,1779292321.566290
approach4_mm2_run3,8487000,1779292321.567768
approach4_mm2_run3,8488000,1779292321.569238
approach4_mm2_run3,8489000,1779292321.570724
approach4_mm2_run3,8490000,1779292321.572201
approach4_mm2_run3,8491000,1779292321.663627
approach4_mm2_run3,8492000,1779292321.665129
approach4_mm2_run3,8493000,1779292321.666616
approach4_mm2_run3,8494000,1779292321.668091
approach4_mm2_run3,8495000,1779292321.669569
approach4_mm2_run3,8496000,1779292321.743252
approach4_mm2_run3,8497000,1779292321.744729
approach4_mm2_run3,8498000,1779292321.746241
approach4_mm2_run3,8499000,1779292321.747784
approach4_mm2_run3,8500000,1779292321.749292
approach4_mm2_run3,8501000,1779292321.750834
approach4_mm2_run3,8502000,1779292322.020033
approach4_mm2_run3,8503000,1779292322.021492
approach4_mm2_run3,8504000,1779292322.022970
approach4_mm2_run3,8505000,1779292322.024441
approach4_mm2_run3,8506000,1779292322.026058
approach4_mm2_run3,8507000,1779292322.031473
approach4_mm2_run3,8508000,1779292322.032945
approach4_mm2_run3,8509000,1779292322.034431
approach4_mm2_run3,8510000,1779292322.035943
approach4_mm2_run3,8511000,1779292322.037429
approach4_mm2_run3,8512000,1779292322.283638
approach4_mm2_run3,8513000,1779292322.285141
approach4_mm2_run3,8514000,1779292322.286627
approach4_mm2_run3,8515000,1779292322.288097
approach4_mm2_run3,8516000,1779292322.289567
approach4_mm2_run3,8517000,1779292322.291056
approach4_mm2_run3,8518000,1779292322.296581
approach4_mm2_run3,8519000,1779292322.298060
approach4_mm2_run3,8520000,1779292322.299547
approach4_mm2_run3,8521000,1779292322.301017
approach4_mm2_run3,8522000,1779292322.302521
approach4_mm2_run3,8523000,1779292322.389918
approach4_mm2_run3,8524000,1779292322.391399
approach4_mm2_run3,8525000,1779292322.392864
approach4_mm2_run3,8526000,1779292322.394347
approach4_mm2_run3,8527000,1779292322.395852
approach4_mm2_run3,8528000,1779292322.469627
approach4_mm2_run3,8529000,1779292322.471107
approach4_mm2_run3,8530000,1779292322.472579
approach4_mm2_run3,8531000,1779292322.474048
approach4_mm2_run3,8532000,1779292322.475578
approach4_mm2_run3,8533000,1779292322.902596
approach4_mm2_run3,8534000,1779292322.904062
approach4_mm2_run3,8535000,1779292322.905563
approach4_mm2_run3,8536000,1779292322.907052
approach4_mm2_run3,8537000,1779292322.908525
approach4_mm2_run3,8538000,1779292322.910052
approach4_mm2_run3,8539000,1779292322.913409
approach4_mm2_run3,8540000,1779292322.914915
approach4_mm2_run3,8541000,1779292322.916391
approach4_mm2_run3,8542000,1779292322.917883
approach4_mm2_run3,8543000,1779292322.919381
approach4_mm2_run3,8544000,1779292323.026677
approach4_mm2_run3,8545000,1779292323.028178
approach4_mm2_run3,8546000,1779292323.029742
approach4_mm2_run3,8547000,1779292323.033031
approach4_mm2_run3,8548000,1779292323.034515
approach4_mm2_run3,8549000,1779292323.036021
approach4_mm2_run3,8550000,1779292323.037491
approach4_mm2_run3,8551000,1779292323.038976
approach4_mm2_run3,8552000,1779292323.040453
approach4_mm2_run3,8553000,1779292323.041929
approach4_mm2_run3,8554000,1779292323.043426
approach4_mm2_run3,8555000,1779292323.117100
approach4_mm2_run3,8556000,1779292323.118586
approach4_mm2_run3,8557000,1779292323.120059
approach4_mm2_run3,8558000,1779292323.121533
approach4_mm2_run3,8559000,1779292323.123034
approach4_mm2_run3,8560000,1779292323.540954
approach4_mm2_run3,8561000,1779292323.542441
approach4_mm2_run3,8562000,1779292323.543910
approach4_mm2_run3,8563000,1779292323.545413
approach4_mm2_run3,8564000,1779292323.546904
approach4_mm2_run3,8565000,1779292323.757661
approach4_mm2_run3,8566000,1779292323.759150
approach4_mm2_run3,8567000,1779292323.760625
approach4_mm2_run3,8568000,1779292323.762103
approach4_mm2_run3,8569000,1779292323.763597
approach4_mm2_run3,8570000,1779292323.788138
approach4_mm2_run3,8571000,1779292323.789605
approach4_mm2_run3,8572000,1779292323.791085
approach4_mm2_run3,8573000,1779292323.792647
approach4_mm2_run3,8574000,1779292323.794644
approach4_mm2_run3,8575000,1779292323.796535
approach4_mm2_run3,8576000,1779292323.798018
approach4_mm2_run3,8577000,1779292323.799503
approach4_mm2_run3,8578000,1779292323.800979
approach4_mm2_run3,8579000,1779292323.802469
approach4_mm2_run3,8580000,1779292323.803965
approach4_mm2_run3,8581000,1779292324.122797
approach4_mm2_run3,8582000,1779292324.124267
approach4_mm2_run3,8583000,1779292324.125770
approach4_mm2_run3,8584000,1779292324.127251
approach4_mm2_run3,8585000,1779292324.128743
approach4_mm2_run3,8586000,1779292324.182437
approach4_mm2_run3,8587000,1779292324.183915
approach4_mm2_run3,8588000,1779292324.185416
approach4_mm2_run3,8589000,1779292324.186899
approach4_mm2_run3,8590000,1779292324.188370
approach4_mm2_run3,8591000,1779292324.189851
approach4_mm2_run3,8592000,1779292324.267606
approach4_mm2_run3,8593000,1779292324.269085
approach4_mm2_run3,8594000,1779292324.270575
approach4_mm2_run3,8595000,1779292324.272044
approach4_mm2_run3,8596000,1779292324.273529
approach4_mm2_run3,8597000,1779292324.533594
approach4_mm2_run3,8598000,1779292324.535101
approach4_mm2_run3,8599000,1779292324.536577
approach4_mm2_run3,8600000,1779292324.538051
approach4_mm2_run3,8601000,1779292324.539546
approach4_mm2_run3,8602000,1779292324.675824
approach4_mm2_run3,8603000,1779292324.677294
approach4_mm2_run3,8604000,1779292324.678777
approach4_mm2_run3,8605000,1779292324.680267
approach4_mm2_run3,8606000,1779292324.681747
approach4_mm2_run3,8607000,1779292324.837376
approach4_mm2_run3,8608000,1779292324.838860
approach4_mm2_run3,8609000,1779292324.840332
approach4_mm2_run3,8610000,1779292324.841803
approach4_mm2_run3,8611000,1779292324.843296
approach4_mm2_run3,8612000,1779292324.844784
approach4_mm2_run3,8613000,1779292324.913134
approach4_mm2_run3,8614000,1779292324.914626
approach4_mm2_run3,8615000,1779292324.916128
approach4_mm2_run3,8616000,1779292324.917601
approach4_mm2_run3,8617000,1779292324.919095
approach4_mm2_run3,8618000,1779292324.994167
approach4_mm2_run3,8619000,1779292324.995670
approach4_mm2_run3,8620000,1779292324.997142
approach4_mm2_run3,8621000,1779292324.998621
approach4_mm2_run3,8622000,1779292325.000177
approach4_mm2_run3,8623000,1779292325.002944
approach4_mm2_run3,8624000,1779292325.004409
approach4_mm2_run3,8625000,1779292325.005898
approach4_mm2_run3,8626000,1779292325.007375
approach4_mm2_run3,8627000,1779292325.008842
approach4_mm2_run3,8628000,1779292325.281670
approach4_mm2_run3,8629000,1779292325.283151
approach4_mm2_run3,8630000,1779292325.284628
approach4_mm2_run3,8631000,1779292325.286130
approach4_mm2_run3,8632000,1779292325.287621
approach4_mm2_run3,8633000,1779292325.289130
approach4_mm2_run3,8634000,1779292325.560156
approach4_mm2_run3,8635000,1779292325.561647
approach4_mm2_run3,8636000,1779292325.563143
approach4_mm2_run3,8637000,1779292325.564629
approach4_mm2_run3,8638000,1779292325.566290
approach4_mm2_run3,8639000,1779292325.568745
approach4_mm2_run3,8640000,1779292325.570227
approach4_mm2_run3,8641000,1779292325.571716
approach4_mm2_run3,8642000,1779292325.573197
approach4_mm2_run3,8643000,1779292325.574694
approach4_mm2_run3,8644000,1779292325.635991
approach4_mm2_run3,8645000,1779292325.637470
approach4_mm2_run3,8646000,1779292325.638953
approach4_mm2_run3,8647000,1779292325.640421
approach4_mm2_run3,8648000,1779292325.641908
approach4_mm2_run3,8649000,1779292325.643403
approach4_mm2_run3,8650000,1779292325.722371
approach4_mm2_run3,8651000,1779292325.723848
approach4_mm2_run3,8652000,1779292325.725355
approach4_mm2_run3,8653000,1779292325.726844
approach4_mm2_run3,8654000,1779292325.728328
approach4_mm2_run3,8655000,1779292325.884137
approach4_mm2_run3,8656000,1779292325.885643
approach4_mm2_run3,8657000,1779292325.887134
approach4_mm2_run3,8658000,1779292325.888612
approach4_mm2_run3,8659000,1779292325.890095
approach4_mm2_run3,8660000,1779292325.970361
approach4_mm2_run3,8661000,1779292325.971841
approach4_mm2_run3,8662000,1779292325.973329
approach4_mm2_run3,8663000,1779292326.031002
approach4_mm2_run3,8664000,1779292326.032477
approach4_mm2_run3,8665000,1779292326.033948
approach4_mm2_run3,8666000,1779292326.035460
approach4_mm2_run3,8667000,1779292326.036937
approach4_mm2_run3,8668000,1779292326.299790
approach4_mm2_run3,8669000,1779292326.301260
approach4_mm2_run3,8670000,1779292326.302745
approach4_mm2_run3,8671000,1779292326.304213
approach4_mm2_run3,8672000,1779292326.305721
approach4_mm2_run3,8673000,1779292326.437973
approach4_mm2_run3,8674000,1779292326.439464
approach4_mm2_run3,8675000,1779292326.440942
approach4_mm2_run3,8676000,1779292326.442430
approach4_mm2_run3,8677000,1779292326.443913
approach4_mm2_run3,8678000,1779292326.449110
approach4_mm2_run3,8679000,1779292326.450585
approach4_mm2_run3,8680000,1779292326.452060
approach4_mm2_run3,8681000,1779292326.453529
approach4_mm2_run3,8682000,1779292326.455040
approach4_mm2_run3,8683000,1779292326.456525
approach4_mm2_run3,8684000,1779292326.767269
approach4_mm2_run3,8685000,1779292326.768742
approach4_mm2_run3,8686000,1779292326.770210
approach4_mm2_run3,8687000,1779292326.771699
approach4_mm2_run3,8688000,1779292326.773265
approach4_mm2_run3,8689000,1779292326.776004
approach4_mm2_run3,8690000,1779292326.777463
approach4_mm2_run3,8691000,1779292326.778937
approach4_mm2_run3,8692000,1779292326.780400
approach4_mm2_run3,8693000,1779292326.781867
approach4_mm2_run3,8694000,1779292327.031300
approach4_mm2_run3,8695000,1779292327.032768
approach4_mm2_run3,8696000,1779292327.034234
approach4_mm2_run3,8697000,1779292327.035753
approach4_mm2_run3,8698000,1779292327.037236
approach4_mm2_run3,8699000,1779292327.038743
approach4_mm2_run3,8700000,1779292327.175881
approach4_mm2_run3,8701000,1779292327.177356
approach4_mm2_run3,8702000,1779292327.178844
approach4_mm2_run3,8703000,1779292327.180318
approach4_mm2_run3,8704000,1779292327.181799
approach4_mm2_run3,8705000,1779292327.324631
approach4_mm2_run3,8706000,1779292327.326141
approach4_mm2_run3,8707000,1779292327.327634
approach4_mm2_run3,8708000,1779292327.329113
approach4_mm2_run3,8709000,1779292327.330609
approach4_mm2_run3,8710000,1779292327.647206
approach4_mm2_run3,8711000,1779292327.648684
approach4_mm2_run3,8712000,1779292327.650149
approach4_mm2_run3,8713000,1779292327.651629
approach4_mm2_run3,8714000,1779292327.653101
approach4_mm2_run3,8715000,1779292327.762086
approach4_mm2_run3,8716000,1779292327.763561
approach4_mm2_run3,8717000,1779292327.765068
approach4_mm2_run3,8718000,1779292327.766554
approach4_mm2_run3,8719000,1779292327.768026
approach4_mm2_run3,8720000,1779292327.769506
approach4_mm2_run3,8721000,1779292327.875008
approach4_mm2_run3,8722000,1779292327.876480
approach4_mm2_run3,8723000,1779292327.877944
approach4_mm2_run3,8724000,1779292327.879431
approach4_mm2_run3,8725000,1779292327.880906
approach4_mm2_run3,8726000,1779292327.900877
approach4_mm2_run3,8727000,1779292327.902365
approach4_mm2_run3,8728000,1779292327.903840
approach4_mm2_run3,8729000,1779292327.905334
approach4_mm2_run3,8730000,1779292327.906826
approach4_mm2_run3,8731000,1779292328.203363
approach4_mm2_run3,8732000,1779292328.204861
approach4_mm2_run3,8733000,1779292328.206359
approach4_mm2_run3,8734000,1779292328.207853
approach4_mm2_run3,8735000,1779292328.209346
approach4_mm2_run3,8736000,1779292328.210860
approach4_mm2_run3,8737000,1779292328.493351
approach4_mm2_run3,8738000,1779292328.494872
approach4_mm2_run3,8739000,1779292328.496345
approach4_mm2_run3,8740000,1779292328.497816
approach4_mm2_run3,8741000,1779292328.499314
approach4_mm2_run3,8742000,1779292328.527189
approach4_mm2_run3,8743000,1779292328.528658
approach4_mm2_run3,8744000,1779292328.530127
approach4_mm2_run3,8745000,1779292328.531608
approach4_mm2_run3,8746000,1779292328.533084
approach4_mm2_run3,8747000,1779292328.628399
approach4_mm2_run3,8748000,1779292328.629943
approach4_mm2_run3,8749000,1779292328.632525
approach4_mm2_run3,8750000,1779292328.633997
approach4_mm2_run3,8751000,1779292328.635516
approach4_mm2_run3,8752000,1779292328.636991
approach4_mm2_run3,8753000,1779292328.638478
approach4_mm2_run3,8754000,1779292328.639956
approach4_mm2_run3,8755000,1779292328.641438
approach4_mm2_run3,8756000,1779292328.642927
approach4_mm2_run3,8757000,1779292328.644406
approach4_mm2_run3,8758000,1779292329.223553
approach4_mm2_run3,8759000,1779292329.225065
approach4_mm2_run3,8760000,1779292329.226550
approach4_mm2_run3,8761000,1779292329.228028
approach4_mm2_run3,8762000,1779292329.229510
approach4_mm2_run3,8763000,1779292329.354628
approach4_mm2_run3,8764000,1779292329.356136
approach4_mm2_run3,8765000,1779292329.357615
approach4_mm2_run3,8766000,1779292329.359099
approach4_mm2_run3,8767000,1779292329.360574
approach4_mm2_run3,8768000,1779292329.372485
approach4_mm2_run3,8769000,1779292329.373953
approach4_mm2_run3,8770000,1779292329.375471
approach4_mm2_run3,8771000,1779292329.376944
approach4_mm2_run3,8772000,1779292329.378429
approach4_mm2_run3,8773000,1779292329.408913
approach4_mm2_run3,8774000,1779292329.410510
approach4_mm2_run3,8775000,1779292329.412623
approach4_mm2_run3,8776000,1779292329.414186
approach4_mm2_run3,8777000,1779292329.415697
approach4_mm2_run3,8778000,1779292329.417172
approach4_mm2_run3,8779000,1779292329.418658
approach4_mm2_run3,8780000,1779292329.420132
approach4_mm2_run3,8781000,1779292329.421613
approach4_mm2_run3,8782000,1779292329.423105
approach4_mm2_run3,8783000,1779292329.424586
approach4_mm2_run3,8784000,1779292329.953767
approach4_mm2_run3,8785000,1779292329.955279
approach4_mm2_run3,8786000,1779292329.956757
approach4_mm2_run3,8787000,1779292329.958231
approach4_mm2_run3,8788000,1779292329.959723
approach4_mm2_run3,8789000,1779292330.082115
approach4_mm2_run3,8790000,1779292330.083602
approach4_mm2_run3,8791000,1779292330.085106
approach4_mm2_run3,8792000,1779292330.086588
approach4_mm2_run3,8793000,1779292330.088057
approach4_mm2_run3,8794000,1779292330.089549
approach4_mm2_run3,8795000,1779292330.123970
approach4_mm2_run3,8796000,1779292330.125457
approach4_mm2_run3,8797000,1779292330.126935
approach4_mm2_run3,8798000,1779292330.128398
approach4_mm2_run3,8799000,1779292330.129865
approach4_mm2_run3,8800000,1779292330.290889
approach4_mm2_run3,8801000,1779292330.292360
approach4_mm2_run3,8802000,1779292330.293892
approach4_mm2_run3,8803000,1779292330.295822
approach4_mm2_run3,8804000,1779292330.297834
approach4_mm2_run3,8805000,1779292330.299324
approach4_mm2_run3,8806000,1779292330.300801
approach4_mm2_run3,8807000,1779292330.302277
approach4_mm2_run3,8808000,1779292330.303769
approach4_mm2_run3,8809000,1779292330.305276
approach4_mm2_run3,8810000,1779292330.684921
approach4_mm2_run3,8811000,1779292330.686402
approach4_mm2_run3,8812000,1779292330.687875
approach4_mm2_run3,8813000,1779292330.689346
approach4_mm2_run3,8814000,1779292330.690832
approach4_mm2_run3,8815000,1779292330.692317
approach4_mm2_run3,8816000,1779292330.807446
approach4_mm2_run3,8817000,1779292330.808918
approach4_mm2_run3,8818000,1779292330.810396
approach4_mm2_run3,8819000,1779292330.811872
approach4_mm2_run3,8820000,1779292330.813351
approach4_mm2_run3,8821000,1779292330.871589
approach4_mm2_run3,8822000,1779292330.873043
approach4_mm2_run3,8823000,1779292330.874511
approach4_mm2_run3,8824000,1779292330.876006
approach4_mm2_run3,8825000,1779292330.877476
approach4_mm2_run3,8826000,1779292331.170205
approach4_mm2_run3,8827000,1779292331.171686
approach4_mm2_run3,8828000,1779292331.173156
approach4_mm2_run3,8829000,1779292331.174640
approach4_mm2_run3,8830000,1779292331.176147
approach4_mm2_run3,8831000,1779292331.183694
approach4_mm2_run3,8832000,1779292331.185197
approach4_mm2_run3,8833000,1779292331.186703
approach4_mm2_run3,8834000,1779292331.188174
approach4_mm2_run3,8835000,1779292331.189645
approach4_mm2_run3,8836000,1779292331.191130
approach4_mm2_run3,8837000,1779292331.415791
approach4_mm2_run3,8838000,1779292331.417260
approach4_mm2_run3,8839000,1779292331.418743
approach4_mm2_run3,8840000,1779292331.420215
approach4_mm2_run3,8841000,1779292331.421687
approach4_mm2_run3,8842000,1779292331.532296
approach4_mm2_run3,8843000,1779292331.533765
approach4_mm2_run3,8844000,1779292331.535277
approach4_mm2_run3,8845000,1779292331.536747
approach4_mm2_run3,8846000,1779292331.538223
approach4_mm2_run3,8847000,1779292331.620086
approach4_mm2_run3,8848000,1779292331.621556
approach4_mm2_run3,8849000,1779292331.623037
approach4_mm2_run3,8850000,1779292331.624504
approach4_mm2_run3,8851000,1779292331.626009
approach4_mm2_run3,8852000,1779292331.627502
approach4_mm2_run3,8853000,1779292332.053816
approach4_mm2_run3,8854000,1779292332.055325
approach4_mm2_run3,8855000,1779292332.056794
approach4_mm2_run3,8856000,1779292332.058263
approach4_mm2_run3,8857000,1779292332.059762
approach4_mm2_run3,8858000,1779292332.067384
approach4_mm2_run3,8859000,1779292332.068867
approach4_mm2_run3,8860000,1779292332.070363
approach4_mm2_run3,8861000,1779292332.071840
approach4_mm2_run3,8862000,1779292332.073323
approach4_mm2_run3,8863000,1779292332.145365
approach4_mm2_run3,8864000,1779292332.146848
approach4_mm2_run3,8865000,1779292332.148326
approach4_mm2_run3,8866000,1779292332.149805
approach4_mm2_run3,8867000,1779292332.151301
approach4_mm2_run3,8868000,1779292332.260407
approach4_mm2_run3,8869000,1779292332.261878
approach4_mm2_run3,8870000,1779292332.263360
approach4_mm2_run3,8871000,1779292332.264868
approach4_mm2_run3,8872000,1779292332.266359
approach4_mm2_run3,8873000,1779292332.267844
approach4_mm2_run3,8874000,1779292332.374656
approach4_mm2_run3,8875000,1779292332.376159
approach4_mm2_run3,8876000,1779292332.377624
approach4_mm2_run3,8877000,1779292332.379103
approach4_mm2_run3,8878000,1779292332.380570
approach4_mm2_run3,8879000,1779292332.875190
approach4_mm2_run3,8880000,1779292332.876663
approach4_mm2_run3,8881000,1779292332.878134
approach4_mm2_run3,8882000,1779292332.879620
approach4_mm2_run3,8883000,1779292332.881098
approach4_mm2_run3,8884000,1779292332.932987
approach4_mm2_run3,8885000,1779292332.934477
approach4_mm2_run3,8886000,1779292332.935982
approach4_mm2_run3,8887000,1779292332.937464
approach4_mm2_run3,8888000,1779292332.938964
approach4_mm2_run3,8889000,1779292332.940449
approach4_mm2_run3,8890000,1779292332.953525
approach4_mm2_run3,8891000,1779292332.955057
approach4_mm2_run3,8892000,1779292332.956533
approach4_mm2_run3,8893000,1779292332.958007
approach4_mm2_run3,8894000,1779292332.959506
approach4_mm2_run3,8895000,1779292332.987116
approach4_mm2_run3,8896000,1779292332.988588
approach4_mm2_run3,8897000,1779292332.990058
approach4_mm2_run3,8898000,1779292332.991540
approach4_mm2_run3,8899000,1779292332.993012
approach4_mm2_run3,8900000,1779292333.118285
approach4_mm2_run3,8901000,1779292333.119772
approach4_mm2_run3,8902000,1779292333.121253
approach4_mm2_run3,8903000,1779292333.122736
approach4_mm2_run3,8904000,1779292333.124217
approach4_mm2_run3,8905000,1779292333.604772
approach4_mm2_run3,8906000,1779292333.606311
approach4_mm2_run3,8907000,1779292333.607783
approach4_mm2_run3,8908000,1779292333.609267
approach4_mm2_run3,8909000,1779292333.610782
approach4_mm2_run3,8910000,1779292333.612277
approach4_mm2_run3,8911000,1779292333.713603
approach4_mm2_run3,8912000,1779292333.715131
approach4_mm2_run3,8913000,1779292333.716605
approach4_mm2_run3,8914000,1779292333.718102
approach4_mm2_run3,8915000,1779292333.719620
approach4_mm2_run3,8916000,1779292333.815862
approach4_mm2_run3,8917000,1779292333.817353
approach4_mm2_run3,8918000,1779292333.818851
approach4_mm2_run3,8919000,1779292333.820338
approach4_mm2_run3,8920000,1779292333.821924
approach4_mm2_run3,8921000,1779292333.824403
approach4_mm2_run3,8922000,1779292333.825917
approach4_mm2_run3,8923000,1779292333.827429
approach4_mm2_run3,8924000,1779292333.828917
approach4_mm2_run3,8925000,1779292333.830420
approach4_mm2_run3,8926000,1779292333.869031
approach4_mm2_run3,8927000,1779292333.870529
approach4_mm2_run3,8928000,1779292333.872022
approach4_mm2_run3,8929000,1779292333.873508
approach4_mm2_run3,8930000,1779292333.875036
approach4_mm2_run3,8931000,1779292333.876516
approach4_mm2_run3,8932000,1779292333.884841
approach4_mm2_run3,8933000,1779292333.886361
approach4_mm2_run3,8934000,1779292334.438066
approach4_mm2_run3,8935000,1779292334.439582
approach4_mm2_run3,8936000,1779292334.441066
approach4_mm2_run3,8937000,1779292334.442573
approach4_mm2_run3,8938000,1779292334.444074
approach4_mm2_run3,8939000,1779292334.615694
approach4_mm2_run3,8940000,1779292334.617156
approach4_mm2_run3,8941000,1779292334.618659
approach4_mm2_run3,8942000,1779292334.620144
approach4_mm2_run3,8943000,1779292334.621635
approach4_mm2_run3,8944000,1779292334.708155
approach4_mm2_run3,8945000,1779292334.709641
approach4_mm2_run3,8946000,1779292334.711140
approach4_mm2_run3,8947000,1779292334.712652
approach4_mm2_run3,8948000,1779292334.714149
approach4_mm2_run3,8949000,1779292334.715687
approach4_mm2_run3,8950000,1779292335.038243
approach4_mm2_run3,8951000,1779292335.039738
approach4_mm2_run3,8952000,1779292335.041224
approach4_mm2_run3,8953000,1779292335.042733
approach4_mm2_run3,8954000,1779292335.044225
approach4_mm2_run3,8955000,1779292335.369323
approach4_mm2_run3,8956000,1779292335.370810
approach4_mm2_run3,8957000,1779292335.372288
approach4_mm2_run3,8958000,1779292335.373771
approach4_mm2_run3,8959000,1779292335.375306
approach4_mm2_run3,8960000,1779292335.502882
approach4_mm2_run3,8961000,1779292335.504367
approach4_mm2_run3,8962000,1779292335.505872
approach4_mm2_run3,8963000,1779292335.507392
approach4_mm2_run3,8964000,1779292335.508884
approach4_mm2_run3,8965000,1779292335.593129
approach4_mm2_run3,8966000,1779292335.594635
approach4_mm2_run3,8967000,1779292335.596131
approach4_mm2_run3,8968000,1779292335.597640
approach4_mm2_run3,8969000,1779292335.599147
approach4_mm2_run3,8970000,1779292335.600662
approach4_mm2_run3,8971000,1779292335.924361
approach4_mm2_run3,8972000,1779292335.925883
approach4_mm2_run3,8973000,1779292335.927391
approach4_mm2_run3,8974000,1779292335.928895
approach4_mm2_run3,8975000,1779292335.930407
approach4_mm2_run3,8976000,1779292336.120007
approach4_mm2_run3,8977000,1779292336.121506
approach4_mm2_run3,8978000,1779292336.123013
approach4_mm2_run3,8979000,1779292336.124501
approach4_mm2_run3,8980000,1779292336.126056
approach4_mm2_run3,8981000,1779292336.229947
approach4_mm2_run3,8982000,1779292336.231449
approach4_mm2_run3,8983000,1779292336.232959
approach4_mm2_run3,8984000,1779292336.234466
approach4_mm2_run3,8985000,1779292336.235984
approach4_mm2_run3,8986000,1779292336.237509
approach4_mm2_run3,8987000,1779292336.481359
approach4_mm2_run3,8988000,1779292336.482858
approach4_mm2_run3,8989000,1779292336.484353
approach4_mm2_run3,8990000,1779292336.485883
approach4_mm2_run3,8991000,1779292336.487411
approach4_mm2_run3,8992000,1779292336.801562
approach4_mm2_run3,8993000,1779292336.803069
approach4_mm2_run3,8994000,1779292336.804557
approach4_mm2_run3,8995000,1779292336.806078
approach4_mm2_run3,8996000,1779292336.807583
approach4_mm2_run3,8997000,1779292336.868478
approach4_mm2_run3,8998000,1779292336.869969
approach4_mm2_run3,8999000,1779292336.871463
approach4_mm2_run3,9000000,1779292336.872964
approach4_mm2_run3,9001000,1779292336.874497
approach4_mm2_run3,9002000,1779292336.955020
approach4_mm2_run3,9003000,1779292336.956506
approach4_mm2_run3,9004000,1779292336.957994
approach4_mm2_run3,9005000,1779292336.959502
approach4_mm2_run3,9006000,1779292336.961007
approach4_mm2_run3,9007000,1779292336.962517
approach4_mm2_run3,9008000,1779292337.369717
approach4_mm2_run3,9009000,1779292337.371228
approach4_mm2_run3,9010000,1779292337.372717
approach4_mm2_run3,9011000,1779292337.374192
approach4_mm2_run3,9012000,1779292337.375731
approach4_mm2_run3,9013000,1779292337.622843
approach4_mm2_run3,9014000,1779292337.624321
approach4_mm2_run3,9015000,1779292337.625829
approach4_mm2_run3,9016000,1779292337.627325
approach4_mm2_run3,9017000,1779292337.628804
approach4_mm2_run3,9018000,1779292337.680581
approach4_mm2_run3,9019000,1779292337.682163
approach4_mm2_run3,9020000,1779292337.684421
approach4_mm2_run3,9021000,1779292337.685937
approach4_mm2_run3,9022000,1779292337.687443
approach4_mm2_run3,9023000,1779292337.688915
approach4_mm2_run3,9024000,1779292337.690407
approach4_mm2_run3,9025000,1779292337.691879
approach4_mm2_run3,9026000,1779292337.693378
approach4_mm2_run3,9027000,1779292337.694893
approach4_mm2_run3,9028000,1779292337.696391
approach4_mm2_run3,9029000,1779292338.235070
approach4_mm2_run3,9030000,1779292338.236572
approach4_mm2_run3,9031000,1779292338.238064
approach4_mm2_run3,9032000,1779292338.239567
approach4_mm2_run3,9033000,1779292338.241050
approach4_mm2_run3,9034000,1779292338.366802
approach4_mm2_run3,9035000,1779292338.368287
approach4_mm2_run3,9036000,1779292338.369777
approach4_mm2_run3,9037000,1779292338.371275
approach4_mm2_run3,9038000,1779292338.372766
approach4_mm2_run3,9039000,1779292338.405747
approach4_mm2_run3,9040000,1779292338.407264
approach4_mm2_run3,9041000,1779292338.408767
approach4_mm2_run3,9042000,1779292338.410262
approach4_mm2_run3,9043000,1779292338.411770
approach4_mm2_run3,9044000,1779292338.413276
approach4_mm2_run3,9045000,1779292338.567170
approach4_mm2_run3,9046000,1779292338.568674
approach4_mm2_run3,9047000,1779292338.570172
approach4_mm2_run3,9048000,1779292338.571674
approach4_mm2_run3,9049000,1779292338.573176
approach4_mm2_run3,9050000,1779292339.116506
approach4_mm2_run3,9051000,1779292339.118009
approach4_mm2_run3,9052000,1779292339.119523
approach4_mm2_run3,9053000,1779292339.121873
approach4_mm2_run3,9054000,1779292339.123357
approach4_mm2_run3,9055000,1779292339.124867
approach4_mm2_run3,9056000,1779292339.126367
approach4_mm2_run3,9057000,1779292339.127852
approach4_mm2_run3,9058000,1779292339.129352
approach4_mm2_run3,9059000,1779292339.130901
approach4_mm2_run3,9060000,1779292339.133471
approach4_mm2_run3,9061000,1779292339.135018
approach4_mm2_run3,9062000,1779292339.136506
approach4_mm2_run3,9063000,1779292339.137985
approach4_mm2_run3,9064000,1779292339.139479
approach4_mm2_run3,9065000,1779292339.140983
approach4_mm2_run3,9066000,1779292339.445742
approach4_mm2_run3,9067000,1779292339.447253
approach4_mm2_run3,9068000,1779292339.448745
approach4_mm2_run3,9069000,1779292339.450236
approach4_mm2_run3,9070000,1779292339.451748
approach4_mm2_run3,9071000,1779292339.858713
approach4_mm2_run3,9072000,1779292339.860345
approach4_mm2_run3,9073000,1779292339.862509
approach4_mm2_run3,9074000,1779292339.863982
approach4_mm2_run3,9075000,1779292339.865500
approach4_mm2_run3,9076000,1779292339.867004
approach4_mm2_run3,9077000,1779292339.868478
approach4_mm2_run3,9078000,1779292339.869958
approach4_mm2_run3,9079000,1779292339.871442
approach4_mm2_run3,9080000,1779292339.872926
approach4_mm2_run3,9081000,1779292339.874428
approach4_mm2_run3,9082000,1779292340.005460
approach4_mm2_run3,9083000,1779292340.006959
approach4_mm2_run3,9084000,1779292340.008461
approach4_mm2_run3,9085000,1779292340.009963
approach4_mm2_run3,9086000,1779292340.011478
approach4_mm2_run3,9087000,1779292340.326360
approach4_mm2_run3,9088000,1779292340.327814
approach4_mm2_run3,9089000,1779292340.329293
approach4_mm2_run3,9090000,1779292340.330782
approach4_mm2_run3,9091000,1779292340.332254
approach4_mm2_run3,9092000,1779292340.584686
approach4_mm2_run3,9093000,1779292340.586216
approach4_mm2_run3,9094000,1779292340.587755
approach4_mm2_run3,9095000,1779292340.589246
approach4_mm2_run3,9096000,1779292340.590744
approach4_mm2_run3,9097000,1779292340.614578
approach4_mm2_run3,9098000,1779292340.616079
approach4_mm2_run3,9099000,1779292340.617568
approach4_mm2_run3,9100000,1779292340.619087
approach4_mm2_run3,9101000,1779292340.620582
approach4_mm2_run3,9102000,1779292340.622083
approach4_mm2_run3,9103000,1779292340.891078
approach4_mm2_run3,9104000,1779292340.892605
approach4_mm2_run3,9105000,1779292340.894096
approach4_mm2_run3,9106000,1779292340.895632
approach4_mm2_run3,9107000,1779292340.897137
approach4_mm2_run3,9108000,1779292341.208917
approach4_mm2_run3,9109000,1779292341.210439
approach4_mm2_run3,9110000,1779292341.211931
approach4_mm2_run3,9111000,1779292341.213430
approach4_mm2_run3,9112000,1779292341.214961
approach4_mm2_run3,9113000,1779292341.309655
approach4_mm2_run3,9114000,1779292341.311149
approach4_mm2_run3,9115000,1779292341.312619
approach4_mm2_run3,9116000,1779292341.314103
approach4_mm2_run3,9117000,1779292341.315640
approach4_mm2_run3,9118000,1779292341.366257
approach4_mm2_run3,9119000,1779292341.367748
approach4_mm2_run3,9120000,1779292341.369246
approach4_mm2_run3,9121000,1779292341.370756
approach4_mm2_run3,9122000,1779292341.372259
approach4_mm2_run3,9123000,1779292341.373764
approach4_mm2_run3,9124000,1779292341.621095
approach4_mm2_run3,9125000,1779292341.622600
approach4_mm2_run3,9126000,1779292341.759970
approach4_mm2_run3,9127000,1779292341.761462
approach4_mm2_run3,9128000,1779292341.762973
approach4_mm2_run3,9129000,1779292341.764464
approach4_mm2_run3,9130000,1779292341.766000
approach4_mm2_run3,9131000,1779292342.035706
approach4_mm2_run3,9132000,1779292342.037191
approach4_mm2_run3,9133000,1779292342.038690
approach4_mm2_run3,9134000,1779292342.040179
approach4_mm2_run3,9135000,1779292342.041662
approach4_mm2_run3,9136000,1779292342.088551
approach4_mm2_run3,9137000,1779292342.090028
approach4_mm2_run3,9138000,1779292342.091530
approach4_mm2_run3,9139000,1779292342.093016
approach4_mm2_run3,9140000,1779292342.094519
approach4_mm2_run3,9141000,1779292342.643856
approach4_mm2_run3,9142000,1779292342.645379
approach4_mm2_run3,9143000,1779292342.646883
approach4_mm2_run3,9144000,1779292342.648373
approach4_mm2_run3,9145000,1779292342.649854
approach4_mm2_run3,9146000,1779292342.651365
approach4_mm2_run3,9147000,1779292342.761242
approach4_mm2_run3,9148000,1779292342.762738
approach4_mm2_run3,9149000,1779292342.764223
approach4_mm2_run3,9150000,1779292342.765748
approach4_mm2_run3,9151000,1779292342.767244
approach4_mm2_run3,9152000,1779292342.971042
approach4_mm2_run3,9153000,1779292342.972536
approach4_mm2_run3,9154000,1779292342.974023
approach4_mm2_run3,9155000,1779292342.975558
approach4_mm2_run3,9156000,1779292342.977056
approach4_mm2_run3,9157000,1779292343.486671
approach4_mm2_run3,9158000,1779292343.488166
approach4_mm2_run3,9159000,1779292343.489655
approach4_mm2_run3,9160000,1779292343.491149
approach4_mm2_run3,9161000,1779292343.492630
approach4_mm2_run3,9162000,1779292343.851184
approach4_mm2_run3,9163000,1779292343.852669
approach4_mm2_run3,9164000,1779292343.854155
approach4_mm2_run3,9165000,1779292343.855689
approach4_mm2_run3,9166000,1779292343.857177
approach4_mm2_run3,9167000,1779292343.858682
approach4_mm2_run3,9168000,1779292343.868859
approach4_mm2_run3,9169000,1779292343.870347
approach4_mm2_run3,9170000,1779292343.871846
approach4_mm2_run3,9171000,1779292343.873353
approach4_mm2_run3,9172000,1779292343.874914
approach4_mm2_run3,9173000,1779292344.212217
approach4_mm2_run3,9174000,1779292344.213713
approach4_mm2_run3,9175000,1779292344.215235
approach4_mm2_run3,9176000,1779292344.216722
approach4_mm2_run3,9177000,1779292344.218207
approach4_mm2_run3,9178000,1779292344.732491
approach4_mm2_run3,9179000,1779292344.733962
approach4_mm2_run3,9180000,1779292344.735501
approach4_mm2_run3,9181000,1779292344.736993
approach4_mm2_run3,9182000,1779292344.738488
approach4_mm2_run3,9183000,1779292344.739994
approach4_mm2_run3,9184000,1779292344.752866
approach4_mm2_run3,9185000,1779292344.754368
approach4_mm2_run3,9186000,1779292344.755864
approach4_mm2_run3,9187000,1779292344.757353
approach4_mm2_run3,9188000,1779292344.758854
approach4_mm2_run3,9189000,1779292344.937907
approach4_mm2_run3,9190000,1779292344.939410
approach4_mm2_run3,9191000,1779292344.940885
approach4_mm2_run3,9192000,1779292344.942377
approach4_mm2_run3,9193000,1779292344.943865
approach4_mm2_run3,9194000,1779292345.365948
approach4_mm2_run3,9195000,1779292345.367448
approach4_mm2_run3,9196000,1779292345.368933
approach4_mm2_run3,9197000,1779292345.632856
approach4_mm2_run3,9198000,1779292345.634344
approach4_mm2_run3,9199000,1779292345.635860
approach4_mm2_run3,9200000,1779292345.637332
approach4_mm2_run3,9201000,1779292345.638841
approach4_mm2_run3,9202000,1779292345.956912
approach4_mm2_run3,9203000,1779292345.958654
approach4_mm2_run3,9204000,1779292345.960135
approach4_mm2_run3,9205000,1779292345.961596
approach4_mm2_run3,9206000,1779292345.963113
approach4_mm2_run3,9207000,1779292345.964613
approach4_mm2_run3,9208000,1779292346.515812
approach4_mm2_run3,9209000,1779292346.517318
approach4_mm2_run3,9210000,1779292346.518826
approach4_mm2_run3,9211000,1779292346.520337
approach4_mm2_run3,9212000,1779292346.521852
approach4_mm2_run3,9213000,1779292346.837247
approach4_mm2_run3,9214000,1779292346.838748
approach4_mm2_run3,9215000,1779292346.840265
approach4_mm2_run3,9216000,1779292346.841737
approach4_mm2_run3,9217000,1779292346.843257
approach4_mm2_run3,9218000,1779292347.395398
approach4_mm2_run3,9219000,1779292347.396896
approach4_mm2_run3,9220000,1779292347.398409
approach4_mm2_run3,9221000,1779292347.399889
approach4_mm2_run3,9222000,1779292347.401399
approach4_mm2_run3,9223000,1779292347.402935
approach4_mm2_run3,9224000,1779292347.718051
approach4_mm2_run3,9225000,1779292347.719558
approach4_mm2_run3,9226000,1779292347.721039
approach4_mm2_run3,9227000,1779292347.722553
approach4_mm2_run3,9228000,1779292347.724048
approach4_mm2_run3,9229000,1779292348.276431
approach4_mm2_run3,9230000,1779292348.277927
approach4_mm2_run3,9231000,1779292348.279440
approach4_mm2_run3,9232000,1779292348.280913
approach4_mm2_run3,9233000,1779292348.282434
approach4_mm2_run3,9234000,1779292348.597398
approach4_mm2_run3,9235000,1779292348.598907
approach4_mm2_run3,9236000,1779292348.600444
approach4_mm2_run3,9237000,1779292348.601903
approach4_mm2_run3,9238000,1779292348.603415
approach4_mm2_run3,9239000,1779292349.156749
approach4_mm2_run3,9240000,1779292349.158250
approach4_mm2_run3,9241000,1779292349.159747
approach4_mm2_run3,9242000,1779292349.161248
approach4_mm2_run3,9243000,1779292349.162767
approach4_mm2_run3,9244000,1779292349.164256
approach4_mm2_run3,9245000,1779292349.481009
approach4_mm2_run3,9246000,1779292349.482501
approach4_mm2_run3,9247000,1779292349.483995
approach4_mm2_run3,9248000,1779292349.485503
approach4_mm2_run3,9249000,1779292349.487017
approach4_mm2_run3,9250000,1779292350.041363
approach4_mm2_run3,9251000,1779292350.042865
approach4_mm2_run3,9252000,1779292350.044349
approach4_mm2_run3,9253000,1779292350.045880
approach4_mm2_run3,9254000,1779292350.047383
approach4_mm2_run3,9255000,1779292350.361495
approach4_mm2_run3,9256000,1779292350.362983
approach4_mm2_run3,9257000,1779292350.364456
approach4_mm2_run3,9258000,1779292350.365957
approach4_mm2_run3,9259000,1779292350.367453
approach4_mm2_run3,9260000,1779292350.368938
approach4_mm2_run3,9261000,1779292350.920991
approach4_mm2_run3,9262000,1779292350.922481
approach4_mm2_run3,9263000,1779292350.923970
approach4_mm2_run3,9264000,1779292350.925499
approach4_mm2_run3,9265000,1779292350.926999
approach4_mm2_run3,9266000,1779292351.241670
approach4_mm2_run3,9267000,1779292351.243160
approach4_mm2_run3,9268000,1779292351.244655
approach4_mm2_run3,9269000,1779292351.246175
approach4_mm2_run3,9270000,1779292351.247672
approach4_mm2_run3,9271000,1779292351.801813
approach4_mm2_run3,9272000,1779292351.803310
approach4_mm2_run3,9273000,1779292351.804803
approach4_mm2_run3,9274000,1779292351.806320
approach4_mm2_run3,9275000,1779292351.807797
approach4_mm2_run3,9276000,1779292352.120973
approach4_mm2_run3,9277000,1779292352.122460
approach4_mm2_run3,9278000,1779292352.123946
approach4_mm2_run3,9279000,1779292352.125484
approach4_mm2_run3,9280000,1779292352.126973
approach4_mm2_run3,9281000,1779292352.128462
approach4_mm2_run3,9282000,1779292352.682334
approach4_mm2_run3,9283000,1779292352.683814
approach4_mm2_run3,9284000,1779292352.685337
approach4_mm2_run3,9285000,1779292352.686831
approach4_mm2_run3,9286000,1779292352.688326
approach4_mm2_run3,9287000,1779292353.004330
approach4_mm2_run3,9288000,1779292353.005854
approach4_mm2_run3,9289000,1779292353.007359
approach4_mm2_run3,9290000,1779292353.008842
approach4_mm2_run3,9291000,1779292353.010359
approach4_mm2_run3,9292000,1779292353.142420
approach4_mm2_run3,9293000,1779292353.562843
approach4_mm2_run3,9294000,1779292353.564320
approach4_mm2_run3,9295000,1779292353.565847
approach4_mm2_run3,9296000,1779292353.567337
approach4_mm2_run3,9297000,1779292353.568837
approach4_mm2_run3,9298000,1779292354.444338
approach4_mm2_run3,9299000,1779292354.445833
approach4_mm2_run3,9300000,1779292354.447330
approach4_mm2_run3,9301000,1779292354.448804
approach4_mm2_run3,9302000,1779292354.450279
approach4_mm2_run3,9303000,1779292354.451808
approach4_mm2_run3,9304000,1779292355.327112
approach4_mm2_run3,9305000,1779292355.328591
approach4_mm2_run3,9306000,1779292355.330087
approach4_mm2_run3,9307000,1779292355.331594
approach4_mm2_run3,9308000,1779292355.333095
approach4_mm2_run3,9309000,1779292356.208976
approach4_mm2_run3,9310000,1779292356.210499
approach4_mm2_run3,9311000,1779292356.212004
approach4_mm2_run3,9312000,1779292356.213482
approach4_mm2_run3,9313000,1779292356.215040
approach4_mm2_run3,9314000,1779292356.846495
approach4_mm2_run3,9315000,1779292356.847967
approach4_mm2_run3,9316000,1779292356.849436
approach4_mm2_run3,9317000,1779292356.850931
