run_id,record_index,wall_clock_s
approach2_run3,1000,1779289326.935595
approach2_run3,2000,1779289327.021566
approach2_run3,3000,1779289327.091636
approach2_run3,4000,1779289327.177606
approach2_run3,5000,1779289327.195516
approach2_run3,6000,1779289327.281942
approach2_run3,7000,1779289327.391462
approach2_run3,8000,1779289327.518125
approach2_run3,9000,1779289327.537494
approach2_run3,10000,1779289327.623569
approach2_run3,11000,1779289327.691985
approach2_run3,12000,1779289327.777810
approach2_run3,13000,1779289327.798131
approach2_run3,14000,1779289327.951706
approach2_run3,15000,1779289327.965269
approach2_run3,16000,1779289328.052519
approach2_run3,17000,1779289328.139610
approach2_run3,18000,1779289328.226216
approach2_run3,19000,1779289328.250923
approach2_run3,20000,1779289328.376676
approach2_run3,21000,1779289328.401820
approach2_run3,22000,1779289328.550921
approach2_run3,23000,1779289328.636839
approach2_run3,24000,1779289328.654910
approach2_run3,25000,1779289328.740962
approach2_run3,26000,1779289328.810596
approach2_run3,27000,1779289328.896690
approach2_run3,28000,1779289328.917052
approach2_run3,29000,1779289329.082812
approach2_run3,30000,1779289329.109475
approach2_run3,31000,1779289329.195675
approach2_run3,32000,1779289329.257881
approach2_run3,33000,1779289329.349432
approach2_run3,34000,1779289329.416931
approach2_run3,35000,1779289329.503652
approach2_run3,36000,1779289329.532691
approach2_run3,37000,1779289329.678931
approach2_run3,38000,1779289329.696354
approach2_run3,39000,1779289329.785151
approach2_run3,40000,1779289329.873322
approach2_run3,41000,1779289329.960147
approach2_run3,42000,1779289329.973527
approach2_run3,43000,1779289330.059512
approach2_run3,44000,1779289330.163234
approach2_run3,45000,1779289330.275674
approach2_run3,46000,1779289330.362818
approach2_run3,47000,1779289330.387484
approach2_run3,48000,1779289330.474537
approach2_run3,49000,1779289330.537168
approach2_run3,50000,1779289330.623254
approach2_run3,51000,1779289330.678236
approach2_run3,52000,1779289330.810637
approach2_run3,53000,1779289330.831253
approach2_run3,54000,1779289330.917323
approach2_run3,55000,1779289330.990139
approach2_run3,56000,1779289331.077550
approach2_run3,57000,1779289331.135419
approach2_run3,58000,1779289331.221302
approach2_run3,59000,1779289331.308461
approach2_run3,60000,1779289331.394459
approach2_run3,61000,1779289331.415349
approach2_run3,62000,1779289331.504510
approach2_run3,63000,1779289331.568473
approach2_run3,64000,1779289331.688901
approach2_run3,65000,1779289331.709461
approach2_run3,66000,1779289331.795649
approach2_run3,67000,1779289331.904211
approach2_run3,68000,1779289331.991137
approach2_run3,69000,1779289332.078441
approach2_run3,70000,1779289332.108358
approach2_run3,71000,1779289332.224078
approach2_run3,72000,1779289332.252706
approach2_run3,73000,1779289332.339061
approach2_run3,74000,1779289332.426299
approach2_run3,75000,1779289332.531292
approach2_run3,76000,1779289332.547652
approach2_run3,77000,1779289332.633477
approach2_run3,78000,1779289332.720683
approach2_run3,79000,1779289332.826654
approach2_run3,80000,1779289332.849868
approach2_run3,81000,1779289332.958387
approach2_run3,82000,1779289333.025326
approach2_run3,83000,1779289333.111243
approach2_run3,84000,1779289333.143436
approach2_run3,85000,1779289333.255756
approach2_run3,86000,1779289333.285433
approach2_run3,87000,1779289333.371282
approach2_run3,88000,1779289333.429702
approach2_run3,89000,1779289333.560299
approach2_run3,90000,1779289333.580307
approach2_run3,91000,1779289333.706674
approach2_run3,92000,1779289333.794962
approach2_run3,93000,1779289333.857884
approach2_run3,94000,1779289333.944203
approach2_run3,95000,1779289333.969313
approach2_run3,96000,1779289334.071177
approach2_run3,97000,1779289334.143300
approach2_run3,98000,1779289334.229240
approach2_run3,99000,1779289334.260614
approach2_run3,100000,1779289334.373115
approach2_run3,101000,1779289334.437984
approach2_run3,102000,1779289334.547291
approach2_run3,103000,1779289334.565991
approach2_run3,104000,1779289334.677363
approach2_run3,105000,1779289334.740230
approach2_run3,106000,1779289334.826476
approach2_run3,107000,1779289334.863435
approach2_run3,108000,1779289334.976358
approach2_run3,109000,1779289335.001850
approach2_run3,110000,1779289335.087915
approach2_run3,111000,1779289335.190962
approach2_run3,112000,1779289335.281438
approach2_run3,113000,1779289335.377713
approach2_run3,114000,1779289335.423795
approach2_run3,115000,1779289335.509650
approach2_run3,116000,1779289335.579244
approach2_run3,117000,1779289335.683599
approach2_run3,118000,1779289335.706200
approach2_run3,119000,1779289335.794417
approach2_run3,120000,1779289335.859270
approach2_run3,121000,1779289335.945654
approach2_run3,122000,1779289336.006599
approach2_run3,123000,1779289336.093349
approach2_run3,124000,1779289336.155411
approach2_run3,125000,1779289336.281686
approach2_run3,126000,1779289336.309969
approach2_run3,127000,1779289336.397560
approach2_run3,128000,1779289336.456215
approach2_run3,129000,1779289336.542985
approach2_run3,130000,1779289336.609792
approach2_run3,131000,1779289336.696840
approach2_run3,132000,1779289336.717478
approach2_run3,133000,1779289336.824721
approach2_run3,134000,1779289336.891133
approach2_run3,135000,1779289337.009330
approach2_run3,136000,1779289337.101555
approach2_run3,137000,1779289337.124777
approach2_run3,138000,1779289337.226609
approach2_run3,139000,1779289337.314477
approach2_run3,140000,1779289337.402224
approach2_run3,141000,1779289337.430533
approach2_run3,142000,1779289337.522713
approach2_run3,143000,1779289337.576136
approach2_run3,144000,1779289337.662073
approach2_run3,145000,1779289337.727228
approach2_run3,146000,1779289337.815912
approach2_run3,147000,1779289337.873154
approach2_run3,148000,1779289337.959842
approach2_run3,149000,1779289338.039508
approach2_run3,150000,1779289338.125423
approach2_run3,151000,1779289338.171905
approach2_run3,152000,1779289338.260550
approach2_run3,153000,1779289338.331153
approach2_run3,154000,1779289338.433581
approach2_run3,155000,1779289338.461254
approach2_run3,156000,1779289338.554303
approach2_run3,157000,1779289338.607565
approach2_run3,158000,1779289338.693891
approach2_run3,159000,1779289338.817354
approach2_run3,160000,1779289338.842869
approach2_run3,161000,1779289338.931850
approach2_run3,162000,1779289339.029213
approach2_run3,163000,1779289339.116242
approach2_run3,164000,1779289339.156275
approach2_run3,165000,1779289339.242502
approach2_run3,166000,1779289339.291762
approach2_run3,167000,1779289339.378048
approach2_run3,168000,1779289339.448007
approach2_run3,169000,1779289339.534132
approach2_run3,170000,1779289339.552767
approach2_run3,171000,1779289339.675307
approach2_run3,172000,1779289339.759596
approach2_run3,173000,1779289339.848688
approach2_run3,174000,1779289339.873387
approach2_run3,175000,1779289339.974619
approach2_run3,176000,1779289340.050276
approach2_run3,177000,1779289340.136647
approach2_run3,178000,1779289340.150537
approach2_run3,179000,1779289340.273256
approach2_run3,180000,1779289340.362049
approach2_run3,181000,1779289340.410795
approach2_run3,182000,1779289340.533820
approach2_run3,183000,1779289340.564756
approach2_run3,184000,1779289340.651356
approach2_run3,185000,1779289340.708083
approach2_run3,186000,1779289340.833309
approach2_run3,187000,1779289340.877320
approach2_run3,188000,1779289340.992986
approach2_run3,189000,1779289341.008915
approach2_run3,190000,1779289341.095476
approach2_run3,191000,1779289341.168645
approach2_run3,192000,1779289341.254620
approach2_run3,193000,1779289341.269684
approach2_run3,194000,1779289341.387826
approach2_run3,195000,1779289341.480120
approach2_run3,196000,1779289341.566305
approach2_run3,197000,1779289341.597660
approach2_run3,198000,1779289341.683671
approach2_run3,199000,1779289341.779567
approach2_run3,200000,1779289341.866302
approach2_run3,201000,1779289341.900424
approach2_run3,202000,1779289341.992633
approach2_run3,203000,1779289342.111327
approach2_run3,204000,1779289342.127423
approach2_run3,205000,1779289342.213175
approach2_run3,206000,1779289342.327542
approach2_run3,207000,1779289342.414402
approach2_run3,208000,1779289342.424614
approach2_run3,209000,1779289342.510689
approach2_run3,210000,1779289342.595670
approach2_run3,211000,1779289342.714256
approach2_run3,212000,1779289342.723752
approach2_run3,213000,1779289342.810805
approach2_run3,214000,1779289342.899297
approach2_run3,215000,1779289342.985322
approach2_run3,216000,1779289343.020287
approach2_run3,217000,1779289343.109886
approach2_run3,218000,1779289343.159365
approach2_run3,219000,1779289343.281695
approach2_run3,220000,1779289343.317526
approach2_run3,221000,1779289343.445184
approach2_run3,222000,1779289343.456277
approach2_run3,223000,1779289343.582002
approach2_run3,224000,1779289343.621955
approach2_run3,225000,1779289343.711847
approach2_run3,226000,1779289343.830119
approach2_run3,227000,1779289343.843702
approach2_run3,228000,1779289343.959947
approach2_run3,229000,1779289344.016902
approach2_run3,230000,1779289344.136168
approach2_run3,231000,1779289344.140465
approach2_run3,232000,1779289344.228004
approach2_run3,233000,1779289344.313733
approach2_run3,234000,1779289344.433144
approach2_run3,235000,1779289344.440491
approach2_run3,236000,1779289344.562001
approach2_run3,237000,1779289344.615027
approach2_run3,238000,1779289344.701073
approach2_run3,239000,1779289344.741095
approach2_run3,240000,1779289344.858228
approach2_run3,241000,1779289344.875670
approach2_run3,242000,1779289344.999044
approach2_run3,243000,1779289345.078729
approach2_run3,244000,1779289345.166289
approach2_run3,245000,1779289345.172507
approach2_run3,246000,1779289345.259187
approach2_run3,247000,1779289345.373313
approach2_run3,248000,1779289345.462945
approach2_run3,249000,1779289345.550110
approach2_run3,250000,1779289345.559392
approach2_run3,251000,1779289345.682350
approach2_run3,252000,1779289345.733219
approach2_run3,253000,1779289345.821937
approach2_run3,254000,1779289345.862275
approach2_run3,255000,1779289345.977965
approach2_run3,256000,1779289346.033091
approach2_run3,257000,1779289346.119169
approach2_run3,258000,1779289346.152655
approach2_run3,259000,1779289346.286042
approach2_run3,260000,1779289346.329182
approach2_run3,261000,1779289346.418092
approach2_run3,262000,1779289346.491461
approach2_run3,263000,1779289346.580071
approach2_run3,264000,1779289346.592606
approach2_run3,265000,1779289346.678760
approach2_run3,266000,1779289346.754777
approach2_run3,267000,1779289346.888439
approach2_run3,268000,1779289346.891790
approach2_run3,269000,1779289346.979630
approach2_run3,270000,1779289347.093612
approach2_run3,271000,1779289347.152073
approach2_run3,272000,1779289347.269409
approach2_run3,273000,1779289347.273891
approach2_run3,274000,1779289347.400225
approach2_run3,275000,1779289347.450225
approach2_run3,276000,1779289347.537914
approach2_run3,277000,1779289347.608006
approach2_run3,278000,1779289347.697132
approach2_run3,279000,1779289347.750595
approach2_run3,280000,1779289347.837043
approach2_run3,281000,1779289347.872077
approach2_run3,282000,1779289348.004572
approach2_run3,283000,1779289348.010960
approach2_run3,284000,1779289348.132360
approach2_run3,285000,1779289348.212256
approach2_run3,286000,1779289348.299510
approach2_run3,287000,1779289348.309280
approach2_run3,288000,1779289348.395697
approach2_run3,289000,1779289348.482583
approach2_run3,290000,1779289348.569030
approach2_run3,291000,1779289348.607594
approach2_run3,292000,1779289348.727381
approach2_run3,293000,1779289348.813972
approach2_run3,294000,1779289348.870692
approach2_run3,295000,1779289348.956607
approach2_run3,296000,1779289349.033313
approach2_run3,297000,1779289349.121326
approach2_run3,298000,1779289349.166329
approach2_run3,299000,1779289349.252967
approach2_run3,300000,1779289349.330024
approach2_run3,301000,1779289349.416948
approach2_run3,302000,1779289349.427065
approach2_run3,303000,1779289349.554403
approach2_run3,304000,1779289349.636761
approach2_run3,305000,1779289349.723285
approach2_run3,306000,1779289349.729034
approach2_run3,307000,1779289349.844839
approach2_run3,308000,1779289349.934025
approach2_run3,309000,1779289350.020240
approach2_run3,310000,1779289350.024071
approach2_run3,311000,1779289350.151596
approach2_run3,312000,1779289350.198833
approach2_run3,313000,1779289350.285373
approach2_run3,314000,1779289350.328843
approach2_run3,315000,1779289350.448995
approach2_run3,316000,1779289350.535142
approach2_run3,317000,1779289350.587227
approach2_run3,318000,1779289350.707785
approach2_run3,319000,1779289350.756499
approach2_run3,320000,1779289350.842575
approach2_run3,321000,1779289350.881755
approach2_run3,322000,1779289350.968157
approach2_run3,323000,1779289351.051413
approach2_run3,324000,1779289351.143903
approach2_run3,325000,1779289351.179406
approach2_run3,326000,1779289351.268199
approach2_run3,327000,1779289351.357924
approach2_run3,328000,1779289351.444509
approach2_run3,329000,1779289351.479689
approach2_run3,330000,1779289351.566088
approach2_run3,331000,1779289351.653174
approach2_run3,332000,1779289351.739687
approach2_run3,333000,1779289351.782139
approach2_run3,334000,1779289351.876723
approach2_run3,335000,1779289351.914659
approach2_run3,336000,1779289352.003610
approach2_run3,337000,1779289352.089825
approach2_run3,338000,1779289352.209702
approach2_run3,339000,1779289352.296482
approach2_run3,340000,1779289352.306215
approach2_run3,341000,1779289352.392566
approach2_run3,342000,1779289352.479749
approach2_run3,343000,1779289352.595151
approach2_run3,344000,1779289352.598797
approach2_run3,345000,1779289352.726460
approach2_run3,346000,1779289352.774932
approach2_run3,347000,1779289352.862099
approach2_run3,348000,1779289352.901274
approach2_run3,349000,1779289352.995411
approach2_run3,350000,1779289353.074751
approach2_run3,351000,1779289353.162489
approach2_run3,352000,1779289353.200418
approach2_run3,353000,1779289353.327815
approach2_run3,354000,1779289353.338164
approach2_run3,355000,1779289353.456869
approach2_run3,356000,1779289353.510483
approach2_run3,357000,1779289353.627074
approach2_run3,358000,1779289353.633099
approach2_run3,359000,1779289353.719864
approach2_run3,360000,1779289353.805993
approach2_run3,361000,1779289353.930660
approach2_run3,362000,1779289354.020246
approach2_run3,363000,1779289354.022151
approach2_run3,364000,1779289354.111164
approach2_run3,365000,1779289354.196213
approach2_run3,366000,1779289354.282065
approach2_run3,367000,1779289354.318008
approach2_run3,368000,1779289354.445908
approach2_run3,369000,1779289354.490732
approach2_run3,370000,1779289354.577220
approach2_run3,371000,1779289354.626425
approach2_run3,372000,1779289354.744139
approach2_run3,373000,1779289354.751413
approach2_run3,374000,1779289354.876049
approach2_run3,375000,1779289354.920836
approach2_run3,376000,1779289355.047956
approach2_run3,377000,1779289355.054072
approach2_run3,378000,1779289355.140701
approach2_run3,379000,1779289355.228198
approach2_run3,380000,1779289355.346471
approach2_run3,381000,1779289355.348300
approach2_run3,382000,1779289355.436016
approach2_run3,383000,1779289355.562464
approach2_run3,384000,1779289355.609774
approach2_run3,385000,1779289355.695897
approach2_run3,386000,1779289355.740917
approach2_run3,387000,1779289355.829067
approach2_run3,388000,1779289355.909191
approach2_run3,389000,1779289355.999241
approach2_run3,390000,1779289356.078623
approach2_run3,391000,1779289356.168708
approach2_run3,392000,1779289356.205597
approach2_run3,393000,1779289356.291466
approach2_run3,394000,1779289356.344015
approach2_run3,395000,1779289356.465772
approach2_run3,396000,1779289356.468528
approach2_run3,397000,1779289356.555280
approach2_run3,398000,1779289356.683925
approach2_run3,399000,1779289356.770183
approach2_run3,400000,1779289356.776490
approach2_run3,401000,1779289356.863091
approach2_run3,402000,1779289356.948501
approach2_run3,403000,1779289357.035038
approach2_run3,404000,1779289357.078267
approach2_run3,405000,1779289357.200384
approach2_run3,406000,1779289357.290820
approach2_run3,407000,1779289357.338297
approach2_run3,408000,1779289357.424972
approach2_run3,409000,1779289357.466902
approach2_run3,410000,1779289357.590657
approach2_run3,411000,1779289357.599286
approach2_run3,412000,1779289357.716554
approach2_run3,413000,1779289357.806022
approach2_run3,414000,1779289357.893654
approach2_run3,415000,1779289357.895452
approach2_run3,416000,1779289358.020837
approach2_run3,417000,1779289358.106355
approach2_run3,418000,1779289358.193874
approach2_run3,419000,1779289358.195825
approach2_run3,420000,1779289358.319680
approach2_run3,421000,1779289358.371643
approach2_run3,422000,1779289358.457739
approach2_run3,423000,1779289358.497441
approach2_run3,424000,1779289358.621473
approach2_run3,425000,1779289358.662420
approach2_run3,426000,1779289358.752473
approach2_run3,427000,1779289358.835400
approach2_run3,428000,1779289358.924484
approach2_run3,429000,1779289359.010744
approach2_run3,430000,1779289359.053330
approach2_run3,431000,1779289359.139604
approach2_run3,432000,1779289359.224614
approach2_run3,433000,1779289359.315858
approach2_run3,434000,1779289359.349020
approach2_run3,435000,1779289359.437013
approach2_run3,436000,1779289359.521869
approach2_run3,437000,1779289359.611557
approach2_run3,438000,1779289359.613667
approach2_run3,439000,1779289359.739720
approach2_run3,440000,1779289359.785458
approach2_run3,441000,1779289359.910764
approach2_run3,442000,1779289359.952954
approach2_run3,443000,1779289360.041572
approach2_run3,444000,1779289360.088584
approach2_run3,445000,1779289360.175084
approach2_run3,446000,1779289360.255603
approach2_run3,447000,1779289360.342357
approach2_run3,448000,1779289360.380067
approach2_run3,449000,1779289360.467918
approach2_run3,450000,1779289360.557846
approach2_run3,451000,1779289360.644490
approach2_run3,452000,1779289360.769654
approach2_run3,453000,1779289360.771625
approach2_run3,454000,1779289360.858225
approach2_run3,455000,1779289360.944236
approach2_run3,456000,1779289361.031927
approach2_run3,457000,1779289361.070446
approach2_run3,458000,1779289361.159851
approach2_run3,459000,1779289361.238201
approach2_run3,460000,1779289361.324472
approach2_run3,461000,1779289361.374210
approach2_run3,462000,1779289361.460574
approach2_run3,463000,1779289361.543269
approach2_run3,464000,1779289361.629402
approach2_run3,465000,1779289361.675739
approach2_run3,466000,1779289361.762226
approach2_run3,467000,1779289361.803484
approach2_run3,468000,1779289361.889667
approach2_run3,469000,1779289361.977159
approach2_run3,470000,1779289362.064304
approach2_run3,471000,1779289362.100576
approach2_run3,472000,1779289362.190213
approach2_run3,473000,1779289362.276880
approach2_run3,474000,1779289362.360489
approach2_run3,475000,1779289362.447583
approach2_run3,476000,1779289362.491295
approach2_run3,477000,1779289362.614454
approach2_run3,478000,1779289362.662780
approach2_run3,479000,1779289362.748961
approach2_run3,480000,1779289362.792998
approach2_run3,481000,1779289362.918077
approach2_run3,482000,1779289362.923664
approach2_run3,483000,1779289363.042845
approach2_run3,484000,1779289363.093812
approach2_run3,485000,1779289363.217220
approach2_run3,486000,1779289363.219132
approach2_run3,487000,1779289363.307437
approach2_run3,488000,1779289363.393729
approach2_run3,489000,1779289363.520537
approach2_run3,490000,1779289363.522357
approach2_run3,491000,1779289363.609621
approach2_run3,492000,1779289363.696473
approach2_run3,493000,1779289363.782468
approach2_run3,494000,1779289363.823296
approach2_run3,495000,1779289363.909766
approach2_run3,496000,1779289364.034654
approach2_run3,497000,1779289364.075827
approach2_run3,498000,1779289364.162174
approach2_run3,499000,1779289364.248652
approach2_run3,500000,1779289364.337550
approach2_run3,501000,1779289364.339428
approach2_run3,502000,1779289364.466238
approach2_run3,503000,1779289364.512651
approach2_run3,504000,1779289364.638825
approach2_run3,505000,1779289364.641557
approach2_run3,506000,1779289364.763857
approach2_run3,507000,1779289364.815030
approach2_run3,508000,1779289364.934342
approach2_run3,509000,1779289364.940426
approach2_run3,510000,1779289365.027457
approach2_run3,511000,1779289365.108504
approach2_run3,512000,1779289365.194672
approach2_run3,513000,1779289365.279737
approach2_run3,514000,1779289365.368828
approach2_run3,515000,1779289365.411535
approach2_run3,516000,1779289365.499335
approach2_run3,517000,1779289365.543399
approach2_run3,518000,1779289365.668812
approach2_run3,519000,1779289365.759132
approach2_run3,520000,1779289365.795022
approach2_run3,521000,1779289365.883435
approach2_run3,522000,1779289365.965319
approach2_run3,523000,1779289366.052885
approach2_run3,524000,1779289366.058112
approach2_run3,525000,1779289366.183705
approach2_run3,526000,1779289366.271839
approach2_run3,527000,1779289366.357912
approach2_run3,528000,1779289366.399457
approach2_run3,529000,1779289366.485696
approach2_run3,530000,1779289366.531545
approach2_run3,531000,1779289366.618772
approach2_run3,532000,1779289366.660361
approach2_run3,533000,1779289366.823193
approach2_run3,534000,1779289366.825515
approach2_run3,535000,1779289366.912483
approach2_run3,536000,1779289366.998226
approach2_run3,537000,1779289367.088988
approach2_run3,538000,1779289367.130478
approach2_run3,539000,1779289367.216402
approach2_run3,540000,1779289367.302721
approach2_run3,541000,1779289367.390306
approach2_run3,542000,1779289367.477230
approach2_run3,543000,1779289367.517565
approach2_run3,544000,1779289367.603585
approach2_run3,545000,1779289367.682722
approach2_run3,546000,1779289367.769124
approach2_run3,547000,1779289367.818927
approach2_run3,548000,1779289367.942834
approach2_run3,549000,1779289367.946357
approach2_run3,550000,1779289368.072443
approach2_run3,551000,1779289368.121611
approach2_run3,552000,1779289368.208185
approach2_run3,553000,1779289368.251898
approach2_run3,554000,1779289368.338286
approach2_run3,555000,1779289368.454660
approach2_run3,556000,1779289368.541380
approach2_run3,557000,1779289368.550980
approach2_run3,558000,1779289368.637119
approach2_run3,559000,1779289368.715380
approach2_run3,560000,1779289368.801302
approach2_run3,561000,1779289368.888796
approach2_run3,562000,1779289368.978056
approach2_run3,563000,1779289369.065746
approach2_run3,564000,1779289369.108799
approach2_run3,565000,1779289369.196087
approach2_run3,566000,1779289369.240647
approach2_run3,567000,1779289369.327275
approach2_run3,568000,1779289369.398373
approach2_run3,569000,1779289369.492661
approach2_run3,570000,1779289369.573449
approach2_run3,571000,1779289369.659443
approach2_run3,572000,1779289369.669451
approach2_run3,573000,1779289369.756635
approach2_run3,574000,1779289369.844171
approach2_run3,575000,1779289369.964077
approach2_run3,576000,1779289369.969387
approach2_run3,577000,1779289370.097322
approach2_run3,578000,1779289370.141375
approach2_run3,579000,1779289370.227187
approach2_run3,580000,1779289370.272514
approach2_run3,581000,1779289370.359611
approach2_run3,582000,1779289370.431542
approach2_run3,583000,1779289370.517523
approach2_run3,584000,1779289370.604627
approach2_run3,585000,1779289370.691201
approach2_run3,586000,1779289370.786191
approach2_run3,587000,1779289370.822619
approach2_run3,588000,1779289370.909371
approach2_run3,589000,1779289370.998633
approach2_run3,590000,1779289371.085073
approach2_run3,591000,1779289371.124235
approach2_run3,592000,1779289371.213124
approach2_run3,593000,1779289371.286853
approach2_run3,594000,1779289371.375563
approach2_run3,595000,1779289371.390000
approach2_run3,596000,1779289371.477096
approach2_run3,597000,1779289371.549603
approach2_run3,598000,1779289371.635953
approach2_run3,599000,1779289371.729314
approach2_run3,600000,1779289371.816202
approach2_run3,601000,1779289371.855446
approach2_run3,602000,1779289371.943485
approach2_run3,603000,1779289371.993612
approach2_run3,604000,1779289372.116818
approach2_run3,605000,1779289372.118653
approach2_run3,606000,1779289372.241932
approach2_run3,607000,1779289372.331305
approach2_run3,608000,1779289372.406787
approach2_run3,609000,1779289372.493672
approach2_run3,610000,1779289372.507344
approach2_run3,611000,1779289372.633181
approach2_run3,612000,1779289372.667867
approach2_run3,613000,1779289372.798026
approach2_run3,614000,1779289372.846635
approach2_run3,615000,1779289372.933681
approach2_run3,616000,1779289372.975744
approach2_run3,617000,1779289373.088187
approach2_run3,618000,1779289373.148739
approach2_run3,619000,1779289373.235218
approach2_run3,620000,1779289373.264531
approach2_run3,621000,1779289373.361008
approach2_run3,622000,1779289373.439979
approach2_run3,623000,1779289373.526143
approach2_run3,624000,1779289373.536274
approach2_run3,625000,1779289373.632812
approach2_run3,626000,1779289373.746164
approach2_run3,627000,1779289373.833170
approach2_run3,628000,1779289373.839006
approach2_run3,629000,1779289373.963855
approach2_run3,630000,1779289374.050407
approach2_run3,631000,1779289374.123443
approach2_run3,632000,1779289374.209598
approach2_run3,633000,1779289374.265859
approach2_run3,634000,1779289374.353332
approach2_run3,635000,1779289374.384456
approach2_run3,636000,1779289374.476646
approach2_run3,637000,1779289374.558132
approach2_run3,638000,1779289374.663241
approach2_run3,639000,1779289374.684550
approach2_run3,640000,1779289374.781183
approach2_run3,641000,1779289374.864364
approach2_run3,642000,1779289374.955623
approach2_run3,643000,1779289374.983660
approach2_run3,644000,1779289375.079671
approach2_run3,645000,1779289375.157556
approach2_run3,646000,1779289375.243668
approach2_run3,647000,1779289375.297601
approach2_run3,648000,1779289375.386854
approach2_run3,649000,1779289375.456816
approach2_run3,650000,1779289375.549469
approach2_run3,651000,1779289375.643472
approach2_run3,652000,1779289375.684654
approach2_run3,653000,1779289375.815631
approach2_run3,654000,1779289375.842624
approach2_run3,655000,1779289375.928575
approach2_run3,656000,1779289375.990130
approach2_run3,657000,1779289376.102798
approach2_run3,658000,1779289376.111376
approach2_run3,659000,1779289376.201109
approach2_run3,660000,1779289376.299677
approach2_run3,661000,1779289376.408177
approach2_run3,662000,1779289376.418979
approach2_run3,663000,1779289376.506165
approach2_run3,664000,1779289376.616929
approach2_run3,665000,1779289376.703661
approach2_run3,666000,1779289376.716659
approach2_run3,667000,1779289376.803279
approach2_run3,668000,1779289376.877676
approach2_run3,669000,1779289376.963844
approach2_run3,670000,1779289377.021356
approach2_run3,671000,1779289377.137401
approach2_run3,672000,1779289377.143216
approach2_run3,673000,1779289377.267296
approach2_run3,674000,1779289377.353183
approach2_run3,675000,1779289377.416988
approach2_run3,676000,1779289377.535220
approach2_run3,677000,1779289377.561912
approach2_run3,678000,1779289377.649225
approach2_run3,679000,1779289377.736419
approach2_run3,680000,1779289377.822977
approach2_run3,681000,1779289377.836517
approach2_run3,682000,1779289377.931677
approach2_run3,683000,1779289377.997058
approach2_run3,684000,1779289378.120596
approach2_run3,685000,1779289378.138108
approach2_run3,686000,1779289378.261903
approach2_run3,687000,1779289378.333573
approach2_run3,688000,1779289378.421122
approach2_run3,689000,1779289378.447663
approach2_run3,690000,1779289378.533747
approach2_run3,691000,1779289378.595779
approach2_run3,692000,1779289378.681590
approach2_run3,693000,1779289378.740039
approach2_run3,694000,1779289378.854680
approach2_run3,695000,1779289378.961820
approach2_run3,696000,1779289378.985451
approach2_run3,697000,1779289379.071233
approach2_run3,698000,1779289379.166782
approach2_run3,699000,1779289379.255030
approach2_run3,700000,1779289379.279964
approach2_run3,701000,1779289379.377595
approach2_run3,702000,1779289379.453397
approach2_run3,703000,1779289379.539955
approach2_run3,704000,1779289379.565696
approach2_run3,705000,1779289379.680650
approach2_run3,706000,1779289379.714258
approach2_run3,707000,1779289379.800562
approach2_run3,708000,1779289379.891845
approach2_run3,709000,1779289379.980278
approach2_run3,710000,1779289380.051123
approach2_run3,711000,1779289380.139646
approach2_run3,712000,1779289380.196753
approach2_run3,713000,1779289380.287179
approach2_run3,714000,1779289380.313642
approach2_run3,715000,1779289380.406645
approach2_run3,716000,1779289380.493919
approach2_run3,717000,1779289380.573069
approach2_run3,718000,1779289380.659052
approach2_run3,719000,1779289380.681638
approach2_run3,720000,1779289380.798705
approach2_run3,721000,1779289380.874782
approach2_run3,722000,1779289380.994983
approach2_run3,723000,1779289381.009843
approach2_run3,724000,1779289381.095892
approach2_run3,725000,1779289381.172301
approach2_run3,726000,1779289381.258483
approach2_run3,727000,1779289381.314090
approach2_run3,728000,1779289381.403108
approach2_run3,729000,1779289381.432135
approach2_run3,730000,1779289381.524593
approach2_run3,731000,1779289381.611824
approach2_run3,732000,1779289381.711600
approach2_run3,733000,1779289381.733499
approach2_run3,734000,1779289381.856171
approach2_run3,735000,1779289381.916092
approach2_run3,736000,1779289382.030599
approach2_run3,737000,1779289382.116627
approach2_run3,738000,1779289382.126739
approach2_run3,739000,1779289382.216378
approach2_run3,740000,1779289382.290904
approach2_run3,741000,1779289382.376899
approach2_run3,742000,1779289382.430699
approach2_run3,743000,1779289382.519307
approach2_run3,744000,1779289382.592022
approach2_run3,745000,1779289382.713052
approach2_run3,746000,1779289382.732553
approach2_run3,747000,1779289382.831603
approach2_run3,748000,1779289382.889477
approach2_run3,749000,1779289382.975952
approach2_run3,750000,1779289383.034775
approach2_run3,751000,1779289383.149076
approach2_run3,752000,1779289383.156180
approach2_run3,753000,1779289383.244293
approach2_run3,754000,1779289383.344253
approach2_run3,755000,1779289383.450682
approach2_run3,756000,1779289383.461700
approach2_run3,757000,1779289383.547901
approach2_run3,758000,1779289383.671258
approach2_run3,759000,1779289383.747763
approach2_run3,760000,1779289383.833760
approach2_run3,761000,1779289383.850008
approach2_run3,762000,1779289383.976787
approach2_run3,763000,1779289384.009380
approach2_run3,764000,1779289384.096207
approach2_run3,765000,1779289384.152095
approach2_run3,766000,1779289384.279111
approach2_run3,767000,1779289384.317901
approach2_run3,768000,1779289384.431882
approach2_run3,769000,1779289384.473112
approach2_run3,770000,1779289384.579076
approach2_run3,771000,1779289384.605633
approach2_run3,772000,1779289384.691662
approach2_run3,773000,1779289384.781181
approach2_run3,774000,1779289384.868782
approach2_run3,775000,1779289384.886005
approach2_run3,776000,1779289384.983519
approach2_run3,777000,1779289385.043115
approach2_run3,778000,1779289385.176954
approach2_run3,779000,1779289385.268028
approach2_run3,780000,1779289385.290708
approach2_run3,781000,1779289385.395479
approach2_run3,782000,1779289385.463797
approach2_run3,783000,1779289385.549938
approach2_run3,784000,1779289385.609553
approach2_run3,785000,1779289385.695849
approach2_run3,786000,1779289385.727034
approach2_run3,787000,1779289385.813071
approach2_run3,788000,1779289385.900385
approach2_run3,789000,1779289386.014458
approach2_run3,790000,1779289386.029924
approach2_run3,791000,1779289386.148221
approach2_run3,792000,1779289386.212433
approach2_run3,793000,1779289386.298690
approach2_run3,794000,1779289386.322783
approach2_run3,795000,1779289386.410616
approach2_run3,796000,1779289386.497428
approach2_run3,797000,1779289386.584546
approach2_run3,798000,1779289386.640910
approach2_run3,799000,1779289386.727053
approach2_run3,800000,1779289386.813840
approach2_run3,801000,1779289386.845707
approach2_run3,802000,1779289386.978489
approach2_run3,803000,1779289387.027653
approach2_run3,804000,1779289387.132504
approach2_run3,805000,1779289387.180223
approach2_run3,806000,1779289387.268700
approach2_run3,807000,1779289387.329213
approach2_run3,808000,1779289387.417394
approach2_run3,809000,1779289387.444163
approach2_run3,810000,1779289387.542942
approach2_run3,811000,1779289387.618937
approach2_run3,812000,1779289387.746233
approach2_run3,813000,1779289387.758066
approach2_run3,814000,1779289387.844218
approach2_run3,815000,1779289387.933395
approach2_run3,816000,1779289388.039081
approach2_run3,817000,1779289388.059628
approach2_run3,818000,1779289388.146066
approach2_run3,819000,1779289388.214573
approach2_run3,820000,1779289388.303241
approach2_run3,821000,1779289388.390973
approach2_run3,822000,1779289388.447891
approach2_run3,823000,1779289388.573902
approach2_run3,824000,1779289388.605293
approach2_run3,825000,1779289388.695204
approach2_run3,826000,1779289388.756914
approach2_run3,827000,1779289388.874045
approach2_run3,828000,1779289388.896455
approach2_run3,829000,1779289388.982734
approach2_run3,830000,1779289389.050182
approach2_run3,831000,1779289389.158695
approach2_run3,832000,1779289389.176780
approach2_run3,833000,1779289389.263027
approach2_run3,834000,1779289389.336566
approach2_run3,835000,1779289389.463129
approach2_run3,836000,1779289389.476838
approach2_run3,837000,1779289389.564443
approach2_run3,838000,1779289389.668244
approach2_run3,839000,1779289389.755286
approach2_run3,840000,1779289389.778661
approach2_run3,841000,1779289389.884227
approach2_run3,842000,1779289389.991138
approach2_run3,843000,1779289390.017985
approach2_run3,844000,1779289390.104887
approach2_run3,845000,1779289390.194006
approach2_run3,846000,1779289390.280787
approach2_run3,847000,1779289390.293204
approach2_run3,848000,1779289390.389555
approach2_run3,849000,1779289390.495143
approach2_run3,850000,1779289390.585658
approach2_run3,851000,1779289390.601283
approach2_run3,852000,1779289390.721352
approach2_run3,853000,1779289390.787109
approach2_run3,854000,1779289390.876149
approach2_run3,855000,1779289390.905286
approach2_run3,856000,1779289391.001466
approach2_run3,857000,1779289391.053741
approach2_run3,858000,1779289391.143515
approach2_run3,859000,1779289391.230917
approach2_run3,860000,1779289391.324435
approach2_run3,861000,1779289391.355406
approach2_run3,862000,1779289391.444148
approach2_run3,863000,1779289391.556550
approach2_run3,864000,1779289391.632730
approach2_run3,865000,1779289391.734361
approach2_run3,866000,1779289391.753635
approach2_run3,867000,1779289391.840246
approach2_run3,868000,1779289391.908950
approach2_run3,869000,1779289391.997246
approach2_run3,870000,1779289392.034409
approach2_run3,871000,1779289392.147499
approach2_run3,872000,1779289392.213404
approach2_run3,873000,1779289392.299588
approach2_run3,874000,1779289392.355997
approach2_run3,875000,1779289392.442457
approach2_run3,876000,1779289392.504531
approach2_run3,877000,1779289392.591958
approach2_run3,878000,1779289392.663788
approach2_run3,879000,1779289392.750579
approach2_run3,880000,1779289392.768132
approach2_run3,881000,1779289392.871038
approach2_run3,882000,1779289392.941955
approach2_run3,883000,1779289393.031461
approach2_run3,884000,1779289393.156919
approach2_run3,885000,1779289393.180512
approach2_run3,886000,1779289393.266689
approach2_run3,887000,1779289393.362515
approach2_run3,888000,1779289393.448862
approach2_run3,889000,1779289393.473772
approach2_run3,890000,1779289393.568952
approach2_run3,891000,1779289393.626161
approach2_run3,892000,1779289393.713032
approach2_run3,893000,1779289393.783035
approach2_run3,894000,1779289393.885973
approach2_run3,895000,1779289393.902162
approach2_run3,896000,1779289393.989480
approach2_run3,897000,1779289394.088122
approach2_run3,898000,1779289394.184466
approach2_run3,899000,1779289394.192578
approach2_run3,900000,1779289394.297636
approach2_run3,901000,1779289394.395175
approach2_run3,902000,1779289394.484867
approach2_run3,903000,1779289394.505574
approach2_run3,904000,1779289394.605186
approach2_run3,905000,1779289394.698855
approach2_run3,906000,1779289394.745163
approach2_run3,907000,1779289394.834119
approach2_run3,908000,1779289394.900673
approach2_run3,909000,1779289395.019804
approach2_run3,910000,1779289395.051332
approach2_run3,911000,1779289395.138449
approach2_run3,912000,1779289395.215696
approach2_run3,913000,1779289395.302373
approach2_run3,914000,1779289395.339392
approach2_run3,915000,1779289395.430813
approach2_run3,916000,1779289395.518107
approach2_run3,917000,1779289395.605253
approach2_run3,918000,1779289395.636194
approach2_run3,919000,1779289395.731767
approach2_run3,920000,1779289395.819102
approach2_run3,921000,1779289395.911141
approach2_run3,922000,1779289395.931974
approach2_run3,923000,1779289396.050044
approach2_run3,924000,1779289396.149855
approach2_run3,925000,1779289396.196102
approach2_run3,926000,1779289396.288957
approach2_run3,927000,1779289396.333979
approach2_run3,928000,1779289396.446715
approach2_run3,929000,1779289396.463149
approach2_run3,930000,1779289396.550285
approach2_run3,931000,1779289396.655338
approach2_run3,932000,1779289396.752703
approach2_run3,933000,1779289396.764992
approach2_run3,934000,1779289396.854937
approach2_run3,935000,1779289396.942804
approach2_run3,936000,1779289397.049127
approach2_run3,937000,1779289397.055209
approach2_run3,938000,1779289397.170188
approach2_run3,939000,1779289397.235082
approach2_run3,940000,1779289397.321234
approach2_run3,941000,1779289397.364998
approach2_run3,942000,1779289397.478310
approach2_run3,943000,1779289397.496525
approach2_run3,944000,1779289397.623315
approach2_run3,945000,1779289397.713020
approach2_run3,946000,1779289397.782646
approach2_run3,947000,1779289397.879614
approach2_run3,948000,1779289397.888388
approach2_run3,949000,1779289397.998852
approach2_run3,950000,1779289398.080895
approach2_run3,951000,1779289398.179405
approach2_run3,952000,1779289398.198876
approach2_run3,953000,1779289398.287423
approach2_run3,954000,1779289398.354218
approach2_run3,955000,1779289398.481692
approach2_run3,956000,1779289398.483495
approach2_run3,957000,1779289398.595226
approach2_run3,958000,1779289398.660300
approach2_run3,959000,1779289398.746559
approach2_run3,960000,1779289398.803789
approach2_run3,961000,1779289398.900233
approach2_run3,962000,1779289398.944904
approach2_run3,963000,1779289399.037396
approach2_run3,964000,1779289399.112215
approach2_run3,965000,1779289399.198399
approach2_run3,966000,1779289399.299495
approach2_run3,967000,1779289399.318659
approach2_run3,968000,1779289399.429895
approach2_run3,969000,1779289399.503373
approach2_run3,970000,1779289399.600088
approach2_run3,971000,1779289399.605728
approach2_run3,972000,1779289399.714690
approach2_run3,973000,1779289399.803934
approach2_run3,974000,1779289399.896060
approach2_run3,975000,1779289399.920406
approach2_run3,976000,1779289400.017921
approach2_run3,977000,1779289400.070617
approach2_run3,978000,1779289400.157039
approach2_run3,979000,1779289400.230713
approach2_run3,980000,1779289400.348830
approach2_run3,981000,1779289400.376108
approach2_run3,982000,1779289400.462897
approach2_run3,983000,1779289400.533794
approach2_run3,984000,1779289400.630882
approach2_run3,985000,1779289400.662599
approach2_run3,986000,1779289400.748379
approach2_run3,987000,1779289400.864078
approach2_run3,988000,1779289400.928098
approach2_run3,989000,1779289401.014712
approach2_run3,990000,1779289401.048733
approach2_run3,991000,1779289401.145752
approach2_run3,992000,1779289401.232404
approach2_run3,993000,1779289401.318627
approach2_run3,994000,1779289401.380337
approach2_run3,995000,1779289401.466344
approach2_run3,996000,1779289401.521065
approach2_run3,997000,1779289401.607191
approach2_run3,998000,1779289401.662236
approach2_run3,999000,1779289401.776361
approach2_run3,1000000,1779289401.786963
approach2_run3,1001000,1779289401.894892
approach2_run3,1002000,1779289401.961357
approach2_run3,1003000,1779289402.047700
approach2_run3,1004000,1779289402.080737
approach2_run3,1005000,1779289402.178699
approach2_run3,1006000,1779289402.267084
approach2_run3,1007000,1779289402.379185
approach2_run3,1008000,1779289402.465287
approach2_run3,1009000,1779289402.498018
approach2_run3,1010000,1779289402.595187
approach2_run3,1011000,1779289402.644179
approach2_run3,1012000,1779289402.731271
approach2_run3,1013000,1779289402.779498
approach2_run3,1014000,1779289402.892930
approach2_run3,1015000,1779289402.907233
approach2_run3,1016000,1779289403.034716
approach2_run3,1017000,1779289403.111610
approach2_run3,1018000,1779289403.207794
approach2_run3,1019000,1779289403.210504
approach2_run3,1020000,1779289403.298357
approach2_run3,1021000,1779289403.409161
approach2_run3,1022000,1779289403.500884
approach2_run3,1023000,1779289403.530380
approach2_run3,1024000,1779289403.627317
approach2_run3,1025000,1779289403.677778
approach2_run3,1026000,1779289403.766703
approach2_run3,1027000,1779289403.811256
approach2_run3,1028000,1779289403.923949
approach2_run3,1029000,1779289404.044649
approach2_run3,1030000,1779289404.071022
approach2_run3,1031000,1779289404.156747
approach2_run3,1032000,1779289404.238593
approach2_run3,1033000,1779289404.326158
approach2_run3,1034000,1779289404.357886
approach2_run3,1035000,1779289404.446661
approach2_run3,1036000,1779289404.526344
approach2_run3,1037000,1779289404.624071
approach2_run3,1038000,1779289404.658103
approach2_run3,1039000,1779289404.755366
approach2_run3,1040000,1779289404.841294
approach2_run3,1041000,1779289404.928066
approach2_run3,1042000,1779289404.929857
approach2_run3,1043000,1779289405.040997
approach2_run3,1044000,1779289405.102454
approach2_run3,1045000,1779289405.215165
approach2_run3,1046000,1779289405.270886
approach2_run3,1047000,1779289405.356956
approach2_run3,1048000,1779289405.390760
approach2_run3,1049000,1779289405.479995
approach2_run3,1050000,1779289405.569127
approach2_run3,1051000,1779289405.677565
approach2_run3,1052000,1779289405.785002
approach2_run3,1053000,1779289405.786883
approach2_run3,1054000,1779289405.873233
approach2_run3,1055000,1779289405.959222
approach2_run3,1056000,1779289406.070900
approach2_run3,1057000,1779289406.074881
approach2_run3,1058000,1779289406.192725
approach2_run3,1059000,1779289406.248899
approach2_run3,1060000,1779289406.335199
approach2_run3,1061000,1779289406.388891
approach2_run3,1062000,1779289406.475224
approach2_run3,1063000,1779289406.555246
approach2_run3,1064000,1779289406.642473
approach2_run3,1065000,1779289406.674647
approach2_run3,1066000,1779289406.817727
approach2_run3,1067000,1779289406.819343
approach2_run3,1068000,1779289406.931790
approach2_run3,1069000,1779289406.992249
approach2_run3,1070000,1779289407.078639
approach2_run3,1071000,1779289407.188960
approach2_run3,1072000,1779289407.195983
approach2_run3,1073000,1779289407.310313
approach2_run3,1074000,1779289407.372584
approach2_run3,1075000,1779289407.501266
approach2_run3,1076000,1779289407.508728
approach2_run3,1077000,1779289407.594738
approach2_run3,1078000,1779289407.677691
approach2_run3,1079000,1779289407.764103
approach2_run3,1080000,1779289407.826579
approach2_run3,1081000,1779289407.935951
approach2_run3,1082000,1779289407.964784
approach2_run3,1083000,1779289408.051354
approach2_run3,1084000,1779289408.110996
approach2_run3,1085000,1779289408.220500
approach2_run3,1086000,1779289408.230286
approach2_run3,1087000,1779289408.357648
approach2_run3,1088000,1779289408.444693
approach2_run3,1089000,1779289408.534355
approach2_run3,1090000,1779289408.538542
approach2_run3,1091000,1779289408.625448
approach2_run3,1092000,1779289408.737251
approach2_run3,1093000,1779289408.823385
approach2_run3,1094000,1779289408.909910
approach2_run3,1095000,1779289408.966131
approach2_run3,1096000,1779289409.052845
approach2_run3,1097000,1779289409.084923
approach2_run3,1098000,1779289409.172241
approach2_run3,1099000,1779289409.228141
approach2_run3,1100000,1779289409.372128
approach2_run3,1101000,1779289409.391064
approach2_run3,1102000,1779289409.480945
approach2_run3,1103000,1779289409.569764
approach2_run3,1104000,1779289409.656162
approach2_run3,1105000,1779289409.681859
approach2_run3,1106000,1779289409.768359
approach2_run3,1107000,1779289409.853589
approach2_run3,1108000,1779289409.944158
approach2_run3,1109000,1779289409.997556
approach2_run3,1110000,1779289410.085049
approach2_run3,1111000,1779289410.161783
approach2_run3,1112000,1779289410.248531
approach2_run3,1113000,1779289410.336725
approach2_run3,1114000,1779289410.369346
approach2_run3,1115000,1779289410.488789
approach2_run3,1116000,1779289410.540342
approach2_run3,1117000,1779289410.626748
approach2_run3,1118000,1779289410.687740
approach2_run3,1119000,1779289410.774797
approach2_run3,1120000,1779289410.801444
approach2_run3,1121000,1779289410.887599
approach2_run3,1122000,1779289410.976214
approach2_run3,1123000,1779289411.106270
approach2_run3,1124000,1779289411.116672
approach2_run3,1125000,1779289411.203646
approach2_run3,1126000,1779289411.290800
approach2_run3,1127000,1779289411.399228
approach2_run3,1128000,1779289411.401119
approach2_run3,1129000,1779289411.520612
approach2_run3,1130000,1779289411.573660
approach2_run3,1131000,1779289411.659646
approach2_run3,1132000,1779289411.720112
approach2_run3,1133000,1779289411.806389
approach2_run3,1134000,1779289411.915630
approach2_run3,1135000,1779289411.920514
approach2_run3,1136000,1779289412.050307
approach2_run3,1137000,1779289412.146456
approach2_run3,1138000,1779289412.233045
approach2_run3,1139000,1779289412.258242
approach2_run3,1140000,1779289412.344557
approach2_run3,1141000,1779289412.431974
approach2_run3,1142000,1779289412.518454
approach2_run3,1143000,1779289412.552021
approach2_run3,1144000,1779289412.661851
approach2_run3,1145000,1779289412.693661
approach2_run3,1146000,1779289412.779666
approach2_run3,1147000,1779289412.837474
approach2_run3,1148000,1779289412.946920
approach2_run3,1149000,1779289412.999259
approach2_run3,1150000,1779289413.115297
approach2_run3,1151000,1779289413.177855
approach2_run3,1152000,1779289413.264650
approach2_run3,1153000,1779289413.290582
approach2_run3,1154000,1779289413.376869
approach2_run3,1155000,1779289413.464046
approach2_run3,1156000,1779289413.552020
approach2_run3,1157000,1779289413.678176
approach2_run3,1158000,1779289413.693303
approach2_run3,1159000,1779289413.779457
approach2_run3,1160000,1779289413.854110
approach2_run3,1161000,1779289413.942551
approach2_run3,1162000,1779289413.954489
approach2_run3,1163000,1779289414.098135
approach2_run3,1164000,1779289414.150619
approach2_run3,1165000,1779289414.236624
approach2_run3,1166000,1779289414.296471
approach2_run3,1167000,1779289414.382651
approach2_run3,1168000,1779289414.411031
approach2_run3,1169000,1779289414.541422
approach2_run3,1170000,1779289414.562410
approach2_run3,1171000,1779289414.726567
approach2_run3,1172000,1779289414.743717
approach2_run3,1173000,1779289414.830122
approach2_run3,1174000,1779289414.917570
approach2_run3,1175000,1779289415.004036
approach2_run3,1176000,1779289415.103781
approach2_run3,1177000,1779289415.105697
approach2_run3,1178000,1779289415.227094
approach2_run3,1179000,1779289415.279538
approach2_run3,1180000,1779289415.411072
approach2_run3,1181000,1779289415.434468
approach2_run3,1182000,1779289415.520343
approach2_run3,1183000,1779289415.586567
approach2_run3,1184000,1779289415.675175
approach2_run3,1185000,1779289415.743459
approach2_run3,1186000,1779289415.860563
approach2_run3,1187000,1779289415.876458
approach2_run3,1188000,1779289415.962395
approach2_run3,1189000,1779289416.036725
approach2_run3,1190000,1779289416.135892
approach2_run3,1191000,1779289416.138297
approach2_run3,1192000,1779289416.259145
approach2_run3,1193000,1779289416.356171
approach2_run3,1194000,1779289416.443767
approach2_run3,1195000,1779289416.532530
approach2_run3,1196000,1779289416.551737
approach2_run3,1197000,1779289416.650897
approach2_run3,1198000,1779289416.734582
approach2_run3,1199000,1779289416.820636
approach2_run3,1200000,1779289416.890585
approach2_run3,1201000,1779289416.979017
approach2_run3,1202000,1779289416.995380
approach2_run3,1203000,1779289417.082079
approach2_run3,1204000,1779289417.153981
approach2_run3,1205000,1779289417.289321
approach2_run3,1206000,1779289417.300548
approach2_run3,1207000,1779289417.405251
approach2_run3,1208000,1779289417.492623
approach2_run3,1209000,1779289417.581200
approach2_run3,1210000,1779289417.592668
approach2_run3,1211000,1779289417.678692
approach2_run3,1212000,1779289417.766166
approach2_run3,1213000,1779289417.852564
approach2_run3,1214000,1779289417.921195
approach2_run3,1215000,1779289418.007544
approach2_run3,1216000,1779289418.095740
approach2_run3,1217000,1779289418.158793
approach2_run3,1218000,1779289418.248444
approach2_run3,1219000,1779289418.283288
approach2_run3,1220000,1779289418.369576
approach2_run3,1221000,1779289418.450660
approach2_run3,1222000,1779289418.536698
approach2_run3,1223000,1779289418.612417
approach2_run3,1224000,1779289418.698469
approach2_run3,1225000,1779289418.712945
approach2_run3,1226000,1779289418.798765
approach2_run3,1227000,1779289418.886189
approach2_run3,1228000,1779289419.012479
approach2_run3,1229000,1779289419.038947
approach2_run3,1230000,1779289419.126209
approach2_run3,1231000,1779289419.194251
approach2_run3,1232000,1779289419.300766
approach2_run3,1233000,1779289419.305293
approach2_run3,1234000,1779289419.400802
approach2_run3,1235000,1779289419.483497
approach2_run3,1236000,1779289419.569404
approach2_run3,1237000,1779289419.657012
approach2_run3,1238000,1779289419.728698
approach2_run3,1239000,1779289419.815346
approach2_run3,1240000,1779289419.872934
approach2_run3,1241000,1779289419.974670
approach2_run3,1242000,1779289420.039144
approach2_run3,1243000,1779289420.156605
approach2_run3,1244000,1779289420.163687
approach2_run3,1245000,1779289420.254373
approach2_run3,1246000,1779289420.331121
approach2_run3,1247000,1779289420.430273
approach2_run3,1248000,1779289420.432139
approach2_run3,1249000,1779289420.518310
approach2_run3,1250000,1779289420.603978
approach2_run3,1251000,1779289420.731042
approach2_run3,1252000,1779289420.759187
approach2_run3,1253000,1779289420.849231
approach2_run3,1254000,1779289420.933885
approach2_run3,1255000,1779289421.022925
approach2_run3,1256000,1779289421.033950
approach2_run3,1257000,1779289421.155681
approach2_run3,1258000,1779289421.274123
approach2_run3,1259000,1779289421.288145
approach2_run3,1260000,1779289421.374490
approach2_run3,1261000,1779289421.448914
approach2_run3,1262000,1779289421.548608
approach2_run3,1263000,1779289421.587152
approach2_run3,1264000,1779289421.691536
approach2_run3,1265000,1779289421.789919
approach2_run3,1266000,1779289421.876302
approach2_run3,1267000,1779289421.881994
approach2_run3,1268000,1779289421.969049
approach2_run3,1269000,1779289422.057270
approach2_run3,1270000,1779289422.146725
approach2_run3,1271000,1779289422.151433
approach2_run3,1272000,1779289422.272835
approach2_run3,1273000,1779289422.320559
approach2_run3,1274000,1779289422.406807
approach2_run3,1275000,1779289422.479274
approach2_run3,1276000,1779289422.581541
approach2_run3,1277000,1779289422.637902
approach2_run3,1278000,1779289422.741087
approach2_run3,1279000,1779289422.827685
approach2_run3,1280000,1779289422.907583
approach2_run3,1281000,1779289422.993717
approach2_run3,1282000,1779289423.005599
approach2_run3,1283000,1779289423.098448
approach2_run3,1284000,1779289423.180169
approach2_run3,1285000,1779289423.266713
approach2_run3,1286000,1779289423.305931
approach2_run3,1287000,1779289423.423462
approach2_run3,1288000,1779289423.497048
approach2_run3,1289000,1779289423.597112
approach2_run3,1290000,1779289423.598953
approach2_run3,1291000,1779289423.700670
approach2_run3,1292000,1779289423.775232
approach2_run3,1293000,1779289423.861688
approach2_run3,1294000,1779289423.907987
approach2_run3,1295000,1779289424.025499
approach2_run3,1296000,1779289424.039085
approach2_run3,1297000,1779289424.125668
approach2_run3,1298000,1779289424.216634
approach2_run3,1299000,1779289424.335886
approach2_run3,1300000,1779289424.421765
approach2_run3,1301000,1779289424.443058
approach2_run3,1302000,1779289424.542888
approach2_run3,1303000,1779289424.627358
approach2_run3,1304000,1779289424.719320
approach2_run3,1305000,1779289424.731618
approach2_run3,1306000,1779289424.817901
approach2_run3,1307000,1779289424.896793
approach2_run3,1308000,1779289424.983198
approach2_run3,1309000,1779289425.056103
approach2_run3,1310000,1779289425.142750
approach2_run3,1311000,1779289425.196604
approach2_run3,1312000,1779289425.282789
approach2_run3,1313000,1779289425.333788
approach2_run3,1314000,1779289425.453230
approach2_run3,1315000,1779289425.486922
approach2_run3,1316000,1779289425.574629
approach2_run3,1317000,1779289425.659228
approach2_run3,1318000,1779289425.746111
approach2_run3,1319000,1779289425.753747
approach2_run3,1320000,1779289425.848994
approach2_run3,1321000,1779289425.967433
approach2_run3,1322000,1779289426.053481
approach2_run3,1323000,1779289426.141211
approach2_run3,1324000,1779289426.174041
approach2_run3,1325000,1779289426.261841
approach2_run3,1326000,1779289426.334593
approach2_run3,1327000,1779289426.433910
approach2_run3,1328000,1779289426.483711
approach2_run3,1329000,1779289426.602501
approach2_run3,1330000,1779289426.607898
approach2_run3,1331000,1779289426.697794
approach2_run3,1332000,1779289426.778670
approach2_run3,1333000,1779289426.881115
approach2_run3,1334000,1779289426.911842
approach2_run3,1335000,1779289426.998047
approach2_run3,1336000,1779289427.087034
approach2_run3,1337000,1779289427.192481
approach2_run3,1338000,1779289427.206430
approach2_run3,1339000,1779289427.292568
approach2_run3,1340000,1779289427.379477
approach2_run3,1341000,1779289427.465562
approach2_run3,1342000,1779289427.554973
approach2_run3,1343000,1779289427.571159
approach2_run3,1344000,1779289427.720434
approach2_run3,1345000,1779289427.733023
approach2_run3,1346000,1779289427.856024
approach2_run3,1347000,1779289427.912423
approach2_run3,1348000,1779289427.999305
approach2_run3,1349000,1779289428.050870
approach2_run3,1350000,1779289428.137498
approach2_run3,1351000,1779289428.204080
approach2_run3,1352000,1779289428.323755
approach2_run3,1353000,1779289428.325406
approach2_run3,1354000,1779289428.412445
approach2_run3,1355000,1779289428.500541
approach2_run3,1356000,1779289428.590958
approach2_run3,1357000,1779289428.602785
approach2_run3,1358000,1779289428.719371
approach2_run3,1359000,1779289428.801960
approach2_run3,1360000,1779289428.890686
approach2_run3,1361000,1779289428.994601
approach2_run3,1362000,1779289429.029041
approach2_run3,1363000,1779289429.117675
approach2_run3,1364000,1779289429.181212
approach2_run3,1365000,1779289429.267532
approach2_run3,1366000,1779289429.352030
approach2_run3,1367000,1779289429.439702
approach2_run3,1368000,1779289429.450247
approach2_run3,1369000,1779289429.536697
approach2_run3,1370000,1779289429.633308
approach2_run3,1371000,1779289429.720528
approach2_run3,1372000,1779289429.747529
approach2_run3,1373000,1779289429.838660
approach2_run3,1374000,1779289429.940129
approach2_run3,1375000,1779289430.039420
approach2_run3,1376000,1779289430.044853
approach2_run3,1377000,1779289430.131691
approach2_run3,1378000,1779289430.214365
approach2_run3,1379000,1779289430.302062
approach2_run3,1380000,1779289430.354919
approach2_run3,1381000,1779289430.469975
approach2_run3,1382000,1779289430.557857
approach2_run3,1383000,1779289430.606838
approach2_run3,1384000,1779289430.692874
approach2_run3,1385000,1779289430.750412
approach2_run3,1386000,1779289430.868880
approach2_run3,1387000,1779289430.896880
approach2_run3,1388000,1779289430.983566
approach2_run3,1389000,1779289431.071945
approach2_run3,1390000,1779289431.159690
approach2_run3,1391000,1779289431.161551
approach2_run3,1392000,1779289431.248762
approach2_run3,1393000,1779289431.351821
approach2_run3,1394000,1779289431.465313
approach2_run3,1395000,1779289431.471384
approach2_run3,1396000,1779289431.586092
approach2_run3,1397000,1779289431.645071
approach2_run3,1398000,1779289431.746164
approach2_run3,1399000,1779289431.765186
approach2_run3,1400000,1779289431.867089
approach2_run3,1401000,1779289431.929089
approach2_run3,1402000,1779289432.016352
approach2_run3,1403000,1779289432.107490
approach2_run3,1404000,1779289432.193722
approach2_run3,1405000,1779289432.279839
approach2_run3,1406000,1779289432.322770
approach2_run3,1407000,1779289432.416472
approach2_run3,1408000,1779289432.469457
approach2_run3,1409000,1779289432.590616
approach2_run3,1410000,1779289432.592325
approach2_run3,1411000,1779289432.708371
approach2_run3,1412000,1779289432.786322
approach2_run3,1413000,1779289432.872676
approach2_run3,1414000,1779289432.882165
approach2_run3,1415000,1779289432.983939
approach2_run3,1416000,1779289433.057087
approach2_run3,1417000,1779289433.143247
approach2_run3,1418000,1779289433.218695
approach2_run3,1419000,1779289433.310632
approach2_run3,1420000,1779289433.360928
approach2_run3,1421000,1779289433.449610
approach2_run3,1422000,1779289433.499791
approach2_run3,1423000,1779289433.618002
approach2_run3,1424000,1779289433.707766
approach2_run3,1425000,1779289433.731729
approach2_run3,1426000,1779289433.825169
approach2_run3,1427000,1779289433.910467
approach2_run3,1428000,1779289434.010705
approach2_run3,1429000,1779289434.015328
approach2_run3,1430000,1779289434.133138
approach2_run3,1431000,1779289434.212999
approach2_run3,1432000,1779289434.307468
approach2_run3,1433000,1779289434.336178
approach2_run3,1434000,1779289434.428398
approach2_run3,1435000,1779289434.494795
approach2_run3,1436000,1779289434.589576
approach2_run3,1437000,1779289434.650145
approach2_run3,1438000,1779289434.738642
approach2_run3,1439000,1779289434.765850
approach2_run3,1440000,1779289434.854584
approach2_run3,1441000,1779289434.944310
approach2_run3,1442000,1779289435.045973
approach2_run3,1443000,1779289435.069265
approach2_run3,1444000,1779289435.166820
approach2_run3,1445000,1779289435.253453
approach2_run3,1446000,1779289435.341290
approach2_run3,1447000,1779289435.447407
approach2_run3,1448000,1779289435.453185
approach2_run3,1449000,1779289435.560971
approach2_run3,1450000,1779289435.622008
approach2_run3,1451000,1779289435.712944
approach2_run3,1452000,1779289435.769633
approach2_run3,1453000,1779289435.856040
approach2_run3,1454000,1779289435.927377
approach2_run3,1455000,1779289436.023537
approach2_run3,1456000,1779289436.077195
approach2_run3,1457000,1779289436.197086
approach2_run3,1458000,1779289436.210867
approach2_run3,1459000,1779289436.305789
approach2_run3,1460000,1779289436.371978
approach2_run3,1461000,1779289436.479820
approach2_run3,1462000,1779289436.484443
approach2_run3,1463000,1779289436.576600
approach2_run3,1464000,1779289436.673328
approach2_run3,1465000,1779289436.784510
approach2_run3,1466000,1779289436.871525
approach2_run3,1467000,1779289436.887745
approach2_run3,1468000,1779289436.999779
approach2_run3,1469000,1779289437.068897
approach2_run3,1470000,1779289437.155110
approach2_run3,1471000,1779289437.228147
approach2_run3,1472000,1779289437.315518
approach2_run3,1473000,1779289437.337720
approach2_run3,1474000,1779289437.423682
approach2_run3,1475000,1779289437.515747
approach2_run3,1476000,1779289437.608190
approach2_run3,1477000,1779289437.643223
approach2_run3,1478000,1779289437.732321
approach2_run3,1479000,1779289437.826453
approach2_run3,1480000,1779289437.920349
approach2_run3,1481000,1779289437.928275
approach2_run3,1482000,1779289438.032401
approach2_run3,1483000,1779289438.109144
approach2_run3,1484000,1779289438.196363
approach2_run3,1485000,1779289438.228030
approach2_run3,1486000,1779289438.346722
approach2_run3,1487000,1779289438.433477
approach2_run3,1488000,1779289438.476561
approach2_run3,1489000,1779289438.588850
approach2_run3,1490000,1779289438.635593
approach2_run3,1491000,1779289438.742393
approach2_run3,1492000,1779289438.786311
approach2_run3,1493000,1779289438.873034
approach2_run3,1494000,1779289438.950282
approach2_run3,1495000,1779289439.053576
approach2_run3,1496000,1779289439.063414
approach2_run3,1497000,1779289439.150710
approach2_run3,1498000,1779289439.231993
approach2_run3,1499000,1779289439.334778
approach2_run3,1500000,1779289439.345752
approach2_run3,1501000,1779289439.465439
approach2_run3,1502000,1779289439.536940
approach2_run3,1503000,1779289439.623567
approach2_run3,1504000,1779289439.666045
approach2_run3,1505000,1779289439.756757
approach2_run3,1506000,1779289439.825930
approach2_run3,1507000,1779289439.911891
approach2_run3,1508000,1779289439.998318
approach2_run3,1509000,1779289440.067738
approach2_run3,1510000,1779289440.180120
approach2_run3,1511000,1779289440.192442
approach2_run3,1512000,1779289440.278693
approach2_run3,1513000,1779289440.365851
approach2_run3,1514000,1779289440.481010
approach2_run3,1515000,1779289440.496437
approach2_run3,1516000,1779289440.582507
approach2_run3,1517000,1779289440.669814
approach2_run3,1518000,1779289440.770366
approach2_run3,1519000,1779289440.783743
approach2_run3,1520000,1779289440.876169
approach2_run3,1521000,1779289440.944524
approach2_run3,1522000,1779289441.033789
approach2_run3,1523000,1779289441.098986
approach2_run3,1524000,1779289441.185220
approach2_run3,1525000,1779289441.224195
approach2_run3,1526000,1779289441.337686
approach2_run3,1527000,1779289441.386421
approach2_run3,1528000,1779289441.491227
approach2_run3,1529000,1779289441.614413
approach2_run3,1530000,1779289441.628779
approach2_run3,1531000,1779289441.715311
approach2_run3,1532000,1779289441.803590
approach2_run3,1533000,1779289441.891964
approach2_run3,1534000,1779289441.903057
approach2_run3,1535000,1779289441.995383
approach2_run3,1536000,1779289442.085837
approach2_run3,1537000,1779289442.195795
approach2_run3,1538000,1779289442.217014
approach2_run3,1539000,1779289442.331241
approach2_run3,1540000,1779289442.383672
approach2_run3,1541000,1779289442.469595
approach2_run3,1542000,1779289442.509684
approach2_run3,1543000,1779289442.607687
approach2_run3,1544000,1779289442.661406
approach2_run3,1545000,1779289442.751462
approach2_run3,1546000,1779289442.847162
approach2_run3,1547000,1779289442.933261
approach2_run3,1548000,1779289443.019912
approach2_run3,1549000,1779289443.056348
approach2_run3,1550000,1779289443.154727
approach2_run3,1551000,1779289443.241866
approach2_run3,1552000,1779289443.327960
approach2_run3,1553000,1779289443.362028
approach2_run3,1554000,1779289443.448034
approach2_run3,1555000,1779289443.517166
approach2_run3,1556000,1779289443.604644
approach2_run3,1557000,1779289443.627060
approach2_run3,1558000,1779289443.726347
approach2_run3,1559000,1779289443.801938
approach2_run3,1560000,1779289443.888258
approach2_run3,1561000,1779289443.964274
approach2_run3,1562000,1779289444.050545
approach2_run3,1563000,1779289444.100338
approach2_run3,1564000,1779289444.186562
approach2_run3,1565000,1779289444.242641
approach2_run3,1566000,1779289444.364180
approach2_run3,1567000,1779289444.375929
approach2_run3,1568000,1779289444.479271
approach2_run3,1569000,1779289444.565530
approach2_run3,1570000,1779289444.657068
approach2_run3,1571000,1779289444.743885
approach2_run3,1572000,1779289444.747275
approach2_run3,1573000,1779289444.878566
approach2_run3,1574000,1779289444.958330
approach2_run3,1575000,1779289445.044661
approach2_run3,1576000,1779289445.081668
approach2_run3,1577000,1779289445.168184
approach2_run3,1578000,1779289445.216907
approach2_run3,1579000,1779289445.303621
approach2_run3,1580000,1779289445.389056
approach2_run3,1581000,1779289445.474894
approach2_run3,1582000,1779289445.560397
approach2_run3,1583000,1779289445.646675
approach2_run3,1584000,1779289445.685077
approach2_run3,1585000,1779289445.776658
approach2_run3,1586000,1779289445.781014
approach2_run3,1587000,1779289445.866254
approach2_run3,1588000,1779289445.998618
approach2_run3,1589000,1779289446.034256
approach2_run3,1590000,1779289446.114895
approach2_run3,1591000,1779289446.201503
approach2_run3,1592000,1779289446.272871
approach2_run3,1593000,1779289446.355436
approach2_run3,1594000,1779289446.440771
approach2_run3,1595000,1779289446.479781
approach2_run3,1596000,1779289446.612470
approach2_run3,1597000,1779289446.697559
approach2_run3,1598000,1779289446.716809
approach2_run3,1599000,1779289446.808250
approach2_run3,1600000,1779289446.869993
approach2_run3,1601000,1779289446.952252
approach2_run3,1602000,1779289447.037848
approach2_run3,1603000,1779289447.123983
approach2_run3,1604000,1779289447.209845
approach2_run3,1605000,1779289447.295388
approach2_run3,1606000,1779289447.323036
approach2_run3,1607000,1779289447.410325
approach2_run3,1608000,1779289447.509603
approach2_run3,1609000,1779289447.553182
approach2_run3,1610000,1779289447.639702
approach2_run3,1611000,1779289447.715804
approach2_run3,1612000,1779289447.800396
approach2_run3,1613000,1779289447.866493
approach2_run3,1614000,1779289447.925580
approach2_run3,1615000,1779289448.013812
approach2_run3,1616000,1779289448.095019
approach2_run3,1617000,1779289448.154607
approach2_run3,1618000,1779289448.244134
approach2_run3,1619000,1779289448.328880
approach2_run3,1620000,1779289448.401896
approach2_run3,1621000,1779289448.440563
approach2_run3,1622000,1779289448.506766
approach2_run3,1623000,1779289448.591408
approach2_run3,1624000,1779289448.672964
approach2_run3,1625000,1779289448.776792
approach2_run3,1626000,1779289448.863125
approach2_run3,1627000,1779289448.870510
approach2_run3,1628000,1779289448.955261
approach2_run3,1629000,1779289449.056435
approach2_run3,1630000,1779289449.142951
approach2_run3,1631000,1779289449.186680
approach2_run3,1632000,1779289449.292638
approach2_run3,1633000,1779289449.379441
approach2_run3,1634000,1779289449.448886
approach2_run3,1635000,1779289449.530837
approach2_run3,1636000,1779289449.572612
approach2_run3,1637000,1779289449.659052
approach2_run3,1638000,1779289449.728142
approach2_run3,1639000,1779289449.793823
approach2_run3,1640000,1779289449.894517
approach2_run3,1641000,1779289449.961503
approach2_run3,1642000,1779289450.042109
approach2_run3,1643000,1779289450.087679
approach2_run3,1644000,1779289450.175317
approach2_run3,1645000,1779289450.300144
approach2_run3,1646000,1779289450.307415
approach2_run3,1647000,1779289450.410177
approach2_run3,1648000,1779289450.497823
approach2_run3,1649000,1779289450.584967
approach2_run3,1650000,1779289450.603366
approach2_run3,1651000,1779289450.690242
approach2_run3,1652000,1779289450.815655
approach2_run3,1653000,1779289450.872245
approach2_run3,1654000,1779289450.925624
approach2_run3,1655000,1779289451.013401
approach2_run3,1656000,1779289451.081515
approach2_run3,1657000,1779289451.164912
approach2_run3,1658000,1779289451.245881
approach2_run3,1659000,1779289451.292698
approach2_run3,1660000,1779289451.360198
approach2_run3,1661000,1779289451.443754
approach2_run3,1662000,1779289451.528168
approach2_run3,1663000,1779289451.616470
approach2_run3,1664000,1779289451.686569
approach2_run3,1665000,1779289451.760923
approach2_run3,1666000,1779289451.807557
approach2_run3,1667000,1779289451.932479
approach2_run3,1668000,1779289451.987456
approach2_run3,1669000,1779289452.043831
approach2_run3,1670000,1779289452.132813
approach2_run3,1671000,1779289452.216460
approach2_run3,1672000,1779289452.301031
approach2_run3,1673000,1779289452.362015
approach2_run3,1674000,1779289452.448088
approach2_run3,1675000,1779289452.545840
approach2_run3,1676000,1779289452.588147
approach2_run3,1677000,1779289452.648499
approach2_run3,1678000,1779289452.732401
approach2_run3,1679000,1779289452.804706
approach2_run3,1680000,1779289452.902084
approach2_run3,1681000,1779289452.967114
approach2_run3,1682000,1779289453.074369
approach2_run3,1683000,1779289453.138110
approach2_run3,1684000,1779289453.164341
approach2_run3,1685000,1779289453.252923
approach2_run3,1686000,1779289453.355110
approach2_run3,1687000,1779289453.419301
approach2_run3,1688000,1779289453.483882
approach2_run3,1689000,1779289453.590992
approach2_run3,1690000,1779289453.663800
approach2_run3,1691000,1779289453.705677
approach2_run3,1692000,1779289453.771328
approach2_run3,1693000,1779289453.870830
approach2_run3,1694000,1779289453.935675
approach2_run3,1695000,1779289454.006531
approach2_run3,1696000,1779289454.087600
approach2_run3,1697000,1779289454.192019
approach2_run3,1698000,1779289454.243938
approach2_run3,1699000,1779289454.287437
approach2_run3,1700000,1779289454.387217
approach2_run3,1701000,1779289454.474797
approach2_run3,1702000,1779289454.537726
approach2_run3,1703000,1779289454.602562
approach2_run3,1704000,1779289454.689922
approach2_run3,1705000,1779289454.794980
approach2_run3,1706000,1779289454.845318
approach2_run3,1707000,1779289454.887960
approach2_run3,1708000,1779289454.974113
approach2_run3,1709000,1779289455.060200
approach2_run3,1710000,1779289455.158589
approach2_run3,1711000,1779289455.223691
approach2_run3,1712000,1779289455.307692
approach2_run3,1713000,1779289455.338377
approach2_run3,1714000,1779289455.419744
approach2_run3,1715000,1779289455.505993
approach2_run3,1716000,1779289455.591947
approach2_run3,1717000,1779289455.678136
approach2_run3,1718000,1779289455.741390
approach2_run3,1719000,1779289455.810987
approach2_run3,1720000,1779289455.874986
approach2_run3,1721000,1779289455.939560
approach2_run3,1722000,1779289456.062919
approach2_run3,1723000,1779289456.133297
approach2_run3,1724000,1779289456.197744
approach2_run3,1725000,1779289456.281985
approach2_run3,1726000,1779289456.326704
approach2_run3,1727000,1779289456.408254
approach2_run3,1728000,1779289456.494339
approach2_run3,1729000,1779289456.580243
approach2_run3,1730000,1779289456.666547
approach2_run3,1731000,1779289456.753118
approach2_run3,1732000,1779289456.839496
approach2_run3,1733000,1779289456.925950
approach2_run3,1734000,1779289457.028990
approach2_run3,1735000,1779289457.115375
approach2_run3,1736000,1779289457.201777
approach2_run3,1737000,1779289457.289537
approach2_run3,1738000,1779289457.376264
approach2_run3,1739000,1779289457.462403
approach2_run3,1740000,1779289457.536645
approach2_run3,1741000,1779289457.623452
approach2_run3,1742000,1779289457.721584
approach2_run3,1743000,1779289457.738881
approach2_run3,1744000,1779289457.824786
approach2_run3,1745000,1779289457.894895
approach2_run3,1746000,1779289458.004199
approach2_run3,1747000,1779289458.044649
approach2_run3,1748000,1779289458.129564
approach2_run3,1749000,1779289458.179328
approach2_run3,1750000,1779289458.307681
approach2_run3,1751000,1779289458.341874
approach2_run3,1752000,1779289458.427059
approach2_run3,1753000,1779289458.512029
approach2_run3,1754000,1779289458.568553
approach2_run3,1755000,1779289458.663298
approach2_run3,1756000,1779289458.731735
approach2_run3,1757000,1779289458.774470
approach2_run3,1758000,1779289458.863358
approach2_run3,1759000,1779289458.950631
approach2_run3,1760000,1779289459.029281
approach2_run3,1761000,1779289459.114674
approach2_run3,1762000,1779289459.199273
approach2_run3,1763000,1779289459.254133
approach2_run3,1764000,1779289459.340282
approach2_run3,1765000,1779289459.419783
approach2_run3,1766000,1779289459.505203
approach2_run3,1767000,1779289459.513268
approach2_run3,1768000,1779289459.611774
approach2_run3,1769000,1779289459.698516
approach2_run3,1770000,1779289459.802428
approach2_run3,1771000,1779289459.886523
approach2_run3,1772000,1779289459.896659
approach2_run3,1773000,1779289459.982907
approach2_run3,1774000,1779289460.107780
approach2_run3,1775000,1779289460.193032
approach2_run3,1776000,1779289460.199022
approach2_run3,1777000,1779289460.285412
approach2_run3,1778000,1779289460.371608
approach2_run3,1779000,1779289460.468121
approach2_run3,1780000,1779289460.555815
approach2_run3,1781000,1779289460.575257
approach2_run3,1782000,1779289460.644330
approach2_run3,1783000,1779289460.753057
approach2_run3,1784000,1779289460.840333
approach2_run3,1785000,1779289460.880873
approach2_run3,1786000,1779289460.967830
approach2_run3,1787000,1779289461.056047
approach2_run3,1788000,1779289461.142778
approach2_run3,1789000,1779289461.229591
approach2_run3,1790000,1779289461.262321
approach2_run3,1791000,1779289461.346702
approach2_run3,1792000,1779289461.418880
approach2_run3,1793000,1779289461.500529
approach2_run3,1794000,1779289461.587931
approach2_run3,1795000,1779289461.607491
approach2_run3,1796000,1779289461.696345
approach2_run3,1797000,1779289461.784366
approach2_run3,1798000,1779289461.865203
approach2_run3,1799000,1779289461.948252
approach2_run3,1800000,1779289462.001181
approach2_run3,1801000,1779289462.088243
approach2_run3,1802000,1779289462.174867
approach2_run3,1803000,1779289462.211097
approach2_run3,1804000,1779289462.296051
approach2_run3,1805000,1779289462.379195
approach2_run3,1806000,1779289462.449542
approach2_run3,1807000,1779289462.533036
approach2_run3,1808000,1779289462.636981
approach2_run3,1809000,1779289462.707208
approach2_run3,1810000,1779289462.772119
approach2_run3,1811000,1779289462.858093
approach2_run3,1812000,1779289462.945205
approach2_run3,1813000,1779289462.982952
approach2_run3,1814000,1779289463.065106
approach2_run3,1815000,1779289463.120047
approach2_run3,1816000,1779289463.215693
approach2_run3,1817000,1779289463.302728
approach2_run3,1818000,1779289463.328054
approach2_run3,1819000,1779289463.410318
approach2_run3,1820000,1779289463.499702
approach2_run3,1821000,1779289463.585974
approach2_run3,1822000,1779289463.668247
approach2_run3,1823000,1779289463.716575
approach2_run3,1824000,1779289463.803134
approach2_run3,1825000,1779289463.890691
approach2_run3,1826000,1779289463.977536
approach2_run3,1827000,1779289464.073426
approach2_run3,1828000,1779289464.100944
approach2_run3,1829000,1779289464.182622
approach2_run3,1830000,1779289464.248102
approach2_run3,1831000,1779289464.356568
approach2_run3,1832000,1779289464.360943
approach2_run3,1833000,1779289464.446374
approach2_run3,1834000,1779289464.531551
approach2_run3,1835000,1779289464.619182
approach2_run3,1836000,1779289464.704430
approach2_run3,1837000,1779289464.786064
approach2_run3,1838000,1779289464.835408
approach2_run3,1839000,1779289464.933165
approach2_run3,1840000,1779289465.019634
approach2_run3,1841000,1779289465.092760
approach2_run3,1842000,1779289465.132998
approach2_run3,1843000,1779289465.217870
approach2_run3,1844000,1779289465.303489
approach2_run3,1845000,1779289465.390204
approach2_run3,1846000,1779289465.474476
approach2_run3,1847000,1779289465.516710
approach2_run3,1848000,1779289465.605131
approach2_run3,1849000,1779289465.695102
approach2_run3,1850000,1779289465.736396
approach2_run3,1851000,1779289465.821702
approach2_run3,1852000,1779289465.905932
approach2_run3,1853000,1779289465.965924
approach2_run3,1854000,1779289466.074969
approach2_run3,1855000,1779289466.161155
approach2_run3,1856000,1779289466.166327
approach2_run3,1857000,1779289466.250346
approach2_run3,1858000,1779289466.337165
approach2_run3,1859000,1779289466.424059
approach2_run3,1860000,1779289466.510031
approach2_run3,1861000,1779289466.595701
approach2_run3,1862000,1779289466.681826
approach2_run3,1863000,1779289466.766855
approach2_run3,1864000,1779289466.825056
approach2_run3,1865000,1779289466.933015
approach2_run3,1866000,1779289467.019311
approach2_run3,1867000,1779289467.106144
approach2_run3,1868000,1779289467.193847
approach2_run3,1869000,1779289467.281262
approach2_run3,1870000,1779289467.373218
approach2_run3,1871000,1779289467.493628
approach2_run3,1872000,1779289467.505135
approach2_run3,1873000,1779289467.630014
approach2_run3,1874000,1779289467.670148
approach2_run3,1875000,1779289467.768701
approach2_run3,1876000,1779289467.804256
approach2_run3,1877000,1779289467.890125
approach2_run3,1878000,1779289467.965121
approach2_run3,1879000,1779289468.051204
approach2_run3,1880000,1779289468.144980
approach2_run3,1881000,1779289468.232163
approach2_run3,1882000,1779289468.318865
approach2_run3,1883000,1779289468.351531
approach2_run3,1884000,1779289468.438237
approach2_run3,1885000,1779289468.492457
approach2_run3,1886000,1779289468.626730
approach2_run3,1887000,1779289468.660963
approach2_run3,1888000,1779289468.748038
approach2_run3,1889000,1779289468.823887
approach2_run3,1890000,1779289468.909855
approach2_run3,1891000,1779289468.922514
approach2_run3,1892000,1779289469.009702
approach2_run3,1893000,1779289469.129300
approach2_run3,1894000,1779289469.215407
approach2_run3,1895000,1779289469.271192
approach2_run3,1896000,1779289469.358335
approach2_run3,1897000,1779289469.389195
approach2_run3,1898000,1779289469.487499
approach2_run3,1899000,1779289469.533468
approach2_run3,1900000,1779289469.653368
approach2_run3,1901000,1779289469.773121
approach2_run3,1902000,1779289469.783894
approach2_run3,1903000,1779289469.872252
approach2_run3,1904000,1779289469.961128
approach2_run3,1905000,1779289470.048108
approach2_run3,1906000,1779289470.073974
approach2_run3,1907000,1779289470.160639
approach2_run3,1908000,1779289470.248283
approach2_run3,1909000,1779289470.334283
approach2_run3,1910000,1779289470.386520
approach2_run3,1911000,1779289470.476168
approach2_run3,1912000,1779289470.520753
approach2_run3,1913000,1779289470.627550
approach2_run3,1914000,1779289470.651854
approach2_run3,1915000,1779289470.771440
approach2_run3,1916000,1779289470.809427
approach2_run3,1917000,1779289470.896039
approach2_run3,1918000,1779289470.991376
approach2_run3,1919000,1779289471.078729
approach2_run3,1920000,1779289471.106593
approach2_run3,1921000,1779289471.193922
approach2_run3,1922000,1779289471.287173
approach2_run3,1923000,1779289471.375623
approach2_run3,1924000,1779289471.465139
approach2_run3,1925000,1779289471.506854
approach2_run3,1926000,1779289471.593851
approach2_run3,1927000,1779289471.666786
approach2_run3,1928000,1779289471.753874
approach2_run3,1929000,1779289471.802912
approach2_run3,1930000,1779289471.890534
approach2_run3,1931000,1779289471.965986
approach2_run3,1932000,1779289472.052120
approach2_run3,1933000,1779289472.109751
approach2_run3,1934000,1779289472.198115
approach2_run3,1935000,1779289472.237760
approach2_run3,1936000,1779289472.324428
approach2_run3,1937000,1779289472.405597
approach2_run3,1938000,1779289472.517190
approach2_run3,1939000,1779289472.533843
approach2_run3,1940000,1779289472.624477
approach2_run3,1941000,1779289472.699624
approach2_run3,1942000,1779289472.786494
approach2_run3,1943000,1779289472.803396
approach2_run3,1944000,1779289472.921381
approach2_run3,1945000,1779289473.010074
approach2_run3,1946000,1779289473.084707
approach2_run3,1947000,1779289473.181095
approach2_run3,1948000,1779289473.228916
approach2_run3,1949000,1779289473.315561
approach2_run3,1950000,1779289473.356638
approach2_run3,1951000,1779289473.461859
approach2_run3,1952000,1779289473.524926
approach2_run3,1953000,1779289473.643108
approach2_run3,1954000,1779289473.653866
approach2_run3,1955000,1779289473.769667
approach2_run3,1956000,1779289473.831291
approach2_run3,1957000,1779289473.918231
approach2_run3,1958000,1779289473.943150
approach2_run3,1959000,1779289474.040562
approach2_run3,1960000,1779289474.126549
approach2_run3,1961000,1779289474.213480
approach2_run3,1962000,1779289474.258806
approach2_run3,1963000,1779289474.346118
approach2_run3,1964000,1779289474.407500
approach2_run3,1965000,1779289474.501897
approach2_run3,1966000,1779289474.521039
approach2_run3,1967000,1779289474.641204
approach2_run3,1968000,1779289474.768518
approach2_run3,1969000,1779289474.800906
approach2_run3,1970000,1779289474.886871
approach2_run3,1971000,1779289474.949809
approach2_run3,1972000,1779289475.035912
approach2_run3,1973000,1779289475.071161
approach2_run3,1974000,1779289475.157766
approach2_run3,1975000,1779289475.243310
approach2_run3,1976000,1779289475.352780
approach2_run3,1977000,1779289475.373975
approach2_run3,1978000,1779289475.485247
approach2_run3,1979000,1779289475.552205
approach2_run3,1980000,1779289475.658847
approach2_run3,1981000,1779289475.671655
approach2_run3,1982000,1779289475.757996
approach2_run3,1983000,1779289475.842538
approach2_run3,1984000,1779289475.929000
approach2_run3,1985000,1779289475.979072
approach2_run3,1986000,1779289476.066985
approach2_run3,1987000,1779289476.124566
approach2_run3,1988000,1779289476.211079
approach2_run3,1989000,1779289476.274401
approach2_run3,1990000,1779289476.391488
approach2_run3,1991000,1779289476.490191
approach2_run3,1992000,1779289476.518235
approach2_run3,1993000,1779289476.604154
approach2_run3,1994000,1779289476.700577
approach2_run3,1995000,1779289476.788189
approach2_run3,1996000,1779289476.792237
approach2_run3,1997000,1779289476.917910
approach2_run3,1998000,1779289476.963011
approach2_run3,1999000,1779289477.049067
approach2_run3,2000000,1779289477.095517
approach2_run3,2001000,1779289477.219647
approach2_run3,2002000,1779289477.255199
approach2_run3,2003000,1779289477.341047
approach2_run3,2004000,1779289477.434211
approach2_run3,2005000,1779289477.521558
approach2_run3,2006000,1779289477.550407
approach2_run3,2007000,1779289477.645805
approach2_run3,2008000,1779289477.698586
approach2_run3,2009000,1779289477.819887
approach2_run3,2010000,1779289477.823226
approach2_run3,2011000,1779289477.910488
approach2_run3,2012000,1779289478.019317
approach2_run3,2013000,1779289478.105601
approach2_run3,2014000,1779289478.198155
approach2_run3,2015000,1779289478.213291
approach2_run3,2016000,1779289478.320498
approach2_run3,2017000,1779289478.408181
approach2_run3,2018000,1779289478.494308
approach2_run3,2019000,1779289478.552538
approach2_run3,2020000,1779289478.639651
approach2_run3,2021000,1779289478.677651
approach2_run3,2022000,1779289478.764091
approach2_run3,2023000,1779289478.816970
approach2_run3,2024000,1779289478.903383
approach2_run3,2025000,1779289478.963238
approach2_run3,2026000,1779289479.049562
approach2_run3,2027000,1779289479.143187
approach2_run3,2028000,1779289479.242873
approach2_run3,2029000,1779289479.267079
approach2_run3,2030000,1779289479.354002
approach2_run3,2031000,1779289479.420013
approach2_run3,2032000,1779289479.534547
approach2_run3,2033000,1779289479.543951
approach2_run3,2034000,1779289479.669838
approach2_run3,2035000,1779289479.764764
approach2_run3,2036000,1779289479.795692
approach2_run3,2037000,1779289479.907317
approach2_run3,2038000,1779289479.939155
approach2_run3,2039000,1779289480.057902
approach2_run3,2040000,1779289480.123271
approach2_run3,2041000,1779289480.211422
approach2_run3,2042000,1779289480.281883
approach2_run3,2043000,1779289480.368622
approach2_run3,2044000,1779289480.394158
approach2_run3,2045000,1779289480.480160
approach2_run3,2046000,1779289480.567359
approach2_run3,2047000,1779289480.653798
approach2_run3,2048000,1779289480.701104
approach2_run3,2049000,1779289480.790384
approach2_run3,2050000,1779289480.852783
approach2_run3,2051000,1779289480.944504
approach2_run3,2052000,1779289480.971691
approach2_run3,2053000,1779289481.089429
approach2_run3,2054000,1779289481.157301
approach2_run3,2055000,1779289481.244197
approach2_run3,2056000,1779289481.306642
approach2_run3,2057000,1779289481.400441
approach2_run3,2058000,1779289481.486920
approach2_run3,2059000,1779289481.512192
approach2_run3,2060000,1779289481.598136
approach2_run3,2061000,1779289481.692756
approach2_run3,2062000,1779289481.797390
approach2_run3,2063000,1779289481.818949
approach2_run3,2064000,1779289481.908013
approach2_run3,2065000,1779289481.975790
approach2_run3,2066000,1779289482.090087
approach2_run3,2067000,1779289482.099160
approach2_run3,2068000,1779289482.207247
approach2_run3,2069000,1779289482.285128
approach2_run3,2070000,1779289482.371016
approach2_run3,2071000,1779289482.424112
approach2_run3,2072000,1779289482.519083
approach2_run3,2073000,1779289482.569991
approach2_run3,2074000,1779289482.656033
approach2_run3,2075000,1779289482.723765
approach2_run3,2076000,1779289482.811040
approach2_run3,2077000,1779289482.834254
approach2_run3,2078000,1779289482.957409
approach2_run3,2079000,1779289483.043529
approach2_run3,2080000,1779289483.123469
approach2_run3,2081000,1779289483.229137
approach2_run3,2082000,1779289483.239289
approach2_run3,2083000,1779289483.326282
approach2_run3,2084000,1779289483.427983
approach2_run3,2085000,1779289483.514101
approach2_run3,2086000,1779289483.541618
approach2_run3,2087000,1779289483.637703
approach2_run3,2088000,1779289483.691819
approach2_run3,2089000,1779289483.815841
approach2_run3,2090000,1779289483.842629
approach2_run3,2091000,1779289483.930057
approach2_run3,2092000,1779289484.001737
approach2_run3,2093000,1779289484.088507
approach2_run3,2094000,1779289484.144241
approach2_run3,2095000,1779289484.241075
approach2_run3,2096000,1779289484.287166
approach2_run3,2097000,1779289484.373323
approach2_run3,2098000,1779289484.446947
approach2_run3,2099000,1779289484.549868
approach2_run3,2100000,1779289484.571709
approach2_run3,2101000,1779289484.674394
approach2_run3,2102000,1779289484.760583
approach2_run3,2103000,1779289484.847932
approach2_run3,2104000,1779289484.945866
approach2_run3,2105000,1779289484.960940
approach2_run3,2106000,1779289485.085336
approach2_run3,2107000,1779289485.145306
approach2_run3,2108000,1779289485.231904
approach2_run3,2109000,1779289485.262380
approach2_run3,2110000,1779289485.358177
approach2_run3,2111000,1779289485.408897
approach2_run3,2112000,1779289485.532786
approach2_run3,2113000,1779289485.600978
approach2_run3,2114000,1779289485.688462
approach2_run3,2115000,1779289485.706339
approach2_run3,2116000,1779289485.804710
approach2_run3,2117000,1779289485.870907
approach2_run3,2118000,1779289485.960373
approach2_run3,2119000,1779289486.003201
approach2_run3,2120000,1779289486.089983
approach2_run3,2121000,1779289486.177508
approach2_run3,2122000,1779289486.268036
approach2_run3,2123000,1779289486.290932
approach2_run3,2124000,1779289486.391248
approach2_run3,2125000,1779289486.478622
approach2_run3,2126000,1779289486.565873
approach2_run3,2127000,1779289486.662463
approach2_run3,2128000,1779289486.718028
approach2_run3,2129000,1779289486.805128
approach2_run3,2130000,1779289486.861699
approach2_run3,2131000,1779289486.947644
approach2_run3,2132000,1779289486.986782
approach2_run3,2133000,1779289487.076399
approach2_run3,2134000,1779289487.121581
approach2_run3,2135000,1779289487.250070
approach2_run3,2136000,1779289487.320805
approach2_run3,2137000,1779289487.416416
approach2_run3,2138000,1779289487.424870
approach2_run3,2139000,1779289487.520804
approach2_run3,2140000,1779289487.591537
approach2_run3,2141000,1779289487.710105
approach2_run3,2142000,1779289487.721118
approach2_run3,2143000,1779289487.835953
approach2_run3,2144000,1779289487.894170
approach2_run3,2145000,1779289487.980015
approach2_run3,2146000,1779289488.070861
approach2_run3,2147000,1779289488.106801
approach2_run3,2148000,1779289488.195675
approach2_run3,2149000,1779289488.283285
approach2_run3,2150000,1779289488.370034
approach2_run3,2151000,1779289488.439479
approach2_run3,2152000,1779289488.534751
approach2_run3,2153000,1779289488.580203
approach2_run3,2154000,1779289488.666723
approach2_run3,2155000,1779289488.709984
approach2_run3,2156000,1779289488.839892
approach2_run3,2157000,1779289488.866843
approach2_run3,2158000,1779289488.953945
approach2_run3,2159000,1779289489.049895
approach2_run3,2160000,1779289489.136641
approach2_run3,2161000,1779289489.141576
approach2_run3,2162000,1779289489.227666
approach2_run3,2163000,1779289489.315223
approach2_run3,2164000,1779289489.411091
approach2_run3,2165000,1779289489.470050
approach2_run3,2166000,1779289489.556505
approach2_run3,2167000,1779289489.612238
approach2_run3,2168000,1779289489.698469
approach2_run3,2169000,1779289489.784938
approach2_run3,2170000,1779289489.855601
approach2_run3,2171000,1779289489.983606
approach2_run3,2172000,1779289489.999410
approach2_run3,2173000,1779289490.085479
approach2_run3,2174000,1779289490.167455
approach2_run3,2175000,1779289490.254088
approach2_run3,2176000,1779289490.269091
approach2_run3,2177000,1779289490.383014
approach2_run3,2178000,1779289490.470185
approach2_run3,2179000,1779289490.556221
approach2_run3,2180000,1779289490.586715
approach2_run3,2181000,1779289490.681566
approach2_run3,2182000,1779289490.732592
approach2_run3,2183000,1779289490.856608
approach2_run3,2184000,1779289490.858211
approach2_run3,2185000,1779289490.975737
approach2_run3,2186000,1779289491.030798
approach2_run3,2187000,1779289491.127221
approach2_run3,2188000,1779289491.189334
approach2_run3,2189000,1779289491.284070
approach2_run3,2190000,1779289491.329032
approach2_run3,2191000,1779289491.415369
approach2_run3,2192000,1779289491.501168
approach2_run3,2193000,1779289491.591493
approach2_run3,2194000,1779289491.703668
approach2_run3,2195000,1779289491.715584
approach2_run3,2196000,1779289491.801688
approach2_run3,2197000,1779289491.887697
approach2_run3,2198000,1779289491.985861
approach2_run3,2199000,1779289492.007888
approach2_run3,2200000,1779289492.133117
approach2_run3,2201000,1779289492.187454
approach2_run3,2202000,1779289492.273746
approach2_run3,2203000,1779289492.316993
approach2_run3,2204000,1779289492.403086
approach2_run3,2205000,1779289492.448672
approach2_run3,2206000,1779289492.573497
approach2_run3,2207000,1779289492.649711
approach2_run3,2208000,1779289492.735978
approach2_run3,2209000,1779289492.748034
approach2_run3,2210000,1779289492.844563
approach2_run3,2211000,1779289492.919296
approach2_run3,2212000,1779289493.039455
approach2_run3,2213000,1779289493.045538
approach2_run3,2214000,1779289493.164393
approach2_run3,2215000,1779289493.250775
approach2_run3,2216000,1779289493.306292
approach2_run3,2217000,1779289493.393220
approach2_run3,2218000,1779289493.434412
approach2_run3,2219000,1779289493.554918
approach2_run3,2220000,1779289493.604637
approach2_run3,2221000,1779289493.691277
approach2_run3,2222000,1779289493.767711
approach2_run3,2223000,1779289493.853861
approach2_run3,2224000,1779289493.902465
approach2_run3,2225000,1779289493.989488
approach2_run3,2226000,1779289494.071215
approach2_run3,2227000,1779289494.164237
approach2_run3,2228000,1779289494.198721
approach2_run3,2229000,1779289494.285041
approach2_run3,2230000,1779289494.372164
approach2_run3,2231000,1779289494.463014
approach2_run3,2232000,1779289494.465103
approach2_run3,2233000,1779289494.587704
approach2_run3,2234000,1779289494.647633
approach2_run3,2235000,1779289494.733744
approach2_run3,2236000,1779289494.846657
approach2_run3,2237000,1779289494.889680
approach2_run3,2238000,1779289494.979120
approach2_run3,2239000,1779289495.022886
approach2_run3,2240000,1779289495.109084
approach2_run3,2241000,1779289495.196657
approach2_run3,2242000,1779289495.317964
approach2_run3,2243000,1779289495.321289
approach2_run3,2244000,1779289495.407699
approach2_run3,2245000,1779289495.495038
approach2_run3,2246000,1779289495.581564
approach2_run3,2247000,1779289495.591893
approach2_run3,2248000,1779289495.704440
approach2_run3,2249000,1779289495.792054
approach2_run3,2250000,1779289495.883682
approach2_run3,2251000,1779289495.920964
approach2_run3,2252000,1779289496.010930
approach2_run3,2253000,1779289496.094538
approach2_run3,2254000,1779289496.180752
approach2_run3,2255000,1779289496.220394
approach2_run3,2256000,1779289496.344910
approach2_run3,2257000,1779289496.354320
approach2_run3,2258000,1779289496.450014
approach2_run3,2259000,1779289496.536060
approach2_run3,2260000,1779289496.614698
approach2_run3,2261000,1779289496.734566
approach2_run3,2262000,1779289496.737142
approach2_run3,2263000,1779289496.828214
approach2_run3,2264000,1779289496.915423
approach2_run3,2265000,1779289497.037552
approach2_run3,2266000,1779289497.039387
approach2_run3,2267000,1779289497.126628
approach2_run3,2268000,1779289497.212381
approach2_run3,2269000,1779289497.298523
approach2_run3,2270000,1779289497.338619
approach2_run3,2271000,1779289497.461093
approach2_run3,2272000,1779289497.509945
approach2_run3,2273000,1779289497.596048
approach2_run3,2274000,1779289497.640073
approach2_run3,2275000,1779289497.729067
approach2_run3,2276000,1779289497.773618
approach2_run3,2277000,1779289497.897422
approach2_run3,2278000,1779289497.940847
approach2_run3,2279000,1779289498.068366
approach2_run3,2280000,1779289498.154634
approach2_run3,2281000,1779289498.167685
approach2_run3,2282000,1779289498.282298
approach2_run3,2283000,1779289498.369332
approach2_run3,2284000,1779289498.455871
approach2_run3,2285000,1779289498.460335
approach2_run3,2286000,1779289498.578929
approach2_run3,2287000,1779289498.633548
approach2_run3,2288000,1779289498.755949
approach2_run3,2289000,1779289498.758626
approach2_run3,2290000,1779289498.845388
approach2_run3,2291000,1779289498.929285
approach2_run3,2292000,1779289499.015300
approach2_run3,2293000,1779289499.095131
approach2_run3,2294000,1779289499.185720
approach2_run3,2295000,1779289499.228456
approach2_run3,2296000,1779289499.314799
approach2_run3,2297000,1779289499.360863
approach2_run3,2298000,1779289499.447814
approach2_run3,2299000,1779289499.492832
approach2_run3,2300000,1779289499.615149
approach2_run3,2301000,1779289499.701340
approach2_run3,2302000,1779289499.791014
approach2_run3,2303000,1779289499.877527
approach2_run3,2304000,1779289499.891607
approach2_run3,2305000,1779289500.004840
approach2_run3,2306000,1779289500.093300
approach2_run3,2307000,1779289500.179372
approach2_run3,2308000,1779289500.219578
approach2_run3,2309000,1779289500.306985
approach2_run3,2310000,1779289500.353672
approach2_run3,2311000,1779289500.476664
approach2_run3,2312000,1779289500.481497
approach2_run3,2313000,1779289500.609744
approach2_run3,2314000,1779289500.650992
approach2_run3,2315000,1779289500.737143
approach2_run3,2316000,1779289500.822767
approach2_run3,2317000,1779289500.909145
approach2_run3,2318000,1779289500.950607
approach2_run3,2319000,1779289501.036613
approach2_run3,2320000,1779289501.125551
approach2_run3,2321000,1779289501.213219
approach2_run3,2322000,1779289501.214936
approach2_run3,2323000,1779289501.335809
approach2_run3,2324000,1779289501.387234
approach2_run3,2325000,1779289501.508339
approach2_run3,2326000,1779289501.594484
approach2_run3,2327000,1779289501.598028
approach2_run3,2328000,1779289501.728343
approach2_run3,2329000,1779289501.808961
approach2_run3,2330000,1779289501.895421
approach2_run3,2331000,1779289501.938439
approach2_run3,2332000,1779289502.025616
approach2_run3,2333000,1779289502.069979
approach2_run3,2334000,1779289502.158083
approach2_run3,2335000,1779289502.241924
approach2_run3,2336000,1779289502.330533
approach2_run3,2337000,1779289502.366670
approach2_run3,2338000,1779289502.454249
approach2_run3,2339000,1779289502.541729
approach2_run3,2340000,1779289502.628383
approach2_run3,2341000,1779289502.667475
approach2_run3,2342000,1779289502.753818
approach2_run3,2343000,1779289502.841359
approach2_run3,2344000,1779289502.928171
approach2_run3,2345000,1779289502.968389
approach2_run3,2346000,1779289503.056624
approach2_run3,2347000,1779289503.103776
approach2_run3,2348000,1779289503.224698
approach2_run3,2349000,1779289503.312676
approach2_run3,2350000,1779289503.319929
approach2_run3,2351000,1779289503.446281
approach2_run3,2352000,1779289503.527231
approach2_run3,2353000,1779289503.613538
approach2_run3,2354000,1779289503.659194
approach2_run3,2355000,1779289503.745299
approach2_run3,2356000,1779289503.788217
approach2_run3,2357000,1779289503.874616
approach2_run3,2358000,1779289503.961831
approach2_run3,2359000,1779289504.082769
approach2_run3,2360000,1779289504.085844
approach2_run3,2361000,1779289504.173987
approach2_run3,2362000,1779289504.258455
approach2_run3,2363000,1779289504.348755
approach2_run3,2364000,1779289504.358565
approach2_run3,2365000,1779289504.477188
approach2_run3,2366000,1779289504.558917
approach2_run3,2367000,1779289504.645769
approach2_run3,2368000,1779289504.687937
approach2_run3,2369000,1779289504.776514
approach2_run3,2370000,1779289504.864082
approach2_run3,2371000,1779289504.942240
approach2_run3,2372000,1779289505.028761
approach2_run3,2373000,1779289505.110128
approach2_run3,2374000,1779289505.202299
approach2_run3,2375000,1779289505.204139
approach2_run3,2376000,1779289505.301954
approach2_run3,2377000,1779289505.379540
approach2_run3,2378000,1779289505.469821
approach2_run3,2379000,1779289505.504210
approach2_run3,2380000,1779289505.595721
approach2_run3,2381000,1779289505.680337
approach2_run3,2382000,1779289505.766153
approach2_run3,2383000,1779289505.806481
approach2_run3,2384000,1779289505.894845
approach2_run3,2385000,1779289505.974557
approach2_run3,2386000,1779289506.061634
approach2_run3,2387000,1779289506.111326
approach2_run3,2388000,1779289506.227649
approach2_run3,2389000,1779289506.249098
approach2_run3,2390000,1779289506.360864
approach2_run3,2391000,1779289506.411072
approach2_run3,2392000,1779289506.497779
approach2_run3,2393000,1779289506.625757
approach2_run3,2394000,1779289506.627619
approach2_run3,2395000,1779289506.745092
approach2_run3,2396000,1779289506.832808
approach2_run3,2397000,1779289506.919101
approach2_run3,2398000,1779289506.923947
approach2_run3,2399000,1779289507.020709
approach2_run3,2400000,1779289507.100244
approach2_run3,2401000,1779289507.218904
approach2_run3,2402000,1779289507.228771
approach2_run3,2403000,1779289507.345822
approach2_run3,2404000,1779289507.398386
approach2_run3,2405000,1779289507.484932
approach2_run3,2406000,1779289507.526634
approach2_run3,2407000,1779289507.615622
approach2_run3,2408000,1779289507.691694
approach2_run3,2409000,1779289507.781114
approach2_run3,2410000,1779289507.865043
approach2_run3,2411000,1779289507.956893
approach2_run3,2412000,1779289507.973734
approach2_run3,2413000,1779289508.078189
approach2_run3,2414000,1779289508.164614
approach2_run3,2415000,1779289508.223532
approach2_run3,2416000,1779289508.342852
approach2_run3,2417000,1779289508.345799
approach2_run3,2418000,1779289508.465825
approach2_run3,2419000,1779289508.553525
approach2_run3,2420000,1779289508.639516
approach2_run3,2421000,1779289508.648552
approach2_run3,2422000,1779289508.737902
approach2_run3,2423000,1779289508.829103
approach2_run3,2424000,1779289508.917905
approach2_run3,2425000,1779289508.980859
approach2_run3,2426000,1779289509.068192
approach2_run3,2427000,1779289509.114429
approach2_run3,2428000,1779289509.201472
approach2_run3,2429000,1779289509.252299
approach2_run3,2430000,1779289509.343433
approach2_run3,2431000,1779289509.411836
approach2_run3,2432000,1779289509.497845
approach2_run3,2433000,1779289509.583797
approach2_run3,2434000,1779289509.674667
approach2_run3,2435000,1779289509.690380
approach2_run3,2436000,1779289509.776663
approach2_run3,2437000,1779289509.879853
approach2_run3,2438000,1779289509.972624
approach2_run3,2439000,1779289510.060105
approach2_run3,2440000,1779289510.098251
approach2_run3,2441000,1779289510.184882
approach2_run3,2442000,1779289510.269446
approach2_run3,2443000,1779289510.356349
approach2_run3,2444000,1779289510.368482
approach2_run3,2445000,1779289510.459440
approach2_run3,2446000,1779289510.548168
approach2_run3,2447000,1779289510.634054
approach2_run3,2448000,1779289510.700797
approach2_run3,2449000,1779289510.791534
approach2_run3,2450000,1779289510.830951
approach2_run3,2451000,1779289510.917808
approach2_run3,2452000,1779289510.975520
approach2_run3,2453000,1779289511.091445
approach2_run3,2454000,1779289511.097924
approach2_run3,2455000,1779289511.216345
approach2_run3,2456000,1779289511.302886
approach2_run3,2457000,1779289511.397178
approach2_run3,2458000,1779289511.484884
approach2_run3,2459000,1779289511.512187
approach2_run3,2460000,1779289511.608895
approach2_run3,2461000,1779289511.685288
approach2_run3,2462000,1779289511.775335
approach2_run3,2463000,1779289511.821545
approach2_run3,2464000,1779289511.910641
approach2_run3,2465000,1779289511.950839
approach2_run3,2466000,1779289512.036918
approach2_run3,2467000,1779289512.124796
approach2_run3,2468000,1779289512.216087
approach2_run3,2469000,1779289512.265622
approach2_run3,2470000,1779289512.351480
approach2_run3,2471000,1779289512.426459
approach2_run3,2472000,1779289512.513104
approach2_run3,2473000,1779289512.544736
approach2_run3,2474000,1779289512.633380
approach2_run3,2475000,1779289512.722983
approach2_run3,2476000,1779289512.808810
approach2_run3,2477000,1779289512.849796
approach2_run3,2478000,1779289512.941257
approach2_run3,2479000,1779289513.028280
approach2_run3,2480000,1779289513.105657
approach2_run3,2481000,1779289513.208488
approach2_run3,2482000,1779289513.247252
approach2_run3,2483000,1779289513.364523
approach2_run3,2484000,1779289513.403548
approach2_run3,2485000,1779289513.493986
approach2_run3,2486000,1779289513.544544
approach2_run3,2487000,1779289513.632363
approach2_run3,2488000,1779289513.668007
approach2_run3,2489000,1779289513.754070
approach2_run3,2490000,1779289513.878286
approach2_run3,2491000,1779289513.964758
approach2_run3,2492000,1779289513.968515
approach2_run3,2493000,1779289514.067569
approach2_run3,2494000,1779289514.147883
approach2_run3,2495000,1779289514.235665
approach2_run3,2496000,1779289514.261749
approach2_run3,2497000,1779289514.395735
approach2_run3,2498000,1779289514.440020
approach2_run3,2499000,1779289514.526645
approach2_run3,2500000,1779289514.572431
approach2_run3,2501000,1779289514.662668
approach2_run3,2502000,1779289514.750582
approach2_run3,2503000,1779289514.822742
approach2_run3,2504000,1779289514.925848
approach2_run3,2505000,1779289514.998919
approach2_run3,2506000,1779289515.085983
approach2_run3,2507000,1779289515.120702
approach2_run3,2508000,1779289515.206805
approach2_run3,2509000,1779289515.266932
approach2_run3,2510000,1779289515.354407
approach2_run3,2511000,1779289515.384806
approach2_run3,2512000,1779289515.512828
approach2_run3,2513000,1779289515.561904
approach2_run3,2514000,1779289515.682144
approach2_run3,2515000,1779289515.690109
approach2_run3,2516000,1779289515.779615
approach2_run3,2517000,1779289515.857029
approach2_run3,2518000,1779289515.959044
approach2_run3,2519000,1779289515.980685
approach2_run3,2520000,1779289516.115568
approach2_run3,2521000,1779289516.154544
approach2_run3,2522000,1779289516.241081
approach2_run3,2523000,1779289516.327392
approach2_run3,2524000,1779289516.384901
approach2_run3,2525000,1779289516.475116
approach2_run3,2526000,1779289516.506255
approach2_run3,2527000,1779289516.627223
approach2_run3,2528000,1779289516.716372
approach2_run3,2529000,1779289516.807736
approach2_run3,2530000,1779289516.818146
approach2_run3,2531000,1779289516.924367
approach2_run3,2532000,1779289516.987940
approach2_run3,2533000,1779289517.077605
approach2_run3,2534000,1779289517.106329
approach2_run3,2535000,1779289517.201109
approach2_run3,2536000,1779289517.279249
approach2_run3,2537000,1779289517.365118
approach2_run3,2538000,1779289517.410372
approach2_run3,2539000,1779289517.500330
approach2_run3,2540000,1779289517.575336
approach2_run3,2541000,1779289517.679945
approach2_run3,2542000,1779289517.697767
approach2_run3,2543000,1779289517.835640
approach2_run3,2544000,1779289517.872835
approach2_run3,2545000,1779289517.964587
approach2_run3,2546000,1779289518.050579
approach2_run3,2547000,1779289518.104764
approach2_run3,2548000,1779289518.194168
approach2_run3,2549000,1779289518.224353
approach2_run3,2550000,1779289518.348390
approach2_run3,2551000,1779289518.434276
approach2_run3,2552000,1779289518.527975
approach2_run3,2553000,1779289518.535081
approach2_run3,2554000,1779289518.643012
approach2_run3,2555000,1779289518.707640
approach2_run3,2556000,1779289518.817122
approach2_run3,2557000,1779289518.864601
approach2_run3,2558000,1779289518.950980
approach2_run3,2559000,1779289518.997258
approach2_run3,2560000,1779289519.084084
approach2_run3,2561000,1779289519.133240
approach2_run3,2562000,1779289519.221164
approach2_run3,2563000,1779289519.295133
approach2_run3,2564000,1779289519.381190
approach2_run3,2565000,1779289519.468470
approach2_run3,2566000,1779289519.556669
approach2_run3,2567000,1779289519.643498
approach2_run3,2568000,1779289519.678277
approach2_run3,2569000,1779289519.771115
approach2_run3,2570000,1779289519.829101
approach2_run3,2571000,1779289519.944902
approach2_run3,2572000,1779289519.984241
approach2_run3,2573000,1779289520.073644
approach2_run3,2574000,1779289520.119511
approach2_run3,2575000,1779289520.239181
approach2_run3,2576000,1779289520.253137
approach2_run3,2577000,1779289520.344922
approach2_run3,2578000,1779289520.451008
approach2_run3,2579000,1779289520.537693
approach2_run3,2580000,1779289520.588115
approach2_run3,2581000,1779289520.676230
approach2_run3,2582000,1779289520.716895
approach2_run3,2583000,1779289520.804601
approach2_run3,2584000,1779289520.860682
approach2_run3,2585000,1779289520.947636
approach2_run3,2586000,1779289520.978006
approach2_run3,2587000,1779289521.102453
approach2_run3,2588000,1779289521.190170
approach2_run3,2589000,1779289521.278156
approach2_run3,2590000,1779289521.370336
approach2_run3,2591000,1779289521.395751
approach2_run3,2592000,1779289521.481457
approach2_run3,2593000,1779289521.569235
approach2_run3,2594000,1779289521.659989
approach2_run3,2595000,1779289521.705995
approach2_run3,2596000,1779289521.793316
approach2_run3,2597000,1779289521.837161
approach2_run3,2598000,1779289521.956173
approach2_run3,2599000,1779289521.978128
approach2_run3,2600000,1779289522.099273
approach2_run3,2601000,1779289522.132436
approach2_run3,2602000,1779289522.262523
approach2_run3,2603000,1779289522.309006
approach2_run3,2604000,1779289522.397392
approach2_run3,2605000,1779289522.441083
approach2_run3,2606000,1779289522.527810
approach2_run3,2607000,1779289522.582378
approach2_run3,2608000,1779289522.701142
approach2_run3,2609000,1779289522.787112
approach2_run3,2610000,1779289522.822817
approach2_run3,2611000,1779289522.909987
approach2_run3,2612000,1779289522.988669
approach2_run3,2613000,1779289523.090865
approach2_run3,2614000,1779289523.097218
approach2_run3,2615000,1779289523.217721
approach2_run3,2616000,1779289523.299676
approach2_run3,2617000,1779289523.386451
approach2_run3,2618000,1779289523.425970
approach2_run3,2619000,1779289523.514908
approach2_run3,2620000,1779289523.563377
approach2_run3,2621000,1779289523.650504
approach2_run3,2622000,1779289523.699383
approach2_run3,2623000,1779289523.846664
approach2_run3,2624000,1779289523.854160
approach2_run3,2625000,1779289523.940951
approach2_run3,2626000,1779289524.029347
approach2_run3,2627000,1779289524.121710
approach2_run3,2628000,1779289524.155976
approach2_run3,2629000,1779289524.247868
approach2_run3,2630000,1779289524.371006
approach2_run3,2631000,1779289524.423822
approach2_run3,2632000,1779289524.510257
approach2_run3,2633000,1779289524.546225
approach2_run3,2634000,1779289524.635739
approach2_run3,2635000,1779289524.683991
approach2_run3,2636000,1779289524.795322
approach2_run3,2637000,1779289524.887145
approach2_run3,2638000,1779289524.974361
approach2_run3,2639000,1779289525.013239
approach2_run3,2640000,1779289525.107021
approach2_run3,2641000,1779289525.149057
approach2_run3,2642000,1779289525.237895
approach2_run3,2643000,1779289525.282603
approach2_run3,2644000,1779289525.371004
approach2_run3,2645000,1779289525.456238
approach2_run3,2646000,1779289525.566088
approach2_run3,2647000,1779289525.577427
approach2_run3,2648000,1779289525.664677
approach2_run3,2649000,1779289525.740900
approach2_run3,2650000,1779289525.842126
approach2_run3,2651000,1779289525.955158
approach2_run3,2652000,1779289526.005708
approach2_run3,2653000,1779289526.092343
approach2_run3,2654000,1779289526.139717
approach2_run3,2655000,1779289526.227663
approach2_run3,2656000,1779289526.269917
approach2_run3,2657000,1779289526.364977
approach2_run3,2658000,1779289526.407330
approach2_run3,2659000,1779289526.514362
approach2_run3,2660000,1779289526.601541
approach2_run3,2661000,1779289526.698608
approach2_run3,2662000,1779289526.705342
approach2_run3,2663000,1779289526.816716
approach2_run3,2664000,1779289526.885982
approach2_run3,2665000,1779289526.973103
approach2_run3,2666000,1779289527.001659
approach2_run3,2667000,1779289527.126067
approach2_run3,2668000,1779289527.176710
approach2_run3,2669000,1779289527.265529
approach2_run3,2670000,1779289527.303057
approach2_run3,2671000,1779289527.390153
approach2_run3,2672000,1779289527.487229
approach2_run3,2673000,1779289527.548656
approach2_run3,2674000,1779289527.649670
approach2_run3,2675000,1779289527.730225
approach2_run3,2676000,1779289527.816632
approach2_run3,2677000,1779289527.860889
approach2_run3,2678000,1779289527.947654
approach2_run3,2679000,1779289528.001471
approach2_run3,2680000,1779289528.090271
approach2_run3,2681000,1779289528.125015
approach2_run3,2682000,1779289528.242471
approach2_run3,2683000,1779289528.320225
approach2_run3,2684000,1779289528.407706
approach2_run3,2685000,1779289528.420230
approach2_run3,2686000,1779289528.510484
approach2_run3,2687000,1779289528.596156
approach2_run3,2688000,1779289528.707776
approach2_run3,2689000,1779289528.728585
approach2_run3,2690000,1779289528.848700
approach2_run3,2691000,1779289528.893923
approach2_run3,2692000,1779289528.980264
approach2_run3,2693000,1779289529.069352
approach2_run3,2694000,1779289529.118838
approach2_run3,2695000,1779289529.208072
approach2_run3,2696000,1779289529.264010
approach2_run3,2697000,1779289529.363405
approach2_run3,2698000,1779289529.452165
approach2_run3,2699000,1779289529.540653
approach2_run3,2700000,1779289529.567015
approach2_run3,2701000,1779289529.652982
approach2_run3,2702000,1779289529.723448
approach2_run3,2703000,1779289529.837482
approach2_run3,2704000,1779289529.846014
approach2_run3,2705000,1779289529.965665
approach2_run3,2706000,1779289530.014213
approach2_run3,2707000,1779289530.122243
approach2_run3,2708000,1779289530.143322
approach2_run3,2709000,1779289530.238991
approach2_run3,2710000,1779289530.298295
approach2_run3,2711000,1779289530.425154
approach2_run3,2712000,1779289530.481241
approach2_run3,2713000,1779289530.568206
approach2_run3,2714000,1779289530.657918
approach2_run3,2715000,1779289530.696985
approach2_run3,2716000,1779289530.784357
approach2_run3,2717000,1779289530.872702
approach2_run3,2718000,1779289530.959633
approach2_run3,2719000,1779289530.964694
approach2_run3,2720000,1779289531.082439
approach2_run3,2721000,1779289531.156164
approach2_run3,2722000,1779289531.244395
approach2_run3,2723000,1779289531.267880
approach2_run3,2724000,1779289531.370536
approach2_run3,2725000,1779289531.469130
approach2_run3,2726000,1779289531.555070
approach2_run3,2727000,1779289531.598017
approach2_run3,2728000,1779289531.685371
approach2_run3,2729000,1779289531.729583
approach2_run3,2730000,1779289531.817049
approach2_run3,2731000,1779289531.870620
approach2_run3,2732000,1779289531.993109
approach2_run3,2733000,1779289532.015727
approach2_run3,2734000,1779289532.112173
approach2_run3,2735000,1779289532.204393
approach2_run3,2736000,1779289532.291021
approach2_run3,2737000,1779289532.385623
approach2_run3,2738000,1779289532.413733
approach2_run3,2739000,1779289532.500935
approach2_run3,2740000,1779289532.588404
approach2_run3,2741000,1779289532.674740
approach2_run3,2742000,1779289532.716883
approach2_run3,2743000,1779289532.805916
approach2_run3,2744000,1779289532.872827
approach2_run3,2745000,1779289532.960967
approach2_run3,2746000,1779289532.992294
approach2_run3,2747000,1779289533.109780
approach2_run3,2748000,1779289533.150478
approach2_run3,2749000,1779289533.270931
approach2_run3,2750000,1779289533.321348
approach2_run3,2751000,1779289533.418069
approach2_run3,2752000,1779289533.447766
approach2_run3,2753000,1779289533.534111
approach2_run3,2754000,1779289533.621699
approach2_run3,2755000,1779289533.731061
approach2_run3,2756000,1779289533.819098
approach2_run3,2757000,1779289533.834775
approach2_run3,2758000,1779289533.933348
approach2_run3,2759000,1779289533.994063
approach2_run3,2760000,1779289534.093355
approach2_run3,2761000,1779289534.141375
approach2_run3,2762000,1779289534.261067
approach2_run3,2763000,1779289534.304022
approach2_run3,2764000,1779289534.391954
approach2_run3,2765000,1779289534.437718
approach2_run3,2766000,1779289534.536094
approach2_run3,2767000,1779289534.567281
approach2_run3,2768000,1779289534.678036
approach2_run3,2769000,1779289534.767055
approach2_run3,2770000,1779289534.853115
approach2_run3,2771000,1779289534.865556
approach2_run3,2772000,1779289534.953417
approach2_run3,2773000,1779289535.051477
approach2_run3,2774000,1779289535.139201
approach2_run3,2775000,1779289535.162844
approach2_run3,2776000,1779289535.257906
approach2_run3,2777000,1779289535.379652
approach2_run3,2778000,1779289535.425512
approach2_run3,2779000,1779289535.537760
approach2_run3,2780000,1779289535.555583
approach2_run3,2781000,1779289535.653686
approach2_run3,2782000,1779289535.712134
approach2_run3,2783000,1779289535.809810
approach2_run3,2784000,1779289535.894658
approach2_run3,2785000,1779289535.983232
approach2_run3,2786000,1779289536.020787
approach2_run3,2787000,1779289536.107410
approach2_run3,2788000,1779289536.169080
approach2_run3,2789000,1779289536.257886
approach2_run3,2790000,1779289536.282367
approach2_run3,2791000,1779289536.409642
approach2_run3,2792000,1779289536.484114
approach2_run3,2793000,1779289536.570625
approach2_run3,2794000,1779289536.586854
approach2_run3,2795000,1779289536.684520
approach2_run3,2796000,1779289536.771672
approach2_run3,2797000,1779289536.861797
approach2_run3,2798000,1779289536.966282
approach2_run3,2799000,1779289537.012929
approach2_run3,2800000,1779289537.101225
approach2_run3,2801000,1779289537.141141
approach2_run3,2802000,1779289537.228438
approach2_run3,2803000,1779289537.288417
approach2_run3,2804000,1779289537.375845
approach2_run3,2805000,1779289537.428312
approach2_run3,2806000,1779289537.515221
approach2_run3,2807000,1779289537.615752
approach2_run3,2808000,1779289537.704855
approach2_run3,2809000,1779289537.715248
approach2_run3,2810000,1779289537.824441
approach2_run3,2811000,1779289537.891528
approach2_run3,2812000,1779289537.979321
approach2_run3,2813000,1779289537.999908
approach2_run3,2814000,1779289538.141255
approach2_run3,2815000,1779289538.188076
approach2_run3,2816000,1779289538.297151
approach2_run3,2817000,1779289538.383264
approach2_run3,2818000,1779289538.415017
approach2_run3,2819000,1779289538.502641
approach2_run3,2820000,1779289538.571069
approach2_run3,2821000,1779289538.660233
approach2_run3,2822000,1779289538.744226
approach2_run3,2823000,1779289538.834028
approach2_run3,2824000,1779289538.867646
approach2_run3,2825000,1779289538.954328
approach2_run3,2826000,1779289539.020543
approach2_run3,2827000,1779289539.106868
approach2_run3,2828000,1779289539.132126
approach2_run3,2829000,1779289539.254266
approach2_run3,2830000,1779289539.330415
approach2_run3,2831000,1779289539.430580
approach2_run3,2832000,1779289539.445579
approach2_run3,2833000,1779289539.533883
approach2_run3,2834000,1779289539.609241
approach2_run3,2835000,1779289539.709395
approach2_run3,2836000,1779289539.726418
approach2_run3,2837000,1779289539.862038
approach2_run3,2838000,1779289539.958219
approach2_run3,2839000,1779289539.987310
approach2_run3,2840000,1779289540.075757
approach2_run3,2841000,1779289540.138267
approach2_run3,2842000,1779289540.225702
approach2_run3,2843000,1779289540.273889
approach2_run3,2844000,1779289540.377851
approach2_run3,2845000,1779289540.473917
approach2_run3,2846000,1779289540.569721
approach2_run3,2847000,1779289540.585786
approach2_run3,2848000,1779289540.673600
approach2_run3,2849000,1779289540.746524
approach2_run3,2850000,1779289540.848660
approach2_run3,2851000,1779289540.878403
approach2_run3,2852000,1779289540.985913
approach2_run3,2853000,1779289541.025466
approach2_run3,2854000,1779289541.136214
approach2_run3,2855000,1779289541.173683
approach2_run3,2856000,1779289541.261318
approach2_run3,2857000,1779289541.333882
approach2_run3,2858000,1779289541.421279
approach2_run3,2859000,1779289541.533332
approach2_run3,2860000,1779289541.590837
approach2_run3,2861000,1779289541.685756
approach2_run3,2862000,1779289541.707488
approach2_run3,2863000,1779289541.794072
approach2_run3,2864000,1779289541.865192
approach2_run3,2865000,1779289541.951833
approach2_run3,2866000,1779289541.995703
approach2_run3,2867000,1779289542.103107
approach2_run3,2868000,1779289542.181471
approach2_run3,2869000,1779289542.278321
approach2_run3,2870000,1779289542.291955
approach2_run3,2871000,1779289542.390644
approach2_run3,2872000,1779289542.468385
approach2_run3,2873000,1779289542.554701
approach2_run3,2874000,1779289542.567192
approach2_run3,2875000,1779289542.706655
approach2_run3,2876000,1779289542.741168
approach2_run3,2877000,1779289542.854906
approach2_run3,2878000,1779289542.894436
approach2_run3,2879000,1779289542.983877
approach2_run3,2880000,1779289543.070481
approach2_run3,2881000,1779289543.126769
approach2_run3,2882000,1779289543.223117
approach2_run3,2883000,1779289543.313756
approach2_run3,2884000,1779289543.408125
approach2_run3,2885000,1779289543.422694
approach2_run3,2886000,1779289543.510533
approach2_run3,2887000,1779289543.586903
approach2_run3,2888000,1779289543.673697
approach2_run3,2889000,1779289543.685055
approach2_run3,2890000,1779289543.822402
approach2_run3,2891000,1779289543.897273
approach2_run3,2892000,1779289543.984018
approach2_run3,2893000,1779289544.013056
approach2_run3,2894000,1779289544.100431
approach2_run3,2895000,1779289544.167119
approach2_run3,2896000,1779289544.276316
approach2_run3,2897000,1779289544.279885
approach2_run3,2898000,1779289544.429294
approach2_run3,2899000,1779289544.456942
approach2_run3,2900000,1779289544.543269
approach2_run3,2901000,1779289544.629083
approach2_run3,2902000,1779289544.704832
approach2_run3,2903000,1779289544.792458
approach2_run3,2904000,1779289544.843065
approach2_run3,2905000,1779289544.928873
approach2_run3,2906000,1779289545.024316
approach2_run3,2907000,1779289545.126565
approach2_run3,2908000,1779289545.138244
approach2_run3,2909000,1779289545.225317
approach2_run3,2910000,1779289545.308166
approach2_run3,2911000,1779289545.395477
approach2_run3,2912000,1779289545.400963
approach2_run3,2913000,1779289545.543040
approach2_run3,2914000,1779289545.614803
approach2_run3,2915000,1779289545.700976
approach2_run3,2916000,1779289545.733504
approach2_run3,2917000,1779289545.823558
approach2_run3,2918000,1779289545.887567
approach2_run3,2919000,1779289545.997266
approach2_run3,2920000,1779289546.059937
approach2_run3,2921000,1779289546.151335
approach2_run3,2922000,1779289546.245559
approach2_run3,2923000,1779289546.259357
approach2_run3,2924000,1779289546.345725
approach2_run3,2925000,1779289546.427799
approach2_run3,2926000,1779289546.556125
approach2_run3,2927000,1779289546.559936
approach2_run3,2928000,1779289546.665313
approach2_run3,2929000,1779289546.748041
approach2_run3,2930000,1779289546.853997
approach2_run3,2931000,1779289546.856279
approach2_run3,2932000,1779289546.943753
approach2_run3,2933000,1779289547.030792
approach2_run3,2934000,1779289547.116814
approach2_run3,2935000,1779289547.178571
approach2_run3,2936000,1779289547.270157
approach2_run3,2937000,1779289547.332854
approach2_run3,2938000,1779289547.418875
approach2_run3,2939000,1779289547.459073
approach2_run3,2940000,1779289547.586393
approach2_run3,2941000,1779289547.592748
approach2_run3,2942000,1779289547.716432
approach2_run3,2943000,1779289547.802392
approach2_run3,2944000,1779289547.878107
approach2_run3,2945000,1779289547.973387
approach2_run3,2946000,1779289547.976188
approach2_run3,2947000,1779289548.101399
approach2_run3,2948000,1779289548.188799
approach2_run3,2949000,1779289548.277269
approach2_run3,2950000,1779289548.296192
approach2_run3,2951000,1779289548.383471
approach2_run3,2952000,1779289548.465281
approach2_run3,2953000,1779289548.574261
approach2_run3,2954000,1779289548.576968
approach2_run3,2955000,1779289548.703503
approach2_run3,2956000,1779289548.748575
approach2_run3,2957000,1779289548.834785
approach2_run3,2958000,1779289548.899154
approach2_run3,2959000,1779289548.992999
approach2_run3,2960000,1779289549.041033
approach2_run3,2961000,1779289549.136147
approach2_run3,2962000,1779289549.227593
approach2_run3,2963000,1779289549.323833
approach2_run3,2964000,1779289549.422433
approach2_run3,2965000,1779289549.426677
approach2_run3,2966000,1779289549.531245
approach2_run3,2967000,1779289549.612962
approach2_run3,2968000,1779289549.704551
approach2_run3,2969000,1779289549.706488
approach2_run3,2970000,1779289549.836124
approach2_run3,2971000,1779289549.911740
approach2_run3,2972000,1779289550.008232
approach2_run3,2973000,1779289550.029132
approach2_run3,2974000,1779289550.123676
approach2_run3,2975000,1779289550.184888
approach2_run3,2976000,1779289550.280736
approach2_run3,2977000,1779289550.350914
approach2_run3,2978000,1779289550.457939
approach2_run3,2979000,1779289550.476786
approach2_run3,2980000,1779289550.564622
approach2_run3,2981000,1779289550.637482
approach2_run3,2982000,1779289550.730045
approach2_run3,2983000,1779289550.822186
approach2_run3,2984000,1779289550.866822
approach2_run3,2985000,1779289550.972268
approach2_run3,2986000,1779289551.042433
approach2_run3,2987000,1779289551.129176
approach2_run3,2988000,1779289551.152127
approach2_run3,2989000,1779289551.242401
approach2_run3,2990000,1779289551.335270
approach2_run3,2991000,1779289551.421346
approach2_run3,2992000,1779289551.425758
approach2_run3,2993000,1779289551.577120
approach2_run3,2994000,1779289551.628395
approach2_run3,2995000,1779289551.725229
approach2_run3,2996000,1779289551.756059
approach2_run3,2997000,1779289551.847331
approach2_run3,2998000,1779289551.899242
approach2_run3,2999000,1779289551.985888
approach2_run3,3000000,1779289552.071795
approach2_run3,3001000,1779289552.180120
approach2_run3,3002000,1779289552.193235
approach2_run3,3003000,1779289552.279697
approach2_run3,3004000,1779289552.366965
approach2_run3,3005000,1779289552.451540
approach2_run3,3006000,1779289552.542328
approach2_run3,3007000,1779289552.584263
approach2_run3,3008000,1779289552.692813
approach2_run3,3009000,1779289552.757637
approach2_run3,3010000,1779289552.847076
approach2_run3,3011000,1779289552.877383
approach2_run3,3012000,1779289552.966330
approach2_run3,3013000,1779289553.052284
approach2_run3,3014000,1779289553.138482
approach2_run3,3015000,1779289553.188580
approach2_run3,3016000,1779289553.297787
approach2_run3,3017000,1779289553.312982
approach2_run3,3018000,1779289553.430804
approach2_run3,3019000,1779289553.480499
approach2_run3,3020000,1779289553.569542
approach2_run3,3021000,1779289553.616158
approach2_run3,3022000,1779289553.702157
approach2_run3,3023000,1779289553.790828
approach2_run3,3024000,1779289553.904205
approach2_run3,3025000,1779289553.994740
approach2_run3,3026000,1779289553.998978
approach2_run3,3027000,1779289554.085768
approach2_run3,3028000,1779289554.175919
approach2_run3,3029000,1779289554.290583
approach2_run3,3030000,1779289554.305832
approach2_run3,3031000,1779289554.414916
approach2_run3,3032000,1779289554.476551
approach2_run3,3033000,1779289554.562821
approach2_run3,3034000,1779289554.600205
approach2_run3,3035000,1779289554.688556
approach2_run3,3036000,1779289554.769693
approach2_run3,3037000,1779289554.855989
approach2_run3,3038000,1779289554.928881
approach2_run3,3039000,1779289555.022474
approach2_run3,3040000,1779289555.031072
approach2_run3,3041000,1779289555.156403
approach2_run3,3042000,1779289555.203609
approach2_run3,3043000,1779289555.293983
approach2_run3,3044000,1779289555.336611
approach2_run3,3045000,1779289555.423213
approach2_run3,3046000,1779289555.532841
approach2_run3,3047000,1779289555.628807
approach2_run3,3048000,1779289555.715858
approach2_run3,3049000,1779289555.718013
approach2_run3,3050000,1779289555.806037
approach2_run3,3051000,1779289555.889979
approach2_run3,3052000,1779289556.011689
approach2_run3,3053000,1779289556.047891
approach2_run3,3054000,1779289556.140004
approach2_run3,3055000,1779289556.187963
approach2_run3,3056000,1779289556.282056
approach2_run3,3057000,1779289556.321910
approach2_run3,3058000,1779289556.411814
approach2_run3,3059000,1779289556.487202
approach2_run3,3060000,1779289556.573851
approach2_run3,3061000,1779289556.650907
approach2_run3,3062000,1779289556.744423
approach2_run3,3063000,1779289556.749833
approach2_run3,3064000,1779289556.837466
approach2_run3,3065000,1779289556.925125
approach2_run3,3066000,1779289557.014384
approach2_run3,3067000,1779289557.139144
approach2_run3,3068000,1779289557.143804
approach2_run3,3069000,1779289557.254984
approach2_run3,3070000,1779289557.314285
approach2_run3,3071000,1779289557.401145
approach2_run3,3072000,1779289557.440757
approach2_run3,3073000,1779289557.529579
approach2_run3,3074000,1779289557.607333
approach2_run3,3075000,1779289557.729090
approach2_run3,3076000,1779289557.767013
approach2_run3,3077000,1779289557.860499
approach2_run3,3078000,1779289557.905560
approach2_run3,3079000,1779289557.992105
approach2_run3,3080000,1779289558.046657
approach2_run3,3081000,1779289558.136454
approach2_run3,3082000,1779289558.175178
approach2_run3,3083000,1779289558.286348
approach2_run3,3084000,1779289558.377448
approach2_run3,3085000,1779289558.472016
approach2_run3,3086000,1779289558.473725
approach2_run3,3087000,1779289558.590743
approach2_run3,3088000,1779289558.677147
approach2_run3,3089000,1779289558.765034
approach2_run3,3090000,1779289558.860675
approach2_run3,3091000,1779289558.892269
approach2_run3,3092000,1779289558.981391
approach2_run3,3093000,1779289559.036394
approach2_run3,3094000,1779289559.122445
approach2_run3,3095000,1779289559.166499
approach2_run3,3096000,1779289559.258797
approach2_run3,3097000,1779289559.329585
approach2_run3,3098000,1779289559.416133
approach2_run3,3099000,1779289559.497595
approach2_run3,3100000,1779289559.590260
approach2_run3,3101000,1779289559.623030
approach2_run3,3102000,1779289559.708944
approach2_run3,3103000,1779289559.774616
approach2_run3,3104000,1779289559.894068
approach2_run3,3105000,1779289559.899117
approach2_run3,3106000,1779289560.006423
approach2_run3,3107000,1779289560.104921
approach2_run3,3108000,1779289560.186716
approach2_run3,3109000,1779289560.273168
approach2_run3,3110000,1779289560.283864
approach2_run3,3111000,1779289560.413412
approach2_run3,3112000,1779289560.479609
approach2_run3,3113000,1779289560.567608
approach2_run3,3114000,1779289560.617774
approach2_run3,3115000,1779289560.710953
approach2_run3,3116000,1779289560.754387
approach2_run3,3117000,1779289560.841610
approach2_run3,3118000,1779289560.892586
approach2_run3,3119000,1779289561.018388
approach2_run3,3120000,1779289561.048433
approach2_run3,3121000,1779289561.135045
approach2_run3,3122000,1779289561.222344
approach2_run3,3123000,1779289561.309295
approach2_run3,3124000,1779289561.316634
approach2_run3,3125000,1779289561.424104
approach2_run3,3126000,1779289561.512720
approach2_run3,3127000,1779289561.601161
approach2_run3,3128000,1779289561.697743
approach2_run3,3129000,1779289561.743800
approach2_run3,3130000,1779289561.831114
approach2_run3,3131000,1779289561.907782
approach2_run3,3132000,1779289561.993821
approach2_run3,3133000,1779289562.011410
approach2_run3,3134000,1779289562.160716
approach2_run3,3135000,1779289562.168310
approach2_run3,3136000,1779289562.282876
approach2_run3,3137000,1779289562.347916
approach2_run3,3138000,1779289562.434551
approach2_run3,3139000,1779289562.458964
approach2_run3,3140000,1779289562.556836
approach2_run3,3141000,1779289562.643943
approach2_run3,3142000,1779289562.765682
approach2_run3,3143000,1779289562.767425
approach2_run3,3144000,1779289562.853940
approach2_run3,3145000,1779289562.940108
approach2_run3,3146000,1779289563.026201
approach2_run3,3147000,1779289563.037806
approach2_run3,3148000,1779289563.141111
approach2_run3,3149000,1779289563.280277
approach2_run3,3150000,1779289563.317734
approach2_run3,3151000,1779289563.415200
approach2_run3,3152000,1779289563.464723
approach2_run3,3153000,1779289563.551035
approach2_run3,3154000,1779289563.592443
approach2_run3,3155000,1779289563.709529
approach2_run3,3156000,1779289563.793885
approach2_run3,3157000,1779289563.882576
approach2_run3,3158000,1779289563.884367
approach2_run3,3159000,1779289563.999808
approach2_run3,3160000,1779289564.066895
approach2_run3,3161000,1779289564.153910
approach2_run3,3162000,1779289564.188866
approach2_run3,3163000,1779289564.283681
approach2_run3,3164000,1779289564.364841
approach2_run3,3165000,1779289564.450708
approach2_run3,3166000,1779289564.495222
approach2_run3,3167000,1779289564.581612
approach2_run3,3168000,1779289564.656002
approach2_run3,3169000,1779289564.742068
approach2_run3,3170000,1779289564.828065
approach2_run3,3171000,1779289564.910877
approach2_run3,3172000,1779289564.999273
approach2_run3,3173000,1779289565.035033
approach2_run3,3174000,1779289565.132739
approach2_run3,3175000,1779289565.184196
approach2_run3,3176000,1779289565.276286
approach2_run3,3177000,1779289565.311106
approach2_run3,3178000,1779289565.427162
approach2_run3,3179000,1779289565.514497
approach2_run3,3180000,1779289565.601111
approach2_run3,3181000,1779289565.611588
approach2_run3,3182000,1779289565.700258
approach2_run3,3183000,1779289565.774677
approach2_run3,3184000,1779289565.887896
approach2_run3,3185000,1779289565.942240
approach2_run3,3186000,1779289566.029190
approach2_run3,3187000,1779289566.081399
approach2_run3,3188000,1779289566.167463
approach2_run3,3189000,1779289566.215315
approach2_run3,3190000,1779289566.307349
approach2_run3,3191000,1779289566.432535
approach2_run3,3192000,1779289566.459513
approach2_run3,3193000,1779289566.545454
approach2_run3,3194000,1779289566.632113
approach2_run3,3195000,1779289566.718919
approach2_run3,3196000,1779289566.727767
approach2_run3,3197000,1779289566.836513
approach2_run3,3198000,1779289566.909561
approach2_run3,3199000,1779289567.024643
approach2_run3,3200000,1779289567.060204
approach2_run3,3201000,1779289567.146795
approach2_run3,3202000,1779289567.230545
approach2_run3,3203000,1779289567.317405
approach2_run3,3204000,1779289567.331734
approach2_run3,3205000,1779289567.423922
approach2_run3,3206000,1779289567.491825
approach2_run3,3207000,1779289567.577974
approach2_run3,3208000,1779289567.663521
approach2_run3,3209000,1779289567.751761
approach2_run3,3210000,1779289567.781431
approach2_run3,3211000,1779289567.882678
approach2_run3,3212000,1779289567.968740
approach2_run3,3213000,1779289568.066341
approach2_run3,3214000,1779289568.179579
approach2_run3,3215000,1779289568.181338
approach2_run3,3216000,1779289568.267583
approach2_run3,3217000,1779289568.353377
approach2_run3,3218000,1779289568.455232
approach2_run3,3219000,1779289568.465247
approach2_run3,3220000,1779289568.581648
approach2_run3,3221000,1779289568.639894
approach2_run3,3222000,1779289568.725842
approach2_run3,3223000,1779289568.783522
approach2_run3,3224000,1779289568.870147
approach2_run3,3225000,1779289568.916366
approach2_run3,3226000,1779289569.038414
approach2_run3,3227000,1779289569.059278
approach2_run3,3228000,1779289569.184269
approach2_run3,3229000,1779289569.238362
approach2_run3,3230000,1779289569.324403
approach2_run3,3231000,1779289569.388032
approach2_run3,3232000,1779289569.485015
approach2_run3,3233000,1779289569.574610
approach2_run3,3234000,1779289569.585440
approach2_run3,3235000,1779289569.700715
approach2_run3,3236000,1779289569.771685
approach2_run3,3237000,1779289569.860524
approach2_run3,3238000,1779289569.901519
approach2_run3,3239000,1779289570.010289
approach2_run3,3240000,1779289570.088743
approach2_run3,3241000,1779289570.183492
approach2_run3,3242000,1779289570.215851
approach2_run3,3243000,1779289570.303430
approach2_run3,3244000,1779289570.359185
approach2_run3,3245000,1779289570.445881
approach2_run3,3246000,1779289570.505660
approach2_run3,3247000,1779289570.601450
approach2_run3,3248000,1779289570.630268
approach2_run3,3249000,1779289570.716997
approach2_run3,3250000,1779289570.818891
approach2_run3,3251000,1779289570.931183
approach2_run3,3252000,1779289570.955522
approach2_run3,3253000,1779289571.042024
approach2_run3,3254000,1779289571.128068
approach2_run3,3255000,1779289571.205584
approach2_run3,3256000,1779289571.303967
approach2_run3,3257000,1779289571.332869
approach2_run3,3258000,1779289571.446791
approach2_run3,3259000,1779289571.488789
approach2_run3,3260000,1779289571.574962
approach2_run3,3261000,1779289571.625608
approach2_run3,3262000,1779289571.718307
approach2_run3,3263000,1779289571.786326
approach2_run3,3264000,1779289571.899276
approach2_run3,3265000,1779289571.935723
approach2_run3,3266000,1779289572.050714
approach2_run3,3267000,1779289572.073587
approach2_run3,3268000,1779289572.160087
approach2_run3,3269000,1779289572.228583
approach2_run3,3270000,1779289572.321864
approach2_run3,3271000,1779289572.345628
approach2_run3,3272000,1779289572.452258
approach2_run3,3273000,1779289572.558872
approach2_run3,3274000,1779289572.645064
approach2_run3,3275000,1779289572.742877
approach2_run3,3276000,1779289572.758333
approach2_run3,3277000,1779289572.844241
approach2_run3,3278000,1779289572.925444
approach2_run3,3279000,1779289573.019124
approach2_run3,3280000,1779289573.059495
approach2_run3,3281000,1779289573.185194
approach2_run3,3282000,1779289573.220539
approach2_run3,3283000,1779289573.326709
approach2_run3,3284000,1779289573.382707
approach2_run3,3285000,1779289573.485648
approach2_run3,3286000,1779289573.554041
approach2_run3,3287000,1779289573.640017
approach2_run3,3288000,1779289573.731815
approach2_run3,3289000,1779289573.820754
approach2_run3,3290000,1779289573.843370
approach2_run3,3291000,1779289573.929266
approach2_run3,3292000,1779289574.006308
approach2_run3,3293000,1779289574.095094
approach2_run3,3294000,1779289574.196129
approach2_run3,3295000,1779289574.247681
approach2_run3,3296000,1779289574.333769
approach2_run3,3297000,1779289574.381526
approach2_run3,3298000,1779289574.502321
approach2_run3,3299000,1779289574.516192
approach2_run3,3300000,1779289574.610056
approach2_run3,3301000,1779289574.697450
approach2_run3,3302000,1779289574.787995
approach2_run3,3303000,1779289574.850008
approach2_run3,3304000,1779289574.937351
approach2_run3,3305000,1779289574.963264
approach2_run3,3306000,1779289575.052379
approach2_run3,3307000,1779289575.119593
approach2_run3,3308000,1779289575.212169
approach2_run3,3309000,1779289575.232020
approach2_run3,3310000,1779289575.323471
approach2_run3,3311000,1779289575.425578
approach2_run3,3312000,1779289575.539523
approach2_run3,3313000,1779289575.560873
approach2_run3,3314000,1779289575.646964
approach2_run3,3315000,1779289575.733337
approach2_run3,3316000,1779289575.814553
approach2_run3,3317000,1779289575.908046
approach2_run3,3318000,1779289575.945117
approach2_run3,3319000,1779289576.054115
approach2_run3,3320000,1779289576.086881
approach2_run3,3321000,1779289576.173702
approach2_run3,3322000,1779289576.239742
approach2_run3,3323000,1779289576.328367
approach2_run3,3324000,1779289576.355701
approach2_run3,3325000,1779289576.454650
approach2_run3,3326000,1779289576.551192
approach2_run3,3327000,1779289576.657969
approach2_run3,3328000,1779289576.678490
approach2_run3,3329000,1779289576.764867
approach2_run3,3330000,1779289576.842534
approach2_run3,3331000,1779289576.931796
approach2_run3,3332000,1779289576.942699
approach2_run3,3333000,1779289577.028981
approach2_run3,3334000,1779289577.118939
approach2_run3,3335000,1779289577.205602
approach2_run3,3336000,1779289577.297291
approach2_run3,3337000,1779289577.358687
approach2_run3,3338000,1779289577.446134
approach2_run3,3339000,1779289577.486270
approach2_run3,3340000,1779289577.621103
approach2_run3,3341000,1779289577.622986
approach2_run3,3342000,1779289577.777142
approach2_run3,3343000,1779289577.796705
approach2_run3,3344000,1779289577.886439
approach2_run3,3345000,1779289577.962040
approach2_run3,3346000,1779289578.049612
approach2_run3,3347000,1779289578.064421
approach2_run3,3348000,1779289578.150538
approach2_run3,3349000,1779289578.243100
approach2_run3,3350000,1779289578.331226
approach2_run3,3351000,1779289578.390050
approach2_run3,3352000,1779289578.477091
approach2_run3,3353000,1779289578.541304
approach2_run3,3354000,1779289578.651944
approach2_run3,3355000,1779289578.654966
approach2_run3,3356000,1779289578.781556
approach2_run3,3357000,1779289578.897114
approach2_run3,3358000,1779289578.918177
approach2_run3,3359000,1779289579.007529
approach2_run3,3360000,1779289579.079511
approach2_run3,3361000,1779289579.166565
approach2_run3,3362000,1779289579.183013
approach2_run3,3363000,1779289579.272609
approach2_run3,3364000,1779289579.361454
approach2_run3,3365000,1779289579.451158
approach2_run3,3366000,1779289579.506538
approach2_run3,3367000,1779289579.597555
approach2_run3,3368000,1779289579.683210
approach2_run3,3369000,1779289579.769985
approach2_run3,3370000,1779289579.772266
approach2_run3,3371000,1779289579.899851
approach2_run3,3372000,1779289579.948585
approach2_run3,3373000,1779289580.039426
approach2_run3,3374000,1779289580.111862
approach2_run3,3375000,1779289580.198095
approach2_run3,3376000,1779289580.217561
approach2_run3,3377000,1779289580.305999
approach2_run3,3378000,1779289580.428909
approach2_run3,3379000,1779289580.518396
approach2_run3,3380000,1779289580.651931
approach2_run3,3381000,1779289580.656103
approach2_run3,3382000,1779289580.744607
approach2_run3,3383000,1779289580.827589
approach2_run3,3384000,1779289580.914418
approach2_run3,3385000,1779289580.921493
approach2_run3,3386000,1779289581.074936
approach2_run3,3387000,1779289581.102964
approach2_run3,3388000,1779289581.197961
approach2_run3,3389000,1779289581.256449
approach2_run3,3390000,1779289581.343282
approach2_run3,3391000,1779289581.383936
approach2_run3,3392000,1779289581.478755
approach2_run3,3393000,1779289581.519838
approach2_run3,3394000,1779289581.678699
approach2_run3,3395000,1779289581.690927
approach2_run3,3396000,1779289581.777370
approach2_run3,3397000,1779289581.859642
approach2_run3,3398000,1779289581.948072
approach2_run3,3399000,1779289582.034185
approach2_run3,3400000,1779289582.047330
approach2_run3,3401000,1779289582.193547
approach2_run3,3402000,1779289582.241284
approach2_run3,3403000,1779289582.328312
approach2_run3,3404000,1779289582.375394
approach2_run3,3405000,1779289582.463813
approach2_run3,3406000,1779289582.545066
approach2_run3,3407000,1779289582.631504
approach2_run3,3408000,1779289582.677682
approach2_run3,3409000,1779289582.795821
approach2_run3,3410000,1779289582.809018
approach2_run3,3411000,1779289582.895656
approach2_run3,3412000,1779289582.979338
approach2_run3,3413000,1779289583.067719
approach2_run3,3414000,1779289583.089527
approach2_run3,3415000,1779289583.185591
approach2_run3,3416000,1779289583.272920
approach2_run3,3417000,1779289583.359010
approach2_run3,3418000,1779289583.400331
approach2_run3,3419000,1779289583.491750
approach2_run3,3420000,1779289583.583225
approach2_run3,3421000,1779289583.664724
approach2_run3,3422000,1779289583.751757
approach2_run3,3423000,1779289583.796112
approach2_run3,3424000,1779289583.913089
approach2_run3,3425000,1779289583.927249
approach2_run3,3426000,1779289584.021674
approach2_run3,3427000,1779289584.096156
approach2_run3,3428000,1779289584.186135
approach2_run3,3429000,1779289584.216778
approach2_run3,3430000,1779289584.311156
approach2_run3,3431000,1779289584.396500
approach2_run3,3432000,1779289584.516144
approach2_run3,3433000,1779289584.520732
approach2_run3,3434000,1779289584.608666
approach2_run3,3435000,1779289584.695865
approach2_run3,3436000,1779289584.782526
approach2_run3,3437000,1779289584.826785
approach2_run3,3438000,1779289584.913860
approach2_run3,3439000,1779289584.959826
approach2_run3,3440000,1779289585.064411
approach2_run3,3441000,1779289585.160921
approach2_run3,3442000,1779289585.216435
approach2_run3,3443000,1779289585.305064
approach2_run3,3444000,1779289585.340249
approach2_run3,3445000,1779289585.465340
approach2_run3,3446000,1779289585.546386
approach2_run3,3447000,1779289585.635417
approach2_run3,3448000,1779289585.641993
approach2_run3,3449000,1779289585.730728
approach2_run3,3450000,1779289585.817966
approach2_run3,3451000,1779289585.904200
approach2_run3,3452000,1779289585.953122
approach2_run3,3453000,1779289586.062476
approach2_run3,3454000,1779289586.104962
approach2_run3,3455000,1779289586.191040
approach2_run3,3456000,1779289586.243244
approach2_run3,3457000,1779289586.336125
approach2_run3,3458000,1779289586.371649
approach2_run3,3459000,1779289586.496790
approach2_run3,3460000,1779289586.579710
approach2_run3,3461000,1779289586.670781
approach2_run3,3462000,1779289586.757471
approach2_run3,3463000,1779289586.759944
approach2_run3,3464000,1779289586.849731
approach2_run3,3465000,1779289586.936615
approach2_run3,3466000,1779289587.028360
approach2_run3,3467000,1779289587.040500
approach2_run3,3468000,1779289587.181066
approach2_run3,3469000,1779289587.229524
approach2_run3,3470000,1779289587.315964
approach2_run3,3471000,1779289587.359894
approach2_run3,3472000,1779289587.452655
approach2_run3,3473000,1779289587.529004
approach2_run3,3474000,1779289587.616661
approach2_run3,3475000,1779289587.696480
approach2_run3,3476000,1779289587.788717
approach2_run3,3477000,1779289587.791583
approach2_run3,3478000,1779289587.878805
approach2_run3,3479000,1779289587.966617
approach2_run3,3480000,1779289588.058708
approach2_run3,3481000,1779289588.079978
approach2_run3,3482000,1779289588.187105
approach2_run3,3483000,1779289588.306505
approach2_run3,3484000,1779289588.390787
approach2_run3,3485000,1779289588.492950
approach2_run3,3486000,1779289588.502457
approach2_run3,3487000,1779289588.610035
approach2_run3,3488000,1779289588.698429
approach2_run3,3489000,1779289588.786003
approach2_run3,3490000,1779289588.869963
approach2_run3,3491000,1779289588.959584
approach2_run3,3492000,1779289588.972013
approach2_run3,3493000,1779289589.075370
approach2_run3,3494000,1779289589.142601
approach2_run3,3495000,1779289589.237938
approach2_run3,3496000,1779289589.265747
approach2_run3,3497000,1779289589.352781
approach2_run3,3498000,1779289589.462627
approach2_run3,3499000,1779289589.549429
approach2_run3,3500000,1779289589.563933
approach2_run3,3501000,1779289589.654507
approach2_run3,3502000,1779289589.736543
approach2_run3,3503000,1779289589.822751
approach2_run3,3504000,1779289589.914270
approach2_run3,3505000,1779289589.976010
approach2_run3,3506000,1779289590.079108
approach2_run3,3507000,1779289590.089287
approach2_run3,3508000,1779289590.209103
approach2_run3,3509000,1779289590.259595
approach2_run3,3510000,1779289590.352604
approach2_run3,3511000,1779289590.405746
approach2_run3,3512000,1779289590.492370
approach2_run3,3513000,1779289590.577666
approach2_run3,3514000,1779289590.679191
approach2_run3,3515000,1779289590.681532
approach2_run3,3516000,1779289590.769489
approach2_run3,3517000,1779289590.853475
approach2_run3,3518000,1779289590.946535
approach2_run3,3519000,1779289590.955395
approach2_run3,3520000,1779289591.044892
approach2_run3,3521000,1779289591.153279
approach2_run3,3522000,1779289591.240719
approach2_run3,3523000,1779289591.284097
approach2_run3,3524000,1779289591.374893
approach2_run3,3525000,1779289591.467719
approach2_run3,3526000,1779289591.522315
approach2_run3,3527000,1779289591.612998
approach2_run3,3528000,1779289591.648092
approach2_run3,3529000,1779289591.794706
approach2_run3,3530000,1779289591.799842
approach2_run3,3531000,1779289591.890035
approach2_run3,3532000,1779289591.977389
approach2_run3,3533000,1779289592.070597
approach2_run3,3534000,1779289592.080074
approach2_run3,3535000,1779289592.184702
approach2_run3,3536000,1779289592.272883
approach2_run3,3537000,1779289592.379647
approach2_run3,3538000,1779289592.401200
approach2_run3,3539000,1779289592.490330
approach2_run3,3540000,1779289592.555203
approach2_run3,3541000,1779289592.648526
approach2_run3,3542000,1779289592.672969
approach2_run3,3543000,1779289592.762014
approach2_run3,3544000,1779289592.835114
approach2_run3,3545000,1779289592.921541
approach2_run3,3546000,1779289593.005852
approach2_run3,3547000,1779289593.093027
approach2_run3,3548000,1779289593.186498
approach2_run3,3549000,1779289593.217410
approach2_run3,3550000,1779289593.304627
approach2_run3,3551000,1779289593.366332
approach2_run3,3552000,1779289593.499435
approach2_run3,3553000,1779289593.502313
approach2_run3,3554000,1779289593.606548
approach2_run3,3555000,1779289593.690824
approach2_run3,3556000,1779289593.779308
approach2_run3,3557000,1779289593.789543
approach2_run3,3558000,1779289593.878669
approach2_run3,3559000,1779289593.953268
approach2_run3,3560000,1779289594.039569
approach2_run3,3561000,1779289594.120089
approach2_run3,3562000,1779289594.209197
approach2_run3,3563000,1779289594.249080
approach2_run3,3564000,1779289594.335204
approach2_run3,3565000,1779289594.392205
approach2_run3,3566000,1779289594.484318
approach2_run3,3567000,1779289594.531265
approach2_run3,3568000,1779289594.620608
approach2_run3,3569000,1779289594.722627
approach2_run3,3570000,1779289594.810776
approach2_run3,3571000,1779289594.896600
approach2_run3,3572000,1779289594.905404
approach2_run3,3573000,1779289594.993248
approach2_run3,3574000,1779289595.086469
approach2_run3,3575000,1779289595.192157
approach2_run3,3576000,1779289595.215695
approach2_run3,3577000,1779289595.325054
approach2_run3,3578000,1779289595.366758
approach2_run3,3579000,1779289595.474341
approach2_run3,3580000,1779289595.508801
approach2_run3,3581000,1779289595.597131
approach2_run3,3582000,1779289595.668810
approach2_run3,3583000,1779289595.756142
approach2_run3,3584000,1779289595.824291
approach2_run3,3585000,1779289595.934313
approach2_run3,3586000,1779289595.936138
approach2_run3,3587000,1779289596.026494
approach2_run3,3588000,1779289596.120586
approach2_run3,3589000,1779289596.210559
approach2_run3,3590000,1779289596.297060
approach2_run3,3591000,1779289596.313621
approach2_run3,3592000,1779289596.446408
approach2_run3,3593000,1779289596.509314
approach2_run3,3594000,1779289596.599356
approach2_run3,3595000,1779289596.635130
approach2_run3,3596000,1779289596.723705
approach2_run3,3597000,1779289596.792091
approach2_run3,3598000,1779289596.880114
approach2_run3,3599000,1779289596.942544
approach2_run3,3600000,1779289597.052867
approach2_run3,3601000,1779289597.057640
approach2_run3,3602000,1779289597.169792
approach2_run3,3603000,1779289597.239132
approach2_run3,3604000,1779289597.328937
approach2_run3,3605000,1779289597.346655
approach2_run3,3606000,1779289597.453877
approach2_run3,3607000,1779289597.539050
approach2_run3,3608000,1779289597.629880
approach2_run3,3609000,1779289597.657242
approach2_run3,3610000,1779289597.752025
approach2_run3,3611000,1779289597.842455
approach2_run3,3612000,1779289597.910279
approach2_run3,3613000,1779289598.000384
approach2_run3,3614000,1779289598.058561
approach2_run3,3615000,1779289598.167216
approach2_run3,3616000,1779289598.200271
approach2_run3,3617000,1779289598.287822
approach2_run3,3618000,1779289598.355227
approach2_run3,3619000,1779289598.445080
approach2_run3,3620000,1779289598.481553
approach2_run3,3621000,1779289598.567787
approach2_run3,3622000,1779289598.661347
approach2_run3,3623000,1779289598.764697
approach2_run3,3624000,1779289598.771627
approach2_run3,3625000,1779289598.863088
approach2_run3,3626000,1779289598.941302
approach2_run3,3627000,1779289599.030106
approach2_run3,3628000,1779289599.051027
approach2_run3,3629000,1779289599.172288
approach2_run3,3630000,1779289599.230913
approach2_run3,3631000,1779289599.318835
approach2_run3,3632000,1779289599.405108
approach2_run3,3633000,1779289599.465730
approach2_run3,3634000,1779289599.561097
approach2_run3,3635000,1779289599.600771
approach2_run3,3636000,1779289599.707764
approach2_run3,3637000,1779289599.776908
approach2_run3,3638000,1779289599.883573
approach2_run3,3639000,1779289599.885461
approach2_run3,3640000,1779289599.976850
approach2_run3,3641000,1779289600.061390
approach2_run3,3642000,1779289600.163839
approach2_run3,3643000,1779289600.174423
approach2_run3,3644000,1779289600.260638
approach2_run3,3645000,1779289600.350271
approach2_run3,3646000,1779289600.456271
approach2_run3,3647000,1779289600.488885
approach2_run3,3648000,1779289600.580288
approach2_run3,3649000,1779289600.637745
approach2_run3,3650000,1779289600.740105
approach2_run3,3651000,1779289600.765777
approach2_run3,3652000,1779289600.892887
approach2_run3,3653000,1779289601.000885
approach2_run3,3654000,1779289601.006774
approach2_run3,3655000,1779289601.094474
approach2_run3,3656000,1779289601.183410
approach2_run3,3657000,1779289601.276434
approach2_run3,3658000,1779289601.292760
approach2_run3,3659000,1779289601.381209
approach2_run3,3660000,1779289601.488695
approach2_run3,3661000,1779289601.581552
approach2_run3,3662000,1779289601.604560
approach2_run3,3663000,1779289601.698015
approach2_run3,3664000,1779289601.774167
approach2_run3,3665000,1779289601.860050
approach2_run3,3666000,1779289601.878494
approach2_run3,3667000,1779289601.976921
approach2_run3,3668000,1779289602.039053
approach2_run3,3669000,1779289602.125591
approach2_run3,3670000,1779289602.208508
approach2_run3,3671000,1779289602.300095
approach2_run3,3672000,1779289602.326335
approach2_run3,3673000,1779289602.432103
approach2_run3,3674000,1779289602.483510
approach2_run3,3675000,1779289602.612575
approach2_run3,3676000,1779289602.699806
approach2_run3,3677000,1779289602.720423
approach2_run3,3678000,1779289602.815150
approach2_run3,3679000,1779289602.892975
approach2_run3,3680000,1779289602.985620
approach2_run3,3681000,1779289602.998882
approach2_run3,3682000,1779289603.095284
approach2_run3,3683000,1779289603.182850
approach2_run3,3684000,1779289603.270459
approach2_run3,3685000,1779289603.328008
approach2_run3,3686000,1779289603.421922
approach2_run3,3687000,1779289603.466273
approach2_run3,3688000,1779289603.559544
approach2_run3,3689000,1779289603.605568
approach2_run3,3690000,1779289603.731868
approach2_run3,3691000,1779289603.755597
approach2_run3,3692000,1779289603.842979
approach2_run3,3693000,1779289603.930493
approach2_run3,3694000,1779289604.016188
approach2_run3,3695000,1779289604.024664
approach2_run3,3696000,1779289604.116610
approach2_run3,3697000,1779289604.210569
approach2_run3,3698000,1779289604.302235
approach2_run3,3699000,1779289604.394046
approach2_run3,3700000,1779289604.445898
approach2_run3,3701000,1779289604.538209
approach2_run3,3702000,1779289604.591549
approach2_run3,3703000,1779289604.679207
approach2_run3,3704000,1779289604.722858
approach2_run3,3705000,1779289604.817883
approach2_run3,3706000,1779289604.875962
approach2_run3,3707000,1779289604.962402
approach2_run3,3708000,1779289605.049199
approach2_run3,3709000,1779289605.135687
approach2_run3,3710000,1779289605.141743
approach2_run3,3711000,1779289605.232821
approach2_run3,3712000,1779289605.325530
approach2_run3,3713000,1779289605.420085
approach2_run3,3714000,1779289605.424639
approach2_run3,3715000,1779289605.562495
approach2_run3,3716000,1779289605.621640
approach2_run3,3717000,1779289605.734071
approach2_run3,3718000,1779289605.820249
approach2_run3,3719000,1779289605.834944
approach2_run3,3720000,1779289605.925749
approach2_run3,3721000,1779289605.994437
approach2_run3,3722000,1779289606.080504
approach2_run3,3723000,1779289606.163810
approach2_run3,3724000,1779289606.256253
approach2_run3,3725000,1779289606.276458
approach2_run3,3726000,1779289606.362463
approach2_run3,3727000,1779289606.437271
approach2_run3,3728000,1779289606.533472
approach2_run3,3729000,1779289606.558447
approach2_run3,3730000,1779289606.656229
approach2_run3,3731000,1779289606.764587
approach2_run3,3732000,1779289606.851496
approach2_run3,3733000,1779289606.860433
approach2_run3,3734000,1779289606.950605
approach2_run3,3735000,1779289607.025871
approach2_run3,3736000,1779289607.116203
approach2_run3,3737000,1779289607.136350
approach2_run3,3738000,1779289607.280855
approach2_run3,3739000,1779289607.307991
approach2_run3,3740000,1779289607.396167
approach2_run3,3741000,1779289607.483581
approach2_run3,3742000,1779289607.552463
approach2_run3,3743000,1779289607.645149
approach2_run3,3744000,1779289607.688315
approach2_run3,3745000,1779289607.794729
approach2_run3,3746000,1779289607.885786
approach2_run3,3747000,1779289607.971719
approach2_run3,3748000,1779289607.979953
approach2_run3,3749000,1779289608.067227
approach2_run3,3750000,1779289608.147308
approach2_run3,3751000,1779289608.252328
approach2_run3,3752000,1779289608.254014
approach2_run3,3753000,1779289608.403178
approach2_run3,3754000,1779289608.428266
approach2_run3,3755000,1779289608.534425
approach2_run3,3756000,1779289608.582716
approach2_run3,3757000,1779289608.669279
approach2_run3,3758000,1779289608.719161
approach2_run3,3759000,1779289608.825956
approach2_run3,3760000,1779289608.894030
approach2_run3,3761000,1779289609.004166
approach2_run3,3762000,1779289609.090406
approach2_run3,3763000,1779289609.093785
approach2_run3,3764000,1779289609.183642
approach2_run3,3765000,1779289609.278252
approach2_run3,3766000,1779289609.364471
approach2_run3,3767000,1779289609.372938
approach2_run3,3768000,1779289609.519977
approach2_run3,3769000,1779289609.566487
approach2_run3,3770000,1779289609.662721
approach2_run3,3771000,1779289609.698501
approach2_run3,3772000,1779289609.792630
approach2_run3,3773000,1779289609.860225
approach2_run3,3774000,1779289609.948655
approach2_run3,3775000,1779289609.970805
approach2_run3,3776000,1779289610.121949
approach2_run3,3777000,1779289610.123740
approach2_run3,3778000,1779289610.211069
approach2_run3,3779000,1779289610.301083
approach2_run3,3780000,1779289610.394776
approach2_run3,3781000,1779289610.403473
approach2_run3,3782000,1779289610.490838
approach2_run3,3783000,1779289610.583811
approach2_run3,3784000,1779289610.714697
approach2_run3,3785000,1779289610.803671
approach2_run3,3786000,1779289610.811500
approach2_run3,3787000,1779289610.907010
approach2_run3,3788000,1779289610.983675
approach2_run3,3789000,1779289611.071295
approach2_run3,3790000,1779289611.093695
approach2_run3,3791000,1779289611.228545
approach2_run3,3792000,1779289611.254051
approach2_run3,3793000,1779289611.358811
approach2_run3,3794000,1779289611.426248
approach2_run3,3795000,1779289611.516376
approach2_run3,3796000,1779289611.554590
approach2_run3,3797000,1779289611.651103
approach2_run3,3798000,1779289611.702056
approach2_run3,3799000,1779289611.847411
approach2_run3,3800000,1779289611.850913
approach2_run3,3801000,1779289611.940401
approach2_run3,3802000,1779289612.022179
approach2_run3,3803000,1779289612.108566
approach2_run3,3804000,1779289612.124830
approach2_run3,3805000,1779289612.211232
approach2_run3,3806000,1779289612.303463
approach2_run3,3807000,1779289612.391769
approach2_run3,3808000,1779289612.478210
approach2_run3,3809000,1779289612.543136
approach2_run3,3810000,1779289612.635600
approach2_run3,3811000,1779289612.700783
approach2_run3,3812000,1779289612.791121
approach2_run3,3813000,1779289612.818254
approach2_run3,3814000,1779289612.951327
approach2_run3,3815000,1779289612.966100
approach2_run3,3816000,1779289613.056459
approach2_run3,3817000,1779289613.142423
approach2_run3,3818000,1779289613.229346
approach2_run3,3819000,1779289613.238166
approach2_run3,3820000,1779289613.333611
approach2_run3,3821000,1779289613.420896
approach2_run3,3822000,1779289613.508867
approach2_run3,3823000,1779289613.563559
approach2_run3,3824000,1779289613.657818
approach2_run3,3825000,1779289613.714489
approach2_run3,3826000,1779289613.818475
approach2_run3,3827000,1779289613.907909
approach2_run3,3828000,1779289613.930040
approach2_run3,3829000,1779289614.021500
approach2_run3,3830000,1779289614.083195
approach2_run3,3831000,1779289614.172084
approach2_run3,3832000,1779289614.260857
approach2_run3,3833000,1779289614.352612
approach2_run3,3834000,1779289614.363497
approach2_run3,3835000,1779289614.450335
approach2_run3,3836000,1779289614.532520
approach2_run3,3837000,1779289614.633416
approach2_run3,3838000,1779289614.650045
approach2_run3,3839000,1779289614.773305
approach2_run3,3840000,1779289614.853095
approach2_run3,3841000,1779289614.939493
approach2_run3,3842000,1779289614.957016
approach2_run3,3843000,1779289615.045760
approach2_run3,3844000,1779289615.114835
approach2_run3,3845000,1779289615.203007
approach2_run3,3846000,1779289615.236702
approach2_run3,3847000,1779289615.375800
approach2_run3,3848000,1779289615.466788
approach2_run3,3849000,1779289615.483448
approach2_run3,3850000,1779289615.569918
approach2_run3,3851000,1779289615.647579
approach2_run3,3852000,1779289615.739578
approach2_run3,3853000,1779289615.794090
approach2_run3,3854000,1779289615.880013
approach2_run3,3855000,1779289615.970816
approach2_run3,3856000,1779289616.057355
approach2_run3,3857000,1779289616.073392
approach2_run3,3858000,1779289616.163209
approach2_run3,3859000,1779289616.234393
approach2_run3,3860000,1779289616.337616
approach2_run3,3861000,1779289616.343657
approach2_run3,3862000,1779289616.490956
approach2_run3,3863000,1779289616.516309
approach2_run3,3864000,1779289616.625535
approach2_run3,3865000,1779289616.677460
approach2_run3,3866000,1779289616.765893
approach2_run3,3867000,1779289616.826898
approach2_run3,3868000,1779289616.913316
approach2_run3,3869000,1779289617.002413
approach2_run3,3870000,1779289617.091130
approach2_run3,3871000,1779289617.177566
approach2_run3,3872000,1779289617.185424
approach2_run3,3873000,1779289617.278541
approach2_run3,3874000,1779289617.367930
approach2_run3,3875000,1779289617.457770
approach2_run3,3876000,1779289617.460304
approach2_run3,3877000,1779289617.603609
approach2_run3,3878000,1779289617.656945
approach2_run3,3879000,1779289617.753286
approach2_run3,3880000,1779289617.789655
approach2_run3,3881000,1779289617.882345
approach2_run3,3882000,1779289617.945667
approach2_run3,3883000,1779289618.034991
approach2_run3,3884000,1779289618.061191
approach2_run3,3885000,1779289618.209204
approach2_run3,3886000,1779289618.210976
approach2_run3,3887000,1779289618.297860
approach2_run3,3888000,1779289618.392142
approach2_run3,3889000,1779289618.485164
approach2_run3,3890000,1779289618.573332
approach2_run3,3891000,1779289618.578065
approach2_run3,3892000,1779289618.711337
approach2_run3,3893000,1779289618.784172
approach2_run3,3894000,1779289618.887459
approach2_run3,3895000,1779289618.899748
approach2_run3,3896000,1779289618.996063
approach2_run3,3897000,1779289619.065617
approach2_run3,3898000,1779289619.151805
approach2_run3,3899000,1779289619.177106
approach2_run3,3900000,1779289619.325312
approach2_run3,3901000,1779289619.327930
approach2_run3,3902000,1779289619.430633
approach2_run3,3903000,1779289619.508746
approach2_run3,3904000,1779289619.601499
approach2_run3,3905000,1779289619.608395
approach2_run3,3906000,1779289619.717474
approach2_run3,3907000,1779289619.793403
approach2_run3,3908000,1779289619.918777
approach2_run3,3909000,1779289619.928369
approach2_run3,3910000,1779289620.017855
approach2_run3,3911000,1779289620.097394
approach2_run3,3912000,1779289620.184758
approach2_run3,3913000,1779289620.270978
approach2_run3,3914000,1779289620.295553
approach2_run3,3915000,1779289620.439338
approach2_run3,3916000,1779289620.461590
approach2_run3,3917000,1779289620.552276
approach2_run3,3918000,1779289620.621876
approach2_run3,3919000,1779289620.712746
approach2_run3,3920000,1779289620.759924
approach2_run3,3921000,1779289620.861919
approach2_run3,3922000,1779289620.910894
approach2_run3,3923000,1779289621.039476
approach2_run3,3924000,1779289621.044318
approach2_run3,3925000,1779289621.134967
approach2_run3,3926000,1779289621.216095
approach2_run3,3927000,1779289621.302855
approach2_run3,3928000,1779289621.316421
approach2_run3,3929000,1779289621.410448
approach2_run3,3930000,1779289621.496624
approach2_run3,3931000,1779289621.605871
approach2_run3,3932000,1779289621.646269
approach2_run3,3933000,1779289621.738056
approach2_run3,3934000,1779289621.827416
approach2_run3,3935000,1779289621.893124
approach2_run3,3936000,1779289621.979333
approach2_run3,3937000,1779289622.013068
approach2_run3,3938000,1779289622.156923
approach2_run3,3939000,1779289622.159391
approach2_run3,3940000,1779289622.248187
approach2_run3,3941000,1779289622.336862
approach2_run3,3942000,1779289622.422809
approach2_run3,3943000,1779289622.430856
approach2_run3,3944000,1779289622.526291
approach2_run3,3945000,1779289622.637182
approach2_run3,3946000,1779289622.734244
approach2_run3,3947000,1779289622.761523
approach2_run3,3948000,1779289622.852973
approach2_run3,3949000,1779289622.924513
approach2_run3,3950000,1779289623.011383
approach2_run3,3951000,1779289623.037509
approach2_run3,3952000,1779289623.128228
approach2_run3,3953000,1779289623.188931
approach2_run3,3954000,1779289623.276058
approach2_run3,3955000,1779289623.368207
approach2_run3,3956000,1779289623.456321
approach2_run3,3957000,1779289623.544911
approach2_run3,3958000,1779289623.581436
approach2_run3,3959000,1779289623.669434
approach2_run3,3960000,1779289623.730933
approach2_run3,3961000,1779289623.870716
approach2_run3,3962000,1779289623.872240
approach2_run3,3963000,1779289623.966203
approach2_run3,3964000,1779289624.046624
approach2_run3,3965000,1779289624.132934
approach2_run3,3966000,1779289624.149394
approach2_run3,3967000,1779289624.243528
approach2_run3,3968000,1779289624.308091
approach2_run3,3969000,1779289624.410903
approach2_run3,3970000,1779289624.480846
approach2_run3,3971000,1779289624.567989
approach2_run3,3972000,1779289624.614423
approach2_run3,3973000,1779289624.727873
approach2_run3,3974000,1779289624.758727
approach2_run3,3975000,1779289624.846560
approach2_run3,3976000,1779289624.985872
approach2_run3,3977000,1779289624.988955
approach2_run3,3978000,1779289625.081488
approach2_run3,3979000,1779289625.163051
approach2_run3,3980000,1779289625.250247
approach2_run3,3981000,1779289625.264190
approach2_run3,3982000,1779289625.360439
approach2_run3,3983000,1779289625.443060
approach2_run3,3984000,1779289625.532314
approach2_run3,3985000,1779289625.589270
approach2_run3,3986000,1779289625.684622
approach2_run3,3987000,1779289625.759721
approach2_run3,3988000,1779289625.846487
approach2_run3,3989000,1779289625.867396
approach2_run3,3990000,1779289625.962960
approach2_run3,3991000,1779289626.021688
approach2_run3,3992000,1779289626.108491
approach2_run3,3993000,1779289626.197786
approach2_run3,3994000,1779289626.286191
approach2_run3,3995000,1779289626.292835
approach2_run3,3996000,1779289626.387375
approach2_run3,3997000,1779289626.478858
approach2_run3,3998000,1779289626.565467
approach2_run3,3999000,1779289626.677181
approach2_run3,4000000,1779289626.709885
approach2_run3,4001000,1779289626.805268
approach2_run3,4002000,1779289626.883502
approach2_run3,4003000,1779289626.969912
approach2_run3,4004000,1779289626.986801
approach2_run3,4005000,1779289627.081636
approach2_run3,4006000,1779289627.144999
approach2_run3,4007000,1779289627.231126
approach2_run3,4008000,1779289627.313317
approach2_run3,4009000,1779289627.407553
approach2_run3,4010000,1779289627.421854
approach2_run3,4011000,1779289627.507882
approach2_run3,4012000,1779289627.590088
approach2_run3,4013000,1779289627.684324
approach2_run3,4014000,1779289627.708962
approach2_run3,4015000,1779289627.825147
approach2_run3,4016000,1779289627.914587
approach2_run3,4017000,1779289628.001715
approach2_run3,4018000,1779289628.088372
approach2_run3,4019000,1779289628.104353
approach2_run3,4020000,1779289628.197928
approach2_run3,4021000,1779289628.263759
approach2_run3,4022000,1779289628.349918
approach2_run3,4023000,1779289628.438251
approach2_run3,4024000,1779289628.534042
approach2_run3,4025000,1779289628.548731
approach2_run3,4026000,1779289628.661089
approach2_run3,4027000,1779289628.715137
approach2_run3,4028000,1779289628.807976
approach2_run3,4029000,1779289628.867432
approach2_run3,4030000,1779289628.955412
approach2_run3,4031000,1779289629.042611
approach2_run3,4032000,1779289629.130410
approach2_run3,4033000,1779289629.138361
approach2_run3,4034000,1779289629.228811
approach2_run3,4035000,1779289629.304380
approach2_run3,4036000,1779289629.393360
approach2_run3,4037000,1779289629.410852
approach2_run3,4038000,1779289629.555300
approach2_run3,4039000,1779289629.649683
approach2_run3,4040000,1779289629.692742
approach2_run3,4041000,1779289629.809278
approach2_run3,4042000,1779289629.831475
approach2_run3,4043000,1779289629.924287
approach2_run3,4044000,1779289629.986884
approach2_run3,4045000,1779289630.072816
approach2_run3,4046000,1779289630.160005
approach2_run3,4047000,1779289630.247606
approach2_run3,4048000,1779289630.254912
approach2_run3,4049000,1779289630.346459
approach2_run3,4050000,1779289630.435387
approach2_run3,4051000,1779289630.521654
approach2_run3,4052000,1779289630.526980
approach2_run3,4053000,1779289630.638071
approach2_run3,4054000,1779289630.724216
approach2_run3,4055000,1779289630.842529
approach2_run3,4056000,1779289630.862379
approach2_run3,4057000,1779289630.955198
approach2_run3,4058000,1779289631.017406
approach2_run3,4059000,1779289631.104103
approach2_run3,4060000,1779289631.190978
approach2_run3,4061000,1779289631.273253
approach2_run3,4062000,1779289631.367876
approach2_run3,4063000,1779289631.369984
approach2_run3,4064000,1779289631.465202
approach2_run3,4065000,1779289631.554477
approach2_run3,4066000,1779289631.644095
approach2_run3,4067000,1779289631.646327
approach2_run3,4068000,1779289631.755240
approach2_run3,4069000,1779289631.875514
approach2_run3,4070000,1779289631.963612
approach2_run3,4071000,1779289631.974436
approach2_run3,4072000,1779289632.066901
approach2_run3,4073000,1779289632.137190
approach2_run3,4074000,1779289632.223372
approach2_run3,4075000,1779289632.269880
approach2_run3,4076000,1779289632.391160
approach2_run3,4077000,1779289632.411108
approach2_run3,4078000,1779289632.497210
approach2_run3,4079000,1779289632.583565
approach2_run3,4080000,1779289632.678329
approach2_run3,4081000,1779289632.764658
approach2_run3,4082000,1779289632.817178
approach2_run3,4083000,1779289632.906702
approach2_run3,4084000,1779289632.995361
approach2_run3,4085000,1779289633.082521
approach2_run3,4086000,1779289633.099721
approach2_run3,4087000,1779289633.194391
approach2_run3,4088000,1779289633.256450
approach2_run3,4089000,1779289633.343425
approach2_run3,4090000,1779289633.374689
approach2_run3,4091000,1779289633.510332
approach2_run3,4092000,1779289633.538312
approach2_run3,4093000,1779289633.626817
approach2_run3,4094000,1779289633.718665
approach2_run3,4095000,1779289633.806352
approach2_run3,4096000,1779289633.887835
approach2_run3,4097000,1779289633.973756
approach2_run3,4098000,1779289633.998317
approach2_run3,4099000,1779289634.146174
approach2_run3,4100000,1779289634.147842
approach2_run3,4101000,1779289634.235107
approach2_run3,4102000,1779289634.321079
approach2_run3,4103000,1779289634.406972
approach2_run3,4104000,1779289634.492695
approach2_run3,4105000,1779289634.513787
approach2_run3,4106000,1779289634.600164
approach2_run3,4107000,1779289634.685206
approach2_run3,4108000,1779289634.831401
approach2_run3,4109000,1779289634.836497
approach2_run3,4110000,1779289634.923544
approach2_run3,4111000,1779289635.005763
approach2_run3,4112000,1779289635.091852
approach2_run3,4113000,1779289635.116734
approach2_run3,4114000,1779289635.252326
approach2_run3,4115000,1779289635.265935
approach2_run3,4116000,1779289635.352364
approach2_run3,4117000,1779289635.444250
approach2_run3,4118000,1779289635.532113
approach2_run3,4119000,1779289635.536819
approach2_run3,4120000,1779289635.640731
approach2_run3,4121000,1779289635.781120
approach2_run3,4122000,1779289635.868356
approach2_run3,4123000,1779289635.955678
approach2_run3,4124000,1779289635.963430
approach2_run3,4125000,1779289636.053418
approach2_run3,4126000,1779289636.131611
approach2_run3,4127000,1779289636.218478
approach2_run3,4128000,1779289636.250765
approach2_run3,4129000,1779289636.373383
approach2_run3,4130000,1779289636.393747
approach2_run3,4131000,1779289636.480770
approach2_run3,4132000,1779289636.566445
approach2_run3,4133000,1779289636.656833
approach2_run3,4134000,1779289636.700148
approach2_run3,4135000,1779289636.814423
approach2_run3,4136000,1779289636.853146
approach2_run3,4137000,1779289636.980004
approach2_run3,4138000,1779289636.990338
approach2_run3,4139000,1779289637.081231
approach2_run3,4140000,1779289637.163426
approach2_run3,4141000,1779289637.249735
approach2_run3,4142000,1779289637.335899
approach2_run3,4143000,1779289637.366520
approach2_run3,4144000,1779289637.454101
approach2_run3,4145000,1779289637.510548
approach2_run3,4146000,1779289637.597068
approach2_run3,4147000,1779289637.683280
approach2_run3,4148000,1779289637.772586
approach2_run3,4149000,1779289637.843554
approach2_run3,4150000,1779289637.930853
approach2_run3,4151000,1779289637.968514
approach2_run3,4152000,1779289638.056185
approach2_run3,4153000,1779289638.107150
approach2_run3,4154000,1779289638.194910
approach2_run3,4155000,1779289638.281210
approach2_run3,4156000,1779289638.367162
approach2_run3,4157000,1779289638.375105
approach2_run3,4158000,1779289638.463106
approach2_run3,4159000,1779289638.541649
approach2_run3,4160000,1779289638.627823
approach2_run3,4161000,1779289638.698950
approach2_run3,4162000,1779289638.796062
approach2_run3,4163000,1779289638.887430
approach2_run3,4164000,1779289638.960438
approach2_run3,4165000,1779289639.049536
approach2_run3,4166000,1779289639.084586
approach2_run3,4167000,1779289639.171977
approach2_run3,4168000,1779289639.225111
approach2_run3,4169000,1779289639.313239
approach2_run3,4170000,1779289639.400946
approach2_run3,4171000,1779289639.487317
approach2_run3,4172000,1779289639.491330
approach2_run3,4173000,1779289639.579162
approach2_run3,4174000,1779289639.660866
approach2_run3,4175000,1779289639.787296
approach2_run3,4176000,1779289639.816339
approach2_run3,4177000,1779289639.912362
approach2_run3,4178000,1779289639.993741
approach2_run3,4179000,1779289640.081531
approach2_run3,4180000,1779289640.093671
approach2_run3,4181000,1779289640.202500
approach2_run3,4182000,1779289640.258030
approach2_run3,4183000,1779289640.344654
approach2_run3,4184000,1779289640.431036
approach2_run3,4185000,1779289640.519250
approach2_run3,4186000,1779289640.605266
approach2_run3,4187000,1779289640.608591
approach2_run3,4188000,1779289640.695235
approach2_run3,4189000,1779289640.804656
approach2_run3,4190000,1779289640.891147
approach2_run3,4191000,1779289640.938693
approach2_run3,4192000,1779289641.029683
approach2_run3,4193000,1779289641.114137
approach2_run3,4194000,1779289641.201564
approach2_run3,4195000,1779289641.210492
approach2_run3,4196000,1779289641.298014
approach2_run3,4197000,1779289641.383816
approach2_run3,4198000,1779289641.470095
approach2_run3,4199000,1779289641.544199
approach2_run3,4200000,1779289641.641037
approach2_run3,4201000,1779289641.677649
approach2_run3,4202000,1779289641.763810
approach2_run3,4203000,1779289641.815385
approach2_run3,4204000,1779289641.921176
approach2_run3,4205000,1779289642.045696
approach2_run3,4206000,1779289642.058608
approach2_run3,4207000,1779289642.155731
approach2_run3,4208000,1779289642.241889
approach2_run3,4209000,1779289642.328501
approach2_run3,4210000,1779289642.330553
approach2_run3,4211000,1779289642.436299
approach2_run3,4212000,1779289642.502093
approach2_run3,4213000,1779289642.622627
approach2_run3,4214000,1779289642.661485
approach2_run3,4215000,1779289642.758271
approach2_run3,4216000,1779289642.798008
approach2_run3,4217000,1779289642.883981
approach2_run3,4218000,1779289642.933380
approach2_run3,4219000,1779289643.040116
approach2_run3,4220000,1779289643.089350
approach2_run3,4221000,1779289643.185574
approach2_run3,4222000,1779289643.273053
approach2_run3,4223000,1779289643.360113
approach2_run3,4224000,1779289643.361851
approach2_run3,4225000,1779289643.449045
approach2_run3,4226000,1779289643.570436
approach2_run3,4227000,1779289643.657812
approach2_run3,4228000,1779289643.743761
approach2_run3,4229000,1779289643.789849
approach2_run3,4230000,1779289643.876115
approach2_run3,4231000,1779289643.942935
approach2_run3,4232000,1779289644.033279
approach2_run3,4233000,1779289644.050850
approach2_run3,4234000,1779289644.157297
approach2_run3,4235000,1779289644.217245
approach2_run3,4236000,1779289644.304704
approach2_run3,4237000,1779289644.392541
approach2_run3,4238000,1779289644.478582
approach2_run3,4239000,1779289644.520715
approach2_run3,4240000,1779289644.607605
approach2_run3,4241000,1779289644.681587
approach2_run3,4242000,1779289644.783814
approach2_run3,4243000,1779289644.807249
approach2_run3,4244000,1779289644.916286
approach2_run3,4245000,1779289644.986227
approach2_run3,4246000,1779289645.074219
approach2_run3,4247000,1779289645.169962
approach2_run3,4248000,1779289645.178438
approach2_run3,4249000,1779289645.286253
approach2_run3,4250000,1779289645.346855
approach2_run3,4251000,1779289645.469280
approach2_run3,4252000,1779289645.519500
approach2_run3,4253000,1779289645.605849
approach2_run3,4254000,1779289645.643277
approach2_run3,4255000,1779289645.729354
approach2_run3,4256000,1779289645.801534
approach2_run3,4257000,1779289645.924020
approach2_run3,4258000,1779289645.926950
approach2_run3,4259000,1779289646.032808
approach2_run3,4260000,1779289646.106103
approach2_run3,4261000,1779289646.200324
approach2_run3,4262000,1779289646.209527
approach2_run3,4263000,1779289646.296616
approach2_run3,4264000,1779289646.378211
approach2_run3,4265000,1779289646.500701
approach2_run3,4266000,1779289646.536731
approach2_run3,4267000,1779289646.635382
approach2_run3,4268000,1779289646.722493
approach2_run3,4269000,1779289646.764165
approach2_run3,4270000,1779289646.869844
approach2_run3,4271000,1779289646.918546
approach2_run3,4272000,1779289647.042125
approach2_run3,4273000,1779289647.050267
approach2_run3,4274000,1779289647.146192
approach2_run3,4275000,1779289647.238344
approach2_run3,4276000,1779289647.324731
approach2_run3,4277000,1779289647.327161
approach2_run3,4278000,1779289647.445561
approach2_run3,4279000,1779289647.521166
approach2_run3,4280000,1779289647.621725
approach2_run3,4281000,1779289647.653410
approach2_run3,4282000,1779289647.751442
approach2_run3,4283000,1779289647.796252
approach2_run3,4284000,1779289647.906046
approach2_run3,4285000,1779289647.929847
approach2_run3,4286000,1779289648.035750
approach2_run3,4287000,1779289648.081415
approach2_run3,4288000,1779289648.181704
approach2_run3,4289000,1779289648.267810
approach2_run3,4290000,1779289648.355704
approach2_run3,4291000,1779289648.445095
approach2_run3,4292000,1779289648.476160
approach2_run3,4293000,1779289648.564679
approach2_run3,4294000,1779289648.637754
approach2_run3,4295000,1779289648.738689
approach2_run3,4296000,1779289648.771181
approach2_run3,4297000,1779289648.868057
approach2_run3,4298000,1779289648.938287
approach2_run3,4299000,1779289649.024657
approach2_run3,4300000,1779289649.066196
approach2_run3,4301000,1779289649.152713
approach2_run3,4302000,1779289649.214197
approach2_run3,4303000,1779289649.309922
approach2_run3,4304000,1779289649.395197
approach2_run3,4305000,1779289649.507681
approach2_run3,4306000,1779289649.536177
approach2_run3,4307000,1779289649.624581
approach2_run3,4308000,1779289649.694542
approach2_run3,4309000,1779289649.794688
approach2_run3,4310000,1779289649.916498
approach2_run3,4311000,1779289649.923020
approach2_run3,4312000,1779289650.021002
approach2_run3,4313000,1779289650.099611
approach2_run3,4314000,1779289650.193304
approach2_run3,4315000,1779289650.208845
approach2_run3,4316000,1779289650.296219
approach2_run3,4317000,1779289650.389701
approach2_run3,4318000,1779289650.480045
approach2_run3,4319000,1779289650.538669
approach2_run3,4320000,1779289650.625418
approach2_run3,4321000,1779289650.656745
approach2_run3,4322000,1779289650.742714
approach2_run3,4323000,1779289650.812731
approach2_run3,4324000,1779289650.912141
approach2_run3,4325000,1779289650.949853
approach2_run3,4326000,1779289651.035870
approach2_run3,4327000,1779289651.139495
approach2_run3,4328000,1779289651.226836
approach2_run3,4329000,1779289651.229274
approach2_run3,4330000,1779289651.315964
approach2_run3,4331000,1779289651.421990
approach2_run3,4332000,1779289651.511962
approach2_run3,4333000,1779289651.600356
approach2_run3,4334000,1779289651.639538
approach2_run3,4335000,1779289651.742695
approach2_run3,4336000,1779289651.806750
approach2_run3,4337000,1779289651.894325
approach2_run3,4338000,1779289651.928304
approach2_run3,4339000,1779289652.028928
approach2_run3,4340000,1779289652.076227
approach2_run3,4341000,1779289652.170542
approach2_run3,4342000,1779289652.245315
approach2_run3,4343000,1779289652.344571
approach2_run3,4344000,1779289652.368034
approach2_run3,4345000,1779289652.456031
approach2_run3,4346000,1779289652.530157
approach2_run3,4347000,1779289652.631050
approach2_run3,4348000,1779289652.633089
approach2_run3,4349000,1779289652.756085
approach2_run3,4350000,1779289652.838716
approach2_run3,4351000,1779289652.927474
approach2_run3,4352000,1779289653.020164
approach2_run3,4353000,1779289653.044553
approach2_run3,4354000,1779289653.145406
approach2_run3,4355000,1779289653.202899
approach2_run3,4356000,1779289653.310413
approach2_run3,4357000,1779289653.361106
approach2_run3,4358000,1779289653.460225
approach2_run3,4359000,1779289653.487225
approach2_run3,4360000,1779289653.577580
approach2_run3,4361000,1779289653.656434
approach2_run3,4362000,1779289653.747658
approach2_run3,4363000,1779289653.751772
approach2_run3,4364000,1779289653.872525
approach2_run3,4365000,1779289653.965798
approach2_run3,4366000,1779289654.052690
approach2_run3,4367000,1779289654.065237
approach2_run3,4368000,1779289654.173851
approach2_run3,4369000,1779289654.259157
approach2_run3,4370000,1779289654.346397
approach2_run3,4371000,1779289654.432901
approach2_run3,4372000,1779289654.480857
approach2_run3,4373000,1779289654.580233
approach2_run3,4374000,1779289654.613087
approach2_run3,4375000,1779289654.700243
approach2_run3,4376000,1779289654.776429
approach2_run3,4377000,1779289654.868910
approach2_run3,4378000,1779289654.906961
approach2_run3,4379000,1779289654.996748
approach2_run3,4380000,1779289655.096456
approach2_run3,4381000,1779289655.184262
approach2_run3,4382000,1779289655.186092
approach2_run3,4383000,1779289655.293866
approach2_run3,4384000,1779289655.380602
approach2_run3,4385000,1779289655.467767
approach2_run3,4386000,1779289655.502080
approach2_run3,4387000,1779289655.598533
approach2_run3,4388000,1779289655.653027
approach2_run3,4389000,1779289655.739187
approach2_run3,4390000,1779289655.788051
approach2_run3,4391000,1779289655.896006
approach2_run3,4392000,1779289655.994825
approach2_run3,4393000,1779289656.027254
approach2_run3,4394000,1779289656.126424
approach2_run3,4395000,1779289656.215336
approach2_run3,4396000,1779289656.302437
approach2_run3,4397000,1779289656.324478
approach2_run3,4398000,1779289656.411671
approach2_run3,4399000,1779289656.499157
approach2_run3,4400000,1779289656.594706
approach2_run3,4401000,1779289656.619078
approach2_run3,4402000,1779289656.714583
approach2_run3,4403000,1779289656.794337
approach2_run3,4404000,1779289656.881655
approach2_run3,4405000,1779289656.904656
approach2_run3,4406000,1779289657.012443
approach2_run3,4407000,1779289657.060163
approach2_run3,4408000,1779289657.160298
approach2_run3,4409000,1779289657.227144
approach2_run3,4410000,1779289657.331852
approach2_run3,4411000,1779289657.356524
approach2_run3,4412000,1779289657.443973
approach2_run3,4413000,1779289657.530922
approach2_run3,4414000,1779289657.627129
approach2_run3,4415000,1779289657.715331
approach2_run3,4416000,1779289657.736057
approach2_run3,4417000,1779289657.831517
approach2_run3,4418000,1779289657.913605
approach2_run3,4419000,1779289658.003944
approach2_run3,4420000,1779289658.043931
approach2_run3,4421000,1779289658.140990
approach2_run3,4422000,1779289658.192347
approach2_run3,4423000,1779289658.300473
approach2_run3,4424000,1779289658.345176
approach2_run3,4425000,1779289658.449579
approach2_run3,4426000,1779289658.476015
approach2_run3,4427000,1779289658.562998
approach2_run3,4428000,1779289658.648177
approach2_run3,4429000,1779289658.744929
approach2_run3,4430000,1779289658.746686
approach2_run3,4431000,1779289658.857965
approach2_run3,4432000,1779289658.946548
approach2_run3,4433000,1779289659.032935
approach2_run3,4434000,1779289659.135622
approach2_run3,4435000,1779289659.162754
approach2_run3,4436000,1779289659.258274
approach2_run3,4437000,1779289659.334199
approach2_run3,4438000,1779289659.422483
approach2_run3,4439000,1779289659.461899
approach2_run3,4440000,1779289659.566342
approach2_run3,4441000,1779289659.599195
approach2_run3,4442000,1779289659.690155
approach2_run3,4443000,1779289659.774251
approach2_run3,4444000,1779289659.861502
approach2_run3,4445000,1779289659.891273
approach2_run3,4446000,1779289659.977821
approach2_run3,4447000,1779289660.083122
approach2_run3,4448000,1779289660.170428
approach2_run3,4449000,1779289660.191325
approach2_run3,4450000,1779289660.281411
approach2_run3,4451000,1779289660.368018
approach2_run3,4452000,1779289660.454919
approach2_run3,4453000,1779289660.464469
approach2_run3,4454000,1779289660.578358
approach2_run3,4455000,1779289660.685191
approach2_run3,4456000,1779289660.724983
approach2_run3,4457000,1779289660.833267
approach2_run3,4458000,1779289660.891371
approach2_run3,4459000,1779289660.978321
approach2_run3,4460000,1779289661.012447
approach2_run3,4461000,1779289661.115882
approach2_run3,4462000,1779289661.181453
approach2_run3,4463000,1779289661.288464
approach2_run3,4464000,1779289661.311821
approach2_run3,4465000,1779289661.398467
approach2_run3,4466000,1779289661.489392
approach2_run3,4467000,1779289661.575491
approach2_run3,4468000,1779289661.582418
approach2_run3,4469000,1779289661.697207
approach2_run3,4470000,1779289661.777703
approach2_run3,4471000,1779289661.864327
approach2_run3,4472000,1779289661.891416
approach2_run3,4473000,1779289661.999052
approach2_run3,4474000,1779289662.044886
approach2_run3,4475000,1779289662.146907
approach2_run3,4476000,1779289662.254341
approach2_run3,4477000,1779289662.317775
approach2_run3,4478000,1779289662.406015
approach2_run3,4479000,1779289662.431253
approach2_run3,4480000,1779289662.518862
approach2_run3,4481000,1779289662.611631
approach2_run3,4482000,1779289662.698229
approach2_run3,4483000,1779289662.699924
approach2_run3,4484000,1779289662.809006
approach2_run3,4485000,1779289662.903434
approach2_run3,4486000,1779289662.989367
approach2_run3,4487000,1779289663.030655
approach2_run3,4488000,1779289663.126619
approach2_run3,4489000,1779289663.176335
approach2_run3,4490000,1779289663.286318
approach2_run3,4491000,1779289663.322976
approach2_run3,4492000,1779289663.417358
approach2_run3,4493000,1779289663.464344
approach2_run3,4494000,1779289663.550265
approach2_run3,4495000,1779289663.634080
approach2_run3,4496000,1779289663.728806
approach2_run3,4497000,1779289663.837292
approach2_run3,4498000,1779289663.839067
approach2_run3,4499000,1779289663.933174
approach2_run3,4500000,1779289664.020969
approach2_run3,4501000,1779289664.107216
approach2_run3,4502000,1779289664.147289
approach2_run3,4503000,1779289664.243666
approach2_run3,4504000,1779289664.317306
approach2_run3,4505000,1779289664.406012
approach2_run3,4506000,1779289664.441080
approach2_run3,4507000,1779289664.535302
approach2_run3,4508000,1779289664.581033
approach2_run3,4509000,1779289664.671746
approach2_run3,4510000,1779289664.750394
approach2_run3,4511000,1779289664.846448
approach2_run3,4512000,1779289664.869559
approach2_run3,4513000,1779289664.965182
approach2_run3,4514000,1779289665.043230
approach2_run3,4515000,1779289665.138316
approach2_run3,4516000,1779289665.154515
approach2_run3,4517000,1779289665.265440
approach2_run3,4518000,1779289665.360827
approach2_run3,4519000,1779289665.436856
approach2_run3,4520000,1779289665.522855
approach2_run3,4521000,1779289665.562194
approach2_run3,4522000,1779289665.652691
approach2_run3,4523000,1779289665.702941
approach2_run3,4524000,1779289665.818765
approach2_run3,4525000,1779289665.877561
approach2_run3,4526000,1779289665.963885
approach2_run3,4527000,1779289665.996823
approach2_run3,4528000,1779289666.082980
approach2_run3,4529000,1779289666.169038
approach2_run3,4530000,1779289666.270377
approach2_run3,4531000,1779289666.291563
approach2_run3,4532000,1779289666.393094
approach2_run3,4533000,1779289666.470022
approach2_run3,4534000,1779289666.557715
approach2_run3,4535000,1779289666.569989
approach2_run3,4536000,1779289666.681271
approach2_run3,4537000,1779289666.771809
approach2_run3,4538000,1779289666.853359
approach2_run3,4539000,1779289666.942143
approach2_run3,4540000,1779289666.998369
approach2_run3,4541000,1779289667.084530
approach2_run3,4542000,1779289667.116372
approach2_run3,4543000,1779289667.214750
approach2_run3,4544000,1779289667.286721
approach2_run3,4545000,1779289667.389899
approach2_run3,4546000,1779289667.413602
approach2_run3,4547000,1779289667.502232
approach2_run3,4548000,1779289667.589002
approach2_run3,4549000,1779289667.680563
approach2_run3,4550000,1779289667.687280
approach2_run3,4551000,1779289667.798747
approach2_run3,4552000,1779289667.884894
approach2_run3,4553000,1779289667.974488
approach2_run3,4554000,1779289668.016723
approach2_run3,4555000,1779289668.114407
approach2_run3,4556000,1779289668.159874
approach2_run3,4557000,1779289668.268941
approach2_run3,4558000,1779289668.356198
approach2_run3,4559000,1779289668.405708
approach2_run3,4560000,1779289668.506384
approach2_run3,4561000,1779289668.532673
approach2_run3,4562000,1779289668.619952
approach2_run3,4563000,1779289668.718558
approach2_run3,4564000,1779289668.805064
approach2_run3,4565000,1779289668.828651
approach2_run3,4566000,1779289668.920327
approach2_run3,4567000,1779289669.005743
approach2_run3,4568000,1779289669.103020
approach2_run3,4569000,1779289669.109569
approach2_run3,4570000,1779289669.221902
approach2_run3,4571000,1779289669.303102
approach2_run3,4572000,1779289669.390631
approach2_run3,4573000,1779289669.432320
approach2_run3,4574000,1779289669.523188
approach2_run3,4575000,1779289669.564310
approach2_run3,4576000,1779289669.654970
approach2_run3,4577000,1779289669.712522
approach2_run3,4578000,1779289669.825922
approach2_run3,4579000,1779289669.923347
approach2_run3,4580000,1779289669.949735
approach2_run3,4581000,1779289670.035901
approach2_run3,4582000,1779289670.126464
approach2_run3,4583000,1779289670.226960
approach2_run3,4584000,1779289670.247044
approach2_run3,4585000,1779289670.338605
approach2_run3,4586000,1779289670.423529
approach2_run3,4587000,1779289670.512761
approach2_run3,4588000,1779289670.525863
approach2_run3,4589000,1779289670.639007
approach2_run3,4590000,1779289670.719374
approach2_run3,4591000,1779289670.810246
approach2_run3,4592000,1779289670.831070
approach2_run3,4593000,1779289670.946696
approach2_run3,4594000,1779289670.986559
approach2_run3,4595000,1779289671.084391
approach2_run3,4596000,1779289671.156598
approach2_run3,4597000,1779289671.244745
approach2_run3,4598000,1779289671.283977
approach2_run3,4599000,1779289671.373361
approach2_run3,4600000,1779289671.459508
approach2_run3,4601000,1779289671.548586
approach2_run3,4602000,1779289671.634672
approach2_run3,4603000,1779289671.642711
approach2_run3,4604000,1779289671.757749
approach2_run3,4605000,1779289671.842075
approach2_run3,4606000,1779289671.930388
approach2_run3,4607000,1779289671.949160
approach2_run3,4608000,1779289672.063192
approach2_run3,4609000,1779289672.141281
approach2_run3,4610000,1779289672.228103
approach2_run3,4611000,1779289672.245070
approach2_run3,4612000,1779289672.360979
approach2_run3,4613000,1779289672.405114
approach2_run3,4614000,1779289672.491884
approach2_run3,4615000,1779289672.551521
approach2_run3,4616000,1779289672.666511
approach2_run3,4617000,1779289672.668313
approach2_run3,4618000,1779289672.783173
approach2_run3,4619000,1779289672.874905
approach2_run3,4620000,1779289672.961600
approach2_run3,4621000,1779289673.056108
approach2_run3,4622000,1779289673.060363
approach2_run3,4623000,1779289673.171965
approach2_run3,4624000,1779289673.259587
approach2_run3,4625000,1779289673.348927
approach2_run3,4626000,1779289673.363201
approach2_run3,4627000,1779289673.478576
approach2_run3,4628000,1779289673.524429
approach2_run3,4629000,1779289673.612212
approach2_run3,4630000,1779289673.670416
approach2_run3,4631000,1779289673.785080
approach2_run3,4632000,1779289673.816803
approach2_run3,4633000,1779289673.905088
approach2_run3,4634000,1779289673.995388
approach2_run3,4635000,1779289674.082355
approach2_run3,4636000,1779289674.117455
approach2_run3,4637000,1779289674.206372
approach2_run3,4638000,1779289674.294099
approach2_run3,4639000,1779289674.382022
approach2_run3,4640000,1779289674.396325
approach2_run3,4641000,1779289674.510692
approach2_run3,4642000,1779289674.598319
approach2_run3,4643000,1779289674.645802
approach2_run3,4644000,1779289674.759052
approach2_run3,4645000,1779289674.789150
approach2_run3,4646000,1779289674.911231
approach2_run3,4647000,1779289674.940134
approach2_run3,4648000,1779289675.039701
approach2_run3,4649000,1779289675.114757
approach2_run3,4650000,1779289675.201055
approach2_run3,4651000,1779289675.239640
approach2_run3,4652000,1779289675.326997
approach2_run3,4653000,1779289675.416809
approach2_run3,4654000,1779289675.505364
approach2_run3,4655000,1779289675.515512
approach2_run3,4656000,1779289675.629897
approach2_run3,4657000,1779289675.707866
approach2_run3,4658000,1779289675.795951
approach2_run3,4659000,1779289675.804509
approach2_run3,4660000,1779289675.907629
approach2_run3,4661000,1779289675.985675
approach2_run3,4662000,1779289676.095308
approach2_run3,4663000,1779289676.187194
approach2_run3,4664000,1779289676.232113
approach2_run3,4665000,1779289676.320561
approach2_run3,4666000,1779289676.362798
approach2_run3,4667000,1779289676.452204
approach2_run3,4668000,1779289676.539366
approach2_run3,4669000,1779289676.626751
approach2_run3,4670000,1779289676.632443
approach2_run3,4671000,1779289676.745385
approach2_run3,4672000,1779289676.829765
approach2_run3,4673000,1779289676.925814
approach2_run3,4674000,1779289676.929512
approach2_run3,4675000,1779289677.025819
approach2_run3,4676000,1779289677.133770
approach2_run3,4677000,1779289677.221704
approach2_run3,4678000,1779289677.233929
approach2_run3,4679000,1779289677.347334
approach2_run3,4680000,1779289677.397498
approach2_run3,4681000,1779289677.484270
approach2_run3,4682000,1779289677.528235
approach2_run3,4683000,1779289677.628395
approach2_run3,4684000,1779289677.748358
approach2_run3,4685000,1779289677.774855
approach2_run3,4686000,1779289677.861089
approach2_run3,4687000,1779289677.953829
approach2_run3,4688000,1779289678.041276
approach2_run3,4689000,1779289678.073110
approach2_run3,4690000,1779289678.164886
approach2_run3,4691000,1779289678.253687
approach2_run3,4692000,1779289678.340475
approach2_run3,4693000,1779289678.351647
approach2_run3,4694000,1779289678.465293
approach2_run3,4695000,1779289678.517187
approach2_run3,4696000,1779289678.630144
approach2_run3,4697000,1779289678.644895
approach2_run3,4698000,1779289678.746248
approach2_run3,4699000,1779289678.806787
approach2_run3,4700000,1779289678.905105
approach2_run3,4701000,1779289678.953848
approach2_run3,4702000,1779289679.069515
approach2_run3,4703000,1779289679.157557
approach2_run3,4704000,1779289679.196475
approach2_run3,4705000,1779289679.284001
approach2_run3,4706000,1779289679.371052
approach2_run3,4707000,1779289679.457399
approach2_run3,4708000,1779289679.465725
approach2_run3,4709000,1779289679.555115
approach2_run3,4710000,1779289679.661348
approach2_run3,4711000,1779289679.749463
approach2_run3,4712000,1779289679.759581
approach2_run3,4713000,1779289679.852323
approach2_run3,4714000,1779289679.938872
approach2_run3,4715000,1779289680.052963
approach2_run3,4716000,1779289680.068723
approach2_run3,4717000,1779289680.156918
approach2_run3,4718000,1779289680.230780
approach2_run3,4719000,1779289680.316897
approach2_run3,4720000,1779289680.363906
approach2_run3,4721000,1779289680.466279
approach2_run3,4722000,1779289680.492134
approach2_run3,4723000,1779289680.584105
approach2_run3,4724000,1779289680.674867
approach2_run3,4725000,1779289680.783471
approach2_run3,4726000,1779289680.881032
approach2_run3,4727000,1779289680.886371
approach2_run3,4728000,1779289680.993490
approach2_run3,4729000,1779289681.084358
approach2_run3,4730000,1779289681.175567
approach2_run3,4731000,1779289681.186825
approach2_run3,4732000,1779289681.276600
approach2_run3,4733000,1779289681.349545
approach2_run3,4734000,1779289681.436307
approach2_run3,4735000,1779289681.485283
approach2_run3,4736000,1779289681.583209
approach2_run3,4737000,1779289681.637521
approach2_run3,4738000,1779289681.726537
approach2_run3,4739000,1779289681.791742
approach2_run3,4740000,1779289681.905613
approach2_run3,4741000,1779289681.917463
approach2_run3,4742000,1779289682.028556
approach2_run3,4743000,1779289682.089841
approach2_run3,4744000,1779289682.185010
approach2_run3,4745000,1779289682.206975
approach2_run3,4746000,1779289682.307954
approach2_run3,4747000,1779289682.394481
approach2_run3,4748000,1779289682.469037
approach2_run3,4749000,1779289682.583274
approach2_run3,4750000,1779289682.599795
approach2_run3,4751000,1779289682.699829
approach2_run3,4752000,1779289682.757921
approach2_run3,4753000,1779289682.883210
approach2_run3,4754000,1779289682.910447
approach2_run3,4755000,1779289683.023027
approach2_run3,4756000,1779289683.063586
approach2_run3,4757000,1779289683.150768
approach2_run3,4758000,1779289683.204704
approach2_run3,4759000,1779289683.302224
approach2_run3,4760000,1779289683.326530
approach2_run3,4761000,1779289683.426289
approach2_run3,4762000,1779289683.513648
approach2_run3,4763000,1779289683.616276
approach2_run3,4764000,1779289683.631364
approach2_run3,4765000,1779289683.719425
approach2_run3,4766000,1779289683.807245
approach2_run3,4767000,1779289683.918484
approach2_run3,4768000,1779289684.007671
approach2_run3,4769000,1779289684.029140
approach2_run3,4770000,1779289684.142133
approach2_run3,4771000,1779289684.182836
approach2_run3,4772000,1779289684.269520
approach2_run3,4773000,1779289684.322188
approach2_run3,4774000,1779289684.410637
approach2_run3,4775000,1779289684.473411
approach2_run3,4776000,1779289684.559903
approach2_run3,4777000,1779289684.632219
approach2_run3,4778000,1779289684.749696
approach2_run3,4779000,1779289684.751505
approach2_run3,4780000,1779289684.863154
approach2_run3,4781000,1779289684.925493
approach2_run3,4782000,1779289685.023207
approach2_run3,4783000,1779289685.042927
approach2_run3,4784000,1779289685.167386
approach2_run3,4785000,1779289685.241786
approach2_run3,4786000,1779289685.328363
approach2_run3,4787000,1779289685.379468
approach2_run3,4788000,1779289685.467194
approach2_run3,4789000,1779289685.561880
approach2_run3,4790000,1779289685.622580
approach2_run3,4791000,1779289685.709871
approach2_run3,4792000,1779289685.782816
approach2_run3,4793000,1779289685.904754
approach2_run3,4794000,1779289685.926987
approach2_run3,4795000,1779289686.013986
approach2_run3,4796000,1779289686.079788
approach2_run3,4797000,1779289686.168783
approach2_run3,4798000,1779289686.188422
approach2_run3,4799000,1779289686.296702
approach2_run3,4800000,1779289686.364907
approach2_run3,4801000,1779289686.481341
approach2_run3,4802000,1779289686.508604
approach2_run3,4803000,1779289686.596284
approach2_run3,4804000,1779289686.655277
approach2_run3,4805000,1779289686.763473
approach2_run3,4806000,1779289686.812853
approach2_run3,4807000,1779289686.899575
approach2_run3,4808000,1779289687.021847
approach2_run3,4809000,1779289687.045666
approach2_run3,4810000,1779289687.132420
approach2_run3,4811000,1779289687.199759
approach2_run3,4812000,1779289687.306443
approach2_run3,4813000,1779289687.327406
approach2_run3,4814000,1779289687.414886
approach2_run3,4815000,1779289687.505920
approach2_run3,4816000,1779289687.598393
approach2_run3,4817000,1779289687.626148
approach2_run3,4818000,1779289687.714975
approach2_run3,4819000,1779289687.794509
approach2_run3,4820000,1779289687.895072
approach2_run3,4821000,1779289687.931396
approach2_run3,4822000,1779289688.018096
approach2_run3,4823000,1779289688.077039
approach2_run3,4824000,1779289688.178124
approach2_run3,4825000,1779289688.229852
approach2_run3,4826000,1779289688.318604
approach2_run3,4827000,1779289688.370659
approach2_run3,4828000,1779289688.457445
approach2_run3,4829000,1779289688.565225
approach2_run3,4830000,1779289688.623643
approach2_run3,4831000,1779289688.738648
approach2_run3,4832000,1779289688.742899
approach2_run3,4833000,1779289688.839260
approach2_run3,4834000,1779289688.921383
approach2_run3,4835000,1779289689.020582
approach2_run3,4836000,1779289689.048700
approach2_run3,4837000,1779289689.137067
approach2_run3,4838000,1779289689.211825
approach2_run3,4839000,1779289689.316674
approach2_run3,4840000,1779289689.345722
approach2_run3,4841000,1779289689.436036
approach2_run3,4842000,1779289689.511710
approach2_run3,4843000,1779289689.598699
approach2_run3,4844000,1779289689.654659
approach2_run3,4845000,1779289689.742079
approach2_run3,4846000,1779289689.785714
approach2_run3,4847000,1779289689.879847
approach2_run3,4848000,1779289689.949800
approach2_run3,4849000,1779289690.039940
approach2_run3,4850000,1779289690.155391
approach2_run3,4851000,1779289690.164770
approach2_run3,4852000,1779289690.260405
approach2_run3,4853000,1779289690.344221
approach2_run3,4854000,1779289690.455278
approach2_run3,4855000,1779289690.463128
approach2_run3,4856000,1779289690.550931
approach2_run3,4857000,1779289690.641830
approach2_run3,4858000,1779289690.730145
approach2_run3,4859000,1779289690.770380
approach2_run3,4860000,1779289690.857770
approach2_run3,4861000,1779289690.911833
approach2_run3,4862000,1779289691.013493
approach2_run3,4863000,1779289691.065843
approach2_run3,4864000,1779289691.155021
approach2_run3,4865000,1779289691.203272
approach2_run3,4866000,1779289691.291523
approach2_run3,4867000,1779289691.373113
approach2_run3,4868000,1779289691.460026
approach2_run3,4869000,1779289691.492291
approach2_run3,4870000,1779289691.580175
approach2_run3,4871000,1779289691.673741
approach2_run3,4872000,1779289691.758218
approach2_run3,4873000,1779289691.855592
approach2_run3,4874000,1779289691.884312
approach2_run3,4875000,1779289691.974030
approach2_run3,4876000,1779289692.045617
approach2_run3,4877000,1779289692.131832
approach2_run3,4878000,1779289692.183073
approach2_run3,4879000,1779289692.272941
approach2_run3,4880000,1779289692.347615
approach2_run3,4881000,1779289692.435517
approach2_run3,4882000,1779289692.489239
approach2_run3,4883000,1779289692.576580
approach2_run3,4884000,1779289692.618817
approach2_run3,4885000,1779289692.714051
approach2_run3,4886000,1779289692.789250
approach2_run3,4887000,1779289692.875592
approach2_run3,4888000,1779289692.906432
approach2_run3,4889000,1779289693.000478
approach2_run3,4890000,1779289693.092676
approach2_run3,4891000,1779289693.181299
approach2_run3,4892000,1779289693.268753
approach2_run3,4893000,1779289693.300263
approach2_run3,4894000,1779289693.391401
approach2_run3,4895000,1779289693.467450
approach2_run3,4896000,1779289693.555047
approach2_run3,4897000,1779289693.603495
approach2_run3,4898000,1779289693.694098
approach2_run3,4899000,1779289693.748607
approach2_run3,4900000,1779289693.852291
approach2_run3,4901000,1779289693.904332
approach2_run3,4902000,1779289693.994325
approach2_run3,4903000,1779289694.041424
approach2_run3,4904000,1779289694.127933
approach2_run3,4905000,1779289694.210824
approach2_run3,4906000,1779289694.299083
approach2_run3,4907000,1779289694.326292
approach2_run3,4908000,1779289694.412495
approach2_run3,4909000,1779289694.501340
approach2_run3,4910000,1779289694.587563
approach2_run3,4911000,1779289694.597826
approach2_run3,4912000,1779289694.721594
approach2_run3,4913000,1779289694.811525
approach2_run3,4914000,1779289694.884327
approach2_run3,4915000,1779289694.985102
approach2_run3,4916000,1779289695.018461
approach2_run3,4917000,1779289695.110165
approach2_run3,4918000,1779289695.160013
approach2_run3,4919000,1779289695.270015
approach2_run3,4920000,1779289695.326672
approach2_run3,4921000,1779289695.415357
approach2_run3,4922000,1779289695.445855
approach2_run3,4923000,1779289695.531990
approach2_run3,4924000,1779289695.622713
approach2_run3,4925000,1779289695.712690
approach2_run3,4926000,1779289695.723754
approach2_run3,4927000,1779289695.835345
approach2_run3,4928000,1779289695.929019
approach2_run3,4929000,1779289696.016300
approach2_run3,4930000,1779289696.018221
approach2_run3,4931000,1779289696.104703
approach2_run3,4932000,1779289696.215408
approach2_run3,4933000,1779289696.301666
approach2_run3,4934000,1779289696.390430
approach2_run3,4935000,1779289696.443402
approach2_run3,4936000,1779289696.531887
approach2_run3,4937000,1779289696.572100
approach2_run3,4938000,1779289696.666575
approach2_run3,4939000,1779289696.733182
approach2_run3,4940000,1779289696.828844
approach2_run3,4941000,1779289696.876909
approach2_run3,4942000,1779289696.964561
approach2_run3,4943000,1779289697.047357
approach2_run3,4944000,1779289697.137132
approach2_run3,4945000,1779289697.162989
approach2_run3,4946000,1779289697.252855
approach2_run3,4947000,1779289697.339234
approach2_run3,4948000,1779289697.426223
approach2_run3,4949000,1779289697.432304
approach2_run3,4950000,1779289697.560178
approach2_run3,4951000,1779289697.614344
approach2_run3,4952000,1779289697.701915
approach2_run3,4953000,1779289697.743556
approach2_run3,4954000,1779289697.856830
approach2_run3,4955000,1779289697.947428
approach2_run3,4956000,1779289698.001419
approach2_run3,4957000,1779289698.087896
approach2_run3,4958000,1779289698.166637
approach2_run3,4959000,1779289698.255612
approach2_run3,4960000,1779289698.292770
approach2_run3,4961000,1779289698.380186
approach2_run3,4962000,1779289698.467549
approach2_run3,4963000,1779289698.554142
approach2_run3,4964000,1779289698.556067
approach2_run3,4965000,1779289698.676792
approach2_run3,4966000,1779289698.754362
approach2_run3,4967000,1779289698.859339
approach2_run3,4968000,1779289698.861068
approach2_run3,4969000,1779289698.978396
approach2_run3,4970000,1779289699.033516
approach2_run3,4971000,1779289699.143546
approach2_run3,4972000,1779289699.156833
approach2_run3,4973000,1779289699.282755
approach2_run3,4974000,1779289699.324525
approach2_run3,4975000,1779289699.410816
approach2_run3,4976000,1779289699.499066
approach2_run3,4977000,1779289699.583173
approach2_run3,4978000,1779289699.670210
approach2_run3,4979000,1779289699.678668
approach2_run3,4980000,1779289699.802401
approach2_run3,4981000,1779289699.885667
approach2_run3,4982000,1779289699.975184
approach2_run3,4983000,1779289699.977699
approach2_run3,4984000,1779289700.087152
approach2_run3,4985000,1779289700.174849
approach2_run3,4986000,1779289700.268032
approach2_run3,4987000,1779289700.272888
approach2_run3,4988000,1779289700.393905
approach2_run3,4989000,1779289700.444395
approach2_run3,4990000,1779289700.531171
approach2_run3,4991000,1779289700.578711
approach2_run3,4992000,1779289700.697692
approach2_run3,4993000,1779289700.731908
approach2_run3,4994000,1779289700.833899
approach2_run3,4995000,1779289700.875600
approach2_run3,4996000,1779289701.001757
approach2_run3,4997000,1779289701.094290
approach2_run3,4998000,1779289701.118928
approach2_run3,4999000,1779289701.213009
approach2_run3,5000000,1779289701.301642
approach2_run3,5001000,1779289701.388674
approach2_run3,5002000,1779289701.391334
approach2_run3,5003000,1779289701.479160
approach2_run3,5004000,1779289701.567474
approach2_run3,5005000,1779289701.655954
approach2_run3,5006000,1779289701.697297
approach2_run3,5007000,1779289701.815038
approach2_run3,5008000,1779289701.868704
approach2_run3,5009000,1779289701.977928
approach2_run3,5010000,1779289701.993377
approach2_run3,5011000,1779289702.111975
approach2_run3,5012000,1779289702.151969
approach2_run3,5013000,1779289702.243545
approach2_run3,5014000,1779289702.299323
approach2_run3,5015000,1779289702.417439
approach2_run3,5016000,1779289702.421520
approach2_run3,5017000,1779289702.508268
approach2_run3,5018000,1779289702.596088
approach2_run3,5019000,1779289702.686399
approach2_run3,5020000,1779289702.772770
approach2_run3,5021000,1779289702.812705
approach2_run3,5022000,1779289702.932095
approach2_run3,5023000,1779289702.986161
approach2_run3,5024000,1779289703.095379
approach2_run3,5025000,1779289703.109299
approach2_run3,5026000,1779289703.196340
approach2_run3,5027000,1779289703.273404
approach2_run3,5028000,1779289703.360704
approach2_run3,5029000,1779289703.415360
approach2_run3,5030000,1779289703.534468
approach2_run3,5031000,1779289703.538161
approach2_run3,5032000,1779289703.625961
approach2_run3,5033000,1779289703.711776
approach2_run3,5034000,1779289703.803296
approach2_run3,5035000,1779289703.830875
approach2_run3,5036000,1779289703.929454
approach2_run3,5037000,1779289704.017096
approach2_run3,5038000,1779289704.127012
approach2_run3,5039000,1779289704.215388
approach2_run3,5040000,1779289704.224761
approach2_run3,5041000,1779289704.313145
approach2_run3,5042000,1779289704.391452
approach2_run3,5043000,1779289704.481988
approach2_run3,5044000,1779289704.533656
approach2_run3,5045000,1779289704.620599
approach2_run3,5046000,1779289704.657187
approach2_run3,5047000,1779289704.745661
approach2_run3,5048000,1779289704.828629
approach2_run3,5049000,1779289704.917178
approach2_run3,5050000,1779289704.964575
approach2_run3,5051000,1779289705.071511
approach2_run3,5052000,1779289705.137220
approach2_run3,5053000,1779289705.248224
approach2_run3,5054000,1779289705.253621
approach2_run3,5055000,1779289705.342534
approach2_run3,5056000,1779289705.428684
approach2_run3,5057000,1779289705.514619
approach2_run3,5058000,1779289705.551243
approach2_run3,5059000,1779289705.646821
approach2_run3,5060000,1779289705.767740
approach2_run3,5061000,1779289705.779768
approach2_run3,5062000,1779289705.908787
approach2_run3,5063000,1779289705.945262
approach2_run3,5064000,1779289706.034371
approach2_run3,5065000,1779289706.107170
approach2_run3,5066000,1779289706.193671
approach2_run3,5067000,1779289706.253465
approach2_run3,5068000,1779289706.371059
approach2_run3,5069000,1779289706.373167
approach2_run3,5070000,1779289706.460755
approach2_run3,5071000,1779289706.547531
approach2_run3,5072000,1779289706.636006
approach2_run3,5073000,1779289706.668544
approach2_run3,5074000,1779289706.763387
approach2_run3,5075000,1779289706.852852
approach2_run3,5076000,1779289706.961727
approach2_run3,5077000,1779289706.974665
approach2_run3,5078000,1779289707.061660
approach2_run3,5079000,1779289707.138767
approach2_run3,5080000,1779289707.225250
approach2_run3,5081000,1779289707.311416
approach2_run3,5082000,1779289707.370175
approach2_run3,5083000,1779289707.487434
approach2_run3,5084000,1779289707.490215
approach2_run3,5085000,1779289707.579990
approach2_run3,5086000,1779289707.665107
approach2_run3,5087000,1779289707.754014
approach2_run3,5088000,1779289707.755860
approach2_run3,5089000,1779289707.882667
approach2_run3,5090000,1779289707.972850
approach2_run3,5091000,1779289708.081715
approach2_run3,5092000,1779289708.091053
approach2_run3,5093000,1779289708.179209
approach2_run3,5094000,1779289708.256411
approach2_run3,5095000,1779289708.343019
approach2_run3,5096000,1779289708.356903
approach2_run3,5097000,1779289708.481586
approach2_run3,5098000,1779289708.523366
approach2_run3,5099000,1779289708.623227
approach2_run3,5100000,1779289708.709333
approach2_run3,5101000,1779289708.781930
approach2_run3,5102000,1779289708.871256
approach2_run3,5103000,1779289708.915719
approach2_run3,5104000,1779289709.028813
approach2_run3,5105000,1779289709.085505
approach2_run3,5106000,1779289709.205555
approach2_run3,5107000,1779289709.210402
approach2_run3,5108000,1779289709.297612
approach2_run3,5109000,1779289709.382640
approach2_run3,5110000,1779289709.468699
approach2_run3,5111000,1779289709.475664
approach2_run3,5112000,1779289709.600929
approach2_run3,5113000,1779289709.655758
approach2_run3,5114000,1779289709.775097
approach2_run3,5115000,1779289709.813371
approach2_run3,5116000,1779289709.900042
approach2_run3,5117000,1779289709.975646
approach2_run3,5118000,1779289710.064700
approach2_run3,5119000,1779289710.077986
approach2_run3,5120000,1779289710.203633
approach2_run3,5121000,1779289710.324489
approach2_run3,5122000,1779289710.326463
approach2_run3,5123000,1779289710.414711
approach2_run3,5124000,1779289710.501305
approach2_run3,5125000,1779289710.597668
approach2_run3,5126000,1779289710.599547
approach2_run3,5127000,1779289710.719143
approach2_run3,5128000,1779289710.807300
approach2_run3,5129000,1779289710.893944
approach2_run3,5130000,1779289710.930582
approach2_run3,5131000,1779289711.017050
approach2_run3,5132000,1779289711.097084
approach2_run3,5133000,1779289711.183893
approach2_run3,5134000,1779289711.201277
approach2_run3,5135000,1779289711.323934
approach2_run3,5136000,1779289711.359584
approach2_run3,5137000,1779289711.446667
approach2_run3,5138000,1779289711.534128
approach2_run3,5139000,1779289711.621647
approach2_run3,5140000,1779289711.637138
approach2_run3,5141000,1779289711.764013
approach2_run3,5142000,1779289711.851956
approach2_run3,5143000,1779289711.931616
approach2_run3,5144000,1779289712.027312
approach2_run3,5145000,1779289712.044737
approach2_run3,5146000,1779289712.142492
approach2_run3,5147000,1779289712.223036
approach2_run3,5148000,1779289712.309661
approach2_run3,5149000,1779289712.330233
approach2_run3,5150000,1779289712.417585
approach2_run3,5151000,1779289712.487628
approach2_run3,5152000,1779289712.588580
approach2_run3,5153000,1779289712.652328
approach2_run3,5154000,1779289712.745121
approach2_run3,5155000,1779289712.796044
approach2_run3,5156000,1779289712.901815
approach2_run3,5157000,1779289712.932783
approach2_run3,5158000,1779289713.036812
approach2_run3,5159000,1779289713.082471
approach2_run3,5160000,1779289713.168639
approach2_run3,5161000,1779289713.256203
approach2_run3,5162000,1779289713.342919
approach2_run3,5163000,1779289713.432352
approach2_run3,5164000,1779289713.445422
approach2_run3,5165000,1779289713.533437
approach2_run3,5166000,1779289713.619288
approach2_run3,5167000,1779289713.736619
approach2_run3,5168000,1779289713.742395
approach2_run3,5169000,1779289713.861340
approach2_run3,5170000,1779289713.933058
approach2_run3,5171000,1779289714.026069
approach2_run3,5172000,1779289714.049499
approach2_run3,5173000,1779289714.135878
approach2_run3,5174000,1779289714.200686
approach2_run3,5175000,1779289714.287136
approach2_run3,5176000,1779289714.370800
approach2_run3,5177000,1779289714.465016
approach2_run3,5178000,1779289714.476806
approach2_run3,5179000,1779289714.563447
approach2_run3,5180000,1779289714.651565
approach2_run3,5181000,1779289714.738630
approach2_run3,5182000,1779289714.772382
approach2_run3,5183000,1779289714.877300
approach2_run3,5184000,1779289714.974787
approach2_run3,5185000,1779289715.058376
approach2_run3,5186000,1779289715.144677
approach2_run3,5187000,1779289715.163851
approach2_run3,5188000,1779289715.252001
approach2_run3,5189000,1779289715.322232
approach2_run3,5190000,1779289715.413406
approach2_run3,5191000,1779289715.471717
approach2_run3,5192000,1779289715.584255
approach2_run3,5193000,1779289715.600050
approach2_run3,5194000,1779289715.687782
approach2_run3,5195000,1779289715.771429
approach2_run3,5196000,1779289715.860971
approach2_run3,5197000,1779289715.909934
approach2_run3,5198000,1779289716.002460
approach2_run3,5199000,1779289716.089662
approach2_run3,5200000,1779289716.178879
approach2_run3,5201000,1779289716.187335
approach2_run3,5202000,1779289716.285952
approach2_run3,5203000,1779289716.358058
approach2_run3,5204000,1779289716.456674
approach2_run3,5205000,1779289716.543665
approach2_run3,5206000,1779289716.589589
approach2_run3,5207000,1779289716.699207
approach2_run3,5208000,1779289716.751935
approach2_run3,5209000,1779289716.855454
approach2_run3,5210000,1779289716.890262
approach2_run3,5211000,1779289716.979960
approach2_run3,5212000,1779289717.034050
approach2_run3,5213000,1779289717.121636
approach2_run3,5214000,1779289717.208746
approach2_run3,5215000,1779289717.300384
approach2_run3,5216000,1779289717.304703
approach2_run3,5217000,1779289717.403891
approach2_run3,5218000,1779289717.490113
approach2_run3,5219000,1779289717.578198
approach2_run3,5220000,1779289717.597538
approach2_run3,5221000,1779289717.697245
approach2_run3,5222000,1779289717.800014
approach2_run3,5223000,1779289717.890586
approach2_run3,5224000,1779289717.907003
approach2_run3,5225000,1779289718.006798
approach2_run3,5226000,1779289718.096414
approach2_run3,5227000,1779289718.153345
approach2_run3,5228000,1779289718.244235
approach2_run3,5229000,1779289718.307944
approach2_run3,5230000,1779289718.417071
approach2_run3,5231000,1779289718.432697
approach2_run3,5232000,1779289718.520853
approach2_run3,5233000,1779289718.608340
approach2_run3,5234000,1779289718.714164
approach2_run3,5235000,1779289718.726975
approach2_run3,5236000,1779289718.830095
approach2_run3,5237000,1779289718.921741
approach2_run3,5238000,1779289719.008475
approach2_run3,5239000,1779289719.020791
approach2_run3,5240000,1779289719.122084
approach2_run3,5241000,1779289719.183262
approach2_run3,5242000,1779289719.272220
approach2_run3,5243000,1779289719.317063
approach2_run3,5244000,1779289719.416253
approach2_run3,5245000,1779289719.462924
approach2_run3,5246000,1779289719.550217
approach2_run3,5247000,1779289719.637036
approach2_run3,5248000,1779289719.724465
approach2_run3,5249000,1779289719.814151
approach2_run3,5250000,1779289719.860778
approach2_run3,5251000,1779289719.951112
approach2_run3,5252000,1779289720.026550
approach2_run3,5253000,1779289720.125903
approach2_run3,5254000,1779289720.136481
approach2_run3,5255000,1779289720.238984
approach2_run3,5256000,1779289720.306256
approach2_run3,5257000,1779289720.407299
approach2_run3,5258000,1779289720.434595
approach2_run3,5259000,1779289720.533758
approach2_run3,5260000,1779289720.581275
approach2_run3,5261000,1779289720.668539
approach2_run3,5262000,1779289720.742236
approach2_run3,5263000,1779289720.841483
approach2_run3,5264000,1779289720.891921
approach2_run3,5265000,1779289720.982084
approach2_run3,5266000,1779289721.048838
approach2_run3,5267000,1779289721.142761
approach2_run3,5268000,1779289721.246119
approach2_run3,5269000,1779289721.252989
approach2_run3,5270000,1779289721.342558
approach2_run3,5271000,1779289721.438659
approach2_run3,5272000,1779289721.524783
approach2_run3,5273000,1779289721.549780
approach2_run3,5274000,1779289721.649892
approach2_run3,5275000,1779289721.699112
approach2_run3,5276000,1779289721.834027
approach2_run3,5277000,1779289721.855373
approach2_run3,5278000,1779289721.957010
approach2_run3,5279000,1779289722.013538
approach2_run3,5280000,1779289722.100038
approach2_run3,5281000,1779289722.151975
approach2_run3,5282000,1779289722.251423
approach2_run3,5283000,1779289722.282917
approach2_run3,5284000,1779289722.369233
approach2_run3,5285000,1779289722.457612
approach2_run3,5286000,1779289722.556306
approach2_run3,5287000,1779289722.559211
approach2_run3,5288000,1779289722.668686
approach2_run3,5289000,1779289722.755314
approach2_run3,5290000,1779289722.860753
approach2_run3,5291000,1779289722.955692
approach2_run3,5292000,1779289722.971299
approach2_run3,5293000,1779289723.059998
approach2_run3,5294000,1779289723.142530
approach2_run3,5295000,1779289723.228601
approach2_run3,5296000,1779289723.271408
approach2_run3,5297000,1779289723.362333
approach2_run3,5298000,1779289723.414661
approach2_run3,5299000,1779289723.500944
approach2_run3,5300000,1779289723.574150
approach2_run3,5301000,1779289723.674719
approach2_run3,5302000,1779289723.679451
approach2_run3,5303000,1779289723.785903
approach2_run3,5304000,1779289723.873541
approach2_run3,5305000,1779289723.970550
approach2_run3,5306000,1779289723.989333
approach2_run3,5307000,1779289724.089459
approach2_run3,5308000,1779289724.175724
approach2_run3,5309000,1779289724.261807
approach2_run3,5310000,1779289724.358686
approach2_run3,5311000,1779289724.388893
approach2_run3,5312000,1779289724.479736
approach2_run3,5313000,1779289724.533732
approach2_run3,5314000,1779289724.620032
approach2_run3,5315000,1779289724.695567
approach2_run3,5316000,1779289724.799606
approach2_run3,5317000,1779289724.842508
approach2_run3,5318000,1779289724.932851
approach2_run3,5319000,1779289724.995098
approach2_run3,5320000,1779289725.095352
approach2_run3,5321000,1779289725.120361
approach2_run3,5322000,1779289725.207854
approach2_run3,5323000,1779289725.297534
approach2_run3,5324000,1779289725.391001
approach2_run3,5325000,1779289725.420276
approach2_run3,5326000,1779289725.506304
approach2_run3,5327000,1779289725.565800
approach2_run3,5328000,1779289725.656621
approach2_run3,5329000,1779289725.721703
approach2_run3,5330000,1779289725.811234
approach2_run3,5331000,1779289725.915933
approach2_run3,5332000,1779289725.964409
approach2_run3,5333000,1779289726.064059
approach2_run3,5334000,1779289726.112636
approach2_run3,5335000,1779289726.206722
approach2_run3,5336000,1779289726.248687
approach2_run3,5337000,1779289726.334905
approach2_run3,5338000,1779289726.414519
approach2_run3,5339000,1779289726.509631
approach2_run3,5340000,1779289726.538664
approach2_run3,5341000,1779289726.628657
approach2_run3,5342000,1779289726.694865
approach2_run3,5343000,1779289726.816045
approach2_run3,5344000,1779289726.819207
approach2_run3,5345000,1779289726.928132
approach2_run3,5346000,1779289727.011667
approach2_run3,5347000,1779289727.097772
approach2_run3,5348000,1779289727.144035
approach2_run3,5349000,1779289727.231763
approach2_run3,5350000,1779289727.282690
approach2_run3,5351000,1779289727.369258
approach2_run3,5352000,1779289727.456492
approach2_run3,5353000,1779289727.533748
approach2_run3,5354000,1779289727.656971
approach2_run3,5355000,1779289727.674456
approach2_run3,5356000,1779289727.763316
approach2_run3,5357000,1779289727.834279
approach2_run3,5358000,1779289727.926603
approach2_run3,5359000,1779289727.942457
approach2_run3,5360000,1779289728.045443
approach2_run3,5361000,1779289728.141433
approach2_run3,5362000,1779289728.227427
approach2_run3,5363000,1779289728.260925
approach2_run3,5364000,1779289728.348871
approach2_run3,5365000,1779289728.402513
approach2_run3,5366000,1779289728.497637
approach2_run3,5367000,1779289728.559651
approach2_run3,5368000,1779289728.652458
approach2_run3,5369000,1779289728.709238
approach2_run3,5370000,1779289728.799886
approach2_run3,5371000,1779289728.886823
approach2_run3,5372000,1779289728.951073
approach2_run3,5373000,1779289729.044217
approach2_run3,5374000,1779289729.085017
approach2_run3,5375000,1779289729.172297
approach2_run3,5376000,1779289729.259715
approach2_run3,5377000,1779289729.349100
approach2_run3,5378000,1779289729.376345
approach2_run3,5379000,1779289729.465816
approach2_run3,5380000,1779289729.529490
approach2_run3,5381000,1779289729.650587
approach2_run3,5382000,1779289729.653005
approach2_run3,5383000,1779289729.764783
approach2_run3,5384000,1779289729.831748
approach2_run3,5385000,1779289729.917929
approach2_run3,5386000,1779289729.978582
approach2_run3,5387000,1779289730.076596
approach2_run3,5388000,1779289730.117014
approach2_run3,5389000,1779289730.204442
approach2_run3,5390000,1779289730.278994
approach2_run3,5391000,1779289730.370449
approach2_run3,5392000,1779289730.472357
approach2_run3,5393000,1779289730.494620
approach2_run3,5394000,1779289730.583185
approach2_run3,5395000,1779289730.682079
approach2_run3,5396000,1779289730.769839
approach2_run3,5397000,1779289730.776743
approach2_run3,5398000,1779289730.880957
approach2_run3,5399000,1779289730.970805
approach2_run3,5400000,1779289731.060474
approach2_run3,5401000,1779289731.096851
approach2_run3,5402000,1779289731.194016
approach2_run3,5403000,1779289731.240041
approach2_run3,5404000,1779289731.326504
approach2_run3,5405000,1779289731.395730
approach2_run3,5406000,1779289731.489139
approach2_run3,5407000,1779289731.505095
approach2_run3,5408000,1779289731.635833
approach2_run3,5409000,1779289731.700268
approach2_run3,5410000,1779289731.801729
approach2_run3,5411000,1779289731.813598
approach2_run3,5412000,1779289731.910249
approach2_run3,5413000,1779289732.007069
approach2_run3,5414000,1779289732.097012
approach2_run3,5415000,1779289732.184416
approach2_run3,5416000,1779289732.217095
approach2_run3,5417000,1779289732.304204
approach2_run3,5418000,1779289732.362023
approach2_run3,5419000,1779289732.450527
approach2_run3,5420000,1779289732.493504
approach2_run3,5421000,1779289732.602504
approach2_run3,5422000,1779289732.671409
approach2_run3,5423000,1779289732.759907
approach2_run3,5424000,1779289732.819471
approach2_run3,5425000,1779289732.913906
approach2_run3,5426000,1779289732.953814
approach2_run3,5427000,1779289733.040447
approach2_run3,5428000,1779289733.118045
approach2_run3,5429000,1779289733.204913
approach2_run3,5430000,1779289733.215728
approach2_run3,5431000,1779289733.334734
approach2_run3,5432000,1779289733.396023
approach2_run3,5433000,1779289733.486495
approach2_run3,5434000,1779289733.609665
approach2_run3,5435000,1779289733.619491
approach2_run3,5436000,1779289733.719772
approach2_run3,5437000,1779289733.814770
approach2_run3,5438000,1779289733.900953
approach2_run3,5439000,1779289733.936818
approach2_run3,5440000,1779289734.022913
approach2_run3,5441000,1779289734.074720
approach2_run3,5442000,1779289734.161075
approach2_run3,5443000,1779289734.236086
approach2_run3,5444000,1779289734.329355
approach2_run3,5445000,1779289734.341240
approach2_run3,5446000,1779289734.434737
approach2_run3,5447000,1779289734.518025
approach2_run3,5448000,1779289734.633415
approach2_run3,5449000,1779289734.650349
approach2_run3,5450000,1779289734.747987
approach2_run3,5451000,1779289734.837943
approach2_run3,5452000,1779289734.931826
approach2_run3,5453000,1779289734.933701
approach2_run3,5454000,1779289735.053863
approach2_run3,5455000,1779289735.150207
approach2_run3,5456000,1779289735.194338
approach2_run3,5457000,1779289735.280478
approach2_run3,5458000,1779289735.353994
approach2_run3,5459000,1779289735.447018
approach2_run3,5460000,1779289735.463555
approach2_run3,5461000,1779289735.553165
approach2_run3,5462000,1779289735.666161
approach2_run3,5463000,1779289735.754766
approach2_run3,5464000,1779289735.791191
approach2_run3,5465000,1779289735.877342
approach2_run3,5466000,1779289735.964994
approach2_run3,5467000,1779289736.051043
approach2_run3,5468000,1779289736.053315
approach2_run3,5469000,1779289736.171731
approach2_run3,5470000,1779289736.227576
approach2_run3,5471000,1779289736.316465
approach2_run3,5472000,1779289736.358581
approach2_run3,5473000,1779289736.473399
approach2_run3,5474000,1779289736.496734
approach2_run3,5475000,1779289736.627536
approach2_run3,5476000,1779289736.734430
approach2_run3,5477000,1779289736.784623
approach2_run3,5478000,1779289736.875691
approach2_run3,5479000,1779289736.911768
approach2_run3,5480000,1779289736.997878
approach2_run3,5481000,1779289737.082722
approach2_run3,5482000,1779289737.171837
approach2_run3,5483000,1779289737.188673
approach2_run3,5484000,1779289737.288900
approach2_run3,5485000,1779289737.355025
approach2_run3,5486000,1779289737.441417
approach2_run3,5487000,1779289737.478278
approach2_run3,5488000,1779289737.589051
approach2_run3,5489000,1779289737.667294
approach2_run3,5490000,1779289737.765989
approach2_run3,5491000,1779289737.790560
approach2_run3,5492000,1779289737.892540
approach2_run3,5493000,1779289737.943216
approach2_run3,5494000,1779289738.029112
approach2_run3,5495000,1779289738.081029
approach2_run3,5496000,1779289738.191657
approach2_run3,5497000,1779289738.296461
approach2_run3,5498000,1779289738.305243
approach2_run3,5499000,1779289738.406238
approach2_run3,5500000,1779289738.472466
approach2_run3,5501000,1779289738.595288
approach2_run3,5502000,1779289738.602601
approach2_run3,5503000,1779289738.706313
approach2_run3,5504000,1779289738.798257
approach2_run3,5505000,1779289738.887629
approach2_run3,5506000,1779289738.908229
approach2_run3,5507000,1779289739.009356
approach2_run3,5508000,1779289739.062300
approach2_run3,5509000,1779289739.148473
approach2_run3,5510000,1779289739.198938
approach2_run3,5511000,1779289739.319999
approach2_run3,5512000,1779289739.331542
approach2_run3,5513000,1779289739.458896
approach2_run3,5514000,1779289739.525189
approach2_run3,5515000,1779289739.622103
approach2_run3,5516000,1779289739.643631
approach2_run3,5517000,1779289739.739772
approach2_run3,5518000,1779289739.828699
approach2_run3,5519000,1779289739.920038
approach2_run3,5520000,1779289740.007531
approach2_run3,5521000,1779289740.026747
approach2_run3,5522000,1779289740.126650
approach2_run3,5523000,1779289740.181942
approach2_run3,5524000,1779289740.272861
approach2_run3,5525000,1779289740.317073
approach2_run3,5526000,1779289740.437042
approach2_run3,5527000,1779289740.494032
approach2_run3,5528000,1779289740.592531
approach2_run3,5529000,1779289740.629003
approach2_run3,5530000,1779289740.739465
approach2_run3,5531000,1779289740.772043
approach2_run3,5532000,1779289740.863439
approach2_run3,5533000,1779289740.941741
approach2_run3,5534000,1779289741.039336
approach2_run3,5535000,1779289741.041090
approach2_run3,5536000,1779289741.142891
approach2_run3,5537000,1779289741.218055
approach2_run3,5538000,1779289741.304786
approach2_run3,5539000,1779289741.391212
approach2_run3,5540000,1779289741.456664
approach2_run3,5541000,1779289741.543242
approach2_run3,5542000,1779289741.622821
approach2_run3,5543000,1779289741.714624
approach2_run3,5544000,1779289741.759388
approach2_run3,5545000,1779289741.856242
approach2_run3,5546000,1779289741.893339
approach2_run3,5547000,1779289741.979909
approach2_run3,5548000,1779289742.058305
approach2_run3,5549000,1779289742.156166
approach2_run3,5550000,1779289742.158005
approach2_run3,5551000,1779289742.260308
approach2_run3,5552000,1779289742.335464
approach2_run3,5553000,1779289742.421449
approach2_run3,5554000,1779289742.464324
approach2_run3,5555000,1779289742.572999
approach2_run3,5556000,1779289742.659241
approach2_run3,5557000,1779289742.746540
approach2_run3,5558000,1779289742.759353
approach2_run3,5559000,1779289742.877405
approach2_run3,5560000,1779289742.973227
approach2_run3,5561000,1779289743.015096
approach2_run3,5562000,1779289743.101204
approach2_run3,5563000,1779289743.175777
approach2_run3,5564000,1779289743.273849
approach2_run3,5565000,1779289743.279217
approach2_run3,5566000,1779289743.379096
approach2_run3,5567000,1779289743.453281
approach2_run3,5568000,1779289743.576143
approach2_run3,5569000,1779289743.582336
approach2_run3,5570000,1779289743.689571
approach2_run3,5571000,1779289743.778555
approach2_run3,5572000,1779289743.865235
approach2_run3,5573000,1779289743.894517
approach2_run3,5574000,1779289743.994471
approach2_run3,5575000,1779289744.046478
approach2_run3,5576000,1779289744.133002
approach2_run3,5577000,1779289744.184500
approach2_run3,5578000,1779289744.293641
approach2_run3,5579000,1779289744.310155
approach2_run3,5580000,1779289744.396747
approach2_run3,5581000,1779289744.495804
approach2_run3,5582000,1779289744.607013
approach2_run3,5583000,1779289744.699394
approach2_run3,5584000,1779289744.727661
approach2_run3,5585000,1779289744.814840
approach2_run3,5586000,1779289744.899699
approach2_run3,5587000,1779289744.990252
approach2_run3,5588000,1779289744.995054
approach2_run3,5589000,1779289745.113795
approach2_run3,5590000,1779289745.169198
approach2_run3,5591000,1779289745.256195
approach2_run3,5592000,1779289745.301468
approach2_run3,5593000,1779289745.412085
approach2_run3,5594000,1779289745.430503
approach2_run3,5595000,1779289745.556574
approach2_run3,5596000,1779289745.616456
approach2_run3,5597000,1779289745.723573
approach2_run3,5598000,1779289745.760319
approach2_run3,5599000,1779289745.846335
approach2_run3,5600000,1779289745.927552
approach2_run3,5601000,1779289746.015876
approach2_run3,5602000,1779289746.110953
approach2_run3,5603000,1779289746.112823
approach2_run3,5604000,1779289746.230096
approach2_run3,5605000,1779289746.286518
approach2_run3,5606000,1779289746.373497
approach2_run3,5607000,1779289746.419053
approach2_run3,5608000,1779289746.531076
approach2_run3,5609000,1779289746.587818
approach2_run3,5610000,1779289746.703567
approach2_run3,5611000,1779289746.748157
approach2_run3,5612000,1779289746.834193
approach2_run3,5613000,1779289746.878556
approach2_run3,5614000,1779289746.968323
approach2_run3,5615000,1779289747.044862
approach2_run3,5616000,1779289747.133249
approach2_run3,5617000,1779289747.144570
approach2_run3,5618000,1779289747.231712
approach2_run3,5619000,1779289747.320287
approach2_run3,5620000,1779289747.409776
approach2_run3,5621000,1779289747.535523
approach2_run3,5622000,1779289747.539309
approach2_run3,5623000,1779289747.651866
approach2_run3,5624000,1779289747.739361
approach2_run3,5625000,1779289747.826646
approach2_run3,5626000,1779289747.836372
approach2_run3,5627000,1779289747.955731
approach2_run3,5628000,1779289748.004227
approach2_run3,5629000,1779289748.090725
approach2_run3,5630000,1779289748.140190
approach2_run3,5631000,1779289748.251450
approach2_run3,5632000,1779289748.268957
approach2_run3,5633000,1779289748.357172
approach2_run3,5634000,1779289748.458064
approach2_run3,5635000,1779289748.557379
approach2_run3,5636000,1779289748.571767
approach2_run3,5637000,1779289748.682866
approach2_run3,5638000,1779289748.745638
approach2_run3,5639000,1779289748.853876
approach2_run3,5640000,1779289748.858770
approach2_run3,5641000,1779289748.953856
approach2_run3,5642000,1779289749.072638
approach2_run3,5643000,1779289749.122273
approach2_run3,5644000,1779289749.209906
approach2_run3,5645000,1779289749.255951
approach2_run3,5646000,1779289749.368521
approach2_run3,5647000,1779289749.385029
approach2_run3,5648000,1779289749.512031
approach2_run3,5649000,1779289749.588578
approach2_run3,5650000,1779289749.682755
approach2_run3,5651000,1779289749.713206
approach2_run3,5652000,1779289749.800114
approach2_run3,5653000,1779289749.862092
approach2_run3,5654000,1779289749.971769
approach2_run3,5655000,1779289749.975620
approach2_run3,5656000,1779289750.065105
approach2_run3,5657000,1779289750.154924
approach2_run3,5658000,1779289750.241094
approach2_run3,5659000,1779289750.285900
approach2_run3,5660000,1779289750.372185
approach2_run3,5661000,1779289750.415251
approach2_run3,5662000,1779289750.543162
approach2_run3,5663000,1779289750.630902
approach2_run3,5664000,1779289750.671242
approach2_run3,5665000,1779289750.790796
approach2_run3,5666000,1779289750.830719
approach2_run3,5667000,1779289750.920390
approach2_run3,5668000,1779289750.978192
approach2_run3,5669000,1779289751.086276
approach2_run3,5670000,1779289751.095527
approach2_run3,5671000,1779289751.183282
approach2_run3,5672000,1779289751.272843
approach2_run3,5673000,1779289751.400525
approach2_run3,5674000,1779289751.402407
approach2_run3,5675000,1779289751.490218
approach2_run3,5676000,1779289751.574718
approach2_run3,5677000,1779289751.688387
approach2_run3,5678000,1779289751.690313
approach2_run3,5679000,1779289751.779662
approach2_run3,5680000,1779289751.862422
approach2_run3,5681000,1779289751.953203
approach2_run3,5682000,1779289752.006714
approach2_run3,5683000,1779289752.097538
approach2_run3,5684000,1779289752.204735
approach2_run3,5685000,1779289752.215085
approach2_run3,5686000,1779289752.344992
approach2_run3,5687000,1779289752.391080
approach2_run3,5688000,1779289752.518274
approach2_run3,5689000,1779289752.520658
approach2_run3,5690000,1779289752.609858
approach2_run3,5691000,1779289752.700779
approach2_run3,5692000,1779289752.805879
approach2_run3,5693000,1779289752.808697
approach2_run3,5694000,1779289752.898735
approach2_run3,5695000,1779289752.984177
approach2_run3,5696000,1779289753.070443
approach2_run3,5697000,1779289753.124967
approach2_run3,5698000,1779289753.214020
approach2_run3,5699000,1779289753.246590
approach2_run3,5700000,1779289753.376318
approach2_run3,5701000,1779289753.411686
approach2_run3,5702000,1779289753.508291
approach2_run3,5703000,1779289753.550473
approach2_run3,5704000,1779289753.665817
approach2_run3,5705000,1779289753.752806
approach2_run3,5706000,1779289753.820895
approach2_run3,5707000,1779289753.924092
approach2_run3,5708000,1779289753.934363
approach2_run3,5709000,1779289754.020649
approach2_run3,5710000,1779289754.108316
approach2_run3,5711000,1779289754.195039
approach2_run3,5712000,1779289754.245712
approach2_run3,5713000,1779289754.333236
approach2_run3,5714000,1779289754.411566
approach2_run3,5715000,1779289754.497863
approach2_run3,5716000,1779289754.530396
approach2_run3,5717000,1779289754.620993
approach2_run3,5718000,1779289754.699814
approach2_run3,5719000,1779289754.793119
approach2_run3,5720000,1779289754.848545
approach2_run3,5721000,1779289754.936420
approach2_run3,5722000,1779289754.967831
approach2_run3,5723000,1779289755.054886
approach2_run3,5724000,1779289755.133575
approach2_run3,5725000,1779289755.225097
approach2_run3,5726000,1779289755.357146
approach2_run3,5727000,1779289755.359055
approach2_run3,5728000,1779289755.451102
approach2_run3,5729000,1779289755.532054
approach2_run3,5730000,1779289755.644648
approach2_run3,5731000,1779289755.646380
approach2_run3,5732000,1779289755.738513
approach2_run3,5733000,1779289755.826681
approach2_run3,5734000,1779289755.912911
approach2_run3,5735000,1779289755.961310
approach2_run3,5736000,1779289756.056071
approach2_run3,5737000,1779289756.087197
approach2_run3,5738000,1779289756.173967
approach2_run3,5739000,1779289756.250714
approach2_run3,5740000,1779289756.341699
approach2_run3,5741000,1779289756.390804
approach2_run3,5742000,1779289756.483351
approach2_run3,5743000,1779289756.579040
approach2_run3,5744000,1779289756.667155
approach2_run3,5745000,1779289756.686825
approach2_run3,5746000,1779289756.781176
approach2_run3,5747000,1779289756.870387
approach2_run3,5748000,1779289756.958150
approach2_run3,5749000,1779289757.044561
approach2_run3,5750000,1779289757.073945
approach2_run3,5751000,1779289757.179563
approach2_run3,5752000,1779289757.220171
approach2_run3,5753000,1779289757.345894
approach2_run3,5754000,1779289757.377442
approach2_run3,5755000,1779289757.466729
approach2_run3,5756000,1779289757.521152
approach2_run3,5757000,1779289757.629015
approach2_run3,5758000,1779289757.694886
approach2_run3,5759000,1779289757.783867
approach2_run3,5760000,1779289757.812489
approach2_run3,5761000,1779289757.901732
approach2_run3,5762000,1779289757.981571
approach2_run3,5763000,1779289758.071350
approach2_run3,5764000,1779289758.076406
approach2_run3,5765000,1779289758.169715
approach2_run3,5766000,1779289758.290831
approach2_run3,5767000,1779289758.377266
approach2_run3,5768000,1779289758.463647
approach2_run3,5769000,1779289758.495399
approach2_run3,5770000,1779289758.583116
approach2_run3,5771000,1779289758.660507
approach2_run3,5772000,1779289758.746673
approach2_run3,5773000,1779289758.793363
approach2_run3,5774000,1779289758.903293
approach2_run3,5775000,1779289758.933568
approach2_run3,5776000,1779289759.019806
approach2_run3,5777000,1779289759.099400
approach2_run3,5778000,1779289759.188625
approach2_run3,5779000,1779289759.236177
approach2_run3,5780000,1779289759.332725
approach2_run3,5781000,1779289759.419240
approach2_run3,5782000,1779289759.505960
approach2_run3,5783000,1779289759.507546
approach2_run3,5784000,1779289759.613051
approach2_run3,5785000,1779289759.693146
approach2_run3,5786000,1779289759.786484
approach2_run3,5787000,1779289759.796112
approach2_run3,5788000,1779289759.892152
approach2_run3,5789000,1779289760.020139
approach2_run3,5790000,1779289760.054870
approach2_run3,5791000,1779289760.179654
approach2_run3,5792000,1779289760.216341
approach2_run3,5793000,1779289760.307572
approach2_run3,5794000,1779289760.364792
approach2_run3,5795000,1779289760.450791
approach2_run3,5796000,1779289760.514283
approach2_run3,5797000,1779289760.623721
approach2_run3,5798000,1779289760.637105
approach2_run3,5799000,1779289760.731336
approach2_run3,5800000,1779289760.820354
approach2_run3,5801000,1779289760.911517
approach2_run3,5802000,1779289760.915077
approach2_run3,5803000,1779289761.010281
approach2_run3,5804000,1779289761.086947
approach2_run3,5805000,1779289761.211545
approach2_run3,5806000,1779289761.245915
approach2_run3,5807000,1779289761.334494
approach2_run3,5808000,1779289761.396128
approach2_run3,5809000,1779289761.482796
approach2_run3,5810000,1779289761.580738
approach2_run3,5811000,1779289761.632771
approach2_run3,5812000,1779289761.742965
approach2_run3,5813000,1779289761.762473
approach2_run3,5814000,1779289761.857013
approach2_run3,5815000,1779289761.938304
approach2_run3,5816000,1779289762.031440
approach2_run3,5817000,1779289762.033247
approach2_run3,5818000,1779289762.157464
approach2_run3,5819000,1779289762.253528
approach2_run3,5820000,1779289762.340309
approach2_run3,5821000,1779289762.347007
approach2_run3,5822000,1779289762.452745
approach2_run3,5823000,1779289762.527211
approach2_run3,5824000,1779289762.614080
approach2_run3,5825000,1779289762.638504
approach2_run3,5826000,1779289762.750250
approach2_run3,5827000,1779289762.798190
approach2_run3,5828000,1779289762.889563
approach2_run3,5829000,1779289762.967715
approach2_run3,5830000,1779289763.056854
approach2_run3,5831000,1779289763.148774
approach2_run3,5832000,1779289763.189548
approach2_run3,5833000,1779289763.284795
approach2_run3,5834000,1779289763.373270
approach2_run3,5835000,1779289763.471667
approach2_run3,5836000,1779289763.481365
approach2_run3,5837000,1779289763.569472
approach2_run3,5838000,1779289763.652533
approach2_run3,5839000,1779289763.741327
approach2_run3,5840000,1779289763.755851
approach2_run3,5841000,1779289763.867327
approach2_run3,5842000,1779289763.921922
approach2_run3,5843000,1779289764.047339
approach2_run3,5844000,1779289764.083752
approach2_run3,5845000,1779289764.172436
approach2_run3,5846000,1779289764.230307
approach2_run3,5847000,1779289764.317013
approach2_run3,5848000,1779289764.357141
approach2_run3,5849000,1779289764.497305
approach2_run3,5850000,1779289764.503717
approach2_run3,5851000,1779289764.589725
approach2_run3,5852000,1779289764.685790
approach2_run3,5853000,1779289764.774660
approach2_run3,5854000,1779289764.865391
approach2_run3,5855000,1779289764.867709
approach2_run3,5856000,1779289764.963283
approach2_run3,5857000,1779289765.078670
approach2_run3,5858000,1779289765.173140
approach2_run3,5859000,1779289765.207503
approach2_run3,5860000,1779289765.294400
approach2_run3,5861000,1779289765.347489
approach2_run3,5862000,1779289765.434098
approach2_run3,5863000,1779289765.474773
approach2_run3,5864000,1779289765.586259
approach2_run3,5865000,1779289765.621330
approach2_run3,5866000,1779289765.722016
approach2_run3,5867000,1779289765.809155
approach2_run3,5868000,1779289765.896689
approach2_run3,5869000,1779289765.898398
approach2_run3,5870000,1779289766.021597
approach2_run3,5871000,1779289766.108589
approach2_run3,5872000,1779289766.203887
approach2_run3,5873000,1779289766.290365
approach2_run3,5874000,1779289766.324884
approach2_run3,5875000,1779289766.412839
approach2_run3,5876000,1779289766.477049
approach2_run3,5877000,1779289766.563359
approach2_run3,5878000,1779289766.591305
approach2_run3,5879000,1779289766.686067
approach2_run3,5880000,1779289766.745687
approach2_run3,5881000,1779289766.839811
approach2_run3,5882000,1779289766.928797
approach2_run3,5883000,1779289767.015743
approach2_run3,5884000,1779289767.052707
approach2_run3,5885000,1779289767.147563
approach2_run3,5886000,1779289767.199229
approach2_run3,5887000,1779289767.308368
approach2_run3,5888000,1779289767.321990
approach2_run3,5889000,1779289767.442951
approach2_run3,5890000,1779289767.507036
approach2_run3,5891000,1779289767.594058
approach2_run3,5892000,1779289767.682144
approach2_run3,5893000,1779289767.707131
approach2_run3,5894000,1779289767.803968
approach2_run3,5895000,1779289767.874724
approach2_run3,5896000,1779289767.961919
approach2_run3,5897000,1779289768.049538
approach2_run3,5898000,1779289768.136367
approach2_run3,5899000,1779289768.182657
approach2_run3,5900000,1779289768.268952
approach2_run3,5901000,1779289768.311807
approach2_run3,5902000,1779289768.430037
approach2_run3,5903000,1779289768.447603
approach2_run3,5904000,1779289768.562928
approach2_run3,5905000,1779289768.631487
approach2_run3,5906000,1779289768.722181
approach2_run3,5907000,1779289768.738781
approach2_run3,5908000,1779289768.826578
approach2_run3,5909000,1779289768.904837
approach2_run3,5910000,1779289768.992228
approach2_run3,5911000,1779289769.078762
approach2_run3,5912000,1779289769.165417
approach2_run3,5913000,1779289769.251945
approach2_run3,5914000,1779289769.303258
approach2_run3,5915000,1779289769.389600
approach2_run3,5916000,1779289769.429883
approach2_run3,5917000,1779289769.547063
approach2_run3,5918000,1779289769.572997
approach2_run3,5919000,1779289769.680202
approach2_run3,5920000,1779289769.752279
approach2_run3,5921000,1779289769.838834
approach2_run3,5922000,1779289769.855615
approach2_run3,5923000,1779289769.944517
approach2_run3,5924000,1779289770.022346
approach2_run3,5925000,1779289770.147107
approach2_run3,5926000,1779289770.196060
approach2_run3,5927000,1779289770.282332
approach2_run3,5928000,1779289770.334018
approach2_run3,5929000,1779289770.420223
approach2_run3,5930000,1779289770.457720
approach2_run3,5931000,1779289770.548986
approach2_run3,5932000,1779289770.604960
approach2_run3,5933000,1779289770.695330
approach2_run3,5934000,1779289770.798392
approach2_run3,5935000,1779289770.875734
approach2_run3,5936000,1779289770.967131
approach2_run3,5937000,1779289770.972646
approach2_run3,5938000,1779289771.091469
approach2_run3,5939000,1779289771.162376
approach2_run3,5940000,1779289771.276508
approach2_run3,5941000,1779289771.314522
approach2_run3,5942000,1779289771.401000
approach2_run3,5943000,1779289771.450970
approach2_run3,5944000,1779289771.546171
approach2_run3,5945000,1779289771.575180
approach2_run3,5946000,1779289771.677318
approach2_run3,5947000,1779289771.728238
approach2_run3,5948000,1779289771.820304
approach2_run3,5949000,1779289771.911976
approach2_run3,5950000,1779289772.002832
approach2_run3,5951000,1779289772.037150
approach2_run3,5952000,1779289772.123713
approach2_run3,5953000,1779289772.178129
approach2_run3,5954000,1779289772.279083
approach2_run3,5955000,1779289772.394740
approach2_run3,5956000,1779289772.430715
approach2_run3,5957000,1779289772.517268
approach2_run3,5958000,1779289772.577485
approach2_run3,5959000,1779289772.664996
approach2_run3,5960000,1779289772.691836
approach2_run3,5961000,1779289772.783999
approach2_run3,5962000,1779289772.847371
approach2_run3,5963000,1779289772.943803
approach2_run3,5964000,1779289773.033024
approach2_run3,5965000,1779289773.119296
approach2_run3,5966000,1779289773.162843
approach2_run3,5967000,1779289773.249376
approach2_run3,5968000,1779289773.294503
approach2_run3,5969000,1779289773.395274
approach2_run3,5970000,1779289773.426725
approach2_run3,5971000,1779289773.523787
approach2_run3,5972000,1779289773.607803
approach2_run3,5973000,1779289773.696561
approach2_run3,5974000,1779289773.722649
approach2_run3,5975000,1779289773.809677
approach2_run3,5976000,1779289773.901733
approach2_run3,5977000,1779289773.976233
approach2_run3,5978000,1779289774.099562
approach2_run3,5979000,1779289774.149597
approach2_run3,5980000,1779289774.237023
approach2_run3,5981000,1779289774.281441
approach2_run3,5982000,1779289774.369421
approach2_run3,5983000,1779289774.417228
approach2_run3,5984000,1779289774.512655
approach2_run3,5985000,1779289774.545734
approach2_run3,5986000,1779289774.641664
approach2_run3,5987000,1779289774.728493
approach2_run3,5988000,1779289774.821005
approach2_run3,5989000,1779289774.840561
approach2_run3,5990000,1779289774.927511
approach2_run3,5991000,1779289775.019517
approach2_run3,5992000,1779289775.131744
approach2_run3,5993000,1779289775.158095
approach2_run3,5994000,1779289775.266630
approach2_run3,5995000,1779289775.314401
approach2_run3,5996000,1779289775.403136
approach2_run3,5997000,1779289775.489301
approach2_run3,5998000,1779289775.534257
approach2_run3,5999000,1779289775.629998
approach2_run3,6000000,1779289775.671034
approach2_run3,6001000,1779289775.759985
approach2_run3,6002000,1779289775.851715
approach2_run3,6003000,1779289775.946441
approach2_run3,6004000,1779289775.957625
approach2_run3,6005000,1779289776.074872
approach2_run3,6006000,1779289776.136437
approach2_run3,6007000,1779289776.250726
approach2_run3,6008000,1779289776.254938
approach2_run3,6009000,1779289776.384193
approach2_run3,6010000,1779289776.433022
approach2_run3,6011000,1779289776.519327
approach2_run3,6012000,1779289776.560048
approach2_run3,6013000,1779289776.650702
approach2_run3,6014000,1779289776.704775
approach2_run3,6015000,1779289776.792152
approach2_run3,6016000,1779289776.882085
approach2_run3,6017000,1779289776.976789
approach2_run3,6018000,1779289777.075135
approach2_run3,6019000,1779289777.105502
approach2_run3,6020000,1779289777.191927
approach2_run3,6021000,1779289777.253475
approach2_run3,6022000,1779289777.367406
approach2_run3,6023000,1779289777.374043
approach2_run3,6024000,1779289777.509657
approach2_run3,6025000,1779289777.550065
approach2_run3,6026000,1779289777.647611
approach2_run3,6027000,1779289777.683833
approach2_run3,6028000,1779289777.770197
approach2_run3,6029000,1779289777.830994
approach2_run3,6030000,1779289777.917208
approach2_run3,6031000,1779289777.993278
approach2_run3,6032000,1779289778.111866
approach2_run3,6033000,1779289778.137599
approach2_run3,6034000,1779289778.228964
approach2_run3,6035000,1779289778.286664
approach2_run3,6036000,1779289778.374101
approach2_run3,6037000,1779289778.405922
approach2_run3,6038000,1779289778.494939
approach2_run3,6039000,1779289778.627299
approach2_run3,6040000,1779289778.678572
approach2_run3,6041000,1779289778.774755
approach2_run3,6042000,1779289778.802133
approach2_run3,6043000,1779289778.888605
approach2_run3,6044000,1779289778.948980
approach2_run3,6045000,1779289779.038618
approach2_run3,6046000,1779289779.121449
approach2_run3,6047000,1779289779.229872
approach2_run3,6048000,1779289779.259855
approach2_run3,6049000,1779289779.348574
approach2_run3,6050000,1779289779.404740
approach2_run3,6051000,1779289779.491279
approach2_run3,6052000,1779289779.525618
approach2_run3,6053000,1779289779.612316
approach2_run3,6054000,1779289779.709943
approach2_run3,6055000,1779289779.805057
approach2_run3,6056000,1779289779.833044
approach2_run3,6057000,1779289779.919281
approach2_run3,6058000,1779289779.982669
approach2_run3,6059000,1779289780.102973
approach2_run3,6060000,1779289780.197509
approach2_run3,6061000,1779289780.254275
approach2_run3,6062000,1779289780.347120
approach2_run3,6063000,1779289780.379462
approach2_run3,6064000,1779289780.477057
approach2_run3,6065000,1779289780.521679
approach2_run3,6066000,1779289780.618122
approach2_run3,6067000,1779289780.654293
approach2_run3,6068000,1779289780.749685
approach2_run3,6069000,1779289780.836620
approach2_run3,6070000,1779289780.923142
approach2_run3,6071000,1779289780.950273
approach2_run3,6072000,1779289781.036996
approach2_run3,6073000,1779289781.124779
approach2_run3,6074000,1779289781.222065
approach2_run3,6075000,1779289781.235604
approach2_run3,6076000,1779289781.355509
approach2_run3,6077000,1779289781.412469
approach2_run3,6078000,1779289781.509215
approach2_run3,6079000,1779289781.552320
approach2_run3,6080000,1779289781.639382
approach2_run3,6081000,1779289781.736369
approach2_run3,6082000,1779289781.781378
approach2_run3,6083000,1779289781.867441
approach2_run3,6084000,1779289781.955785
approach2_run3,6085000,1779289782.044030
approach2_run3,6086000,1779289782.068497
approach2_run3,6087000,1779289782.178654
approach2_run3,6088000,1779289782.253406
approach2_run3,6089000,1779289782.352962
approach2_run3,6090000,1779289782.355474
approach2_run3,6091000,1779289782.474263
approach2_run3,6092000,1779289782.542743
approach2_run3,6093000,1779289782.630089
approach2_run3,6094000,1779289782.676009
approach2_run3,6095000,1779289782.762551
approach2_run3,6096000,1779289782.813863
approach2_run3,6097000,1779289782.900280
approach2_run3,6098000,1779289782.958667
approach2_run3,6099000,1779289783.098332
approach2_run3,6100000,1779289783.117444
approach2_run3,6101000,1779289783.212908
approach2_run3,6102000,1779289783.299356
approach2_run3,6103000,1779289783.372091
approach2_run3,6104000,1779289783.458443
approach2_run3,6105000,1779289783.485410
approach2_run3,6106000,1779289783.592726
approach2_run3,6107000,1779289783.662283
approach2_run3,6108000,1779289783.760061
approach2_run3,6109000,1779289783.793835
approach2_run3,6110000,1779289783.879854
approach2_run3,6111000,1779289783.935372
approach2_run3,6112000,1779289784.052768
approach2_run3,6113000,1779289784.141262
approach2_run3,6114000,1779289784.156787
approach2_run3,6115000,1779289784.243402
approach2_run3,6116000,1779289784.330344
approach2_run3,6117000,1779289784.400511
approach2_run3,6118000,1779289784.486454
approach2_run3,6119000,1779289784.572273
approach2_run3,6120000,1779289784.603412
approach2_run3,6121000,1779289784.704648
approach2_run3,6122000,1779289784.746234
approach2_run3,6123000,1779289784.832033
approach2_run3,6124000,1779289784.917922
approach2_run3,6125000,1779289785.004803
approach2_run3,6126000,1779289785.090829
approach2_run3,6127000,1779289785.176762
approach2_run3,6128000,1779289785.187403
approach2_run3,6129000,1779289785.274290
approach2_run3,6130000,1779289785.365710
approach2_run3,6131000,1779289785.436365
approach2_run3,6132000,1779289785.522313
approach2_run3,6133000,1779289785.546217
approach2_run3,6134000,1779289785.635484
approach2_run3,6135000,1779289785.736007
approach2_run3,6136000,1779289785.781648
approach2_run3,6137000,1779289785.867776
approach2_run3,6138000,1779289785.911575
approach2_run3,6139000,1779289786.036716
approach2_run3,6140000,1779289786.124704
approach2_run3,6141000,1779289786.141724
approach2_run3,6142000,1779289786.228020
approach2_run3,6143000,1779289786.343898
approach2_run3,6144000,1779289786.403640
approach2_run3,6145000,1779289786.489572
approach2_run3,6146000,1779289786.577877
approach2_run3,6147000,1779289786.618673
approach2_run3,6148000,1779289786.704631
approach2_run3,6149000,1779289786.755017
approach2_run3,6150000,1779289786.854527
approach2_run3,6151000,1779289786.963654
approach2_run3,6152000,1779289786.980483
approach2_run3,6153000,1779289787.067789
approach2_run3,6154000,1779289787.165620
approach2_run3,6155000,1779289787.226973
approach2_run3,6156000,1779289787.312729
approach2_run3,6157000,1779289787.347404
approach2_run3,6158000,1779289787.433678
approach2_run3,6159000,1779289787.521398
approach2_run3,6160000,1779289787.577494
approach2_run3,6161000,1779289787.663545
approach2_run3,6162000,1779289787.749335
approach2_run3,6163000,1779289787.785231
approach2_run3,6164000,1779289787.884483
approach2_run3,6165000,1779289788.008161
approach2_run3,6166000,1779289788.010408
approach2_run3,6167000,1779289788.100023
approach2_run3,6168000,1779289788.181439
approach2_run3,6169000,1779289788.268411
approach2_run3,6170000,1779289788.353873
approach2_run3,6171000,1779289788.377891
approach2_run3,6172000,1779289788.465108
approach2_run3,6173000,1779289788.552786
approach2_run3,6174000,1779289788.613969
approach2_run3,6175000,1779289788.700612
approach2_run3,6176000,1779289788.728102
approach2_run3,6177000,1779289788.828458
approach2_run3,6178000,1779289788.915248
approach2_run3,6179000,1779289788.959922
approach2_run3,6180000,1779289789.045807
approach2_run3,6181000,1779289789.139886
approach2_run3,6182000,1779289789.219213
approach2_run3,6183000,1779289789.305200
approach2_run3,6184000,1779289789.321833
approach2_run3,6185000,1779289789.408314
approach2_run3,6186000,1779289789.496883
approach2_run3,6187000,1779289789.566206
approach2_run3,6188000,1779289789.665697
approach2_run3,6189000,1779289789.751591
approach2_run3,6190000,1779289789.761980
approach2_run3,6191000,1779289789.859336
approach2_run3,6192000,1779289789.987362
approach2_run3,6193000,1779289790.011348
approach2_run3,6194000,1779289790.097362
approach2_run3,6195000,1779289790.171499
approach2_run3,6196000,1779289790.265502
approach2_run3,6197000,1779289790.320458
approach2_run3,6198000,1779289790.413993
approach2_run3,6199000,1779289790.440253
approach2_run3,6200000,1779289790.527651
approach2_run3,6201000,1779289790.596525
approach2_run3,6202000,1779289790.699180
approach2_run3,6203000,1779289790.785275
approach2_run3,6204000,1779289790.804187
approach2_run3,6205000,1779289790.931413
approach2_run3,6206000,1779289791.016448
approach2_run3,6207000,1779289791.107355
approach2_run3,6208000,1779289791.114257
approach2_run3,6209000,1779289791.200833
approach2_run3,6210000,1779289791.296814
approach2_run3,6211000,1779289791.383084
approach2_run3,6212000,1779289791.432209
approach2_run3,6213000,1779289791.528921
approach2_run3,6214000,1779289791.559152
approach2_run3,6215000,1779289791.646925
approach2_run3,6216000,1779289791.709651
approach2_run3,6217000,1779289791.813216
approach2_run3,6218000,1779289791.834152
approach2_run3,6219000,1779289791.920410
approach2_run3,6220000,1779289792.034528
approach2_run3,6221000,1779289792.132875
approach2_run3,6222000,1779289792.144501
approach2_run3,6223000,1779289792.230659
approach2_run3,6224000,1779289792.325380
approach2_run3,6225000,1779289792.415264
approach2_run3,6226000,1779289792.501189
approach2_run3,6227000,1779289792.505420
approach2_run3,6228000,1779289792.635847
approach2_run3,6229000,1779289792.690216
approach2_run3,6230000,1779289792.776515
approach2_run3,6231000,1779289792.826338
approach2_run3,6232000,1779289792.913749
approach2_run3,6233000,1779289792.993174
approach2_run3,6234000,1779289793.080264
approach2_run3,6235000,1779289793.150888
approach2_run3,6236000,1779289793.237787
approach2_run3,6237000,1779289793.269268
approach2_run3,6238000,1779289793.355837
approach2_run3,6239000,1779289793.428864
approach2_run3,6240000,1779289793.517806
approach2_run3,6241000,1779289793.534189
approach2_run3,6242000,1779289793.621747
approach2_run3,6243000,1779289793.720994
approach2_run3,6244000,1779289793.807361
approach2_run3,6245000,1779289793.893442
approach2_run3,6246000,1779289793.943511
approach2_run3,6247000,1779289794.030223
approach2_run3,6248000,1779289794.110887
approach2_run3,6249000,1779289794.204293
approach2_run3,6250000,1779289794.223669
approach2_run3,6251000,1779289794.354733
approach2_run3,6252000,1779289794.387421
approach2_run3,6253000,1779289794.474674
approach2_run3,6254000,1779289794.546213
approach2_run3,6255000,1779289794.634967
approach2_run3,6256000,1779289794.665314
approach2_run3,6257000,1779289794.751853
approach2_run3,6258000,1779289794.834393
approach2_run3,6259000,1779289794.959534
approach2_run3,6260000,1779289794.968026
approach2_run3,6261000,1779289795.064004
approach2_run3,6262000,1779289795.154561
approach2_run3,6263000,1779289795.244729
approach2_run3,6264000,1779289795.257052
approach2_run3,6265000,1779289795.344886
approach2_run3,6266000,1779289795.481534
approach2_run3,6267000,1779289795.513826
approach2_run3,6268000,1779289795.600004
approach2_run3,6269000,1779289795.675164
approach2_run3,6270000,1779289795.761703
approach2_run3,6271000,1779289795.789320
approach2_run3,6272000,1779289795.876465
approach2_run3,6273000,1779289795.946393
approach2_run3,6274000,1779289796.087116
approach2_run3,6275000,1779289796.096441
approach2_run3,6276000,1779289796.189895
approach2_run3,6277000,1779289796.278054
approach2_run3,6278000,1779289796.366154
approach2_run3,6279000,1779289796.372863
approach2_run3,6280000,1779289796.461399
approach2_run3,6281000,1779289796.544658
approach2_run3,6282000,1779289796.646906
approach2_run3,6283000,1779289796.704795
approach2_run3,6284000,1779289796.792590
approach2_run3,6285000,1779289796.820829
approach2_run3,6286000,1779289796.907737
approach2_run3,6287000,1779289796.994310
approach2_run3,6288000,1779289797.064095
approach2_run3,6289000,1779289797.200205
approach2_run3,6290000,1779289797.219788
approach2_run3,6291000,1779289797.307297
approach2_run3,6292000,1779289797.396591
approach2_run3,6293000,1779289797.490458
approach2_run3,6294000,1779289797.492167
approach2_run3,6295000,1779289797.595474
approach2_run3,6296000,1779289797.707797
approach2_run3,6297000,1779289797.814312
approach2_run3,6298000,1779289797.872154
approach2_run3,6299000,1779289797.964384
approach2_run3,6300000,1779289798.004385
approach2_run3,6301000,1779289798.139160
approach2_run3,6302000,1779289798.174336
approach2_run3,6303000,1779289798.263421
approach2_run3,6304000,1779289798.324534
approach2_run3,6305000,1779289798.418359
approach2_run3,6306000,1779289798.500917
approach2_run3,6307000,1779289798.590556
approach2_run3,6308000,1779289798.689533
approach2_run3,6309000,1779289798.711787
approach2_run3,6310000,1779289798.798894
approach2_run3,6311000,1779289798.866960
approach2_run3,6312000,1779289798.974897
approach2_run3,6313000,1779289798.995455
approach2_run3,6314000,1779289799.104181
approach2_run3,6315000,1779289799.172635
approach2_run3,6316000,1779289799.259143
approach2_run3,6317000,1779289799.291928
approach2_run3,6318000,1779289799.378963
approach2_run3,6319000,1779289799.452526
approach2_run3,6320000,1779289799.540800
approach2_run3,6321000,1779289799.616937
approach2_run3,6322000,1779289799.706399
approach2_run3,6323000,1779289799.742818
approach2_run3,6324000,1779289799.829974
approach2_run3,6325000,1779289799.893775
approach2_run3,6326000,1779289799.981157
approach2_run3,6327000,1779289800.006417
approach2_run3,6328000,1779289800.114843
approach2_run3,6329000,1779289800.221268
approach2_run3,6330000,1779289800.290479
approach2_run3,6331000,1779289800.393485
approach2_run3,6332000,1779289800.407869
approach2_run3,6333000,1779289800.495598
approach2_run3,6334000,1779289800.580030
approach2_run3,6335000,1779289800.688077
approach2_run3,6336000,1779289800.714350
approach2_run3,6337000,1779289800.823755
approach2_run3,6338000,1779289800.863269
approach2_run3,6339000,1779289800.951150
approach2_run3,6340000,1779289801.013268
approach2_run3,6341000,1779289801.099599
approach2_run3,6342000,1779289801.147955
approach2_run3,6343000,1779289801.234841
approach2_run3,6344000,1779289801.332165
approach2_run3,6345000,1779289801.425273
approach2_run3,6346000,1779289801.429340
approach2_run3,6347000,1779289801.528707
approach2_run3,6348000,1779289801.614587
approach2_run3,6349000,1779289801.703610
approach2_run3,6350000,1779289801.806875
approach2_run3,6351000,1779289801.851315
approach2_run3,6352000,1779289801.941811
approach2_run3,6353000,1779289801.983971
approach2_run3,6354000,1779289802.090571
approach2_run3,6355000,1779289802.134119
approach2_run3,6356000,1779289802.220347
approach2_run3,6357000,1779289802.266696
approach2_run3,6358000,1779289802.363110
approach2_run3,6359000,1779289802.458230
approach2_run3,6360000,1779289802.548075
approach2_run3,6361000,1779289802.549582
approach2_run3,6362000,1779289802.649110
approach2_run3,6363000,1779289802.736384
approach2_run3,6364000,1779289802.823289
approach2_run3,6365000,1779289802.838197
approach2_run3,6366000,1779289802.949602
approach2_run3,6367000,1779289803.014715
approach2_run3,6368000,1779289803.126272
approach2_run3,6369000,1779289803.150088
approach2_run3,6370000,1779289803.252244
approach2_run3,6371000,1779289803.338964
approach2_run3,6372000,1779289803.387583
approach2_run3,6373000,1779289803.487285
approach2_run3,6374000,1779289803.573420
approach2_run3,6375000,1779289803.665026
approach2_run3,6376000,1779289803.694918
approach2_run3,6377000,1779289803.782014
approach2_run3,6378000,1779289803.857097
approach2_run3,6379000,1779289803.943434
approach2_run3,6380000,1779289803.960816
approach2_run3,6381000,1779289804.047151
approach2_run3,6382000,1779289804.153239
approach2_run3,6383000,1779289804.245745
approach2_run3,6384000,1779289804.268808
approach2_run3,6385000,1779289804.371405
approach2_run3,6386000,1779289804.427567
approach2_run3,6387000,1779289804.522056
approach2_run3,6388000,1779289804.545510
approach2_run3,6389000,1779289804.643019
approach2_run3,6390000,1779289804.725637
approach2_run3,6391000,1779289804.812454
approach2_run3,6392000,1779289804.898464
approach2_run3,6393000,1779289804.973353
approach2_run3,6394000,1779289805.060606
approach2_run3,6395000,1779289805.077625
approach2_run3,6396000,1779289805.189172
approach2_run3,6397000,1779289805.267612
approach2_run3,6398000,1779289805.363725
approach2_run3,6399000,1779289805.381425
approach2_run3,6400000,1779289805.488657
approach2_run3,6401000,1779289805.553474
approach2_run3,6402000,1779289805.639945
approach2_run3,6403000,1779289805.663445
approach2_run3,6404000,1779289805.760124
approach2_run3,6405000,1779289805.843284
approach2_run3,6406000,1779289805.931601
approach2_run3,6407000,1779289805.987341
approach2_run3,6408000,1779289806.092029
approach2_run3,6409000,1779289806.108477
approach2_run3,6410000,1779289806.220578
approach2_run3,6411000,1779289806.274114
approach2_run3,6412000,1779289806.385554
approach2_run3,6413000,1779289806.492480
approach2_run3,6414000,1779289806.498625
approach2_run3,6415000,1779289806.606926
approach2_run3,6416000,1779289806.672965
approach2_run3,6417000,1779289806.785728
approach2_run3,6418000,1779289806.787428
approach2_run3,6419000,1779289806.876461
approach2_run3,6420000,1779289806.962759
approach2_run3,6421000,1779289807.051848
approach2_run3,6422000,1779289807.103962
approach2_run3,6423000,1779289807.209585
approach2_run3,6424000,1779289807.250977
approach2_run3,6425000,1779289807.339116
approach2_run3,6426000,1779289807.388624
approach2_run3,6427000,1779289807.478447
approach2_run3,6428000,1779289807.524994
approach2_run3,6429000,1779289807.617283
approach2_run3,6430000,1779289807.704776
approach2_run3,6431000,1779289807.811934
approach2_run3,6432000,1779289807.817813
approach2_run3,6433000,1779289807.907466
approach2_run3,6434000,1779289807.994463
approach2_run3,6435000,1779289808.085827
approach2_run3,6436000,1779289808.172041
approach2_run3,6437000,1779289808.217275
approach2_run3,6438000,1779289808.328017
approach2_run3,6439000,1779289808.377592
approach2_run3,6440000,1779289808.468142
approach2_run3,6441000,1779289808.506048
approach2_run3,6442000,1779289808.597463
approach2_run3,6443000,1779289808.649202
approach2_run3,6444000,1779289808.760278
approach2_run3,6445000,1779289808.842654
approach2_run3,6446000,1779289808.930961
approach2_run3,6447000,1779289808.941638
approach2_run3,6448000,1779289809.030418
approach2_run3,6449000,1779289809.113690
approach2_run3,6450000,1779289809.218970
approach2_run3,6451000,1779289809.235647
approach2_run3,6452000,1779289809.334992
approach2_run3,6453000,1779289809.413074
approach2_run3,6454000,1779289809.501606
approach2_run3,6455000,1779289809.592689
approach2_run3,6456000,1779289809.627990
approach2_run3,6457000,1779289809.716901
approach2_run3,6458000,1779289809.795199
approach2_run3,6459000,1779289809.850667
approach2_run3,6460000,1779289809.932116
approach2_run3,6461000,1779289810.017363
approach2_run3,6462000,1779289810.102793
approach2_run3,6463000,1779289810.141979
approach2_run3,6464000,1779289810.230929
approach2_run3,6465000,1779289810.339757
approach2_run3,6466000,1779289810.357253
approach2_run3,6467000,1779289810.458873
approach2_run3,6468000,1779289810.545581
approach2_run3,6469000,1779289810.578465
approach2_run3,6470000,1779289810.663641
approach2_run3,6471000,1779289810.745061
approach2_run3,6472000,1779289810.833230
approach2_run3,6473000,1779289810.920982
approach2_run3,6474000,1779289810.942520
approach2_run3,6475000,1779289811.061395
approach2_run3,6476000,1779289811.165219
approach2_run3,6477000,1779289811.177953
approach2_run3,6478000,1779289811.263140
approach2_run3,6479000,1779289811.345750
approach2_run3,6480000,1779289811.428784
approach2_run3,6481000,1779289811.513474
approach2_run3,6482000,1779289811.567644
approach2_run3,6483000,1779289811.654692
approach2_run3,6484000,1779289811.738906
approach2_run3,6485000,1779289811.769356
approach2_run3,6486000,1779289811.860538
approach2_run3,6487000,1779289811.947440
approach2_run3,6488000,1779289811.992699
approach2_run3,6489000,1779289812.077512
approach2_run3,6490000,1779289812.177488
approach2_run3,6491000,1779289812.248504
approach2_run3,6492000,1779289812.331141
approach2_run3,6493000,1779289812.373693
approach2_run3,6494000,1779289812.462250
approach2_run3,6495000,1779289812.549181
approach2_run3,6496000,1779289812.569631
approach2_run3,6497000,1779289812.684663
approach2_run3,6498000,1779289812.779402
approach2_run3,6499000,1779289812.846853
approach2_run3,6500000,1779289812.936111
approach2_run3,6501000,1779289812.975993
approach2_run3,6502000,1779289813.064243
approach2_run3,6503000,1779289813.113074
approach2_run3,6504000,1779289813.235065
approach2_run3,6505000,1779289813.290872
approach2_run3,6506000,1779289813.403413
approach2_run3,6507000,1779289813.415697
approach2_run3,6508000,1779289813.517839
approach2_run3,6509000,1779289813.584522
approach2_run3,6510000,1779289813.672862
approach2_run3,6511000,1779289813.704678
approach2_run3,6512000,1779289813.796274
approach2_run3,6513000,1779289813.888026
approach2_run3,6514000,1779289813.975045
approach2_run3,6515000,1779289814.006821
approach2_run3,6516000,1779289814.098930
approach2_run3,6517000,1779289814.181238
approach2_run3,6518000,1779289814.276500
approach2_run3,6519000,1779289814.278205
approach2_run3,6520000,1779289814.401858
approach2_run3,6521000,1779289814.504143
approach2_run3,6522000,1779289814.549592
approach2_run3,6523000,1779289814.637535
approach2_run3,6524000,1779289814.701810
approach2_run3,6525000,1779289814.789993
approach2_run3,6526000,1779289814.832443
approach2_run3,6527000,1779289814.918393
approach2_run3,6528000,1779289815.006041
approach2_run3,6529000,1779289815.094569
approach2_run3,6530000,1779289815.124064
approach2_run3,6531000,1779289815.218196
approach2_run3,6532000,1779289815.305588
approach2_run3,6533000,1779289815.393694
approach2_run3,6534000,1779289815.395442
approach2_run3,6535000,1779289815.506648
approach2_run3,6536000,1779289815.582135
approach2_run3,6537000,1779289815.688322
approach2_run3,6538000,1779289815.730047
approach2_run3,6539000,1779289815.820948
approach2_run3,6540000,1779289815.864655
approach2_run3,6541000,1779289815.950599
approach2_run3,6542000,1779289816.037170
approach2_run3,6543000,1779289816.125179
approach2_run3,6544000,1779289816.225004
approach2_run3,6545000,1779289816.242254
approach2_run3,6546000,1779289816.338233
approach2_run3,6547000,1779289816.425790
approach2_run3,6548000,1779289816.513011
approach2_run3,6549000,1779289816.514853
approach2_run3,6550000,1779289816.612325
approach2_run3,6551000,1779289816.719243
approach2_run3,6552000,1779289816.807253
approach2_run3,6553000,1779289816.844633
approach2_run3,6554000,1779289816.939949
approach2_run3,6555000,1779289816.981679
approach2_run3,6556000,1779289817.068431
approach2_run3,6557000,1779289817.116814
approach2_run3,6558000,1779289817.208345
approach2_run3,6559000,1779289817.273049
approach2_run3,6560000,1779289817.368517
approach2_run3,6561000,1779289817.449531
approach2_run3,6562000,1779289817.544532
approach2_run3,6563000,1779289817.631082
approach2_run3,6564000,1779289817.655733
approach2_run3,6565000,1779289817.751680
approach2_run3,6566000,1779289817.838827
approach2_run3,6567000,1779289817.924941
approach2_run3,6568000,1779289817.962047
approach2_run3,6569000,1779289818.057009
approach2_run3,6570000,1779289818.099645
approach2_run3,6571000,1779289818.216331
approach2_run3,6572000,1779289818.233771
approach2_run3,6573000,1779289818.324556
approach2_run3,6574000,1779289818.400803
approach2_run3,6575000,1779289818.501008
approach2_run3,6576000,1779289818.564718
approach2_run3,6577000,1779289818.660270
approach2_run3,6578000,1779289818.696520
approach2_run3,6579000,1779289818.784474
approach2_run3,6580000,1779289818.838793
approach2_run3,6581000,1779289818.962529
approach2_run3,6582000,1779289818.965448
approach2_run3,6583000,1779289819.084507
approach2_run3,6584000,1779289819.171031
approach2_run3,6585000,1779289819.252152
approach2_run3,6586000,1779289819.347758
approach2_run3,6587000,1779289819.356472
approach2_run3,6588000,1779289819.445600
approach2_run3,6589000,1779289819.538465
approach2_run3,6590000,1779289819.635881
approach2_run3,6591000,1779289819.687590
approach2_run3,6592000,1779289819.780975
approach2_run3,6593000,1779289819.818123
approach2_run3,6594000,1779289819.905253
approach2_run3,6595000,1779289819.960188
approach2_run3,6596000,1779289820.079958
approach2_run3,6597000,1779289820.083218
approach2_run3,6598000,1779289820.202062
approach2_run3,6599000,1779289820.283328
approach2_run3,6600000,1779289820.380545
approach2_run3,6601000,1779289820.384482
approach2_run3,6602000,1779289820.474554
approach2_run3,6603000,1779289820.564907
approach2_run3,6604000,1779289820.666262
approach2_run3,6605000,1779289820.759362
approach2_run3,6606000,1779289820.806110
approach2_run3,6607000,1779289820.895683
approach2_run3,6608000,1779289820.937588
approach2_run3,6609000,1779289821.024838
approach2_run3,6610000,1779289821.080555
approach2_run3,6611000,1779289821.200011
approach2_run3,6612000,1779289821.229965
approach2_run3,6613000,1779289821.325172
approach2_run3,6614000,1779289821.412036
approach2_run3,6615000,1779289821.503048
approach2_run3,6616000,1779289821.513481
approach2_run3,6617000,1779289821.609731
approach2_run3,6618000,1779289821.682949
approach2_run3,6619000,1779289821.791001
approach2_run3,6620000,1779289821.813060
approach2_run3,6621000,1779289821.927178
approach2_run3,6622000,1779289821.968208
approach2_run3,6623000,1779289822.087075
approach2_run3,6624000,1779289822.106271
approach2_run3,6625000,1779289822.195425
approach2_run3,6626000,1779289822.283790
approach2_run3,6627000,1779289822.354728
approach2_run3,6628000,1779289822.441715
approach2_run3,6629000,1779289822.530114
approach2_run3,6630000,1779289822.621085
approach2_run3,6631000,1779289822.640326
approach2_run3,6632000,1779289822.734985
approach2_run3,6633000,1779289822.799348
approach2_run3,6634000,1779289822.911187
approach2_run3,6635000,1779289822.922035
approach2_run3,6636000,1779289823.043822
approach2_run3,6637000,1779289823.118050
approach2_run3,6638000,1779289823.204596
approach2_run3,6639000,1779289823.223846
approach2_run3,6640000,1779289823.310130
approach2_run3,6641000,1779289823.386882
approach2_run3,6642000,1779289823.487385
approach2_run3,6643000,1779289823.532117
approach2_run3,6644000,1779289823.645589
approach2_run3,6645000,1779289823.672190
approach2_run3,6646000,1779289823.766383
approach2_run3,6647000,1779289823.852322
approach2_run3,6648000,1779289823.914260
approach2_run3,6649000,1779289824.027731
approach2_run3,6650000,1779289824.037172
approach2_run3,6651000,1779289824.147780
approach2_run3,6652000,1779289824.236213
approach2_run3,6653000,1779289824.322385
approach2_run3,6654000,1779289824.340536
approach2_run3,6655000,1779289824.427486
approach2_run3,6656000,1779289824.518221
approach2_run3,6657000,1779289824.604556
approach2_run3,6658000,1779289824.640842
approach2_run3,6659000,1779289824.762866
approach2_run3,6660000,1779289824.796129
approach2_run3,6661000,1779289824.883903
approach2_run3,6662000,1779289824.943322
approach2_run3,6663000,1779289825.031283
approach2_run3,6664000,1779289825.094285
approach2_run3,6665000,1779289825.181320
approach2_run3,6666000,1779289825.252239
approach2_run3,6667000,1779289825.358602
approach2_run3,6668000,1779289825.372851
approach2_run3,6669000,1779289825.468660
approach2_run3,6670000,1779289825.554909
approach2_run3,6671000,1779289825.641924
approach2_run3,6672000,1779289825.742207
approach2_run3,6673000,1779289825.760225
approach2_run3,6674000,1779289825.855613
approach2_run3,6675000,1779289825.917544
approach2_run3,6676000,1779289826.003771
approach2_run3,6677000,1779289826.065976
approach2_run3,6678000,1779289826.154111
approach2_run3,6679000,1779289826.213359
approach2_run3,6680000,1779289826.301359
approach2_run3,6681000,1779289826.364139
approach2_run3,6682000,1779289826.466744
approach2_run3,6683000,1779289826.499480
approach2_run3,6684000,1779289826.586178
approach2_run3,6685000,1779289826.668339
approach2_run3,6686000,1779289826.758117
approach2_run3,6687000,1779289826.774332
approach2_run3,6688000,1779289826.875247
approach2_run3,6689000,1779289826.948125
approach2_run3,6690000,1779289827.034528
approach2_run3,6691000,1779289827.158915
approach2_run3,6692000,1779289827.182616
approach2_run3,6693000,1779289827.269504
approach2_run3,6694000,1779289827.341601
approach2_run3,6695000,1779289827.442997
approach2_run3,6696000,1779289827.478754
approach2_run3,6697000,1779289827.568753
approach2_run3,6698000,1779289827.617604
approach2_run3,6699000,1779289827.717197
approach2_run3,6700000,1779289827.785079
approach2_run3,6701000,1779289827.872507
approach2_run3,6702000,1779289827.891776
approach2_run3,6703000,1779289827.977991
approach2_run3,6704000,1779289828.084450
approach2_run3,6705000,1779289828.176650
approach2_run3,6706000,1779289828.190102
approach2_run3,6707000,1779289828.299600
approach2_run3,6708000,1779289828.373740
approach2_run3,6709000,1779289828.475583
approach2_run3,6710000,1779289828.479036
approach2_run3,6711000,1779289828.596650
approach2_run3,6712000,1779289828.693782
approach2_run3,6713000,1779289828.749937
approach2_run3,6714000,1779289828.836054
approach2_run3,6715000,1779289828.902877
approach2_run3,6716000,1779289828.992240
approach2_run3,6717000,1779289829.044539
approach2_run3,6718000,1779289829.134569
approach2_run3,6719000,1779289829.202906
approach2_run3,6720000,1779289829.305040
approach2_run3,6721000,1779289829.318593
approach2_run3,6722000,1779289829.421479
approach2_run3,6723000,1779289829.505461
approach2_run3,6724000,1779289829.594689
approach2_run3,6725000,1779289829.597033
approach2_run3,6726000,1779289829.713635
approach2_run3,6727000,1779289829.780354
approach2_run3,6728000,1779289829.866651
approach2_run3,6729000,1779289829.929497
approach2_run3,6730000,1779289830.019524
approach2_run3,6731000,1779289830.079270
approach2_run3,6732000,1779289830.165349
approach2_run3,6733000,1779289830.251694
approach2_run3,6734000,1779289830.320305
approach2_run3,6735000,1779289830.415496
approach2_run3,6736000,1779289830.453089
approach2_run3,6737000,1779289830.539308
approach2_run3,6738000,1779289830.622990
approach2_run3,6739000,1779289830.709541
approach2_run3,6740000,1779289830.722401
approach2_run3,6741000,1779289830.812401
approach2_run3,6742000,1779289830.898304
approach2_run3,6743000,1779289831.018135
approach2_run3,6744000,1779289831.024592
approach2_run3,6745000,1779289831.135972
approach2_run3,6746000,1779289831.196495
approach2_run3,6747000,1779289831.292927
approach2_run3,6748000,1779289831.315111
approach2_run3,6749000,1779289831.434008
approach2_run3,6750000,1779289831.484544
approach2_run3,6751000,1779289831.570956
approach2_run3,6752000,1779289831.647672
approach2_run3,6753000,1779289831.738935
approach2_run3,6754000,1779289831.825988
approach2_run3,6755000,1779289831.842709
approach2_run3,6756000,1779289831.963036
approach2_run3,6757000,1779289832.038903
approach2_run3,6758000,1779289832.141012
approach2_run3,6759000,1779289832.143555
approach2_run3,6760000,1779289832.249765
approach2_run3,6761000,1779289832.340497
approach2_run3,6762000,1779289832.430748
approach2_run3,6763000,1779289832.432631
approach2_run3,6764000,1779289832.552939
approach2_run3,6765000,1779289832.613603
approach2_run3,6766000,1779289832.704309
approach2_run3,6767000,1779289832.767774
approach2_run3,6768000,1779289832.856563
approach2_run3,6769000,1779289832.909879
approach2_run3,6770000,1779289832.996352
approach2_run3,6771000,1779289833.035816
approach2_run3,6772000,1779289833.156321
approach2_run3,6773000,1779289833.177332
approach2_run3,6774000,1779289833.268679
approach2_run3,6775000,1779289833.370861
approach2_run3,6776000,1779289833.459739
approach2_run3,6777000,1779289833.549652
approach2_run3,6778000,1779289833.565612
approach2_run3,6779000,1779289833.681767
approach2_run3,6780000,1779289833.759734
approach2_run3,6781000,1779289833.855069
approach2_run3,6782000,1779289833.864014
approach2_run3,6783000,1779289833.972337
approach2_run3,6784000,1779289834.034944
approach2_run3,6785000,1779289834.121146
approach2_run3,6786000,1779289834.152805
approach2_run3,6787000,1779289834.254114
approach2_run3,6788000,1779289834.299347
approach2_run3,6789000,1779289834.406159
approach2_run3,6790000,1779289834.467515
approach2_run3,6791000,1779289834.576092
approach2_run3,6792000,1779289834.626330
approach2_run3,6793000,1779289834.713299
approach2_run3,6794000,1779289834.769763
approach2_run3,6795000,1779289834.877685
approach2_run3,6796000,1779289834.974727
approach2_run3,6797000,1779289834.976701
approach2_run3,6798000,1779289835.089943
approach2_run3,6799000,1779289835.151834
approach2_run3,6800000,1779289835.243827
approach2_run3,6801000,1779289835.269202
approach2_run3,6802000,1779289835.392464
approach2_run3,6803000,1779289835.454318
approach2_run3,6804000,1779289835.540296
approach2_run3,6805000,1779289835.583831
approach2_run3,6806000,1779289835.692288
approach2_run3,6807000,1779289835.744561
approach2_run3,6808000,1779289835.830919
approach2_run3,6809000,1779289835.873027
approach2_run3,6810000,1779289835.995354
approach2_run3,6811000,1779289836.006689
approach2_run3,6812000,1779289836.096321
approach2_run3,6813000,1779289836.183424
approach2_run3,6814000,1779289836.275489
approach2_run3,6815000,1779289836.296419
approach2_run3,6816000,1779289836.386109
approach2_run3,6817000,1779289836.467483
approach2_run3,6818000,1779289836.571725
approach2_run3,6819000,1779289836.686837
approach2_run3,6820000,1779289836.694676
approach2_run3,6821000,1779289836.809151
approach2_run3,6822000,1779289836.862991
approach2_run3,6823000,1779289836.949484
approach2_run3,6824000,1779289837.003906
approach2_run3,6825000,1779289837.112756
approach2_run3,6826000,1779289837.127227
approach2_run3,6827000,1779289837.213503
approach2_run3,6828000,1779289837.304312
approach2_run3,6829000,1779289837.409704
approach2_run3,6830000,1779289837.416581
approach2_run3,6831000,1779289837.503889
approach2_run3,6832000,1779289837.606533
approach2_run3,6833000,1779289837.718323
approach2_run3,6834000,1779289837.720077
approach2_run3,6835000,1779289837.806520
approach2_run3,6836000,1779289837.893776
approach2_run3,6837000,1779289837.980282
approach2_run3,6838000,1779289838.018441
approach2_run3,6839000,1779289838.106389
approach2_run3,6840000,1779289838.229725
approach2_run3,6841000,1779289838.248591
approach2_run3,6842000,1779289838.353489
approach2_run3,6843000,1779289838.412822
approach2_run3,6844000,1779289838.527530
approach2_run3,6845000,1779289838.529418
approach2_run3,6846000,1779289838.662552
approach2_run3,6847000,1779289838.723190
approach2_run3,6848000,1779289838.836343
approach2_run3,6849000,1779289838.838885
approach2_run3,6850000,1779289838.927247
approach2_run3,6851000,1779289839.015177
approach2_run3,6852000,1779289839.105332
approach2_run3,6853000,1779289839.139211
approach2_run3,6854000,1779289839.244297
approach2_run3,6855000,1779289839.287386
approach2_run3,6856000,1779289839.392163
approach2_run3,6857000,1779289839.442952
approach2_run3,6858000,1779289839.534888
approach2_run3,6859000,1779289839.604997
approach2_run3,6860000,1779289839.697962
approach2_run3,6861000,1779289839.785286
approach2_run3,6862000,1779289839.846420
approach2_run3,6863000,1779289839.951842
approach2_run3,6864000,1779289839.960951
approach2_run3,6865000,1779289840.049413
approach2_run3,6866000,1779289840.137539
approach2_run3,6867000,1779289840.225770
approach2_run3,6868000,1779289840.257161
approach2_run3,6869000,1779289840.346174
approach2_run3,6870000,1779289840.425019
approach2_run3,6871000,1779289840.512059
approach2_run3,6872000,1779289840.558770
approach2_run3,6873000,1779289840.653827
approach2_run3,6874000,1779289840.729697
approach2_run3,6875000,1779289840.819810
approach2_run3,6876000,1779289840.861288
approach2_run3,6877000,1779289840.963086
approach2_run3,6878000,1779289840.994263
approach2_run3,6879000,1779289841.080886
approach2_run3,6880000,1779289841.161151
approach2_run3,6881000,1779289841.256517
approach2_run3,6882000,1779289841.367091
approach2_run3,6883000,1779289841.375460
approach2_run3,6884000,1779289841.462501
approach2_run3,6885000,1779289841.543104
approach2_run3,6886000,1779289841.629087
approach2_run3,6887000,1779289841.675535
approach2_run3,6888000,1779289841.769177
approach2_run3,6889000,1779289841.850389
approach2_run3,6890000,1779289841.937394
approach2_run3,6891000,1779289841.978479
approach2_run3,6892000,1779289842.064866
approach2_run3,6893000,1779289842.112032
approach2_run3,6894000,1779289842.199700
approach2_run3,6895000,1779289842.277577
approach2_run3,6896000,1779289842.371919
approach2_run3,6897000,1779289842.399145
approach2_run3,6898000,1779289842.489811
approach2_run3,6899000,1779289842.573824
approach2_run3,6900000,1779289842.682274
approach2_run3,6901000,1779289842.701268
approach2_run3,6902000,1779289842.792754
approach2_run3,6903000,1779289842.880786
approach2_run3,6904000,1779289842.967374
approach2_run3,6905000,1779289843.054174
approach2_run3,6906000,1779289843.095819
approach2_run3,6907000,1779289843.182688
approach2_run3,6908000,1779289843.230479
approach2_run3,6909000,1779289843.343114
approach2_run3,6910000,1779289843.394941
approach2_run3,6911000,1779289843.487082
approach2_run3,6912000,1779289843.517076
approach2_run3,6913000,1779289843.639981
approach2_run3,6914000,1779289843.697684
approach2_run3,6915000,1779289843.800449
approach2_run3,6916000,1779289843.819791
approach2_run3,6917000,1779289843.911999
approach2_run3,6918000,1779289843.998466
approach2_run3,6919000,1779289844.086333
approach2_run3,6920000,1779289844.089580
approach2_run3,6921000,1779289844.211187
approach2_run3,6922000,1779289844.261500
approach2_run3,6923000,1779289844.374243
approach2_run3,6924000,1779289844.460209
approach2_run3,6925000,1779289844.512934
approach2_run3,6926000,1779289844.599856
approach2_run3,6927000,1779289844.675353
approach2_run3,6928000,1779289844.762133
approach2_run3,6929000,1779289844.813650
approach2_run3,6930000,1779289844.901925
approach2_run3,6931000,1779289844.942968
approach2_run3,6932000,1779289845.030123
approach2_run3,6933000,1779289845.115505
approach2_run3,6934000,1779289845.203476
approach2_run3,6935000,1779289845.206484
approach2_run3,6936000,1779289845.324655
approach2_run3,6937000,1779289845.404560
approach2_run3,6938000,1779289845.491450
approach2_run3,6939000,1779289845.524315
approach2_run3,6940000,1779289845.631315
approach2_run3,6941000,1779289845.708428
approach2_run3,6942000,1779289845.798021
approach2_run3,6943000,1779289845.812186
approach2_run3,6944000,1779289845.929802
approach2_run3,6945000,1779289845.976517
approach2_run3,6946000,1779289846.064676
approach2_run3,6947000,1779289846.150511
approach2_run3,6948000,1779289846.235375
approach2_run3,6949000,1779289846.324380
approach2_run3,6950000,1779289846.351941
approach2_run3,6951000,1779289846.438000
approach2_run3,6952000,1779289846.525342
approach2_run3,6953000,1779289846.641122
approach2_run3,6954000,1779289846.656094
approach2_run3,6955000,1779289846.748937
approach2_run3,6956000,1779289846.833283
approach2_run3,6957000,1779289846.919340
approach2_run3,6958000,1779289846.928614
approach2_run3,6959000,1779289847.027890
approach2_run3,6960000,1779289847.095524
approach2_run3,6961000,1779289847.182210
approach2_run3,6962000,1779289847.243416
approach2_run3,6963000,1779289847.351114
approach2_run3,6964000,1779289847.382991
approach2_run3,6965000,1779289847.469536
approach2_run3,6966000,1779289847.531176
approach2_run3,6967000,1779289847.648128
approach2_run3,6968000,1779289847.756711
approach2_run3,6969000,1779289847.777714
approach2_run3,6970000,1779289847.864308
approach2_run3,6971000,1779289847.951951
approach2_run3,6972000,1779289848.039019
approach2_run3,6973000,1779289848.042499
approach2_run3,6974000,1779289848.145914
approach2_run3,6975000,1779289848.214228
approach2_run3,6976000,1779289848.326743
approach2_run3,6977000,1779289848.359585
approach2_run3,6978000,1779289848.463990
approach2_run3,6979000,1779289848.536934
approach2_run3,6980000,1779289848.636670
approach2_run3,6981000,1779289848.647006
approach2_run3,6982000,1779289848.765273
approach2_run3,6983000,1779289848.810934
approach2_run3,6984000,1779289848.897470
approach2_run3,6985000,1779289848.962116
approach2_run3,6986000,1779289849.070848
approach2_run3,6987000,1779289849.072550
approach2_run3,6988000,1779289849.160213
approach2_run3,6989000,1779289849.269896
approach2_run3,6990000,1779289849.357398
approach2_run3,6991000,1779289849.443341
approach2_run3,6992000,1779289849.476792
approach2_run3,6993000,1779289849.582114
approach2_run3,6994000,1779289849.669566
approach2_run3,6995000,1779289849.756214
approach2_run3,6996000,1779289849.763755
approach2_run3,6997000,1779289849.882185
approach2_run3,6998000,1779289849.929750
approach2_run3,6999000,1779289850.016745
approach2_run3,7000000,1779289850.079077
approach2_run3,7001000,1779289850.187047
approach2_run3,7002000,1779289850.216171
approach2_run3,7003000,1779289850.302420
approach2_run3,7004000,1779289850.365897
approach2_run3,7005000,1779289850.485586
approach2_run3,7006000,1779289850.511342
approach2_run3,7007000,1779289850.612756
approach2_run3,7008000,1779289850.698225
approach2_run3,7009000,1779289850.787683
approach2_run3,7010000,1779289850.874355
approach2_run3,7011000,1779289850.879005
approach2_run3,7012000,1779289850.966615
approach2_run3,7013000,1779289851.074609
approach2_run3,7014000,1779289851.160991
approach2_run3,7015000,1779289851.196238
approach2_run3,7016000,1779289851.303629
approach2_run3,7017000,1779289851.335866
approach2_run3,7018000,1779289851.455929
approach2_run3,7019000,1779289851.482441
approach2_run3,7020000,1779289851.583578
approach2_run3,7021000,1779289851.644492
approach2_run3,7022000,1779289851.732451
approach2_run3,7023000,1779289851.815944
approach2_run3,7024000,1779289851.905791
approach2_run3,7025000,1779289851.907599
approach2_run3,7026000,1779289851.996187
approach2_run3,7027000,1779289852.087132
approach2_run3,7028000,1779289852.193311
approach2_run3,7029000,1779289852.205947
approach2_run3,7030000,1779289852.314877
approach2_run3,7031000,1779289852.419841
approach2_run3,7032000,1779289852.487971
approach2_run3,7033000,1779289852.587949
approach2_run3,7034000,1779289852.598764
approach2_run3,7035000,1779289852.701414
approach2_run3,7036000,1779289852.763336
approach2_run3,7037000,1779289852.850893
approach2_run3,7038000,1779289852.931834
approach2_run3,7039000,1779289853.022974
approach2_run3,7040000,1779289853.048532
approach2_run3,7041000,1779289853.136464
approach2_run3,7042000,1779289853.203062
approach2_run3,7043000,1779289853.319203
approach2_run3,7044000,1779289853.345711
approach2_run3,7045000,1779289853.432036
approach2_run3,7046000,1779289853.522047
approach2_run3,7047000,1779289853.619788
approach2_run3,7048000,1779289853.625942
approach2_run3,7049000,1779289853.712199
approach2_run3,7050000,1779289853.794483
approach2_run3,7051000,1779289853.882141
approach2_run3,7052000,1779289853.924015
approach2_run3,7053000,1779289854.032996
approach2_run3,7054000,1779289854.137672
approach2_run3,7055000,1779289854.168474
approach2_run3,7056000,1779289854.289771
approach2_run3,7057000,1779289854.315286
approach2_run3,7058000,1779289854.405556
approach2_run3,7059000,1779289854.466886
approach2_run3,7060000,1779289854.563621
approach2_run3,7061000,1779289854.613678
approach2_run3,7062000,1779289854.737667
approach2_run3,7063000,1779289854.742192
approach2_run3,7064000,1779289854.829878
approach2_run3,7065000,1779289854.913575
approach2_run3,7066000,1779289854.999624
approach2_run3,7067000,1779289855.022383
approach2_run3,7068000,1779289855.127853
approach2_run3,7069000,1779289855.233766
approach2_run3,7070000,1779289855.321198
approach2_run3,7071000,1779289855.345258
approach2_run3,7072000,1779289855.433672
approach2_run3,7073000,1779289855.509768
approach2_run3,7074000,1779289855.596657
approach2_run3,7075000,1779289855.683926
approach2_run3,7076000,1779289855.730447
approach2_run3,7077000,1779289855.857284
approach2_run3,7078000,1779289855.859103
approach2_run3,7079000,1779289855.947634
approach2_run3,7080000,1779289856.032823
approach2_run3,7081000,1779289856.138784
approach2_run3,7082000,1779289856.141890
approach2_run3,7083000,1779289856.264326
approach2_run3,7084000,1779289856.351631
approach2_run3,7085000,1779289856.444618
approach2_run3,7086000,1779289856.461179
approach2_run3,7087000,1779289856.549791
approach2_run3,7088000,1779289856.628827
approach2_run3,7089000,1779289856.715116
approach2_run3,7090000,1779289856.757704
approach2_run3,7091000,1779289856.847130
approach2_run3,7092000,1779289856.889134
approach2_run3,7093000,1779289856.975824
approach2_run3,7094000,1779289857.063724
approach2_run3,7095000,1779289857.152247
approach2_run3,7096000,1779289857.240968
approach2_run3,7097000,1779289857.296142
approach2_run3,7098000,1779289857.388567
approach2_run3,7099000,1779289857.472927
approach2_run3,7100000,1779289857.570898
approach2_run3,7101000,1779289857.578232
approach2_run3,7102000,1779289857.667764
approach2_run3,7103000,1779289857.746488
approach2_run3,7104000,1779289857.834473
approach2_run3,7105000,1779289857.863822
approach2_run3,7106000,1779289857.963029
approach2_run3,7107000,1779289858.008912
approach2_run3,7108000,1779289858.122088
approach2_run3,7109000,1779289858.180973
approach2_run3,7110000,1779289858.271688
approach2_run3,7111000,1779289858.330396
approach2_run3,7112000,1779289858.421492
approach2_run3,7113000,1779289858.476824
approach2_run3,7114000,1779289858.575701
approach2_run3,7115000,1779289858.602927
approach2_run3,7116000,1779289858.695481
approach2_run3,7117000,1779289858.783392
approach2_run3,7118000,1779289858.867734
approach2_run3,7119000,1779289858.953664
approach2_run3,7120000,1779289858.983015
approach2_run3,7121000,1779289859.093183
approach2_run3,7122000,1779289859.155098
approach2_run3,7123000,1779289859.273154
approach2_run3,7124000,1779289859.298181
approach2_run3,7125000,1779289859.387467
approach2_run3,7126000,1779289859.460291
approach2_run3,7127000,1779289859.547223
approach2_run3,7128000,1779289859.598456
approach2_run3,7129000,1779289859.708372
approach2_run3,7130000,1779289859.723274
approach2_run3,7131000,1779289859.817154
approach2_run3,7132000,1779289859.903916
approach2_run3,7133000,1779289859.994634
approach2_run3,7134000,1779289860.016836
approach2_run3,7135000,1779289860.108181
approach2_run3,7136000,1779289860.206962
approach2_run3,7137000,1779289860.309578
approach2_run3,7138000,1779289860.398703
approach2_run3,7139000,1779289860.420639
approach2_run3,7140000,1779289860.508474
approach2_run3,7141000,1779289860.582758
approach2_run3,7142000,1779289860.669017
approach2_run3,7143000,1779289860.717728
approach2_run3,7144000,1779289860.813942
approach2_run3,7145000,1779289860.847636
approach2_run3,7146000,1779289860.960727
approach2_run3,7147000,1779289861.022783
approach2_run3,7148000,1779289861.112181
approach2_run3,7149000,1779289861.168710
approach2_run3,7150000,1779289861.254661
approach2_run3,7151000,1779289861.323807
approach2_run3,7152000,1779289861.416747
approach2_run3,7153000,1779289861.437828
approach2_run3,7154000,1779289861.533764
approach2_run3,7155000,1779289861.614289
approach2_run3,7156000,1779289861.704736
approach2_run3,7157000,1779289861.715509
approach2_run3,7158000,1779289861.834318
approach2_run3,7159000,1779289861.931366
approach2_run3,7160000,1779289861.991869
approach2_run3,7161000,1779289862.079094
approach2_run3,7162000,1779289862.139616
approach2_run3,7163000,1779289862.229547
approach2_run3,7164000,1779289862.289532
approach2_run3,7165000,1779289862.376350
approach2_run3,7166000,1779289862.440684
approach2_run3,7167000,1779289862.533689
approach2_run3,7168000,1779289862.558271
approach2_run3,7169000,1779289862.648532
approach2_run3,7170000,1779289862.736416
approach2_run3,7171000,1779289862.823310
approach2_run3,7172000,1779289862.832103
approach2_run3,7173000,1779289862.944528
approach2_run3,7174000,1779289863.026020
approach2_run3,7175000,1779289863.113147
approach2_run3,7176000,1779289863.150203
approach2_run3,7177000,1779289863.257136
approach2_run3,7178000,1779289863.321465
approach2_run3,7179000,1779289863.407921
approach2_run3,7180000,1779289863.500517
approach2_run3,7181000,1779289863.553831
approach2_run3,7182000,1779289863.651739
approach2_run3,7183000,1779289863.680326
approach2_run3,7184000,1779289863.770828
approach2_run3,7185000,1779289863.859831
approach2_run3,7186000,1779289863.949328
approach2_run3,7187000,1779289863.967679
approach2_run3,7188000,1779289864.055914
approach2_run3,7189000,1779289864.155555
approach2_run3,7190000,1779289864.254977
approach2_run3,7191000,1779289864.266484
approach2_run3,7192000,1779289864.374154
approach2_run3,7193000,1779289864.445030
approach2_run3,7194000,1779289864.532013
approach2_run3,7195000,1779289864.551068
approach2_run3,7196000,1779289864.662798
approach2_run3,7197000,1779289864.718022
approach2_run3,7198000,1779289864.803962
approach2_run3,7199000,1779289864.858305
approach2_run3,7200000,1779289864.976349
approach2_run3,7201000,1779289865.065138
approach2_run3,7202000,1779289865.123681
approach2_run3,7203000,1779289865.209834
approach2_run3,7204000,1779289865.266328
approach2_run3,7205000,1779289865.363575
approach2_run3,7206000,1779289865.387427
approach2_run3,7207000,1779289865.473833
approach2_run3,7208000,1779289865.563849
approach2_run3,7209000,1779289865.659428
approach2_run3,7210000,1779289865.668701
approach2_run3,7211000,1779289865.756245
approach2_run3,7212000,1779289865.842063
approach2_run3,7213000,1779289865.928666
approach2_run3,7214000,1779289865.977434
approach2_run3,7215000,1779289866.085525
approach2_run3,7216000,1779289866.154477
approach2_run3,7217000,1779289866.240711
approach2_run3,7218000,1779289866.272349
approach2_run3,7219000,1779289866.383295
approach2_run3,7220000,1779289866.420521
approach2_run3,7221000,1779289866.508550
approach2_run3,7222000,1779289866.607066
approach2_run3,7223000,1779289866.696435
approach2_run3,7224000,1779289866.784400
approach2_run3,7225000,1779289866.789232
approach2_run3,7226000,1779289866.877775
approach2_run3,7227000,1779289866.976336
approach2_run3,7228000,1779289867.094051
approach2_run3,7229000,1779289867.096330
approach2_run3,7230000,1779289867.196940
approach2_run3,7231000,1779289867.277531
approach2_run3,7232000,1779289867.366283
approach2_run3,7233000,1779289867.390304
approach2_run3,7234000,1779289867.480972
approach2_run3,7235000,1779289867.544530
approach2_run3,7236000,1779289867.640371
approach2_run3,7237000,1779289867.698514
approach2_run3,7238000,1779289867.808921
approach2_run3,7239000,1779289867.822023
approach2_run3,7240000,1779289867.919875
approach2_run3,7241000,1779289867.994516
approach2_run3,7242000,1779289868.104706
approach2_run3,7243000,1779289868.204067
approach2_run3,7244000,1779289868.221553
approach2_run3,7245000,1779289868.317034
approach2_run3,7246000,1779289868.398569
approach2_run3,7247000,1779289868.485770
approach2_run3,7248000,1779289868.512004
approach2_run3,7249000,1779289868.603322
approach2_run3,7250000,1779289868.675543
approach2_run3,7251000,1779289868.768131
approach2_run3,7252000,1779289868.813350
approach2_run3,7253000,1779289868.927593
approach2_run3,7254000,1779289868.952289
approach2_run3,7255000,1779289869.045437
approach2_run3,7256000,1779289869.114429
approach2_run3,7257000,1779289869.223721
approach2_run3,7258000,1779289869.252586
approach2_run3,7259000,1779289869.340675
approach2_run3,7260000,1779289869.420294
approach2_run3,7261000,1779289869.519151
approach2_run3,7262000,1779289869.531641
approach2_run3,7263000,1779289869.625658
approach2_run3,7264000,1779289869.719603
approach2_run3,7265000,1779289869.799622
approach2_run3,7266000,1779289869.896816
approach2_run3,7267000,1779289869.930649
approach2_run3,7268000,1779289870.044520
approach2_run3,7269000,1779289870.107350
approach2_run3,7270000,1779289870.196476
approach2_run3,7271000,1779289870.231937
approach2_run3,7272000,1779289870.346194
approach2_run3,7273000,1779289870.372777
approach2_run3,7274000,1779289870.459762
approach2_run3,7275000,1779289870.537313
approach2_run3,7276000,1779289870.648000
approach2_run3,7277000,1779289870.649567
approach2_run3,7278000,1779289870.746207
approach2_run3,7279000,1779289870.832579
approach2_run3,7280000,1779289870.927738
approach2_run3,7281000,1779289870.949749
approach2_run3,7282000,1779289871.060145
approach2_run3,7283000,1779289871.147941
approach2_run3,7284000,1779289871.232683
approach2_run3,7285000,1779289871.278997
approach2_run3,7286000,1779289871.348244
approach2_run3,7287000,1779289871.443171
approach2_run3,7288000,1779289871.528583
approach2_run3,7289000,1779289871.554386
approach2_run3,7290000,1779289871.662609
approach2_run3,7291000,1779289871.763314
approach2_run3,7292000,1779289871.777581
approach2_run3,7293000,1779289871.865541
approach2_run3,7294000,1779289871.958125
approach2_run3,7295000,1779289872.022591
approach2_run3,7296000,1779289872.095859
approach2_run3,7297000,1779289872.165904
approach2_run3,7298000,1779289872.264901
approach2_run3,7299000,1779289872.355010
approach2_run3,7300000,1779289872.368224
approach2_run3,7301000,1779289872.462863
approach2_run3,7302000,1779289872.559934
approach2_run3,7303000,1779289872.611454
approach2_run3,7304000,1779289872.696108
approach2_run3,7305000,1779289872.768382
approach2_run3,7306000,1779289872.867484
approach2_run3,7307000,1779289872.952003
approach2_run3,7308000,1779289872.971209
approach2_run3,7309000,1779289873.065835
approach2_run3,7310000,1779289873.164887
approach2_run3,7311000,1779289873.180047
approach2_run3,7312000,1779289873.273475
approach2_run3,7313000,1779289873.381768
approach2_run3,7314000,1779289873.422302
approach2_run3,7315000,1779289873.506521
approach2_run3,7316000,1779289873.578737
approach2_run3,7317000,1779289873.672591
approach2_run3,7318000,1779289873.757524
approach2_run3,7319000,1779289873.782293
approach2_run3,7320000,1779289873.885584
approach2_run3,7321000,1779289873.989421
approach2_run3,7322000,1779289874.001091
approach2_run3,7323000,1779289874.088439
approach2_run3,7324000,1779289874.179889
approach2_run3,7325000,1779289874.245185
approach2_run3,7326000,1779289874.330261
approach2_run3,7327000,1779289874.390252
approach2_run3,7328000,1779289874.501632
approach2_run3,7329000,1779289874.586405
approach2_run3,7330000,1779289874.603982
approach2_run3,7331000,1779289874.690396
approach2_run3,7332000,1779289874.783252
approach2_run3,7333000,1779289874.843729
approach2_run3,7334000,1779289874.927403
approach2_run3,7335000,1779289875.012276
approach2_run3,7336000,1779289875.098643
approach2_run3,7337000,1779289875.142706
approach2_run3,7338000,1779289875.206448
approach2_run3,7339000,1779289875.296967
approach2_run3,7340000,1779289875.385684
approach2_run3,7341000,1779289875.399706
approach2_run3,7342000,1779289875.486194
approach2_run3,7343000,1779289875.593854
approach2_run3,7344000,1779289875.650476
approach2_run3,7345000,1779289875.735539
approach2_run3,7346000,1779289875.820227
approach2_run3,7347000,1779289875.898871
approach2_run3,7348000,1779289875.987088
approach2_run3,7349000,1779289875.991957
approach2_run3,7350000,1779289876.102416
approach2_run3,7351000,1779289876.196714
approach2_run3,7352000,1779289876.221672
approach2_run3,7353000,1779289876.321603
approach2_run3,7354000,1779289876.413340
approach2_run3,7355000,1779289876.477379
approach2_run3,7356000,1779289876.562229
approach2_run3,7357000,1779289876.647069
approach2_run3,7358000,1779289876.711076
approach2_run3,7359000,1779289876.809123
approach2_run3,7360000,1779289876.818137
approach2_run3,7361000,1779289876.924323
approach2_run3,7362000,1779289877.016480
approach2_run3,7363000,1779289877.073432
approach2_run3,7364000,1779289877.158248
approach2_run3,7365000,1779289877.218971
approach2_run3,7366000,1779289877.290020
approach2_run3,7367000,1779289877.374996
approach2_run3,7368000,1779289877.461294
approach2_run3,7369000,1779289877.531053
approach2_run3,7370000,1779289877.618724
approach2_run3,7371000,1779289877.625418
approach2_run3,7372000,1779289877.712160
approach2_run3,7373000,1779289877.825591
approach2_run3,7374000,1779289877.868899
approach2_run3,7375000,1779289877.954187
approach2_run3,7376000,1779289878.041355
approach2_run3,7377000,1779289878.129879
approach2_run3,7378000,1779289878.215582
approach2_run3,7379000,1779289878.300977
approach2_run3,7380000,1779289878.346973
approach2_run3,7381000,1779289878.436379
approach2_run3,7382000,1779289878.456943
approach2_run3,7383000,1779289878.561266
approach2_run3,7384000,1779289878.651912
approach2_run3,7385000,1779289878.713138
approach2_run3,7386000,1779289878.797503
approach2_run3,7387000,1779289878.844404
approach2_run3,7388000,1779289878.948305
approach2_run3,7389000,1779289878.990645
approach2_run3,7390000,1779289879.074066
approach2_run3,7391000,1779289879.173878
approach2_run3,7392000,1779289879.260413
approach2_run3,7393000,1779289879.345253
approach2_run3,7394000,1779289879.352329
approach2_run3,7395000,1779289879.447148
approach2_run3,7396000,1779289879.555374
approach2_run3,7397000,1779289879.642528
approach2_run3,7398000,1779289879.653304
approach2_run3,7399000,1779289879.775301
approach2_run3,7400000,1779289879.847666
approach2_run3,7401000,1779289879.918018
approach2_run3,7402000,1779289879.998869
approach2_run3,7403000,1779289880.065421
approach2_run3,7404000,1779289880.119166
approach2_run3,7405000,1779289880.193664
approach2_run3,7406000,1779289880.277498
approach2_run3,7407000,1779289880.378273
approach2_run3,7408000,1779289880.429432
approach2_run3,7409000,1779289880.475415
approach2_run3,7410000,1779289880.564732
approach2_run3,7411000,1779289880.673442
approach2_run3,7412000,1779289880.774542
approach2_run3,7413000,1779289880.777196
approach2_run3,7414000,1779289880.895213
approach2_run3,7415000,1779289880.980019
approach2_run3,7416000,1779289881.052984
approach2_run3,7417000,1779289881.072683
approach2_run3,7418000,1779289881.186004
approach2_run3,7419000,1779289881.252189
approach2_run3,7420000,1779289881.324188
approach2_run3,7421000,1779289881.379895
approach2_run3,7422000,1779289881.496763
approach2_run3,7423000,1779289881.552433
approach2_run3,7424000,1779289881.632541
approach2_run3,7425000,1779289881.681180
approach2_run3,7426000,1779289881.789741
approach2_run3,7427000,1779289881.827895
approach2_run3,7428000,1779289881.924147
approach2_run3,7429000,1779289882.012085
approach2_run3,7430000,1779289882.099838
approach2_run3,7431000,1779289882.101476
approach2_run3,7432000,1779289882.196774
approach2_run3,7433000,1779289882.317981
approach2_run3,7434000,1779289882.394427
approach2_run3,7435000,1779289882.496793
approach2_run3,7436000,1779289882.498662
approach2_run3,7437000,1779289882.614261
approach2_run3,7438000,1779289882.683238
approach2_run3,7439000,1779289882.771028
approach2_run3,7440000,1779289882.799489
approach2_run3,7441000,1779289882.907104
approach2_run3,7442000,1779289882.954048
approach2_run3,7443000,1779289883.042274
approach2_run3,7444000,1779289883.099431
approach2_run3,7445000,1779289883.216407
approach2_run3,7446000,1779289883.225179
approach2_run3,7447000,1779289883.313777
approach2_run3,7448000,1779289883.401791
approach2_run3,7449000,1779289883.508539
approach2_run3,7450000,1779289883.527741
approach2_run3,7451000,1779289883.614874
approach2_run3,7452000,1779289883.700796
approach2_run3,7453000,1779289883.801366
approach2_run3,7454000,1779289883.897685
approach2_run3,7455000,1779289883.916134
approach2_run3,7456000,1779289884.019863
approach2_run3,7457000,1779289884.074308
approach2_run3,7458000,1779289884.168923
approach2_run3,7459000,1779289884.215201
approach2_run3,7460000,1779289884.331068
approach2_run3,7461000,1779289884.356374
approach2_run3,7462000,1779289884.469973
approach2_run3,7463000,1779289884.517974
approach2_run3,7464000,1779289884.621590
approach2_run3,7465000,1779289884.657641
approach2_run3,7466000,1779289884.744169
approach2_run3,7467000,1779289884.826972
approach2_run3,7468000,1779289884.929372
approach2_run3,7469000,1779289884.934249
approach2_run3,7470000,1779289885.032147
approach2_run3,7471000,1779289885.108983
approach2_run3,7472000,1779289885.199332
approach2_run3,7473000,1779289885.226451
approach2_run3,7474000,1779289885.327448
approach2_run3,7475000,1779289885.428068
approach2_run3,7476000,1779289885.500157
approach2_run3,7477000,1779289885.587494
approach2_run3,7478000,1779289885.633697
approach2_run3,7479000,1779289885.720891
approach2_run3,7480000,1779289885.776968
approach2_run3,7481000,1779289885.872695
approach2_run3,7482000,1779289885.932156
approach2_run3,7483000,1779289886.030128
approach2_run3,7484000,1779289886.051712
approach2_run3,7485000,1779289886.142847
approach2_run3,7486000,1779289886.231135
approach2_run3,7487000,1779289886.339854
approach2_run3,7488000,1779289886.352874
approach2_run3,7489000,1779289886.444266
approach2_run3,7490000,1779289886.531533
approach2_run3,7491000,1779289886.622010
approach2_run3,7492000,1779289886.653403
approach2_run3,7493000,1779289886.743304
approach2_run3,7494000,1779289886.808481
approach2_run3,7495000,1779289886.905121
approach2_run3,7496000,1779289886.995194
approach2_run3,7497000,1779289887.046934
approach2_run3,7498000,1779289887.147365
approach2_run3,7499000,1779289887.175642
approach2_run3,7500000,1779289887.274802
approach2_run3,7501000,1779289887.345438
approach2_run3,7502000,1779289887.456632
approach2_run3,7503000,1779289887.476622
approach2_run3,7504000,1779289887.563570
approach2_run3,7505000,1779289887.651253
approach2_run3,7506000,1779289887.751025
approach2_run3,7507000,1779289887.769302
approach2_run3,7508000,1779289887.856542
approach2_run3,7509000,1779289887.937183
approach2_run3,7510000,1779289888.025735
approach2_run3,7511000,1779289888.062902
approach2_run3,7512000,1779289888.150845
approach2_run3,7513000,1779289888.220420
approach2_run3,7514000,1779289888.327824
approach2_run3,7515000,1779289888.371244
approach2_run3,7516000,1779289888.458201
approach2_run3,7517000,1779289888.508298
approach2_run3,7518000,1779289888.595237
approach2_run3,7519000,1779289888.695086
approach2_run3,7520000,1779289888.764747
approach2_run3,7521000,1779289888.865631
approach2_run3,7522000,1779289888.881114
approach2_run3,7523000,1779289888.972100
approach2_run3,7524000,1779289889.057071
approach2_run3,7525000,1779289889.150934
approach2_run3,7526000,1779289889.176437
approach2_run3,7527000,1779289889.273284
approach2_run3,7528000,1779289889.361880
approach2_run3,7529000,1779289889.451976
approach2_run3,7530000,1779289889.495144
approach2_run3,7531000,1779289889.581612
approach2_run3,7532000,1779289889.644766
approach2_run3,7533000,1779289889.734030
approach2_run3,7534000,1779289889.788095
approach2_run3,7535000,1779289889.881874
approach2_run3,7536000,1779289889.914718
approach2_run3,7537000,1779289890.001121
approach2_run3,7538000,1779289890.096752
approach2_run3,7539000,1779289890.183807
approach2_run3,7540000,1779289890.283089
approach2_run3,7541000,1779289890.293763
approach2_run3,7542000,1779289890.392442
approach2_run3,7543000,1779289890.484787
approach2_run3,7544000,1779289890.571230
approach2_run3,7545000,1779289890.613677
approach2_run3,7546000,1779289890.699859
approach2_run3,7547000,1779289890.773107
approach2_run3,7548000,1779289890.859693
approach2_run3,7549000,1779289890.905062
approach2_run3,7550000,1779289891.000247
approach2_run3,7551000,1779289891.040578
approach2_run3,7552000,1779289891.126687
approach2_run3,7553000,1779289891.215754
approach2_run3,7554000,1779289891.302042
approach2_run3,7555000,1779289891.315781
approach2_run3,7556000,1779289891.426948
approach2_run3,7557000,1779289891.507683
approach2_run3,7558000,1779289891.602279
approach2_run3,7559000,1779289891.603984
approach2_run3,7560000,1779289891.711840
approach2_run3,7561000,1779289891.816379
approach2_run3,7562000,1779289891.891409
approach2_run3,7563000,1779289891.982983
approach2_run3,7564000,1779289892.022342
approach2_run3,7565000,1779289892.116354
approach2_run3,7566000,1779289892.159096
approach2_run3,7567000,1779289892.259468
approach2_run3,7568000,1779289892.332084
approach2_run3,7569000,1779289892.420048
approach2_run3,7570000,1779289892.459453
approach2_run3,7571000,1779289892.546079
approach2_run3,7572000,1779289892.624181
approach2_run3,7573000,1779289892.718774
approach2_run3,7574000,1779289892.741231
approach2_run3,7575000,1779289892.834120
approach2_run3,7576000,1779289892.922106
approach2_run3,7577000,1779289893.013411
approach2_run3,7578000,1779289893.022610
approach2_run3,7579000,1779289893.139231
approach2_run3,7580000,1779289893.189360
approach2_run3,7581000,1779289893.312536
approach2_run3,7582000,1779289893.401624
approach2_run3,7583000,1779289893.429075
approach2_run3,7584000,1779289893.536155
approach2_run3,7585000,1779289893.595739
approach2_run3,7586000,1779289893.685746
approach2_run3,7587000,1779289893.741464
approach2_run3,7588000,1779289893.837653
approach2_run3,7589000,1779289893.866470
approach2_run3,7590000,1779289893.957446
approach2_run3,7591000,1779289894.044643
approach2_run3,7592000,1779289894.132596
approach2_run3,7593000,1779289894.140310
approach2_run3,7594000,1779289894.244864
approach2_run3,7595000,1779289894.345853
approach2_run3,7596000,1779289894.434210
approach2_run3,7597000,1779289894.441204
approach2_run3,7598000,1779289894.567130
approach2_run3,7599000,1779289894.632683
approach2_run3,7600000,1779289894.723021
approach2_run3,7601000,1779289894.742343
approach2_run3,7602000,1779289894.860206
approach2_run3,7603000,1779289894.901157
approach2_run3,7604000,1779289894.988373
approach2_run3,7605000,1779289895.075214
approach2_run3,7606000,1779289895.164649
approach2_run3,7607000,1779289895.258452
approach2_run3,7608000,1779289895.264016
approach2_run3,7609000,1779289895.374249
approach2_run3,7610000,1779289895.466700
approach2_run3,7611000,1779289895.558488
approach2_run3,7612000,1779289895.573651
approach2_run3,7613000,1779289895.663899
approach2_run3,7614000,1779289895.753077
approach2_run3,7615000,1779289895.841746
approach2_run3,7616000,1779289895.860706
approach2_run3,7617000,1779289895.964303
approach2_run3,7618000,1779289896.020652
approach2_run3,7619000,1779289896.106657
approach2_run3,7620000,1779289896.179502
approach2_run3,7621000,1779289896.285479
approach2_run3,7622000,1779289896.295350
approach2_run3,7623000,1779289896.405546
approach2_run3,7624000,1779289896.479571
approach2_run3,7625000,1779289896.579520
approach2_run3,7626000,1779289896.674957
approach2_run3,7627000,1779289896.693027
approach2_run3,7628000,1779289896.800496
approach2_run3,7629000,1779289896.874475
approach2_run3,7630000,1779289896.961140
approach2_run3,7631000,1779289896.977715
approach2_run3,7632000,1779289897.080904
approach2_run3,7633000,1779289897.138136
approach2_run3,7634000,1779289897.224908
approach2_run3,7635000,1779289897.300205
approach2_run3,7636000,1779289897.404459
approach2_run3,7637000,1779289897.435339
approach2_run3,7638000,1779289897.527036
approach2_run3,7639000,1779289897.596433
approach2_run3,7640000,1779289897.696579
approach2_run3,7641000,1779289897.724982
approach2_run3,7642000,1779289897.814697
approach2_run3,7643000,1779289897.904803
approach2_run3,7644000,1779289897.993922
approach2_run3,7645000,1779289898.007732
approach2_run3,7646000,1779289898.113090
approach2_run3,7647000,1779289898.199161
approach2_run3,7648000,1779289898.257279
approach2_run3,7649000,1779289898.379645
approach2_run3,7650000,1779289898.417824
approach2_run3,7651000,1779289898.520908
approach2_run3,7652000,1779289898.558096
approach2_run3,7653000,1779289898.668280
approach2_run3,7654000,1779289898.715549
approach2_run3,7655000,1779289898.821882
approach2_run3,7656000,1779289898.846746
approach2_run3,7657000,1779289898.936150
approach2_run3,7658000,1779289899.023947
approach2_run3,7659000,1779289899.110612
approach2_run3,7660000,1779289899.123787
approach2_run3,7661000,1779289899.230065
approach2_run3,7662000,1779289899.287482
approach2_run3,7663000,1779289899.410054
approach2_run3,7664000,1779289899.424743
approach2_run3,7665000,1779289899.551843
approach2_run3,7666000,1779289899.589386
approach2_run3,7667000,1779289899.699154
approach2_run3,7668000,1779289899.726358
approach2_run3,7669000,1779289899.832500
approach2_run3,7670000,1779289899.938876
approach2_run3,7671000,1779289899.965834
approach2_run3,7672000,1779289900.052976
approach2_run3,7673000,1779289900.141618
approach2_run3,7674000,1779289900.229760
approach2_run3,7675000,1779289900.240549
approach2_run3,7676000,1779289900.347256
approach2_run3,7677000,1779289900.441567
approach2_run3,7678000,1779289900.531594
approach2_run3,7679000,1779289900.541888
approach2_run3,7680000,1779289900.651349
approach2_run3,7681000,1779289900.734514
approach2_run3,7682000,1779289900.820289
approach2_run3,7683000,1779289900.842624
approach2_run3,7684000,1779289900.950017
approach2_run3,7685000,1779289900.995743
approach2_run3,7686000,1779289901.082469
approach2_run3,7687000,1779289901.143466
approach2_run3,7688000,1779289901.259869
approach2_run3,7689000,1779289901.270279
approach2_run3,7690000,1779289901.385695
approach2_run3,7691000,1779289901.475174
approach2_run3,7692000,1779289901.563859
approach2_run3,7693000,1779289901.657513
approach2_run3,7694000,1779289901.673902
approach2_run3,7695000,1779289901.767663
approach2_run3,7696000,1779289901.853486
approach2_run3,7697000,1779289901.939499
approach2_run3,7698000,1779289901.960100
approach2_run3,7699000,1779289902.081131
approach2_run3,7700000,1779289902.119178
approach2_run3,7701000,1779289902.207578
approach2_run3,7702000,1779289902.260192
approach2_run3,7703000,1779289902.387993
approach2_run3,7704000,1779289902.420882
approach2_run3,7705000,1779289902.508583
approach2_run3,7706000,1779289902.564545
approach2_run3,7707000,1779289902.688413
approach2_run3,7708000,1779289902.711690
approach2_run3,7709000,1779289902.798786
approach2_run3,7710000,1779289902.885844
approach2_run3,7711000,1779289902.971831
approach2_run3,7712000,1779289903.061648
approach2_run3,7713000,1779289903.078091
approach2_run3,7714000,1779289903.182455
approach2_run3,7715000,1779289903.251296
approach2_run3,7716000,1779289903.364248
approach2_run3,7717000,1779289903.378371
approach2_run3,7718000,1779289903.505450
approach2_run3,7719000,1779289903.561634
approach2_run3,7720000,1779289903.648622
approach2_run3,7721000,1779289903.698405
approach2_run3,7722000,1779289903.798786
approach2_run3,7723000,1779289903.829970
approach2_run3,7724000,1779289903.916014
approach2_run3,7725000,1779289904.003002
approach2_run3,7726000,1779289904.094373
approach2_run3,7727000,1779289904.107533
approach2_run3,7728000,1779289904.193966
approach2_run3,7729000,1779289904.281712
approach2_run3,7730000,1779289904.396017
approach2_run3,7731000,1779289904.406525
approach2_run3,7732000,1779289904.494489
approach2_run3,7733000,1779289904.620973
approach2_run3,7734000,1779289904.679061
approach2_run3,7735000,1779289904.772727
approach2_run3,7736000,1779289904.797259
approach2_run3,7737000,1779289904.914894
approach2_run3,7738000,1779289904.950403
approach2_run3,7739000,1779289905.036988
approach2_run3,7740000,1779289905.097064
approach2_run3,7741000,1779289905.223758
approach2_run3,7742000,1779289905.225545
approach2_run3,7743000,1779289905.338801
approach2_run3,7744000,1779289905.399197
approach2_run3,7745000,1779289905.521907
approach2_run3,7746000,1779289905.535876
approach2_run3,7747000,1779289905.622877
approach2_run3,7748000,1779289905.718652
approach2_run3,7749000,1779289905.804676
approach2_run3,7750000,1779289905.827134
approach2_run3,7751000,1779289905.914555
approach2_run3,7752000,1779289905.981904
approach2_run3,7753000,1779289906.067967
approach2_run3,7754000,1779289906.155357
approach2_run3,7755000,1779289906.214712
approach2_run3,7756000,1779289906.340765
approach2_run3,7757000,1779289906.371054
approach2_run3,7758000,1779289906.458433
approach2_run3,7759000,1779289906.537773
approach2_run3,7760000,1779289906.635555
approach2_run3,7761000,1779289906.663727
approach2_run3,7762000,1779289906.749694
approach2_run3,7763000,1779289906.817417
approach2_run3,7764000,1779289906.923835
approach2_run3,7765000,1779289906.943421
approach2_run3,7766000,1779289907.031642
approach2_run3,7767000,1779289907.098323
approach2_run3,7768000,1779289907.199605
approach2_run3,7769000,1779289907.240454
approach2_run3,7770000,1779289907.330983
approach2_run3,7771000,1779289907.402670
approach2_run3,7772000,1779289907.509640
approach2_run3,7773000,1779289907.545203
approach2_run3,7774000,1779289907.633663
approach2_run3,7775000,1779289907.752271
approach2_run3,7776000,1779289907.780801
approach2_run3,7777000,1779289907.866933
approach2_run3,7778000,1779289907.932645
approach2_run3,7779000,1779289908.040807
approach2_run3,7780000,1779289908.059483
approach2_run3,7781000,1779289908.148291
approach2_run3,7782000,1779289908.256448
approach2_run3,7783000,1779289908.343583
approach2_run3,7784000,1779289908.357188
approach2_run3,7785000,1779289908.444980
approach2_run3,7786000,1779289908.541495
approach2_run3,7787000,1779289908.627358
approach2_run3,7788000,1779289908.662461
approach2_run3,7789000,1779289908.750210
approach2_run3,7790000,1779289908.812767
approach2_run3,7791000,1779289908.898929
approach2_run3,7792000,1779289908.959386
approach2_run3,7793000,1779289909.048200
approach2_run3,7794000,1779289909.073110
approach2_run3,7795000,1779289909.176447
approach2_run3,7796000,1779289909.289456
approach2_run3,7797000,1779289909.372894
approach2_run3,7798000,1779289909.472599
approach2_run3,7799000,1779289909.487969
approach2_run3,7800000,1779289909.574655
approach2_run3,7801000,1779289909.651358
approach2_run3,7802000,1779289909.757049
approach2_run3,7803000,1779289909.779786
approach2_run3,7804000,1779289909.868094
approach2_run3,7805000,1779289909.931995
approach2_run3,7806000,1779289910.017972
approach2_run3,7807000,1779289910.076015
approach2_run3,7808000,1779289910.163705
approach2_run3,7809000,1779289910.208648
approach2_run3,7810000,1779289910.322713
approach2_run3,7811000,1779289910.384157
approach2_run3,7812000,1779289910.491676
approach2_run3,7813000,1779289910.521192
approach2_run3,7814000,1779289910.615567
approach2_run3,7815000,1779289910.678780
approach2_run3,7816000,1779289910.767138
approach2_run3,7817000,1779289910.878315
approach2_run3,7818000,1779289910.879982
approach2_run3,7819000,1779289910.995598
approach2_run3,7820000,1779289911.063109
approach2_run3,7821000,1779289911.161053
approach2_run3,7822000,1779289911.206728
approach2_run3,7823000,1779289911.298894
approach2_run3,7824000,1779289911.392056
approach2_run3,7825000,1779289911.488115
approach2_run3,7826000,1779289911.506289
approach2_run3,7827000,1779289911.619125
approach2_run3,7828000,1779289911.666529
approach2_run3,7829000,1779289911.752545
approach2_run3,7830000,1779289911.809536
approach2_run3,7831000,1779289911.901305
approach2_run3,7832000,1779289911.926599
approach2_run3,7833000,1779289912.019777
approach2_run3,7834000,1779289912.107395
approach2_run3,7835000,1779289912.193344
approach2_run3,7836000,1779289912.221462
approach2_run3,7837000,1779289912.345590
approach2_run3,7838000,1779289912.415873
approach2_run3,7839000,1779289912.504298
approach2_run3,7840000,1779289912.609902
approach2_run3,7841000,1779289912.611797
approach2_run3,7842000,1779289912.716314
approach2_run3,7843000,1779289912.783875
approach2_run3,7844000,1779289912.870173
approach2_run3,7845000,1779289912.925378
approach2_run3,7846000,1779289913.017553
approach2_run3,7847000,1779289913.051017
approach2_run3,7848000,1779289913.137649
approach2_run3,7849000,1779289913.225218
approach2_run3,7850000,1779289913.318894
approach2_run3,7851000,1779289913.379237
approach2_run3,7852000,1779289913.467579
approach2_run3,7853000,1779289913.527990
approach2_run3,7854000,1779289913.620221
approach2_run3,7855000,1779289913.643031
approach2_run3,7856000,1779289913.730562
approach2_run3,7857000,1779289913.817988
approach2_run3,7858000,1779289913.904078
approach2_run3,7859000,1779289913.941463
approach2_run3,7860000,1779289914.039929
approach2_run3,7861000,1779289914.134194
approach2_run3,7862000,1779289914.169234
approach2_run3,7863000,1779289914.285689
approach2_run3,7864000,1779289914.323886
approach2_run3,7865000,1779289914.434166
approach2_run3,7866000,1779289914.500001
approach2_run3,7867000,1779289914.586828
approach2_run3,7868000,1779289914.644015
approach2_run3,7869000,1779289914.736344
approach2_run3,7870000,1779289914.763138
approach2_run3,7871000,1779289914.850469
approach2_run3,7872000,1779289914.934728
approach2_run3,7873000,1779289915.027685
approach2_run3,7874000,1779289915.037617
approach2_run3,7875000,1779289915.156019
approach2_run3,7876000,1779289915.231666
approach2_run3,7877000,1779289915.338290
approach2_run3,7878000,1779289915.354258
approach2_run3,7879000,1779289915.444650
approach2_run3,7880000,1779289915.531938
approach2_run3,7881000,1779289915.619478
approach2_run3,7882000,1779289915.706938
approach2_run3,7883000,1779289915.760614
approach2_run3,7884000,1779289915.852417
approach2_run3,7885000,1779289915.883929
approach2_run3,7886000,1779289915.969984
approach2_run3,7887000,1779289916.052248
approach2_run3,7888000,1779289916.153291
approach2_run3,7889000,1779289916.174728
approach2_run3,7890000,1779289916.272396
approach2_run3,7891000,1779289916.363291
approach2_run3,7892000,1779289916.454546
approach2_run3,7893000,1779289916.473980
approach2_run3,7894000,1779289916.560611
approach2_run3,7895000,1779289916.649347
approach2_run3,7896000,1779289916.735982
approach2_run3,7897000,1779289916.774956
approach2_run3,7898000,1779289916.874634
approach2_run3,7899000,1779289916.912412
approach2_run3,7900000,1779289917.000923
approach2_run3,7901000,1779289917.059553
approach2_run3,7902000,1779289917.169253
approach2_run3,7903000,1779289917.270276
approach2_run3,7904000,1779289917.328310
approach2_run3,7905000,1779289917.419840
approach2_run3,7906000,1779289917.481106
approach2_run3,7907000,1779289917.574139
approach2_run3,7908000,1779289917.595028
approach2_run3,7909000,1779289917.682635
approach2_run3,7910000,1779289917.769956
approach2_run3,7911000,1779289917.856073
approach2_run3,7912000,1779289917.893253
approach2_run3,7913000,1779289917.995119
approach2_run3,7914000,1779289918.063365
approach2_run3,7915000,1779289918.149547
approach2_run3,7916000,1779289918.176461
approach2_run3,7917000,1779289918.277337
approach2_run3,7918000,1779289918.367532
approach2_run3,7919000,1779289918.455176
approach2_run3,7920000,1779289918.494693
approach2_run3,7921000,1779289918.597263
approach2_run3,7922000,1779289918.629267
approach2_run3,7923000,1779289918.715335
approach2_run3,7924000,1779289918.807292
approach2_run3,7925000,1779289918.887203
approach2_run3,7926000,1779289918.988527
approach2_run3,7927000,1779289919.008365
approach2_run3,7928000,1779289919.095909
approach2_run3,7929000,1779289919.181614
approach2_run3,7930000,1779289919.287891
approach2_run3,7931000,1779289919.313032
approach2_run3,7932000,1779289919.399545
approach2_run3,7933000,1779289919.487126
approach2_run3,7934000,1779289919.573422
approach2_run3,7935000,1779289919.591209
approach2_run3,7936000,1779289919.697469
approach2_run3,7937000,1779289919.753189
approach2_run3,7938000,1779289919.839142
approach2_run3,7939000,1779289919.893659
approach2_run3,7940000,1779289919.996946
approach2_run3,7941000,1779289920.039724
approach2_run3,7942000,1779289920.125995
approach2_run3,7943000,1779289920.214009
approach2_run3,7944000,1779289920.315608
approach2_run3,7945000,1779289920.403102
approach2_run3,7946000,1779289920.430847
approach2_run3,7947000,1779289920.516954
approach2_run3,7948000,1779289920.605677
approach2_run3,7949000,1779289920.696124
approach2_run3,7950000,1779289920.708210
approach2_run3,7951000,1779289920.814838
approach2_run3,7952000,1779289920.898098
approach2_run3,7953000,1779289920.984042
approach2_run3,7954000,1779289921.011139
approach2_run3,7955000,1779289921.115769
approach2_run3,7956000,1779289921.157498
approach2_run3,7957000,1779289921.288623
approach2_run3,7958000,1779289921.330975
approach2_run3,7959000,1779289921.432665
approach2_run3,7960000,1779289921.462484
approach2_run3,7961000,1779289921.548899
approach2_run3,7962000,1779289921.614506
approach2_run3,7963000,1779289921.725809
approach2_run3,7964000,1779289921.728601
approach2_run3,7965000,1779289921.842572
approach2_run3,7966000,1779289921.931980
approach2_run3,7967000,1779289922.016356
approach2_run3,7968000,1779289922.102513
approach2_run3,7969000,1779289922.128796
approach2_run3,7970000,1779289922.235887
approach2_run3,7971000,1779289922.320032
approach2_run3,7972000,1779289922.406175
approach2_run3,7973000,1779289922.447698
approach2_run3,7974000,1779289922.549455
approach2_run3,7975000,1779289922.580377
approach2_run3,7976000,1779289922.671412
approach2_run3,7977000,1779289922.730974
approach2_run3,7978000,1779289922.842512
approach2_run3,7979000,1779289922.873444
approach2_run3,7980000,1779289922.962746
approach2_run3,7981000,1779289923.047220
approach2_run3,7982000,1779289923.133651
approach2_run3,7983000,1779289923.151192
approach2_run3,7984000,1779289923.260815
approach2_run3,7985000,1779289923.350498
approach2_run3,7986000,1779289923.436746
approach2_run3,7987000,1779289923.523118
approach2_run3,7988000,1779289923.565222
approach2_run3,7989000,1779289923.651232
approach2_run3,7990000,1779289923.713801
approach2_run3,7991000,1779289923.816041
approach2_run3,7992000,1779289923.848382
approach2_run3,7993000,1779289923.954067
approach2_run3,7994000,1779289923.990292
approach2_run3,7995000,1779289924.076717
approach2_run3,7996000,1779289924.164232
approach2_run3,7997000,1779289924.252967
approach2_run3,7998000,1779289924.290995
approach2_run3,7999000,1779289924.380186
approach2_run3,8000000,1779289924.467473
approach2_run3,8001000,1779289924.553514
approach2_run3,8002000,1779289924.560214
approach2_run3,8003000,1779289924.680549
approach2_run3,8004000,1779289924.744781
approach2_run3,8005000,1779289924.846282
approach2_run3,8006000,1779289924.869194
approach2_run3,8007000,1779289924.965451
approach2_run3,8008000,1779289925.070821
approach2_run3,8009000,1779289925.107401
approach2_run3,8010000,1779289925.193541
approach2_run3,8011000,1779289925.282686
approach2_run3,8012000,1779289925.383629
approach2_run3,8013000,1779289925.411898
approach2_run3,8014000,1779289925.497815
approach2_run3,8015000,1779289925.586986
approach2_run3,8016000,1779289925.676435
approach2_run3,8017000,1779289925.678232
approach2_run3,8018000,1779289925.801106
approach2_run3,8019000,1779289925.878697
approach2_run3,8020000,1779289925.964653
approach2_run3,8021000,1779289925.987431
approach2_run3,8022000,1779289926.082533
approach2_run3,8023000,1779289926.139067
approach2_run3,8024000,1779289926.266376
approach2_run3,8025000,1779289926.294039
approach2_run3,8026000,1779289926.402732
approach2_run3,8027000,1779289926.443753
approach2_run3,8028000,1779289926.533285
approach2_run3,8029000,1779289926.619485
approach2_run3,8030000,1779289926.684557
approach2_run3,8031000,1779289926.793778
approach2_run3,8032000,1779289926.822155
approach2_run3,8033000,1779289926.916726
approach2_run3,8034000,1779289926.996409
approach2_run3,8035000,1779289927.082554
approach2_run3,8036000,1779289927.102553
approach2_run3,8037000,1779289927.190283
approach2_run3,8038000,1779289927.298437
approach2_run3,8039000,1779289927.384552
approach2_run3,8040000,1779289927.411766
approach2_run3,8041000,1779289927.519497
approach2_run3,8042000,1779289927.564637
approach2_run3,8043000,1779289927.650692
approach2_run3,8044000,1779289927.705347
approach2_run3,8045000,1779289927.801454
approach2_run3,8046000,1779289927.852934
approach2_run3,8047000,1779289927.939769
approach2_run3,8048000,1779289928.026967
approach2_run3,8049000,1779289928.113006
approach2_run3,8050000,1779289928.219769
approach2_run3,8051000,1779289928.239516
approach2_run3,8052000,1779289928.327525
approach2_run3,8053000,1779289928.403931
approach2_run3,8054000,1779289928.507416
approach2_run3,8055000,1779289928.529963
approach2_run3,8056000,1779289928.636284
approach2_run3,8057000,1779289928.681188
approach2_run3,8058000,1779289928.796082
approach2_run3,8059000,1779289928.824486
approach2_run3,8060000,1779289928.918463
approach2_run3,8061000,1779289928.970438
approach2_run3,8062000,1779289929.057833
approach2_run3,8063000,1779289929.133752
approach2_run3,8064000,1779289929.231722
approach2_run3,8065000,1779289929.239862
approach2_run3,8066000,1779289929.358531
approach2_run3,8067000,1779289929.427665
approach2_run3,8068000,1779289929.521458
approach2_run3,8069000,1779289929.538734
approach2_run3,8070000,1779289929.630086
approach2_run3,8071000,1779289929.755194
approach2_run3,8072000,1779289929.827268
approach2_run3,8073000,1779289929.913799
approach2_run3,8074000,1779289929.941767
approach2_run3,8075000,1779289930.029549
approach2_run3,8076000,1779289930.089602
approach2_run3,8077000,1779289930.175932
approach2_run3,8078000,1779289930.249111
approach2_run3,8079000,1779289930.357148
approach2_run3,8080000,1779289930.390875
approach2_run3,8081000,1779289930.477451
approach2_run3,8082000,1779289930.544393
approach2_run3,8083000,1779289930.639005
approach2_run3,8084000,1779289930.656135
approach2_run3,8085000,1779289930.759307
approach2_run3,8086000,1779289930.852015
approach2_run3,8087000,1779289930.945194
approach2_run3,8088000,1779289930.961045
approach2_run3,8089000,1779289931.059778
approach2_run3,8090000,1779289931.120385
approach2_run3,8091000,1779289931.207014
approach2_run3,8092000,1779289931.333508
approach2_run3,8093000,1779289931.367804
approach2_run3,8094000,1779289931.473042
approach2_run3,8095000,1779289931.508094
approach2_run3,8096000,1779289931.599342
approach2_run3,8097000,1779289931.662600
approach2_run3,8098000,1779289931.756653
approach2_run3,8099000,1779289931.773330
approach2_run3,8100000,1779289931.888443
approach2_run3,8101000,1779289931.970843
approach2_run3,8102000,1779289932.063874
approach2_run3,8103000,1779289932.077278
approach2_run3,8104000,1779289932.165727
approach2_run3,8105000,1779289932.237529
approach2_run3,8106000,1779289932.359510
approach2_run3,8107000,1779289932.364634
approach2_run3,8108000,1779289932.484452
approach2_run3,8109000,1779289932.542506
approach2_run3,8110000,1779289932.630666
approach2_run3,8111000,1779289932.682154
approach2_run3,8112000,1779289932.779126
approach2_run3,8113000,1779289932.866721
approach2_run3,8114000,1779289932.920359
approach2_run3,8115000,1779289933.006713
approach2_run3,8116000,1779289933.087760
approach2_run3,8117000,1779289933.176213
approach2_run3,8118000,1779289933.184392
approach2_run3,8119000,1779289933.309376
approach2_run3,8120000,1779289933.383081
approach2_run3,8121000,1779289933.479502
approach2_run3,8122000,1779289933.484258
approach2_run3,8123000,1779289933.585153
approach2_run3,8124000,1779289933.661187
approach2_run3,8125000,1779289933.749290
approach2_run3,8126000,1779289933.797046
approach2_run3,8127000,1779289933.887936
approach2_run3,8128000,1779289933.951292
approach2_run3,8129000,1779289934.041214
approach2_run3,8130000,1779289934.100221
approach2_run3,8131000,1779289934.189660
approach2_run3,8132000,1779289934.254834
approach2_run3,8133000,1779289934.340818
approach2_run3,8134000,1779289934.428012
approach2_run3,8135000,1779289934.500565
approach2_run3,8136000,1779289934.588145
approach2_run3,8137000,1779289934.604412
approach2_run3,8138000,1779289934.702794
approach2_run3,8139000,1779289934.781708
approach2_run3,8140000,1779289934.894492
approach2_run3,8141000,1779289934.915633
approach2_run3,8142000,1779289935.003783
approach2_run3,8143000,1779289935.072041
approach2_run3,8144000,1779289935.159199
approach2_run3,8145000,1779289935.202104
approach2_run3,8146000,1779289935.305714
approach2_run3,8147000,1779289935.371681
approach2_run3,8148000,1779289935.462915
approach2_run3,8149000,1779289935.517813
approach2_run3,8150000,1779289935.606786
approach2_run3,8151000,1779289935.636884
approach2_run3,8152000,1779289935.740675
approach2_run3,8153000,1779289935.832337
approach2_run3,8154000,1779289935.918361
approach2_run3,8155000,1779289936.039631
approach2_run3,8156000,1779289936.041543
approach2_run3,8157000,1779289936.128062
approach2_run3,8158000,1779289936.241822
approach2_run3,8159000,1779289936.328214
approach2_run3,8160000,1779289936.330060
approach2_run3,8161000,1779289936.433879
approach2_run3,8162000,1779289936.519575
approach2_run3,8163000,1779289936.605830
approach2_run3,8164000,1779289936.644018
approach2_run3,8165000,1779289936.730909
approach2_run3,8166000,1779289936.779728
approach2_run3,8167000,1779289936.900797
approach2_run3,8168000,1779289936.951414
approach2_run3,8169000,1779289937.063599
approach2_run3,8170000,1779289937.102210
approach2_run3,8171000,1779289937.188021
approach2_run3,8172000,1779289937.248932
approach2_run3,8173000,1779289937.361549
approach2_run3,8174000,1779289937.363273
approach2_run3,8175000,1779289937.465102
approach2_run3,8176000,1779289937.552719
approach2_run3,8177000,1779289937.638480
approach2_run3,8178000,1779289937.758588
approach2_run3,8179000,1779289937.763224
approach2_run3,8180000,1779289937.875954
approach2_run3,8181000,1779289937.932387
approach2_run3,8182000,1779289938.048300
approach2_run3,8183000,1779289938.068613
approach2_run3,8184000,1779289938.155034
approach2_run3,8185000,1779289938.238113
approach2_run3,8186000,1779289938.324265
approach2_run3,8187000,1779289938.365592
approach2_run3,8188000,1779289938.478598
approach2_run3,8189000,1779289938.497800
approach2_run3,8190000,1779289938.583825
approach2_run3,8191000,1779289938.670643
approach2_run3,8192000,1779289938.783940
approach2_run3,8193000,1779289938.791044
approach2_run3,8194000,1779289938.904262
approach2_run3,8195000,1779289938.967418
approach2_run3,8196000,1779289939.080065
approach2_run3,8197000,1779289939.181568
approach2_run3,8198000,1779289939.184968
approach2_run3,8199000,1779289939.271301
approach2_run3,8200000,1779289939.355562
approach2_run3,8201000,1779289939.441995
approach2_run3,8202000,1779289939.480272
approach2_run3,8203000,1779289939.599024
approach2_run3,8204000,1779289939.648622
approach2_run3,8205000,1779289939.735004
approach2_run3,8206000,1779289939.787519
approach2_run3,8207000,1779289939.901511
approach2_run3,8208000,1779289939.943020
approach2_run3,8209000,1779289940.029567
approach2_run3,8210000,1779289940.082334
approach2_run3,8211000,1779289940.202118
approach2_run3,8212000,1779289940.212747
approach2_run3,8213000,1779289940.302403
approach2_run3,8214000,1779289940.386697
approach2_run3,8215000,1779289940.473088
approach2_run3,8216000,1779289940.505338
approach2_run3,8217000,1779289940.596011
approach2_run3,8218000,1779289940.692562
approach2_run3,8219000,1779289940.765935
approach2_run3,8220000,1779289940.878960
approach2_run3,8221000,1779289940.906943
approach2_run3,8222000,1779289941.020012
approach2_run3,8223000,1779289941.069787
approach2_run3,8224000,1779289941.156276
approach2_run3,8225000,1779289941.198743
approach2_run3,8226000,1779289941.318476
approach2_run3,8227000,1779289941.330798
approach2_run3,8228000,1779289941.421633
approach2_run3,8229000,1779289941.506071
approach2_run3,8230000,1779289941.622491
approach2_run3,8231000,1779289941.624288
approach2_run3,8232000,1779289941.718821
approach2_run3,8233000,1779289941.810624
approach2_run3,8234000,1779289941.926605
approach2_run3,8235000,1779289941.928315
approach2_run3,8236000,1779289942.058923
approach2_run3,8237000,1779289942.111553
approach2_run3,8238000,1779289942.197678
approach2_run3,8239000,1779289942.285231
approach2_run3,8240000,1779289942.321324
approach2_run3,8241000,1779289942.441163
approach2_run3,8242000,1779289942.458731
approach2_run3,8243000,1779289942.573661
approach2_run3,8244000,1779289942.661183
approach2_run3,8245000,1779289942.747414
approach2_run3,8246000,1779289942.778690
approach2_run3,8247000,1779289942.870003
approach2_run3,8248000,1779289942.926520
approach2_run3,8249000,1779289943.043006
approach2_run3,8250000,1779289943.046510
approach2_run3,8251000,1779289943.175913
approach2_run3,8252000,1779289943.238837
approach2_run3,8253000,1779289943.325305
approach2_run3,8254000,1779289943.350316
approach2_run3,8255000,1779289943.436850
approach2_run3,8256000,1779289943.520090
approach2_run3,8257000,1779289943.636957
approach2_run3,8258000,1779289943.659543
approach2_run3,8259000,1779289943.777888
approach2_run3,8260000,1779289943.816662
approach2_run3,8261000,1779289943.903337
approach2_run3,8262000,1779289943.990649
approach2_run3,8263000,1779289944.042276
approach2_run3,8264000,1779289944.159578
approach2_run3,8265000,1779289944.182874
approach2_run3,8266000,1779289944.292193
approach2_run3,8267000,1779289944.377652
approach2_run3,8268000,1779289944.463969
approach2_run3,8269000,1779289944.467667
approach2_run3,8270000,1779289944.582867
approach2_run3,8271000,1779289944.653780
approach2_run3,8272000,1779289944.760316
approach2_run3,8273000,1779289944.777708
approach2_run3,8274000,1779289944.896246
approach2_run3,8275000,1779289944.936122
approach2_run3,8276000,1779289945.024442
approach2_run3,8277000,1779289945.073738
approach2_run3,8278000,1779289945.160593
approach2_run3,8279000,1779289945.213975
approach2_run3,8280000,1779289945.301200
approach2_run3,8281000,1779289945.410467
approach2_run3,8282000,1779289945.501919
approach2_run3,8283000,1779289945.588126
approach2_run3,8284000,1779289945.618433
approach2_run3,8285000,1779289945.705547
approach2_run3,8286000,1779289945.763434
approach2_run3,8287000,1779289945.879617
approach2_run3,8288000,1779289945.881185
approach2_run3,8289000,1779289946.014037
approach2_run3,8290000,1779289946.056106
approach2_run3,8291000,1779289946.157073
approach2_run3,8292000,1779289946.192225
approach2_run3,8293000,1779289946.278561
approach2_run3,8294000,1779289946.331014
approach2_run3,8295000,1779289946.440395
approach2_run3,8296000,1779289946.496011
approach2_run3,8297000,1779289946.617633
approach2_run3,8298000,1779289946.649486
approach2_run3,8299000,1779289946.736189
approach2_run3,8300000,1779289946.794317
approach2_run3,8301000,1779289946.888951
approach2_run3,8302000,1779289946.910428
approach2_run3,8303000,1779289946.998683
approach2_run3,8304000,1779289947.128289
approach2_run3,8305000,1779289947.179882
approach2_run3,8306000,1779289947.274100
approach2_run3,8307000,1779289947.308724
approach2_run3,8308000,1779289947.395340
approach2_run3,8309000,1779289947.470036
approach2_run3,8310000,1779289947.589529
approach2_run3,8311000,1779289947.612525
approach2_run3,8312000,1779289947.731168
approach2_run3,8313000,1779289947.767122
approach2_run3,8314000,1779289947.853303
approach2_run3,8315000,1779289947.910652
approach2_run3,8316000,1779289947.997141
approach2_run3,8317000,1779289948.028508
approach2_run3,8318000,1779289948.115630
approach2_run3,8319000,1779289948.217943
approach2_run3,8320000,1779289948.305986
approach2_run3,8321000,1779289948.336433
approach2_run3,8322000,1779289948.424119
approach2_run3,8323000,1779289948.501428
approach2_run3,8324000,1779289948.606968
approach2_run3,8325000,1779289948.710710
approach2_run3,8326000,1779289948.714557
approach2_run3,8327000,1779289948.847316
approach2_run3,8328000,1779289948.884223
approach2_run3,8329000,1779289948.970406
approach2_run3,8330000,1779289949.026241
approach2_run3,8331000,1779289949.113524
approach2_run3,8332000,1779289949.146565
approach2_run3,8333000,1779289949.249171
approach2_run3,8334000,1779289949.330883
approach2_run3,8335000,1779289949.444673
approach2_run3,8336000,1779289949.453097
approach2_run3,8337000,1779289949.540535
approach2_run3,8338000,1779289949.628959
approach2_run3,8339000,1779289949.723344
approach2_run3,8340000,1779289949.741813
approach2_run3,8341000,1779289949.830445
approach2_run3,8342000,1779289949.915060
approach2_run3,8343000,1779289950.001420
approach2_run3,8344000,1779289950.056276
approach2_run3,8345000,1779289950.142595
approach2_run3,8346000,1779289950.229862
approach2_run3,8347000,1779289950.280169
approach2_run3,8348000,1779289950.367380
approach2_run3,8349000,1779289950.448387
approach2_run3,8350000,1779289950.570563
approach2_run3,8351000,1779289950.597418
approach2_run3,8352000,1779289950.684498
approach2_run3,8353000,1779289950.746548
approach2_run3,8354000,1779289950.840578
approach2_run3,8355000,1779289950.858964
approach2_run3,8356000,1779289950.963690
approach2_run3,8357000,1779289951.033587
approach2_run3,8358000,1779289951.119569
approach2_run3,8359000,1779289951.174027
approach2_run3,8360000,1779289951.260693
approach2_run3,8361000,1779289951.311869
approach2_run3,8362000,1779289951.399540
approach2_run3,8363000,1779289951.464371
approach2_run3,8364000,1779289951.566724
approach2_run3,8365000,1779289951.629103
approach2_run3,8366000,1779289951.715599
approach2_run3,8367000,1779289951.802265
approach2_run3,8368000,1779289951.863249
approach2_run3,8369000,1779289951.950873
approach2_run3,8370000,1779289951.976997
approach2_run3,8371000,1779289952.081204
approach2_run3,8372000,1779289952.151460
approach2_run3,8373000,1779289952.245590
approach2_run3,8374000,1779289952.291159
approach2_run3,8375000,1779289952.378237
approach2_run3,8376000,1779289952.450500
approach2_run3,8377000,1779289952.537246
approach2_run3,8378000,1779289952.580693
approach2_run3,8379000,1779289952.684103
approach2_run3,8380000,1779289952.747378
approach2_run3,8381000,1779289952.833884
approach2_run3,8382000,1779289952.893790
approach2_run3,8383000,1779289952.981035
approach2_run3,8384000,1779289953.008430
approach2_run3,8385000,1779289953.095217
approach2_run3,8386000,1779289953.182802
approach2_run3,8387000,1779289953.285212
approach2_run3,8388000,1779289953.394263
approach2_run3,8389000,1779289953.407489
approach2_run3,8390000,1779289953.495012
approach2_run3,8391000,1779289953.567966
approach2_run3,8392000,1779289953.675854
approach2_run3,8393000,1779289953.691182
approach2_run3,8394000,1779289953.800257
approach2_run3,8395000,1779289953.866159
approach2_run3,8396000,1779289953.952328
approach2_run3,8397000,1779289954.009499
approach2_run3,8398000,1779289954.096740
approach2_run3,8399000,1779289954.127857
approach2_run3,8400000,1779289954.219949
approach2_run3,8401000,1779289954.298459
approach2_run3,8402000,1779289954.402658
approach2_run3,8403000,1779289954.425098
approach2_run3,8404000,1779289954.523496
approach2_run3,8405000,1779289954.611663
approach2_run3,8406000,1779289954.698406
approach2_run3,8407000,1779289954.722064
approach2_run3,8408000,1779289954.809259
approach2_run3,8409000,1779289954.899659
approach2_run3,8410000,1779289954.983322
approach2_run3,8411000,1779289955.069990
approach2_run3,8412000,1779289955.125582
approach2_run3,8413000,1779289955.212895
approach2_run3,8414000,1779289955.259386
approach2_run3,8415000,1779289955.368757
approach2_run3,8416000,1779289955.393405
approach2_run3,8417000,1779289955.502887
approach2_run3,8418000,1779289955.542182
approach2_run3,8419000,1779289955.665350
approach2_run3,8420000,1779289955.727072
approach2_run3,8421000,1779289955.815027
approach2_run3,8422000,1779289955.840185
approach2_run3,8423000,1779289955.926513
approach2_run3,8424000,1779289955.995965
approach2_run3,8425000,1779289956.100531
approach2_run3,8426000,1779289956.105431
approach2_run3,8427000,1779289956.209256
approach2_run3,8428000,1779289956.290529
approach2_run3,8429000,1779289956.399809
approach2_run3,8430000,1779289956.486648
approach2_run3,8431000,1779289956.506611
approach2_run3,8432000,1779289956.609806
approach2_run3,8433000,1779289956.696976
approach2_run3,8434000,1779289956.784120
approach2_run3,8435000,1779289956.841599
approach2_run3,8436000,1779289956.932486
approach2_run3,8437000,1779289956.958560
approach2_run3,8438000,1779289957.044746
approach2_run3,8439000,1779289957.111885
approach2_run3,8440000,1779289957.200284
approach2_run3,8441000,1779289957.225443
approach2_run3,8442000,1779289957.324773
approach2_run3,8443000,1779289957.429422
approach2_run3,8444000,1779289957.533472
approach2_run3,8445000,1779289957.554726
approach2_run3,8446000,1779289957.640657
approach2_run3,8447000,1779289957.714243
approach2_run3,8448000,1779289957.801392
approach2_run3,8449000,1779289957.814890
approach2_run3,8450000,1779289957.926699
approach2_run3,8451000,1779289958.046987
approach2_run3,8452000,1779289958.075162
approach2_run3,8453000,1779289958.161250
approach2_run3,8454000,1779289958.224059
approach2_run3,8455000,1779289958.314962
approach2_run3,8456000,1779289958.349626
approach2_run3,8457000,1779289958.458392
approach2_run3,8458000,1779289958.528718
approach2_run3,8459000,1779289958.649049
approach2_run3,8460000,1779289958.671678
approach2_run3,8461000,1779289958.758239
approach2_run3,8462000,1779289958.829821
approach2_run3,8463000,1779289958.917315
approach2_run3,8464000,1779289958.932018
approach2_run3,8465000,1779289959.042486
approach2_run3,8466000,1779289959.105483
approach2_run3,8467000,1779289959.192496
approach2_run3,8468000,1779289959.251322
approach2_run3,8469000,1779289959.340116
approach2_run3,8470000,1779289959.384218
approach2_run3,8471000,1779289959.489531
approach2_run3,8472000,1779289959.614688
approach2_run3,8473000,1779289959.644511
approach2_run3,8474000,1779289959.764832
approach2_run3,8475000,1779289959.790446
approach2_run3,8476000,1779289959.879707
approach2_run3,8477000,1779289959.946739
approach2_run3,8478000,1779289960.033449
approach2_run3,8479000,1779289960.053860
approach2_run3,8480000,1779289960.158607
approach2_run3,8481000,1779289960.242711
approach2_run3,8482000,1779289960.349316
approach2_run3,8483000,1779289960.368268
approach2_run3,8484000,1779289960.456956
approach2_run3,8485000,1779289960.549127
approach2_run3,8486000,1779289960.635710
approach2_run3,8487000,1779289960.647426
approach2_run3,8488000,1779289960.760895
approach2_run3,8489000,1779289960.823043
approach2_run3,8490000,1779289960.914259
approach2_run3,8491000,1779289960.970119
approach2_run3,8492000,1779289961.064188
approach2_run3,8493000,1779289961.150383
approach2_run3,8494000,1779289961.178592
approach2_run3,8495000,1779289961.273776
approach2_run3,8496000,1779289961.362606
approach2_run3,8497000,1779289961.483282
approach2_run3,8498000,1779289961.504518
approach2_run3,8499000,1779289961.591210
approach2_run3,8500000,1779289961.666996
approach2_run3,8501000,1779289961.753353
approach2_run3,8502000,1779289961.767064
approach2_run3,8503000,1779289961.876804
approach2_run3,8504000,1779289961.947196
approach2_run3,8505000,1779289962.035709
approach2_run3,8506000,1779289962.086273
approach2_run3,8507000,1779289962.174634
approach2_run3,8508000,1779289962.219622
approach2_run3,8509000,1779289962.326276
approach2_run3,8510000,1779289962.377119
approach2_run3,8511000,1779289962.479490
approach2_run3,8512000,1779289962.535614
approach2_run3,8513000,1779289962.622686
approach2_run3,8514000,1779289962.708853
approach2_run3,8515000,1779289962.784915
approach2_run3,8516000,1779289962.871192
approach2_run3,8517000,1779289962.892217
approach2_run3,8518000,1779289962.994432
approach2_run3,8519000,1779289963.074913
approach2_run3,8520000,1779289963.163731
approach2_run3,8521000,1779289963.201542
approach2_run3,8522000,1779289963.289234
approach2_run3,8523000,1779289963.372345
approach2_run3,8524000,1779289963.474293
approach2_run3,8525000,1779289963.479320
approach2_run3,8526000,1779289963.597999
approach2_run3,8527000,1779289963.653995
approach2_run3,8528000,1779289963.749479
approach2_run3,8529000,1779289963.806511
approach2_run3,8530000,1779289963.893649
approach2_run3,8531000,1779289963.926265
approach2_run3,8532000,1779289964.020308
approach2_run3,8533000,1779289964.100364
approach2_run3,8534000,1779289964.196544
approach2_run3,8535000,1779289964.302642
approach2_run3,8536000,1779289964.324738
approach2_run3,8537000,1779289964.428527
approach2_run3,8538000,1779289964.509522
approach2_run3,8539000,1779289964.597340
approach2_run3,8540000,1779289964.603663
approach2_run3,8541000,1779289964.716532
approach2_run3,8542000,1779289964.786566
approach2_run3,8543000,1779289964.872750
approach2_run3,8544000,1779289964.928260
approach2_run3,8545000,1779289965.022211
approach2_run3,8546000,1779289965.061792
approach2_run3,8547000,1779289965.147895
approach2_run3,8548000,1779289965.218065
approach2_run3,8549000,1779289965.349458
approach2_run3,8550000,1779289965.352483
approach2_run3,8551000,1779289965.460261
approach2_run3,8552000,1779289965.530642
approach2_run3,8553000,1779289965.625826
approach2_run3,8554000,1779289965.636218
approach2_run3,8555000,1779289965.722780
approach2_run3,8556000,1779289965.834834
approach2_run3,8557000,1779289965.904399
approach2_run3,8558000,1779289965.995413
approach2_run3,8559000,1779289966.044353
approach2_run3,8560000,1779289966.139600
approach2_run3,8561000,1779289966.192626
approach2_run3,8562000,1779289966.279322
approach2_run3,8563000,1779289966.335535
approach2_run3,8564000,1779289966.467938
approach2_run3,8565000,1779289966.490959
approach2_run3,8566000,1779289966.578017
approach2_run3,8567000,1779289966.648128
approach2_run3,8568000,1779289966.742426
approach2_run3,8569000,1779289966.753002
approach2_run3,8570000,1779289966.846914
approach2_run3,8571000,1779289966.939275
approach2_run3,8572000,1779289967.035859
approach2_run3,8573000,1779289967.071476
approach2_run3,8574000,1779289967.161500
approach2_run3,8575000,1779289967.224314
approach2_run3,8576000,1779289967.328231
approach2_run3,8577000,1779289967.433153
approach2_run3,8578000,1779289967.452460
approach2_run3,8579000,1779289967.584603
approach2_run3,8580000,1779289967.609539
approach2_run3,8581000,1779289967.696352
approach2_run3,8582000,1779289967.764571
approach2_run3,8583000,1779289967.860394
approach2_run3,8584000,1779289967.877935
approach2_run3,8585000,1779289967.969855
approach2_run3,8586000,1779289968.066825
approach2_run3,8587000,1779289968.167405
approach2_run3,8588000,1779289968.188470
approach2_run3,8589000,1779289968.276932
approach2_run3,8590000,1779289968.373889
approach2_run3,8591000,1779289968.462950
approach2_run3,8592000,1779289968.464696
approach2_run3,8593000,1779289968.569088
approach2_run3,8594000,1779289968.639943
approach2_run3,8595000,1779289968.726644
approach2_run3,8596000,1779289968.789746
approach2_run3,8597000,1779289968.879043
approach2_run3,8598000,1779289968.975714
approach2_run3,8599000,1779289969.001101
approach2_run3,8600000,1779289969.095550
approach2_run3,8601000,1779289969.171040
approach2_run3,8602000,1779289969.303885
approach2_run3,8603000,1779289969.305542
approach2_run3,8604000,1779289969.408127
approach2_run3,8605000,1779289969.482667
approach2_run3,8606000,1779289969.577548
approach2_run3,8607000,1779289969.583357
approach2_run3,8608000,1779289969.685140
approach2_run3,8609000,1779289969.758525
approach2_run3,8610000,1779289969.850540
approach2_run3,8611000,1779289969.905604
approach2_run3,8612000,1779289969.992632
approach2_run3,8613000,1779289970.031507
approach2_run3,8614000,1779289970.125493
approach2_run3,8615000,1779289970.180359
approach2_run3,8616000,1779289970.286880
approach2_run3,8617000,1779289970.352896
approach2_run3,8618000,1779289970.439559
approach2_run3,8619000,1779289970.528557
approach2_run3,8620000,1779289970.595034
approach2_run3,8621000,1779289970.694200
approach2_run3,8622000,1779289970.703394
approach2_run3,8623000,1779289970.801136
approach2_run3,8624000,1779289970.881060
approach2_run3,8625000,1779289970.967601
approach2_run3,8626000,1779289971.021614
approach2_run3,8627000,1779289971.108561
approach2_run3,8628000,1779289971.155847
approach2_run3,8629000,1779289971.277374
approach2_run3,8630000,1779289971.297414
approach2_run3,8631000,1779289971.403521
approach2_run3,8632000,1779289971.474164
approach2_run3,8633000,1779289971.560254
approach2_run3,8634000,1779289971.623934
approach2_run3,8635000,1779289971.713600
approach2_run3,8636000,1779289971.735542
approach2_run3,8637000,1779289971.822044
approach2_run3,8638000,1779289971.915437
approach2_run3,8639000,1779289972.006460
approach2_run3,8640000,1779289972.092548
approach2_run3,8641000,1779289972.139965
approach2_run3,8642000,1779289972.227355
approach2_run3,8643000,1779289972.310200
approach2_run3,8644000,1779289972.415092
approach2_run3,8645000,1779289972.434638
approach2_run3,8646000,1779289972.523600
approach2_run3,8647000,1779289972.593430
approach2_run3,8648000,1779289972.680275
approach2_run3,8649000,1779289972.745182
approach2_run3,8650000,1779289972.831316
approach2_run3,8651000,1779289972.859031
approach2_run3,8652000,1779289972.946090
approach2_run3,8653000,1779289973.038128
approach2_run3,8654000,1779289973.125947
approach2_run3,8655000,1779289973.134145
approach2_run3,8656000,1779289973.256990
approach2_run3,8657000,1779289973.348661
approach2_run3,8658000,1779289973.434780
approach2_run3,8659000,1779289973.449970
approach2_run3,8660000,1779289973.537171
approach2_run3,8661000,1779289973.638824
approach2_run3,8662000,1779289973.711488
approach2_run3,8663000,1779289973.798147
approach2_run3,8664000,1779289973.858898
approach2_run3,8665000,1779289973.949114
approach2_run3,8666000,1779289973.978050
approach2_run3,8667000,1779289974.070553
approach2_run3,8668000,1779289974.154203
approach2_run3,8669000,1779289974.241044
approach2_run3,8670000,1779289974.303078
approach2_run3,8671000,1779289974.389451
approach2_run3,8672000,1779289974.462727
approach2_run3,8673000,1779289974.551033
approach2_run3,8674000,1779289974.568563
approach2_run3,8675000,1779289974.655002
approach2_run3,8676000,1779289974.742190
approach2_run3,8677000,1779289974.831805
approach2_run3,8678000,1779289974.844480
approach2_run3,8679000,1779289974.974637
approach2_run3,8680000,1779289975.009073
approach2_run3,8681000,1779289975.102216
approach2_run3,8682000,1779289975.193876
approach2_run3,8683000,1779289975.250595
approach2_run3,8684000,1779289975.358295
approach2_run3,8685000,1779289975.420830
approach2_run3,8686000,1779289975.509637
approach2_run3,8687000,1779289975.579573
approach2_run3,8688000,1779289975.667783
approach2_run3,8689000,1779289975.686328
approach2_run3,8690000,1779289975.773612
approach2_run3,8691000,1779289975.864512
approach2_run3,8692000,1779289975.952676
approach2_run3,8693000,1779289975.962116
approach2_run3,8694000,1779289976.090216
approach2_run3,8695000,1779289976.132642
approach2_run3,8696000,1779289976.269803
approach2_run3,8697000,1779289976.278975
approach2_run3,8698000,1779289976.367116
approach2_run3,8699000,1779289976.452456
approach2_run3,8700000,1779289976.541346
approach2_run3,8701000,1779289976.579651
approach2_run3,8702000,1779289976.692664
approach2_run3,8703000,1779289976.785317
approach2_run3,8704000,1779289976.805198
approach2_run3,8705000,1779289976.893206
approach2_run3,8706000,1779289976.984565
approach2_run3,8707000,1779289977.070677
approach2_run3,8708000,1779289977.078009
approach2_run3,8709000,1779289977.180602
approach2_run3,8710000,1779289977.258119
approach2_run3,8711000,1779289977.388008
approach2_run3,8712000,1779289977.396037
approach2_run3,8713000,1779289977.484040
approach2_run3,8714000,1779289977.570122
approach2_run3,8715000,1779289977.660646
approach2_run3,8716000,1779289977.696794
approach2_run3,8717000,1779289977.808612
approach2_run3,8718000,1779289977.835958
approach2_run3,8719000,1779289977.924069
approach2_run3,8720000,1779289977.990178
approach2_run3,8721000,1779289978.085051
approach2_run3,8722000,1779289978.102734
approach2_run3,8723000,1779289978.195192
approach2_run3,8724000,1779289978.288179
approach2_run3,8725000,1779289978.411064
approach2_run3,8726000,1779289978.503863
approach2_run3,8727000,1779289978.514236
approach2_run3,8728000,1779289978.601953
approach2_run3,8729000,1779289978.690880
approach2_run3,8730000,1779289978.778497
approach2_run3,8731000,1779289978.813700
approach2_run3,8732000,1779289978.925297
approach2_run3,8733000,1779289978.958210
approach2_run3,8734000,1779289979.046019
approach2_run3,8735000,1779289979.106856
approach2_run3,8736000,1779289979.200778
approach2_run3,8737000,1779289979.231325
approach2_run3,8738000,1779289979.352563
approach2_run3,8739000,1779289979.457726
approach2_run3,8740000,1779289979.482450
approach2_run3,8741000,1779289979.568432
approach2_run3,8742000,1779289979.635172
approach2_run3,8743000,1779289979.721636
approach2_run3,8744000,1779289979.807186
approach2_run3,8745000,1779289979.828560
approach2_run3,8746000,1779289979.914498
approach2_run3,8747000,1779289980.000463
approach2_run3,8748000,1779289980.086344
approach2_run3,8749000,1779289980.145637
approach2_run3,8750000,1779289980.230292
approach2_run3,8751000,1779289980.314786
approach2_run3,8752000,1779289980.388868
approach2_run3,8753000,1779289980.435260
approach2_run3,8754000,1779289980.520749
approach2_run3,8755000,1779289980.596370
approach2_run3,8756000,1779289980.682024
approach2_run3,8757000,1779289980.734668
approach2_run3,8758000,1779289980.820818
approach2_run3,8759000,1779289980.906739
approach2_run3,8760000,1779289980.992796
approach2_run3,8761000,1779289981.025300
approach2_run3,8762000,1779289981.110715
approach2_run3,8763000,1779289981.196231
approach2_run3,8764000,1779289981.275234
approach2_run3,8765000,1779289981.338765
approach2_run3,8766000,1779289981.424577
approach2_run3,8767000,1779289981.510801
approach2_run3,8768000,1779289981.596893
approach2_run3,8769000,1779289981.612309
approach2_run3,8770000,1779289981.695704
approach2_run3,8771000,1779289981.779999
approach2_run3,8772000,1779289981.864754
approach2_run3,8773000,1779289981.942525
approach2_run3,8774000,1779289981.980953
approach2_run3,8775000,1779289982.065513
approach2_run3,8776000,1779289982.140049
approach2_run3,8777000,1779289982.212315
approach2_run3,8778000,1779289982.294619
approach2_run3,8779000,1779289982.380762
approach2_run3,8780000,1779289982.466882
approach2_run3,8781000,1779289982.493917
approach2_run3,8782000,1779289982.576413
approach2_run3,8783000,1779289982.663844
approach2_run3,8784000,1779289982.750172
approach2_run3,8785000,1779289982.836703
approach2_run3,8786000,1779289982.913026
approach2_run3,8787000,1779289982.984993
approach2_run3,8788000,1779289983.066677
approach2_run3,8789000,1779289983.095875
approach2_run3,8790000,1779289983.199883
approach2_run3,8791000,1779289983.266829
approach2_run3,8792000,1779289983.341655
approach2_run3,8793000,1779289983.413950
approach2_run3,8794000,1779289983.495383
approach2_run3,8795000,1779289983.575741
approach2_run3,8796000,1779289983.655012
approach2_run3,8797000,1779289983.741133
approach2_run3,8798000,1779289983.827219
approach2_run3,8799000,1779289983.841304
approach2_run3,8800000,1779289983.921669
approach2_run3,8801000,1779289984.000111
approach2_run3,8802000,1779289984.086526
approach2_run3,8803000,1779289984.172585
approach2_run3,8804000,1779289984.258560
approach2_run3,8805000,1779289984.344700
approach2_run3,8806000,1779289984.416305
approach2_run3,8807000,1779289984.467823
approach2_run3,8808000,1779289984.517562
approach2_run3,8809000,1779289984.603764
approach2_run3,8810000,1779289984.690281
approach2_run3,8811000,1779289984.776383
approach2_run3,8812000,1779289984.812513
approach2_run3,8813000,1779289984.896994
approach2_run3,8814000,1779289984.965870
approach2_run3,8815000,1779289985.039725
approach2_run3,8816000,1779289985.122487
approach2_run3,8817000,1779289985.207533
approach2_run3,8818000,1779289985.241561
approach2_run3,8819000,1779289985.315173
approach2_run3,8820000,1779289985.385329
approach2_run3,8821000,1779289985.468285
approach2_run3,8822000,1779289985.552917
approach2_run3,8823000,1779289985.639098
approach2_run3,8824000,1779289985.729192
approach2_run3,8825000,1779289985.813687
approach2_run3,8826000,1779289985.816221
approach2_run3,8827000,1779289985.902415
approach2_run3,8828000,1779289985.988485
approach2_run3,8829000,1779289986.074686
approach2_run3,8830000,1779289986.158624
approach2_run3,8831000,1779289986.242751
approach2_run3,8832000,1779289986.325314
approach2_run3,8833000,1779289986.391318
approach2_run3,8834000,1779289986.443205
approach2_run3,8835000,1779289986.512774
approach2_run3,8836000,1779289986.587299
approach2_run3,8837000,1779289986.672914
approach2_run3,8838000,1779289986.753303
approach2_run3,8839000,1779289986.834853
approach2_run3,8840000,1779289986.875081
approach2_run3,8841000,1779289986.960079
approach2_run3,8842000,1779289987.020144
approach2_run3,8843000,1779289987.104055
approach2_run3,8844000,1779289987.188489
approach2_run3,8845000,1779289987.268242
approach2_run3,8846000,1779289987.352180
approach2_run3,8847000,1779289987.437780
approach2_run3,8848000,1779289987.497690
approach2_run3,8849000,1779289987.564462
approach2_run3,8850000,1779289987.636220
approach2_run3,8851000,1779289987.707651
approach2_run3,8852000,1779289987.791774
approach2_run3,8853000,1779289987.876730
approach2_run3,8854000,1779289987.955795
approach2_run3,8855000,1779289988.025772
approach2_run3,8856000,1779289988.067883
approach2_run3,8857000,1779289988.138501
approach2_run3,8858000,1779289988.222564
approach2_run3,8859000,1779289988.311839
approach2_run3,8860000,1779289988.394205
approach2_run3,8861000,1779289988.479554
approach2_run3,8862000,1779289988.557718
approach2_run3,8863000,1779289988.643127
approach2_run3,8864000,1779289988.727874
approach2_run3,8865000,1779289988.800265
approach2_run3,8866000,1779289988.851751
approach2_run3,8867000,1779289988.917731
approach2_run3,8868000,1779289988.997068
approach2_run3,8869000,1779289989.080987
approach2_run3,8870000,1779289989.158637
approach2_run3,8871000,1779289989.227833
approach2_run3,8872000,1779289989.280326
approach2_run3,8873000,1779289989.342022
approach2_run3,8874000,1779289989.425598
approach2_run3,8875000,1779289989.509509
approach2_run3,8876000,1779289989.587043
approach2_run3,8877000,1779289989.656969
approach2_run3,8878000,1779289989.691967
approach2_run3,8879000,1779289989.771195
approach2_run3,8880000,1779289989.855660
approach2_run3,8881000,1779289989.939473
approach2_run3,8882000,1779289990.018840
approach2_run3,8883000,1779289990.102143
approach2_run3,8884000,1779289990.164177
approach2_run3,8885000,1779289990.229811
approach2_run3,8886000,1779289990.286992
approach2_run3,8887000,1779289990.371983
approach2_run3,8888000,1779289990.456678
approach2_run3,8889000,1779289990.542246
approach2_run3,8890000,1779289990.620478
approach2_run3,8891000,1779289990.709450
approach2_run3,8892000,1779289990.790847
approach2_run3,8893000,1779289990.861889
approach2_run3,8894000,1779289990.893520
approach2_run3,8895000,1779289990.973989
approach2_run3,8896000,1779289991.058366
approach2_run3,8897000,1779289991.143483
approach2_run3,8898000,1779289991.221940
approach2_run3,8899000,1779289991.306815
approach2_run3,8900000,1779289991.391692
approach2_run3,8901000,1779289991.452985
approach2_run3,8902000,1779289991.518230
approach2_run3,8903000,1779289991.603584
approach2_run3,8904000,1779289991.661095
approach2_run3,8905000,1779289991.745741
approach2_run3,8906000,1779289991.828969
approach2_run3,8907000,1779289991.909141
approach2_run3,8908000,1779289991.992158
approach2_run3,8909000,1779289992.063719
approach2_run3,8910000,1779289992.103574
approach2_run3,8911000,1779289992.175523
approach2_run3,8912000,1779289992.257853
approach2_run3,8913000,1779289992.336689
approach2_run3,8914000,1779289992.421188
approach2_run3,8915000,1779289992.458973
approach2_run3,8916000,1779289992.533565
approach2_run3,8917000,1779289992.603256
approach2_run3,8918000,1779289992.688537
approach2_run3,8919000,1779289992.765755
approach2_run3,8920000,1779289992.837341
approach2_run3,8921000,1779289992.893748
approach2_run3,8922000,1779289993.031994
approach2_run3,8923000,1779289993.116247
approach2_run3,8924000,1779289993.193955
approach2_run3,8925000,1779289993.265499
approach2_run3,8926000,1779289993.307041
approach2_run3,8927000,1779289993.375511
approach2_run3,8928000,1779289993.451740
approach2_run3,8929000,1779289993.494667
approach2_run3,8930000,1779289993.579681
approach2_run3,8931000,1779289993.660570
approach2_run3,8932000,1779289993.721898
approach2_run3,8933000,1779289993.806723
approach2_run3,8934000,1779289993.885531
approach2_run3,8935000,1779289993.974653
approach2_run3,8936000,1779289994.055922
approach2_run3,8937000,1779289994.116802
approach2_run3,8938000,1779289994.181668
approach2_run3,8939000,1779289994.252902
approach2_run3,8940000,1779289994.323230
approach2_run3,8941000,1779289994.408562
approach2_run3,8942000,1779289994.493020
approach2_run3,8943000,1779289994.572074
approach2_run3,8944000,1779289994.658110
approach2_run3,8945000,1779289994.742644
approach2_run3,8946000,1779289994.783589
approach2_run3,8947000,1779289994.867980
approach2_run3,8948000,1779289994.926831
approach2_run3,8949000,1779289995.010459
approach2_run3,8950000,1779289995.093304
approach2_run3,8951000,1779289995.181163
approach2_run3,8952000,1779289995.266075
approach2_run3,8953000,1779289995.339812
approach2_run3,8954000,1779289995.376401
approach2_run3,8955000,1779289995.469720
approach2_run3,8956000,1779289995.548468
approach2_run3,8957000,1779289995.610626
approach2_run3,8958000,1779289995.690713
approach2_run3,8959000,1779289995.722567
approach2_run3,8960000,1779289995.863065
approach2_run3,8961000,1779289995.927557
approach2_run3,8962000,1779289995.968697
approach2_run3,8963000,1779289996.036275
approach2_run3,8964000,1779289996.140902
approach2_run3,8965000,1779289996.209440
approach2_run3,8966000,1779289996.284300
approach2_run3,8967000,1779289996.313386
approach2_run3,8968000,1779289996.456175
approach2_run3,8969000,1779289996.485087
approach2_run3,8970000,1779289996.554642
approach2_run3,8971000,1779289996.632836
approach2_run3,8972000,1779289996.740931
approach2_run3,8973000,1779289996.805550
approach2_run3,8974000,1779289996.871179
approach2_run3,8975000,1779289996.913463
approach2_run3,8976000,1779289997.043224
approach2_run3,8977000,1779289997.085153
approach2_run3,8978000,1779289997.157437
approach2_run3,8979000,1779289997.234480
approach2_run3,8980000,1779289997.320065
approach2_run3,8981000,1779289997.400877
approach2_run3,8982000,1779289997.467977
approach2_run3,8983000,1779289997.553810
approach2_run3,8984000,1779289997.618058
approach2_run3,8985000,1779289997.673562
approach2_run3,8986000,1779289997.759033
approach2_run3,8987000,1779289997.844834
approach2_run3,8988000,1779289997.921833
approach2_run3,8989000,1779289998.006967
approach2_run3,8990000,1779289998.069894
approach2_run3,8991000,1779289998.155705
approach2_run3,8992000,1779289998.240658
approach2_run3,8993000,1779289998.275361
approach2_run3,8994000,1779289998.361066
approach2_run3,8995000,1779289998.441439
approach2_run3,8996000,1779289998.531101
approach2_run3,8997000,1779289998.614199
approach2_run3,8998000,1779289998.697868
approach2_run3,8999000,1779289998.726336
approach2_run3,9000000,1779289998.803094
approach2_run3,9001000,1779289998.928576
approach2_run3,9002000,1779289998.963946
approach2_run3,9003000,1779289999.043169
approach2_run3,9004000,1779289999.105047
approach2_run3,9005000,1779289999.218245
approach2_run3,9006000,1779289999.277369
approach2_run3,9007000,1779289999.327740
approach2_run3,9008000,1779289999.390948
approach2_run3,9009000,1779289999.500568
approach2_run3,9010000,1779289999.558998
approach2_run3,9011000,1779289999.647792
approach2_run3,9012000,1779289999.704596
approach2_run3,9013000,1779289999.792093
approach2_run3,9014000,1779289999.838566
approach2_run3,9015000,1779289999.925009
approach2_run3,9016000,1779289999.992521
approach2_run3,9017000,1779290000.075077
approach2_run3,9018000,1779290000.163369
approach2_run3,9019000,1779290000.220864
approach2_run3,9020000,1779290000.319385
approach2_run3,9021000,1779290000.354321
approach2_run3,9022000,1779290000.440699
approach2_run3,9023000,1779290000.512737
approach2_run3,9024000,1779290000.596160
approach2_run3,9025000,1779290000.679710
approach2_run3,9026000,1779290000.762237
approach2_run3,9027000,1779290000.847328
approach2_run3,9028000,1779290000.904839
approach2_run3,9029000,1779290000.971702
approach2_run3,9030000,1779290001.028858
approach2_run3,9031000,1779290001.112270
approach2_run3,9032000,1779290001.195107
approach2_run3,9033000,1779290001.254847
approach2_run3,9034000,1779290001.350907
approach2_run3,9035000,1779290001.445780
approach2_run3,9036000,1779290001.507083
approach2_run3,9037000,1779290001.543444
approach2_run3,9038000,1779290001.625228
approach2_run3,9039000,1779290001.726952
approach2_run3,9040000,1779290001.800743
approach2_run3,9041000,1779290001.882257
approach2_run3,9042000,1779290001.961410
approach2_run3,9043000,1779290002.007054
approach2_run3,9044000,1779290002.108438
approach2_run3,9045000,1779290002.195685
approach2_run3,9046000,1779290002.242719
approach2_run3,9047000,1779290002.315704
approach2_run3,9048000,1779290002.397482
approach2_run3,9049000,1779290002.453041
approach2_run3,9050000,1779290002.523139
approach2_run3,9051000,1779290002.623997
approach2_run3,9052000,1779290002.710172
approach2_run3,9053000,1779290002.746305
approach2_run3,9054000,1779290002.829245
approach2_run3,9055000,1779290002.911821
approach2_run3,9056000,1779290002.992249
approach2_run3,9057000,1779290003.084300
approach2_run3,9058000,1779290003.146242
approach2_run3,9059000,1779290003.214471
approach2_run3,9060000,1779290003.276921
approach2_run3,9061000,1779290003.363823
approach2_run3,9062000,1779290003.429854
approach2_run3,9063000,1779290003.516481
approach2_run3,9064000,1779290003.603082
approach2_run3,9065000,1779290003.661132
approach2_run3,9066000,1779290003.705951
approach2_run3,9067000,1779290003.792885
approach2_run3,9068000,1779290003.879929
approach2_run3,9069000,1779290003.951672
approach2_run3,9070000,1779290004.032511
approach2_run3,9071000,1779290004.091762
approach2_run3,9072000,1779290004.179993
approach2_run3,9073000,1779290004.266973
approach2_run3,9074000,1779290004.309466
approach2_run3,9075000,1779290004.395746
approach2_run3,9076000,1779290004.466971
approach2_run3,9077000,1779290004.550060
approach2_run3,9078000,1779290004.607167
approach2_run3,9079000,1779290004.695515
approach2_run3,9080000,1779290004.782435
approach2_run3,9081000,1779290004.863900
approach2_run3,9082000,1779290004.932111
approach2_run3,9083000,1779290004.980459
approach2_run3,9084000,1779290005.064140
approach2_run3,9085000,1779290005.154540
approach2_run3,9086000,1779290005.212063
approach2_run3,9087000,1779290005.308831
approach2_run3,9088000,1779290005.362853
approach2_run3,9089000,1779290005.433826
approach2_run3,9090000,1779290005.495484
approach2_run3,9091000,1779290005.578280
approach2_run3,9092000,1779290005.670531
approach2_run3,9093000,1779290005.752340
approach2_run3,9094000,1779290005.809394
approach2_run3,9095000,1779290005.878153
approach2_run3,9096000,1779290005.938956
approach2_run3,9097000,1779290006.029648
approach2_run3,9098000,1779290006.111868
approach2_run3,9099000,1779290006.185297
approach2_run3,9100000,1779290006.266383
approach2_run3,9101000,1779290006.327588
approach2_run3,9102000,1779290006.409752
approach2_run3,9103000,1779290006.496399
approach2_run3,9104000,1779290006.565349
approach2_run3,9105000,1779290006.638495
approach2_run3,9106000,1779290006.700905
approach2_run3,9107000,1779290006.780789
approach2_run3,9108000,1779290006.855534
approach2_run3,9109000,1779290006.930114
approach2_run3,9110000,1779290006.996425
approach2_run3,9111000,1779290007.080734
approach2_run3,9112000,1779290007.167264
approach2_run3,9113000,1779290007.212688
approach2_run3,9114000,1779290007.302575
approach2_run3,9115000,1779290007.382780
approach2_run3,9116000,1779290007.459872
approach2_run3,9117000,1779290007.511789
approach2_run3,9118000,1779290007.614190
approach2_run3,9119000,1779290007.682407
approach2_run3,9120000,1779290007.748538
approach2_run3,9121000,1779290007.817170
approach2_run3,9122000,1779290007.897184
approach2_run3,9123000,1779290007.984028
approach2_run3,9124000,1779290008.045973
approach2_run3,9125000,1779290008.129907
approach2_run3,9126000,1779290008.197496
approach2_run3,9127000,1779290008.284148
approach2_run3,9128000,1779290008.348199
approach2_run3,9129000,1779290008.434908
approach2_run3,9130000,1779290008.499975
approach2_run3,9131000,1779290008.584582
approach2_run3,9132000,1779290008.645643
approach2_run3,9133000,1779290008.732455
approach2_run3,9134000,1779290008.799341
approach2_run3,9135000,1779290008.864260
approach2_run3,9136000,1779290008.934829
approach2_run3,9137000,1779290009.035042
approach2_run3,9138000,1779290009.104721
approach2_run3,9139000,1779290009.177715
approach2_run3,9140000,1779290009.247871
approach2_run3,9141000,1779290009.316017
approach2_run3,9142000,1779290009.402373
approach2_run3,9143000,1779290009.464490
approach2_run3,9144000,1779290009.551537
approach2_run3,9145000,1779290009.620640
approach2_run3,9146000,1779290009.693145
approach2_run3,9147000,1779290009.763400
approach2_run3,9148000,1779290009.863838
approach2_run3,9149000,1779290009.918216
approach2_run3,9150000,1779290009.988142
approach2_run3,9151000,1779290010.053109
approach2_run3,9152000,1779290010.150410
approach2_run3,9153000,1779290010.223177
approach2_run3,9154000,1779290010.289841
approach2_run3,9155000,1779290010.367107
approach2_run3,9156000,1779290010.433539
approach2_run3,9157000,1779290010.521276
approach2_run3,9158000,1779290010.588393
approach2_run3,9159000,1779290010.675020
approach2_run3,9160000,1779290010.736916
approach2_run3,9161000,1779290010.825159
approach2_run3,9162000,1779290010.890592
approach2_run3,9163000,1779290010.969767
approach2_run3,9164000,1779290011.035578
approach2_run3,9165000,1779290011.104206
approach2_run3,9166000,1779290011.171539
approach2_run3,9167000,1779290011.266516
approach2_run3,9168000,1779290011.339685
approach2_run3,9169000,1779290011.416976
approach2_run3,9170000,1779290011.485911
approach2_run3,9171000,1779290011.577107
approach2_run3,9172000,1779290011.637766
approach2_run3,9173000,1779290011.698480
approach2_run3,9174000,1779290011.783005
approach2_run3,9175000,1779290011.840843
approach2_run3,9176000,1779290011.944504
approach2_run3,9177000,1779290012.011869
approach2_run3,9178000,1779290012.092949
approach2_run3,9179000,1779290012.163053
approach2_run3,9180000,1779290012.214550
approach2_run3,9181000,1779290012.299019
approach2_run3,9182000,1779290012.370512
approach2_run3,9183000,1779290012.455911
approach2_run3,9184000,1779290012.525298
approach2_run3,9185000,1779290012.604075
approach2_run3,9186000,1779290012.671674
approach2_run3,9187000,1779290012.756518
approach2_run3,9188000,1779290012.842220
approach2_run3,9189000,1779290012.889747
approach2_run3,9190000,1779290012.972283
approach2_run3,9191000,1779290013.043882
approach2_run3,9192000,1779290013.148485
approach2_run3,9193000,1779290013.211176
approach2_run3,9194000,1779290013.295642
approach2_run3,9195000,1779290013.359232
approach2_run3,9196000,1779290013.423725
approach2_run3,9197000,1779290013.502208
approach2_run3,9198000,1779290013.585704
approach2_run3,9199000,1779290013.644978
approach2_run3,9200000,1779290013.717605
approach2_run3,9201000,1779290013.795468
approach2_run3,9202000,1779290013.876078
approach2_run3,9203000,1779290013.961824
approach2_run3,9204000,1779290014.047381
approach2_run3,9205000,1779290014.113485
approach2_run3,9206000,1779290014.181672
approach2_run3,9207000,1779290014.254611
approach2_run3,9208000,1779290014.327449
approach2_run3,9209000,1779290014.393114
approach2_run3,9210000,1779290014.478578
approach2_run3,9211000,1779290014.562490
approach2_run3,9212000,1779290014.618413
approach2_run3,9213000,1779290014.697007
approach2_run3,9214000,1779290014.787628
approach2_run3,9215000,1779290014.848789
approach2_run3,9216000,1779290014.932382
approach2_run3,9217000,1779290014.997160
approach2_run3,9218000,1779290015.080069
approach2_run3,9219000,1779290015.144915
approach2_run3,9220000,1779290015.220757
approach2_run3,9221000,1779290015.316721
approach2_run3,9222000,1779290015.392950
approach2_run3,9223000,1779290015.489106
approach2_run3,9224000,1779290015.565378
approach2_run3,9225000,1779290015.680257
approach2_run3,9226000,1779290015.765743
approach2_run3,9227000,1779290015.852548
approach2_run3,9228000,1779290015.938349
approach2_run3,9229000,1779290016.025118
approach2_run3,9230000,1779290016.110438
approach2_run3,9231000,1779290016.197392
approach2_run3,9232000,1779290016.284932
approach2_run3,9233000,1779290016.370523
approach2_run3,9234000,1779290016.465198
approach2_run3,9235000,1779290016.542558
approach2_run3,9236000,1779290016.648902
approach2_run3,9237000,1779290016.734726
approach2_run3,9238000,1779290016.821523
approach2_run3,9239000,1779290016.907016
approach2_run3,9240000,1779290017.000874
approach2_run3,9241000,1779290017.087980
approach2_run3,9242000,1779290017.181940
approach2_run3,9243000,1779290017.274415
approach2_run3,9244000,1779290017.354782
approach2_run3,9245000,1779290017.446580
approach2_run3,9246000,1779290017.549130
approach2_run3,9247000,1779290017.645633
approach2_run3,9248000,1779290017.722223
approach2_run3,9249000,1779290017.818933
approach2_run3,9250000,1779290017.914196
approach2_run3,9251000,1779290018.018056
approach2_run3,9252000,1779290018.103915
approach2_run3,9253000,1779290018.190668
approach2_run3,9254000,1779290018.281665
approach2_run3,9255000,1779290018.363267
approach2_run3,9256000,1779290018.454257
approach2_run3,9257000,1779290018.554248
approach2_run3,9258000,1779290018.626566
approach2_run3,9259000,1779290018.726696
approach2_run3,9260000,1779290018.820552
approach2_run3,9261000,1779290018.899199
approach2_run3,9262000,1779290018.993168
approach2_run3,9263000,1779290019.079064
approach2_run3,9264000,1779290019.165684
approach2_run3,9265000,1779290019.251607
approach2_run3,9266000,1779290019.338001
approach2_run3,9267000,1779290019.457979
approach2_run3,9268000,1779290019.547751
approach2_run3,9269000,1779290019.630545
approach2_run3,9270000,1779290019.720530
approach2_run3,9271000,1779290019.805632
approach2_run3,9272000,1779290019.892882
approach2_run3,9273000,1779290019.979839
approach2_run3,9274000,1779290020.065429
approach2_run3,9275000,1779290020.171805
approach2_run3,9276000,1779290020.237695
approach2_run3,9277000,1779290020.344748
approach2_run3,9278000,1779290020.432485
approach2_run3,9279000,1779290020.519318
approach2_run3,9280000,1779290020.605267
approach2_run3,9281000,1779290020.692006
approach2_run3,9282000,1779290020.795800
approach2_run3,9283000,1779290020.864752
approach2_run3,9284000,1779290020.970085
approach2_run3,9285000,1779290021.055933
approach2_run3,9286000,1779290021.142464
approach2_run3,9287000,1779290021.267586
approach2_run3,9288000,1779290021.438865
approach2_run3,9289000,1779290021.572547
approach2_run3,9290000,1779290021.744185
approach2_run3,9291000,1779290021.958790
approach2_run3,9292000,1779290022.176893
approach2_run3,9293000,1779290022.388139
approach2_run3,9294000,1779290022.564237
approach2_run3,9295000,1779290022.782801
approach2_run3,9296000,1779290022.997170
approach2_run3,9297000,1779290023.214518
approach2_run3,9298000,1779290023.428414
approach2_run3,9299000,1779290023.646284
approach2_run3,9300000,1779290023.856670
approach2_run3,9301000,1779290024.078344
approach2_run3,9302000,1779290024.288457
approach2_run3,9303000,1779290024.466262
approach2_run3,9304000,1779290024.683916
approach2_run3,9305000,1779290024.896847
approach2_run3,9306000,1779290025.115487
approach2_run3,9307000,1779290025.329403
approach2_run3,9308000,1779290025.547054
approach2_run3,9309000,1779290025.758184
approach2_run3,9310000,1779290025.936702
approach2_run3,9311000,1779290026.189958
approach2_run3,9312000,1779290026.368772
approach2_run3,9313000,1779290026.621569
approach2_run3,9314000,1779290026.843362
approach2_run3,9315000,1779290027.053045
approach2_run3,9316000,1779290027.276331
approach2_run3,9317000,1779290027.485134
