run_id,record_index,wall_clock_s
approach5_skyhost_run1,1000,1779278832.365597
approach5_skyhost_run1,2000,1779278832.374684
approach5_skyhost_run1,3000,1779278832.379244
approach5_skyhost_run1,4000,1779278832.388958
approach5_skyhost_run1,5000,1779278832.560897
approach5_skyhost_run1,6000,1779278832.562619
approach5_skyhost_run1,7000,1779278832.576548
approach5_skyhost_run1,8000,1779278832.578250
approach5_skyhost_run1,9000,1779278832.579972
approach5_skyhost_run1,10000,1779278832.655841
approach5_skyhost_run1,11000,1779278832.666282
approach5_skyhost_run1,12000,1779278832.667980
approach5_skyhost_run1,13000,1779278832.669691
approach5_skyhost_run1,14000,1779278832.674201
approach5_skyhost_run1,15000,1779278832.797162
approach5_skyhost_run1,16000,1779278832.798873
approach5_skyhost_run1,17000,1779278832.800603
approach5_skyhost_run1,18000,1779278832.802334
approach5_skyhost_run1,19000,1779278832.822977
approach5_skyhost_run1,20000,1779278832.824677
approach5_skyhost_run1,21000,1779278832.826405
approach5_skyhost_run1,22000,1779278832.828110
approach5_skyhost_run1,23000,1779278832.871677
approach5_skyhost_run1,24000,1779278832.873382
approach5_skyhost_run1,25000,1779278832.875129
approach5_skyhost_run1,26000,1779278832.882787
approach5_skyhost_run1,27000,1779278832.884483
approach5_skyhost_run1,28000,1779278832.911119
approach5_skyhost_run1,29000,1779278832.912828
approach5_skyhost_run1,30000,1779278832.995072
approach5_skyhost_run1,31000,1779278832.996773
approach5_skyhost_run1,32000,1779278833.018283
approach5_skyhost_run1,33000,1779278833.020000
approach5_skyhost_run1,34000,1779278833.021756
approach5_skyhost_run1,35000,1779278833.023501
approach5_skyhost_run1,36000,1779278833.039117
approach5_skyhost_run1,37000,1779278833.117031
approach5_skyhost_run1,38000,1779278833.118775
approach5_skyhost_run1,39000,1779278833.120508
approach5_skyhost_run1,40000,1779278833.122242
approach5_skyhost_run1,41000,1779278833.147650
approach5_skyhost_run1,42000,1779278833.149380
approach5_skyhost_run1,43000,1779278833.206232
approach5_skyhost_run1,44000,1779278833.207962
approach5_skyhost_run1,45000,1779278833.209694
approach5_skyhost_run1,46000,1779278833.211448
approach5_skyhost_run1,47000,1779278833.245497
approach5_skyhost_run1,48000,1779278833.263558
approach5_skyhost_run1,49000,1779278833.265414
approach5_skyhost_run1,50000,1779278833.267311
approach5_skyhost_run1,51000,1779278833.269334
approach5_skyhost_run1,52000,1779278833.339786
approach5_skyhost_run1,53000,1779278833.341513
approach5_skyhost_run1,54000,1779278833.343268
approach5_skyhost_run1,55000,1779278833.345035
approach5_skyhost_run1,56000,1779278833.373589
approach5_skyhost_run1,57000,1779278833.375345
approach5_skyhost_run1,58000,1779278833.377079
approach5_skyhost_run1,59000,1779278833.378826
approach5_skyhost_run1,60000,1779278833.392525
approach5_skyhost_run1,61000,1779278833.394255
approach5_skyhost_run1,62000,1779278833.396026
approach5_skyhost_run1,63000,1779278833.397762
approach5_skyhost_run1,64000,1779278833.426465
approach5_skyhost_run1,65000,1779278833.428199
approach5_skyhost_run1,66000,1779278833.484402
approach5_skyhost_run1,67000,1779278833.486169
approach5_skyhost_run1,68000,1779278833.487916
approach5_skyhost_run1,69000,1779278833.489778
approach5_skyhost_run1,70000,1779278833.497570
approach5_skyhost_run1,71000,1779278833.499322
approach5_skyhost_run1,72000,1779278833.504347
approach5_skyhost_run1,73000,1779278833.506106
approach5_skyhost_run1,74000,1779278833.507850
approach5_skyhost_run1,75000,1779278833.509592
approach5_skyhost_run1,76000,1779278833.598552
approach5_skyhost_run1,77000,1779278833.600385
approach5_skyhost_run1,78000,1779278833.602893
approach5_skyhost_run1,79000,1779278833.604627
approach5_skyhost_run1,80000,1779278833.606434
approach5_skyhost_run1,81000,1779278833.608180
approach5_skyhost_run1,82000,1779278833.609914
approach5_skyhost_run1,83000,1779278833.631328
approach5_skyhost_run1,84000,1779278833.633055
approach5_skyhost_run1,85000,1779278833.634804
approach5_skyhost_run1,86000,1779278833.694072
approach5_skyhost_run1,87000,1779278833.695861
approach5_skyhost_run1,88000,1779278833.697596
approach5_skyhost_run1,89000,1779278833.699467
approach5_skyhost_run1,90000,1779278833.701365
approach5_skyhost_run1,91000,1779278833.709058
approach5_skyhost_run1,92000,1779278833.710895
approach5_skyhost_run1,93000,1779278833.712896
approach5_skyhost_run1,94000,1779278833.714628
approach5_skyhost_run1,95000,1779278833.716391
approach5_skyhost_run1,96000,1779278833.729620
approach5_skyhost_run1,97000,1779278833.731373
approach5_skyhost_run1,98000,1779278833.733091
approach5_skyhost_run1,99000,1779278833.734846
approach5_skyhost_run1,100000,1779278833.756217
approach5_skyhost_run1,101000,1779278833.757949
approach5_skyhost_run1,102000,1779278833.759693
approach5_skyhost_run1,103000,1779278833.761430
approach5_skyhost_run1,104000,1779278833.796308
approach5_skyhost_run1,105000,1779278833.798044
approach5_skyhost_run1,106000,1779278833.799796
approach5_skyhost_run1,107000,1779278833.801543
approach5_skyhost_run1,108000,1779278833.818667
approach5_skyhost_run1,109000,1779278833.820400
approach5_skyhost_run1,110000,1779278833.871563
approach5_skyhost_run1,111000,1779278833.880679
approach5_skyhost_run1,112000,1779278833.882440
approach5_skyhost_run1,113000,1779278833.997203
approach5_skyhost_run1,114000,1779278833.998945
approach5_skyhost_run1,115000,1779278834.000675
approach5_skyhost_run1,116000,1779278834.002432
approach5_skyhost_run1,117000,1779278834.010726
approach5_skyhost_run1,118000,1779278834.099005
approach5_skyhost_run1,119000,1779278834.100733
approach5_skyhost_run1,120000,1779278834.102485
approach5_skyhost_run1,121000,1779278834.104224
approach5_skyhost_run1,122000,1779278834.120201
approach5_skyhost_run1,123000,1779278834.214206
approach5_skyhost_run1,124000,1779278834.215970
approach5_skyhost_run1,125000,1779278834.217702
approach5_skyhost_run1,126000,1779278834.219463
approach5_skyhost_run1,127000,1779278834.240289
approach5_skyhost_run1,128000,1779278834.303129
approach5_skyhost_run1,129000,1779278834.304875
approach5_skyhost_run1,130000,1779278834.306614
approach5_skyhost_run1,131000,1779278834.308348
approach5_skyhost_run1,132000,1779278834.318377
approach5_skyhost_run1,133000,1779278834.420935
approach5_skyhost_run1,134000,1779278834.422672
approach5_skyhost_run1,135000,1779278834.424407
approach5_skyhost_run1,136000,1779278834.426182
approach5_skyhost_run1,137000,1779278834.440387
approach5_skyhost_run1,138000,1779278834.511469
approach5_skyhost_run1,139000,1779278834.513188
approach5_skyhost_run1,140000,1779278834.514955
approach5_skyhost_run1,141000,1779278834.516692
approach5_skyhost_run1,142000,1779278834.524432
approach5_skyhost_run1,143000,1779278834.610261
approach5_skyhost_run1,144000,1779278834.612003
approach5_skyhost_run1,145000,1779278834.613724
approach5_skyhost_run1,146000,1779278834.625734
approach5_skyhost_run1,147000,1779278834.627482
approach5_skyhost_run1,148000,1779278834.717279
approach5_skyhost_run1,149000,1779278834.719025
approach5_skyhost_run1,150000,1779278834.720763
approach5_skyhost_run1,151000,1779278834.722522
approach5_skyhost_run1,152000,1779278834.735289
approach5_skyhost_run1,153000,1779278834.819737
approach5_skyhost_run1,154000,1779278834.821472
approach5_skyhost_run1,155000,1779278834.823222
approach5_skyhost_run1,156000,1779278834.824995
approach5_skyhost_run1,157000,1779278834.878836
approach5_skyhost_run1,158000,1779278834.922292
approach5_skyhost_run1,159000,1779278834.923996
approach5_skyhost_run1,160000,1779278834.925776
approach5_skyhost_run1,161000,1779278834.927525
approach5_skyhost_run1,162000,1779278834.936505
approach5_skyhost_run1,163000,1779278835.024477
approach5_skyhost_run1,164000,1779278835.026242
approach5_skyhost_run1,165000,1779278835.027980
approach5_skyhost_run1,166000,1779278835.029716
approach5_skyhost_run1,167000,1779278835.039364
approach5_skyhost_run1,168000,1779278835.125715
approach5_skyhost_run1,169000,1779278835.127444
approach5_skyhost_run1,170000,1779278835.129168
approach5_skyhost_run1,171000,1779278835.130916
approach5_skyhost_run1,172000,1779278835.134858
approach5_skyhost_run1,173000,1779278835.242517
approach5_skyhost_run1,174000,1779278835.244254
approach5_skyhost_run1,175000,1779278835.246025
approach5_skyhost_run1,176000,1779278835.247779
approach5_skyhost_run1,177000,1779278835.255012
approach5_skyhost_run1,178000,1779278835.322996
approach5_skyhost_run1,179000,1779278835.384936
approach5_skyhost_run1,180000,1779278835.386702
approach5_skyhost_run1,181000,1779278835.388529
approach5_skyhost_run1,182000,1779278835.390261
approach5_skyhost_run1,183000,1779278835.447764
approach5_skyhost_run1,184000,1779278835.449487
approach5_skyhost_run1,185000,1779278835.451226
approach5_skyhost_run1,186000,1779278835.452960
approach5_skyhost_run1,187000,1779278835.478174
approach5_skyhost_run1,188000,1779278835.535877
approach5_skyhost_run1,189000,1779278835.537593
approach5_skyhost_run1,190000,1779278835.539327
approach5_skyhost_run1,191000,1779278835.541063
approach5_skyhost_run1,192000,1779278835.551342
approach5_skyhost_run1,193000,1779278835.640040
approach5_skyhost_run1,194000,1779278835.641769
approach5_skyhost_run1,195000,1779278835.643508
approach5_skyhost_run1,196000,1779278835.645278
approach5_skyhost_run1,197000,1779278835.653165
approach5_skyhost_run1,198000,1779278835.742183
approach5_skyhost_run1,199000,1779278835.743932
approach5_skyhost_run1,200000,1779278835.745711
approach5_skyhost_run1,201000,1779278835.747471
approach5_skyhost_run1,202000,1779278835.755659
approach5_skyhost_run1,203000,1779278835.847650
approach5_skyhost_run1,204000,1779278835.849380
approach5_skyhost_run1,205000,1779278835.851124
approach5_skyhost_run1,206000,1779278835.852906
approach5_skyhost_run1,207000,1779278835.860822
approach5_skyhost_run1,208000,1779278835.959369
approach5_skyhost_run1,209000,1779278835.961103
approach5_skyhost_run1,210000,1779278835.962844
approach5_skyhost_run1,211000,1779278835.964579
approach5_skyhost_run1,212000,1779278835.991308
approach5_skyhost_run1,213000,1779278836.049325
approach5_skyhost_run1,214000,1779278836.051058
approach5_skyhost_run1,215000,1779278836.052785
approach5_skyhost_run1,216000,1779278836.054529
approach5_skyhost_run1,217000,1779278836.063989
approach5_skyhost_run1,218000,1779278836.154318
approach5_skyhost_run1,219000,1779278836.156070
approach5_skyhost_run1,220000,1779278836.157804
approach5_skyhost_run1,221000,1779278836.159556
approach5_skyhost_run1,222000,1779278836.167923
approach5_skyhost_run1,223000,1779278836.261052
approach5_skyhost_run1,224000,1779278836.262788
approach5_skyhost_run1,225000,1779278836.264516
approach5_skyhost_run1,226000,1779278836.266292
approach5_skyhost_run1,227000,1779278836.274646
approach5_skyhost_run1,228000,1779278836.359739
approach5_skyhost_run1,229000,1779278836.361464
approach5_skyhost_run1,230000,1779278836.363206
approach5_skyhost_run1,231000,1779278836.364969
approach5_skyhost_run1,232000,1779278836.373244
approach5_skyhost_run1,233000,1779278836.404386
approach5_skyhost_run1,234000,1779278836.406136
approach5_skyhost_run1,235000,1779278836.407879
approach5_skyhost_run1,236000,1779278836.409613
approach5_skyhost_run1,237000,1779278836.423736
approach5_skyhost_run1,238000,1779278836.425488
approach5_skyhost_run1,239000,1779278836.427237
approach5_skyhost_run1,240000,1779278836.428973
approach5_skyhost_run1,241000,1779278836.510575
approach5_skyhost_run1,242000,1779278836.512310
approach5_skyhost_run1,243000,1779278836.560933
approach5_skyhost_run1,244000,1779278836.562684
approach5_skyhost_run1,245000,1779278836.577910
approach5_skyhost_run1,246000,1779278836.579656
approach5_skyhost_run1,247000,1779278836.581396
approach5_skyhost_run1,248000,1779278836.668612
approach5_skyhost_run1,249000,1779278836.670365
approach5_skyhost_run1,250000,1779278836.672102
approach5_skyhost_run1,251000,1779278836.673841
approach5_skyhost_run1,252000,1779278836.681100
approach5_skyhost_run1,253000,1779278836.770703
approach5_skyhost_run1,254000,1779278836.772429
approach5_skyhost_run1,255000,1779278836.774153
approach5_skyhost_run1,256000,1779278836.775925
approach5_skyhost_run1,257000,1779278836.784268
approach5_skyhost_run1,258000,1779278836.873560
approach5_skyhost_run1,259000,1779278836.875337
approach5_skyhost_run1,260000,1779278836.877164
approach5_skyhost_run1,261000,1779278836.878928
approach5_skyhost_run1,262000,1779278836.886046
approach5_skyhost_run1,263000,1779278836.988992
approach5_skyhost_run1,264000,1779278836.990748
approach5_skyhost_run1,265000,1779278836.992494
approach5_skyhost_run1,266000,1779278836.994246
approach5_skyhost_run1,267000,1779278837.013742
approach5_skyhost_run1,268000,1779278837.085080
approach5_skyhost_run1,269000,1779278837.086866
approach5_skyhost_run1,270000,1779278837.088622
approach5_skyhost_run1,271000,1779278837.090381
approach5_skyhost_run1,272000,1779278837.099505
approach5_skyhost_run1,273000,1779278837.179196
approach5_skyhost_run1,274000,1779278837.180927
approach5_skyhost_run1,275000,1779278837.182675
approach5_skyhost_run1,276000,1779278837.184417
approach5_skyhost_run1,277000,1779278837.191839
approach5_skyhost_run1,278000,1779278837.289109
approach5_skyhost_run1,279000,1779278837.290853
approach5_skyhost_run1,280000,1779278837.292578
approach5_skyhost_run1,281000,1779278837.294359
approach5_skyhost_run1,282000,1779278837.296294
approach5_skyhost_run1,283000,1779278837.376685
approach5_skyhost_run1,284000,1779278837.378425
approach5_skyhost_run1,285000,1779278837.380130
approach5_skyhost_run1,286000,1779278837.381896
approach5_skyhost_run1,287000,1779278837.396775
approach5_skyhost_run1,288000,1779278837.398519
approach5_skyhost_run1,289000,1779278837.400250
approach5_skyhost_run1,290000,1779278837.401993
approach5_skyhost_run1,291000,1779278837.485545
approach5_skyhost_run1,292000,1779278837.487921
approach5_skyhost_run1,293000,1779278837.489651
approach5_skyhost_run1,294000,1779278837.491398
approach5_skyhost_run1,295000,1779278837.493130
approach5_skyhost_run1,296000,1779278837.494910
approach5_skyhost_run1,297000,1779278837.500559
approach5_skyhost_run1,298000,1779278837.590277
approach5_skyhost_run1,299000,1779278837.592028
approach5_skyhost_run1,300000,1779278837.593769
approach5_skyhost_run1,301000,1779278837.595566
approach5_skyhost_run1,302000,1779278837.602545
approach5_skyhost_run1,303000,1779278837.672362
approach5_skyhost_run1,304000,1779278837.674091
approach5_skyhost_run1,305000,1779278837.675868
approach5_skyhost_run1,306000,1779278837.677610
approach5_skyhost_run1,307000,1779278837.766635
approach5_skyhost_run1,308000,1779278837.768360
approach5_skyhost_run1,309000,1779278837.770085
approach5_skyhost_run1,310000,1779278837.771842
approach5_skyhost_run1,311000,1779278837.783213
approach5_skyhost_run1,312000,1779278837.784977
approach5_skyhost_run1,313000,1779278837.805974
approach5_skyhost_run1,314000,1779278837.807713
approach5_skyhost_run1,315000,1779278837.809444
approach5_skyhost_run1,316000,1779278837.811196
approach5_skyhost_run1,317000,1779278837.840901
approach5_skyhost_run1,318000,1779278837.898306
approach5_skyhost_run1,319000,1779278837.900037
approach5_skyhost_run1,320000,1779278837.901769
approach5_skyhost_run1,321000,1779278837.903521
approach5_skyhost_run1,322000,1779278837.912245
approach5_skyhost_run1,323000,1779278837.942778
approach5_skyhost_run1,324000,1779278837.944506
approach5_skyhost_run1,325000,1779278837.946268
approach5_skyhost_run1,326000,1779278837.948037
approach5_skyhost_run1,327000,1779278837.962778
approach5_skyhost_run1,328000,1779278837.964508
approach5_skyhost_run1,329000,1779278837.966257
approach5_skyhost_run1,330000,1779278837.968009
approach5_skyhost_run1,331000,1779278838.053569
approach5_skyhost_run1,332000,1779278838.055383
approach5_skyhost_run1,333000,1779278838.102296
approach5_skyhost_run1,334000,1779278838.104039
approach5_skyhost_run1,335000,1779278838.105800
approach5_skyhost_run1,336000,1779278838.107550
approach5_skyhost_run1,337000,1779278838.117131
approach5_skyhost_run1,338000,1779278838.188304
approach5_skyhost_run1,339000,1779278838.190037
approach5_skyhost_run1,340000,1779278838.191777
approach5_skyhost_run1,341000,1779278838.193515
approach5_skyhost_run1,342000,1779278838.208338
approach5_skyhost_run1,343000,1779278838.210068
approach5_skyhost_run1,344000,1779278838.211817
approach5_skyhost_run1,345000,1779278838.213556
approach5_skyhost_run1,346000,1779278838.299245
approach5_skyhost_run1,347000,1779278838.300978
approach5_skyhost_run1,348000,1779278838.347854
approach5_skyhost_run1,349000,1779278838.349617
approach5_skyhost_run1,350000,1779278838.351363
approach5_skyhost_run1,351000,1779278838.353101
approach5_skyhost_run1,352000,1779278838.360693
approach5_skyhost_run1,353000,1779278838.405149
approach5_skyhost_run1,354000,1779278838.406892
approach5_skyhost_run1,355000,1779278838.408633
approach5_skyhost_run1,356000,1779278838.511889
approach5_skyhost_run1,357000,1779278838.513633
approach5_skyhost_run1,358000,1779278838.515421
approach5_skyhost_run1,359000,1779278838.517162
approach5_skyhost_run1,360000,1779278838.565043
approach5_skyhost_run1,361000,1779278838.613109
approach5_skyhost_run1,362000,1779278838.614877
approach5_skyhost_run1,363000,1779278838.616615
approach5_skyhost_run1,364000,1779278838.618367
approach5_skyhost_run1,365000,1779278838.627300
approach5_skyhost_run1,366000,1779278838.717596
approach5_skyhost_run1,367000,1779278838.719342
approach5_skyhost_run1,368000,1779278838.721080
approach5_skyhost_run1,369000,1779278838.722836
approach5_skyhost_run1,370000,1779278838.731359
approach5_skyhost_run1,371000,1779278838.820789
approach5_skyhost_run1,372000,1779278838.822537
approach5_skyhost_run1,373000,1779278838.824279
approach5_skyhost_run1,374000,1779278838.826055
approach5_skyhost_run1,375000,1779278838.833646
approach5_skyhost_run1,376000,1779278838.904135
approach5_skyhost_run1,377000,1779278838.905882
approach5_skyhost_run1,378000,1779278838.907625
approach5_skyhost_run1,379000,1779278838.909364
approach5_skyhost_run1,380000,1779278838.926021
approach5_skyhost_run1,381000,1779278838.927774
approach5_skyhost_run1,382000,1779278838.929509
approach5_skyhost_run1,383000,1779278838.931265
approach5_skyhost_run1,384000,1779278839.016217
approach5_skyhost_run1,385000,1779278839.017953
approach5_skyhost_run1,386000,1779278839.024025
approach5_skyhost_run1,387000,1779278839.025785
approach5_skyhost_run1,388000,1779278839.027531
approach5_skyhost_run1,389000,1779278839.029270
approach5_skyhost_run1,390000,1779278839.039125
approach5_skyhost_run1,391000,1779278839.125950
approach5_skyhost_run1,392000,1779278839.127691
approach5_skyhost_run1,393000,1779278839.129420
approach5_skyhost_run1,394000,1779278839.131170
approach5_skyhost_run1,395000,1779278839.182415
approach5_skyhost_run1,396000,1779278839.271612
approach5_skyhost_run1,397000,1779278839.273334
approach5_skyhost_run1,398000,1779278839.275105
approach5_skyhost_run1,399000,1779278839.276838
approach5_skyhost_run1,400000,1779278839.286407
approach5_skyhost_run1,401000,1779278839.332124
approach5_skyhost_run1,402000,1779278839.333864
approach5_skyhost_run1,403000,1779278839.335646
approach5_skyhost_run1,404000,1779278839.337395
approach5_skyhost_run1,405000,1779278839.346115
approach5_skyhost_run1,406000,1779278839.437927
approach5_skyhost_run1,407000,1779278839.439654
approach5_skyhost_run1,408000,1779278839.441378
approach5_skyhost_run1,409000,1779278839.443124
approach5_skyhost_run1,410000,1779278839.450953
approach5_skyhost_run1,411000,1779278839.577167
approach5_skyhost_run1,412000,1779278839.578914
approach5_skyhost_run1,413000,1779278839.580641
approach5_skyhost_run1,414000,1779278839.582390
approach5_skyhost_run1,415000,1779278839.589666
approach5_skyhost_run1,416000,1779278839.642461
approach5_skyhost_run1,417000,1779278839.644186
approach5_skyhost_run1,418000,1779278839.645946
approach5_skyhost_run1,419000,1779278839.647692
approach5_skyhost_run1,420000,1779278839.655315
approach5_skyhost_run1,421000,1779278839.744644
approach5_skyhost_run1,422000,1779278839.746394
approach5_skyhost_run1,423000,1779278839.748112
approach5_skyhost_run1,424000,1779278839.749845
approach5_skyhost_run1,425000,1779278839.758833
approach5_skyhost_run1,426000,1779278839.790819
approach5_skyhost_run1,427000,1779278839.792553
approach5_skyhost_run1,428000,1779278839.794285
approach5_skyhost_run1,429000,1779278839.796067
approach5_skyhost_run1,430000,1779278839.810992
approach5_skyhost_run1,431000,1779278839.812727
approach5_skyhost_run1,432000,1779278839.814471
approach5_skyhost_run1,433000,1779278839.816242
approach5_skyhost_run1,434000,1779278839.901346
approach5_skyhost_run1,435000,1779278839.903106
approach5_skyhost_run1,436000,1779278839.963322
approach5_skyhost_run1,437000,1779278839.965070
approach5_skyhost_run1,438000,1779278839.966802
approach5_skyhost_run1,439000,1779278839.968532
approach5_skyhost_run1,440000,1779278839.982816
approach5_skyhost_run1,441000,1779278840.056173
approach5_skyhost_run1,442000,1779278840.057895
approach5_skyhost_run1,443000,1779278840.059627
approach5_skyhost_run1,444000,1779278840.061358
approach5_skyhost_run1,445000,1779278840.071781
approach5_skyhost_run1,446000,1779278840.156301
approach5_skyhost_run1,447000,1779278840.158019
approach5_skyhost_run1,448000,1779278840.159754
approach5_skyhost_run1,449000,1779278840.161479
approach5_skyhost_run1,450000,1779278840.174099
approach5_skyhost_run1,451000,1779278840.257024
approach5_skyhost_run1,452000,1779278840.258763
approach5_skyhost_run1,453000,1779278840.260502
approach5_skyhost_run1,454000,1779278840.262249
approach5_skyhost_run1,455000,1779278840.272459
approach5_skyhost_run1,456000,1779278840.364402
approach5_skyhost_run1,457000,1779278840.366154
approach5_skyhost_run1,458000,1779278840.367939
approach5_skyhost_run1,459000,1779278840.369684
approach5_skyhost_run1,460000,1779278840.379260
approach5_skyhost_run1,461000,1779278840.462297
approach5_skyhost_run1,462000,1779278840.464038
approach5_skyhost_run1,463000,1779278840.465799
approach5_skyhost_run1,464000,1779278840.467545
approach5_skyhost_run1,465000,1779278840.515429
approach5_skyhost_run1,466000,1779278840.606313
approach5_skyhost_run1,467000,1779278840.608057
approach5_skyhost_run1,468000,1779278840.609797
approach5_skyhost_run1,469000,1779278840.611547
approach5_skyhost_run1,470000,1779278840.620966
approach5_skyhost_run1,471000,1779278840.709545
approach5_skyhost_run1,472000,1779278840.711284
approach5_skyhost_run1,473000,1779278840.713019
approach5_skyhost_run1,474000,1779278840.714747
approach5_skyhost_run1,475000,1779278840.724162
approach5_skyhost_run1,476000,1779278840.768661
approach5_skyhost_run1,477000,1779278840.770404
approach5_skyhost_run1,478000,1779278840.772129
approach5_skyhost_run1,479000,1779278840.773862
approach5_skyhost_run1,480000,1779278840.784265
approach5_skyhost_run1,481000,1779278840.885109
approach5_skyhost_run1,482000,1779278840.886844
approach5_skyhost_run1,483000,1779278840.888572
approach5_skyhost_run1,484000,1779278840.890320
approach5_skyhost_run1,485000,1779278840.920897
approach5_skyhost_run1,486000,1779278840.922838
approach5_skyhost_run1,487000,1779278840.924567
approach5_skyhost_run1,488000,1779278840.926334
approach5_skyhost_run1,489000,1779278840.928066
approach5_skyhost_run1,490000,1779278840.940764
approach5_skyhost_run1,491000,1779278840.942506
approach5_skyhost_run1,492000,1779278840.944234
approach5_skyhost_run1,493000,1779278840.945997
approach5_skyhost_run1,494000,1779278841.030622
approach5_skyhost_run1,495000,1779278841.032370
approach5_skyhost_run1,496000,1779278841.077183
approach5_skyhost_run1,497000,1779278841.078923
approach5_skyhost_run1,498000,1779278841.080655
approach5_skyhost_run1,499000,1779278841.082401
approach5_skyhost_run1,500000,1779278841.091256
approach5_skyhost_run1,501000,1779278841.181139
approach5_skyhost_run1,502000,1779278841.182875
approach5_skyhost_run1,503000,1779278841.184602
approach5_skyhost_run1,504000,1779278841.186372
approach5_skyhost_run1,505000,1779278841.193876
approach5_skyhost_run1,506000,1779278841.285097
approach5_skyhost_run1,507000,1779278841.286839
approach5_skyhost_run1,508000,1779278841.288567
approach5_skyhost_run1,509000,1779278841.290314
approach5_skyhost_run1,510000,1779278841.300040
approach5_skyhost_run1,511000,1779278841.422362
approach5_skyhost_run1,512000,1779278841.424104
approach5_skyhost_run1,513000,1779278841.425884
approach5_skyhost_run1,514000,1779278841.427642
approach5_skyhost_run1,515000,1779278841.436727
approach5_skyhost_run1,516000,1779278841.486403
approach5_skyhost_run1,517000,1779278841.488126
approach5_skyhost_run1,518000,1779278841.489855
approach5_skyhost_run1,519000,1779278841.491603
approach5_skyhost_run1,520000,1779278841.502979
approach5_skyhost_run1,521000,1779278841.591557
approach5_skyhost_run1,522000,1779278841.593286
approach5_skyhost_run1,523000,1779278841.595061
approach5_skyhost_run1,524000,1779278841.596800
approach5_skyhost_run1,525000,1779278841.605806
approach5_skyhost_run1,526000,1779278841.643154
approach5_skyhost_run1,527000,1779278841.644907
approach5_skyhost_run1,528000,1779278841.646660
approach5_skyhost_run1,529000,1779278841.648392
approach5_skyhost_run1,530000,1779278841.661846
approach5_skyhost_run1,531000,1779278841.663594
approach5_skyhost_run1,532000,1779278841.665351
approach5_skyhost_run1,533000,1779278841.667103
approach5_skyhost_run1,534000,1779278841.748767
approach5_skyhost_run1,535000,1779278841.750513
approach5_skyhost_run1,536000,1779278841.796607
approach5_skyhost_run1,537000,1779278841.798319
approach5_skyhost_run1,538000,1779278841.800084
approach5_skyhost_run1,539000,1779278841.801828
approach5_skyhost_run1,540000,1779278841.809865
approach5_skyhost_run1,541000,1779278841.898501
approach5_skyhost_run1,542000,1779278841.900242
approach5_skyhost_run1,543000,1779278841.901976
approach5_skyhost_run1,544000,1779278841.903731
approach5_skyhost_run1,545000,1779278841.912679
approach5_skyhost_run1,546000,1779278842.000695
approach5_skyhost_run1,547000,1779278842.002423
approach5_skyhost_run1,548000,1779278842.004148
approach5_skyhost_run1,549000,1779278842.005943
approach5_skyhost_run1,550000,1779278842.057600
approach5_skyhost_run1,551000,1779278842.117819
approach5_skyhost_run1,552000,1779278842.119594
approach5_skyhost_run1,553000,1779278842.121360
approach5_skyhost_run1,554000,1779278842.123133
approach5_skyhost_run1,555000,1779278842.176944
approach5_skyhost_run1,556000,1779278842.206746
approach5_skyhost_run1,557000,1779278842.208472
approach5_skyhost_run1,558000,1779278842.210207
approach5_skyhost_run1,559000,1779278842.211960
approach5_skyhost_run1,560000,1779278842.220213
approach5_skyhost_run1,561000,1779278842.309310
approach5_skyhost_run1,562000,1779278842.311056
approach5_skyhost_run1,563000,1779278842.312793
approach5_skyhost_run1,564000,1779278842.314549
approach5_skyhost_run1,565000,1779278842.322992
approach5_skyhost_run1,566000,1779278842.412754
approach5_skyhost_run1,567000,1779278842.414487
approach5_skyhost_run1,568000,1779278842.416244
approach5_skyhost_run1,569000,1779278842.417979
approach5_skyhost_run1,570000,1779278842.426402
approach5_skyhost_run1,571000,1779278842.513363
approach5_skyhost_run1,572000,1779278842.515128
approach5_skyhost_run1,573000,1779278842.516867
approach5_skyhost_run1,574000,1779278842.518627
approach5_skyhost_run1,575000,1779278842.528445
approach5_skyhost_run1,576000,1779278842.662497
approach5_skyhost_run1,577000,1779278842.664235
approach5_skyhost_run1,578000,1779278842.666014
approach5_skyhost_run1,579000,1779278842.667820
approach5_skyhost_run1,580000,1779278842.670326
approach5_skyhost_run1,581000,1779278842.672318
approach5_skyhost_run1,582000,1779278842.674135
approach5_skyhost_run1,583000,1779278842.676059
approach5_skyhost_run1,584000,1779278842.681760
approach5_skyhost_run1,585000,1779278842.683702
approach5_skyhost_run1,586000,1779278842.685459
approach5_skyhost_run1,587000,1779278842.687204
approach5_skyhost_run1,588000,1779278842.688948
approach5_skyhost_run1,589000,1779278842.767871
approach5_skyhost_run1,590000,1779278842.769609
approach5_skyhost_run1,591000,1779278842.821792
approach5_skyhost_run1,592000,1779278842.823534
approach5_skyhost_run1,593000,1779278842.825296
approach5_skyhost_run1,594000,1779278842.827055
approach5_skyhost_run1,595000,1779278842.835355
approach5_skyhost_run1,596000,1779278842.923214
approach5_skyhost_run1,597000,1779278842.924970
approach5_skyhost_run1,598000,1779278842.926719
approach5_skyhost_run1,599000,1779278842.928458
approach5_skyhost_run1,600000,1779278842.937841
approach5_skyhost_run1,601000,1779278843.026530
approach5_skyhost_run1,602000,1779278843.028251
approach5_skyhost_run1,603000,1779278843.029973
approach5_skyhost_run1,604000,1779278843.031707
approach5_skyhost_run1,605000,1779278843.040853
approach5_skyhost_run1,606000,1779278843.079371
approach5_skyhost_run1,607000,1779278843.081106
approach5_skyhost_run1,608000,1779278843.082858
approach5_skyhost_run1,609000,1779278843.084600
approach5_skyhost_run1,610000,1779278843.175804
approach5_skyhost_run1,611000,1779278843.177535
approach5_skyhost_run1,612000,1779278843.179279
approach5_skyhost_run1,613000,1779278843.181025
approach5_skyhost_run1,614000,1779278843.190741
approach5_skyhost_run1,615000,1779278843.192506
approach5_skyhost_run1,616000,1779278843.234939
approach5_skyhost_run1,617000,1779278843.236684
approach5_skyhost_run1,618000,1779278843.238432
approach5_skyhost_run1,619000,1779278843.240170
approach5_skyhost_run1,620000,1779278843.284659
approach5_skyhost_run1,621000,1779278843.374751
approach5_skyhost_run1,622000,1779278843.376519
approach5_skyhost_run1,623000,1779278843.378251
approach5_skyhost_run1,624000,1779278843.379997
approach5_skyhost_run1,625000,1779278843.388271
approach5_skyhost_run1,626000,1779278843.448486
approach5_skyhost_run1,627000,1779278843.450204
approach5_skyhost_run1,628000,1779278843.451948
approach5_skyhost_run1,629000,1779278843.453681
approach5_skyhost_run1,630000,1779278843.499889
approach5_skyhost_run1,631000,1779278843.541098
approach5_skyhost_run1,632000,1779278843.542832
approach5_skyhost_run1,633000,1779278843.544566
approach5_skyhost_run1,634000,1779278843.546353
approach5_skyhost_run1,635000,1779278843.554609
approach5_skyhost_run1,636000,1779278843.643390
approach5_skyhost_run1,637000,1779278843.645158
approach5_skyhost_run1,638000,1779278843.646913
approach5_skyhost_run1,639000,1779278843.648655
approach5_skyhost_run1,640000,1779278843.655739
approach5_skyhost_run1,641000,1779278843.746465
approach5_skyhost_run1,642000,1779278843.748182
approach5_skyhost_run1,643000,1779278843.749903
approach5_skyhost_run1,644000,1779278843.751647
approach5_skyhost_run1,645000,1779278843.758586
approach5_skyhost_run1,646000,1779278843.828066
approach5_skyhost_run1,647000,1779278843.829813
approach5_skyhost_run1,648000,1779278843.952607
approach5_skyhost_run1,649000,1779278843.954346
approach5_skyhost_run1,650000,1779278843.956107
approach5_skyhost_run1,651000,1779278843.957844
approach5_skyhost_run1,652000,1779278843.965432
approach5_skyhost_run1,653000,1779278844.094551
approach5_skyhost_run1,654000,1779278844.096322
approach5_skyhost_run1,655000,1779278844.098061
approach5_skyhost_run1,656000,1779278844.099819
approach5_skyhost_run1,657000,1779278844.106695
approach5_skyhost_run1,658000,1779278844.156549
approach5_skyhost_run1,659000,1779278844.158278
approach5_skyhost_run1,660000,1779278844.160023
approach5_skyhost_run1,661000,1779278844.161759
approach5_skyhost_run1,662000,1779278844.170774
approach5_skyhost_run1,663000,1779278844.264495
approach5_skyhost_run1,664000,1779278844.266288
approach5_skyhost_run1,665000,1779278844.268040
approach5_skyhost_run1,666000,1779278844.269778
approach5_skyhost_run1,667000,1779278844.275780
approach5_skyhost_run1,668000,1779278844.363530
approach5_skyhost_run1,669000,1779278844.365295
approach5_skyhost_run1,670000,1779278844.367049
approach5_skyhost_run1,671000,1779278844.368792
approach5_skyhost_run1,672000,1779278844.376751
approach5_skyhost_run1,673000,1779278844.449630
approach5_skyhost_run1,674000,1779278844.451381
approach5_skyhost_run1,675000,1779278844.453134
approach5_skyhost_run1,676000,1779278844.454930
approach5_skyhost_run1,677000,1779278844.474329
approach5_skyhost_run1,678000,1779278844.476102
approach5_skyhost_run1,679000,1779278844.477842
approach5_skyhost_run1,680000,1779278844.479596
approach5_skyhost_run1,681000,1779278844.562288
approach5_skyhost_run1,682000,1779278844.564081
approach5_skyhost_run1,683000,1779278844.566734
approach5_skyhost_run1,684000,1779278844.568468
approach5_skyhost_run1,685000,1779278844.570210
approach5_skyhost_run1,686000,1779278844.571976
approach5_skyhost_run1,687000,1779278844.583618
approach5_skyhost_run1,688000,1779278844.670991
approach5_skyhost_run1,689000,1779278844.672729
approach5_skyhost_run1,690000,1779278844.674484
approach5_skyhost_run1,691000,1779278844.676266
approach5_skyhost_run1,692000,1779278844.684430
approach5_skyhost_run1,693000,1779278844.774083
approach5_skyhost_run1,694000,1779278844.775862
approach5_skyhost_run1,695000,1779278844.777601
approach5_skyhost_run1,696000,1779278844.779355
approach5_skyhost_run1,697000,1779278844.785635
approach5_skyhost_run1,698000,1779278844.877191
approach5_skyhost_run1,699000,1779278844.878939
approach5_skyhost_run1,700000,1779278844.880678
approach5_skyhost_run1,701000,1779278844.882426
approach5_skyhost_run1,702000,1779278844.893839
approach5_skyhost_run1,703000,1779278844.980458
approach5_skyhost_run1,704000,1779278844.982191
approach5_skyhost_run1,705000,1779278844.983936
approach5_skyhost_run1,706000,1779278844.985706
approach5_skyhost_run1,707000,1779278844.994594
approach5_skyhost_run1,708000,1779278845.027321
approach5_skyhost_run1,709000,1779278845.029092
approach5_skyhost_run1,710000,1779278845.030852
approach5_skyhost_run1,711000,1779278845.032591
approach5_skyhost_run1,712000,1779278845.047735
approach5_skyhost_run1,713000,1779278845.049462
approach5_skyhost_run1,714000,1779278845.051207
approach5_skyhost_run1,715000,1779278845.052939
approach5_skyhost_run1,716000,1779278845.134434
approach5_skyhost_run1,717000,1779278845.136207
approach5_skyhost_run1,718000,1779278845.186483
approach5_skyhost_run1,719000,1779278845.188212
approach5_skyhost_run1,720000,1779278845.189967
approach5_skyhost_run1,721000,1779278845.191722
approach5_skyhost_run1,722000,1779278845.200979
approach5_skyhost_run1,723000,1779278845.328558
approach5_skyhost_run1,724000,1779278845.330286
approach5_skyhost_run1,725000,1779278845.332027
approach5_skyhost_run1,726000,1779278845.333738
approach5_skyhost_run1,727000,1779278845.344726
approach5_skyhost_run1,728000,1779278845.388837
approach5_skyhost_run1,729000,1779278845.390604
approach5_skyhost_run1,730000,1779278845.392341
approach5_skyhost_run1,731000,1779278845.394096
approach5_skyhost_run1,732000,1779278845.403334
approach5_skyhost_run1,733000,1779278845.433848
approach5_skyhost_run1,734000,1779278845.435614
approach5_skyhost_run1,735000,1779278845.437355
approach5_skyhost_run1,736000,1779278845.439107
approach5_skyhost_run1,737000,1779278845.452681
approach5_skyhost_run1,738000,1779278845.454432
approach5_skyhost_run1,739000,1779278845.456198
approach5_skyhost_run1,740000,1779278845.457946
approach5_skyhost_run1,741000,1779278845.544004
approach5_skyhost_run1,742000,1779278845.545796
approach5_skyhost_run1,743000,1779278845.600245
approach5_skyhost_run1,744000,1779278845.603203
approach5_skyhost_run1,745000,1779278845.605054
approach5_skyhost_run1,746000,1779278845.607000
approach5_skyhost_run1,747000,1779278845.610284
approach5_skyhost_run1,748000,1779278845.697646
approach5_skyhost_run1,749000,1779278845.699421
approach5_skyhost_run1,750000,1779278845.701166
approach5_skyhost_run1,751000,1779278845.702962
approach5_skyhost_run1,752000,1779278845.714225
approach5_skyhost_run1,753000,1779278845.842953
approach5_skyhost_run1,754000,1779278845.846177
approach5_skyhost_run1,755000,1779278845.849354
approach5_skyhost_run1,756000,1779278845.852530
approach5_skyhost_run1,757000,1779278845.858727
approach5_skyhost_run1,758000,1779278845.903033
approach5_skyhost_run1,759000,1779278845.904785
approach5_skyhost_run1,760000,1779278845.906627
approach5_skyhost_run1,761000,1779278845.908398
approach5_skyhost_run1,762000,1779278845.919530
approach5_skyhost_run1,763000,1779278846.008231
approach5_skyhost_run1,764000,1779278846.010281
approach5_skyhost_run1,765000,1779278846.012052
approach5_skyhost_run1,766000,1779278846.013803
approach5_skyhost_run1,767000,1779278846.019276
approach5_skyhost_run1,768000,1779278846.051682
approach5_skyhost_run1,769000,1779278846.053429
approach5_skyhost_run1,770000,1779278846.055238
approach5_skyhost_run1,771000,1779278846.057029
approach5_skyhost_run1,772000,1779278846.072427
approach5_skyhost_run1,773000,1779278846.074206
approach5_skyhost_run1,774000,1779278846.076014
approach5_skyhost_run1,775000,1779278846.077760
approach5_skyhost_run1,776000,1779278846.162255
approach5_skyhost_run1,777000,1779278846.164015
approach5_skyhost_run1,778000,1779278846.215985
approach5_skyhost_run1,779000,1779278846.219158
approach5_skyhost_run1,780000,1779278846.222357
approach5_skyhost_run1,781000,1779278846.225738
approach5_skyhost_run1,782000,1779278846.228850
approach5_skyhost_run1,783000,1779278846.318038
approach5_skyhost_run1,784000,1779278846.321219
approach5_skyhost_run1,785000,1779278846.324399
approach5_skyhost_run1,786000,1779278846.327609
approach5_skyhost_run1,787000,1779278846.330945
approach5_skyhost_run1,788000,1779278846.422954
approach5_skyhost_run1,789000,1779278846.424653
approach5_skyhost_run1,790000,1779278846.426451
approach5_skyhost_run1,791000,1779278846.428190
approach5_skyhost_run1,792000,1779278846.435410
approach5_skyhost_run1,793000,1779278846.523096
approach5_skyhost_run1,794000,1779278846.524850
approach5_skyhost_run1,795000,1779278846.526593
approach5_skyhost_run1,796000,1779278846.528327
approach5_skyhost_run1,797000,1779278846.539110
approach5_skyhost_run1,798000,1779278846.622440
approach5_skyhost_run1,799000,1779278846.624157
approach5_skyhost_run1,800000,1779278846.625904
approach5_skyhost_run1,801000,1779278846.627652
approach5_skyhost_run1,802000,1779278846.635139
approach5_skyhost_run1,803000,1779278846.763613
approach5_skyhost_run1,804000,1779278846.765384
approach5_skyhost_run1,805000,1779278846.767130
approach5_skyhost_run1,806000,1779278846.768863
approach5_skyhost_run1,807000,1779278846.772799
approach5_skyhost_run1,808000,1779278846.827008
approach5_skyhost_run1,809000,1779278846.828739
approach5_skyhost_run1,810000,1779278846.830489
approach5_skyhost_run1,811000,1779278846.832226
approach5_skyhost_run1,812000,1779278846.872152
approach5_skyhost_run1,813000,1779278846.873892
approach5_skyhost_run1,814000,1779278846.875673
approach5_skyhost_run1,815000,1779278846.877418
approach5_skyhost_run1,816000,1779278846.882727
approach5_skyhost_run1,817000,1779278846.940205
approach5_skyhost_run1,818000,1779278846.941931
approach5_skyhost_run1,819000,1779278846.943674
approach5_skyhost_run1,820000,1779278846.945433
approach5_skyhost_run1,821000,1779278847.030405
approach5_skyhost_run1,822000,1779278847.032189
approach5_skyhost_run1,823000,1779278847.035390
approach5_skyhost_run1,824000,1779278847.037104
approach5_skyhost_run1,825000,1779278847.038829
approach5_skyhost_run1,826000,1779278847.040552
approach5_skyhost_run1,827000,1779278847.049557
approach5_skyhost_run1,828000,1779278847.081219
approach5_skyhost_run1,829000,1779278847.082954
approach5_skyhost_run1,830000,1779278847.084676
approach5_skyhost_run1,831000,1779278847.086443
approach5_skyhost_run1,832000,1779278847.098984
approach5_skyhost_run1,833000,1779278847.100699
approach5_skyhost_run1,834000,1779278847.102427
approach5_skyhost_run1,835000,1779278847.104195
approach5_skyhost_run1,836000,1779278847.186328
approach5_skyhost_run1,837000,1779278847.188052
approach5_skyhost_run1,838000,1779278847.237090
approach5_skyhost_run1,839000,1779278847.238830
approach5_skyhost_run1,840000,1779278847.240553
approach5_skyhost_run1,841000,1779278847.242277
approach5_skyhost_run1,842000,1779278847.251253
approach5_skyhost_run1,843000,1779278847.353778
approach5_skyhost_run1,844000,1779278847.355546
approach5_skyhost_run1,845000,1779278847.357271
approach5_skyhost_run1,846000,1779278847.359014
approach5_skyhost_run1,847000,1779278847.383153
approach5_skyhost_run1,848000,1779278847.445450
approach5_skyhost_run1,849000,1779278847.447182
approach5_skyhost_run1,850000,1779278847.448908
approach5_skyhost_run1,851000,1779278847.450652
approach5_skyhost_run1,852000,1779278847.460488
approach5_skyhost_run1,853000,1779278847.543813
approach5_skyhost_run1,854000,1779278847.545578
approach5_skyhost_run1,855000,1779278847.547345
approach5_skyhost_run1,856000,1779278847.549089
approach5_skyhost_run1,857000,1779278847.557633
approach5_skyhost_run1,858000,1779278847.648743
approach5_skyhost_run1,859000,1779278847.650492
approach5_skyhost_run1,860000,1779278847.652220
approach5_skyhost_run1,861000,1779278847.653949
approach5_skyhost_run1,862000,1779278847.661129
approach5_skyhost_run1,863000,1779278847.695137
approach5_skyhost_run1,864000,1779278847.696878
approach5_skyhost_run1,865000,1779278847.698634
approach5_skyhost_run1,866000,1779278847.700382
approach5_skyhost_run1,867000,1779278847.713896
approach5_skyhost_run1,868000,1779278847.715661
approach5_skyhost_run1,869000,1779278847.717397
approach5_skyhost_run1,870000,1779278847.719151
approach5_skyhost_run1,871000,1779278847.801429
approach5_skyhost_run1,872000,1779278847.803484
approach5_skyhost_run1,873000,1779278847.805256
approach5_skyhost_run1,874000,1779278847.807009
approach5_skyhost_run1,875000,1779278847.808754
approach5_skyhost_run1,876000,1779278847.810514
approach5_skyhost_run1,877000,1779278847.819717
approach5_skyhost_run1,878000,1779278847.821449
approach5_skyhost_run1,879000,1779278847.823223
approach5_skyhost_run1,880000,1779278847.824985
approach5_skyhost_run1,881000,1779278847.905997
approach5_skyhost_run1,882000,1779278847.907768
approach5_skyhost_run1,883000,1779278847.910269
approach5_skyhost_run1,884000,1779278847.912021
approach5_skyhost_run1,885000,1779278847.913765
approach5_skyhost_run1,886000,1779278847.915554
approach5_skyhost_run1,887000,1779278847.930563
approach5_skyhost_run1,888000,1779278847.932295
approach5_skyhost_run1,889000,1779278847.934040
approach5_skyhost_run1,890000,1779278847.935827
approach5_skyhost_run1,891000,1779278848.015553
approach5_skyhost_run1,892000,1779278848.017306
approach5_skyhost_run1,893000,1779278848.059647
approach5_skyhost_run1,894000,1779278848.061371
approach5_skyhost_run1,895000,1779278848.063107
approach5_skyhost_run1,896000,1779278848.064857
approach5_skyhost_run1,897000,1779278848.072516
approach5_skyhost_run1,898000,1779278848.205058
approach5_skyhost_run1,899000,1779278848.206821
approach5_skyhost_run1,900000,1779278848.208569
approach5_skyhost_run1,901000,1779278848.210316
approach5_skyhost_run1,902000,1779278848.220101
approach5_skyhost_run1,903000,1779278848.263170
approach5_skyhost_run1,904000,1779278848.264930
approach5_skyhost_run1,905000,1779278848.266681
approach5_skyhost_run1,906000,1779278848.268423
approach5_skyhost_run1,907000,1779278848.278652
approach5_skyhost_run1,908000,1779278848.409143
approach5_skyhost_run1,909000,1779278848.410889
approach5_skyhost_run1,910000,1779278848.412627
approach5_skyhost_run1,911000,1779278848.414378
approach5_skyhost_run1,912000,1779278848.421386
approach5_skyhost_run1,913000,1779278848.471752
approach5_skyhost_run1,914000,1779278848.473481
approach5_skyhost_run1,915000,1779278848.475227
approach5_skyhost_run1,916000,1779278848.477004
approach5_skyhost_run1,917000,1779278848.484724
approach5_skyhost_run1,918000,1779278848.572093
approach5_skyhost_run1,919000,1779278848.573839
approach5_skyhost_run1,920000,1779278848.575634
approach5_skyhost_run1,921000,1779278848.577386
approach5_skyhost_run1,922000,1779278848.585156
approach5_skyhost_run1,923000,1779278848.674577
approach5_skyhost_run1,924000,1779278848.676343
approach5_skyhost_run1,925000,1779278848.678077
approach5_skyhost_run1,926000,1779278848.679824
approach5_skyhost_run1,927000,1779278848.688067
approach5_skyhost_run1,928000,1779278848.777424
approach5_skyhost_run1,929000,1779278848.779172
approach5_skyhost_run1,930000,1779278848.780916
approach5_skyhost_run1,931000,1779278848.782676
approach5_skyhost_run1,932000,1779278848.791231
approach5_skyhost_run1,933000,1779278848.932548
approach5_skyhost_run1,934000,1779278848.934285
approach5_skyhost_run1,935000,1779278848.936066
approach5_skyhost_run1,936000,1779278848.937807
approach5_skyhost_run1,937000,1779278848.949595
approach5_skyhost_run1,938000,1779278848.963306
approach5_skyhost_run1,939000,1779278849.325003
approach5_skyhost_run1,940000,1779278849.326752
approach5_skyhost_run1,941000,1779278849.328493
approach5_skyhost_run1,942000,1779278849.330235
approach5_skyhost_run1,943000,1779278849.337046
approach5_skyhost_run1,944000,1779278849.530480
approach5_skyhost_run1,945000,1779278849.532216
approach5_skyhost_run1,946000,1779278849.533953
approach5_skyhost_run1,947000,1779278849.535732
approach5_skyhost_run1,948000,1779278849.542289
approach5_skyhost_run1,949000,1779278849.670593
approach5_skyhost_run1,950000,1779278849.672375
approach5_skyhost_run1,951000,1779278849.674526
approach5_skyhost_run1,952000,1779278849.677152
approach5_skyhost_run1,953000,1779278849.678907
approach5_skyhost_run1,954000,1779278849.680650
approach5_skyhost_run1,955000,1779278849.682406
approach5_skyhost_run1,956000,1779278849.684156
approach5_skyhost_run1,957000,1779278849.694521
approach5_skyhost_run1,958000,1779278849.698341
approach5_skyhost_run1,959000,1779278849.700087
approach5_skyhost_run1,960000,1779278849.702764
approach5_skyhost_run1,961000,1779278849.704545
approach5_skyhost_run1,962000,1779278849.786915
approach5_skyhost_run1,963000,1779278849.788656
approach5_skyhost_run1,964000,1779278849.835414
approach5_skyhost_run1,965000,1779278849.837145
approach5_skyhost_run1,966000,1779278849.838894
approach5_skyhost_run1,967000,1779278849.840633
approach5_skyhost_run1,968000,1779278849.850767
approach5_skyhost_run1,969000,1779278849.977908
approach5_skyhost_run1,970000,1779278849.979652
approach5_skyhost_run1,971000,1779278849.981393
approach5_skyhost_run1,972000,1779278849.983144
approach5_skyhost_run1,973000,1779278849.992678
approach5_skyhost_run1,974000,1779278850.039489
approach5_skyhost_run1,975000,1779278850.041239
approach5_skyhost_run1,976000,1779278850.042974
approach5_skyhost_run1,977000,1779278850.044711
approach5_skyhost_run1,978000,1779278850.053209
approach5_skyhost_run1,979000,1779278850.143754
approach5_skyhost_run1,980000,1779278850.145510
approach5_skyhost_run1,981000,1779278850.147271
approach5_skyhost_run1,982000,1779278850.149060
approach5_skyhost_run1,983000,1779278850.158284
approach5_skyhost_run1,984000,1779278850.258449
approach5_skyhost_run1,985000,1779278850.260173
approach5_skyhost_run1,986000,1779278850.261895
approach5_skyhost_run1,987000,1779278850.263645
approach5_skyhost_run1,988000,1779278850.289703
approach5_skyhost_run1,989000,1779278850.347994
approach5_skyhost_run1,990000,1779278850.349721
approach5_skyhost_run1,991000,1779278850.351466
approach5_skyhost_run1,992000,1779278850.353214
approach5_skyhost_run1,993000,1779278850.362116
approach5_skyhost_run1,994000,1779278850.450281
approach5_skyhost_run1,995000,1779278850.452004
approach5_skyhost_run1,996000,1779278850.453728
approach5_skyhost_run1,997000,1779278850.455513
approach5_skyhost_run1,998000,1779278850.464178
approach5_skyhost_run1,999000,1779278850.555884
approach5_skyhost_run1,1000000,1779278850.557610
approach5_skyhost_run1,1001000,1779278850.559391
approach5_skyhost_run1,1002000,1779278850.561132
approach5_skyhost_run1,1003000,1779278850.568870
approach5_skyhost_run1,1004000,1779278850.654655
approach5_skyhost_run1,1005000,1779278850.656413
approach5_skyhost_run1,1006000,1779278850.658142
approach5_skyhost_run1,1007000,1779278850.659885
approach5_skyhost_run1,1008000,1779278850.671188
approach5_skyhost_run1,1009000,1779278850.755558
approach5_skyhost_run1,1010000,1779278850.757288
approach5_skyhost_run1,1011000,1779278850.759037
approach5_skyhost_run1,1012000,1779278850.760784
approach5_skyhost_run1,1013000,1779278850.772187
approach5_skyhost_run1,1014000,1779278850.846440
approach5_skyhost_run1,1015000,1779278850.848179
approach5_skyhost_run1,1016000,1779278850.849916
approach5_skyhost_run1,1017000,1779278850.851675
approach5_skyhost_run1,1018000,1779278850.883083
approach5_skyhost_run1,1019000,1779278850.884849
approach5_skyhost_run1,1020000,1779278850.886609
approach5_skyhost_run1,1021000,1779278850.888355
approach5_skyhost_run1,1022000,1779278850.907584
approach5_skyhost_run1,1023000,1779278850.909319
approach5_skyhost_run1,1024000,1779278850.911107
approach5_skyhost_run1,1025000,1779278850.912866
approach5_skyhost_run1,1026000,1779278850.943063
approach5_skyhost_run1,1027000,1779278850.944799
approach5_skyhost_run1,1028000,1779278850.946571
approach5_skyhost_run1,1029000,1779278850.948326
approach5_skyhost_run1,1030000,1779278851.000251
approach5_skyhost_run1,1031000,1779278851.001985
approach5_skyhost_run1,1032000,1779278851.039045
approach5_skyhost_run1,1033000,1779278851.040789
approach5_skyhost_run1,1034000,1779278851.097863
approach5_skyhost_run1,1035000,1779278851.099654
approach5_skyhost_run1,1036000,1779278851.101437
approach5_skyhost_run1,1037000,1779278851.103240
approach5_skyhost_run1,1038000,1779278851.109730
approach5_skyhost_run1,1039000,1779278851.212120
approach5_skyhost_run1,1040000,1779278851.213854
approach5_skyhost_run1,1041000,1779278851.215625
approach5_skyhost_run1,1042000,1779278851.217404
approach5_skyhost_run1,1043000,1779278851.225394
approach5_skyhost_run1,1044000,1779278851.254068
approach5_skyhost_run1,1045000,1779278851.255826
approach5_skyhost_run1,1046000,1779278851.257567
approach5_skyhost_run1,1047000,1779278851.259311
approach5_skyhost_run1,1048000,1779278851.275597
approach5_skyhost_run1,1049000,1779278851.277323
approach5_skyhost_run1,1050000,1779278851.279065
approach5_skyhost_run1,1051000,1779278851.280800
approach5_skyhost_run1,1052000,1779278851.366252
approach5_skyhost_run1,1053000,1779278851.367990
approach5_skyhost_run1,1054000,1779278851.371317
approach5_skyhost_run1,1055000,1779278851.373039
approach5_skyhost_run1,1056000,1779278851.374771
approach5_skyhost_run1,1057000,1779278851.376523
approach5_skyhost_run1,1058000,1779278851.386788
approach5_skyhost_run1,1059000,1779278851.476258
approach5_skyhost_run1,1060000,1779278851.477990
approach5_skyhost_run1,1061000,1779278851.479732
approach5_skyhost_run1,1062000,1779278851.481475
approach5_skyhost_run1,1063000,1779278851.492251
approach5_skyhost_run1,1064000,1779278851.520580
approach5_skyhost_run1,1065000,1779278851.522328
approach5_skyhost_run1,1066000,1779278851.524072
approach5_skyhost_run1,1067000,1779278851.525858
approach5_skyhost_run1,1068000,1779278851.582725
approach5_skyhost_run1,1069000,1779278851.584459
approach5_skyhost_run1,1070000,1779278851.586221
approach5_skyhost_run1,1071000,1779278851.587983
approach5_skyhost_run1,1072000,1779278851.673682
approach5_skyhost_run1,1073000,1779278851.675594
approach5_skyhost_run1,1074000,1779278851.754018
approach5_skyhost_run1,1075000,1779278851.755790
approach5_skyhost_run1,1076000,1779278851.757533
approach5_skyhost_run1,1077000,1779278851.759291
approach5_skyhost_run1,1078000,1779278851.776618
approach5_skyhost_run1,1079000,1779278851.783259
approach5_skyhost_run1,1080000,1779278851.785017
approach5_skyhost_run1,1081000,1779278851.786769
approach5_skyhost_run1,1082000,1779278851.788512
approach5_skyhost_run1,1083000,1779278851.797810
approach5_skyhost_run1,1084000,1779278851.886539
approach5_skyhost_run1,1085000,1779278851.888263
approach5_skyhost_run1,1086000,1779278851.889978
approach5_skyhost_run1,1087000,1779278851.891777
approach5_skyhost_run1,1088000,1779278851.903539
approach5_skyhost_run1,1089000,1779278851.989836
approach5_skyhost_run1,1090000,1779278851.991575
approach5_skyhost_run1,1091000,1779278851.993323
approach5_skyhost_run1,1092000,1779278851.995118
approach5_skyhost_run1,1093000,1779278852.003037
approach5_skyhost_run1,1094000,1779278852.093002
approach5_skyhost_run1,1095000,1779278852.094746
approach5_skyhost_run1,1096000,1779278852.096503
approach5_skyhost_run1,1097000,1779278852.098255
approach5_skyhost_run1,1098000,1779278852.107279
approach5_skyhost_run1,1099000,1779278852.194625
approach5_skyhost_run1,1100000,1779278852.196379
approach5_skyhost_run1,1101000,1779278852.198116
approach5_skyhost_run1,1102000,1779278852.199881
approach5_skyhost_run1,1103000,1779278852.207453
approach5_skyhost_run1,1104000,1779278852.309026
approach5_skyhost_run1,1105000,1779278852.310789
approach5_skyhost_run1,1106000,1779278852.312527
approach5_skyhost_run1,1107000,1779278852.314272
approach5_skyhost_run1,1108000,1779278852.324763
approach5_skyhost_run1,1109000,1779278852.398886
approach5_skyhost_run1,1110000,1779278852.400609
approach5_skyhost_run1,1111000,1779278852.402356
approach5_skyhost_run1,1112000,1779278852.404098
approach5_skyhost_run1,1113000,1779278852.413172
approach5_skyhost_run1,1114000,1779278852.503178
approach5_skyhost_run1,1115000,1779278852.504933
approach5_skyhost_run1,1116000,1779278852.506675
approach5_skyhost_run1,1117000,1779278852.508404
approach5_skyhost_run1,1118000,1779278852.515425
approach5_skyhost_run1,1119000,1779278852.604929
approach5_skyhost_run1,1120000,1779278852.606674
approach5_skyhost_run1,1121000,1779278852.608407
approach5_skyhost_run1,1122000,1779278852.610141
approach5_skyhost_run1,1123000,1779278852.660319
approach5_skyhost_run1,1124000,1779278852.708755
approach5_skyhost_run1,1125000,1779278852.710494
approach5_skyhost_run1,1126000,1779278852.712227
approach5_skyhost_run1,1127000,1779278852.713967
approach5_skyhost_run1,1128000,1779278852.720341
approach5_skyhost_run1,1129000,1779278852.850202
approach5_skyhost_run1,1130000,1779278852.851939
approach5_skyhost_run1,1131000,1779278852.853673
approach5_skyhost_run1,1132000,1779278852.855458
approach5_skyhost_run1,1133000,1779278852.868830
approach5_skyhost_run1,1134000,1779278852.953011
approach5_skyhost_run1,1135000,1779278852.954752
approach5_skyhost_run1,1136000,1779278852.956521
approach5_skyhost_run1,1137000,1779278852.958269
approach5_skyhost_run1,1138000,1779278852.968612
approach5_skyhost_run1,1139000,1779278853.016226
approach5_skyhost_run1,1140000,1779278853.017966
approach5_skyhost_run1,1141000,1779278853.019724
approach5_skyhost_run1,1142000,1779278853.021474
approach5_skyhost_run1,1143000,1779278853.028507
approach5_skyhost_run1,1144000,1779278853.120081
approach5_skyhost_run1,1145000,1779278853.121816
approach5_skyhost_run1,1146000,1779278853.123568
approach5_skyhost_run1,1147000,1779278853.125338
approach5_skyhost_run1,1148000,1779278853.132666
approach5_skyhost_run1,1149000,1779278853.165109
approach5_skyhost_run1,1150000,1779278853.166906
approach5_skyhost_run1,1151000,1779278853.168648
approach5_skyhost_run1,1152000,1779278853.170385
approach5_skyhost_run1,1153000,1779278853.185732
approach5_skyhost_run1,1154000,1779278853.187479
approach5_skyhost_run1,1155000,1779278853.189218
approach5_skyhost_run1,1156000,1779278853.190984
approach5_skyhost_run1,1157000,1779278853.276279
approach5_skyhost_run1,1158000,1779278853.278015
approach5_skyhost_run1,1159000,1779278853.324012
approach5_skyhost_run1,1160000,1779278853.325778
approach5_skyhost_run1,1161000,1779278853.327530
approach5_skyhost_run1,1162000,1779278853.329276
approach5_skyhost_run1,1163000,1779278853.338120
approach5_skyhost_run1,1164000,1779278853.372850
approach5_skyhost_run1,1165000,1779278853.374595
approach5_skyhost_run1,1166000,1779278853.376367
approach5_skyhost_run1,1167000,1779278853.378104
approach5_skyhost_run1,1168000,1779278853.392248
approach5_skyhost_run1,1169000,1779278853.393978
approach5_skyhost_run1,1170000,1779278853.395739
approach5_skyhost_run1,1171000,1779278853.397471
approach5_skyhost_run1,1172000,1779278853.473262
approach5_skyhost_run1,1173000,1779278853.475030
approach5_skyhost_run1,1174000,1779278853.476767
approach5_skyhost_run1,1175000,1779278853.478514
approach5_skyhost_run1,1176000,1779278853.485666
approach5_skyhost_run1,1177000,1779278853.487414
approach5_skyhost_run1,1178000,1779278853.496122
approach5_skyhost_run1,1179000,1779278853.497851
approach5_skyhost_run1,1180000,1779278853.499590
approach5_skyhost_run1,1181000,1779278853.501343
approach5_skyhost_run1,1182000,1779278853.585968
approach5_skyhost_run1,1183000,1779278853.587713
approach5_skyhost_run1,1184000,1779278853.672091
approach5_skyhost_run1,1185000,1779278853.673820
approach5_skyhost_run1,1186000,1779278853.675592
approach5_skyhost_run1,1187000,1779278853.677319
approach5_skyhost_run1,1188000,1779278853.683656
approach5_skyhost_run1,1189000,1779278853.737027
approach5_skyhost_run1,1190000,1779278853.738775
approach5_skyhost_run1,1191000,1779278853.740519
approach5_skyhost_run1,1192000,1779278853.742263
approach5_skyhost_run1,1193000,1779278853.750215
approach5_skyhost_run1,1194000,1779278853.837151
approach5_skyhost_run1,1195000,1779278853.838887
approach5_skyhost_run1,1196000,1779278853.840617
approach5_skyhost_run1,1197000,1779278853.842368
approach5_skyhost_run1,1198000,1779278853.851739
approach5_skyhost_run1,1199000,1779278853.940452
approach5_skyhost_run1,1200000,1779278853.942188
approach5_skyhost_run1,1201000,1779278853.943933
approach5_skyhost_run1,1202000,1779278853.945705
approach5_skyhost_run1,1203000,1779278853.952945
approach5_skyhost_run1,1204000,1779278854.079190
approach5_skyhost_run1,1205000,1779278854.080923
approach5_skyhost_run1,1206000,1779278854.082674
approach5_skyhost_run1,1207000,1779278854.084426
approach5_skyhost_run1,1208000,1779278854.094728
approach5_skyhost_run1,1209000,1779278854.144963
approach5_skyhost_run1,1210000,1779278854.146695
approach5_skyhost_run1,1211000,1779278854.148419
approach5_skyhost_run1,1212000,1779278854.150154
approach5_skyhost_run1,1213000,1779278854.157772
approach5_skyhost_run1,1214000,1779278854.245425
approach5_skyhost_run1,1215000,1779278854.247154
approach5_skyhost_run1,1216000,1779278854.248887
approach5_skyhost_run1,1217000,1779278854.250641
approach5_skyhost_run1,1218000,1779278854.261588
approach5_skyhost_run1,1219000,1779278854.386278
approach5_skyhost_run1,1220000,1779278854.388012
approach5_skyhost_run1,1221000,1779278854.389740
approach5_skyhost_run1,1222000,1779278854.391488
approach5_skyhost_run1,1223000,1779278854.400428
approach5_skyhost_run1,1224000,1779278854.450943
approach5_skyhost_run1,1225000,1779278854.452674
approach5_skyhost_run1,1226000,1779278854.454410
approach5_skyhost_run1,1227000,1779278854.456176
approach5_skyhost_run1,1228000,1779278854.465325
approach5_skyhost_run1,1229000,1779278854.537519
approach5_skyhost_run1,1230000,1779278854.917209
approach5_skyhost_run1,1231000,1779278854.918973
approach5_skyhost_run1,1232000,1779278854.920708
approach5_skyhost_run1,1233000,1779278854.922460
approach5_skyhost_run1,1234000,1779278854.939302
approach5_skyhost_run1,1235000,1779278855.053570
approach5_skyhost_run1,1236000,1779278855.055336
approach5_skyhost_run1,1237000,1779278855.057068
approach5_skyhost_run1,1238000,1779278855.058825
approach5_skyhost_run1,1239000,1779278855.065788
approach5_skyhost_run1,1240000,1779278855.112445
approach5_skyhost_run1,1241000,1779278855.114174
approach5_skyhost_run1,1242000,1779278855.115948
approach5_skyhost_run1,1243000,1779278855.117690
approach5_skyhost_run1,1244000,1779278855.127846
approach5_skyhost_run1,1245000,1779278855.162458
approach5_skyhost_run1,1246000,1779278855.164185
approach5_skyhost_run1,1247000,1779278855.165936
approach5_skyhost_run1,1248000,1779278855.167687
approach5_skyhost_run1,1249000,1779278855.183182
approach5_skyhost_run1,1250000,1779278855.184929
approach5_skyhost_run1,1251000,1779278855.186681
approach5_skyhost_run1,1252000,1779278855.188421
approach5_skyhost_run1,1253000,1779278855.269269
approach5_skyhost_run1,1254000,1779278855.271015
approach5_skyhost_run1,1255000,1779278855.318322
approach5_skyhost_run1,1256000,1779278855.320052
approach5_skyhost_run1,1257000,1779278855.321771
approach5_skyhost_run1,1258000,1779278855.323509
approach5_skyhost_run1,1259000,1779278855.332308
approach5_skyhost_run1,1260000,1779278855.420924
approach5_skyhost_run1,1261000,1779278855.422672
approach5_skyhost_run1,1262000,1779278855.424411
approach5_skyhost_run1,1263000,1779278855.426187
approach5_skyhost_run1,1264000,1779278855.435454
approach5_skyhost_run1,1265000,1779278855.525271
approach5_skyhost_run1,1266000,1779278855.527015
approach5_skyhost_run1,1267000,1779278855.528748
approach5_skyhost_run1,1268000,1779278855.530500
approach5_skyhost_run1,1269000,1779278855.540399
approach5_skyhost_run1,1270000,1779278855.639079
approach5_skyhost_run1,1271000,1779278855.640816
approach5_skyhost_run1,1272000,1779278855.642564
approach5_skyhost_run1,1273000,1779278855.644302
approach5_skyhost_run1,1274000,1779278855.652518
approach5_skyhost_run1,1275000,1779278855.729803
approach5_skyhost_run1,1276000,1779278855.731597
approach5_skyhost_run1,1277000,1779278855.733348
approach5_skyhost_run1,1278000,1779278855.735133
approach5_skyhost_run1,1279000,1779278855.743264
approach5_skyhost_run1,1280000,1779278855.869815
approach5_skyhost_run1,1281000,1779278855.871553
approach5_skyhost_run1,1282000,1779278855.873293
approach5_skyhost_run1,1283000,1779278855.875082
approach5_skyhost_run1,1284000,1779278855.883427
approach5_skyhost_run1,1285000,1779278855.947792
approach5_skyhost_run1,1286000,1779278855.949528
approach5_skyhost_run1,1287000,1779278855.951269
approach5_skyhost_run1,1288000,1779278855.953001
approach5_skyhost_run1,1289000,1779278855.978165
approach5_skyhost_run1,1290000,1779278856.035441
approach5_skyhost_run1,1291000,1779278856.037179
approach5_skyhost_run1,1292000,1779278856.038933
approach5_skyhost_run1,1293000,1779278856.040670
approach5_skyhost_run1,1294000,1779278856.050273
approach5_skyhost_run1,1295000,1779278856.177629
approach5_skyhost_run1,1296000,1779278856.179363
approach5_skyhost_run1,1297000,1779278856.181093
approach5_skyhost_run1,1298000,1779278856.182848
approach5_skyhost_run1,1299000,1779278856.194039
approach5_skyhost_run1,1300000,1779278856.252532
approach5_skyhost_run1,1301000,1779278856.254276
approach5_skyhost_run1,1302000,1779278856.256058
approach5_skyhost_run1,1303000,1779278856.257800
approach5_skyhost_run1,1304000,1779278856.278798
approach5_skyhost_run1,1305000,1779278856.346531
approach5_skyhost_run1,1306000,1779278856.348265
approach5_skyhost_run1,1307000,1779278856.350002
approach5_skyhost_run1,1308000,1779278856.351746
approach5_skyhost_run1,1309000,1779278856.359168
approach5_skyhost_run1,1310000,1779278856.460979
approach5_skyhost_run1,1311000,1779278856.462720
approach5_skyhost_run1,1312000,1779278856.464461
approach5_skyhost_run1,1313000,1779278856.466238
approach5_skyhost_run1,1314000,1779278856.492724
approach5_skyhost_run1,1315000,1779278856.550660
approach5_skyhost_run1,1316000,1779278856.552397
approach5_skyhost_run1,1317000,1779278856.554140
approach5_skyhost_run1,1318000,1779278856.555935
approach5_skyhost_run1,1319000,1779278856.564606
approach5_skyhost_run1,1320000,1779278856.706703
approach5_skyhost_run1,1321000,1779278856.708426
approach5_skyhost_run1,1322000,1779278856.710155
approach5_skyhost_run1,1323000,1779278856.711915
approach5_skyhost_run1,1324000,1779278856.720044
approach5_skyhost_run1,1325000,1779278856.753677
approach5_skyhost_run1,1326000,1779278856.755449
approach5_skyhost_run1,1327000,1779278856.757192
approach5_skyhost_run1,1328000,1779278856.758954
approach5_skyhost_run1,1329000,1779278856.768545
approach5_skyhost_run1,1330000,1779278856.900408
approach5_skyhost_run1,1331000,1779278856.902156
approach5_skyhost_run1,1332000,1779278856.903907
approach5_skyhost_run1,1333000,1779278856.905741
approach5_skyhost_run1,1334000,1779278856.908271
approach5_skyhost_run1,1335000,1779278856.909999
approach5_skyhost_run1,1336000,1779278856.911742
approach5_skyhost_run1,1337000,1779278856.913475
approach5_skyhost_run1,1338000,1779278856.919674
approach5_skyhost_run1,1339000,1779278856.921634
approach5_skyhost_run1,1340000,1779278856.923401
approach5_skyhost_run1,1341000,1779278856.925151
approach5_skyhost_run1,1342000,1779278856.926897
approach5_skyhost_run1,1343000,1779278857.012811
approach5_skyhost_run1,1344000,1779278857.014565
approach5_skyhost_run1,1345000,1779278857.101447
approach5_skyhost_run1,1346000,1779278857.103183
approach5_skyhost_run1,1347000,1779278857.104952
approach5_skyhost_run1,1348000,1779278857.106717
approach5_skyhost_run1,1349000,1779278857.113882
approach5_skyhost_run1,1350000,1779278857.209154
approach5_skyhost_run1,1351000,1779278857.210887
approach5_skyhost_run1,1352000,1779278857.212615
approach5_skyhost_run1,1353000,1779278857.214369
approach5_skyhost_run1,1354000,1779278857.221595
approach5_skyhost_run1,1355000,1779278857.266136
approach5_skyhost_run1,1356000,1779278857.267870
approach5_skyhost_run1,1357000,1779278857.269616
approach5_skyhost_run1,1358000,1779278857.271367
approach5_skyhost_run1,1359000,1779278857.280754
approach5_skyhost_run1,1360000,1779278857.413421
approach5_skyhost_run1,1361000,1779278857.415205
approach5_skyhost_run1,1362000,1779278857.416939
approach5_skyhost_run1,1363000,1779278857.418695
approach5_skyhost_run1,1364000,1779278857.425212
approach5_skyhost_run1,1365000,1779278857.476591
approach5_skyhost_run1,1366000,1779278857.478331
approach5_skyhost_run1,1367000,1779278857.480069
approach5_skyhost_run1,1368000,1779278857.481817
approach5_skyhost_run1,1369000,1779278857.491445
approach5_skyhost_run1,1370000,1779278857.560772
approach5_skyhost_run1,1371000,1779278857.562523
approach5_skyhost_run1,1372000,1779278857.564255
approach5_skyhost_run1,1373000,1779278857.566026
approach5_skyhost_run1,1374000,1779278857.580660
approach5_skyhost_run1,1375000,1779278857.582405
approach5_skyhost_run1,1376000,1779278857.584148
approach5_skyhost_run1,1377000,1779278857.585918
approach5_skyhost_run1,1378000,1779278857.665660
approach5_skyhost_run1,1379000,1779278857.667420
approach5_skyhost_run1,1380000,1779278857.919846
approach5_skyhost_run1,1381000,1779278857.921571
approach5_skyhost_run1,1382000,1779278857.923308
approach5_skyhost_run1,1383000,1779278857.925076
approach5_skyhost_run1,1384000,1779278857.928225
approach5_skyhost_run1,1385000,1779278857.929965
approach5_skyhost_run1,1386000,1779278857.931710
approach5_skyhost_run1,1387000,1779278857.933711
approach5_skyhost_run1,1388000,1779278857.935481
approach5_skyhost_run1,1389000,1779278857.945829
approach5_skyhost_run1,1390000,1779278857.947571
approach5_skyhost_run1,1391000,1779278857.949303
approach5_skyhost_run1,1392000,1779278857.951055
approach5_skyhost_run1,1393000,1779278858.032999
approach5_skyhost_run1,1394000,1779278858.034755
approach5_skyhost_run1,1395000,1779278858.087526
approach5_skyhost_run1,1396000,1779278858.089256
approach5_skyhost_run1,1397000,1779278858.090998
approach5_skyhost_run1,1398000,1779278858.092733
approach5_skyhost_run1,1399000,1779278858.103061
approach5_skyhost_run1,1400000,1779278858.200093
approach5_skyhost_run1,1401000,1779278858.201826
approach5_skyhost_run1,1402000,1779278858.203627
approach5_skyhost_run1,1403000,1779278858.205413
approach5_skyhost_run1,1404000,1779278858.235912
approach5_skyhost_run1,1405000,1779278858.290960
approach5_skyhost_run1,1406000,1779278858.292707
approach5_skyhost_run1,1407000,1779278858.294465
approach5_skyhost_run1,1408000,1779278858.296244
approach5_skyhost_run1,1409000,1779278858.305720
approach5_skyhost_run1,1410000,1779278858.395522
approach5_skyhost_run1,1411000,1779278858.397256
approach5_skyhost_run1,1412000,1779278858.399009
approach5_skyhost_run1,1413000,1779278858.400754
approach5_skyhost_run1,1414000,1779278858.408822
approach5_skyhost_run1,1415000,1779278858.442500
approach5_skyhost_run1,1416000,1779278858.444235
approach5_skyhost_run1,1417000,1779278858.445992
approach5_skyhost_run1,1418000,1779278858.447736
approach5_skyhost_run1,1419000,1779278858.463958
approach5_skyhost_run1,1420000,1779278858.465732
approach5_skyhost_run1,1421000,1779278858.467470
approach5_skyhost_run1,1422000,1779278858.469205
approach5_skyhost_run1,1423000,1779278858.554031
approach5_skyhost_run1,1424000,1779278858.555803
approach5_skyhost_run1,1425000,1779278858.602098
approach5_skyhost_run1,1426000,1779278858.603841
approach5_skyhost_run1,1427000,1779278858.605595
approach5_skyhost_run1,1428000,1779278858.607347
approach5_skyhost_run1,1429000,1779278858.614882
approach5_skyhost_run1,1430000,1779278858.703801
approach5_skyhost_run1,1431000,1779278858.705562
approach5_skyhost_run1,1432000,1779278858.707308
approach5_skyhost_run1,1433000,1779278858.709066
approach5_skyhost_run1,1434000,1779278858.717031
approach5_skyhost_run1,1435000,1779278858.807033
approach5_skyhost_run1,1436000,1779278858.808772
approach5_skyhost_run1,1437000,1779278858.810542
approach5_skyhost_run1,1438000,1779278858.812262
approach5_skyhost_run1,1439000,1779278858.820616
approach5_skyhost_run1,1440000,1779278858.910028
approach5_skyhost_run1,1441000,1779278858.911766
approach5_skyhost_run1,1442000,1779278858.913505
approach5_skyhost_run1,1443000,1779278858.915299
approach5_skyhost_run1,1444000,1779278858.923699
approach5_skyhost_run1,1445000,1779278859.010635
approach5_skyhost_run1,1446000,1779278859.012360
approach5_skyhost_run1,1447000,1779278859.014086
approach5_skyhost_run1,1448000,1779278859.015863
approach5_skyhost_run1,1449000,1779278859.027655
approach5_skyhost_run1,1450000,1779278859.115950
approach5_skyhost_run1,1451000,1779278859.117677
approach5_skyhost_run1,1452000,1779278859.119426
approach5_skyhost_run1,1453000,1779278859.121166
approach5_skyhost_run1,1454000,1779278859.130234
approach5_skyhost_run1,1455000,1779278859.218455
approach5_skyhost_run1,1456000,1779278859.220184
approach5_skyhost_run1,1457000,1779278859.221920
approach5_skyhost_run1,1458000,1779278859.223679
approach5_skyhost_run1,1459000,1779278859.231350
approach5_skyhost_run1,1460000,1779278859.261857
approach5_skyhost_run1,1461000,1779278859.263589
approach5_skyhost_run1,1462000,1779278859.265345
approach5_skyhost_run1,1463000,1779278859.267097
approach5_skyhost_run1,1464000,1779278859.281227
approach5_skyhost_run1,1465000,1779278859.282995
approach5_skyhost_run1,1466000,1779278859.284745
approach5_skyhost_run1,1467000,1779278859.286522
approach5_skyhost_run1,1468000,1779278859.367736
approach5_skyhost_run1,1469000,1779278859.369484
approach5_skyhost_run1,1470000,1779278859.459193
approach5_skyhost_run1,1471000,1779278859.460926
approach5_skyhost_run1,1472000,1779278859.462671
approach5_skyhost_run1,1473000,1779278859.464417
approach5_skyhost_run1,1474000,1779278859.472356
approach5_skyhost_run1,1475000,1779278859.537458
approach5_skyhost_run1,1476000,1779278859.539198
approach5_skyhost_run1,1477000,1779278859.540931
approach5_skyhost_run1,1478000,1779278859.542678
approach5_skyhost_run1,1479000,1779278859.565844
approach5_skyhost_run1,1480000,1779278859.627295
approach5_skyhost_run1,1481000,1779278859.629025
approach5_skyhost_run1,1482000,1779278859.630761
approach5_skyhost_run1,1483000,1779278859.632528
approach5_skyhost_run1,1484000,1779278859.642028
approach5_skyhost_run1,1485000,1779278859.731623
approach5_skyhost_run1,1486000,1779278859.733358
approach5_skyhost_run1,1487000,1779278859.735139
approach5_skyhost_run1,1488000,1779278859.736885
approach5_skyhost_run1,1489000,1779278859.743374
approach5_skyhost_run1,1490000,1779278859.833646
approach5_skyhost_run1,1491000,1779278859.835398
approach5_skyhost_run1,1492000,1779278859.837120
approach5_skyhost_run1,1493000,1779278859.838864
approach5_skyhost_run1,1494000,1779278859.846924
approach5_skyhost_run1,1495000,1779278859.933581
approach5_skyhost_run1,1496000,1779278859.935346
approach5_skyhost_run1,1497000,1779278859.937093
approach5_skyhost_run1,1498000,1779278859.938854
approach5_skyhost_run1,1499000,1779278859.950971
approach5_skyhost_run1,1500000,1779278860.078446
approach5_skyhost_run1,1501000,1779278860.080192
approach5_skyhost_run1,1502000,1779278860.081931
approach5_skyhost_run1,1503000,1779278860.083698
approach5_skyhost_run1,1504000,1779278860.092659
approach5_skyhost_run1,1505000,1779278860.180123
approach5_skyhost_run1,1506000,1779278860.181861
approach5_skyhost_run1,1507000,1779278860.183610
approach5_skyhost_run1,1508000,1779278860.185383
approach5_skyhost_run1,1509000,1779278860.193185
approach5_skyhost_run1,1510000,1779278860.244499
approach5_skyhost_run1,1511000,1779278860.246247
approach5_skyhost_run1,1512000,1779278860.247995
approach5_skyhost_run1,1513000,1779278860.249737
approach5_skyhost_run1,1514000,1779278860.257668
approach5_skyhost_run1,1515000,1779278860.348184
approach5_skyhost_run1,1516000,1779278860.349913
approach5_skyhost_run1,1517000,1779278860.351661
approach5_skyhost_run1,1518000,1779278860.353400
approach5_skyhost_run1,1519000,1779278860.360059
approach5_skyhost_run1,1520000,1779278860.430655
approach5_skyhost_run1,1521000,1779278860.432397
approach5_skyhost_run1,1522000,1779278860.555213
approach5_skyhost_run1,1523000,1779278860.556943
approach5_skyhost_run1,1524000,1779278860.558681
approach5_skyhost_run1,1525000,1779278860.560437
approach5_skyhost_run1,1526000,1779278860.567458
approach5_skyhost_run1,1527000,1779278860.964496
approach5_skyhost_run1,1528000,1779278860.966295
approach5_skyhost_run1,1529000,1779278860.968052
approach5_skyhost_run1,1530000,1779278860.969787
approach5_skyhost_run1,1531000,1779278860.975238
approach5_skyhost_run1,1532000,1779278861.063735
approach5_skyhost_run1,1533000,1779278861.065504
approach5_skyhost_run1,1534000,1779278861.067261
approach5_skyhost_run1,1535000,1779278861.069005
approach5_skyhost_run1,1536000,1779278861.078404
approach5_skyhost_run1,1537000,1779278861.207065
approach5_skyhost_run1,1538000,1779278861.208797
approach5_skyhost_run1,1539000,1779278861.210554
approach5_skyhost_run1,1540000,1779278861.212314
approach5_skyhost_run1,1541000,1779278861.221039
approach5_skyhost_run1,1542000,1779278861.271466
approach5_skyhost_run1,1543000,1779278861.273201
approach5_skyhost_run1,1544000,1779278861.275000
approach5_skyhost_run1,1545000,1779278861.276750
approach5_skyhost_run1,1546000,1779278861.284100
approach5_skyhost_run1,1547000,1779278861.373343
approach5_skyhost_run1,1548000,1779278861.375130
approach5_skyhost_run1,1549000,1779278861.376896
approach5_skyhost_run1,1550000,1779278861.378659
approach5_skyhost_run1,1551000,1779278861.386446
approach5_skyhost_run1,1552000,1779278861.474568
approach5_skyhost_run1,1553000,1779278861.476330
approach5_skyhost_run1,1554000,1779278861.478069
approach5_skyhost_run1,1555000,1779278861.479828
approach5_skyhost_run1,1556000,1779278861.489697
approach5_skyhost_run1,1557000,1779278861.578924
approach5_skyhost_run1,1558000,1779278861.580647
approach5_skyhost_run1,1559000,1779278861.582384
approach5_skyhost_run1,1560000,1779278861.584120
approach5_skyhost_run1,1561000,1779278861.592562
approach5_skyhost_run1,1562000,1779278861.670814
approach5_skyhost_run1,1563000,1779278861.672545
approach5_skyhost_run1,1564000,1779278861.674282
approach5_skyhost_run1,1565000,1779278861.676070
approach5_skyhost_run1,1566000,1779278861.690631
approach5_skyhost_run1,1567000,1779278861.692370
approach5_skyhost_run1,1568000,1779278861.694112
approach5_skyhost_run1,1569000,1779278861.695890
approach5_skyhost_run1,1570000,1779278861.778568
approach5_skyhost_run1,1571000,1779278861.780313
approach5_skyhost_run1,1572000,1779278861.821795
approach5_skyhost_run1,1573000,1779278861.823537
approach5_skyhost_run1,1574000,1779278861.825306
approach5_skyhost_run1,1575000,1779278861.827058
approach5_skyhost_run1,1576000,1779278861.836205
approach5_skyhost_run1,1577000,1779278861.927937
approach5_skyhost_run1,1578000,1779278861.929678
approach5_skyhost_run1,1579000,1779278861.931423
approach5_skyhost_run1,1580000,1779278861.933154
approach5_skyhost_run1,1581000,1779278861.942646
approach5_skyhost_run1,1582000,1779278861.989275
approach5_skyhost_run1,1583000,1779278861.991021
approach5_skyhost_run1,1584000,1779278861.992761
approach5_skyhost_run1,1585000,1779278861.994519
approach5_skyhost_run1,1586000,1779278862.044224
approach5_skyhost_run1,1587000,1779278862.091109
approach5_skyhost_run1,1588000,1779278862.092847
approach5_skyhost_run1,1589000,1779278862.094601
approach5_skyhost_run1,1590000,1779278862.096371
approach5_skyhost_run1,1591000,1779278862.100018
approach5_skyhost_run1,1592000,1779278862.136314
approach5_skyhost_run1,1593000,1779278862.138042
approach5_skyhost_run1,1594000,1779278862.139783
approach5_skyhost_run1,1595000,1779278862.141521
approach5_skyhost_run1,1596000,1779278862.155524
approach5_skyhost_run1,1597000,1779278862.157250
approach5_skyhost_run1,1598000,1779278862.158992
approach5_skyhost_run1,1599000,1779278862.160733
approach5_skyhost_run1,1600000,1779278862.242425
approach5_skyhost_run1,1601000,1779278862.244153
approach5_skyhost_run1,1602000,1779278862.297197
approach5_skyhost_run1,1603000,1779278862.298941
approach5_skyhost_run1,1604000,1779278862.300663
approach5_skyhost_run1,1605000,1779278862.302405
approach5_skyhost_run1,1606000,1779278862.310594
approach5_skyhost_run1,1607000,1779278862.397395
approach5_skyhost_run1,1608000,1779278862.399135
approach5_skyhost_run1,1609000,1779278862.400872
approach5_skyhost_run1,1610000,1779278862.402651
approach5_skyhost_run1,1611000,1779278862.412942
approach5_skyhost_run1,1612000,1779278862.500419
approach5_skyhost_run1,1613000,1779278862.502148
approach5_skyhost_run1,1614000,1779278862.503903
approach5_skyhost_run1,1615000,1779278862.505672
approach5_skyhost_run1,1616000,1779278862.516887
approach5_skyhost_run1,1617000,1779278862.546737
approach5_skyhost_run1,1618000,1779278862.548464
approach5_skyhost_run1,1619000,1779278862.550202
approach5_skyhost_run1,1620000,1779278862.551956
approach5_skyhost_run1,1621000,1779278862.566385
approach5_skyhost_run1,1622000,1779278862.568119
approach5_skyhost_run1,1623000,1779278862.569859
approach5_skyhost_run1,1624000,1779278862.571615
approach5_skyhost_run1,1625000,1779278862.652082
approach5_skyhost_run1,1626000,1779278862.653823
approach5_skyhost_run1,1627000,1779278862.708103
approach5_skyhost_run1,1628000,1779278862.709834
approach5_skyhost_run1,1629000,1779278862.711586
approach5_skyhost_run1,1630000,1779278862.713351
approach5_skyhost_run1,1631000,1779278862.720821
approach5_skyhost_run1,1632000,1779278862.811037
approach5_skyhost_run1,1633000,1779278862.812773
approach5_skyhost_run1,1634000,1779278862.814547
approach5_skyhost_run1,1635000,1779278862.816325
approach5_skyhost_run1,1636000,1779278862.825340
approach5_skyhost_run1,1637000,1779278862.855168
approach5_skyhost_run1,1638000,1779278862.856896
approach5_skyhost_run1,1639000,1779278862.858643
approach5_skyhost_run1,1640000,1779278862.860383
approach5_skyhost_run1,1641000,1779278862.874472
approach5_skyhost_run1,1642000,1779278862.876229
approach5_skyhost_run1,1643000,1779278862.877967
approach5_skyhost_run1,1644000,1779278862.879725
approach5_skyhost_run1,1645000,1779278862.961426
approach5_skyhost_run1,1646000,1779278862.963183
approach5_skyhost_run1,1647000,1779278863.018882
approach5_skyhost_run1,1648000,1779278863.020627
approach5_skyhost_run1,1649000,1779278863.022391
approach5_skyhost_run1,1650000,1779278863.024152
approach5_skyhost_run1,1651000,1779278863.030987
approach5_skyhost_run1,1652000,1779278863.118595
approach5_skyhost_run1,1653000,1779278863.120336
approach5_skyhost_run1,1654000,1779278863.122112
approach5_skyhost_run1,1655000,1779278863.123874
approach5_skyhost_run1,1656000,1779278863.133789
approach5_skyhost_run1,1657000,1779278863.220893
approach5_skyhost_run1,1658000,1779278863.222632
approach5_skyhost_run1,1659000,1779278863.224371
approach5_skyhost_run1,1660000,1779278863.226175
approach5_skyhost_run1,1661000,1779278863.235677
approach5_skyhost_run1,1662000,1779278863.266812
approach5_skyhost_run1,1663000,1779278863.268551
approach5_skyhost_run1,1664000,1779278863.270289
approach5_skyhost_run1,1665000,1779278863.272058
approach5_skyhost_run1,1666000,1779278863.328506
approach5_skyhost_run1,1667000,1779278863.330245
approach5_skyhost_run1,1668000,1779278863.332007
approach5_skyhost_run1,1669000,1779278863.333761
approach5_skyhost_run1,1670000,1779278863.370147
approach5_skyhost_run1,1671000,1779278863.371892
approach5_skyhost_run1,1672000,1779278863.373629
approach5_skyhost_run1,1673000,1779278863.375442
approach5_skyhost_run1,1674000,1779278863.388158
approach5_skyhost_run1,1675000,1779278863.389887
approach5_skyhost_run1,1676000,1779278863.391634
approach5_skyhost_run1,1677000,1779278863.417909
approach5_skyhost_run1,1678000,1779278863.419652
approach5_skyhost_run1,1679000,1779278863.421391
approach5_skyhost_run1,1680000,1779278863.475309
approach5_skyhost_run1,1681000,1779278863.477041
approach5_skyhost_run1,1682000,1779278863.532285
approach5_skyhost_run1,1683000,1779278863.534016
approach5_skyhost_run1,1684000,1779278863.535787
approach5_skyhost_run1,1685000,1779278863.537525
approach5_skyhost_run1,1686000,1779278863.544170
approach5_skyhost_run1,1687000,1779278863.634280
approach5_skyhost_run1,1688000,1779278863.636050
approach5_skyhost_run1,1689000,1779278863.637790
approach5_skyhost_run1,1690000,1779278863.639544
approach5_skyhost_run1,1691000,1779278863.647037
approach5_skyhost_run1,1692000,1779278863.733561
approach5_skyhost_run1,1693000,1779278863.735338
approach5_skyhost_run1,1694000,1779278863.737089
approach5_skyhost_run1,1695000,1779278863.738857
approach5_skyhost_run1,1696000,1779278863.789205
approach5_skyhost_run1,1697000,1779278863.875805
approach5_skyhost_run1,1698000,1779278863.877535
approach5_skyhost_run1,1699000,1779278863.879294
approach5_skyhost_run1,1700000,1779278863.881043
approach5_skyhost_run1,1701000,1779278863.891101
approach5_skyhost_run1,1702000,1779278863.977275
approach5_skyhost_run1,1703000,1779278863.979024
approach5_skyhost_run1,1704000,1779278863.980764
approach5_skyhost_run1,1705000,1779278863.982522
approach5_skyhost_run1,1706000,1779278863.990032
approach5_skyhost_run1,1707000,1779278864.053740
approach5_skyhost_run1,1708000,1779278864.055510
approach5_skyhost_run1,1709000,1779278864.057256
approach5_skyhost_run1,1710000,1779278864.059014
approach5_skyhost_run1,1711000,1779278864.073797
approach5_skyhost_run1,1712000,1779278864.147692
approach5_skyhost_run1,1713000,1779278864.149436
approach5_skyhost_run1,1714000,1779278864.151197
approach5_skyhost_run1,1715000,1779278864.152940
approach5_skyhost_run1,1716000,1779278864.161962
approach5_skyhost_run1,1717000,1779278864.248439
approach5_skyhost_run1,1718000,1779278864.250187
approach5_skyhost_run1,1719000,1779278864.251935
approach5_skyhost_run1,1720000,1779278864.253683
approach5_skyhost_run1,1721000,1779278864.260365
approach5_skyhost_run1,1722000,1779278864.350354
approach5_skyhost_run1,1723000,1779278864.352084
approach5_skyhost_run1,1724000,1779278864.353820
approach5_skyhost_run1,1725000,1779278864.355604
approach5_skyhost_run1,1726000,1779278864.364634
approach5_skyhost_run1,1727000,1779278864.452908
approach5_skyhost_run1,1728000,1779278864.454654
approach5_skyhost_run1,1729000,1779278864.456417
approach5_skyhost_run1,1730000,1779278864.458160
approach5_skyhost_run1,1731000,1779278864.466915
approach5_skyhost_run1,1732000,1779278864.499585
approach5_skyhost_run1,1733000,1779278864.501305
approach5_skyhost_run1,1734000,1779278864.503050
approach5_skyhost_run1,1735000,1779278864.504791
approach5_skyhost_run1,1736000,1779278864.519606
approach5_skyhost_run1,1737000,1779278864.521333
approach5_skyhost_run1,1738000,1779278864.523085
approach5_skyhost_run1,1739000,1779278864.524857
approach5_skyhost_run1,1740000,1779278864.605214
approach5_skyhost_run1,1741000,1779278864.606974
approach5_skyhost_run1,1742000,1779278864.657075
approach5_skyhost_run1,1743000,1779278864.658820
approach5_skyhost_run1,1744000,1779278864.660541
approach5_skyhost_run1,1745000,1779278864.662272
approach5_skyhost_run1,1746000,1779278864.673656
approach5_skyhost_run1,1747000,1779278864.759479
approach5_skyhost_run1,1748000,1779278864.761207
approach5_skyhost_run1,1749000,1779278864.762954
approach5_skyhost_run1,1750000,1779278864.764693
approach5_skyhost_run1,1751000,1779278864.774135
approach5_skyhost_run1,1752000,1779278864.864844
approach5_skyhost_run1,1753000,1779278864.866605
approach5_skyhost_run1,1754000,1779278864.868340
approach5_skyhost_run1,1755000,1779278864.870090
approach5_skyhost_run1,1756000,1779278864.877641
approach5_skyhost_run1,1757000,1779278865.006512
approach5_skyhost_run1,1758000,1779278865.008256
approach5_skyhost_run1,1759000,1779278865.010007
approach5_skyhost_run1,1760000,1779278865.011774
approach5_skyhost_run1,1761000,1779278865.019312
approach5_skyhost_run1,1762000,1779278865.066617
approach5_skyhost_run1,1763000,1779278865.068342
approach5_skyhost_run1,1764000,1779278865.070070
approach5_skyhost_run1,1765000,1779278865.071819
approach5_skyhost_run1,1766000,1779278865.082570
approach5_skyhost_run1,1767000,1779278865.180664
approach5_skyhost_run1,1768000,1779278865.182404
approach5_skyhost_run1,1769000,1779278865.184148
approach5_skyhost_run1,1770000,1779278865.185924
approach5_skyhost_run1,1771000,1779278865.211961
approach5_skyhost_run1,1772000,1779278865.271088
approach5_skyhost_run1,1773000,1779278865.272821
approach5_skyhost_run1,1774000,1779278865.274574
approach5_skyhost_run1,1775000,1779278865.276350
approach5_skyhost_run1,1776000,1779278865.285717
approach5_skyhost_run1,1777000,1779278865.385004
approach5_skyhost_run1,1778000,1779278865.386747
approach5_skyhost_run1,1779000,1779278865.388480
approach5_skyhost_run1,1780000,1779278865.390270
approach5_skyhost_run1,1781000,1779278865.417959
approach5_skyhost_run1,1782000,1779278865.476186
approach5_skyhost_run1,1783000,1779278865.477914
approach5_skyhost_run1,1784000,1779278865.479654
approach5_skyhost_run1,1785000,1779278865.481388
approach5_skyhost_run1,1786000,1779278865.491693
approach5_skyhost_run1,1787000,1779278865.615388
approach5_skyhost_run1,1788000,1779278865.617117
approach5_skyhost_run1,1789000,1779278865.618895
approach5_skyhost_run1,1790000,1779278865.620669
approach5_skyhost_run1,1791000,1779278865.623207
approach5_skyhost_run1,1792000,1779278865.624965
approach5_skyhost_run1,1793000,1779278865.626720
approach5_skyhost_run1,1794000,1779278865.628655
approach5_skyhost_run1,1795000,1779278865.630414
approach5_skyhost_run1,1796000,1779278865.643471
approach5_skyhost_run1,1797000,1779278865.645224
approach5_skyhost_run1,1798000,1779278865.646964
approach5_skyhost_run1,1799000,1779278865.648736
approach5_skyhost_run1,1800000,1779278865.733002
approach5_skyhost_run1,1801000,1779278865.734762
approach5_skyhost_run1,1802000,1779278865.931428
approach5_skyhost_run1,1803000,1779278865.933160
approach5_skyhost_run1,1804000,1779278865.934932
approach5_skyhost_run1,1805000,1779278865.936671
approach5_skyhost_run1,1806000,1779278865.950348
approach5_skyhost_run1,1807000,1779278865.952078
approach5_skyhost_run1,1808000,1779278865.953810
approach5_skyhost_run1,1809000,1779278865.955579
approach5_skyhost_run1,1810000,1779278866.038059
approach5_skyhost_run1,1811000,1779278866.039811
approach5_skyhost_run1,1812000,1779278866.071057
approach5_skyhost_run1,1813000,1779278866.485312
approach5_skyhost_run1,1814000,1779278866.487045
approach5_skyhost_run1,1815000,1779278866.488774
approach5_skyhost_run1,1816000,1779278866.490518
approach5_skyhost_run1,1817000,1779278866.499310
approach5_skyhost_run1,1818000,1779278866.662377
approach5_skyhost_run1,1819000,1779278866.664123
approach5_skyhost_run1,1820000,1779278866.665919
approach5_skyhost_run1,1821000,1779278866.667694
approach5_skyhost_run1,1822000,1779278866.689329
approach5_skyhost_run1,1823000,1779278866.691066
approach5_skyhost_run1,1824000,1779278866.692864
approach5_skyhost_run1,1825000,1779278866.694619
approach5_skyhost_run1,1826000,1779278866.778235
approach5_skyhost_run1,1827000,1779278866.779991
approach5_skyhost_run1,1828000,1779278866.799415
approach5_skyhost_run1,1829000,1779278866.801187
approach5_skyhost_run1,1830000,1779278866.802951
approach5_skyhost_run1,1831000,1779278866.804705
approach5_skyhost_run1,1832000,1779278866.814593
approach5_skyhost_run1,1833000,1779278866.902755
approach5_skyhost_run1,1834000,1779278866.904496
approach5_skyhost_run1,1835000,1779278866.906274
approach5_skyhost_run1,1836000,1779278866.908041
approach5_skyhost_run1,1837000,1779278866.924839
approach5_skyhost_run1,1838000,1779278866.926606
approach5_skyhost_run1,1839000,1779278866.928363
approach5_skyhost_run1,1840000,1779278866.930121
approach5_skyhost_run1,1841000,1779278867.005893
approach5_skyhost_run1,1842000,1779278867.007641
approach5_skyhost_run1,1843000,1779278867.009422
approach5_skyhost_run1,1844000,1779278867.011202
approach5_skyhost_run1,1845000,1779278867.014926
approach5_skyhost_run1,1846000,1779278867.016672
approach5_skyhost_run1,1847000,1779278867.020121
approach5_skyhost_run1,1848000,1779278867.102374
approach5_skyhost_run1,1849000,1779278867.104109
approach5_skyhost_run1,1850000,1779278867.105868
approach5_skyhost_run1,1851000,1779278867.107623
approach5_skyhost_run1,1852000,1779278867.115676
approach5_skyhost_run1,1853000,1779278867.218950
approach5_skyhost_run1,1854000,1779278867.220693
approach5_skyhost_run1,1855000,1779278867.222448
approach5_skyhost_run1,1856000,1779278867.224192
approach5_skyhost_run1,1857000,1779278867.299861
approach5_skyhost_run1,1858000,1779278867.362074
approach5_skyhost_run1,1859000,1779278867.363791
approach5_skyhost_run1,1860000,1779278867.365539
approach5_skyhost_run1,1861000,1779278867.367280
approach5_skyhost_run1,1862000,1779278867.377172
approach5_skyhost_run1,1863000,1779278867.409023
approach5_skyhost_run1,1864000,1779278867.410753
approach5_skyhost_run1,1865000,1779278867.412502
approach5_skyhost_run1,1866000,1779278867.414228
approach5_skyhost_run1,1867000,1779278867.471900
approach5_skyhost_run1,1868000,1779278867.512980
approach5_skyhost_run1,1869000,1779278867.514704
approach5_skyhost_run1,1870000,1779278867.516462
approach5_skyhost_run1,1871000,1779278867.518194
approach5_skyhost_run1,1872000,1779278867.527240
approach5_skyhost_run1,1873000,1779278867.613530
approach5_skyhost_run1,1874000,1779278867.615288
approach5_skyhost_run1,1875000,1779278867.617023
approach5_skyhost_run1,1876000,1779278867.618777
approach5_skyhost_run1,1877000,1779278867.628940
approach5_skyhost_run1,1878000,1779278867.662289
approach5_skyhost_run1,1879000,1779278867.664018
approach5_skyhost_run1,1880000,1779278867.665765
approach5_skyhost_run1,1881000,1779278867.667508
approach5_skyhost_run1,1882000,1779278867.685534
approach5_skyhost_run1,1883000,1779278867.687270
approach5_skyhost_run1,1884000,1779278867.688993
approach5_skyhost_run1,1885000,1779278867.690731
approach5_skyhost_run1,1886000,1779278867.773808
approach5_skyhost_run1,1887000,1779278867.775570
approach5_skyhost_run1,1888000,1779278867.822204
approach5_skyhost_run1,1889000,1779278867.823931
approach5_skyhost_run1,1890000,1779278867.825693
approach5_skyhost_run1,1891000,1779278867.827417
approach5_skyhost_run1,1892000,1779278867.830000
approach5_skyhost_run1,1893000,1779278867.923618
approach5_skyhost_run1,1894000,1779278867.925369
approach5_skyhost_run1,1895000,1779278867.927111
approach5_skyhost_run1,1896000,1779278867.928845
approach5_skyhost_run1,1897000,1779278867.936690
approach5_skyhost_run1,1898000,1779278868.025532
approach5_skyhost_run1,1899000,1779278868.027260
approach5_skyhost_run1,1900000,1779278868.028994
approach5_skyhost_run1,1901000,1779278868.030740
approach5_skyhost_run1,1902000,1779278868.039835
approach5_skyhost_run1,1903000,1779278868.129947
approach5_skyhost_run1,1904000,1779278868.131661
approach5_skyhost_run1,1905000,1779278868.133374
approach5_skyhost_run1,1906000,1779278868.135187
approach5_skyhost_run1,1907000,1779278868.143454
approach5_skyhost_run1,1908000,1779278868.234449
approach5_skyhost_run1,1909000,1779278868.236172
approach5_skyhost_run1,1910000,1779278868.237892
approach5_skyhost_run1,1911000,1779278868.239633
approach5_skyhost_run1,1912000,1779278868.246533
approach5_skyhost_run1,1913000,1779278868.333993
approach5_skyhost_run1,1914000,1779278868.335754
approach5_skyhost_run1,1915000,1779278868.337485
approach5_skyhost_run1,1916000,1779278868.339236
approach5_skyhost_run1,1917000,1779278868.347731
approach5_skyhost_run1,1918000,1779278868.476470
approach5_skyhost_run1,1919000,1779278868.478188
approach5_skyhost_run1,1920000,1779278868.479923
approach5_skyhost_run1,1921000,1779278868.481656
approach5_skyhost_run1,1922000,1779278868.490213
approach5_skyhost_run1,1923000,1779278868.551660
approach5_skyhost_run1,1924000,1779278868.553373
approach5_skyhost_run1,1925000,1779278868.555163
approach5_skyhost_run1,1926000,1779278868.556891
approach5_skyhost_run1,1927000,1779278868.568507
approach5_skyhost_run1,1928000,1779278868.641515
approach5_skyhost_run1,1929000,1779278868.643236
approach5_skyhost_run1,1930000,1779278868.644974
approach5_skyhost_run1,1931000,1779278868.646711
approach5_skyhost_run1,1932000,1779278868.652745
approach5_skyhost_run1,1933000,1779278868.748801
approach5_skyhost_run1,1934000,1779278868.750529
approach5_skyhost_run1,1935000,1779278868.752249
approach5_skyhost_run1,1936000,1779278868.753975
approach5_skyhost_run1,1937000,1779278868.762618
approach5_skyhost_run1,1938000,1779278868.792178
approach5_skyhost_run1,1939000,1779278868.793890
approach5_skyhost_run1,1940000,1779278868.795638
approach5_skyhost_run1,1941000,1779278868.797347
approach5_skyhost_run1,1942000,1779278868.861194
approach5_skyhost_run1,1943000,1779278868.862925
approach5_skyhost_run1,1944000,1779278868.864648
approach5_skyhost_run1,1945000,1779278868.866429
approach5_skyhost_run1,1946000,1779278868.952668
approach5_skyhost_run1,1947000,1779278868.954732
approach5_skyhost_run1,1948000,1779278868.956473
approach5_skyhost_run1,1949000,1779278868.958184
approach5_skyhost_run1,1950000,1779278868.959925
approach5_skyhost_run1,1951000,1779278868.961654
approach5_skyhost_run1,1952000,1779278868.965448
approach5_skyhost_run1,1953000,1779278869.052744
approach5_skyhost_run1,1954000,1779278869.054462
approach5_skyhost_run1,1955000,1779278869.056209
approach5_skyhost_run1,1956000,1779278869.057945
approach5_skyhost_run1,1957000,1779278869.068564
approach5_skyhost_run1,1958000,1779278869.158053
approach5_skyhost_run1,1959000,1779278869.159787
approach5_skyhost_run1,1960000,1779278869.161514
approach5_skyhost_run1,1961000,1779278869.163266
approach5_skyhost_run1,1962000,1779278869.173183
approach5_skyhost_run1,1963000,1779278869.261018
approach5_skyhost_run1,1964000,1779278869.262753
approach5_skyhost_run1,1965000,1779278869.264482
approach5_skyhost_run1,1966000,1779278869.266254
approach5_skyhost_run1,1967000,1779278869.274012
approach5_skyhost_run1,1968000,1779278869.363518
approach5_skyhost_run1,1969000,1779278869.365301
approach5_skyhost_run1,1970000,1779278869.367037
approach5_skyhost_run1,1971000,1779278869.368752
approach5_skyhost_run1,1972000,1779278869.415971
approach5_skyhost_run1,1973000,1779278869.466132
approach5_skyhost_run1,1974000,1779278869.467851
approach5_skyhost_run1,1975000,1779278869.469567
approach5_skyhost_run1,1976000,1779278869.471309
approach5_skyhost_run1,1977000,1779278869.480120
approach5_skyhost_run1,1978000,1779278869.569139
approach5_skyhost_run1,1979000,1779278869.570857
approach5_skyhost_run1,1980000,1779278869.572570
approach5_skyhost_run1,1981000,1779278869.574292
approach5_skyhost_run1,1982000,1779278869.583397
approach5_skyhost_run1,1983000,1779278869.672229
approach5_skyhost_run1,1984000,1779278869.673940
approach5_skyhost_run1,1985000,1779278869.675702
approach5_skyhost_run1,1986000,1779278869.677426
approach5_skyhost_run1,1987000,1779278869.685217
approach5_skyhost_run1,1988000,1779278869.816270
approach5_skyhost_run1,1989000,1779278869.817986
approach5_skyhost_run1,1990000,1779278869.819716
approach5_skyhost_run1,1991000,1779278869.821446
approach5_skyhost_run1,1992000,1779278869.828638
approach5_skyhost_run1,1993000,1779278869.878561
approach5_skyhost_run1,1994000,1779278869.880276
approach5_skyhost_run1,1995000,1779278869.881990
approach5_skyhost_run1,1996000,1779278869.883726
approach5_skyhost_run1,1997000,1779278869.890645
approach5_skyhost_run1,1998000,1779278869.980206
approach5_skyhost_run1,1999000,1779278869.981920
approach5_skyhost_run1,2000000,1779278869.983663
approach5_skyhost_run1,2001000,1779278869.985439
approach5_skyhost_run1,2002000,1779278869.994232
approach5_skyhost_run1,2003000,1779278870.081749
approach5_skyhost_run1,2004000,1779278870.083469
approach5_skyhost_run1,2005000,1779278870.085215
approach5_skyhost_run1,2006000,1779278870.086963
approach5_skyhost_run1,2007000,1779278870.096637
approach5_skyhost_run1,2008000,1779278870.188174
approach5_skyhost_run1,2009000,1779278870.189897
approach5_skyhost_run1,2010000,1779278870.191629
approach5_skyhost_run1,2011000,1779278870.193350
approach5_skyhost_run1,2012000,1779278870.200237
approach5_skyhost_run1,2013000,1779278870.287328
approach5_skyhost_run1,2014000,1779278870.289032
approach5_skyhost_run1,2015000,1779278870.290758
approach5_skyhost_run1,2016000,1779278870.292480
approach5_skyhost_run1,2017000,1779278870.303263
approach5_skyhost_run1,2018000,1779278870.374920
approach5_skyhost_run1,2019000,1779278870.376634
approach5_skyhost_run1,2020000,1779278870.378357
approach5_skyhost_run1,2021000,1779278870.380090
approach5_skyhost_run1,2022000,1779278870.395833
approach5_skyhost_run1,2023000,1779278870.397541
approach5_skyhost_run1,2024000,1779278870.399274
approach5_skyhost_run1,2025000,1779278870.400996
approach5_skyhost_run1,2026000,1779278870.486802
approach5_skyhost_run1,2027000,1779278870.488532
approach5_skyhost_run1,2028000,1779278870.533230
approach5_skyhost_run1,2029000,1779278870.534972
approach5_skyhost_run1,2030000,1779278870.536681
approach5_skyhost_run1,2031000,1779278870.538412
approach5_skyhost_run1,2032000,1779278870.546782
approach5_skyhost_run1,2033000,1779278870.594248
approach5_skyhost_run1,2034000,1779278870.595987
approach5_skyhost_run1,2035000,1779278870.597698
approach5_skyhost_run1,2036000,1779278870.599437
approach5_skyhost_run1,2037000,1779278870.607446
approach5_skyhost_run1,2038000,1779278870.698872
approach5_skyhost_run1,2039000,1779278870.700591
approach5_skyhost_run1,2040000,1779278870.702313
approach5_skyhost_run1,2041000,1779278870.704036
approach5_skyhost_run1,2042000,1779278870.711273
approach5_skyhost_run1,2043000,1779278870.799679
approach5_skyhost_run1,2044000,1779278870.801399
approach5_skyhost_run1,2045000,1779278870.803138
approach5_skyhost_run1,2046000,1779278870.804897
approach5_skyhost_run1,2047000,1779278870.812378
approach5_skyhost_run1,2048000,1779278870.902480
approach5_skyhost_run1,2049000,1779278870.904193
approach5_skyhost_run1,2050000,1779278870.905931
approach5_skyhost_run1,2051000,1779278870.907694
approach5_skyhost_run1,2052000,1779278870.916085
approach5_skyhost_run1,2053000,1779278871.015201
approach5_skyhost_run1,2054000,1779278871.016917
approach5_skyhost_run1,2055000,1779278871.018648
approach5_skyhost_run1,2056000,1779278871.020368
approach5_skyhost_run1,2057000,1779278871.035809
approach5_skyhost_run1,2058000,1779278871.107529
approach5_skyhost_run1,2059000,1779278871.109246
approach5_skyhost_run1,2060000,1779278871.110979
approach5_skyhost_run1,2061000,1779278871.112709
approach5_skyhost_run1,2062000,1779278871.125144
approach5_skyhost_run1,2063000,1779278871.209847
approach5_skyhost_run1,2064000,1779278871.211568
approach5_skyhost_run1,2065000,1779278871.213291
approach5_skyhost_run1,2066000,1779278871.215060
approach5_skyhost_run1,2067000,1779278871.223237
approach5_skyhost_run1,2068000,1779278871.313080
approach5_skyhost_run1,2069000,1779278871.314826
approach5_skyhost_run1,2070000,1779278871.316562
approach5_skyhost_run1,2071000,1779278871.318310
approach5_skyhost_run1,2072000,1779278871.329897
approach5_skyhost_run1,2073000,1779278871.462391
approach5_skyhost_run1,2074000,1779278871.464104
approach5_skyhost_run1,2075000,1779278871.465855
approach5_skyhost_run1,2076000,1779278871.467603
approach5_skyhost_run1,2077000,1779278871.475095
approach5_skyhost_run1,2078000,1779278871.518855
approach5_skyhost_run1,2079000,1779278871.520569
approach5_skyhost_run1,2080000,1779278871.522289
approach5_skyhost_run1,2081000,1779278871.524035
approach5_skyhost_run1,2082000,1779278871.537935
approach5_skyhost_run1,2083000,1779278871.665776
approach5_skyhost_run1,2084000,1779278871.667499
approach5_skyhost_run1,2085000,1779278871.669220
approach5_skyhost_run1,2086000,1779278871.670959
approach5_skyhost_run1,2087000,1779278871.684537
approach5_skyhost_run1,2088000,1779278871.720714
approach5_skyhost_run1,2089000,1779278871.722445
approach5_skyhost_run1,2090000,1779278871.724175
approach5_skyhost_run1,2091000,1779278871.725929
approach5_skyhost_run1,2092000,1779278871.734453
approach5_skyhost_run1,2093000,1779278871.823526
approach5_skyhost_run1,2094000,1779278871.825267
approach5_skyhost_run1,2095000,1779278871.827062
approach5_skyhost_run1,2096000,1779278871.828797
approach5_skyhost_run1,2097000,1779278871.839384
approach5_skyhost_run1,2098000,1779278871.971214
approach5_skyhost_run1,2099000,1779278871.972915
approach5_skyhost_run1,2100000,1779278871.974636
approach5_skyhost_run1,2101000,1779278871.976389
approach5_skyhost_run1,2102000,1779278871.984178
approach5_skyhost_run1,2103000,1779278872.010995
approach5_skyhost_run1,2104000,1779278872.012717
approach5_skyhost_run1,2105000,1779278872.131953
approach5_skyhost_run1,2106000,1779278872.133669
approach5_skyhost_run1,2107000,1779278872.135436
approach5_skyhost_run1,2108000,1779278872.137169
approach5_skyhost_run1,2109000,1779278872.148546
approach5_skyhost_run1,2110000,1779278872.181004
approach5_skyhost_run1,2111000,1779278872.182731
approach5_skyhost_run1,2112000,1779278872.184456
approach5_skyhost_run1,2113000,1779278872.186208
approach5_skyhost_run1,2114000,1779278872.203173
approach5_skyhost_run1,2115000,1779278872.204910
approach5_skyhost_run1,2116000,1779278872.206646
approach5_skyhost_run1,2117000,1779278872.284397
approach5_skyhost_run1,2118000,1779278872.286143
approach5_skyhost_run1,2119000,1779278872.287879
approach5_skyhost_run1,2120000,1779278872.339983
approach5_skyhost_run1,2121000,1779278872.341704
approach5_skyhost_run1,2122000,1779278872.343447
approach5_skyhost_run1,2123000,1779278872.345212
approach5_skyhost_run1,2124000,1779278872.353270
approach5_skyhost_run1,2125000,1779278872.432895
approach5_skyhost_run1,2126000,1779278872.434628
approach5_skyhost_run1,2127000,1779278872.436383
approach5_skyhost_run1,2128000,1779278872.438119
approach5_skyhost_run1,2129000,1779278872.452174
approach5_skyhost_run1,2130000,1779278872.453898
approach5_skyhost_run1,2131000,1779278872.455665
approach5_skyhost_run1,2132000,1779278872.536432
approach5_skyhost_run1,2133000,1779278872.538163
approach5_skyhost_run1,2134000,1779278872.539916
approach5_skyhost_run1,2135000,1779278872.585872
approach5_skyhost_run1,2136000,1779278872.587608
approach5_skyhost_run1,2137000,1779278872.589335
approach5_skyhost_run1,2138000,1779278872.591078
approach5_skyhost_run1,2139000,1779278872.597788
approach5_skyhost_run1,2140000,1779278872.647569
approach5_skyhost_run1,2141000,1779278872.649288
approach5_skyhost_run1,2142000,1779278872.651025
approach5_skyhost_run1,2143000,1779278872.652757
approach5_skyhost_run1,2144000,1779278872.662354
approach5_skyhost_run1,2145000,1779278872.749075
approach5_skyhost_run1,2146000,1779278872.750806
approach5_skyhost_run1,2147000,1779278872.752540
approach5_skyhost_run1,2148000,1779278872.754276
approach5_skyhost_run1,2149000,1779278872.763632
approach5_skyhost_run1,2150000,1779278872.865161
approach5_skyhost_run1,2151000,1779278872.866907
approach5_skyhost_run1,2152000,1779278872.868649
approach5_skyhost_run1,2153000,1779278872.870409
approach5_skyhost_run1,2154000,1779278872.889184
approach5_skyhost_run1,2155000,1779278872.954696
approach5_skyhost_run1,2156000,1779278872.956441
approach5_skyhost_run1,2157000,1779278872.958167
approach5_skyhost_run1,2158000,1779278872.959957
approach5_skyhost_run1,2159000,1779278872.969358
approach5_skyhost_run1,2160000,1779278873.060241
approach5_skyhost_run1,2161000,1779278873.061955
approach5_skyhost_run1,2162000,1779278873.063697
approach5_skyhost_run1,2163000,1779278873.065459
approach5_skyhost_run1,2164000,1779278873.074516
approach5_skyhost_run1,2165000,1779278873.102580
approach5_skyhost_run1,2166000,1779278873.104306
approach5_skyhost_run1,2167000,1779278873.106066
approach5_skyhost_run1,2168000,1779278873.107820
approach5_skyhost_run1,2169000,1779278873.121924
approach5_skyhost_run1,2170000,1779278873.123659
approach5_skyhost_run1,2171000,1779278873.125416
approach5_skyhost_run1,2172000,1779278873.208780
approach5_skyhost_run1,2173000,1779278873.210518
approach5_skyhost_run1,2174000,1779278873.212246
approach5_skyhost_run1,2175000,1779278873.262255
approach5_skyhost_run1,2176000,1779278873.263982
approach5_skyhost_run1,2177000,1779278873.265762
approach5_skyhost_run1,2178000,1779278873.267514
approach5_skyhost_run1,2179000,1779278873.272206
approach5_skyhost_run1,2180000,1779278873.359475
approach5_skyhost_run1,2181000,1779278873.361202
approach5_skyhost_run1,2182000,1779278873.362943
approach5_skyhost_run1,2183000,1779278873.364671
approach5_skyhost_run1,2184000,1779278873.395036
approach5_skyhost_run1,2185000,1779278873.396758
approach5_skyhost_run1,2186000,1779278873.398497
approach5_skyhost_run1,2187000,1779278873.479535
approach5_skyhost_run1,2188000,1779278873.481575
approach5_skyhost_run1,2189000,1779278873.483392
approach5_skyhost_run1,2190000,1779278873.485165
approach5_skyhost_run1,2191000,1779278873.486909
approach5_skyhost_run1,2192000,1779278873.488636
approach5_skyhost_run1,2193000,1779278873.490375
approach5_skyhost_run1,2194000,1779278873.508423
approach5_skyhost_run1,2195000,1779278873.571393
approach5_skyhost_run1,2196000,1779278873.573121
approach5_skyhost_run1,2197000,1779278873.574887
approach5_skyhost_run1,2198000,1779278873.576628
approach5_skyhost_run1,2199000,1779278873.585125
approach5_skyhost_run1,2200000,1779278873.672424
approach5_skyhost_run1,2201000,1779278873.674144
approach5_skyhost_run1,2202000,1779278873.675912
approach5_skyhost_run1,2203000,1779278873.677643
approach5_skyhost_run1,2204000,1779278873.687096
approach5_skyhost_run1,2205000,1779278873.777007
approach5_skyhost_run1,2206000,1779278873.778747
approach5_skyhost_run1,2207000,1779278873.780478
approach5_skyhost_run1,2208000,1779278873.782220
approach5_skyhost_run1,2209000,1779278873.789953
approach5_skyhost_run1,2210000,1779278873.882036
approach5_skyhost_run1,2211000,1779278873.883784
approach5_skyhost_run1,2212000,1779278873.885553
approach5_skyhost_run1,2213000,1779278873.887302
approach5_skyhost_run1,2214000,1779278873.942427
approach5_skyhost_run1,2215000,1779278873.985662
approach5_skyhost_run1,2216000,1779278873.987396
approach5_skyhost_run1,2217000,1779278873.989127
approach5_skyhost_run1,2218000,1779278873.990871
approach5_skyhost_run1,2219000,1779278874.039509
approach5_skyhost_run1,2220000,1779278874.086931
approach5_skyhost_run1,2221000,1779278874.088693
approach5_skyhost_run1,2222000,1779278874.090451
approach5_skyhost_run1,2223000,1779278874.092186
approach5_skyhost_run1,2224000,1779278874.100973
approach5_skyhost_run1,2225000,1779278874.190012
approach5_skyhost_run1,2226000,1779278874.191745
approach5_skyhost_run1,2227000,1779278874.193475
approach5_skyhost_run1,2228000,1779278874.195250
approach5_skyhost_run1,2229000,1779278874.202434
approach5_skyhost_run1,2230000,1779278874.290530
approach5_skyhost_run1,2231000,1779278874.292249
approach5_skyhost_run1,2232000,1779278874.293979
approach5_skyhost_run1,2233000,1779278874.295749
approach5_skyhost_run1,2234000,1779278874.306352
approach5_skyhost_run1,2235000,1779278874.392617
approach5_skyhost_run1,2236000,1779278874.394341
approach5_skyhost_run1,2237000,1779278874.396123
approach5_skyhost_run1,2238000,1779278874.397859
approach5_skyhost_run1,2239000,1779278874.406044
approach5_skyhost_run1,2240000,1779278874.507002
approach5_skyhost_run1,2241000,1779278874.508714
approach5_skyhost_run1,2242000,1779278874.510437
approach5_skyhost_run1,2243000,1779278874.512167
approach5_skyhost_run1,2244000,1779278874.541502
approach5_skyhost_run1,2245000,1779278874.543226
approach5_skyhost_run1,2246000,1779278874.544962
approach5_skyhost_run1,2247000,1779278874.546692
approach5_skyhost_run1,2248000,1779278874.548420
approach5_skyhost_run1,2249000,1779278874.563445
approach5_skyhost_run1,2250000,1779278874.565186
approach5_skyhost_run1,2251000,1779278874.566921
approach5_skyhost_run1,2252000,1779278874.652839
approach5_skyhost_run1,2253000,1779278874.654562
approach5_skyhost_run1,2254000,1779278874.656322
approach5_skyhost_run1,2255000,1779278874.697340
approach5_skyhost_run1,2256000,1779278874.699063
approach5_skyhost_run1,2257000,1779278874.700775
approach5_skyhost_run1,2258000,1779278874.702508
approach5_skyhost_run1,2259000,1779278874.713373
approach5_skyhost_run1,2260000,1779278874.803543
approach5_skyhost_run1,2261000,1779278874.805290
approach5_skyhost_run1,2262000,1779278874.807029
approach5_skyhost_run1,2263000,1779278874.808755
approach5_skyhost_run1,2264000,1779278874.814945
approach5_skyhost_run1,2265000,1779278874.852190
approach5_skyhost_run1,2266000,1779278874.853913
approach5_skyhost_run1,2267000,1779278874.855686
approach5_skyhost_run1,2268000,1779278874.857422
approach5_skyhost_run1,2269000,1779278874.871629
approach5_skyhost_run1,2270000,1779278874.873353
approach5_skyhost_run1,2271000,1779278874.875120
approach5_skyhost_run1,2272000,1779278874.961545
approach5_skyhost_run1,2273000,1779278874.963276
approach5_skyhost_run1,2274000,1779278874.965049
approach5_skyhost_run1,2275000,1779278875.021745
approach5_skyhost_run1,2276000,1779278875.023486
approach5_skyhost_run1,2277000,1779278875.025249
approach5_skyhost_run1,2278000,1779278875.026997
approach5_skyhost_run1,2279000,1779278875.040073
approach5_skyhost_run1,2280000,1779278875.114628
approach5_skyhost_run1,2281000,1779278875.116369
approach5_skyhost_run1,2282000,1779278875.118082
approach5_skyhost_run1,2283000,1779278875.119826
approach5_skyhost_run1,2284000,1779278875.136523
approach5_skyhost_run1,2285000,1779278875.138262
approach5_skyhost_run1,2286000,1779278875.139994
approach5_skyhost_run1,2287000,1779278875.214011
approach5_skyhost_run1,2288000,1779278875.215762
approach5_skyhost_run1,2289000,1779278875.217478
approach5_skyhost_run1,2290000,1779278875.219214
approach5_skyhost_run1,2291000,1779278875.225134
approach5_skyhost_run1,2292000,1779278875.226883
approach5_skyhost_run1,2293000,1779278875.228771
approach5_skyhost_run1,2294000,1779278875.230516
approach5_skyhost_run1,2295000,1779278875.520681
approach5_skyhost_run1,2296000,1779278875.522409
approach5_skyhost_run1,2297000,1779278875.524135
approach5_skyhost_run1,2298000,1779278875.525887
approach5_skyhost_run1,2299000,1779278875.535020
approach5_skyhost_run1,2300000,1779278875.623232
approach5_skyhost_run1,2301000,1779278875.624979
approach5_skyhost_run1,2302000,1779278875.626718
approach5_skyhost_run1,2303000,1779278875.628480
approach5_skyhost_run1,2304000,1779278875.638748
approach5_skyhost_run1,2305000,1779278875.713117
approach5_skyhost_run1,2306000,1779278875.714870
approach5_skyhost_run1,2307000,1779278875.716600
approach5_skyhost_run1,2308000,1779278875.718341
approach5_skyhost_run1,2309000,1779278875.732906
approach5_skyhost_run1,2310000,1779278875.734638
approach5_skyhost_run1,2311000,1779278875.736397
approach5_skyhost_run1,2312000,1779278875.818287
approach5_skyhost_run1,2313000,1779278875.820003
approach5_skyhost_run1,2314000,1779278875.821707
approach5_skyhost_run1,2315000,1779278875.829835
approach5_skyhost_run1,2316000,1779278875.831563
approach5_skyhost_run1,2317000,1779278875.833277
approach5_skyhost_run1,2318000,1779278875.835027
approach5_skyhost_run1,2319000,1779278875.844198
approach5_skyhost_run1,2320000,1779278875.930854
approach5_skyhost_run1,2321000,1779278875.932573
approach5_skyhost_run1,2322000,1779278875.934309
approach5_skyhost_run1,2323000,1779278875.936082
approach5_skyhost_run1,2324000,1779278875.945747
approach5_skyhost_run1,2325000,1779278876.047073
approach5_skyhost_run1,2326000,1779278876.048794
approach5_skyhost_run1,2327000,1779278876.050532
approach5_skyhost_run1,2328000,1779278876.052265
approach5_skyhost_run1,2329000,1779278876.079751
approach5_skyhost_run1,2330000,1779278876.178942
approach5_skyhost_run1,2331000,1779278876.180666
approach5_skyhost_run1,2332000,1779278876.182407
approach5_skyhost_run1,2333000,1779278876.184138
approach5_skyhost_run1,2334000,1779278876.193873
approach5_skyhost_run1,2335000,1779278876.238903
approach5_skyhost_run1,2336000,1779278876.240625
approach5_skyhost_run1,2337000,1779278876.242363
approach5_skyhost_run1,2338000,1779278876.244089
approach5_skyhost_run1,2339000,1779278876.289277
approach5_skyhost_run1,2340000,1779278876.291006
approach5_skyhost_run1,2341000,1779278876.292738
approach5_skyhost_run1,2342000,1779278876.294759
approach5_skyhost_run1,2343000,1779278876.296513
approach5_skyhost_run1,2344000,1779278876.308622
approach5_skyhost_run1,2345000,1779278876.310344
approach5_skyhost_run1,2346000,1779278876.312066
approach5_skyhost_run1,2347000,1779278876.392726
approach5_skyhost_run1,2348000,1779278876.394478
approach5_skyhost_run1,2349000,1779278876.396232
approach5_skyhost_run1,2350000,1779278876.446560
approach5_skyhost_run1,2351000,1779278876.448264
approach5_skyhost_run1,2352000,1779278876.449984
approach5_skyhost_run1,2353000,1779278876.451717
approach5_skyhost_run1,2354000,1779278876.461619
approach5_skyhost_run1,2355000,1779278876.562586
approach5_skyhost_run1,2356000,1779278876.564304
approach5_skyhost_run1,2357000,1779278876.566069
approach5_skyhost_run1,2358000,1779278876.567814
approach5_skyhost_run1,2359000,1779278876.596721
approach5_skyhost_run1,2360000,1779278876.650412
approach5_skyhost_run1,2361000,1779278876.652130
approach5_skyhost_run1,2362000,1779278876.653850
approach5_skyhost_run1,2363000,1779278876.655616
approach5_skyhost_run1,2364000,1779278876.668187
approach5_skyhost_run1,2365000,1779278876.698224
approach5_skyhost_run1,2366000,1779278876.699967
approach5_skyhost_run1,2367000,1779278876.701696
approach5_skyhost_run1,2368000,1779278876.703444
approach5_skyhost_run1,2369000,1779278876.720288
approach5_skyhost_run1,2370000,1779278876.722006
approach5_skyhost_run1,2371000,1779278876.723747
approach5_skyhost_run1,2372000,1779278876.808549
approach5_skyhost_run1,2373000,1779278876.810267
approach5_skyhost_run1,2374000,1779278876.812009
approach5_skyhost_run1,2375000,1779278876.856925
approach5_skyhost_run1,2376000,1779278876.858655
approach5_skyhost_run1,2377000,1779278876.860373
approach5_skyhost_run1,2378000,1779278876.862099
approach5_skyhost_run1,2379000,1779278876.871410
approach5_skyhost_run1,2380000,1779278876.959864
approach5_skyhost_run1,2381000,1779278876.961575
approach5_skyhost_run1,2382000,1779278876.963303
approach5_skyhost_run1,2383000,1779278876.965071
approach5_skyhost_run1,2384000,1779278876.974746
approach5_skyhost_run1,2385000,1779278877.005236
approach5_skyhost_run1,2386000,1779278877.006977
approach5_skyhost_run1,2387000,1779278877.008710
approach5_skyhost_run1,2388000,1779278877.010459
approach5_skyhost_run1,2389000,1779278877.024649
approach5_skyhost_run1,2390000,1779278877.026386
approach5_skyhost_run1,2391000,1779278877.028104
approach5_skyhost_run1,2392000,1779278877.109645
approach5_skyhost_run1,2393000,1779278877.111368
approach5_skyhost_run1,2394000,1779278877.113089
approach5_skyhost_run1,2395000,1779278877.145137
approach5_skyhost_run1,2396000,1779278877.596608
approach5_skyhost_run1,2397000,1779278877.598327
approach5_skyhost_run1,2398000,1779278877.600040
approach5_skyhost_run1,2399000,1779278877.601761
approach5_skyhost_run1,2400000,1779278877.612147
approach5_skyhost_run1,2401000,1779278877.698901
approach5_skyhost_run1,2402000,1779278877.700619
approach5_skyhost_run1,2403000,1779278877.702344
approach5_skyhost_run1,2404000,1779278877.704077
approach5_skyhost_run1,2405000,1779278877.708693
approach5_skyhost_run1,2406000,1779278877.844488
approach5_skyhost_run1,2407000,1779278877.846223
approach5_skyhost_run1,2408000,1779278877.847950
approach5_skyhost_run1,2409000,1779278877.849668
approach5_skyhost_run1,2410000,1779278877.857095
approach5_skyhost_run1,2411000,1779278877.962219
approach5_skyhost_run1,2412000,1779278877.963942
approach5_skyhost_run1,2413000,1779278877.965683
approach5_skyhost_run1,2414000,1779278877.967423
approach5_skyhost_run1,2415000,1779278877.988092
approach5_skyhost_run1,2416000,1779278878.005937
approach5_skyhost_run1,2417000,1779278878.007654
approach5_skyhost_run1,2418000,1779278878.009373
approach5_skyhost_run1,2419000,1779278878.011113
approach5_skyhost_run1,2420000,1779278878.019565
approach5_skyhost_run1,2421000,1779278878.210725
approach5_skyhost_run1,2422000,1779278878.212438
approach5_skyhost_run1,2423000,1779278878.214158
approach5_skyhost_run1,2424000,1779278878.215928
approach5_skyhost_run1,2425000,1779278878.225106
approach5_skyhost_run1,2426000,1779278878.314570
approach5_skyhost_run1,2427000,1779278878.316303
approach5_skyhost_run1,2428000,1779278878.318012
approach5_skyhost_run1,2429000,1779278878.319771
approach5_skyhost_run1,2430000,1779278878.326850
approach5_skyhost_run1,2431000,1779278878.359430
approach5_skyhost_run1,2432000,1779278878.361142
approach5_skyhost_run1,2433000,1779278878.362869
approach5_skyhost_run1,2434000,1779278878.364594
approach5_skyhost_run1,2435000,1779278878.381174
approach5_skyhost_run1,2436000,1779278878.382897
approach5_skyhost_run1,2437000,1779278878.384620
approach5_skyhost_run1,2438000,1779278878.386381
approach5_skyhost_run1,2439000,1779278878.470965
approach5_skyhost_run1,2440000,1779278878.472687
approach5_skyhost_run1,2441000,1779278878.566324
approach5_skyhost_run1,2442000,1779278878.568042
approach5_skyhost_run1,2443000,1779278878.569752
approach5_skyhost_run1,2444000,1779278878.571488
approach5_skyhost_run1,2445000,1779278878.579978
approach5_skyhost_run1,2446000,1779278878.664383
approach5_skyhost_run1,2447000,1779278878.666125
approach5_skyhost_run1,2448000,1779278878.667864
approach5_skyhost_run1,2449000,1779278878.669595
approach5_skyhost_run1,2450000,1779278878.678663
approach5_skyhost_run1,2451000,1779278878.737957
approach5_skyhost_run1,2452000,1779278878.739675
approach5_skyhost_run1,2453000,1779278878.741389
approach5_skyhost_run1,2454000,1779278878.743124
approach5_skyhost_run1,2455000,1779278878.771650
approach5_skyhost_run1,2456000,1779278878.840292
approach5_skyhost_run1,2457000,1779278878.842011
approach5_skyhost_run1,2458000,1779278878.843746
approach5_skyhost_run1,2459000,1779278878.845505
approach5_skyhost_run1,2460000,1779278878.874488
approach5_skyhost_run1,2461000,1779278878.930068
approach5_skyhost_run1,2462000,1779278878.931793
approach5_skyhost_run1,2463000,1779278878.933518
approach5_skyhost_run1,2464000,1779278878.935281
approach5_skyhost_run1,2465000,1779278878.946135
approach5_skyhost_run1,2466000,1779278879.034071
approach5_skyhost_run1,2467000,1779278879.035824
approach5_skyhost_run1,2468000,1779278879.037548
approach5_skyhost_run1,2469000,1779278879.039290
approach5_skyhost_run1,2470000,1779278879.048516
approach5_skyhost_run1,2471000,1779278879.141960
approach5_skyhost_run1,2472000,1779278879.143682
approach5_skyhost_run1,2473000,1779278879.145470
approach5_skyhost_run1,2474000,1779278879.147226
approach5_skyhost_run1,2475000,1779278879.149852
approach5_skyhost_run1,2476000,1779278879.238528
approach5_skyhost_run1,2477000,1779278879.240243
approach5_skyhost_run1,2478000,1779278879.241968
approach5_skyhost_run1,2479000,1779278879.243714
approach5_skyhost_run1,2480000,1779278879.254561
approach5_skyhost_run1,2481000,1779278879.340156
approach5_skyhost_run1,2482000,1779278879.341869
approach5_skyhost_run1,2483000,1779278879.343595
approach5_skyhost_run1,2484000,1779278879.345351
approach5_skyhost_run1,2485000,1779278879.355517
approach5_skyhost_run1,2486000,1779278879.396743
approach5_skyhost_run1,2487000,1779278879.398468
approach5_skyhost_run1,2488000,1779278879.400185
approach5_skyhost_run1,2489000,1779278879.401911
approach5_skyhost_run1,2490000,1779278879.419283
approach5_skyhost_run1,2491000,1779278879.420995
approach5_skyhost_run1,2492000,1779278879.422756
approach5_skyhost_run1,2493000,1779278879.424486
approach5_skyhost_run1,2494000,1779278879.508503
approach5_skyhost_run1,2495000,1779278879.510220
approach5_skyhost_run1,2496000,1779278879.546539
approach5_skyhost_run1,2497000,1779278879.548252
approach5_skyhost_run1,2498000,1779278879.549963
approach5_skyhost_run1,2499000,1779278879.551697
approach5_skyhost_run1,2500000,1779278879.559797
approach5_skyhost_run1,2501000,1779278879.832342
approach5_skyhost_run1,2502000,1779278879.834058
approach5_skyhost_run1,2503000,1779278879.835815
approach5_skyhost_run1,2504000,1779278879.837536
approach5_skyhost_run1,2505000,1779278879.856599
approach5_skyhost_run1,2506000,1779278879.858321
approach5_skyhost_run1,2507000,1779278879.860032
approach5_skyhost_run1,2508000,1779278879.861743
approach5_skyhost_run1,2509000,1779278879.947363
approach5_skyhost_run1,2510000,1779278879.949093
approach5_skyhost_run1,2511000,1779278879.956218
approach5_skyhost_run1,2512000,1779278879.957937
approach5_skyhost_run1,2513000,1779278879.959677
approach5_skyhost_run1,2514000,1779278879.961414
approach5_skyhost_run1,2515000,1779278879.971687
approach5_skyhost_run1,2516000,1779278880.058144
approach5_skyhost_run1,2517000,1779278880.059894
approach5_skyhost_run1,2518000,1779278880.061618
approach5_skyhost_run1,2519000,1779278880.063349
approach5_skyhost_run1,2520000,1779278880.074094
approach5_skyhost_run1,2521000,1779278880.160582
approach5_skyhost_run1,2522000,1779278880.162290
approach5_skyhost_run1,2523000,1779278880.164021
approach5_skyhost_run1,2524000,1779278880.165778
approach5_skyhost_run1,2525000,1779278880.173891
approach5_skyhost_run1,2526000,1779278880.262804
approach5_skyhost_run1,2527000,1779278880.264524
approach5_skyhost_run1,2528000,1779278880.266283
approach5_skyhost_run1,2529000,1779278880.268036
approach5_skyhost_run1,2530000,1779278880.277189
approach5_skyhost_run1,2531000,1779278880.369317
approach5_skyhost_run1,2532000,1779278880.371030
approach5_skyhost_run1,2533000,1779278880.372741
approach5_skyhost_run1,2534000,1779278880.374470
approach5_skyhost_run1,2535000,1779278880.432673
approach5_skyhost_run1,2536000,1779278880.467679
approach5_skyhost_run1,2537000,1779278880.469407
approach5_skyhost_run1,2538000,1779278880.471142
approach5_skyhost_run1,2539000,1779278880.472869
approach5_skyhost_run1,2540000,1779278880.484132
approach5_skyhost_run1,2541000,1779278880.583416
approach5_skyhost_run1,2542000,1779278880.585151
approach5_skyhost_run1,2543000,1779278880.586876
approach5_skyhost_run1,2544000,1779278880.588593
approach5_skyhost_run1,2545000,1779278880.642040
approach5_skyhost_run1,2546000,1779278880.712310
approach5_skyhost_run1,2547000,1779278880.714020
approach5_skyhost_run1,2548000,1779278880.715773
approach5_skyhost_run1,2549000,1779278880.717499
approach5_skyhost_run1,2550000,1779278880.725600
approach5_skyhost_run1,2551000,1779278880.774382
approach5_skyhost_run1,2552000,1779278880.776110
approach5_skyhost_run1,2553000,1779278880.777817
approach5_skyhost_run1,2554000,1779278880.779544
approach5_skyhost_run1,2555000,1779278880.788064
approach5_skyhost_run1,2556000,1779278880.888988
approach5_skyhost_run1,2557000,1779278880.890718
approach5_skyhost_run1,2558000,1779278880.892446
approach5_skyhost_run1,2559000,1779278880.894180
approach5_skyhost_run1,2560000,1779278880.920125
approach5_skyhost_run1,2561000,1779278880.926921
approach5_skyhost_run1,2562000,1779278880.928641
approach5_skyhost_run1,2563000,1779278880.930374
approach5_skyhost_run1,2564000,1779278880.932100
approach5_skyhost_run1,2565000,1779278880.956140
approach5_skyhost_run1,2566000,1779278880.957844
approach5_skyhost_run1,2567000,1779278880.959573
approach5_skyhost_run1,2568000,1779278880.961298
approach5_skyhost_run1,2569000,1779278881.033399
approach5_skyhost_run1,2570000,1779278881.035163
approach5_skyhost_run1,2571000,1779278881.072962
approach5_skyhost_run1,2572000,1779278881.074684
approach5_skyhost_run1,2573000,1779278881.076429
approach5_skyhost_run1,2574000,1779278881.078155
approach5_skyhost_run1,2575000,1779278881.092754
approach5_skyhost_run1,2576000,1779278881.094492
approach5_skyhost_run1,2577000,1779278881.096241
approach5_skyhost_run1,2578000,1779278881.097967
approach5_skyhost_run1,2579000,1779278881.169580
approach5_skyhost_run1,2580000,1779278881.171312
approach5_skyhost_run1,2581000,1779278881.173034
approach5_skyhost_run1,2582000,1779278881.174779
approach5_skyhost_run1,2583000,1779278881.184109
approach5_skyhost_run1,2584000,1779278881.185859
approach5_skyhost_run1,2585000,1779278881.190058
approach5_skyhost_run1,2586000,1779278881.191785
approach5_skyhost_run1,2587000,1779278881.193510
approach5_skyhost_run1,2588000,1779278881.195275
approach5_skyhost_run1,2589000,1779278881.281196
approach5_skyhost_run1,2590000,1779278881.282939
approach5_skyhost_run1,2591000,1779278881.288167
approach5_skyhost_run1,2592000,1779278881.289888
approach5_skyhost_run1,2593000,1779278881.291626
approach5_skyhost_run1,2594000,1779278881.293368
approach5_skyhost_run1,2595000,1779278881.304573
approach5_skyhost_run1,2596000,1779278881.391938
approach5_skyhost_run1,2597000,1779278881.393655
approach5_skyhost_run1,2598000,1779278881.395420
approach5_skyhost_run1,2599000,1779278881.397189
approach5_skyhost_run1,2600000,1779278881.406185
approach5_skyhost_run1,2601000,1779278881.496010
approach5_skyhost_run1,2602000,1779278881.497735
approach5_skyhost_run1,2603000,1779278881.499477
approach5_skyhost_run1,2604000,1779278881.501211
approach5_skyhost_run1,2605000,1779278881.511898
approach5_skyhost_run1,2606000,1779278881.606637
approach5_skyhost_run1,2607000,1779278881.608353
approach5_skyhost_run1,2608000,1779278881.610081
approach5_skyhost_run1,2609000,1779278881.611821
approach5_skyhost_run1,2610000,1779278881.629811
approach5_skyhost_run1,2611000,1779278881.698275
approach5_skyhost_run1,2612000,1779278881.699991
approach5_skyhost_run1,2613000,1779278881.701708
approach5_skyhost_run1,2614000,1779278881.703437
approach5_skyhost_run1,2615000,1779278881.713306
approach5_skyhost_run1,2616000,1779278881.812910
approach5_skyhost_run1,2617000,1779278881.814626
approach5_skyhost_run1,2618000,1779278881.816398
approach5_skyhost_run1,2619000,1779278881.818134
approach5_skyhost_run1,2620000,1779278881.827507
approach5_skyhost_run1,2621000,1779278881.905735
approach5_skyhost_run1,2622000,1779278881.907453
approach5_skyhost_run1,2623000,1779278881.909168
approach5_skyhost_run1,2624000,1779278881.910908
approach5_skyhost_run1,2625000,1779278881.918596
approach5_skyhost_run1,2626000,1779278882.051747
approach5_skyhost_run1,2627000,1779278882.053457
approach5_skyhost_run1,2628000,1779278882.055213
approach5_skyhost_run1,2629000,1779278882.056943
approach5_skyhost_run1,2630000,1779278882.064260
approach5_skyhost_run1,2631000,1779278882.109351
approach5_skyhost_run1,2632000,1779278882.111065
approach5_skyhost_run1,2633000,1779278882.112782
approach5_skyhost_run1,2634000,1779278882.114521
approach5_skyhost_run1,2635000,1779278882.124435
approach5_skyhost_run1,2636000,1779278882.211770
approach5_skyhost_run1,2637000,1779278882.213485
approach5_skyhost_run1,2638000,1779278882.215255
approach5_skyhost_run1,2639000,1779278882.216990
approach5_skyhost_run1,2640000,1779278882.225908
approach5_skyhost_run1,2641000,1779278882.315928
approach5_skyhost_run1,2642000,1779278882.317637
approach5_skyhost_run1,2643000,1779278882.319364
approach5_skyhost_run1,2644000,1779278882.321089
approach5_skyhost_run1,2645000,1779278882.329568
approach5_skyhost_run1,2646000,1779278882.416831
approach5_skyhost_run1,2647000,1779278882.418553
approach5_skyhost_run1,2648000,1779278882.420273
approach5_skyhost_run1,2649000,1779278882.421998
approach5_skyhost_run1,2650000,1779278882.431744
approach5_skyhost_run1,2651000,1779278882.519387
approach5_skyhost_run1,2652000,1779278882.521103
approach5_skyhost_run1,2653000,1779278882.522839
approach5_skyhost_run1,2654000,1779278882.524582
approach5_skyhost_run1,2655000,1779278882.533665
approach5_skyhost_run1,2656000,1779278882.622824
approach5_skyhost_run1,2657000,1779278882.624546
approach5_skyhost_run1,2658000,1779278882.626302
approach5_skyhost_run1,2659000,1779278882.628039
approach5_skyhost_run1,2660000,1779278882.635610
approach5_skyhost_run1,2661000,1779278882.722724
approach5_skyhost_run1,2662000,1779278882.724481
approach5_skyhost_run1,2663000,1779278882.726247
approach5_skyhost_run1,2664000,1779278882.727996
approach5_skyhost_run1,2665000,1779278882.744575
approach5_skyhost_run1,2666000,1779278882.746318
approach5_skyhost_run1,2667000,1779278882.748049
approach5_skyhost_run1,2668000,1779278882.749785
approach5_skyhost_run1,2669000,1779278882.775974
approach5_skyhost_run1,2670000,1779278882.777683
approach5_skyhost_run1,2671000,1779278882.779415
approach5_skyhost_run1,2672000,1779278882.781135
approach5_skyhost_run1,2673000,1779278882.796895
approach5_skyhost_run1,2674000,1779278882.798631
approach5_skyhost_run1,2675000,1779278882.800354
approach5_skyhost_run1,2676000,1779278882.802077
approach5_skyhost_run1,2677000,1779278882.833721
approach5_skyhost_run1,2678000,1779278882.835486
approach5_skyhost_run1,2679000,1779278882.885586
approach5_skyhost_run1,2680000,1779278882.887317
approach5_skyhost_run1,2681000,1779278882.929011
approach5_skyhost_run1,2682000,1779278882.930733
approach5_skyhost_run1,2683000,1779278882.932452
approach5_skyhost_run1,2684000,1779278882.934183
approach5_skyhost_run1,2685000,1779278882.940149
approach5_skyhost_run1,2686000,1779278882.983062
approach5_skyhost_run1,2687000,1779278882.984783
approach5_skyhost_run1,2688000,1779278882.986530
approach5_skyhost_run1,2689000,1779278882.988253
approach5_skyhost_run1,2690000,1779278883.042499
approach5_skyhost_run1,2691000,1779278883.044223
approach5_skyhost_run1,2692000,1779278883.079658
approach5_skyhost_run1,2693000,1779278883.081462
approach5_skyhost_run1,2694000,1779278883.083248
approach5_skyhost_run1,2695000,1779278883.085011
approach5_skyhost_run1,2696000,1779278883.134102
approach5_skyhost_run1,2697000,1779278883.135834
approach5_skyhost_run1,2698000,1779278883.137547
approach5_skyhost_run1,2699000,1779278883.139284
approach5_skyhost_run1,2700000,1779278883.149822
approach5_skyhost_run1,2701000,1779278883.193954
approach5_skyhost_run1,2702000,1779278883.195693
approach5_skyhost_run1,2703000,1779278883.197417
approach5_skyhost_run1,2704000,1779278883.199151
approach5_skyhost_run1,2705000,1779278883.220827
approach5_skyhost_run1,2706000,1779278883.222544
approach5_skyhost_run1,2707000,1779278883.224254
approach5_skyhost_run1,2708000,1779278883.226004
approach5_skyhost_run1,2709000,1779278883.312701
approach5_skyhost_run1,2710000,1779278883.314434
approach5_skyhost_run1,2711000,1779278883.340440
approach5_skyhost_run1,2712000,1779278883.342152
approach5_skyhost_run1,2713000,1779278883.343878
approach5_skyhost_run1,2714000,1779278883.345636
approach5_skyhost_run1,2715000,1779278883.357724
approach5_skyhost_run1,2716000,1779278883.446332
approach5_skyhost_run1,2717000,1779278883.448052
approach5_skyhost_run1,2718000,1779278883.449776
approach5_skyhost_run1,2719000,1779278883.451527
approach5_skyhost_run1,2720000,1779278883.465614
approach5_skyhost_run1,2721000,1779278883.546618
approach5_skyhost_run1,2722000,1779278883.548346
approach5_skyhost_run1,2723000,1779278883.550067
approach5_skyhost_run1,2724000,1779278883.551805
approach5_skyhost_run1,2725000,1779278883.561219
approach5_skyhost_run1,2726000,1779278883.695558
approach5_skyhost_run1,2727000,1779278883.697266
approach5_skyhost_run1,2728000,1779278883.698997
approach5_skyhost_run1,2729000,1779278883.700720
approach5_skyhost_run1,2730000,1779278883.709200
approach5_skyhost_run1,2731000,1779278883.761075
approach5_skyhost_run1,2732000,1779278883.762798
approach5_skyhost_run1,2733000,1779278883.764512
approach5_skyhost_run1,2734000,1779278883.766254
approach5_skyhost_run1,2735000,1779278883.793828
approach5_skyhost_run1,2736000,1779278883.864631
approach5_skyhost_run1,2737000,1779278883.866383
approach5_skyhost_run1,2738000,1779278883.868108
approach5_skyhost_run1,2739000,1779278883.869833
approach5_skyhost_run1,2740000,1779278883.881277
approach5_skyhost_run1,2741000,1779278883.956465
approach5_skyhost_run1,2742000,1779278883.958178
approach5_skyhost_run1,2743000,1779278883.959905
approach5_skyhost_run1,2744000,1779278883.961646
approach5_skyhost_run1,2745000,1779278883.970635
approach5_skyhost_run1,2746000,1779278884.106194
approach5_skyhost_run1,2747000,1779278884.107914
approach5_skyhost_run1,2748000,1779278884.109633
approach5_skyhost_run1,2749000,1779278884.111371
approach5_skyhost_run1,2750000,1779278884.119112
approach5_skyhost_run1,2751000,1779278884.174542
approach5_skyhost_run1,2752000,1779278884.176278
approach5_skyhost_run1,2753000,1779278884.177998
approach5_skyhost_run1,2754000,1779278884.179736
approach5_skyhost_run1,2755000,1779278884.192979
approach5_skyhost_run1,2756000,1779278884.466782
approach5_skyhost_run1,2757000,1779278884.468494
approach5_skyhost_run1,2758000,1779278884.470214
approach5_skyhost_run1,2759000,1779278884.471957
approach5_skyhost_run1,2760000,1779278884.481570
approach5_skyhost_run1,2761000,1779278884.578079
approach5_skyhost_run1,2762000,1779278884.579798
approach5_skyhost_run1,2763000,1779278884.581512
approach5_skyhost_run1,2764000,1779278884.583251
approach5_skyhost_run1,2765000,1779278884.593744
approach5_skyhost_run1,2766000,1779278884.712805
approach5_skyhost_run1,2767000,1779278884.714527
approach5_skyhost_run1,2768000,1779278884.716274
approach5_skyhost_run1,2769000,1779278884.717994
approach5_skyhost_run1,2770000,1779278884.729956
approach5_skyhost_run1,2771000,1779278884.788949
approach5_skyhost_run1,2772000,1779278884.790668
approach5_skyhost_run1,2773000,1779278884.792378
approach5_skyhost_run1,2774000,1779278884.794094
approach5_skyhost_run1,2775000,1779278884.820444
approach5_skyhost_run1,2776000,1779278884.878874
approach5_skyhost_run1,2777000,1779278884.880582
approach5_skyhost_run1,2778000,1779278884.882297
approach5_skyhost_run1,2779000,1779278884.884028
approach5_skyhost_run1,2780000,1779278884.892154
approach5_skyhost_run1,2781000,1779278884.924073
approach5_skyhost_run1,2782000,1779278884.925825
approach5_skyhost_run1,2783000,1779278884.927563
approach5_skyhost_run1,2784000,1779278884.929290
approach5_skyhost_run1,2785000,1779278884.943587
approach5_skyhost_run1,2786000,1779278884.945317
approach5_skyhost_run1,2787000,1779278884.947038
approach5_skyhost_run1,2788000,1779278884.948797
approach5_skyhost_run1,2789000,1779278885.029825
approach5_skyhost_run1,2790000,1779278885.031552
approach5_skyhost_run1,2791000,1779278885.185501
approach5_skyhost_run1,2792000,1779278885.187231
approach5_skyhost_run1,2793000,1779278885.188948
approach5_skyhost_run1,2794000,1779278885.190686
approach5_skyhost_run1,2795000,1779278885.242788
approach5_skyhost_run1,2796000,1779278885.295419
approach5_skyhost_run1,2797000,1779278885.297142
approach5_skyhost_run1,2798000,1779278885.298872
approach5_skyhost_run1,2799000,1779278885.300598
approach5_skyhost_run1,2800000,1779278885.309963
approach5_skyhost_run1,2801000,1779278885.332937
approach5_skyhost_run1,2802000,1779278885.334661
approach5_skyhost_run1,2803000,1779278885.336398
approach5_skyhost_run1,2804000,1779278885.338124
approach5_skyhost_run1,2805000,1779278885.352399
approach5_skyhost_run1,2806000,1779278885.354112
approach5_skyhost_run1,2807000,1779278885.355887
approach5_skyhost_run1,2808000,1779278885.357620
approach5_skyhost_run1,2809000,1779278885.444249
approach5_skyhost_run1,2810000,1779278885.446007
approach5_skyhost_run1,2811000,1779278885.535719
approach5_skyhost_run1,2812000,1779278885.537439
approach5_skyhost_run1,2813000,1779278885.539168
approach5_skyhost_run1,2814000,1779278885.540891
approach5_skyhost_run1,2815000,1779278885.551850
approach5_skyhost_run1,2816000,1779278885.596578
approach5_skyhost_run1,2817000,1779278885.598295
approach5_skyhost_run1,2818000,1779278885.600019
approach5_skyhost_run1,2819000,1779278885.601741
approach5_skyhost_run1,2820000,1779278885.610592
approach5_skyhost_run1,2821000,1779278885.699832
approach5_skyhost_run1,2822000,1779278885.701535
approach5_skyhost_run1,2823000,1779278885.703254
approach5_skyhost_run1,2824000,1779278885.704999
approach5_skyhost_run1,2825000,1779278885.713238
approach5_skyhost_run1,2826000,1779278885.800937
approach5_skyhost_run1,2827000,1779278885.802670
approach5_skyhost_run1,2828000,1779278885.804395
approach5_skyhost_run1,2829000,1779278885.806151
approach5_skyhost_run1,2830000,1779278885.859040
approach5_skyhost_run1,2831000,1779278885.904515
approach5_skyhost_run1,2832000,1779278885.906249
approach5_skyhost_run1,2833000,1779278885.907982
approach5_skyhost_run1,2834000,1779278885.909705
approach5_skyhost_run1,2835000,1779278885.919130
approach5_skyhost_run1,2836000,1779278886.008093
approach5_skyhost_run1,2837000,1779278886.009813
approach5_skyhost_run1,2838000,1779278886.011559
approach5_skyhost_run1,2839000,1779278886.013302
approach5_skyhost_run1,2840000,1779278886.024139
approach5_skyhost_run1,2841000,1779278886.110118
approach5_skyhost_run1,2842000,1779278886.111835
approach5_skyhost_run1,2843000,1779278886.113559
approach5_skyhost_run1,2844000,1779278886.115328
approach5_skyhost_run1,2845000,1779278886.124491
approach5_skyhost_run1,2846000,1779278886.219661
approach5_skyhost_run1,2847000,1779278886.221375
approach5_skyhost_run1,2848000,1779278886.223108
approach5_skyhost_run1,2849000,1779278886.224862
approach5_skyhost_run1,2850000,1779278886.233758
approach5_skyhost_run1,2851000,1779278886.315367
approach5_skyhost_run1,2852000,1779278886.317091
approach5_skyhost_run1,2853000,1779278886.318814
approach5_skyhost_run1,2854000,1779278886.320529
approach5_skyhost_run1,2855000,1779278886.328679
approach5_skyhost_run1,2856000,1779278886.418513
approach5_skyhost_run1,2857000,1779278886.420220
approach5_skyhost_run1,2858000,1779278886.421938
approach5_skyhost_run1,2859000,1779278886.423675
approach5_skyhost_run1,2860000,1779278886.431595
approach5_skyhost_run1,2861000,1779278886.519253
approach5_skyhost_run1,2862000,1779278886.520964
approach5_skyhost_run1,2863000,1779278886.522693
approach5_skyhost_run1,2864000,1779278886.524419
approach5_skyhost_run1,2865000,1779278886.533842
approach5_skyhost_run1,2866000,1779278886.622980
approach5_skyhost_run1,2867000,1779278886.624689
approach5_skyhost_run1,2868000,1779278886.626446
approach5_skyhost_run1,2869000,1779278886.628174
approach5_skyhost_run1,2870000,1779278886.637140
approach5_skyhost_run1,2871000,1779278886.734316
approach5_skyhost_run1,2872000,1779278886.736059
approach5_skyhost_run1,2873000,1779278886.737777
approach5_skyhost_run1,2874000,1779278886.739507
approach5_skyhost_run1,2875000,1779278886.753763
approach5_skyhost_run1,2876000,1779278886.755493
approach5_skyhost_run1,2877000,1779278886.757201
approach5_skyhost_run1,2878000,1779278886.758934
approach5_skyhost_run1,2879000,1779278886.839975
approach5_skyhost_run1,2880000,1779278886.841692
approach5_skyhost_run1,2881000,1779278886.870015
approach5_skyhost_run1,2882000,1779278886.871732
approach5_skyhost_run1,2883000,1779278886.873445
approach5_skyhost_run1,2884000,1779278886.875224
approach5_skyhost_run1,2885000,1779278886.882468
approach5_skyhost_run1,2886000,1779278886.932188
approach5_skyhost_run1,2887000,1779278886.933893
approach5_skyhost_run1,2888000,1779278886.935642
approach5_skyhost_run1,2889000,1779278886.937365
approach5_skyhost_run1,2890000,1779278886.946627
approach5_skyhost_run1,2891000,1779278886.979232
approach5_skyhost_run1,2892000,1779278886.980945
approach5_skyhost_run1,2893000,1779278886.982672
approach5_skyhost_run1,2894000,1779278886.984388
approach5_skyhost_run1,2895000,1779278887.001449
approach5_skyhost_run1,2896000,1779278887.003167
approach5_skyhost_run1,2897000,1779278887.004899
approach5_skyhost_run1,2898000,1779278887.006631
approach5_skyhost_run1,2899000,1779278887.091485
approach5_skyhost_run1,2900000,1779278887.093217
approach5_skyhost_run1,2901000,1779278887.138735
approach5_skyhost_run1,2902000,1779278887.140460
approach5_skyhost_run1,2903000,1779278887.142187
approach5_skyhost_run1,2904000,1779278887.143936
approach5_skyhost_run1,2905000,1779278887.153228
approach5_skyhost_run1,2906000,1779278887.239094
approach5_skyhost_run1,2907000,1779278887.240809
approach5_skyhost_run1,2908000,1779278887.242545
approach5_skyhost_run1,2909000,1779278887.244277
approach5_skyhost_run1,2910000,1779278887.254045
approach5_skyhost_run1,2911000,1779278887.341476
approach5_skyhost_run1,2912000,1779278887.343199
approach5_skyhost_run1,2913000,1779278887.344940
approach5_skyhost_run1,2914000,1779278887.346720
approach5_skyhost_run1,2915000,1779278887.356558
approach5_skyhost_run1,2916000,1779278887.547166
approach5_skyhost_run1,2917000,1779278887.548877
approach5_skyhost_run1,2918000,1779278887.550611
approach5_skyhost_run1,2919000,1779278887.552344
approach5_skyhost_run1,2920000,1779278887.561913
approach5_skyhost_run1,2921000,1779278887.632130
approach5_skyhost_run1,2922000,1779278887.633843
approach5_skyhost_run1,2923000,1779278887.635605
approach5_skyhost_run1,2924000,1779278887.637338
approach5_skyhost_run1,2925000,1779278887.652503
approach5_skyhost_run1,2926000,1779278887.654209
approach5_skyhost_run1,2927000,1779278887.655963
approach5_skyhost_run1,2928000,1779278887.657684
approach5_skyhost_run1,2929000,1779278887.699835
approach5_skyhost_run1,2930000,1779278887.701543
approach5_skyhost_run1,2931000,1779278887.703263
approach5_skyhost_run1,2932000,1779278887.705003
approach5_skyhost_run1,2933000,1779278887.720113
approach5_skyhost_run1,2934000,1779278887.721824
approach5_skyhost_run1,2935000,1779278887.723556
approach5_skyhost_run1,2936000,1779278887.725306
approach5_skyhost_run1,2937000,1779278887.744082
approach5_skyhost_run1,2938000,1779278887.745821
approach5_skyhost_run1,2939000,1779278887.804300
approach5_skyhost_run1,2940000,1779278887.806041
approach5_skyhost_run1,2941000,1779278887.861166
approach5_skyhost_run1,2942000,1779278887.862893
approach5_skyhost_run1,2943000,1779278887.864603
approach5_skyhost_run1,2944000,1779278887.866357
approach5_skyhost_run1,2945000,1779278887.873380
approach5_skyhost_run1,2946000,1779278887.960462
approach5_skyhost_run1,2947000,1779278887.962173
approach5_skyhost_run1,2948000,1779278887.963906
approach5_skyhost_run1,2949000,1779278887.965658
approach5_skyhost_run1,2950000,1779278887.974750
approach5_skyhost_run1,2951000,1779278888.075464
approach5_skyhost_run1,2952000,1779278888.077176
approach5_skyhost_run1,2953000,1779278888.078903
approach5_skyhost_run1,2954000,1779278888.080633
approach5_skyhost_run1,2955000,1779278888.093614
approach5_skyhost_run1,2956000,1779278888.180521
approach5_skyhost_run1,2957000,1779278888.182227
approach5_skyhost_run1,2958000,1779278888.183958
approach5_skyhost_run1,2959000,1779278888.185704
approach5_skyhost_run1,2960000,1779278888.205522
approach5_skyhost_run1,2961000,1779278888.269955
approach5_skyhost_run1,2962000,1779278888.271674
approach5_skyhost_run1,2963000,1779278888.273399
approach5_skyhost_run1,2964000,1779278888.275169
approach5_skyhost_run1,2965000,1779278888.283101
approach5_skyhost_run1,2966000,1779278888.372262
approach5_skyhost_run1,2967000,1779278888.373977
approach5_skyhost_run1,2968000,1779278888.375741
approach5_skyhost_run1,2969000,1779278888.377474
approach5_skyhost_run1,2970000,1779278888.387605
approach5_skyhost_run1,2971000,1779278888.474290
approach5_skyhost_run1,2972000,1779278888.476048
approach5_skyhost_run1,2973000,1779278888.477777
approach5_skyhost_run1,2974000,1779278888.479519
approach5_skyhost_run1,2975000,1779278888.489364
approach5_skyhost_run1,2976000,1779278888.573934
approach5_skyhost_run1,2977000,1779278888.575730
approach5_skyhost_run1,2978000,1779278888.577465
approach5_skyhost_run1,2979000,1779278888.590632
approach5_skyhost_run1,2980000,1779278888.592355
approach5_skyhost_run1,2981000,1779278888.681097
approach5_skyhost_run1,2982000,1779278888.682827
approach5_skyhost_run1,2983000,1779278888.684540
approach5_skyhost_run1,2984000,1779278888.686283
approach5_skyhost_run1,2985000,1779278888.696741
approach5_skyhost_run1,2986000,1779278888.783342
approach5_skyhost_run1,2987000,1779278888.785090
approach5_skyhost_run1,2988000,1779278888.786824
approach5_skyhost_run1,2989000,1779278888.788553
approach5_skyhost_run1,2990000,1779278888.799091
approach5_skyhost_run1,2991000,1779278888.886268
approach5_skyhost_run1,2992000,1779278888.888000
approach5_skyhost_run1,2993000,1779278888.889718
approach5_skyhost_run1,2994000,1779278888.891457
approach5_skyhost_run1,2995000,1779278888.899194
approach5_skyhost_run1,2996000,1779278888.988890
approach5_skyhost_run1,2997000,1779278888.990620
approach5_skyhost_run1,2998000,1779278888.992341
approach5_skyhost_run1,2999000,1779278888.994081
approach5_skyhost_run1,3000000,1779278889.043617
approach5_skyhost_run1,3001000,1779278889.090516
approach5_skyhost_run1,3002000,1779278889.092230
approach5_skyhost_run1,3003000,1779278889.093954
approach5_skyhost_run1,3004000,1779278889.095726
approach5_skyhost_run1,3005000,1779278889.104782
approach5_skyhost_run1,3006000,1779278889.194681
approach5_skyhost_run1,3007000,1779278889.196421
approach5_skyhost_run1,3008000,1779278889.198158
approach5_skyhost_run1,3009000,1779278889.199897
approach5_skyhost_run1,3010000,1779278889.207468
approach5_skyhost_run1,3011000,1779278889.338221
approach5_skyhost_run1,3012000,1779278889.339942
approach5_skyhost_run1,3013000,1779278889.341666
approach5_skyhost_run1,3014000,1779278889.343417
approach5_skyhost_run1,3015000,1779278889.349652
approach5_skyhost_run1,3016000,1779278889.411958
approach5_skyhost_run1,3017000,1779278889.413687
approach5_skyhost_run1,3018000,1779278889.415464
approach5_skyhost_run1,3019000,1779278889.417197
approach5_skyhost_run1,3020000,1779278889.426470
approach5_skyhost_run1,3021000,1779278889.544257
approach5_skyhost_run1,3022000,1779278889.545993
approach5_skyhost_run1,3023000,1779278889.547721
approach5_skyhost_run1,3024000,1779278889.549446
approach5_skyhost_run1,3025000,1779278889.558202
approach5_skyhost_run1,3026000,1779278889.649697
approach5_skyhost_run1,3027000,1779278889.651421
approach5_skyhost_run1,3028000,1779278889.653137
approach5_skyhost_run1,3029000,1779278889.654908
approach5_skyhost_run1,3030000,1779278889.679503
approach5_skyhost_run1,3031000,1779278889.681225
approach5_skyhost_run1,3032000,1779278889.682968
approach5_skyhost_run1,3033000,1779278889.684710
approach5_skyhost_run1,3034000,1779278889.769725
approach5_skyhost_run1,3035000,1779278889.771845
approach5_skyhost_run1,3036000,1779278889.773740
approach5_skyhost_run1,3037000,1779278889.775495
approach5_skyhost_run1,3038000,1779278889.777220
approach5_skyhost_run1,3039000,1779278889.778966
approach5_skyhost_run1,3040000,1779278889.787212
approach5_skyhost_run1,3041000,1779278889.808373
approach5_skyhost_run1,3042000,1779278889.810087
approach5_skyhost_run1,3043000,1779278889.811817
approach5_skyhost_run1,3044000,1779278889.813538
approach5_skyhost_run1,3045000,1779278889.822413
approach5_skyhost_run1,3046000,1779278889.913757
approach5_skyhost_run1,3047000,1779278889.915502
approach5_skyhost_run1,3048000,1779278889.917221
approach5_skyhost_run1,3049000,1779278889.918963
approach5_skyhost_run1,3050000,1779278889.929430
approach5_skyhost_run1,3051000,1779278889.961467
approach5_skyhost_run1,3052000,1779278889.963185
approach5_skyhost_run1,3053000,1779278889.964925
approach5_skyhost_run1,3054000,1779278889.966656
approach5_skyhost_run1,3055000,1779278889.980706
approach5_skyhost_run1,3056000,1779278889.982429
approach5_skyhost_run1,3057000,1779278889.984146
approach5_skyhost_run1,3058000,1779278889.985883
approach5_skyhost_run1,3059000,1779278890.065704
approach5_skyhost_run1,3060000,1779278890.067471
approach5_skyhost_run1,3061000,1779278890.117855
approach5_skyhost_run1,3062000,1779278890.119588
approach5_skyhost_run1,3063000,1779278890.121308
approach5_skyhost_run1,3064000,1779278890.123046
approach5_skyhost_run1,3065000,1779278890.131858
approach5_skyhost_run1,3066000,1779278890.221438
approach5_skyhost_run1,3067000,1779278890.223159
approach5_skyhost_run1,3068000,1779278890.224893
approach5_skyhost_run1,3069000,1779278890.226625
approach5_skyhost_run1,3070000,1779278890.237908
approach5_skyhost_run1,3071000,1779278890.303024
approach5_skyhost_run1,3072000,1779278890.304745
approach5_skyhost_run1,3073000,1779278890.306493
approach5_skyhost_run1,3074000,1779278890.308216
approach5_skyhost_run1,3075000,1779278890.323206
approach5_skyhost_run1,3076000,1779278890.324950
approach5_skyhost_run1,3077000,1779278890.326690
approach5_skyhost_run1,3078000,1779278890.328427
approach5_skyhost_run1,3079000,1779278890.413208
approach5_skyhost_run1,3080000,1779278890.414970
approach5_skyhost_run1,3081000,1779278890.465237
approach5_skyhost_run1,3082000,1779278890.466970
approach5_skyhost_run1,3083000,1779278890.468690
approach5_skyhost_run1,3084000,1779278890.470428
approach5_skyhost_run1,3085000,1779278890.480142
approach5_skyhost_run1,3086000,1779278890.528856
approach5_skyhost_run1,3087000,1779278890.530582
approach5_skyhost_run1,3088000,1779278890.532299
approach5_skyhost_run1,3089000,1779278890.534024
approach5_skyhost_run1,3090000,1779278890.542931
approach5_skyhost_run1,3091000,1779278890.630810
approach5_skyhost_run1,3092000,1779278890.632522
approach5_skyhost_run1,3093000,1779278890.634238
approach5_skyhost_run1,3094000,1779278890.636010
approach5_skyhost_run1,3095000,1779278890.644267
approach5_skyhost_run1,3096000,1779278890.732689
approach5_skyhost_run1,3097000,1779278890.734427
approach5_skyhost_run1,3098000,1779278890.736200
approach5_skyhost_run1,3099000,1779278890.737949
approach5_skyhost_run1,3100000,1779278890.746988
approach5_skyhost_run1,3101000,1779278890.836207
approach5_skyhost_run1,3102000,1779278890.837919
approach5_skyhost_run1,3103000,1779278890.839697
approach5_skyhost_run1,3104000,1779278890.841442
approach5_skyhost_run1,3105000,1779278890.850904
approach5_skyhost_run1,3106000,1779278891.051227
approach5_skyhost_run1,3107000,1779278891.052937
approach5_skyhost_run1,3108000,1779278891.054668
approach5_skyhost_run1,3109000,1779278891.056423
approach5_skyhost_run1,3110000,1779278891.084030
approach5_skyhost_run1,3111000,1779278891.127326
approach5_skyhost_run1,3112000,1779278891.129044
approach5_skyhost_run1,3113000,1779278891.130781
approach5_skyhost_run1,3114000,1779278891.132511
approach5_skyhost_run1,3115000,1779278891.147166
approach5_skyhost_run1,3116000,1779278891.148880
approach5_skyhost_run1,3117000,1779278891.150614
approach5_skyhost_run1,3118000,1779278891.152337
approach5_skyhost_run1,3119000,1779278891.232803
approach5_skyhost_run1,3120000,1779278891.234540
approach5_skyhost_run1,3121000,1779278891.246827
approach5_skyhost_run1,3122000,1779278891.248566
approach5_skyhost_run1,3123000,1779278891.250283
approach5_skyhost_run1,3124000,1779278891.252019
approach5_skyhost_run1,3125000,1779278891.263843
approach5_skyhost_run1,3126000,1779278891.340558
approach5_skyhost_run1,3127000,1779278891.342270
approach5_skyhost_run1,3128000,1779278891.344001
approach5_skyhost_run1,3129000,1779278891.345747
approach5_skyhost_run1,3130000,1779278891.362888
approach5_skyhost_run1,3131000,1779278891.364604
approach5_skyhost_run1,3132000,1779278891.366354
approach5_skyhost_run1,3133000,1779278891.368094
approach5_skyhost_run1,3134000,1779278891.447516
approach5_skyhost_run1,3135000,1779278891.449282
approach5_skyhost_run1,3136000,1779278891.451738
approach5_skyhost_run1,3137000,1779278891.453460
approach5_skyhost_run1,3138000,1779278891.455217
approach5_skyhost_run1,3139000,1779278891.456946
approach5_skyhost_run1,3140000,1779278891.468958
approach5_skyhost_run1,3141000,1779278891.556338
approach5_skyhost_run1,3142000,1779278891.558057
approach5_skyhost_run1,3143000,1779278891.559796
approach5_skyhost_run1,3144000,1779278891.561552
approach5_skyhost_run1,3145000,1779278891.569152
approach5_skyhost_run1,3146000,1779278891.601193
approach5_skyhost_run1,3147000,1779278891.602915
approach5_skyhost_run1,3148000,1779278891.604627
approach5_skyhost_run1,3149000,1779278891.606388
approach5_skyhost_run1,3150000,1779278891.619244
approach5_skyhost_run1,3151000,1779278891.620956
approach5_skyhost_run1,3152000,1779278891.622695
approach5_skyhost_run1,3153000,1779278891.624421
approach5_skyhost_run1,3154000,1779278891.705887
approach5_skyhost_run1,3155000,1779278891.707625
approach5_skyhost_run1,3156000,1779278891.965522
approach5_skyhost_run1,3157000,1779278891.967256
approach5_skyhost_run1,3158000,1779278891.968982
approach5_skyhost_run1,3159000,1779278891.970720
approach5_skyhost_run1,3160000,1779278891.977838
approach5_skyhost_run1,3161000,1779278892.061379
approach5_skyhost_run1,3162000,1779278892.063123
approach5_skyhost_run1,3163000,1779278892.064882
approach5_skyhost_run1,3164000,1779278892.066623
approach5_skyhost_run1,3165000,1779278892.080115
approach5_skyhost_run1,3166000,1779278892.081881
approach5_skyhost_run1,3167000,1779278892.083629
approach5_skyhost_run1,3168000,1779278892.085374
approach5_skyhost_run1,3169000,1779278892.165454
approach5_skyhost_run1,3170000,1779278892.167589
approach5_skyhost_run1,3171000,1779278892.169308
approach5_skyhost_run1,3172000,1779278892.171041
approach5_skyhost_run1,3173000,1779278892.172766
approach5_skyhost_run1,3174000,1779278892.174518
approach5_skyhost_run1,3175000,1779278892.183378
approach5_skyhost_run1,3176000,1779278892.185117
approach5_skyhost_run1,3177000,1779278892.186853
approach5_skyhost_run1,3178000,1779278892.188589
approach5_skyhost_run1,3179000,1779278892.268932
approach5_skyhost_run1,3180000,1779278892.270690
approach5_skyhost_run1,3181000,1779278892.274407
approach5_skyhost_run1,3182000,1779278892.276154
approach5_skyhost_run1,3183000,1779278892.277868
approach5_skyhost_run1,3184000,1779278892.279604
approach5_skyhost_run1,3185000,1779278892.288908
approach5_skyhost_run1,3186000,1779278892.374236
approach5_skyhost_run1,3187000,1779278892.376010
approach5_skyhost_run1,3188000,1779278892.377735
approach5_skyhost_run1,3189000,1779278892.379479
approach5_skyhost_run1,3190000,1779278892.390348
approach5_skyhost_run1,3191000,1779278892.480211
approach5_skyhost_run1,3192000,1779278892.481930
approach5_skyhost_run1,3193000,1779278892.483668
approach5_skyhost_run1,3194000,1779278892.485441
approach5_skyhost_run1,3195000,1779278892.492889
approach5_skyhost_run1,3196000,1779278892.581288
approach5_skyhost_run1,3197000,1779278892.583027
approach5_skyhost_run1,3198000,1779278892.584764
approach5_skyhost_run1,3199000,1779278892.586556
approach5_skyhost_run1,3200000,1779278892.596632
approach5_skyhost_run1,3201000,1779278892.683264
approach5_skyhost_run1,3202000,1779278892.685012
approach5_skyhost_run1,3203000,1779278892.686752
approach5_skyhost_run1,3204000,1779278892.688486
approach5_skyhost_run1,3205000,1779278892.696181
approach5_skyhost_run1,3206000,1779278892.786598
approach5_skyhost_run1,3207000,1779278892.788319
approach5_skyhost_run1,3208000,1779278892.790044
approach5_skyhost_run1,3209000,1779278892.791797
approach5_skyhost_run1,3210000,1779278892.800424
approach5_skyhost_run1,3211000,1779278892.891577
approach5_skyhost_run1,3212000,1779278892.893290
approach5_skyhost_run1,3213000,1779278892.895054
approach5_skyhost_run1,3214000,1779278892.896778
approach5_skyhost_run1,3215000,1779278892.906823
approach5_skyhost_run1,3216000,1779278892.933559
approach5_skyhost_run1,3217000,1779278892.935314
approach5_skyhost_run1,3218000,1779278892.937049
approach5_skyhost_run1,3219000,1779278892.938807
approach5_skyhost_run1,3220000,1779278892.952365
approach5_skyhost_run1,3221000,1779278892.954105
approach5_skyhost_run1,3222000,1779278892.955863
approach5_skyhost_run1,3223000,1779278892.957592
approach5_skyhost_run1,3224000,1779278893.038554
approach5_skyhost_run1,3225000,1779278893.040281
approach5_skyhost_run1,3226000,1779278893.095818
approach5_skyhost_run1,3227000,1779278893.097535
approach5_skyhost_run1,3228000,1779278893.099263
approach5_skyhost_run1,3229000,1779278893.101018
approach5_skyhost_run1,3230000,1779278893.106889
approach5_skyhost_run1,3231000,1779278893.195279
approach5_skyhost_run1,3232000,1779278893.196995
approach5_skyhost_run1,3233000,1779278893.198724
approach5_skyhost_run1,3234000,1779278893.200450
approach5_skyhost_run1,3235000,1779278893.209826
approach5_skyhost_run1,3236000,1779278893.337703
approach5_skyhost_run1,3237000,1779278893.339435
approach5_skyhost_run1,3238000,1779278893.341164
approach5_skyhost_run1,3239000,1779278893.342906
approach5_skyhost_run1,3240000,1779278893.353949
approach5_skyhost_run1,3241000,1779278893.403250
approach5_skyhost_run1,3242000,1779278893.404999
approach5_skyhost_run1,3243000,1779278893.406740
approach5_skyhost_run1,3244000,1779278893.408469
approach5_skyhost_run1,3245000,1779278893.415503
approach5_skyhost_run1,3246000,1779278893.506409
approach5_skyhost_run1,3247000,1779278893.508126
approach5_skyhost_run1,3248000,1779278893.509876
approach5_skyhost_run1,3249000,1779278893.511611
approach5_skyhost_run1,3250000,1779278893.518749
approach5_skyhost_run1,3251000,1779278893.607793
approach5_skyhost_run1,3252000,1779278893.609510
approach5_skyhost_run1,3253000,1779278893.611248
approach5_skyhost_run1,3254000,1779278893.612973
approach5_skyhost_run1,3255000,1779278893.620285
approach5_skyhost_run1,3256000,1779278893.711612
approach5_skyhost_run1,3257000,1779278893.713312
approach5_skyhost_run1,3258000,1779278893.715072
approach5_skyhost_run1,3259000,1779278893.716788
approach5_skyhost_run1,3260000,1779278893.724151
approach5_skyhost_run1,3261000,1779278893.812703
approach5_skyhost_run1,3262000,1779278893.814434
approach5_skyhost_run1,3263000,1779278893.816202
approach5_skyhost_run1,3264000,1779278893.817936
approach5_skyhost_run1,3265000,1779278893.825407
approach5_skyhost_run1,3266000,1779278893.915162
approach5_skyhost_run1,3267000,1779278893.916886
approach5_skyhost_run1,3268000,1779278893.918622
approach5_skyhost_run1,3269000,1779278893.920353
approach5_skyhost_run1,3270000,1779278893.926420
approach5_skyhost_run1,3271000,1779278894.394504
approach5_skyhost_run1,3272000,1779278894.396250
approach5_skyhost_run1,3273000,1779278894.397962
approach5_skyhost_run1,3274000,1779278894.399696
approach5_skyhost_run1,3275000,1779278894.407866
approach5_skyhost_run1,3276000,1779278894.638257
approach5_skyhost_run1,3277000,1779278894.639985
approach5_skyhost_run1,3278000,1779278894.641716
approach5_skyhost_run1,3279000,1779278894.643463
approach5_skyhost_run1,3280000,1779278894.650529
approach5_skyhost_run1,3281000,1779278894.711152
approach5_skyhost_run1,3282000,1779278894.712861
approach5_skyhost_run1,3283000,1779278894.714590
approach5_skyhost_run1,3284000,1779278894.716353
approach5_skyhost_run1,3285000,1779278894.732126
approach5_skyhost_run1,3286000,1779278894.733845
approach5_skyhost_run1,3287000,1779278894.735625
approach5_skyhost_run1,3288000,1779278894.802448
approach5_skyhost_run1,3289000,1779278894.804163
approach5_skyhost_run1,3290000,1779278894.805900
approach5_skyhost_run1,3291000,1779278894.807642
approach5_skyhost_run1,3292000,1779278894.813966
approach5_skyhost_run1,3293000,1779278894.815754
approach5_skyhost_run1,3294000,1779278894.817677
approach5_skyhost_run1,3295000,1779278894.819418
approach5_skyhost_run1,3296000,1779278894.907198
approach5_skyhost_run1,3297000,1779278894.908916
approach5_skyhost_run1,3298000,1779278894.910650
approach5_skyhost_run1,3299000,1779278894.912374
approach5_skyhost_run1,3300000,1779278894.920631
approach5_skyhost_run1,3301000,1779278895.009966
approach5_skyhost_run1,3302000,1779278895.011689
approach5_skyhost_run1,3303000,1779278895.013424
approach5_skyhost_run1,3304000,1779278895.015202
approach5_skyhost_run1,3305000,1779278895.022620
approach5_skyhost_run1,3306000,1779278895.111937
approach5_skyhost_run1,3307000,1779278895.113651
approach5_skyhost_run1,3308000,1779278895.115426
approach5_skyhost_run1,3309000,1779278895.117157
approach5_skyhost_run1,3310000,1779278895.126681
approach5_skyhost_run1,3311000,1779278895.219847
approach5_skyhost_run1,3312000,1779278895.221565
approach5_skyhost_run1,3313000,1779278895.223302
approach5_skyhost_run1,3314000,1779278895.225075
approach5_skyhost_run1,3315000,1779278895.230165
approach5_skyhost_run1,3316000,1779278895.311428
approach5_skyhost_run1,3317000,1779278895.313134
approach5_skyhost_run1,3318000,1779278895.314887
approach5_skyhost_run1,3319000,1779278895.316611
approach5_skyhost_run1,3320000,1779278895.335955
approach5_skyhost_run1,3321000,1779278895.337674
approach5_skyhost_run1,3322000,1779278895.339419
approach5_skyhost_run1,3323000,1779278895.418651
approach5_skyhost_run1,3324000,1779278895.420409
approach5_skyhost_run1,3325000,1779278895.422755
approach5_skyhost_run1,3326000,1779278895.424590
approach5_skyhost_run1,3327000,1779278895.426646
approach5_skyhost_run1,3328000,1779278895.428372
approach5_skyhost_run1,3329000,1779278895.430106
approach5_skyhost_run1,3330000,1779278895.475579
approach5_skyhost_run1,3331000,1779278895.535579
approach5_skyhost_run1,3332000,1779278895.537301
approach5_skyhost_run1,3333000,1779278895.539040
approach5_skyhost_run1,3334000,1779278895.540769
approach5_skyhost_run1,3335000,1779278895.546333
approach5_skyhost_run1,3336000,1779278895.639012
approach5_skyhost_run1,3337000,1779278895.640727
approach5_skyhost_run1,3338000,1779278895.642462
approach5_skyhost_run1,3339000,1779278895.644187
approach5_skyhost_run1,3340000,1779278895.669832
approach5_skyhost_run1,3341000,1779278895.727626
approach5_skyhost_run1,3342000,1779278895.729345
approach5_skyhost_run1,3343000,1779278895.731091
approach5_skyhost_run1,3344000,1779278895.732831
approach5_skyhost_run1,3345000,1779278895.743813
approach5_skyhost_run1,3346000,1779278895.830203
approach5_skyhost_run1,3347000,1779278895.831931
approach5_skyhost_run1,3348000,1779278895.833652
approach5_skyhost_run1,3349000,1779278895.835465
approach5_skyhost_run1,3350000,1779278895.843445
approach5_skyhost_run1,3351000,1779278895.975473
approach5_skyhost_run1,3352000,1779278895.977207
approach5_skyhost_run1,3353000,1779278895.978960
approach5_skyhost_run1,3354000,1779278895.980699
approach5_skyhost_run1,3355000,1779278895.988600
approach5_skyhost_run1,3356000,1779278896.036767
approach5_skyhost_run1,3357000,1779278896.038500
approach5_skyhost_run1,3358000,1779278896.040226
approach5_skyhost_run1,3359000,1779278896.041963
approach5_skyhost_run1,3360000,1779278896.049149
approach5_skyhost_run1,3361000,1779278896.139083
approach5_skyhost_run1,3362000,1779278896.140815
approach5_skyhost_run1,3363000,1779278896.142565
approach5_skyhost_run1,3364000,1779278896.144305
approach5_skyhost_run1,3365000,1779278896.151892
approach5_skyhost_run1,3366000,1779278896.225168
approach5_skyhost_run1,3367000,1779278896.226903
approach5_skyhost_run1,3368000,1779278896.228635
approach5_skyhost_run1,3369000,1779278896.230387
approach5_skyhost_run1,3370000,1779278896.246000
approach5_skyhost_run1,3371000,1779278896.247731
approach5_skyhost_run1,3372000,1779278896.249456
approach5_skyhost_run1,3373000,1779278896.334546
approach5_skyhost_run1,3374000,1779278896.336335
approach5_skyhost_run1,3375000,1779278896.338073
approach5_skyhost_run1,3376000,1779278896.346463
approach5_skyhost_run1,3377000,1779278896.348204
approach5_skyhost_run1,3378000,1779278896.349950
approach5_skyhost_run1,3379000,1779278896.351709
approach5_skyhost_run1,3380000,1779278896.402058
approach5_skyhost_run1,3381000,1779278896.447670
approach5_skyhost_run1,3382000,1779278896.449396
approach5_skyhost_run1,3383000,1779278896.451140
approach5_skyhost_run1,3384000,1779278896.452873
approach5_skyhost_run1,3385000,1779278896.463240
approach5_skyhost_run1,3386000,1779278896.542661
approach5_skyhost_run1,3387000,1779278896.544398
approach5_skyhost_run1,3388000,1779278896.546164
approach5_skyhost_run1,3389000,1779278896.547915
approach5_skyhost_run1,3390000,1779278896.577525
approach5_skyhost_run1,3391000,1779278896.579269
approach5_skyhost_run1,3392000,1779278896.581009
approach5_skyhost_run1,3393000,1779278896.661206
approach5_skyhost_run1,3394000,1779278896.662945
approach5_skyhost_run1,3395000,1779278896.664680
approach5_skyhost_run1,3396000,1779278896.797044
approach5_skyhost_run1,3397000,1779278896.798783
approach5_skyhost_run1,3398000,1779278896.800518
approach5_skyhost_run1,3399000,1779278896.802260
approach5_skyhost_run1,3400000,1779278896.811044
approach5_skyhost_run1,3401000,1779278896.856913
approach5_skyhost_run1,3402000,1779278896.858644
approach5_skyhost_run1,3403000,1779278896.860370
approach5_skyhost_run1,3404000,1779278896.862105
approach5_skyhost_run1,3405000,1779278896.875054
approach5_skyhost_run1,3406000,1779278896.902850
approach5_skyhost_run1,3407000,1779278896.904580
approach5_skyhost_run1,3408000,1779278896.906348
approach5_skyhost_run1,3409000,1779278896.908086
approach5_skyhost_run1,3410000,1779278896.921490
approach5_skyhost_run1,3411000,1779278896.923247
approach5_skyhost_run1,3412000,1779278896.925017
approach5_skyhost_run1,3413000,1779278897.012361
approach5_skyhost_run1,3414000,1779278897.014096
approach5_skyhost_run1,3415000,1779278897.015866
approach5_skyhost_run1,3416000,1779278897.061782
approach5_skyhost_run1,3417000,1779278897.063519
approach5_skyhost_run1,3418000,1779278897.065326
approach5_skyhost_run1,3419000,1779278897.067086
approach5_skyhost_run1,3420000,1779278897.075683
approach5_skyhost_run1,3421000,1779278897.165071
approach5_skyhost_run1,3422000,1779278897.166811
approach5_skyhost_run1,3423000,1779278897.168542
approach5_skyhost_run1,3424000,1779278897.170274
approach5_skyhost_run1,3425000,1779278897.179651
approach5_skyhost_run1,3426000,1779278897.267401
approach5_skyhost_run1,3427000,1779278897.269132
approach5_skyhost_run1,3428000,1779278897.270885
approach5_skyhost_run1,3429000,1779278897.272629
approach5_skyhost_run1,3430000,1779278897.282239
approach5_skyhost_run1,3431000,1779278897.369378
approach5_skyhost_run1,3432000,1779278897.371122
approach5_skyhost_run1,3433000,1779278897.372859
approach5_skyhost_run1,3434000,1779278897.374611
approach5_skyhost_run1,3435000,1779278897.384562
approach5_skyhost_run1,3436000,1779278897.472937
approach5_skyhost_run1,3437000,1779278897.474700
approach5_skyhost_run1,3438000,1779278897.476457
approach5_skyhost_run1,3439000,1779278897.478193
approach5_skyhost_run1,3440000,1779278897.488713
approach5_skyhost_run1,3441000,1779278897.575616
approach5_skyhost_run1,3442000,1779278897.577346
approach5_skyhost_run1,3443000,1779278897.579100
approach5_skyhost_run1,3444000,1779278897.580843
approach5_skyhost_run1,3445000,1779278897.589167
approach5_skyhost_run1,3446000,1779278897.694011
approach5_skyhost_run1,3447000,1779278897.695776
approach5_skyhost_run1,3448000,1779278897.697511
approach5_skyhost_run1,3449000,1779278897.699271
approach5_skyhost_run1,3450000,1779278897.725939
approach5_skyhost_run1,3451000,1779278897.780955
approach5_skyhost_run1,3452000,1779278897.782704
approach5_skyhost_run1,3453000,1779278897.784449
approach5_skyhost_run1,3454000,1779278897.786216
approach5_skyhost_run1,3455000,1779278897.794514
approach5_skyhost_run1,3456000,1779278897.947510
approach5_skyhost_run1,3457000,1779278897.949248
approach5_skyhost_run1,3458000,1779278897.951010
approach5_skyhost_run1,3459000,1779278897.952756
approach5_skyhost_run1,3460000,1779278897.958452
approach5_skyhost_run1,3461000,1779278897.986032
approach5_skyhost_run1,3462000,1779278897.987770
approach5_skyhost_run1,3463000,1779278897.989504
approach5_skyhost_run1,3464000,1779278897.991252
approach5_skyhost_run1,3465000,1779278898.000367
approach5_skyhost_run1,3466000,1779278898.130679
approach5_skyhost_run1,3467000,1779278898.132582
approach5_skyhost_run1,3468000,1779278898.135540
approach5_skyhost_run1,3469000,1779278898.137264
approach5_skyhost_run1,3470000,1779278898.139022
approach5_skyhost_run1,3471000,1779278898.140787
approach5_skyhost_run1,3472000,1779278898.142738
approach5_skyhost_run1,3473000,1779278898.144470
approach5_skyhost_run1,3474000,1779278898.146235
approach5_skyhost_run1,3475000,1779278898.153345
approach5_skyhost_run1,3476000,1779278898.155137
approach5_skyhost_run1,3477000,1779278898.156877
approach5_skyhost_run1,3478000,1779278898.243192
approach5_skyhost_run1,3479000,1779278898.244948
approach5_skyhost_run1,3480000,1779278898.246699
approach5_skyhost_run1,3481000,1779278898.292881
approach5_skyhost_run1,3482000,1779278898.294639
approach5_skyhost_run1,3483000,1779278898.296400
approach5_skyhost_run1,3484000,1779278898.298140
approach5_skyhost_run1,3485000,1779278898.307291
approach5_skyhost_run1,3486000,1779278898.399167
approach5_skyhost_run1,3487000,1779278898.400894
approach5_skyhost_run1,3488000,1779278898.402635
approach5_skyhost_run1,3489000,1779278898.404368
approach5_skyhost_run1,3490000,1779278898.411395
approach5_skyhost_run1,3491000,1779278898.511906
approach5_skyhost_run1,3492000,1779278898.513644
approach5_skyhost_run1,3493000,1779278898.515421
approach5_skyhost_run1,3494000,1779278898.517168
approach5_skyhost_run1,3495000,1779278898.543067
approach5_skyhost_run1,3496000,1779278898.603671
approach5_skyhost_run1,3497000,1779278898.605416
approach5_skyhost_run1,3498000,1779278898.607155
approach5_skyhost_run1,3499000,1779278898.608886
approach5_skyhost_run1,3500000,1779278898.617521
approach5_skyhost_run1,3501000,1779278898.705913
approach5_skyhost_run1,3502000,1779278898.707655
approach5_skyhost_run1,3503000,1779278898.709392
approach5_skyhost_run1,3504000,1779278898.711145
approach5_skyhost_run1,3505000,1779278898.719128
approach5_skyhost_run1,3506000,1779278898.807588
approach5_skyhost_run1,3507000,1779278898.809305
approach5_skyhost_run1,3508000,1779278898.811035
approach5_skyhost_run1,3509000,1779278898.812756
approach5_skyhost_run1,3510000,1779278898.821698
approach5_skyhost_run1,3511000,1779278898.956785
approach5_skyhost_run1,3512000,1779278898.958529
approach5_skyhost_run1,3513000,1779278898.960271
approach5_skyhost_run1,3514000,1779278898.962011
approach5_skyhost_run1,3515000,1779278898.971575
approach5_skyhost_run1,3516000,1779278899.012166
approach5_skyhost_run1,3517000,1779278899.013900
approach5_skyhost_run1,3518000,1779278899.015675
approach5_skyhost_run1,3519000,1779278899.017422
approach5_skyhost_run1,3520000,1779278899.027408
approach5_skyhost_run1,3521000,1779278899.115587
approach5_skyhost_run1,3522000,1779278899.117323
approach5_skyhost_run1,3523000,1779278899.119074
approach5_skyhost_run1,3524000,1779278899.120805
approach5_skyhost_run1,3525000,1779278899.127790
approach5_skyhost_run1,3526000,1779278899.217939
approach5_skyhost_run1,3527000,1779278899.219675
approach5_skyhost_run1,3528000,1779278899.221406
approach5_skyhost_run1,3529000,1779278899.223157
approach5_skyhost_run1,3530000,1779278899.232452
approach5_skyhost_run1,3531000,1779278899.319578
approach5_skyhost_run1,3532000,1779278899.321309
approach5_skyhost_run1,3533000,1779278899.323056
approach5_skyhost_run1,3534000,1779278899.324797
approach5_skyhost_run1,3535000,1779278899.333966
approach5_skyhost_run1,3536000,1779278899.423681
approach5_skyhost_run1,3537000,1779278899.425433
approach5_skyhost_run1,3538000,1779278899.427185
approach5_skyhost_run1,3539000,1779278899.428932
approach5_skyhost_run1,3540000,1779278899.436983
approach5_skyhost_run1,3541000,1779278899.530746
approach5_skyhost_run1,3542000,1779278899.532474
approach5_skyhost_run1,3543000,1779278899.534209
approach5_skyhost_run1,3544000,1779278899.536032
approach5_skyhost_run1,3545000,1779278899.543017
approach5_skyhost_run1,3546000,1779278899.628033
approach5_skyhost_run1,3547000,1779278899.629761
approach5_skyhost_run1,3548000,1779278899.631513
approach5_skyhost_run1,3549000,1779278899.633259
approach5_skyhost_run1,3550000,1779278899.645308
approach5_skyhost_run1,3551000,1779278899.766360
approach5_skyhost_run1,3552000,1779278899.768122
approach5_skyhost_run1,3553000,1779278899.769942
approach5_skyhost_run1,3554000,1779278899.772395
approach5_skyhost_run1,3555000,1779278899.774118
approach5_skyhost_run1,3556000,1779278899.775885
approach5_skyhost_run1,3557000,1779278899.777626
approach5_skyhost_run1,3558000,1779278899.803366
approach5_skyhost_run1,3559000,1779278899.805120
approach5_skyhost_run1,3560000,1779278899.857689
approach5_skyhost_run1,3561000,1779278899.859442
approach5_skyhost_run1,3562000,1779278900.300954
approach5_skyhost_run1,3563000,1779278900.302727
approach5_skyhost_run1,3564000,1779278900.304468
approach5_skyhost_run1,3565000,1779278900.306248
approach5_skyhost_run1,3566000,1779278900.314983
approach5_skyhost_run1,3567000,1779278900.404900
approach5_skyhost_run1,3568000,1779278900.406649
approach5_skyhost_run1,3569000,1779278900.408389
approach5_skyhost_run1,3570000,1779278900.410123
approach5_skyhost_run1,3571000,1779278900.417544
approach5_skyhost_run1,3572000,1779278900.453582
approach5_skyhost_run1,3573000,1779278900.455355
approach5_skyhost_run1,3574000,1779278900.457089
approach5_skyhost_run1,3575000,1779278900.458842
approach5_skyhost_run1,3576000,1779278900.472862
approach5_skyhost_run1,3577000,1779278900.474605
approach5_skyhost_run1,3578000,1779278900.476358
approach5_skyhost_run1,3579000,1779278900.478103
approach5_skyhost_run1,3580000,1779278900.559803
approach5_skyhost_run1,3581000,1779278900.561544
approach5_skyhost_run1,3582000,1779278900.654723
approach5_skyhost_run1,3583000,1779278900.656503
approach5_skyhost_run1,3584000,1779278900.658253
approach5_skyhost_run1,3585000,1779278900.660022
approach5_skyhost_run1,3586000,1779278900.671711
approach5_skyhost_run1,3587000,1779278900.713181
approach5_skyhost_run1,3588000,1779278900.714942
approach5_skyhost_run1,3589000,1779278900.716688
approach5_skyhost_run1,3590000,1779278900.718441
approach5_skyhost_run1,3591000,1779278900.727235
approach5_skyhost_run1,3592000,1779278900.820680
approach5_skyhost_run1,3593000,1779278900.822423
approach5_skyhost_run1,3594000,1779278900.824159
approach5_skyhost_run1,3595000,1779278900.825939
approach5_skyhost_run1,3596000,1779278900.835573
approach5_skyhost_run1,3597000,1779278900.919149
approach5_skyhost_run1,3598000,1779278900.920879
approach5_skyhost_run1,3599000,1779278900.922656
approach5_skyhost_run1,3600000,1779278900.924403
approach5_skyhost_run1,3601000,1779278900.938704
approach5_skyhost_run1,3602000,1779278901.021560
approach5_skyhost_run1,3603000,1779278901.023296
approach5_skyhost_run1,3604000,1779278901.025058
approach5_skyhost_run1,3605000,1779278901.026807
approach5_skyhost_run1,3606000,1779278901.037403
approach5_skyhost_run1,3607000,1779278901.125974
approach5_skyhost_run1,3608000,1779278901.127725
approach5_skyhost_run1,3609000,1779278901.129458
approach5_skyhost_run1,3610000,1779278901.131207
approach5_skyhost_run1,3611000,1779278901.190857
approach5_skyhost_run1,3612000,1779278901.274920
approach5_skyhost_run1,3613000,1779278901.276654
approach5_skyhost_run1,3614000,1779278901.278403
approach5_skyhost_run1,3615000,1779278901.280143
approach5_skyhost_run1,3616000,1779278901.290328
approach5_skyhost_run1,3617000,1779278901.369392
approach5_skyhost_run1,3618000,1779278901.371143
approach5_skyhost_run1,3619000,1779278901.372885
approach5_skyhost_run1,3620000,1779278901.374649
approach5_skyhost_run1,3621000,1779278901.383139
approach5_skyhost_run1,3622000,1779278901.430474
approach5_skyhost_run1,3623000,1779278901.432204
approach5_skyhost_run1,3624000,1779278901.433945
approach5_skyhost_run1,3625000,1779278901.435715
approach5_skyhost_run1,3626000,1779278901.446065
approach5_skyhost_run1,3627000,1779278901.534939
approach5_skyhost_run1,3628000,1779278901.536679
approach5_skyhost_run1,3629000,1779278901.538434
approach5_skyhost_run1,3630000,1779278901.540178
approach5_skyhost_run1,3631000,1779278901.548713
approach5_skyhost_run1,3632000,1779278901.737887
approach5_skyhost_run1,3633000,1779278901.739633
approach5_skyhost_run1,3634000,1779278901.741373
approach5_skyhost_run1,3635000,1779278901.743138
approach5_skyhost_run1,3636000,1779278901.751999
approach5_skyhost_run1,3637000,1779278901.857593
approach5_skyhost_run1,3638000,1779278901.859336
approach5_skyhost_run1,3639000,1779278901.861079
approach5_skyhost_run1,3640000,1779278901.862836
approach5_skyhost_run1,3641000,1779278901.888135
approach5_skyhost_run1,3642000,1779278901.890018
approach5_skyhost_run1,3643000,1779278901.891766
approach5_skyhost_run1,3644000,1779278901.893506
approach5_skyhost_run1,3645000,1779278901.895296
approach5_skyhost_run1,3646000,1779278901.957013
approach5_skyhost_run1,3647000,1779278901.958764
approach5_skyhost_run1,3648000,1779278901.960505
approach5_skyhost_run1,3649000,1779278901.962248
approach5_skyhost_run1,3650000,1779278902.048520
approach5_skyhost_run1,3651000,1779278902.050991
approach5_skyhost_run1,3652000,1779278902.052721
approach5_skyhost_run1,3653000,1779278902.054468
approach5_skyhost_run1,3654000,1779278902.056229
approach5_skyhost_run1,3655000,1779278902.057971
approach5_skyhost_run1,3656000,1779278902.061949
approach5_skyhost_run1,3657000,1779278902.093848
approach5_skyhost_run1,3658000,1779278902.095609
approach5_skyhost_run1,3659000,1779278902.097346
approach5_skyhost_run1,3660000,1779278902.099108
approach5_skyhost_run1,3661000,1779278902.113451
approach5_skyhost_run1,3662000,1779278902.115219
approach5_skyhost_run1,3663000,1779278902.116962
approach5_skyhost_run1,3664000,1779278902.118728
approach5_skyhost_run1,3665000,1779278902.199207
approach5_skyhost_run1,3666000,1779278902.200962
approach5_skyhost_run1,3667000,1779278902.266614
approach5_skyhost_run1,3668000,1779278902.268352
approach5_skyhost_run1,3669000,1779278902.270097
approach5_skyhost_run1,3670000,1779278902.271890
approach5_skyhost_run1,3671000,1779278902.297453
approach5_skyhost_run1,3672000,1779278902.398648
approach5_skyhost_run1,3673000,1779278902.400377
approach5_skyhost_run1,3674000,1779278902.402106
approach5_skyhost_run1,3675000,1779278902.403859
approach5_skyhost_run1,3676000,1779278902.412247
approach5_skyhost_run1,3677000,1779278902.457844
approach5_skyhost_run1,3678000,1779278902.459589
approach5_skyhost_run1,3679000,1779278902.461333
approach5_skyhost_run1,3680000,1779278902.463098
approach5_skyhost_run1,3681000,1779278902.471849
approach5_skyhost_run1,3682000,1779278902.663118
approach5_skyhost_run1,3683000,1779278902.664873
approach5_skyhost_run1,3684000,1779278902.666629
approach5_skyhost_run1,3685000,1779278902.668372
approach5_skyhost_run1,3686000,1779278902.677094
approach5_skyhost_run1,3687000,1779278902.711622
approach5_skyhost_run1,3688000,1779278902.713347
approach5_skyhost_run1,3689000,1779278902.715136
approach5_skyhost_run1,3690000,1779278902.716878
approach5_skyhost_run1,3691000,1779278902.777344
approach5_skyhost_run1,3692000,1779278902.779084
approach5_skyhost_run1,3693000,1779278902.780822
approach5_skyhost_run1,3694000,1779278902.782570
approach5_skyhost_run1,3695000,1779278902.836545
approach5_skyhost_run1,3696000,1779278902.838275
approach5_skyhost_run1,3697000,1779278902.840013
approach5_skyhost_run1,3698000,1779278902.841748
approach5_skyhost_run1,3699000,1779278902.860942
approach5_skyhost_run1,3700000,1779278902.862705
approach5_skyhost_run1,3701000,1779278902.864496
approach5_skyhost_run1,3702000,1779278902.866678
approach5_skyhost_run1,3703000,1779278902.868414
approach5_skyhost_run1,3704000,1779278902.870153
approach5_skyhost_run1,3705000,1779278902.951797
approach5_skyhost_run1,3706000,1779278902.953536
approach5_skyhost_run1,3707000,1779278902.970926
approach5_skyhost_run1,3708000,1779278902.972668
approach5_skyhost_run1,3709000,1779278902.974422
approach5_skyhost_run1,3710000,1779278902.976205
approach5_skyhost_run1,3711000,1779278902.984026
approach5_skyhost_run1,3712000,1779278903.072837
approach5_skyhost_run1,3713000,1779278903.074582
approach5_skyhost_run1,3714000,1779278903.076339
approach5_skyhost_run1,3715000,1779278903.078078
approach5_skyhost_run1,3716000,1779278903.086421
approach5_skyhost_run1,3717000,1779278903.178466
approach5_skyhost_run1,3718000,1779278903.180197
approach5_skyhost_run1,3719000,1779278903.181939
approach5_skyhost_run1,3720000,1779278903.183695
approach5_skyhost_run1,3721000,1779278903.192482
approach5_skyhost_run1,3722000,1779278903.259393
approach5_skyhost_run1,3723000,1779278903.261124
approach5_skyhost_run1,3724000,1779278903.262877
approach5_skyhost_run1,3725000,1779278903.264626
approach5_skyhost_run1,3726000,1779278903.279248
approach5_skyhost_run1,3727000,1779278903.280972
approach5_skyhost_run1,3728000,1779278903.282721
approach5_skyhost_run1,3729000,1779278903.284478
approach5_skyhost_run1,3730000,1779278903.324756
approach5_skyhost_run1,3731000,1779278903.326519
approach5_skyhost_run1,3732000,1779278903.328262
approach5_skyhost_run1,3733000,1779278903.330052
approach5_skyhost_run1,3734000,1779278903.343997
approach5_skyhost_run1,3735000,1779278903.345743
approach5_skyhost_run1,3736000,1779278903.347489
approach5_skyhost_run1,3737000,1779278903.364678
approach5_skyhost_run1,3738000,1779278903.366446
approach5_skyhost_run1,3739000,1779278903.368188
approach5_skyhost_run1,3740000,1779278903.435551
approach5_skyhost_run1,3741000,1779278903.437289
approach5_skyhost_run1,3742000,1779278903.486885
approach5_skyhost_run1,3743000,1779278903.488613
approach5_skyhost_run1,3744000,1779278903.490362
approach5_skyhost_run1,3745000,1779278903.492110
approach5_skyhost_run1,3746000,1779278903.500310
approach5_skyhost_run1,3747000,1779278903.586502
approach5_skyhost_run1,3748000,1779278903.588234
approach5_skyhost_run1,3749000,1779278903.589962
approach5_skyhost_run1,3750000,1779278903.591711
approach5_skyhost_run1,3751000,1779278903.602240
approach5_skyhost_run1,3752000,1779278903.692890
approach5_skyhost_run1,3753000,1779278903.694634
approach5_skyhost_run1,3754000,1779278903.696394
approach5_skyhost_run1,3755000,1779278903.698132
approach5_skyhost_run1,3756000,1779278903.707738
approach5_skyhost_run1,3757000,1779278903.794196
approach5_skyhost_run1,3758000,1779278903.795962
approach5_skyhost_run1,3759000,1779278903.797697
approach5_skyhost_run1,3760000,1779278903.799474
approach5_skyhost_run1,3761000,1779278903.807336
approach5_skyhost_run1,3762000,1779278903.896131
approach5_skyhost_run1,3763000,1779278903.897850
approach5_skyhost_run1,3764000,1779278903.899592
approach5_skyhost_run1,3765000,1779278903.901328
approach5_skyhost_run1,3766000,1779278903.910063
approach5_skyhost_run1,3767000,1779278903.999499
approach5_skyhost_run1,3768000,1779278904.001225
approach5_skyhost_run1,3769000,1779278904.002972
approach5_skyhost_run1,3770000,1779278904.004717
approach5_skyhost_run1,3771000,1779278904.013460
approach5_skyhost_run1,3772000,1779278904.099504
approach5_skyhost_run1,3773000,1779278904.101237
approach5_skyhost_run1,3774000,1779278904.102988
approach5_skyhost_run1,3775000,1779278904.104729
approach5_skyhost_run1,3776000,1779278904.116250
approach5_skyhost_run1,3777000,1779278904.210037
approach5_skyhost_run1,3778000,1779278904.211774
approach5_skyhost_run1,3779000,1779278904.213509
approach5_skyhost_run1,3780000,1779278904.215306
approach5_skyhost_run1,3781000,1779278904.224218
approach5_skyhost_run1,3782000,1779278904.286143
approach5_skyhost_run1,3783000,1779278904.287870
approach5_skyhost_run1,3784000,1779278904.289592
approach5_skyhost_run1,3785000,1779278904.291337
approach5_skyhost_run1,3786000,1779278904.306478
approach5_skyhost_run1,3787000,1779278904.308207
approach5_skyhost_run1,3788000,1779278904.309946
approach5_skyhost_run1,3789000,1779278904.311701
approach5_skyhost_run1,3790000,1779278904.396058
approach5_skyhost_run1,3791000,1779278904.398116
approach5_skyhost_run1,3792000,1779278904.399861
approach5_skyhost_run1,3793000,1779278904.401584
approach5_skyhost_run1,3794000,1779278904.403332
approach5_skyhost_run1,3795000,1779278904.405138
approach5_skyhost_run1,3796000,1779278904.414798
approach5_skyhost_run1,3797000,1779278904.416564
approach5_skyhost_run1,3798000,1779278904.418294
approach5_skyhost_run1,3799000,1779278904.420043
approach5_skyhost_run1,3800000,1779278904.499648
approach5_skyhost_run1,3801000,1779278904.501388
approach5_skyhost_run1,3802000,1779278904.515284
approach5_skyhost_run1,3803000,1779278904.517012
approach5_skyhost_run1,3804000,1779278904.518748
approach5_skyhost_run1,3805000,1779278904.520488
approach5_skyhost_run1,3806000,1779278904.530112
approach5_skyhost_run1,3807000,1779278904.614454
approach5_skyhost_run1,3808000,1779278904.616221
approach5_skyhost_run1,3809000,1779278904.617949
approach5_skyhost_run1,3810000,1779278904.619697
approach5_skyhost_run1,3811000,1779278904.668353
approach5_skyhost_run1,3812000,1779278904.817828
approach5_skyhost_run1,3813000,1779278904.819574
approach5_skyhost_run1,3814000,1779278904.821305
approach5_skyhost_run1,3815000,1779278904.823088
approach5_skyhost_run1,3816000,1779278904.832810
approach5_skyhost_run1,3817000,1779278904.906409
approach5_skyhost_run1,3818000,1779278904.908139
approach5_skyhost_run1,3819000,1779278904.909872
approach5_skyhost_run1,3820000,1779278904.911616
approach5_skyhost_run1,3821000,1779278904.926714
approach5_skyhost_run1,3822000,1779278904.928444
approach5_skyhost_run1,3823000,1779278904.930172
approach5_skyhost_run1,3824000,1779278904.931923
approach5_skyhost_run1,3825000,1779278905.013838
approach5_skyhost_run1,3826000,1779278905.015650
approach5_skyhost_run1,3827000,1779278905.024358
approach5_skyhost_run1,3828000,1779278905.026106
approach5_skyhost_run1,3829000,1779278905.027845
approach5_skyhost_run1,3830000,1779278905.029583
approach5_skyhost_run1,3831000,1779278905.040012
approach5_skyhost_run1,3832000,1779278905.166714
approach5_skyhost_run1,3833000,1779278905.168441
approach5_skyhost_run1,3834000,1779278905.170174
approach5_skyhost_run1,3835000,1779278905.171929
approach5_skyhost_run1,3836000,1779278905.181025
approach5_skyhost_run1,3837000,1779278905.228622
approach5_skyhost_run1,3838000,1779278905.230366
approach5_skyhost_run1,3839000,1779278905.232101
approach5_skyhost_run1,3840000,1779278905.233845
approach5_skyhost_run1,3841000,1779278905.244113
approach5_skyhost_run1,3842000,1779278905.343883
approach5_skyhost_run1,3843000,1779278905.345648
approach5_skyhost_run1,3844000,1779278905.347404
approach5_skyhost_run1,3845000,1779278905.349148
approach5_skyhost_run1,3846000,1779278905.376618
approach5_skyhost_run1,3847000,1779278905.434083
approach5_skyhost_run1,3848000,1779278905.435843
approach5_skyhost_run1,3849000,1779278905.437578
approach5_skyhost_run1,3850000,1779278905.439328
approach5_skyhost_run1,3851000,1779278905.447633
approach5_skyhost_run1,3852000,1779278905.527593
approach5_skyhost_run1,3853000,1779278905.529323
approach5_skyhost_run1,3854000,1779278905.531076
approach5_skyhost_run1,3855000,1779278905.532824
approach5_skyhost_run1,3856000,1779278905.543311
approach5_skyhost_run1,3857000,1779278905.621748
approach5_skyhost_run1,3858000,1779278905.623483
approach5_skyhost_run1,3859000,1779278905.625287
approach5_skyhost_run1,3860000,1779278905.627115
approach5_skyhost_run1,3861000,1779278905.628931
approach5_skyhost_run1,3862000,1779278905.642396
approach5_skyhost_run1,3863000,1779278905.644136
approach5_skyhost_run1,3864000,1779278905.645897
approach5_skyhost_run1,3865000,1779278905.647660
approach5_skyhost_run1,3866000,1779278905.653703
approach5_skyhost_run1,3867000,1779278905.741625
approach5_skyhost_run1,3868000,1779278905.743365
approach5_skyhost_run1,3869000,1779278905.745122
approach5_skyhost_run1,3870000,1779278905.746878
approach5_skyhost_run1,3871000,1779278905.760129
approach5_skyhost_run1,3872000,1779278905.844230
approach5_skyhost_run1,3873000,1779278905.846011
approach5_skyhost_run1,3874000,1779278905.847758
approach5_skyhost_run1,3875000,1779278905.849496
approach5_skyhost_run1,3876000,1779278905.857672
approach5_skyhost_run1,3877000,1779278905.986362
approach5_skyhost_run1,3878000,1779278905.988123
approach5_skyhost_run1,3879000,1779278905.989861
approach5_skyhost_run1,3880000,1779278905.991623
approach5_skyhost_run1,3881000,1779278905.999803
approach5_skyhost_run1,3882000,1779278906.051053
approach5_skyhost_run1,3883000,1779278906.052791
approach5_skyhost_run1,3884000,1779278906.054541
approach5_skyhost_run1,3885000,1779278906.056309
approach5_skyhost_run1,3886000,1779278906.063520
approach5_skyhost_run1,3887000,1779278906.152698
approach5_skyhost_run1,3888000,1779278906.154438
approach5_skyhost_run1,3889000,1779278906.156220
approach5_skyhost_run1,3890000,1779278906.157967
approach5_skyhost_run1,3891000,1779278906.168046
approach5_skyhost_run1,3892000,1779278906.298607
approach5_skyhost_run1,3893000,1779278906.300339
approach5_skyhost_run1,3894000,1779278906.302072
approach5_skyhost_run1,3895000,1779278906.303824
approach5_skyhost_run1,3896000,1779278906.318214
approach5_skyhost_run1,3897000,1779278906.319951
approach5_skyhost_run1,3898000,1779278906.321691
approach5_skyhost_run1,3899000,1779278906.323450
approach5_skyhost_run1,3900000,1779278906.409451
approach5_skyhost_run1,3901000,1779278906.411198
approach5_skyhost_run1,3902000,1779278906.609542
approach5_skyhost_run1,3903000,1779278906.611283
approach5_skyhost_run1,3904000,1779278906.613010
approach5_skyhost_run1,3905000,1779278906.614758
approach5_skyhost_run1,3906000,1779278906.629783
approach5_skyhost_run1,3907000,1779278906.631516
approach5_skyhost_run1,3908000,1779278906.633244
approach5_skyhost_run1,3909000,1779278906.635014
approach5_skyhost_run1,3910000,1779278906.716303
approach5_skyhost_run1,3911000,1779278906.718039
approach5_skyhost_run1,3912000,1779278906.809441
approach5_skyhost_run1,3913000,1779278906.811185
approach5_skyhost_run1,3914000,1779278906.812916
approach5_skyhost_run1,3915000,1779278906.814670
approach5_skyhost_run1,3916000,1779278906.821619
approach5_skyhost_run1,3917000,1779278906.869764
approach5_skyhost_run1,3918000,1779278906.871505
approach5_skyhost_run1,3919000,1779278906.873249
approach5_skyhost_run1,3920000,1779278906.875027
approach5_skyhost_run1,3921000,1779278906.882916
approach5_skyhost_run1,3922000,1779278907.014342
approach5_skyhost_run1,3923000,1779278907.016116
approach5_skyhost_run1,3924000,1779278907.017849
approach5_skyhost_run1,3925000,1779278907.019602
approach5_skyhost_run1,3926000,1779278907.030192
approach5_skyhost_run1,3927000,1779278907.073938
approach5_skyhost_run1,3928000,1779278907.075706
approach5_skyhost_run1,3929000,1779278907.077446
approach5_skyhost_run1,3930000,1779278907.079210
approach5_skyhost_run1,3931000,1779278907.087795
approach5_skyhost_run1,3932000,1779278907.176921
approach5_skyhost_run1,3933000,1779278907.178675
approach5_skyhost_run1,3934000,1779278907.180416
approach5_skyhost_run1,3935000,1779278907.182165
approach5_skyhost_run1,3936000,1779278907.193541
approach5_skyhost_run1,3937000,1779278907.281178
approach5_skyhost_run1,3938000,1779278907.282918
approach5_skyhost_run1,3939000,1779278907.284658
approach5_skyhost_run1,3940000,1779278907.286439
approach5_skyhost_run1,3941000,1779278907.295596
approach5_skyhost_run1,3942000,1779278907.382903
approach5_skyhost_run1,3943000,1779278907.384630
approach5_skyhost_run1,3944000,1779278907.386410
approach5_skyhost_run1,3945000,1779278907.388159
approach5_skyhost_run1,3946000,1779278907.396088
approach5_skyhost_run1,3947000,1779278907.484583
approach5_skyhost_run1,3948000,1779278907.486349
approach5_skyhost_run1,3949000,1779278907.488085
approach5_skyhost_run1,3950000,1779278907.489823
approach5_skyhost_run1,3951000,1779278907.498304
approach5_skyhost_run1,3952000,1779278907.532162
approach5_skyhost_run1,3953000,1779278907.533884
approach5_skyhost_run1,3954000,1779278907.535650
approach5_skyhost_run1,3955000,1779278907.537386
approach5_skyhost_run1,3956000,1779278907.595247
approach5_skyhost_run1,3957000,1779278907.596968
approach5_skyhost_run1,3958000,1779278907.598707
approach5_skyhost_run1,3959000,1779278907.600444
approach5_skyhost_run1,3960000,1779278907.685301
approach5_skyhost_run1,3961000,1779278907.687080
approach5_skyhost_run1,3962000,1779278907.690678
approach5_skyhost_run1,3963000,1779278907.692410
approach5_skyhost_run1,3964000,1779278907.694139
approach5_skyhost_run1,3965000,1779278907.695922
approach5_skyhost_run1,3966000,1779278907.704823
approach5_skyhost_run1,3967000,1779278907.897263
approach5_skyhost_run1,3968000,1779278907.899017
approach5_skyhost_run1,3969000,1779278907.900745
approach5_skyhost_run1,3970000,1779278907.902491
approach5_skyhost_run1,3971000,1779278907.908299
approach5_skyhost_run1,3972000,1779278907.997498
approach5_skyhost_run1,3973000,1779278907.999243
approach5_skyhost_run1,3974000,1779278908.000978
approach5_skyhost_run1,3975000,1779278908.002738
approach5_skyhost_run1,3976000,1779278908.012282
approach5_skyhost_run1,3977000,1779278908.099189
approach5_skyhost_run1,3978000,1779278908.100929
approach5_skyhost_run1,3979000,1779278908.102687
approach5_skyhost_run1,3980000,1779278908.104439
approach5_skyhost_run1,3981000,1779278908.167824
approach5_skyhost_run1,3982000,1779278908.200883
approach5_skyhost_run1,3983000,1779278908.202624
approach5_skyhost_run1,3984000,1779278908.204353
approach5_skyhost_run1,3985000,1779278908.206156
approach5_skyhost_run1,3986000,1779278908.256887
approach5_skyhost_run1,3987000,1779278908.304040
approach5_skyhost_run1,3988000,1779278908.305794
approach5_skyhost_run1,3989000,1779278908.307547
approach5_skyhost_run1,3990000,1779278908.309289
approach5_skyhost_run1,3991000,1779278908.318452
approach5_skyhost_run1,3992000,1779278908.409785
approach5_skyhost_run1,3993000,1779278908.411517
approach5_skyhost_run1,3994000,1779278908.413237
approach5_skyhost_run1,3995000,1779278908.415009
approach5_skyhost_run1,3996000,1779278908.430409
approach5_skyhost_run1,3997000,1779278908.510091
approach5_skyhost_run1,3998000,1779278908.511826
approach5_skyhost_run1,3999000,1779278908.513559
approach5_skyhost_run1,4000000,1779278908.515344
approach5_skyhost_run1,4001000,1779278908.525643
approach5_skyhost_run1,4002000,1779278908.626052
approach5_skyhost_run1,4003000,1779278908.627781
approach5_skyhost_run1,4004000,1779278908.629514
approach5_skyhost_run1,4005000,1779278908.631256
approach5_skyhost_run1,4006000,1779278908.702881
approach5_skyhost_run1,4007000,1779278908.716177
approach5_skyhost_run1,4008000,1779278908.717905
approach5_skyhost_run1,4009000,1779278908.719648
approach5_skyhost_run1,4010000,1779278908.721395
approach5_skyhost_run1,4011000,1779278908.729238
approach5_skyhost_run1,4012000,1779278908.817885
approach5_skyhost_run1,4013000,1779278908.819624
approach5_skyhost_run1,4014000,1779278908.821356
approach5_skyhost_run1,4015000,1779278908.823103
approach5_skyhost_run1,4016000,1779278908.831421
approach5_skyhost_run1,4017000,1779278908.923150
approach5_skyhost_run1,4018000,1779278908.924903
approach5_skyhost_run1,4019000,1779278908.926668
approach5_skyhost_run1,4020000,1779278908.928404
approach5_skyhost_run1,4021000,1779278908.935420
approach5_skyhost_run1,4022000,1779278909.023324
approach5_skyhost_run1,4023000,1779278909.025077
approach5_skyhost_run1,4024000,1779278909.026826
approach5_skyhost_run1,4025000,1779278909.028564
approach5_skyhost_run1,4026000,1779278909.036396
approach5_skyhost_run1,4027000,1779278909.123051
approach5_skyhost_run1,4028000,1779278909.124775
approach5_skyhost_run1,4029000,1779278909.126544
approach5_skyhost_run1,4030000,1779278909.128292
approach5_skyhost_run1,4031000,1779278909.138674
approach5_skyhost_run1,4032000,1779278909.226056
approach5_skyhost_run1,4033000,1779278909.227784
approach5_skyhost_run1,4034000,1779278909.229516
approach5_skyhost_run1,4035000,1779278909.231267
approach5_skyhost_run1,4036000,1779278909.240026
approach5_skyhost_run1,4037000,1779278909.331749
approach5_skyhost_run1,4038000,1779278909.333484
approach5_skyhost_run1,4039000,1779278909.335268
approach5_skyhost_run1,4040000,1779278909.337013
approach5_skyhost_run1,4041000,1779278909.344131
approach5_skyhost_run1,4042000,1779278909.471612
approach5_skyhost_run1,4043000,1779278909.473350
approach5_skyhost_run1,4044000,1779278909.475135
approach5_skyhost_run1,4045000,1779278909.476879
approach5_skyhost_run1,4046000,1779278909.484884
approach5_skyhost_run1,4047000,1779278909.536359
approach5_skyhost_run1,4048000,1779278909.538132
approach5_skyhost_run1,4049000,1779278909.539898
approach5_skyhost_run1,4050000,1779278909.541645
approach5_skyhost_run1,4051000,1779278909.548983
approach5_skyhost_run1,4052000,1779278909.675903
approach5_skyhost_run1,4053000,1779278909.677640
approach5_skyhost_run1,4054000,1779278909.679430
approach5_skyhost_run1,4055000,1779278909.681246
approach5_skyhost_run1,4056000,1779278909.683707
approach5_skyhost_run1,4057000,1779278909.685500
approach5_skyhost_run1,4058000,1779278909.687417
approach5_skyhost_run1,4059000,1779278909.689207
approach5_skyhost_run1,4060000,1779278909.690965
approach5_skyhost_run1,4061000,1779278909.702580
approach5_skyhost_run1,4062000,1779278909.704310
approach5_skyhost_run1,4063000,1779278909.706064
approach5_skyhost_run1,4064000,1779278909.707816
approach5_skyhost_run1,4065000,1779278909.793463
approach5_skyhost_run1,4066000,1779278909.795237
approach5_skyhost_run1,4067000,1779278909.843047
approach5_skyhost_run1,4068000,1779278909.844779
approach5_skyhost_run1,4069000,1779278909.846539
approach5_skyhost_run1,4070000,1779278909.848276
approach5_skyhost_run1,4071000,1779278909.857080
approach5_skyhost_run1,4072000,1779278909.944148
approach5_skyhost_run1,4073000,1779278909.945914
approach5_skyhost_run1,4074000,1779278909.947660
approach5_skyhost_run1,4075000,1779278909.949399
approach5_skyhost_run1,4076000,1779278909.958844
approach5_skyhost_run1,4077000,1779278909.991388
approach5_skyhost_run1,4078000,1779278909.993121
approach5_skyhost_run1,4079000,1779278909.994898
approach5_skyhost_run1,4080000,1779278909.996635
approach5_skyhost_run1,4081000,1779278910.009999
approach5_skyhost_run1,4082000,1779278910.011742
approach5_skyhost_run1,4083000,1779278910.013475
approach5_skyhost_run1,4084000,1779278910.015245
approach5_skyhost_run1,4085000,1779278910.096910
approach5_skyhost_run1,4086000,1779278910.098978
approach5_skyhost_run1,4087000,1779278910.100716
approach5_skyhost_run1,4088000,1779278910.102471
approach5_skyhost_run1,4089000,1779278910.104215
approach5_skyhost_run1,4090000,1779278910.105987
approach5_skyhost_run1,4091000,1779278910.118425
approach5_skyhost_run1,4092000,1779278910.120155
approach5_skyhost_run1,4093000,1779278910.121886
approach5_skyhost_run1,4094000,1779278910.123639
approach5_skyhost_run1,4095000,1779278910.195818
approach5_skyhost_run1,4096000,1779278910.197551
approach5_skyhost_run1,4097000,1779278910.199305
approach5_skyhost_run1,4098000,1779278910.201050
approach5_skyhost_run1,4099000,1779278910.209828
approach5_skyhost_run1,4100000,1779278910.211614
approach5_skyhost_run1,4101000,1779278910.215215
approach5_skyhost_run1,4102000,1779278910.216945
approach5_skyhost_run1,4103000,1779278910.218692
approach5_skyhost_run1,4104000,1779278910.220428
approach5_skyhost_run1,4105000,1779278910.298580
approach5_skyhost_run1,4106000,1779278910.300322
approach5_skyhost_run1,4107000,1779278910.302070
approach5_skyhost_run1,4108000,1779278910.303876
approach5_skyhost_run1,4109000,1779278910.306401
approach5_skyhost_run1,4110000,1779278910.308142
approach5_skyhost_run1,4111000,1779278910.363600
approach5_skyhost_run1,4112000,1779278910.365365
approach5_skyhost_run1,4113000,1779278910.367106
approach5_skyhost_run1,4114000,1779278910.368845
approach5_skyhost_run1,4115000,1779278910.454527
approach5_skyhost_run1,4116000,1779278910.456305
approach5_skyhost_run1,4117000,1779278910.561627
approach5_skyhost_run1,4118000,1779278910.563376
approach5_skyhost_run1,4119000,1779278910.565144
approach5_skyhost_run1,4120000,1779278910.566905
approach5_skyhost_run1,4121000,1779278910.576145
approach5_skyhost_run1,4122000,1779278910.753829
approach5_skyhost_run1,4123000,1779278910.755603
approach5_skyhost_run1,4124000,1779278910.757338
approach5_skyhost_run1,4125000,1779278910.759094
approach5_skyhost_run1,4126000,1779278910.774124
approach5_skyhost_run1,4127000,1779278910.775892
approach5_skyhost_run1,4128000,1779278910.777636
approach5_skyhost_run1,4129000,1779278910.779386
approach5_skyhost_run1,4130000,1779278910.865198
approach5_skyhost_run1,4131000,1779278910.866963
approach5_skyhost_run1,4132000,1779278910.870775
approach5_skyhost_run1,4133000,1779278910.872516
approach5_skyhost_run1,4134000,1779278910.874261
approach5_skyhost_run1,4135000,1779278910.876045
approach5_skyhost_run1,4136000,1779278910.885138
approach5_skyhost_run1,4137000,1779278911.009190
approach5_skyhost_run1,4138000,1779278911.010940
approach5_skyhost_run1,4139000,1779278911.012683
approach5_skyhost_run1,4140000,1779278911.025914
approach5_skyhost_run1,4141000,1779278911.027655
approach5_skyhost_run1,4142000,1779278911.074999
approach5_skyhost_run1,4143000,1779278911.076734
approach5_skyhost_run1,4144000,1779278911.078477
approach5_skyhost_run1,4145000,1779278911.080221
approach5_skyhost_run1,4146000,1779278911.088813
approach5_skyhost_run1,4147000,1779278911.177366
approach5_skyhost_run1,4148000,1779278911.179106
approach5_skyhost_run1,4149000,1779278911.180843
approach5_skyhost_run1,4150000,1779278911.182608
approach5_skyhost_run1,4151000,1779278911.191181
approach5_skyhost_run1,4152000,1779278911.279705
approach5_skyhost_run1,4153000,1779278911.281444
approach5_skyhost_run1,4154000,1779278911.283188
approach5_skyhost_run1,4155000,1779278911.284942
approach5_skyhost_run1,4156000,1779278911.295010
approach5_skyhost_run1,4157000,1779278911.393596
approach5_skyhost_run1,4158000,1779278911.395368
approach5_skyhost_run1,4159000,1779278911.397107
approach5_skyhost_run1,4160000,1779278911.398863
approach5_skyhost_run1,4161000,1779278911.424034
approach5_skyhost_run1,4162000,1779278911.484380
approach5_skyhost_run1,4163000,1779278911.486134
approach5_skyhost_run1,4164000,1779278911.487883
approach5_skyhost_run1,4165000,1779278911.489619
approach5_skyhost_run1,4166000,1779278911.497655
approach5_skyhost_run1,4167000,1779278911.573249
approach5_skyhost_run1,4168000,1779278911.575023
approach5_skyhost_run1,4169000,1779278911.576768
approach5_skyhost_run1,4170000,1779278911.578534
approach5_skyhost_run1,4171000,1779278911.592830
approach5_skyhost_run1,4172000,1779278911.594573
approach5_skyhost_run1,4173000,1779278911.596348
approach5_skyhost_run1,4174000,1779278911.598152
approach5_skyhost_run1,4175000,1779278911.682879
approach5_skyhost_run1,4176000,1779278911.684616
approach5_skyhost_run1,4177000,1779278911.689118
approach5_skyhost_run1,4178000,1779278911.690854
approach5_skyhost_run1,4179000,1779278911.692583
approach5_skyhost_run1,4180000,1779278911.694325
approach5_skyhost_run1,4181000,1779278911.704333
approach5_skyhost_run1,4182000,1779278911.791849
approach5_skyhost_run1,4183000,1779278911.793581
approach5_skyhost_run1,4184000,1779278911.795351
approach5_skyhost_run1,4185000,1779278911.797076
approach5_skyhost_run1,4186000,1779278911.807966
approach5_skyhost_run1,4187000,1779278911.934344
approach5_skyhost_run1,4188000,1779278911.936095
approach5_skyhost_run1,4189000,1779278911.937823
approach5_skyhost_run1,4190000,1779278911.939570
approach5_skyhost_run1,4191000,1779278911.950408
approach5_skyhost_run1,4192000,1779278912.005101
approach5_skyhost_run1,4193000,1779278912.006871
approach5_skyhost_run1,4194000,1779278912.008617
approach5_skyhost_run1,4195000,1779278912.010381
approach5_skyhost_run1,4196000,1779278912.041436
approach5_skyhost_run1,4197000,1779278912.100232
approach5_skyhost_run1,4198000,1779278912.101950
approach5_skyhost_run1,4199000,1779278912.103691
approach5_skyhost_run1,4200000,1779278912.105456
approach5_skyhost_run1,4201000,1779278912.112434
approach5_skyhost_run1,4202000,1779278912.244024
approach5_skyhost_run1,4203000,1779278912.245771
approach5_skyhost_run1,4204000,1779278912.247514
approach5_skyhost_run1,4205000,1779278912.249252
approach5_skyhost_run1,4206000,1779278912.256763
approach5_skyhost_run1,4207000,1779278912.304013
approach5_skyhost_run1,4208000,1779278912.305764
approach5_skyhost_run1,4209000,1779278912.307504
approach5_skyhost_run1,4210000,1779278912.309239
approach5_skyhost_run1,4211000,1779278912.317778
approach5_skyhost_run1,4212000,1779278912.411780
approach5_skyhost_run1,4213000,1779278912.413514
approach5_skyhost_run1,4214000,1779278912.415314
approach5_skyhost_run1,4215000,1779278912.417055
approach5_skyhost_run1,4216000,1779278912.426082
approach5_skyhost_run1,4217000,1779278912.507783
approach5_skyhost_run1,4218000,1779278912.509506
approach5_skyhost_run1,4219000,1779278912.511248
approach5_skyhost_run1,4220000,1779278912.512983
approach5_skyhost_run1,4221000,1779278912.521512
approach5_skyhost_run1,4222000,1779278912.623969
approach5_skyhost_run1,4223000,1779278912.625726
approach5_skyhost_run1,4224000,1779278912.627485
approach5_skyhost_run1,4225000,1779278912.629235
approach5_skyhost_run1,4226000,1779278912.653389
approach5_skyhost_run1,4227000,1779278912.713476
approach5_skyhost_run1,4228000,1779278912.715241
approach5_skyhost_run1,4229000,1779278912.716982
approach5_skyhost_run1,4230000,1779278912.718741
approach5_skyhost_run1,4231000,1779278912.727290
approach5_skyhost_run1,4232000,1779278912.814755
approach5_skyhost_run1,4233000,1779278912.816500
approach5_skyhost_run1,4234000,1779278912.818225
approach5_skyhost_run1,4235000,1779278912.819979
approach5_skyhost_run1,4236000,1779278912.828156
approach5_skyhost_run1,4237000,1779278912.917019
approach5_skyhost_run1,4238000,1779278912.918763
approach5_skyhost_run1,4239000,1779278912.920500
approach5_skyhost_run1,4240000,1779278912.922264
approach5_skyhost_run1,4241000,1779278912.931479
approach5_skyhost_run1,4242000,1779278913.019569
approach5_skyhost_run1,4243000,1779278913.021303
approach5_skyhost_run1,4244000,1779278913.023049
approach5_skyhost_run1,4245000,1779278913.024787
approach5_skyhost_run1,4246000,1779278913.074378
approach5_skyhost_run1,4247000,1779278913.110331
approach5_skyhost_run1,4248000,1779278913.112058
approach5_skyhost_run1,4249000,1779278913.113790
approach5_skyhost_run1,4250000,1779278913.115582
approach5_skyhost_run1,4251000,1779278913.130572
approach5_skyhost_run1,4252000,1779278913.132297
approach5_skyhost_run1,4253000,1779278913.134029
approach5_skyhost_run1,4254000,1779278913.135810
approach5_skyhost_run1,4255000,1779278913.169498
approach5_skyhost_run1,4256000,1779278913.171254
approach5_skyhost_run1,4257000,1779278913.172990
approach5_skyhost_run1,4258000,1779278913.174768
approach5_skyhost_run1,4259000,1779278913.188491
approach5_skyhost_run1,4260000,1779278913.190215
approach5_skyhost_run1,4261000,1779278913.191962
approach5_skyhost_run1,4262000,1779278913.219913
approach5_skyhost_run1,4263000,1779278913.221639
approach5_skyhost_run1,4264000,1779278913.223379
approach5_skyhost_run1,4265000,1779278913.273182
approach5_skyhost_run1,4266000,1779278913.274960
approach5_skyhost_run1,4267000,1779278913.328156
approach5_skyhost_run1,4268000,1779278913.329879
approach5_skyhost_run1,4269000,1779278913.331616
approach5_skyhost_run1,4270000,1779278913.333343
approach5_skyhost_run1,4271000,1779278913.341973
approach5_skyhost_run1,4272000,1779278913.432218
approach5_skyhost_run1,4273000,1779278913.433940
approach5_skyhost_run1,4274000,1779278913.435720
approach5_skyhost_run1,4275000,1779278913.437463
approach5_skyhost_run1,4276000,1779278913.446028
approach5_skyhost_run1,4277000,1779278913.558415
approach5_skyhost_run1,4278000,1779278913.560139
approach5_skyhost_run1,4279000,1779278913.561866
approach5_skyhost_run1,4280000,1779278913.563614
approach5_skyhost_run1,4281000,1779278913.595461
approach5_skyhost_run1,4282000,1779278913.597183
approach5_skyhost_run1,4283000,1779278913.598920
approach5_skyhost_run1,4284000,1779278913.600648
approach5_skyhost_run1,4285000,1779278913.640099
approach5_skyhost_run1,4286000,1779278913.641827
approach5_skyhost_run1,4287000,1779278913.643566
approach5_skyhost_run1,4288000,1779278913.645330
approach5_skyhost_run1,4289000,1779278913.650809
approach5_skyhost_run1,4290000,1779278913.680416
approach5_skyhost_run1,4291000,1779278913.682153
approach5_skyhost_run1,4292000,1779278913.738998
approach5_skyhost_run1,4293000,1779278913.740725
approach5_skyhost_run1,4294000,1779278913.742471
approach5_skyhost_run1,4295000,1779278913.744222
approach5_skyhost_run1,4296000,1779278913.753733
approach5_skyhost_run1,4297000,1779278913.784432
approach5_skyhost_run1,4298000,1779278913.786183
approach5_skyhost_run1,4299000,1779278913.787926
approach5_skyhost_run1,4300000,1779278913.789713
approach5_skyhost_run1,4301000,1779278913.847145
approach5_skyhost_run1,4302000,1779278913.848874
approach5_skyhost_run1,4303000,1779278913.850615
approach5_skyhost_run1,4304000,1779278913.852360
approach5_skyhost_run1,4305000,1779278913.936356
approach5_skyhost_run1,4306000,1779278913.938150
approach5_skyhost_run1,4307000,1779278913.944309
approach5_skyhost_run1,4308000,1779278913.946066
approach5_skyhost_run1,4309000,1779278913.947813
approach5_skyhost_run1,4310000,1779278913.949554
approach5_skyhost_run1,4311000,1779278913.959450
approach5_skyhost_run1,4312000,1779278914.048458
approach5_skyhost_run1,4313000,1779278914.050188
approach5_skyhost_run1,4314000,1779278914.051939
approach5_skyhost_run1,4315000,1779278914.053676
approach5_skyhost_run1,4316000,1779278914.063810
approach5_skyhost_run1,4317000,1779278914.149969
approach5_skyhost_run1,4318000,1779278914.151714
approach5_skyhost_run1,4319000,1779278914.153471
approach5_skyhost_run1,4320000,1779278914.155274
approach5_skyhost_run1,4321000,1779278914.162282
approach5_skyhost_run1,4322000,1779278914.260953
approach5_skyhost_run1,4323000,1779278914.262704
approach5_skyhost_run1,4324000,1779278914.264447
approach5_skyhost_run1,4325000,1779278914.266214
approach5_skyhost_run1,4326000,1779278914.276960
approach5_skyhost_run1,4327000,1779278914.297288
approach5_skyhost_run1,4328000,1779278914.299023
approach5_skyhost_run1,4329000,1779278914.300756
approach5_skyhost_run1,4330000,1779278914.302508
approach5_skyhost_run1,4331000,1779278914.317419
approach5_skyhost_run1,4332000,1779278914.319155
approach5_skyhost_run1,4333000,1779278914.320891
approach5_skyhost_run1,4334000,1779278914.322645
approach5_skyhost_run1,4335000,1779278914.408539
approach5_skyhost_run1,4336000,1779278914.410274
approach5_skyhost_run1,4337000,1779278914.458356
approach5_skyhost_run1,4338000,1779278914.460086
approach5_skyhost_run1,4339000,1779278914.461817
approach5_skyhost_run1,4340000,1779278914.463566
approach5_skyhost_run1,4341000,1779278914.471217
approach5_skyhost_run1,4342000,1779278914.561234
approach5_skyhost_run1,4343000,1779278914.562971
approach5_skyhost_run1,4344000,1779278914.564699
approach5_skyhost_run1,4345000,1779278914.566480
approach5_skyhost_run1,4346000,1779278914.576005
approach5_skyhost_run1,4347000,1779278914.663821
approach5_skyhost_run1,4348000,1779278914.665580
approach5_skyhost_run1,4349000,1779278914.667328
approach5_skyhost_run1,4350000,1779278914.669070
approach5_skyhost_run1,4351000,1779278914.677450
approach5_skyhost_run1,4352000,1779278914.764999
approach5_skyhost_run1,4353000,1779278914.766748
approach5_skyhost_run1,4354000,1779278914.768489
approach5_skyhost_run1,4355000,1779278914.770240
approach5_skyhost_run1,4356000,1779278914.779016
approach5_skyhost_run1,4357000,1779278914.811521
approach5_skyhost_run1,4358000,1779278914.813248
approach5_skyhost_run1,4359000,1779278914.815019
approach5_skyhost_run1,4360000,1779278914.816764
approach5_skyhost_run1,4361000,1779278914.831193
approach5_skyhost_run1,4362000,1779278914.832915
approach5_skyhost_run1,4363000,1779278914.834694
approach5_skyhost_run1,4364000,1779278914.836468
approach5_skyhost_run1,4365000,1779278914.918185
approach5_skyhost_run1,4366000,1779278914.919927
approach5_skyhost_run1,4367000,1779278915.012146
approach5_skyhost_run1,4368000,1779278915.013869
approach5_skyhost_run1,4369000,1779278915.015628
approach5_skyhost_run1,4370000,1779278915.017358
approach5_skyhost_run1,4371000,1779278915.024151
approach5_skyhost_run1,4372000,1779278915.087377
approach5_skyhost_run1,4373000,1779278915.089101
approach5_skyhost_run1,4374000,1779278915.090849
approach5_skyhost_run1,4375000,1779278915.092583
approach5_skyhost_run1,4376000,1779278915.112527
approach5_skyhost_run1,4377000,1779278915.278265
approach5_skyhost_run1,4378000,1779278915.279992
approach5_skyhost_run1,4379000,1779278915.281716
approach5_skyhost_run1,4380000,1779278915.283464
approach5_skyhost_run1,4381000,1779278915.293468
approach5_skyhost_run1,4382000,1779278915.325512
approach5_skyhost_run1,4383000,1779278915.327256
approach5_skyhost_run1,4384000,1779278915.328999
approach5_skyhost_run1,4385000,1779278915.330761
approach5_skyhost_run1,4386000,1779278915.349608
approach5_skyhost_run1,4387000,1779278915.351341
approach5_skyhost_run1,4388000,1779278915.353071
approach5_skyhost_run1,4389000,1779278915.354841
approach5_skyhost_run1,4390000,1779278915.436996
approach5_skyhost_run1,4391000,1779278915.438743
approach5_skyhost_run1,4392000,1779278915.482322
approach5_skyhost_run1,4393000,1779278915.484045
approach5_skyhost_run1,4394000,1779278915.485807
approach5_skyhost_run1,4395000,1779278915.487563
approach5_skyhost_run1,4396000,1779278915.496664
approach5_skyhost_run1,4397000,1779278915.626470
approach5_skyhost_run1,4398000,1779278915.628194
approach5_skyhost_run1,4399000,1779278915.629920
approach5_skyhost_run1,4400000,1779278915.631667
approach5_skyhost_run1,4401000,1779278915.640390
approach5_skyhost_run1,4402000,1779278915.687003
approach5_skyhost_run1,4403000,1779278915.688738
approach5_skyhost_run1,4404000,1779278915.690486
approach5_skyhost_run1,4405000,1779278915.692227
approach5_skyhost_run1,4406000,1779278915.701345
approach5_skyhost_run1,4407000,1779278916.056595
approach5_skyhost_run1,4408000,1779278916.058331
approach5_skyhost_run1,4409000,1779278916.060066
approach5_skyhost_run1,4410000,1779278916.061804
approach5_skyhost_run1,4411000,1779278916.078010
approach5_skyhost_run1,4412000,1779278916.079748
approach5_skyhost_run1,4413000,1779278916.081482
approach5_skyhost_run1,4414000,1779278916.083233
approach5_skyhost_run1,4415000,1779278916.089793
approach5_skyhost_run1,4416000,1779278916.097683
approach5_skyhost_run1,4417000,1779278916.099419
approach5_skyhost_run1,4418000,1779278916.101155
approach5_skyhost_run1,4419000,1779278916.102907
approach5_skyhost_run1,4420000,1779278916.188371
approach5_skyhost_run1,4421000,1779278916.190111
approach5_skyhost_run1,4422000,1779278916.198178
approach5_skyhost_run1,4423000,1779278916.199905
approach5_skyhost_run1,4424000,1779278916.201632
approach5_skyhost_run1,4425000,1779278916.203372
approach5_skyhost_run1,4426000,1779278916.250008
approach5_skyhost_run1,4427000,1779278916.251757
approach5_skyhost_run1,4428000,1779278916.253481
approach5_skyhost_run1,4429000,1779278916.255273
approach5_skyhost_run1,4430000,1779278916.269288
approach5_skyhost_run1,4431000,1779278916.271024
approach5_skyhost_run1,4432000,1779278916.272749
approach5_skyhost_run1,4433000,1779278916.274494
approach5_skyhost_run1,4434000,1779278916.354156
approach5_skyhost_run1,4435000,1779278916.355934
approach5_skyhost_run1,4436000,1779278916.685598
approach5_skyhost_run1,4437000,1779278916.687348
approach5_skyhost_run1,4438000,1779278916.689089
approach5_skyhost_run1,4439000,1779278916.690846
approach5_skyhost_run1,4440000,1779278916.713542
approach5_skyhost_run1,4441000,1779278916.721097
approach5_skyhost_run1,4442000,1779278916.722840
approach5_skyhost_run1,4443000,1779278916.724566
approach5_skyhost_run1,4444000,1779278916.726322
approach5_skyhost_run1,4445000,1779278916.739903
approach5_skyhost_run1,4446000,1779278916.741642
approach5_skyhost_run1,4447000,1779278916.743389
approach5_skyhost_run1,4448000,1779278916.745160
approach5_skyhost_run1,4449000,1779278916.827108
approach5_skyhost_run1,4450000,1779278916.828840
approach5_skyhost_run1,4451000,1779278916.879163
approach5_skyhost_run1,4452000,1779278916.880891
approach5_skyhost_run1,4453000,1779278916.882626
approach5_skyhost_run1,4454000,1779278916.884355
approach5_skyhost_run1,4455000,1779278916.937171
approach5_skyhost_run1,4456000,1779278916.982582
approach5_skyhost_run1,4457000,1779278916.984313
approach5_skyhost_run1,4458000,1779278916.986069
approach5_skyhost_run1,4459000,1779278916.987818
approach5_skyhost_run1,4460000,1779278916.998312
approach5_skyhost_run1,4461000,1779278917.037723
approach5_skyhost_run1,4462000,1779278917.039457
approach5_skyhost_run1,4463000,1779278917.041189
approach5_skyhost_run1,4464000,1779278917.042945
approach5_skyhost_run1,4465000,1779278917.069904
approach5_skyhost_run1,4466000,1779278917.071650
approach5_skyhost_run1,4467000,1779278917.073407
approach5_skyhost_run1,4468000,1779278917.075188
approach5_skyhost_run1,4469000,1779278917.160854
approach5_skyhost_run1,4470000,1779278917.162598
approach5_skyhost_run1,4471000,1779278917.494331
approach5_skyhost_run1,4472000,1779278917.496077
approach5_skyhost_run1,4473000,1779278917.497797
approach5_skyhost_run1,4474000,1779278917.499536
approach5_skyhost_run1,4475000,1779278917.507560
approach5_skyhost_run1,4476000,1779278917.651901
approach5_skyhost_run1,4477000,1779278917.653630
approach5_skyhost_run1,4478000,1779278917.655396
approach5_skyhost_run1,4479000,1779278917.657150
approach5_skyhost_run1,4480000,1779278917.689851
approach5_skyhost_run1,4481000,1779278917.691599
approach5_skyhost_run1,4482000,1779278917.693339
approach5_skyhost_run1,4483000,1779278917.695119
approach5_skyhost_run1,4484000,1779278917.700522
approach5_skyhost_run1,4485000,1779278917.702253
approach5_skyhost_run1,4486000,1779278917.703998
approach5_skyhost_run1,4487000,1779278917.705760
approach5_skyhost_run1,4488000,1779278917.715939
approach5_skyhost_run1,4489000,1779278917.774768
approach5_skyhost_run1,4490000,1779278917.776543
approach5_skyhost_run1,4491000,1779278917.801589
approach5_skyhost_run1,4492000,1779278917.803319
approach5_skyhost_run1,4493000,1779278917.805068
approach5_skyhost_run1,4494000,1779278917.806812
approach5_skyhost_run1,4495000,1779278917.818791
approach5_skyhost_run1,4496000,1779278917.905828
approach5_skyhost_run1,4497000,1779278917.907568
approach5_skyhost_run1,4498000,1779278917.909303
approach5_skyhost_run1,4499000,1779278917.911056
approach5_skyhost_run1,4500000,1779278917.924615
approach5_skyhost_run1,4501000,1779278918.007261
approach5_skyhost_run1,4502000,1779278918.008999
approach5_skyhost_run1,4503000,1779278918.010745
approach5_skyhost_run1,4504000,1779278918.012484
approach5_skyhost_run1,4505000,1779278918.023332
approach5_skyhost_run1,4506000,1779278918.109000
approach5_skyhost_run1,4507000,1779278918.110737
approach5_skyhost_run1,4508000,1779278918.112499
approach5_skyhost_run1,4509000,1779278918.114249
approach5_skyhost_run1,4510000,1779278918.124197
approach5_skyhost_run1,4511000,1779278918.272427
approach5_skyhost_run1,4512000,1779278918.274157
approach5_skyhost_run1,4513000,1779278918.275932
approach5_skyhost_run1,4514000,1779278918.277668
approach5_skyhost_run1,4515000,1779278918.288374
approach5_skyhost_run1,4516000,1779278918.314212
approach5_skyhost_run1,4517000,1779278918.315958
approach5_skyhost_run1,4518000,1779278918.317696
approach5_skyhost_run1,4519000,1779278918.319449
approach5_skyhost_run1,4520000,1779278918.330758
approach5_skyhost_run1,4521000,1779278918.419473
approach5_skyhost_run1,4522000,1779278918.421199
approach5_skyhost_run1,4523000,1779278918.422943
approach5_skyhost_run1,4524000,1779278918.424684
approach5_skyhost_run1,4525000,1779278918.432985
approach5_skyhost_run1,4526000,1779278918.522222
approach5_skyhost_run1,4527000,1779278918.523964
approach5_skyhost_run1,4528000,1779278918.525724
approach5_skyhost_run1,4529000,1779278918.527479
approach5_skyhost_run1,4530000,1779278918.536888
approach5_skyhost_run1,4531000,1779278918.566120
approach5_skyhost_run1,4532000,1779278918.567848
approach5_skyhost_run1,4533000,1779278918.569574
approach5_skyhost_run1,4534000,1779278918.571317
approach5_skyhost_run1,4535000,1779278918.585236
approach5_skyhost_run1,4536000,1779278918.586971
approach5_skyhost_run1,4537000,1779278918.588700
approach5_skyhost_run1,4538000,1779278918.590446
approach5_skyhost_run1,4539000,1779278918.671849
approach5_skyhost_run1,4540000,1779278918.673594
approach5_skyhost_run1,4541000,1779278918.725900
approach5_skyhost_run1,4542000,1779278918.727641
approach5_skyhost_run1,4543000,1779278918.729371
approach5_skyhost_run1,4544000,1779278918.731125
approach5_skyhost_run1,4545000,1779278918.740014
approach5_skyhost_run1,4546000,1779278918.831492
approach5_skyhost_run1,4547000,1779278918.833231
approach5_skyhost_run1,4548000,1779278918.835011
approach5_skyhost_run1,4549000,1779278918.836774
approach5_skyhost_run1,4550000,1779278918.845019
approach5_skyhost_run1,4551000,1779278918.924743
approach5_skyhost_run1,4552000,1779278918.926539
approach5_skyhost_run1,4553000,1779278918.928283
approach5_skyhost_run1,4554000,1779278918.930020
approach5_skyhost_run1,4555000,1779278918.944290
approach5_skyhost_run1,4556000,1779278918.946037
approach5_skyhost_run1,4557000,1779278918.947773
approach5_skyhost_run1,4558000,1779278918.949503
approach5_skyhost_run1,4559000,1779278919.029435
approach5_skyhost_run1,4560000,1779278919.031184
approach5_skyhost_run1,4561000,1779278919.035877
approach5_skyhost_run1,4562000,1779278919.037595
approach5_skyhost_run1,4563000,1779278919.039327
approach5_skyhost_run1,4564000,1779278919.041058
approach5_skyhost_run1,4565000,1779278919.092386
approach5_skyhost_run1,4566000,1779278919.119631
approach5_skyhost_run1,4567000,1779278919.121357
approach5_skyhost_run1,4568000,1779278919.123093
approach5_skyhost_run1,4569000,1779278919.124861
approach5_skyhost_run1,4570000,1779278919.141346
approach5_skyhost_run1,4571000,1779278919.143100
approach5_skyhost_run1,4572000,1779278919.144855
approach5_skyhost_run1,4573000,1779278919.146599
approach5_skyhost_run1,4574000,1779278919.232348
approach5_skyhost_run1,4575000,1779278919.234094
approach5_skyhost_run1,4576000,1779278919.241749
approach5_skyhost_run1,4577000,1779278919.243493
approach5_skyhost_run1,4578000,1779278919.245245
approach5_skyhost_run1,4579000,1779278919.246998
approach5_skyhost_run1,4580000,1779278919.255953
approach5_skyhost_run1,4581000,1779278919.343538
approach5_skyhost_run1,4582000,1779278919.345303
approach5_skyhost_run1,4583000,1779278919.347070
approach5_skyhost_run1,4584000,1779278919.348843
approach5_skyhost_run1,4585000,1779278919.397525
approach5_skyhost_run1,4586000,1779278919.446928
approach5_skyhost_run1,4587000,1779278919.448657
approach5_skyhost_run1,4588000,1779278919.450392
approach5_skyhost_run1,4589000,1779278919.452130
approach5_skyhost_run1,4590000,1779278919.461462
approach5_skyhost_run1,4591000,1779278919.548904
approach5_skyhost_run1,4592000,1779278919.550655
approach5_skyhost_run1,4593000,1779278919.552395
approach5_skyhost_run1,4594000,1779278919.554140
approach5_skyhost_run1,4595000,1779278919.564112
approach5_skyhost_run1,4596000,1779278919.651565
approach5_skyhost_run1,4597000,1779278919.653292
approach5_skyhost_run1,4598000,1779278919.655056
approach5_skyhost_run1,4599000,1779278919.656807
approach5_skyhost_run1,4600000,1779278919.664936
approach5_skyhost_run1,4601000,1779278919.754434
approach5_skyhost_run1,4602000,1779278919.756192
approach5_skyhost_run1,4603000,1779278919.757950
approach5_skyhost_run1,4604000,1779278919.759708
approach5_skyhost_run1,4605000,1779278919.767998
approach5_skyhost_run1,4606000,1779278919.859092
approach5_skyhost_run1,4607000,1779278919.860810
approach5_skyhost_run1,4608000,1779278919.862545
approach5_skyhost_run1,4609000,1779278919.864280
approach5_skyhost_run1,4610000,1779278919.871795
approach5_skyhost_run1,4611000,1779278920.027881
approach5_skyhost_run1,4612000,1779278920.029610
approach5_skyhost_run1,4613000,1779278920.031359
approach5_skyhost_run1,4614000,1779278920.033101
approach5_skyhost_run1,4615000,1779278920.042384
approach5_skyhost_run1,4616000,1779278920.065181
approach5_skyhost_run1,4617000,1779278920.066915
approach5_skyhost_run1,4618000,1779278920.068633
approach5_skyhost_run1,4619000,1779278920.070362
approach5_skyhost_run1,4620000,1779278920.077312
approach5_skyhost_run1,4621000,1779278920.116044
approach5_skyhost_run1,4622000,1779278920.117771
approach5_skyhost_run1,4623000,1779278920.119521
approach5_skyhost_run1,4624000,1779278920.121267
approach5_skyhost_run1,4625000,1779278920.137518
approach5_skyhost_run1,4626000,1779278920.139256
approach5_skyhost_run1,4627000,1779278920.140998
approach5_skyhost_run1,4628000,1779278920.142753
approach5_skyhost_run1,4629000,1779278920.221761
approach5_skyhost_run1,4630000,1779278920.223511
approach5_skyhost_run1,4631000,1779278920.313725
approach5_skyhost_run1,4632000,1779278920.315489
approach5_skyhost_run1,4633000,1779278920.317221
approach5_skyhost_run1,4634000,1779278920.318995
approach5_skyhost_run1,4635000,1779278920.326464
approach5_skyhost_run1,4636000,1779278920.375078
approach5_skyhost_run1,4637000,1779278920.376812
approach5_skyhost_run1,4638000,1779278920.378557
approach5_skyhost_run1,4639000,1779278920.380296
approach5_skyhost_run1,4640000,1779278920.387960
approach5_skyhost_run1,4641000,1779278920.476209
approach5_skyhost_run1,4642000,1779278920.477941
approach5_skyhost_run1,4643000,1779278920.479688
approach5_skyhost_run1,4644000,1779278920.481432
approach5_skyhost_run1,4645000,1779278920.489549
approach5_skyhost_run1,4646000,1779278920.578213
approach5_skyhost_run1,4647000,1779278920.579947
approach5_skyhost_run1,4648000,1779278920.581683
approach5_skyhost_run1,4649000,1779278920.583448
approach5_skyhost_run1,4650000,1779278920.592755
approach5_skyhost_run1,4651000,1779278920.673254
approach5_skyhost_run1,4652000,1779278920.675020
approach5_skyhost_run1,4653000,1779278920.676770
approach5_skyhost_run1,4654000,1779278920.678527
approach5_skyhost_run1,4655000,1779278920.710036
approach5_skyhost_run1,4656000,1779278920.711782
approach5_skyhost_run1,4657000,1779278920.713516
approach5_skyhost_run1,4658000,1779278920.715294
approach5_skyhost_run1,4659000,1779278920.728263
approach5_skyhost_run1,4660000,1779278920.730002
approach5_skyhost_run1,4661000,1779278920.731751
approach5_skyhost_run1,4662000,1779278920.733501
approach5_skyhost_run1,4663000,1779278920.749258
approach5_skyhost_run1,4664000,1779278920.750997
approach5_skyhost_run1,4665000,1779278920.752730
approach5_skyhost_run1,4666000,1779278920.754490
approach5_skyhost_run1,4667000,1779278920.794783
approach5_skyhost_run1,4668000,1779278920.796549
approach5_skyhost_run1,4669000,1779278920.839943
approach5_skyhost_run1,4670000,1779278920.841675
approach5_skyhost_run1,4671000,1779278920.884514
approach5_skyhost_run1,4672000,1779278920.886277
approach5_skyhost_run1,4673000,1779278920.888024
approach5_skyhost_run1,4674000,1779278920.889771
approach5_skyhost_run1,4675000,1779278920.937287
approach5_skyhost_run1,4676000,1779278921.003448
approach5_skyhost_run1,4677000,1779278921.005204
approach5_skyhost_run1,4678000,1779278921.006987
approach5_skyhost_run1,4679000,1779278921.008738
approach5_skyhost_run1,4680000,1779278921.021125
approach5_skyhost_run1,4681000,1779278921.091903
approach5_skyhost_run1,4682000,1779278921.093638
approach5_skyhost_run1,4683000,1779278921.095417
approach5_skyhost_run1,4684000,1779278921.097175
approach5_skyhost_run1,4685000,1779278921.106208
approach5_skyhost_run1,4686000,1779278921.230396
approach5_skyhost_run1,4687000,1779278921.232130
approach5_skyhost_run1,4688000,1779278921.233873
approach5_skyhost_run1,4689000,1779278921.235658
approach5_skyhost_run1,4690000,1779278921.243299
approach5_skyhost_run1,4691000,1779278921.333295
approach5_skyhost_run1,4692000,1779278921.335052
approach5_skyhost_run1,4693000,1779278921.336788
approach5_skyhost_run1,4694000,1779278921.338543
approach5_skyhost_run1,4695000,1779278921.347835
approach5_skyhost_run1,4696000,1779278921.397867
approach5_skyhost_run1,4697000,1779278921.399622
approach5_skyhost_run1,4698000,1779278921.401361
approach5_skyhost_run1,4699000,1779278921.403113
approach5_skyhost_run1,4700000,1779278921.411762
approach5_skyhost_run1,4701000,1779278921.490426
approach5_skyhost_run1,4702000,1779278921.492150
approach5_skyhost_run1,4703000,1779278921.493877
approach5_skyhost_run1,4704000,1779278921.495653
approach5_skyhost_run1,4705000,1779278921.509792
approach5_skyhost_run1,4706000,1779278921.511526
approach5_skyhost_run1,4707000,1779278921.513259
approach5_skyhost_run1,4708000,1779278921.515031
approach5_skyhost_run1,4709000,1779278921.601128
approach5_skyhost_run1,4710000,1779278921.602885
approach5_skyhost_run1,4711000,1779278921.617313
approach5_skyhost_run1,4712000,1779278921.619052
approach5_skyhost_run1,4713000,1779278921.620770
approach5_skyhost_run1,4714000,1779278921.622505
approach5_skyhost_run1,4715000,1779278921.648612
approach5_skyhost_run1,4716000,1779278921.722025
approach5_skyhost_run1,4717000,1779278921.723765
approach5_skyhost_run1,4718000,1779278921.725527
approach5_skyhost_run1,4719000,1779278921.727281
approach5_skyhost_run1,4720000,1779278921.739755
approach5_skyhost_run1,4721000,1779278921.825509
approach5_skyhost_run1,4722000,1779278921.827244
approach5_skyhost_run1,4723000,1779278921.828971
approach5_skyhost_run1,4724000,1779278921.830717
approach5_skyhost_run1,4725000,1779278921.847228
approach5_skyhost_run1,4726000,1779278921.935180
approach5_skyhost_run1,4727000,1779278921.936923
approach5_skyhost_run1,4728000,1779278922.269356
approach5_skyhost_run1,4729000,1779278922.271107
approach5_skyhost_run1,4730000,1779278922.272851
approach5_skyhost_run1,4731000,1779278922.274607
approach5_skyhost_run1,4732000,1779278922.281454
approach5_skyhost_run1,4733000,1779278922.371070
approach5_skyhost_run1,4734000,1779278922.372802
approach5_skyhost_run1,4735000,1779278922.374555
approach5_skyhost_run1,4736000,1779278922.376328
approach5_skyhost_run1,4737000,1779278922.383483
approach5_skyhost_run1,4738000,1779278922.688608
approach5_skyhost_run1,4739000,1779278922.690356
approach5_skyhost_run1,4740000,1779278922.692098
approach5_skyhost_run1,4741000,1779278922.693890
approach5_skyhost_run1,4742000,1779278922.714602
approach5_skyhost_run1,4743000,1779278922.781393
approach5_skyhost_run1,4744000,1779278922.783133
approach5_skyhost_run1,4745000,1779278922.784894
approach5_skyhost_run1,4746000,1779278922.786641
approach5_skyhost_run1,4747000,1779278922.794405
approach5_skyhost_run1,4748000,1779278922.865881
approach5_skyhost_run1,4749000,1779278922.867624
approach5_skyhost_run1,4750000,1779278922.869368
approach5_skyhost_run1,4751000,1779278922.871125
approach5_skyhost_run1,4752000,1779278922.888672
approach5_skyhost_run1,4753000,1779278922.890413
approach5_skyhost_run1,4754000,1779278922.892149
approach5_skyhost_run1,4755000,1779278922.976824
approach5_skyhost_run1,4756000,1779278922.978568
approach5_skyhost_run1,4757000,1779278922.980304
approach5_skyhost_run1,4758000,1779278923.030590
approach5_skyhost_run1,4759000,1779278923.032309
approach5_skyhost_run1,4760000,1779278923.034060
approach5_skyhost_run1,4761000,1779278923.035830
approach5_skyhost_run1,4762000,1779278923.043134
approach5_skyhost_run1,4763000,1779278923.088658
approach5_skyhost_run1,4764000,1779278923.090389
approach5_skyhost_run1,4765000,1779278923.092121
approach5_skyhost_run1,4766000,1779278923.093858
approach5_skyhost_run1,4767000,1779278923.102994
approach5_skyhost_run1,4768000,1779278923.190613
approach5_skyhost_run1,4769000,1779278923.192338
approach5_skyhost_run1,4770000,1779278923.194070
approach5_skyhost_run1,4771000,1779278923.195851
approach5_skyhost_run1,4772000,1779278923.251574
approach5_skyhost_run1,4773000,1779278923.308598
approach5_skyhost_run1,4774000,1779278923.310343
approach5_skyhost_run1,4775000,1779278923.312090
approach5_skyhost_run1,4776000,1779278923.313842
approach5_skyhost_run1,4777000,1779278923.342132
approach5_skyhost_run1,4778000,1779278923.397144
approach5_skyhost_run1,4779000,1779278923.398877
approach5_skyhost_run1,4780000,1779278923.400606
approach5_skyhost_run1,4781000,1779278923.402352
approach5_skyhost_run1,4782000,1779278923.411557
approach5_skyhost_run1,4783000,1779278923.703838
approach5_skyhost_run1,4784000,1779278923.705599
approach5_skyhost_run1,4785000,1779278923.707343
approach5_skyhost_run1,4786000,1779278923.709121
approach5_skyhost_run1,4787000,1779278923.712691
approach5_skyhost_run1,4788000,1779278923.906724
approach5_skyhost_run1,4789000,1779278923.908448
approach5_skyhost_run1,4790000,1779278923.910184
approach5_skyhost_run1,4791000,1779278923.911931
approach5_skyhost_run1,4792000,1779278923.924438
approach5_skyhost_run1,4793000,1779278923.954963
approach5_skyhost_run1,4794000,1779278923.956700
approach5_skyhost_run1,4795000,1779278923.958447
approach5_skyhost_run1,4796000,1779278923.960211
approach5_skyhost_run1,4797000,1779278923.974217
approach5_skyhost_run1,4798000,1779278923.975980
approach5_skyhost_run1,4799000,1779278923.977729
approach5_skyhost_run1,4800000,1779278924.058672
approach5_skyhost_run1,4801000,1779278924.060408
approach5_skyhost_run1,4802000,1779278924.062144
approach5_skyhost_run1,4803000,1779278924.121202
approach5_skyhost_run1,4804000,1779278924.122979
approach5_skyhost_run1,4805000,1779278924.124719
approach5_skyhost_run1,4806000,1779278924.126489
approach5_skyhost_run1,4807000,1779278924.134378
approach5_skyhost_run1,4808000,1779278924.160839
approach5_skyhost_run1,4809000,1779278924.162577
approach5_skyhost_run1,4810000,1779278924.164311
approach5_skyhost_run1,4811000,1779278924.166079
approach5_skyhost_run1,4812000,1779278924.182325
approach5_skyhost_run1,4813000,1779278924.184054
approach5_skyhost_run1,4814000,1779278924.185799
approach5_skyhost_run1,4815000,1779278924.270410
approach5_skyhost_run1,4816000,1779278924.272144
approach5_skyhost_run1,4817000,1779278924.273876
approach5_skyhost_run1,4818000,1779278924.320434
approach5_skyhost_run1,4819000,1779278924.322168
approach5_skyhost_run1,4820000,1779278924.323916
approach5_skyhost_run1,4821000,1779278924.325684
approach5_skyhost_run1,4822000,1779278924.334164
approach5_skyhost_run1,4823000,1779278924.422480
approach5_skyhost_run1,4824000,1779278924.424209
approach5_skyhost_run1,4825000,1779278924.425970
approach5_skyhost_run1,4826000,1779278924.427728
approach5_skyhost_run1,4827000,1779278924.436872
approach5_skyhost_run1,4828000,1779278924.535727
approach5_skyhost_run1,4829000,1779278924.537469
approach5_skyhost_run1,4830000,1779278924.539215
approach5_skyhost_run1,4831000,1779278924.540949
approach5_skyhost_run1,4832000,1779278924.554604
approach5_skyhost_run1,4833000,1779278924.613031
approach5_skyhost_run1,4834000,1779278924.614772
approach5_skyhost_run1,4835000,1779278924.616536
approach5_skyhost_run1,4836000,1779278924.618282
approach5_skyhost_run1,4837000,1779278924.631331
approach5_skyhost_run1,4838000,1779278924.633060
approach5_skyhost_run1,4839000,1779278924.634806
approach5_skyhost_run1,4840000,1779278924.673966
approach5_skyhost_run1,4841000,1779278924.675730
approach5_skyhost_run1,4842000,1779278924.677457
approach5_skyhost_run1,4843000,1779278924.679204
approach5_skyhost_run1,4844000,1779278924.693401
approach5_skyhost_run1,4845000,1779278924.695154
approach5_skyhost_run1,4846000,1779278924.696879
approach5_skyhost_run1,4847000,1779278924.698618
approach5_skyhost_run1,4848000,1779278924.716397
approach5_skyhost_run1,4849000,1779278924.718134
approach5_skyhost_run1,4850000,1779278924.779221
approach5_skyhost_run1,4851000,1779278924.780952
approach5_skyhost_run1,4852000,1779278924.782696
approach5_skyhost_run1,4853000,1779278924.933066
approach5_skyhost_run1,4854000,1779278924.934835
approach5_skyhost_run1,4855000,1779278924.936569
approach5_skyhost_run1,4856000,1779278924.938318
approach5_skyhost_run1,4857000,1779278924.948488
approach5_skyhost_run1,4858000,1779278925.037483
approach5_skyhost_run1,4859000,1779278925.039225
approach5_skyhost_run1,4860000,1779278925.040960
approach5_skyhost_run1,4861000,1779278925.042718
approach5_skyhost_run1,4862000,1779278925.052843
approach5_skyhost_run1,4863000,1779278925.082864
approach5_skyhost_run1,4864000,1779278925.084594
approach5_skyhost_run1,4865000,1779278925.086367
approach5_skyhost_run1,4866000,1779278925.088105
approach5_skyhost_run1,4867000,1779278925.106315
approach5_skyhost_run1,4868000,1779278925.108062
approach5_skyhost_run1,4869000,1779278925.109796
approach5_skyhost_run1,4870000,1779278925.187470
approach5_skyhost_run1,4871000,1779278925.189209
approach5_skyhost_run1,4872000,1779278925.190960
approach5_skyhost_run1,4873000,1779278925.233258
approach5_skyhost_run1,4874000,1779278925.235021
approach5_skyhost_run1,4875000,1779278925.236750
approach5_skyhost_run1,4876000,1779278925.238498
approach5_skyhost_run1,4877000,1779278925.268673
approach5_skyhost_run1,4878000,1779278925.270413
approach5_skyhost_run1,4879000,1779278925.272146
approach5_skyhost_run1,4880000,1779278925.344227
approach5_skyhost_run1,4881000,1779278925.346002
approach5_skyhost_run1,4882000,1779278925.347816
approach5_skyhost_run1,4883000,1779278925.349588
approach5_skyhost_run1,4884000,1779278925.352132
approach5_skyhost_run1,4885000,1779278925.353863
approach5_skyhost_run1,4886000,1779278925.355656
approach5_skyhost_run1,4887000,1779278925.359999
approach5_skyhost_run1,4888000,1779278925.449043
approach5_skyhost_run1,4889000,1779278925.450788
approach5_skyhost_run1,4890000,1779278925.452522
approach5_skyhost_run1,4891000,1779278925.454256
approach5_skyhost_run1,4892000,1779278925.462038
approach5_skyhost_run1,4893000,1779278925.607060
approach5_skyhost_run1,4894000,1779278925.608787
approach5_skyhost_run1,4895000,1779278925.610528
approach5_skyhost_run1,4896000,1779278925.612264
approach5_skyhost_run1,4897000,1779278925.621854
approach5_skyhost_run1,4898000,1779278925.652799
approach5_skyhost_run1,4899000,1779278925.654533
approach5_skyhost_run1,4900000,1779278925.656290
approach5_skyhost_run1,4901000,1779278925.658030
approach5_skyhost_run1,4902000,1779278925.669807
approach5_skyhost_run1,4903000,1779278925.753815
approach5_skyhost_run1,4904000,1779278925.755570
approach5_skyhost_run1,4905000,1779278925.757290
approach5_skyhost_run1,4906000,1779278925.759033
approach5_skyhost_run1,4907000,1779278925.809723
approach5_skyhost_run1,4908000,1779278925.860074
approach5_skyhost_run1,4909000,1779278925.861803
approach5_skyhost_run1,4910000,1779278925.863557
approach5_skyhost_run1,4911000,1779278925.865316
approach5_skyhost_run1,4912000,1779278925.870960
approach5_skyhost_run1,4913000,1779278925.962089
approach5_skyhost_run1,4914000,1779278925.963823
approach5_skyhost_run1,4915000,1779278925.965583
approach5_skyhost_run1,4916000,1779278925.967333
approach5_skyhost_run1,4917000,1779278925.976909
approach5_skyhost_run1,4918000,1779278926.103198
approach5_skyhost_run1,4919000,1779278926.104952
approach5_skyhost_run1,4920000,1779278926.106695
approach5_skyhost_run1,4921000,1779278926.108437
approach5_skyhost_run1,4922000,1779278926.115945
approach5_skyhost_run1,4923000,1779278926.164866
approach5_skyhost_run1,4924000,1779278926.166610
approach5_skyhost_run1,4925000,1779278926.168346
approach5_skyhost_run1,4926000,1779278926.170086
approach5_skyhost_run1,4927000,1779278926.179120
approach5_skyhost_run1,4928000,1779278926.267846
approach5_skyhost_run1,4929000,1779278926.269571
approach5_skyhost_run1,4930000,1779278926.271359
approach5_skyhost_run1,4931000,1779278926.273115
approach5_skyhost_run1,4932000,1779278926.281405
approach5_skyhost_run1,4933000,1779278926.414369
approach5_skyhost_run1,4934000,1779278926.416120
approach5_skyhost_run1,4935000,1779278926.417847
approach5_skyhost_run1,4936000,1779278926.419592
approach5_skyhost_run1,4937000,1779278926.434118
approach5_skyhost_run1,4938000,1779278926.435872
approach5_skyhost_run1,4939000,1779278926.437588
approach5_skyhost_run1,4940000,1779278926.517684
approach5_skyhost_run1,4941000,1779278926.519427
approach5_skyhost_run1,4942000,1779278926.521164
approach5_skyhost_run1,4943000,1779278926.575628
approach5_skyhost_run1,4944000,1779278926.577359
approach5_skyhost_run1,4945000,1779278926.579104
approach5_skyhost_run1,4946000,1779278926.580843
approach5_skyhost_run1,4947000,1779278926.588717
approach5_skyhost_run1,4948000,1779278926.621109
approach5_skyhost_run1,4949000,1779278926.622869
approach5_skyhost_run1,4950000,1779278926.624606
approach5_skyhost_run1,4951000,1779278926.626365
approach5_skyhost_run1,4952000,1779278926.639496
approach5_skyhost_run1,4953000,1779278926.641222
approach5_skyhost_run1,4954000,1779278926.642965
approach5_skyhost_run1,4955000,1779278926.724088
approach5_skyhost_run1,4956000,1779278926.725850
approach5_skyhost_run1,4957000,1779278926.727593
approach5_skyhost_run1,4958000,1779278926.780740
approach5_skyhost_run1,4959000,1779278926.782488
approach5_skyhost_run1,4960000,1779278926.784226
approach5_skyhost_run1,4961000,1779278926.785989
approach5_skyhost_run1,4962000,1779278926.793820
approach5_skyhost_run1,4963000,1779278926.923970
approach5_skyhost_run1,4964000,1779278926.925722
approach5_skyhost_run1,4965000,1779278926.927462
approach5_skyhost_run1,4966000,1779278926.929192
approach5_skyhost_run1,4967000,1779278926.937602
approach5_skyhost_run1,4968000,1779278926.985708
approach5_skyhost_run1,4969000,1779278926.987449
approach5_skyhost_run1,4970000,1779278926.989185
approach5_skyhost_run1,4971000,1779278926.990938
approach5_skyhost_run1,4972000,1779278926.999325
approach5_skyhost_run1,4973000,1779278927.102752
approach5_skyhost_run1,4974000,1779278927.104482
approach5_skyhost_run1,4975000,1779278927.106246
approach5_skyhost_run1,4976000,1779278927.108001
approach5_skyhost_run1,4977000,1779278927.125121
approach5_skyhost_run1,4978000,1779278927.190462
approach5_skyhost_run1,4979000,1779278927.192185
approach5_skyhost_run1,4980000,1779278927.193915
approach5_skyhost_run1,4981000,1779278927.195700
approach5_skyhost_run1,4982000,1779278927.205137
approach5_skyhost_run1,4983000,1779278927.292488
approach5_skyhost_run1,4984000,1779278927.294215
approach5_skyhost_run1,4985000,1779278927.295990
approach5_skyhost_run1,4986000,1779278927.297729
approach5_skyhost_run1,4987000,1779278927.305351
approach5_skyhost_run1,4988000,1779278927.339542
approach5_skyhost_run1,4989000,1779278927.341270
approach5_skyhost_run1,4990000,1779278927.343010
approach5_skyhost_run1,4991000,1779278927.344747
approach5_skyhost_run1,4992000,1779278927.409819
approach5_skyhost_run1,4993000,1779278927.411599
approach5_skyhost_run1,4994000,1779278927.413343
approach5_skyhost_run1,4995000,1779278927.498116
approach5_skyhost_run1,4996000,1779278927.499911
approach5_skyhost_run1,4997000,1779278927.501923
approach5_skyhost_run1,4998000,1779278927.503662
approach5_skyhost_run1,4999000,1779278927.505408
approach5_skyhost_run1,5000000,1779278927.507149
approach5_skyhost_run1,5001000,1779278927.508940
approach5_skyhost_run1,5002000,1779278927.512930
approach5_skyhost_run1,5003000,1779278927.601546
approach5_skyhost_run1,5004000,1779278927.603288
approach5_skyhost_run1,5005000,1779278927.605052
approach5_skyhost_run1,5006000,1779278927.606807
approach5_skyhost_run1,5007000,1779278927.614596
approach5_skyhost_run1,5008000,1779278927.703952
approach5_skyhost_run1,5009000,1779278927.705711
approach5_skyhost_run1,5010000,1779278927.707461
approach5_skyhost_run1,5011000,1779278927.709199
approach5_skyhost_run1,5012000,1779278927.718341
approach5_skyhost_run1,5013000,1779278927.808177
approach5_skyhost_run1,5014000,1779278927.809889
approach5_skyhost_run1,5015000,1779278927.811631
approach5_skyhost_run1,5016000,1779278927.813369
approach5_skyhost_run1,5017000,1779278927.822955
approach5_skyhost_run1,5018000,1779278927.904421
approach5_skyhost_run1,5019000,1779278927.919968
approach5_skyhost_run1,5020000,1779278927.921695
approach5_skyhost_run1,5021000,1779278927.923436
approach5_skyhost_run1,5022000,1779278927.925202
approach5_skyhost_run1,5023000,1779278927.999909
approach5_skyhost_run1,5024000,1779278928.001631
approach5_skyhost_run1,5025000,1779278928.003371
approach5_skyhost_run1,5026000,1779278928.005123
approach5_skyhost_run1,5027000,1779278928.019208
approach5_skyhost_run1,5028000,1779278928.020930
approach5_skyhost_run1,5029000,1779278928.022672
approach5_skyhost_run1,5030000,1779278928.102150
approach5_skyhost_run1,5031000,1779278928.103899
approach5_skyhost_run1,5032000,1779278928.105666
approach5_skyhost_run1,5033000,1779278928.116421
approach5_skyhost_run1,5034000,1779278928.118148
approach5_skyhost_run1,5035000,1779278928.119885
approach5_skyhost_run1,5036000,1779278928.121609
approach5_skyhost_run1,5037000,1779278928.174192
approach5_skyhost_run1,5038000,1779278928.217787
approach5_skyhost_run1,5039000,1779278928.219530
approach5_skyhost_run1,5040000,1779278928.221264
approach5_skyhost_run1,5041000,1779278928.223017
approach5_skyhost_run1,5042000,1779278928.232730
approach5_skyhost_run1,5043000,1779278928.307950
approach5_skyhost_run1,5044000,1779278928.309682
approach5_skyhost_run1,5045000,1779278928.311435
approach5_skyhost_run1,5046000,1779278928.313173
approach5_skyhost_run1,5047000,1779278928.327904
approach5_skyhost_run1,5048000,1779278928.329638
approach5_skyhost_run1,5049000,1779278928.331382
approach5_skyhost_run1,5050000,1779278928.412033
approach5_skyhost_run1,5051000,1779278928.413790
approach5_skyhost_run1,5052000,1779278928.415647
approach5_skyhost_run1,5053000,1779278928.424497
approach5_skyhost_run1,5054000,1779278928.426248
approach5_skyhost_run1,5055000,1779278928.427995
approach5_skyhost_run1,5056000,1779278928.429777
approach5_skyhost_run1,5057000,1779278928.438317
approach5_skyhost_run1,5058000,1779278928.566526
approach5_skyhost_run1,5059000,1779278928.568256
approach5_skyhost_run1,5060000,1779278928.569985
approach5_skyhost_run1,5061000,1779278928.571730
approach5_skyhost_run1,5062000,1779278928.580290
approach5_skyhost_run1,5063000,1779278928.627034
approach5_skyhost_run1,5064000,1779278928.628766
approach5_skyhost_run1,5065000,1779278928.630521
approach5_skyhost_run1,5066000,1779278928.632253
approach5_skyhost_run1,5067000,1779278928.641100
approach5_skyhost_run1,5068000,1779278928.742903
approach5_skyhost_run1,5069000,1779278928.744632
approach5_skyhost_run1,5070000,1779278928.746409
approach5_skyhost_run1,5071000,1779278928.748154
approach5_skyhost_run1,5072000,1779278928.774221
approach5_skyhost_run1,5073000,1779278928.983556
approach5_skyhost_run1,5074000,1779278928.985305
approach5_skyhost_run1,5075000,1779278928.987075
approach5_skyhost_run1,5076000,1779278928.988813
approach5_skyhost_run1,5077000,1779278929.051022
approach5_skyhost_run1,5078000,1779278929.052741
approach5_skyhost_run1,5079000,1779278929.054482
approach5_skyhost_run1,5080000,1779278929.092889
approach5_skyhost_run1,5081000,1779278929.094638
approach5_skyhost_run1,5082000,1779278929.096406
approach5_skyhost_run1,5083000,1779278929.140635
approach5_skyhost_run1,5084000,1779278929.142372
approach5_skyhost_run1,5085000,1779278929.144102
approach5_skyhost_run1,5086000,1779278929.145872
approach5_skyhost_run1,5087000,1779278929.155636
approach5_skyhost_run1,5088000,1779278929.309320
approach5_skyhost_run1,5089000,1779278929.311061
approach5_skyhost_run1,5090000,1779278929.312791
approach5_skyhost_run1,5091000,1779278929.314542
approach5_skyhost_run1,5092000,1779278929.341610
approach5_skyhost_run1,5093000,1779278929.344359
approach5_skyhost_run1,5094000,1779278929.346126
approach5_skyhost_run1,5095000,1779278929.347879
approach5_skyhost_run1,5096000,1779278929.349619
approach5_skyhost_run1,5097000,1779278929.359226
approach5_skyhost_run1,5098000,1779278929.446417
approach5_skyhost_run1,5099000,1779278929.448154
approach5_skyhost_run1,5100000,1779278929.449888
approach5_skyhost_run1,5101000,1779278929.451639
approach5_skyhost_run1,5102000,1779278929.470371
approach5_skyhost_run1,5103000,1779278929.549137
approach5_skyhost_run1,5104000,1779278929.550888
approach5_skyhost_run1,5105000,1779278929.552607
approach5_skyhost_run1,5106000,1779278929.554343
approach5_skyhost_run1,5107000,1779278929.563102
approach5_skyhost_run1,5108000,1779278929.653022
approach5_skyhost_run1,5109000,1779278929.654769
approach5_skyhost_run1,5110000,1779278929.656538
approach5_skyhost_run1,5111000,1779278929.658280
approach5_skyhost_run1,5112000,1779278929.666767
approach5_skyhost_run1,5113000,1779278929.752130
approach5_skyhost_run1,5114000,1779278929.754513
approach5_skyhost_run1,5115000,1779278929.756649
approach5_skyhost_run1,5116000,1779278929.759272
approach5_skyhost_run1,5117000,1779278929.767446
approach5_skyhost_run1,5118000,1779278929.855196
approach5_skyhost_run1,5119000,1779278929.857242
approach5_skyhost_run1,5120000,1779278929.859516
approach5_skyhost_run1,5121000,1779278929.861471
approach5_skyhost_run1,5122000,1779278929.869089
approach5_skyhost_run1,5123000,1779278929.958969
approach5_skyhost_run1,5124000,1779278929.960711
approach5_skyhost_run1,5125000,1779278929.963628
approach5_skyhost_run1,5126000,1779278929.965704
approach5_skyhost_run1,5127000,1779278929.972438
approach5_skyhost_run1,5128000,1779278930.027852
approach5_skyhost_run1,5129000,1779278930.029582
approach5_skyhost_run1,5130000,1779278930.031330
approach5_skyhost_run1,5131000,1779278930.033069
approach5_skyhost_run1,5132000,1779278930.049259
approach5_skyhost_run1,5133000,1779278930.051003
approach5_skyhost_run1,5134000,1779278930.052739
approach5_skyhost_run1,5135000,1779278930.138332
approach5_skyhost_run1,5136000,1779278930.140076
approach5_skyhost_run1,5137000,1779278930.141815
approach5_skyhost_run1,5138000,1779278930.165905
approach5_skyhost_run1,5139000,1779278930.167651
approach5_skyhost_run1,5140000,1779278930.169375
approach5_skyhost_run1,5141000,1779278930.171140
approach5_skyhost_run1,5142000,1779278930.218038
approach5_skyhost_run1,5143000,1779278930.367634
approach5_skyhost_run1,5144000,1779278930.369367
approach5_skyhost_run1,5145000,1779278930.371110
approach5_skyhost_run1,5146000,1779278930.372858
approach5_skyhost_run1,5147000,1779278930.382681
approach5_skyhost_run1,5148000,1779278930.469705
approach5_skyhost_run1,5149000,1779278930.471458
approach5_skyhost_run1,5150000,1779278930.473192
approach5_skyhost_run1,5151000,1779278930.474991
approach5_skyhost_run1,5152000,1779278930.484209
approach5_skyhost_run1,5153000,1779278930.573222
approach5_skyhost_run1,5154000,1779278930.575003
approach5_skyhost_run1,5155000,1779278930.576743
approach5_skyhost_run1,5156000,1779278930.578501
approach5_skyhost_run1,5157000,1779278930.586839
approach5_skyhost_run1,5158000,1779278930.777041
approach5_skyhost_run1,5159000,1779278930.778865
approach5_skyhost_run1,5160000,1779278930.780628
approach5_skyhost_run1,5161000,1779278930.782383
approach5_skyhost_run1,5162000,1779278930.793770
approach5_skyhost_run1,5163000,1779278930.878082
approach5_skyhost_run1,5164000,1779278930.879828
approach5_skyhost_run1,5165000,1779278930.881570
approach5_skyhost_run1,5166000,1779278930.883331
approach5_skyhost_run1,5167000,1779278930.893276
approach5_skyhost_run1,5168000,1779278930.966739
approach5_skyhost_run1,5169000,1779278930.968471
approach5_skyhost_run1,5170000,1779278930.970206
approach5_skyhost_run1,5171000,1779278930.971960
approach5_skyhost_run1,5172000,1779278930.986916
approach5_skyhost_run1,5173000,1779278930.988652
approach5_skyhost_run1,5174000,1779278930.990408
approach5_skyhost_run1,5175000,1779278931.075894
approach5_skyhost_run1,5176000,1779278931.077641
approach5_skyhost_run1,5177000,1779278931.079401
approach5_skyhost_run1,5178000,1779278931.124514
approach5_skyhost_run1,5179000,1779278931.126276
approach5_skyhost_run1,5180000,1779278931.128012
approach5_skyhost_run1,5181000,1779278931.129736
approach5_skyhost_run1,5182000,1779278931.140185
approach5_skyhost_run1,5183000,1779278931.188891
approach5_skyhost_run1,5184000,1779278931.190628
approach5_skyhost_run1,5185000,1779278931.192359
approach5_skyhost_run1,5186000,1779278931.194096
approach5_skyhost_run1,5187000,1779278931.203124
approach5_skyhost_run1,5188000,1779278931.234646
approach5_skyhost_run1,5189000,1779278931.236405
approach5_skyhost_run1,5190000,1779278931.238147
approach5_skyhost_run1,5191000,1779278931.239906
approach5_skyhost_run1,5192000,1779278931.253568
approach5_skyhost_run1,5193000,1779278931.255330
approach5_skyhost_run1,5194000,1779278931.257061
approach5_skyhost_run1,5195000,1779278931.343936
approach5_skyhost_run1,5196000,1779278931.345685
approach5_skyhost_run1,5197000,1779278931.347424
approach5_skyhost_run1,5198000,1779278931.393999
approach5_skyhost_run1,5199000,1779278931.395767
approach5_skyhost_run1,5200000,1779278931.397485
approach5_skyhost_run1,5201000,1779278931.399287
approach5_skyhost_run1,5202000,1779278931.449175
approach5_skyhost_run1,5203000,1779278931.502632
approach5_skyhost_run1,5204000,1779278931.504361
approach5_skyhost_run1,5205000,1779278931.506131
approach5_skyhost_run1,5206000,1779278931.507880
approach5_skyhost_run1,5207000,1779278931.511586
approach5_skyhost_run1,5208000,1779278931.586393
approach5_skyhost_run1,5209000,1779278931.588105
approach5_skyhost_run1,5210000,1779278931.589818
approach5_skyhost_run1,5211000,1779278931.591558
approach5_skyhost_run1,5212000,1779278931.604367
approach5_skyhost_run1,5213000,1779278931.606141
approach5_skyhost_run1,5214000,1779278931.607910
approach5_skyhost_run1,5215000,1779278931.686677
approach5_skyhost_run1,5216000,1779278931.688411
approach5_skyhost_run1,5217000,1779278931.690142
approach5_skyhost_run1,5218000,1779278931.702868
approach5_skyhost_run1,5219000,1779278931.704595
approach5_skyhost_run1,5220000,1779278931.706362
approach5_skyhost_run1,5221000,1779278931.708103
approach5_skyhost_run1,5222000,1779278931.720161
approach5_skyhost_run1,5223000,1779278931.804947
approach5_skyhost_run1,5224000,1779278931.806690
approach5_skyhost_run1,5225000,1779278931.808418
approach5_skyhost_run1,5226000,1779278931.810147
approach5_skyhost_run1,5227000,1779278931.817158
approach5_skyhost_run1,5228000,1779278931.848139
approach5_skyhost_run1,5229000,1779278931.849868
approach5_skyhost_run1,5230000,1779278931.851630
approach5_skyhost_run1,5231000,1779278931.853374
approach5_skyhost_run1,5232000,1779278931.915689
approach5_skyhost_run1,5233000,1779278931.917418
approach5_skyhost_run1,5234000,1779278931.919161
approach5_skyhost_run1,5235000,1779278932.005483
approach5_skyhost_run1,5236000,1779278932.007354
approach5_skyhost_run1,5237000,1779278932.009608
approach5_skyhost_run1,5238000,1779278932.011338
approach5_skyhost_run1,5239000,1779278932.013092
approach5_skyhost_run1,5240000,1779278932.014877
approach5_skyhost_run1,5241000,1779278932.016615
approach5_skyhost_run1,5242000,1779278932.024569
approach5_skyhost_run1,5243000,1779278932.109730
approach5_skyhost_run1,5244000,1779278932.111480
approach5_skyhost_run1,5245000,1779278932.113258
approach5_skyhost_run1,5246000,1779278932.115067
approach5_skyhost_run1,5247000,1779278932.125460
approach5_skyhost_run1,5248000,1779278932.178686
approach5_skyhost_run1,5249000,1779278932.180411
approach5_skyhost_run1,5250000,1779278932.182138
approach5_skyhost_run1,5251000,1779278932.183881
approach5_skyhost_run1,5252000,1779278932.197872
approach5_skyhost_run1,5253000,1779278932.199606
approach5_skyhost_run1,5254000,1779278932.201337
approach5_skyhost_run1,5255000,1779278932.287579
approach5_skyhost_run1,5256000,1779278932.289313
approach5_skyhost_run1,5257000,1779278932.291056
approach5_skyhost_run1,5258000,1779278932.330046
approach5_skyhost_run1,5259000,1779278932.331778
approach5_skyhost_run1,5260000,1779278932.333503
approach5_skyhost_run1,5261000,1779278932.335273
approach5_skyhost_run1,5262000,1779278932.357510
approach5_skyhost_run1,5263000,1779278932.420877
approach5_skyhost_run1,5264000,1779278932.422641
approach5_skyhost_run1,5265000,1779278932.424365
approach5_skyhost_run1,5266000,1779278932.426120
approach5_skyhost_run1,5267000,1779278932.433312
approach5_skyhost_run1,5268000,1779278932.464378
approach5_skyhost_run1,5269000,1779278932.466132
approach5_skyhost_run1,5270000,1779278932.467880
approach5_skyhost_run1,5271000,1779278932.469612
approach5_skyhost_run1,5272000,1779278932.483029
approach5_skyhost_run1,5273000,1779278932.484747
approach5_skyhost_run1,5274000,1779278932.486509
approach5_skyhost_run1,5275000,1779278932.569151
approach5_skyhost_run1,5276000,1779278932.570892
approach5_skyhost_run1,5277000,1779278932.572626
approach5_skyhost_run1,5278000,1779278932.636797
approach5_skyhost_run1,5279000,1779278932.638527
approach5_skyhost_run1,5280000,1779278932.640252
approach5_skyhost_run1,5281000,1779278932.641986
approach5_skyhost_run1,5282000,1779278932.662744
approach5_skyhost_run1,5283000,1779278932.933218
approach5_skyhost_run1,5284000,1779278932.934986
approach5_skyhost_run1,5285000,1779278932.936718
approach5_skyhost_run1,5286000,1779278932.938466
approach5_skyhost_run1,5287000,1779278932.945927
approach5_skyhost_run1,5288000,1779278933.082307
approach5_skyhost_run1,5289000,1779278933.084033
approach5_skyhost_run1,5290000,1779278933.085786
approach5_skyhost_run1,5291000,1779278933.087538
approach5_skyhost_run1,5292000,1779278933.102126
approach5_skyhost_run1,5293000,1779278933.103858
approach5_skyhost_run1,5294000,1779278933.105610
approach5_skyhost_run1,5295000,1779278933.185420
approach5_skyhost_run1,5296000,1779278933.187160
approach5_skyhost_run1,5297000,1779278933.188896
approach5_skyhost_run1,5298000,1779278933.238000
approach5_skyhost_run1,5299000,1779278933.239737
approach5_skyhost_run1,5300000,1779278933.241475
approach5_skyhost_run1,5301000,1779278933.252619
approach5_skyhost_run1,5302000,1779278933.254372
approach5_skyhost_run1,5303000,1779278933.343442
approach5_skyhost_run1,5304000,1779278933.345191
approach5_skyhost_run1,5305000,1779278933.346929
approach5_skyhost_run1,5306000,1779278933.348657
approach5_skyhost_run1,5307000,1779278933.357969
approach5_skyhost_run1,5308000,1779278933.390399
approach5_skyhost_run1,5309000,1779278933.392144
approach5_skyhost_run1,5310000,1779278933.393873
approach5_skyhost_run1,5311000,1779278933.395647
approach5_skyhost_run1,5312000,1779278933.459206
approach5_skyhost_run1,5313000,1779278933.460949
approach5_skyhost_run1,5314000,1779278933.462708
approach5_skyhost_run1,5315000,1779278933.545231
approach5_skyhost_run1,5316000,1779278933.547094
approach5_skyhost_run1,5317000,1779278933.549083
approach5_skyhost_run1,5318000,1779278933.550837
approach5_skyhost_run1,5319000,1779278933.552574
approach5_skyhost_run1,5320000,1779278933.554331
approach5_skyhost_run1,5321000,1779278933.556098
approach5_skyhost_run1,5322000,1779278933.561436
approach5_skyhost_run1,5323000,1779278933.649401
approach5_skyhost_run1,5324000,1779278933.651150
approach5_skyhost_run1,5325000,1779278933.652889
approach5_skyhost_run1,5326000,1779278933.654635
approach5_skyhost_run1,5327000,1779278933.665279
approach5_skyhost_run1,5328000,1779278933.752075
approach5_skyhost_run1,5329000,1779278933.753804
approach5_skyhost_run1,5330000,1779278933.755574
approach5_skyhost_run1,5331000,1779278933.757310
approach5_skyhost_run1,5332000,1779278933.765742
approach5_skyhost_run1,5333000,1779278933.877386
approach5_skyhost_run1,5334000,1779278933.879123
approach5_skyhost_run1,5335000,1779278933.880859
approach5_skyhost_run1,5336000,1779278933.882617
approach5_skyhost_run1,5337000,1779278933.900029
approach5_skyhost_run1,5338000,1779278933.901752
approach5_skyhost_run1,5339000,1779278933.903500
approach5_skyhost_run1,5340000,1779278933.969983
approach5_skyhost_run1,5341000,1779278933.971720
approach5_skyhost_run1,5342000,1779278933.973449
approach5_skyhost_run1,5343000,1779278933.975219
approach5_skyhost_run1,5344000,1779278933.988647
approach5_skyhost_run1,5345000,1779278933.990377
approach5_skyhost_run1,5346000,1779278933.992112
approach5_skyhost_run1,5347000,1779278933.997011
approach5_skyhost_run1,5348000,1779278934.012446
approach5_skyhost_run1,5349000,1779278934.014174
approach5_skyhost_run1,5350000,1779278934.015941
approach5_skyhost_run1,5351000,1779278934.017678
approach5_skyhost_run1,5352000,1779278934.036116
approach5_skyhost_run1,5353000,1779278934.037837
approach5_skyhost_run1,5354000,1779278934.039570
approach5_skyhost_run1,5355000,1779278934.117467
approach5_skyhost_run1,5356000,1779278934.119213
approach5_skyhost_run1,5357000,1779278934.120950
approach5_skyhost_run1,5358000,1779278934.167812
approach5_skyhost_run1,5359000,1779278934.169534
approach5_skyhost_run1,5360000,1779278934.171276
approach5_skyhost_run1,5361000,1779278934.173012
approach5_skyhost_run1,5362000,1779278934.182004
approach5_skyhost_run1,5363000,1779278934.266808
approach5_skyhost_run1,5364000,1779278934.268541
approach5_skyhost_run1,5365000,1779278934.270280
approach5_skyhost_run1,5366000,1779278934.272038
approach5_skyhost_run1,5367000,1779278934.280739
approach5_skyhost_run1,5368000,1779278934.368747
approach5_skyhost_run1,5369000,1779278934.370480
approach5_skyhost_run1,5370000,1779278934.372202
approach5_skyhost_run1,5371000,1779278934.373973
approach5_skyhost_run1,5372000,1779278934.389527
approach5_skyhost_run1,5373000,1779278934.515660
approach5_skyhost_run1,5374000,1779278934.517406
approach5_skyhost_run1,5375000,1779278934.519174
approach5_skyhost_run1,5376000,1779278934.520919
approach5_skyhost_run1,5377000,1779278934.531433
approach5_skyhost_run1,5378000,1779278934.617051
approach5_skyhost_run1,5379000,1779278934.618783
approach5_skyhost_run1,5380000,1779278934.620512
approach5_skyhost_run1,5381000,1779278934.622250
approach5_skyhost_run1,5382000,1779278934.637633
approach5_skyhost_run1,5383000,1779278934.675920
approach5_skyhost_run1,5384000,1779278934.677649
approach5_skyhost_run1,5385000,1779278934.679387
approach5_skyhost_run1,5386000,1779278934.681112
approach5_skyhost_run1,5387000,1779278934.689267
approach5_skyhost_run1,5388000,1779278934.719027
approach5_skyhost_run1,5389000,1779278934.720750
approach5_skyhost_run1,5390000,1779278934.722503
approach5_skyhost_run1,5391000,1779278934.724236
approach5_skyhost_run1,5392000,1779278934.739059
approach5_skyhost_run1,5393000,1779278934.740784
approach5_skyhost_run1,5394000,1779278934.742533
approach5_skyhost_run1,5395000,1779278934.828872
approach5_skyhost_run1,5396000,1779278934.830614
approach5_skyhost_run1,5397000,1779278934.832356
approach5_skyhost_run1,5398000,1779278934.917595
approach5_skyhost_run1,5399000,1779278934.919348
approach5_skyhost_run1,5400000,1779278934.921068
approach5_skyhost_run1,5401000,1779278934.922806
approach5_skyhost_run1,5402000,1779278934.931300
approach5_skyhost_run1,5403000,1779278934.993568
approach5_skyhost_run1,5404000,1779278934.995330
approach5_skyhost_run1,5405000,1779278934.997058
approach5_skyhost_run1,5406000,1779278934.998806
approach5_skyhost_run1,5407000,1779278935.009784
approach5_skyhost_run1,5408000,1779278935.150561
approach5_skyhost_run1,5409000,1779278935.152291
approach5_skyhost_run1,5410000,1779278935.154022
approach5_skyhost_run1,5411000,1779278935.155801
approach5_skyhost_run1,5412000,1779278935.163833
approach5_skyhost_run1,5413000,1779278935.186833
approach5_skyhost_run1,5414000,1779278935.188560
approach5_skyhost_run1,5415000,1779278935.190290
approach5_skyhost_run1,5416000,1779278935.192045
approach5_skyhost_run1,5417000,1779278935.202051
approach5_skyhost_run1,5418000,1779278935.327222
approach5_skyhost_run1,5419000,1779278935.328943
approach5_skyhost_run1,5420000,1779278935.330694
approach5_skyhost_run1,5421000,1779278935.332431
approach5_skyhost_run1,5422000,1779278935.340980
approach5_skyhost_run1,5423000,1779278935.393093
approach5_skyhost_run1,5424000,1779278935.394862
approach5_skyhost_run1,5425000,1779278935.396593
approach5_skyhost_run1,5426000,1779278935.398335
approach5_skyhost_run1,5427000,1779278935.405441
approach5_skyhost_run1,5428000,1779278935.441526
approach5_skyhost_run1,5429000,1779278935.443261
approach5_skyhost_run1,5430000,1779278935.445015
approach5_skyhost_run1,5431000,1779278935.446764
approach5_skyhost_run1,5432000,1779278935.460176
approach5_skyhost_run1,5433000,1779278935.461893
approach5_skyhost_run1,5434000,1779278935.463674
approach5_skyhost_run1,5435000,1779278935.544979
approach5_skyhost_run1,5436000,1779278935.546711
approach5_skyhost_run1,5437000,1779278935.548442
approach5_skyhost_run1,5438000,1779278935.597412
approach5_skyhost_run1,5439000,1779278935.599151
approach5_skyhost_run1,5440000,1779278935.600878
approach5_skyhost_run1,5441000,1779278935.602623
approach5_skyhost_run1,5442000,1779278935.611490
approach5_skyhost_run1,5443000,1779278935.700519
approach5_skyhost_run1,5444000,1779278935.702250
approach5_skyhost_run1,5445000,1779278935.703997
approach5_skyhost_run1,5446000,1779278935.705768
approach5_skyhost_run1,5447000,1779278935.714960
approach5_skyhost_run1,5448000,1779278935.802626
approach5_skyhost_run1,5449000,1779278935.804355
approach5_skyhost_run1,5450000,1779278935.806113
approach5_skyhost_run1,5451000,1779278935.807856
approach5_skyhost_run1,5452000,1779278935.817135
approach5_skyhost_run1,5453000,1779278935.848818
approach5_skyhost_run1,5454000,1779278935.850563
approach5_skyhost_run1,5455000,1779278935.852303
approach5_skyhost_run1,5456000,1779278935.854051
approach5_skyhost_run1,5457000,1779278935.870081
approach5_skyhost_run1,5458000,1779278935.871828
approach5_skyhost_run1,5459000,1779278935.873576
approach5_skyhost_run1,5460000,1779278935.957738
approach5_skyhost_run1,5461000,1779278935.959477
approach5_skyhost_run1,5462000,1779278935.961196
approach5_skyhost_run1,5463000,1779278936.212567
approach5_skyhost_run1,5464000,1779278936.214309
approach5_skyhost_run1,5465000,1779278936.216075
approach5_skyhost_run1,5466000,1779278936.217814
approach5_skyhost_run1,5467000,1779278936.228776
approach5_skyhost_run1,5468000,1779278936.316522
approach5_skyhost_run1,5469000,1779278936.318256
approach5_skyhost_run1,5470000,1779278936.320007
approach5_skyhost_run1,5471000,1779278936.321746
approach5_skyhost_run1,5472000,1779278936.332303
approach5_skyhost_run1,5473000,1779278936.404309
approach5_skyhost_run1,5474000,1779278936.406069
approach5_skyhost_run1,5475000,1779278936.407818
approach5_skyhost_run1,5476000,1779278936.409554
approach5_skyhost_run1,5477000,1779278936.427473
approach5_skyhost_run1,5478000,1779278936.429198
approach5_skyhost_run1,5479000,1779278936.430939
approach5_skyhost_run1,5480000,1779278936.509168
approach5_skyhost_run1,5481000,1779278936.510902
approach5_skyhost_run1,5482000,1779278936.512632
approach5_skyhost_run1,5483000,1779278936.522092
approach5_skyhost_run1,5484000,1779278936.523829
approach5_skyhost_run1,5485000,1779278936.525583
approach5_skyhost_run1,5486000,1779278936.527337
approach5_skyhost_run1,5487000,1779278936.537451
approach5_skyhost_run1,5488000,1779278936.664069
approach5_skyhost_run1,5489000,1779278936.665824
approach5_skyhost_run1,5490000,1779278936.667568
approach5_skyhost_run1,5491000,1779278936.669308
approach5_skyhost_run1,5492000,1779278936.679278
approach5_skyhost_run1,5493000,1779278936.763202
approach5_skyhost_run1,5494000,1779278936.764960
approach5_skyhost_run1,5495000,1779278936.766709
approach5_skyhost_run1,5496000,1779278936.768450
approach5_skyhost_run1,5497000,1779278936.781085
approach5_skyhost_run1,5498000,1779278936.828619
approach5_skyhost_run1,5499000,1779278936.830355
approach5_skyhost_run1,5500000,1779278936.832074
approach5_skyhost_run1,5501000,1779278936.833836
approach5_skyhost_run1,5502000,1779278936.844534
approach5_skyhost_run1,5503000,1779278936.930933
approach5_skyhost_run1,5504000,1779278936.932654
approach5_skyhost_run1,5505000,1779278936.934391
approach5_skyhost_run1,5506000,1779278936.936155
approach5_skyhost_run1,5507000,1779278936.945975
approach5_skyhost_run1,5508000,1779278937.035553
approach5_skyhost_run1,5509000,1779278937.037277
approach5_skyhost_run1,5510000,1779278937.039027
approach5_skyhost_run1,5511000,1779278937.040766
approach5_skyhost_run1,5512000,1779278937.050295
approach5_skyhost_run1,5513000,1779278937.137546
approach5_skyhost_run1,5514000,1779278937.139284
approach5_skyhost_run1,5515000,1779278937.141007
approach5_skyhost_run1,5516000,1779278937.142777
approach5_skyhost_run1,5517000,1779278937.192327
approach5_skyhost_run1,5518000,1779278937.240129
approach5_skyhost_run1,5519000,1779278937.241850
approach5_skyhost_run1,5520000,1779278937.243598
approach5_skyhost_run1,5521000,1779278937.245362
approach5_skyhost_run1,5522000,1779278937.252970
approach5_skyhost_run1,5523000,1779278937.340701
approach5_skyhost_run1,5524000,1779278937.342431
approach5_skyhost_run1,5525000,1779278937.344159
approach5_skyhost_run1,5526000,1779278937.345913
approach5_skyhost_run1,5527000,1779278937.355713
approach5_skyhost_run1,5528000,1779278937.386236
approach5_skyhost_run1,5529000,1779278937.387982
approach5_skyhost_run1,5530000,1779278937.389722
approach5_skyhost_run1,5531000,1779278937.391485
approach5_skyhost_run1,5532000,1779278937.405570
approach5_skyhost_run1,5533000,1779278937.407306
approach5_skyhost_run1,5534000,1779278937.409032
approach5_skyhost_run1,5535000,1779278937.490620
approach5_skyhost_run1,5536000,1779278937.492352
approach5_skyhost_run1,5537000,1779278937.494091
approach5_skyhost_run1,5538000,1779278937.547737
approach5_skyhost_run1,5539000,1779278937.549461
approach5_skyhost_run1,5540000,1779278937.551196
approach5_skyhost_run1,5541000,1779278937.552920
approach5_skyhost_run1,5542000,1779278937.562332
approach5_skyhost_run1,5543000,1779278937.649599
approach5_skyhost_run1,5544000,1779278937.651333
approach5_skyhost_run1,5545000,1779278937.653061
approach5_skyhost_run1,5546000,1779278937.654807
approach5_skyhost_run1,5547000,1779278937.702351
approach5_skyhost_run1,5548000,1779278937.752217
approach5_skyhost_run1,5549000,1779278937.753947
approach5_skyhost_run1,5550000,1779278937.755722
approach5_skyhost_run1,5551000,1779278937.757463
approach5_skyhost_run1,5552000,1779278937.765874
approach5_skyhost_run1,5553000,1779278937.853921
approach5_skyhost_run1,5554000,1779278937.855698
approach5_skyhost_run1,5555000,1779278937.857447
approach5_skyhost_run1,5556000,1779278937.859214
approach5_skyhost_run1,5557000,1779278937.875025
approach5_skyhost_run1,5558000,1779278937.947134
approach5_skyhost_run1,5559000,1779278937.948857
approach5_skyhost_run1,5560000,1779278937.950639
approach5_skyhost_run1,5561000,1779278937.952388
approach5_skyhost_run1,5562000,1779278937.966540
approach5_skyhost_run1,5563000,1779278937.968265
approach5_skyhost_run1,5564000,1779278937.969992
approach5_skyhost_run1,5565000,1779278938.049491
approach5_skyhost_run1,5566000,1779278938.051262
approach5_skyhost_run1,5567000,1779278938.053070
approach5_skyhost_run1,5568000,1779278938.061226
approach5_skyhost_run1,5569000,1779278938.062968
approach5_skyhost_run1,5570000,1779278938.064692
approach5_skyhost_run1,5571000,1779278938.066463
approach5_skyhost_run1,5572000,1779278938.075594
approach5_skyhost_run1,5573000,1779278938.163061
approach5_skyhost_run1,5574000,1779278938.164790
approach5_skyhost_run1,5575000,1779278938.166556
approach5_skyhost_run1,5576000,1779278938.168288
approach5_skyhost_run1,5577000,1779278938.179120
approach5_skyhost_run1,5578000,1779278938.267542
approach5_skyhost_run1,5579000,1779278938.269298
approach5_skyhost_run1,5580000,1779278938.271038
approach5_skyhost_run1,5581000,1779278938.272771
approach5_skyhost_run1,5582000,1779278938.281881
approach5_skyhost_run1,5583000,1779278938.369079
approach5_skyhost_run1,5584000,1779278938.370831
approach5_skyhost_run1,5585000,1779278938.372575
approach5_skyhost_run1,5586000,1779278938.374335
approach5_skyhost_run1,5587000,1779278938.383644
approach5_skyhost_run1,5588000,1779278938.415803
approach5_skyhost_run1,5589000,1779278938.417533
approach5_skyhost_run1,5590000,1779278938.419270
approach5_skyhost_run1,5591000,1779278938.421000
approach5_skyhost_run1,5592000,1779278938.434863
approach5_skyhost_run1,5593000,1779278938.436591
approach5_skyhost_run1,5594000,1779278938.438335
approach5_skyhost_run1,5595000,1779278938.520063
approach5_skyhost_run1,5596000,1779278938.521799
approach5_skyhost_run1,5597000,1779278938.523544
approach5_skyhost_run1,5598000,1779278938.573626
approach5_skyhost_run1,5599000,1779278938.575400
approach5_skyhost_run1,5600000,1779278938.577145
approach5_skyhost_run1,5601000,1779278938.578909
approach5_skyhost_run1,5602000,1779278938.588600
approach5_skyhost_run1,5603000,1779278939.128506
approach5_skyhost_run1,5604000,1779278939.130224
approach5_skyhost_run1,5605000,1779278939.131969
approach5_skyhost_run1,5606000,1779278939.142520
approach5_skyhost_run1,5607000,1779278939.144257
approach5_skyhost_run1,5608000,1779278939.232319
approach5_skyhost_run1,5609000,1779278939.234054
approach5_skyhost_run1,5610000,1779278939.235841
approach5_skyhost_run1,5611000,1779278939.244273
approach5_skyhost_run1,5612000,1779278939.246036
approach5_skyhost_run1,5613000,1779278939.335200
approach5_skyhost_run1,5614000,1779278939.336916
approach5_skyhost_run1,5615000,1779278939.338647
approach5_skyhost_run1,5616000,1779278939.352980
approach5_skyhost_run1,5617000,1779278939.354732
approach5_skyhost_run1,5618000,1779278939.539466
approach5_skyhost_run1,5619000,1779278939.541208
approach5_skyhost_run1,5620000,1779278939.542963
approach5_skyhost_run1,5621000,1779278939.550135
approach5_skyhost_run1,5622000,1779278939.551885
approach5_skyhost_run1,5623000,1779278939.724396
approach5_skyhost_run1,5624000,1779278939.726176
approach5_skyhost_run1,5625000,1779278939.727921
approach5_skyhost_run1,5626000,1779278939.761372
approach5_skyhost_run1,5627000,1779278939.763106
approach5_skyhost_run1,5628000,1779278939.764857
approach5_skyhost_run1,5629000,1779278939.766604
approach5_skyhost_run1,5630000,1779278939.844790
approach5_skyhost_run1,5631000,1779278939.846566
approach5_skyhost_run1,5632000,1779278939.848297
approach5_skyhost_run1,5633000,1779278939.850029
approach5_skyhost_run1,5634000,1779278939.888502
approach5_skyhost_run1,5635000,1779278939.890264
approach5_skyhost_run1,5636000,1779278939.897290
approach5_skyhost_run1,5637000,1779278939.899037
approach5_skyhost_run1,5638000,1779278939.947065
approach5_skyhost_run1,5639000,1779278939.948797
approach5_skyhost_run1,5640000,1779278939.950550
approach5_skyhost_run1,5641000,1779278939.999470
approach5_skyhost_run1,5642000,1779278940.001268
approach5_skyhost_run1,5643000,1779278940.038768
approach5_skyhost_run1,5644000,1779278940.040510
approach5_skyhost_run1,5645000,1779278940.042249
approach5_skyhost_run1,5646000,1779278940.054676
approach5_skyhost_run1,5647000,1779278940.056434
approach5_skyhost_run1,5648000,1779278940.058168
approach5_skyhost_run1,5649000,1779278940.059917
approach5_skyhost_run1,5650000,1779278940.139548
approach5_skyhost_run1,5651000,1779278940.141273
approach5_skyhost_run1,5652000,1779278940.143015
approach5_skyhost_run1,5653000,1779278940.144758
approach5_skyhost_run1,5654000,1779278940.158676
approach5_skyhost_run1,5655000,1779278940.160419
approach5_skyhost_run1,5656000,1779278940.162148
approach5_skyhost_run1,5657000,1779278940.163896
approach5_skyhost_run1,5658000,1779278940.188797
approach5_skyhost_run1,5659000,1779278940.190540
approach5_skyhost_run1,5660000,1779278940.244281
approach5_skyhost_run1,5661000,1779278940.246040
approach5_skyhost_run1,5662000,1779278940.247791
approach5_skyhost_run1,5663000,1779278940.256631
approach5_skyhost_run1,5664000,1779278940.258374
approach5_skyhost_run1,5665000,1779278940.260106
approach5_skyhost_run1,5666000,1779278940.270079
approach5_skyhost_run1,5667000,1779278940.271827
approach5_skyhost_run1,5668000,1779278940.305294
approach5_skyhost_run1,5669000,1779278940.307037
approach5_skyhost_run1,5670000,1779278940.308768
approach5_skyhost_run1,5671000,1779278940.322420
approach5_skyhost_run1,5672000,1779278940.324153
approach5_skyhost_run1,5673000,1779278940.325911
approach5_skyhost_run1,5674000,1779278940.327663
approach5_skyhost_run1,5675000,1779278940.407738
approach5_skyhost_run1,5676000,1779278940.409483
approach5_skyhost_run1,5677000,1779278940.411244
approach5_skyhost_run1,5678000,1779278940.461555
approach5_skyhost_run1,5679000,1779278940.463310
approach5_skyhost_run1,5680000,1779278940.465090
approach5_skyhost_run1,5681000,1779278940.476982
approach5_skyhost_run1,5682000,1779278940.478735
approach5_skyhost_run1,5683000,1779278940.603940
approach5_skyhost_run1,5684000,1779278940.605705
approach5_skyhost_run1,5685000,1779278940.607445
approach5_skyhost_run1,5686000,1779278940.610572
approach5_skyhost_run1,5687000,1779278940.612318
approach5_skyhost_run1,5688000,1779278940.614048
approach5_skyhost_run1,5689000,1779278940.616060
approach5_skyhost_run1,5690000,1779278940.617796
approach5_skyhost_run1,5691000,1779278940.633451
approach5_skyhost_run1,5692000,1779278940.635204
approach5_skyhost_run1,5693000,1779278940.636932
approach5_skyhost_run1,5694000,1779278940.638675
approach5_skyhost_run1,5695000,1779278940.723167
approach5_skyhost_run1,5696000,1779278940.724920
approach5_skyhost_run1,5697000,1779278940.726675
approach5_skyhost_run1,5698000,1779278940.770867
approach5_skyhost_run1,5699000,1779278940.772596
approach5_skyhost_run1,5700000,1779278940.774339
approach5_skyhost_run1,5701000,1779278940.785118
approach5_skyhost_run1,5702000,1779278940.786892
approach5_skyhost_run1,5703000,1779278940.872397
approach5_skyhost_run1,5704000,1779278940.874119
approach5_skyhost_run1,5705000,1779278940.875916
approach5_skyhost_run1,5706000,1779278940.921363
approach5_skyhost_run1,5707000,1779278940.923115
approach5_skyhost_run1,5708000,1779278940.924865
approach5_skyhost_run1,5709000,1779278940.926615
approach5_skyhost_run1,5710000,1779278940.931068
approach5_skyhost_run1,5711000,1779278940.940251
approach5_skyhost_run1,5712000,1779278940.941973
approach5_skyhost_run1,5713000,1779278940.943704
approach5_skyhost_run1,5714000,1779278940.945451
approach5_skyhost_run1,5715000,1779278941.026199
approach5_skyhost_run1,5716000,1779278941.027942
approach5_skyhost_run1,5717000,1779278941.029688
approach5_skyhost_run1,5718000,1779278941.081707
approach5_skyhost_run1,5719000,1779278941.083445
approach5_skyhost_run1,5720000,1779278941.085206
approach5_skyhost_run1,5721000,1779278941.094351
approach5_skyhost_run1,5722000,1779278941.096109
approach5_skyhost_run1,5723000,1779278941.223057
approach5_skyhost_run1,5724000,1779278941.224781
approach5_skyhost_run1,5725000,1779278941.226563
approach5_skyhost_run1,5726000,1779278941.234151
approach5_skyhost_run1,5727000,1779278941.235924
approach5_skyhost_run1,5728000,1779278941.285693
approach5_skyhost_run1,5729000,1779278941.287438
approach5_skyhost_run1,5730000,1779278941.289165
approach5_skyhost_run1,5731000,1779278941.297648
approach5_skyhost_run1,5732000,1779278941.299394
approach5_skyhost_run1,5733000,1779278941.331106
approach5_skyhost_run1,5734000,1779278941.332833
approach5_skyhost_run1,5735000,1779278941.334573
approach5_skyhost_run1,5736000,1779278941.349027
approach5_skyhost_run1,5737000,1779278941.350764
approach5_skyhost_run1,5738000,1779278941.352489
approach5_skyhost_run1,5739000,1779278941.354222
approach5_skyhost_run1,5740000,1779278941.435344
approach5_skyhost_run1,5741000,1779278941.437078
approach5_skyhost_run1,5742000,1779278941.438825
approach5_skyhost_run1,5743000,1779278941.591784
approach5_skyhost_run1,5744000,1779278941.593516
approach5_skyhost_run1,5745000,1779278941.595291
approach5_skyhost_run1,5746000,1779278941.604435
approach5_skyhost_run1,5747000,1779278941.606198
approach5_skyhost_run1,5748000,1779278941.693340
approach5_skyhost_run1,5749000,1779278941.695140
approach5_skyhost_run1,5750000,1779278941.696880
approach5_skyhost_run1,5751000,1779278941.706808
approach5_skyhost_run1,5752000,1779278941.708541
approach5_skyhost_run1,5753000,1779278941.796992
approach5_skyhost_run1,5754000,1779278941.798732
approach5_skyhost_run1,5755000,1779278941.800465
approach5_skyhost_run1,5756000,1779278941.811291
approach5_skyhost_run1,5757000,1779278941.813029
approach5_skyhost_run1,5758000,1779278941.911341
approach5_skyhost_run1,5759000,1779278941.913077
approach5_skyhost_run1,5760000,1779278941.914855
approach5_skyhost_run1,5761000,1779278941.943117
approach5_skyhost_run1,5762000,1779278941.944868
approach5_skyhost_run1,5763000,1779278942.047718
approach5_skyhost_run1,5764000,1779278942.049438
approach5_skyhost_run1,5765000,1779278942.051170
approach5_skyhost_run1,5766000,1779278942.060547
approach5_skyhost_run1,5767000,1779278942.062274
approach5_skyhost_run1,5768000,1779278942.117642
approach5_skyhost_run1,5769000,1779278942.119387
approach5_skyhost_run1,5770000,1779278942.121130
approach5_skyhost_run1,5771000,1779278942.135088
approach5_skyhost_run1,5772000,1779278942.136825
approach5_skyhost_run1,5773000,1779278942.138573
approach5_skyhost_run1,5774000,1779278942.140314
approach5_skyhost_run1,5775000,1779278942.205297
approach5_skyhost_run1,5776000,1779278942.207034
approach5_skyhost_run1,5777000,1779278942.208762
approach5_skyhost_run1,5778000,1779278942.210515
approach5_skyhost_run1,5779000,1779278942.221020
approach5_skyhost_run1,5780000,1779278942.222924
approach5_skyhost_run1,5781000,1779278942.224655
approach5_skyhost_run1,5782000,1779278942.226426
approach5_skyhost_run1,5783000,1779278942.310838
approach5_skyhost_run1,5784000,1779278942.312560
approach5_skyhost_run1,5785000,1779278942.314288
approach5_skyhost_run1,5786000,1779278942.323431
approach5_skyhost_run1,5787000,1779278942.325198
approach5_skyhost_run1,5788000,1779278942.411589
approach5_skyhost_run1,5789000,1779278942.413322
approach5_skyhost_run1,5790000,1779278942.415108
approach5_skyhost_run1,5791000,1779278942.424789
approach5_skyhost_run1,5792000,1779278942.426567
approach5_skyhost_run1,5793000,1779278942.513645
approach5_skyhost_run1,5794000,1779278942.515425
approach5_skyhost_run1,5795000,1779278942.517171
approach5_skyhost_run1,5796000,1779278942.527262
approach5_skyhost_run1,5797000,1779278942.529004
approach5_skyhost_run1,5798000,1779278942.617918
approach5_skyhost_run1,5799000,1779278942.619658
approach5_skyhost_run1,5800000,1779278942.621382
approach5_skyhost_run1,5801000,1779278942.629729
approach5_skyhost_run1,5802000,1779278942.631476
approach5_skyhost_run1,5803000,1779278942.717715
approach5_skyhost_run1,5804000,1779278942.719464
approach5_skyhost_run1,5805000,1779278942.721206
approach5_skyhost_run1,5806000,1779278942.730595
approach5_skyhost_run1,5807000,1779278942.732341
approach5_skyhost_run1,5808000,1779278942.776285
approach5_skyhost_run1,5809000,1779278942.778023
approach5_skyhost_run1,5810000,1779278942.779773
approach5_skyhost_run1,5811000,1779278942.793972
approach5_skyhost_run1,5812000,1779278942.795778
approach5_skyhost_run1,5813000,1779278942.797528
approach5_skyhost_run1,5814000,1779278942.799281
approach5_skyhost_run1,5815000,1779278942.880827
approach5_skyhost_run1,5816000,1779278942.882586
approach5_skyhost_run1,5817000,1779278942.884323
approach5_skyhost_run1,5818000,1779278942.922657
approach5_skyhost_run1,5819000,1779278942.924385
approach5_skyhost_run1,5820000,1779278942.926153
approach5_skyhost_run1,5821000,1779278942.935203
approach5_skyhost_run1,5822000,1779278942.936939
approach5_skyhost_run1,5823000,1779278943.025675
approach5_skyhost_run1,5824000,1779278943.027416
approach5_skyhost_run1,5825000,1779278943.029150
approach5_skyhost_run1,5826000,1779278943.041052
approach5_skyhost_run1,5827000,1779278943.042800
approach5_skyhost_run1,5828000,1779278943.126007
approach5_skyhost_run1,5829000,1779278943.127755
approach5_skyhost_run1,5830000,1779278943.129488
approach5_skyhost_run1,5831000,1779278943.139754
approach5_skyhost_run1,5832000,1779278943.141490
approach5_skyhost_run1,5833000,1779278943.271964
approach5_skyhost_run1,5834000,1779278943.273802
approach5_skyhost_run1,5835000,1779278943.276507
approach5_skyhost_run1,5836000,1779278943.278237
approach5_skyhost_run1,5837000,1779278943.279978
approach5_skyhost_run1,5838000,1779278943.281728
approach5_skyhost_run1,5839000,1779278943.283529
approach5_skyhost_run1,5840000,1779278943.285506
approach5_skyhost_run1,5841000,1779278943.345469
approach5_skyhost_run1,5842000,1779278943.347204
approach5_skyhost_run1,5843000,1779278943.348943
approach5_skyhost_run1,5844000,1779278943.350695
approach5_skyhost_run1,5845000,1779278943.434170
approach5_skyhost_run1,5846000,1779278943.436682
approach5_skyhost_run1,5847000,1779278943.438420
approach5_skyhost_run1,5848000,1779278943.440154
approach5_skyhost_run1,5849000,1779278943.441882
approach5_skyhost_run1,5850000,1779278943.443634
approach5_skyhost_run1,5851000,1779278943.447988
approach5_skyhost_run1,5852000,1779278943.449732
approach5_skyhost_run1,5853000,1779278943.538121
approach5_skyhost_run1,5854000,1779278943.539861
approach5_skyhost_run1,5855000,1779278943.541587
approach5_skyhost_run1,5856000,1779278943.553703
approach5_skyhost_run1,5857000,1779278943.555482
approach5_skyhost_run1,5858000,1779278943.640774
approach5_skyhost_run1,5859000,1779278943.642518
approach5_skyhost_run1,5860000,1779278943.644279
approach5_skyhost_run1,5861000,1779278943.652445
approach5_skyhost_run1,5862000,1779278943.654186
approach5_skyhost_run1,5863000,1779278943.741530
approach5_skyhost_run1,5864000,1779278943.743268
approach5_skyhost_run1,5865000,1779278943.745031
approach5_skyhost_run1,5866000,1779278943.755755
approach5_skyhost_run1,5867000,1779278943.757494
approach5_skyhost_run1,5868000,1779278943.901823
approach5_skyhost_run1,5869000,1779278943.903570
approach5_skyhost_run1,5870000,1779278943.905338
approach5_skyhost_run1,5871000,1779278943.912435
approach5_skyhost_run1,5872000,1779278943.914174
approach5_skyhost_run1,5873000,1779278943.952115
approach5_skyhost_run1,5874000,1779278943.953840
approach5_skyhost_run1,5875000,1779278943.955648
approach5_skyhost_run1,5876000,1779278943.963964
approach5_skyhost_run1,5877000,1779278943.965720
approach5_skyhost_run1,5878000,1779278944.049894
approach5_skyhost_run1,5879000,1779278944.051639
approach5_skyhost_run1,5880000,1779278944.053385
approach5_skyhost_run1,5881000,1779278944.063388
approach5_skyhost_run1,5882000,1779278944.065154
approach5_skyhost_run1,5883000,1779278944.152935
approach5_skyhost_run1,5884000,1779278944.154682
approach5_skyhost_run1,5885000,1779278944.156460
approach5_skyhost_run1,5886000,1779278944.166851
approach5_skyhost_run1,5887000,1779278944.168589
approach5_skyhost_run1,5888000,1779278944.255613
approach5_skyhost_run1,5889000,1779278944.257344
approach5_skyhost_run1,5890000,1779278944.259091
approach5_skyhost_run1,5891000,1779278944.267214
approach5_skyhost_run1,5892000,1779278944.268949
approach5_skyhost_run1,5893000,1779278944.337723
approach5_skyhost_run1,5894000,1779278944.714886
approach5_skyhost_run1,5895000,1779278944.716642
approach5_skyhost_run1,5896000,1779278944.718390
approach5_skyhost_run1,5897000,1779278944.720135
approach5_skyhost_run1,5898000,1779278944.728316
approach5_skyhost_run1,5899000,1779278944.812913
approach5_skyhost_run1,5900000,1779278944.814660
approach5_skyhost_run1,5901000,1779278944.816450
approach5_skyhost_run1,5902000,1779278944.818192
approach5_skyhost_run1,5903000,1779278944.859511
approach5_skyhost_run1,5904000,1779278944.982142
approach5_skyhost_run1,5905000,1779278944.983880
approach5_skyhost_run1,5906000,1779278944.985638
approach5_skyhost_run1,5907000,1779278944.987391
approach5_skyhost_run1,5908000,1779278945.013436
approach5_skyhost_run1,5909000,1779278945.018235
approach5_skyhost_run1,5910000,1779278945.019962
approach5_skyhost_run1,5911000,1779278945.021692
approach5_skyhost_run1,5912000,1779278945.023445
approach5_skyhost_run1,5913000,1779278945.032274
approach5_skyhost_run1,5914000,1779278945.122143
approach5_skyhost_run1,5915000,1779278945.123882
approach5_skyhost_run1,5916000,1779278945.125651
approach5_skyhost_run1,5917000,1779278945.127403
approach5_skyhost_run1,5918000,1779278945.135893
approach5_skyhost_run1,5919000,1779278945.226462
approach5_skyhost_run1,5920000,1779278945.228194
approach5_skyhost_run1,5921000,1779278945.229930
approach5_skyhost_run1,5922000,1779278945.231691
approach5_skyhost_run1,5923000,1779278945.239716
approach5_skyhost_run1,5924000,1779278945.633001
approach5_skyhost_run1,5925000,1779278945.634743
approach5_skyhost_run1,5926000,1779278945.636512
approach5_skyhost_run1,5927000,1779278945.638255
approach5_skyhost_run1,5928000,1779278945.646629
approach5_skyhost_run1,5929000,1779278945.734037
approach5_skyhost_run1,5930000,1779278945.735809
approach5_skyhost_run1,5931000,1779278945.737542
approach5_skyhost_run1,5932000,1779278945.739305
approach5_skyhost_run1,5933000,1779278945.748860
approach5_skyhost_run1,5934000,1779278945.838041
approach5_skyhost_run1,5935000,1779278945.839797
approach5_skyhost_run1,5936000,1779278945.841543
approach5_skyhost_run1,5937000,1779278945.843304
approach5_skyhost_run1,5938000,1779278945.851347
approach5_skyhost_run1,5939000,1779278945.940385
approach5_skyhost_run1,5940000,1779278945.942107
approach5_skyhost_run1,5941000,1779278945.943849
approach5_skyhost_run1,5942000,1779278945.945619
approach5_skyhost_run1,5943000,1779278945.954173
approach5_skyhost_run1,5944000,1779278946.043038
approach5_skyhost_run1,5945000,1779278946.044769
approach5_skyhost_run1,5946000,1779278946.046543
approach5_skyhost_run1,5947000,1779278946.048288
approach5_skyhost_run1,5948000,1779278946.056344
approach5_skyhost_run1,5949000,1779278946.129144
approach5_skyhost_run1,5950000,1779278946.130887
approach5_skyhost_run1,5951000,1779278946.132628
approach5_skyhost_run1,5952000,1779278946.134380
approach5_skyhost_run1,5953000,1779278946.147694
approach5_skyhost_run1,5954000,1779278946.149421
approach5_skyhost_run1,5955000,1779278946.151171
approach5_skyhost_run1,5956000,1779278946.232432
approach5_skyhost_run1,5957000,1779278946.234188
approach5_skyhost_run1,5958000,1779278946.235969
approach5_skyhost_run1,5959000,1779278946.249844
approach5_skyhost_run1,5960000,1779278946.251594
approach5_skyhost_run1,5961000,1779278946.253347
approach5_skyhost_run1,5962000,1779278946.255139
approach5_skyhost_run1,5963000,1779278946.264355
approach5_skyhost_run1,5964000,1779278946.351485
approach5_skyhost_run1,5965000,1779278946.353214
approach5_skyhost_run1,5966000,1779278946.354988
approach5_skyhost_run1,5967000,1779278946.356726
approach5_skyhost_run1,5968000,1779278946.366601
approach5_skyhost_run1,5969000,1779278946.469190
approach5_skyhost_run1,5970000,1779278946.470936
approach5_skyhost_run1,5971000,1779278946.472677
approach5_skyhost_run1,5972000,1779278946.474429
approach5_skyhost_run1,5973000,1779278946.490009
approach5_skyhost_run1,5974000,1779278946.491754
approach5_skyhost_run1,5975000,1779278946.493490
approach5_skyhost_run1,5976000,1779278946.555710
approach5_skyhost_run1,5977000,1779278946.557448
approach5_skyhost_run1,5978000,1779278946.559196
approach5_skyhost_run1,5979000,1779278946.560941
approach5_skyhost_run1,5980000,1779278946.568703
approach5_skyhost_run1,5981000,1779278946.579403
approach5_skyhost_run1,5982000,1779278946.581145
approach5_skyhost_run1,5983000,1779278946.582893
approach5_skyhost_run1,5984000,1779278946.657808
approach5_skyhost_run1,5985000,1779278946.659552
approach5_skyhost_run1,5986000,1779278946.661294
approach5_skyhost_run1,5987000,1779278946.663057
approach5_skyhost_run1,5988000,1779278946.672386
approach5_skyhost_run1,5989000,1779278946.744007
approach5_skyhost_run1,5990000,1779278946.745754
approach5_skyhost_run1,5991000,1779278946.747497
approach5_skyhost_run1,5992000,1779278946.749232
approach5_skyhost_run1,5993000,1779278946.763741
approach5_skyhost_run1,5994000,1779278946.765500
approach5_skyhost_run1,5995000,1779278946.767263
approach5_skyhost_run1,5996000,1779278946.854022
approach5_skyhost_run1,5997000,1779278946.855798
approach5_skyhost_run1,5998000,1779278946.857534
approach5_skyhost_run1,5999000,1779278947.009660
approach5_skyhost_run1,6000000,1779278947.011409
approach5_skyhost_run1,6001000,1779278947.013216
approach5_skyhost_run1,6002000,1779278947.015022
approach5_skyhost_run1,6003000,1779278947.023006
approach5_skyhost_run1,6004000,1779278947.069036
approach5_skyhost_run1,6005000,1779278947.070788
approach5_skyhost_run1,6006000,1779278947.072536
approach5_skyhost_run1,6007000,1779278947.074284
approach5_skyhost_run1,6008000,1779278947.081992
approach5_skyhost_run1,6009000,1779278947.115819
approach5_skyhost_run1,6010000,1779278947.117555
approach5_skyhost_run1,6011000,1779278947.119310
approach5_skyhost_run1,6012000,1779278947.121064
approach5_skyhost_run1,6013000,1779278947.133633
approach5_skyhost_run1,6014000,1779278947.135391
approach5_skyhost_run1,6015000,1779278947.137127
approach5_skyhost_run1,6016000,1779278947.220026
approach5_skyhost_run1,6017000,1779278947.221759
approach5_skyhost_run1,6018000,1779278947.223503
approach5_skyhost_run1,6019000,1779278947.286680
approach5_skyhost_run1,6020000,1779278947.288437
approach5_skyhost_run1,6021000,1779278947.290169
approach5_skyhost_run1,6022000,1779278947.291922
approach5_skyhost_run1,6023000,1779278947.303597
approach5_skyhost_run1,6024000,1779278947.374878
approach5_skyhost_run1,6025000,1779278947.376606
approach5_skyhost_run1,6026000,1779278947.378337
approach5_skyhost_run1,6027000,1779278947.380068
approach5_skyhost_run1,6028000,1779278947.393718
approach5_skyhost_run1,6029000,1779278947.478732
approach5_skyhost_run1,6030000,1779278947.480458
approach5_skyhost_run1,6031000,1779278947.482188
approach5_skyhost_run1,6032000,1779278947.483940
approach5_skyhost_run1,6033000,1779278947.492626
approach5_skyhost_run1,6034000,1779278947.577395
approach5_skyhost_run1,6035000,1779278947.579144
approach5_skyhost_run1,6036000,1779278947.580888
approach5_skyhost_run1,6037000,1779278947.582645
approach5_skyhost_run1,6038000,1779278947.594418
approach5_skyhost_run1,6039000,1779278947.683241
approach5_skyhost_run1,6040000,1779278947.685000
approach5_skyhost_run1,6041000,1779278947.686792
approach5_skyhost_run1,6042000,1779278947.688541
approach5_skyhost_run1,6043000,1779278947.696741
approach5_skyhost_run1,6044000,1779278947.785362
approach5_skyhost_run1,6045000,1779278947.787105
approach5_skyhost_run1,6046000,1779278947.788844
approach5_skyhost_run1,6047000,1779278947.790598
approach5_skyhost_run1,6048000,1779278947.800872
approach5_skyhost_run1,6049000,1779278947.889150
approach5_skyhost_run1,6050000,1779278947.890896
approach5_skyhost_run1,6051000,1779278947.892631
approach5_skyhost_run1,6052000,1779278947.894377
approach5_skyhost_run1,6053000,1779278947.904899
approach5_skyhost_run1,6054000,1779278947.990915
approach5_skyhost_run1,6055000,1779278947.992659
approach5_skyhost_run1,6056000,1779278947.994419
approach5_skyhost_run1,6057000,1779278947.996189
approach5_skyhost_run1,6058000,1779278948.004576
approach5_skyhost_run1,6059000,1779278948.095138
approach5_skyhost_run1,6060000,1779278948.096869
approach5_skyhost_run1,6061000,1779278948.098610
approach5_skyhost_run1,6062000,1779278948.100344
approach5_skyhost_run1,6063000,1779278948.108464
approach5_skyhost_run1,6064000,1779278948.195987
approach5_skyhost_run1,6065000,1779278948.197738
approach5_skyhost_run1,6066000,1779278948.199491
approach5_skyhost_run1,6067000,1779278948.201234
approach5_skyhost_run1,6068000,1779278948.213707
approach5_skyhost_run1,6069000,1779278948.299042
approach5_skyhost_run1,6070000,1779278948.300768
approach5_skyhost_run1,6071000,1779278948.302522
approach5_skyhost_run1,6072000,1779278948.304275
approach5_skyhost_run1,6073000,1779278948.349522
approach5_skyhost_run1,6074000,1779278948.452346
approach5_skyhost_run1,6075000,1779278948.454097
approach5_skyhost_run1,6076000,1779278948.455898
approach5_skyhost_run1,6077000,1779278948.457661
approach5_skyhost_run1,6078000,1779278948.464935
approach5_skyhost_run1,6079000,1779278948.504503
approach5_skyhost_run1,6080000,1779278948.506263
approach5_skyhost_run1,6081000,1779278948.508014
approach5_skyhost_run1,6082000,1779278948.509734
approach5_skyhost_run1,6083000,1779278948.517362
approach5_skyhost_run1,6084000,1779278948.606522
approach5_skyhost_run1,6085000,1779278948.608270
approach5_skyhost_run1,6086000,1779278948.610026
approach5_skyhost_run1,6087000,1779278948.611804
approach5_skyhost_run1,6088000,1779278948.619470
approach5_skyhost_run1,6089000,1779278948.711602
approach5_skyhost_run1,6090000,1779278948.713348
approach5_skyhost_run1,6091000,1779278948.715141
approach5_skyhost_run1,6092000,1779278948.716893
approach5_skyhost_run1,6093000,1779278948.723928
approach5_skyhost_run1,6094000,1779278948.814091
approach5_skyhost_run1,6095000,1779278948.815875
approach5_skyhost_run1,6096000,1779278948.817640
approach5_skyhost_run1,6097000,1779278948.819420
approach5_skyhost_run1,6098000,1779278948.826415
approach5_skyhost_run1,6099000,1779278948.915524
approach5_skyhost_run1,6100000,1779278948.917268
approach5_skyhost_run1,6101000,1779278948.919042
approach5_skyhost_run1,6102000,1779278948.920802
approach5_skyhost_run1,6103000,1779278948.928767
approach5_skyhost_run1,6104000,1779278949.026432
approach5_skyhost_run1,6105000,1779278949.028188
approach5_skyhost_run1,6106000,1779278949.029946
approach5_skyhost_run1,6107000,1779278949.031720
approach5_skyhost_run1,6108000,1779278949.040445
approach5_skyhost_run1,6109000,1779278949.158845
approach5_skyhost_run1,6110000,1779278949.160587
approach5_skyhost_run1,6111000,1779278949.162345
approach5_skyhost_run1,6112000,1779278949.164096
approach5_skyhost_run1,6113000,1779278949.175649
approach5_skyhost_run1,6114000,1779278949.223250
approach5_skyhost_run1,6115000,1779278949.225014
approach5_skyhost_run1,6116000,1779278949.226774
approach5_skyhost_run1,6117000,1779278949.228542
approach5_skyhost_run1,6118000,1779278949.235717
approach5_skyhost_run1,6119000,1779278949.323932
approach5_skyhost_run1,6120000,1779278949.325700
approach5_skyhost_run1,6121000,1779278949.327465
approach5_skyhost_run1,6122000,1779278949.329222
approach5_skyhost_run1,6123000,1779278949.339355
approach5_skyhost_run1,6124000,1779278949.429167
approach5_skyhost_run1,6125000,1779278949.430932
approach5_skyhost_run1,6126000,1779278949.432692
approach5_skyhost_run1,6127000,1779278949.434480
approach5_skyhost_run1,6128000,1779278949.441989
approach5_skyhost_run1,6129000,1779278949.474044
approach5_skyhost_run1,6130000,1779278949.475832
approach5_skyhost_run1,6131000,1779278949.477595
approach5_skyhost_run1,6132000,1779278949.479375
approach5_skyhost_run1,6133000,1779278949.492702
approach5_skyhost_run1,6134000,1779278949.494475
approach5_skyhost_run1,6135000,1779278949.496264
approach5_skyhost_run1,6136000,1779278949.578653
approach5_skyhost_run1,6137000,1779278949.580421
approach5_skyhost_run1,6138000,1779278949.582197
approach5_skyhost_run1,6139000,1779278949.633563
approach5_skyhost_run1,6140000,1779278949.635370
approach5_skyhost_run1,6141000,1779278949.637147
approach5_skyhost_run1,6142000,1779278949.638943
approach5_skyhost_run1,6143000,1779278949.679097
approach5_skyhost_run1,6144000,1779278949.680863
approach5_skyhost_run1,6145000,1779278949.682611
approach5_skyhost_run1,6146000,1779278949.684642
approach5_skyhost_run1,6147000,1779278949.686445
approach5_skyhost_run1,6148000,1779278949.698175
approach5_skyhost_run1,6149000,1779278949.699944
approach5_skyhost_run1,6150000,1779278949.701715
approach5_skyhost_run1,6151000,1779278949.778951
approach5_skyhost_run1,6152000,1779278949.780744
approach5_skyhost_run1,6153000,1779278949.782929
approach5_skyhost_run1,6154000,1779278949.784690
approach5_skyhost_run1,6155000,1779278949.786486
approach5_skyhost_run1,6156000,1779278949.788247
approach5_skyhost_run1,6157000,1779278949.790016
approach5_skyhost_run1,6158000,1779278949.799843
approach5_skyhost_run1,6159000,1779278949.801606
approach5_skyhost_run1,6160000,1779278949.803390
approach5_skyhost_run1,6161000,1779278949.890585
approach5_skyhost_run1,6162000,1779278949.892350
approach5_skyhost_run1,6163000,1779278949.894120
approach5_skyhost_run1,6164000,1779278949.978948
approach5_skyhost_run1,6165000,1779278949.980718
approach5_skyhost_run1,6166000,1779278949.982504
approach5_skyhost_run1,6167000,1779278949.984279
approach5_skyhost_run1,6168000,1779278949.993495
approach5_skyhost_run1,6169000,1779278950.056732
approach5_skyhost_run1,6170000,1779278950.058506
approach5_skyhost_run1,6171000,1779278950.060273
approach5_skyhost_run1,6172000,1779278950.062045
approach5_skyhost_run1,6173000,1779278950.081574
approach5_skyhost_run1,6174000,1779278950.153552
approach5_skyhost_run1,6175000,1779278950.155368
approach5_skyhost_run1,6176000,1779278950.157152
approach5_skyhost_run1,6177000,1779278950.158949
approach5_skyhost_run1,6178000,1779278950.190673
approach5_skyhost_run1,6179000,1779278950.192462
approach5_skyhost_run1,6180000,1779278950.194234
approach5_skyhost_run1,6181000,1779278950.251702
approach5_skyhost_run1,6182000,1779278950.253471
approach5_skyhost_run1,6183000,1779278950.273523
approach5_skyhost_run1,6184000,1779278950.275350
approach5_skyhost_run1,6185000,1779278950.281944
approach5_skyhost_run1,6186000,1779278950.283710
approach5_skyhost_run1,6187000,1779278950.285480
approach5_skyhost_run1,6188000,1779278950.287259
approach5_skyhost_run1,6189000,1779278950.311809
approach5_skyhost_run1,6190000,1779278950.313562
approach5_skyhost_run1,6191000,1779278950.315374
approach5_skyhost_run1,6192000,1779278950.317141
approach5_skyhost_run1,6193000,1779278950.331010
approach5_skyhost_run1,6194000,1779278950.332776
approach5_skyhost_run1,6195000,1779278950.334564
approach5_skyhost_run1,6196000,1779278950.421214
approach5_skyhost_run1,6197000,1779278950.422992
approach5_skyhost_run1,6198000,1779278950.424751
approach5_skyhost_run1,6199000,1779278950.454386
approach5_skyhost_run1,6200000,1779278950.456170
approach5_skyhost_run1,6201000,1779278950.457933
approach5_skyhost_run1,6202000,1779278950.459751
approach5_skyhost_run1,6203000,1779278950.463497
approach5_skyhost_run1,6204000,1779278950.759025
approach5_skyhost_run1,6205000,1779278950.760779
approach5_skyhost_run1,6206000,1779278950.762553
approach5_skyhost_run1,6207000,1779278950.764326
approach5_skyhost_run1,6208000,1779278950.772429
approach5_skyhost_run1,6209000,1779278950.808943
approach5_skyhost_run1,6210000,1779278950.810720
approach5_skyhost_run1,6211000,1779278950.812495
approach5_skyhost_run1,6212000,1779278950.814277
approach5_skyhost_run1,6213000,1779278950.830535
approach5_skyhost_run1,6214000,1779278950.832281
approach5_skyhost_run1,6215000,1779278950.834039
approach5_skyhost_run1,6216000,1779278950.917563
approach5_skyhost_run1,6217000,1779278950.919331
approach5_skyhost_run1,6218000,1779278950.921087
approach5_skyhost_run1,6219000,1779278950.975313
approach5_skyhost_run1,6220000,1779278950.977073
approach5_skyhost_run1,6221000,1779278950.978847
approach5_skyhost_run1,6222000,1779278950.980614
approach5_skyhost_run1,6223000,1779278951.012047
approach5_skyhost_run1,6224000,1779278951.065616
approach5_skyhost_run1,6225000,1779278951.067356
approach5_skyhost_run1,6226000,1779278951.069088
approach5_skyhost_run1,6227000,1779278951.070852
approach5_skyhost_run1,6228000,1779278951.080835
approach5_skyhost_run1,6229000,1779278951.169453
approach5_skyhost_run1,6230000,1779278951.171221
approach5_skyhost_run1,6231000,1779278951.172991
approach5_skyhost_run1,6232000,1779278951.174782
approach5_skyhost_run1,6233000,1779278951.182607
approach5_skyhost_run1,6234000,1779278951.335355
approach5_skyhost_run1,6235000,1779278951.337118
approach5_skyhost_run1,6236000,1779278951.338908
approach5_skyhost_run1,6237000,1779278951.340690
approach5_skyhost_run1,6238000,1779278951.369002
approach5_skyhost_run1,6239000,1779278951.385946
approach5_skyhost_run1,6240000,1779278951.387709
approach5_skyhost_run1,6241000,1779278951.389464
approach5_skyhost_run1,6242000,1779278951.391241
approach5_skyhost_run1,6243000,1779278951.409980
approach5_skyhost_run1,6244000,1779278951.476158
approach5_skyhost_run1,6245000,1779278951.477915
approach5_skyhost_run1,6246000,1779278951.479689
approach5_skyhost_run1,6247000,1779278951.481459
approach5_skyhost_run1,6248000,1779278951.536097
approach5_skyhost_run1,6249000,1779278951.578277
approach5_skyhost_run1,6250000,1779278951.580041
approach5_skyhost_run1,6251000,1779278951.581794
approach5_skyhost_run1,6252000,1779278951.583565
approach5_skyhost_run1,6253000,1779278951.594868
approach5_skyhost_run1,6254000,1779278951.681766
approach5_skyhost_run1,6255000,1779278951.683534
approach5_skyhost_run1,6256000,1779278951.685324
approach5_skyhost_run1,6257000,1779278951.687106
approach5_skyhost_run1,6258000,1779278951.697924
approach5_skyhost_run1,6259000,1779278951.784466
approach5_skyhost_run1,6260000,1779278951.786242
approach5_skyhost_run1,6261000,1779278951.788016
approach5_skyhost_run1,6262000,1779278951.789788
approach5_skyhost_run1,6263000,1779278951.798542
approach5_skyhost_run1,6264000,1779278951.925862
approach5_skyhost_run1,6265000,1779278951.927627
approach5_skyhost_run1,6266000,1779278951.929382
approach5_skyhost_run1,6267000,1779278951.931163
approach5_skyhost_run1,6268000,1779278951.938053
approach5_skyhost_run1,6269000,1779278951.991235
approach5_skyhost_run1,6270000,1779278951.992990
approach5_skyhost_run1,6271000,1779278951.994731
approach5_skyhost_run1,6272000,1779278951.996540
approach5_skyhost_run1,6273000,1779278952.003063
approach5_skyhost_run1,6274000,1779278952.338106
approach5_skyhost_run1,6275000,1779278952.339884
approach5_skyhost_run1,6276000,1779278952.341742
approach5_skyhost_run1,6277000,1779278952.344120
approach5_skyhost_run1,6278000,1779278952.345910
approach5_skyhost_run1,6279000,1779278952.347676
approach5_skyhost_run1,6280000,1779278952.349442
approach5_skyhost_run1,6281000,1779278952.356062
approach5_skyhost_run1,6282000,1779278952.357806
approach5_skyhost_run1,6283000,1779278952.359581
approach5_skyhost_run1,6284000,1779278952.361339
approach5_skyhost_run1,6285000,1779278952.376048
approach5_skyhost_run1,6286000,1779278952.377801
approach5_skyhost_run1,6287000,1779278952.379561
approach5_skyhost_run1,6288000,1779278952.381317
approach5_skyhost_run1,6289000,1779278952.448766
approach5_skyhost_run1,6290000,1779278952.450576
approach5_skyhost_run1,6291000,1779278952.456928
approach5_skyhost_run1,6292000,1779278952.458693
approach5_skyhost_run1,6293000,1779278952.460440
approach5_skyhost_run1,6294000,1779278952.462200
approach5_skyhost_run1,6295000,1779278952.464556
approach5_skyhost_run1,6296000,1779278952.466339
approach5_skyhost_run1,6297000,1779278952.468103
approach5_skyhost_run1,6298000,1779278952.488911
approach5_skyhost_run1,6299000,1779278952.490670
approach5_skyhost_run1,6300000,1779278952.492417
approach5_skyhost_run1,6301000,1779278952.542150
approach5_skyhost_run1,6302000,1779278952.543912
approach5_skyhost_run1,6303000,1779278952.545691
approach5_skyhost_run1,6304000,1779278952.547470
approach5_skyhost_run1,6305000,1779278952.563211
approach5_skyhost_run1,6306000,1779278952.565011
approach5_skyhost_run1,6307000,1779278952.566787
approach5_skyhost_run1,6308000,1779278952.568586
approach5_skyhost_run1,6309000,1779278952.573796
approach5_skyhost_run1,6310000,1779278952.575593
approach5_skyhost_run1,6311000,1779278952.653895
approach5_skyhost_run1,6312000,1779278952.655681
approach5_skyhost_run1,6313000,1779278952.657445
approach5_skyhost_run1,6314000,1779278952.704496
approach5_skyhost_run1,6315000,1779278952.706264
approach5_skyhost_run1,6316000,1779278952.708014
approach5_skyhost_run1,6317000,1779278952.709784
approach5_skyhost_run1,6318000,1779278952.720388
approach5_skyhost_run1,6319000,1779278952.806875
approach5_skyhost_run1,6320000,1779278952.808627
approach5_skyhost_run1,6321000,1779278952.810420
approach5_skyhost_run1,6322000,1779278952.812206
approach5_skyhost_run1,6323000,1779278952.821680
approach5_skyhost_run1,6324000,1779278952.940221
approach5_skyhost_run1,6325000,1779278952.941978
approach5_skyhost_run1,6326000,1779278952.943748
approach5_skyhost_run1,6327000,1779278952.945545
approach5_skyhost_run1,6328000,1779278952.961899
approach5_skyhost_run1,6329000,1779278952.963667
approach5_skyhost_run1,6330000,1779278952.965453
approach5_skyhost_run1,6331000,1779278953.045275
approach5_skyhost_run1,6332000,1779278953.047044
approach5_skyhost_run1,6333000,1779278953.048815
approach5_skyhost_run1,6334000,1779278953.120611
approach5_skyhost_run1,6335000,1779278953.122408
approach5_skyhost_run1,6336000,1779278953.124175
approach5_skyhost_run1,6337000,1779278953.125985
approach5_skyhost_run1,6338000,1779278953.133698
approach5_skyhost_run1,6339000,1779278953.260586
approach5_skyhost_run1,6340000,1779278953.262350
approach5_skyhost_run1,6341000,1779278953.264116
approach5_skyhost_run1,6342000,1779278953.265913
approach5_skyhost_run1,6343000,1779278953.279822
approach5_skyhost_run1,6344000,1779278953.281575
approach5_skyhost_run1,6345000,1779278953.283351
approach5_skyhost_run1,6346000,1779278953.365040
approach5_skyhost_run1,6347000,1779278953.366816
approach5_skyhost_run1,6348000,1779278953.368584
approach5_skyhost_run1,6349000,1779278953.420282
approach5_skyhost_run1,6350000,1779278953.422035
approach5_skyhost_run1,6351000,1779278953.423800
approach5_skyhost_run1,6352000,1779278953.425588
approach5_skyhost_run1,6353000,1779278953.436166
approach5_skyhost_run1,6354000,1779278953.523066
approach5_skyhost_run1,6355000,1779278953.524851
approach5_skyhost_run1,6356000,1779278953.526633
approach5_skyhost_run1,6357000,1779278953.528405
approach5_skyhost_run1,6358000,1779278953.540542
approach5_skyhost_run1,6359000,1779278953.664064
approach5_skyhost_run1,6360000,1779278953.665846
approach5_skyhost_run1,6361000,1779278953.667625
approach5_skyhost_run1,6362000,1779278953.669391
approach5_skyhost_run1,6363000,1779278953.677717
approach5_skyhost_run1,6364000,1779278953.727565
approach5_skyhost_run1,6365000,1779278953.729331
approach5_skyhost_run1,6366000,1779278953.731116
approach5_skyhost_run1,6367000,1779278953.732898
approach5_skyhost_run1,6368000,1779278953.741638
approach5_skyhost_run1,6369000,1779278953.842037
approach5_skyhost_run1,6370000,1779278953.843806
approach5_skyhost_run1,6371000,1779278953.845603
approach5_skyhost_run1,6372000,1779278953.847401
approach5_skyhost_run1,6373000,1779278953.870575
approach5_skyhost_run1,6374000,1779278953.932336
approach5_skyhost_run1,6375000,1779278953.934094
approach5_skyhost_run1,6376000,1779278953.935896
approach5_skyhost_run1,6377000,1779278953.937663
approach5_skyhost_run1,6378000,1779278953.948184
approach5_skyhost_run1,6379000,1779278954.034664
approach5_skyhost_run1,6380000,1779278954.036442
approach5_skyhost_run1,6381000,1779278954.038226
approach5_skyhost_run1,6382000,1779278954.040000
approach5_skyhost_run1,6383000,1779278954.049703
approach5_skyhost_run1,6384000,1779278954.121135
approach5_skyhost_run1,6385000,1779278954.122904
approach5_skyhost_run1,6386000,1779278954.124674
approach5_skyhost_run1,6387000,1779278954.126482
approach5_skyhost_run1,6388000,1779278954.139292
approach5_skyhost_run1,6389000,1779278954.141048
approach5_skyhost_run1,6390000,1779278954.142834
approach5_skyhost_run1,6391000,1779278954.230386
approach5_skyhost_run1,6392000,1779278954.232159
approach5_skyhost_run1,6393000,1779278954.233922
approach5_skyhost_run1,6394000,1779278954.306155
approach5_skyhost_run1,6395000,1779278954.307924
approach5_skyhost_run1,6396000,1779278954.309684
approach5_skyhost_run1,6397000,1779278954.311427
approach5_skyhost_run1,6398000,1779278954.330279
approach5_skyhost_run1,6399000,1779278954.346368
approach5_skyhost_run1,6400000,1779278954.348125
approach5_skyhost_run1,6401000,1779278954.349896
approach5_skyhost_run1,6402000,1779278954.351677
approach5_skyhost_run1,6403000,1779278954.360785
approach5_skyhost_run1,6404000,1779278954.431599
approach5_skyhost_run1,6405000,1779278954.433366
approach5_skyhost_run1,6406000,1779278954.435176
approach5_skyhost_run1,6407000,1779278954.436953
approach5_skyhost_run1,6408000,1779278954.451018
approach5_skyhost_run1,6409000,1779278954.452772
approach5_skyhost_run1,6410000,1779278954.454551
approach5_skyhost_run1,6411000,1779278954.535542
approach5_skyhost_run1,6412000,1779278954.537305
approach5_skyhost_run1,6413000,1779278954.539082
approach5_skyhost_run1,6414000,1779278954.550816
approach5_skyhost_run1,6415000,1779278954.552580
approach5_skyhost_run1,6416000,1779278954.554360
approach5_skyhost_run1,6417000,1779278954.556175
approach5_skyhost_run1,6418000,1779278954.566383
approach5_skyhost_run1,6419000,1779278954.652105
approach5_skyhost_run1,6420000,1779278954.653869
approach5_skyhost_run1,6421000,1779278954.655666
approach5_skyhost_run1,6422000,1779278954.657426
approach5_skyhost_run1,6423000,1779278954.667019
approach5_skyhost_run1,6424000,1779278954.755372
approach5_skyhost_run1,6425000,1779278954.757131
approach5_skyhost_run1,6426000,1779278954.758908
approach5_skyhost_run1,6427000,1779278954.760675
approach5_skyhost_run1,6428000,1779278954.769155
approach5_skyhost_run1,6429000,1779278954.857804
approach5_skyhost_run1,6430000,1779278954.859577
approach5_skyhost_run1,6431000,1779278954.861346
approach5_skyhost_run1,6432000,1779278954.863135
approach5_skyhost_run1,6433000,1779278954.872715
approach5_skyhost_run1,6434000,1779278954.959088
approach5_skyhost_run1,6435000,1779278954.960845
approach5_skyhost_run1,6436000,1779278954.962624
approach5_skyhost_run1,6437000,1779278954.964392
approach5_skyhost_run1,6438000,1779278954.972768
approach5_skyhost_run1,6439000,1779278955.062141
approach5_skyhost_run1,6440000,1779278955.063902
approach5_skyhost_run1,6441000,1779278955.065692
approach5_skyhost_run1,6442000,1779278955.067463
approach5_skyhost_run1,6443000,1779278955.074803
approach5_skyhost_run1,6444000,1779278955.167971
approach5_skyhost_run1,6445000,1779278955.169724
approach5_skyhost_run1,6446000,1779278955.171495
approach5_skyhost_run1,6447000,1779278955.173259
approach5_skyhost_run1,6448000,1779278955.183468
approach5_skyhost_run1,6449000,1779278955.266585
approach5_skyhost_run1,6450000,1779278955.268341
approach5_skyhost_run1,6451000,1779278955.270107
approach5_skyhost_run1,6452000,1779278955.271888
approach5_skyhost_run1,6453000,1779278955.282135
approach5_skyhost_run1,6454000,1779278955.369921
approach5_skyhost_run1,6455000,1779278955.371683
approach5_skyhost_run1,6456000,1779278955.373439
approach5_skyhost_run1,6457000,1779278955.375246
approach5_skyhost_run1,6458000,1779278955.383931
approach5_skyhost_run1,6459000,1779278955.473866
approach5_skyhost_run1,6460000,1779278955.475639
approach5_skyhost_run1,6461000,1779278955.477438
approach5_skyhost_run1,6462000,1779278955.479220
approach5_skyhost_run1,6463000,1779278955.490542
approach5_skyhost_run1,6464000,1779278955.580587
approach5_skyhost_run1,6465000,1779278955.582349
approach5_skyhost_run1,6466000,1779278955.584110
approach5_skyhost_run1,6467000,1779278955.585907
approach5_skyhost_run1,6468000,1779278955.594467
approach5_skyhost_run1,6469000,1779278955.678314
approach5_skyhost_run1,6470000,1779278955.680074
approach5_skyhost_run1,6471000,1779278955.681843
approach5_skyhost_run1,6472000,1779278955.683618
approach5_skyhost_run1,6473000,1779278955.692253
approach5_skyhost_run1,6474000,1779278955.775831
approach5_skyhost_run1,6475000,1779278955.777590
approach5_skyhost_run1,6476000,1779278955.779362
approach5_skyhost_run1,6477000,1779278955.781123
approach5_skyhost_run1,6478000,1779278955.836530
approach5_skyhost_run1,6479000,1779278955.838293
approach5_skyhost_run1,6480000,1779278955.868824
approach5_skyhost_run1,6481000,1779278955.870594
approach5_skyhost_run1,6482000,1779278955.872392
approach5_skyhost_run1,6483000,1779278955.874234
approach5_skyhost_run1,6484000,1779278955.882935
approach5_skyhost_run1,6485000,1779278955.884690
approach5_skyhost_run1,6486000,1779278955.886485
approach5_skyhost_run1,6487000,1779278955.888252
approach5_skyhost_run1,6488000,1779278955.904379
approach5_skyhost_run1,6489000,1779278955.906153
approach5_skyhost_run1,6490000,1779278955.907918
approach5_skyhost_run1,6491000,1779278955.983047
approach5_skyhost_run1,6492000,1779278955.984900
approach5_skyhost_run1,6493000,1779278955.986710
approach5_skyhost_run1,6494000,1779278955.988871
approach5_skyhost_run1,6495000,1779278955.990645
approach5_skyhost_run1,6496000,1779278955.992414
approach5_skyhost_run1,6497000,1779278955.994189
approach5_skyhost_run1,6498000,1779278955.998904
approach5_skyhost_run1,6499000,1779278956.087120
approach5_skyhost_run1,6500000,1779278956.088883
approach5_skyhost_run1,6501000,1779278956.090683
approach5_skyhost_run1,6502000,1779278956.092452
approach5_skyhost_run1,6503000,1779278956.100690
approach5_skyhost_run1,6504000,1779278956.396003
approach5_skyhost_run1,6505000,1779278956.397756
approach5_skyhost_run1,6506000,1779278956.399548
approach5_skyhost_run1,6507000,1779278956.401339
approach5_skyhost_run1,6508000,1779278956.406018
approach5_skyhost_run1,6509000,1779278956.439348
approach5_skyhost_run1,6510000,1779278956.441107
approach5_skyhost_run1,6511000,1779278956.442882
approach5_skyhost_run1,6512000,1779278956.444655
approach5_skyhost_run1,6513000,1779278956.457547
approach5_skyhost_run1,6514000,1779278956.459318
approach5_skyhost_run1,6515000,1779278956.461079
approach5_skyhost_run1,6516000,1779278956.543017
approach5_skyhost_run1,6517000,1779278956.544791
approach5_skyhost_run1,6518000,1779278956.546608
approach5_skyhost_run1,6519000,1779278956.596476
approach5_skyhost_run1,6520000,1779278956.598229
approach5_skyhost_run1,6521000,1779278956.599999
approach5_skyhost_run1,6522000,1779278956.601764
approach5_skyhost_run1,6523000,1779278956.612721
approach5_skyhost_run1,6524000,1779278956.750979
approach5_skyhost_run1,6525000,1779278956.752721
approach5_skyhost_run1,6526000,1779278956.754473
approach5_skyhost_run1,6527000,1779278956.756276
approach5_skyhost_run1,6528000,1779278956.763151
approach5_skyhost_run1,6529000,1779278956.801702
approach5_skyhost_run1,6530000,1779278956.803474
approach5_skyhost_run1,6531000,1779278956.805266
approach5_skyhost_run1,6532000,1779278956.807057
approach5_skyhost_run1,6533000,1779278956.816458
approach5_skyhost_run1,6534000,1779278956.905746
approach5_skyhost_run1,6535000,1779278956.907522
approach5_skyhost_run1,6536000,1779278956.909294
approach5_skyhost_run1,6537000,1779278956.911089
approach5_skyhost_run1,6538000,1779278956.920631
approach5_skyhost_run1,6539000,1779278957.007936
approach5_skyhost_run1,6540000,1779278957.009682
approach5_skyhost_run1,6541000,1779278957.011460
approach5_skyhost_run1,6542000,1779278957.013235
approach5_skyhost_run1,6543000,1779278957.029159
approach5_skyhost_run1,6544000,1779278957.111661
approach5_skyhost_run1,6545000,1779278957.113413
approach5_skyhost_run1,6546000,1779278957.115224
approach5_skyhost_run1,6547000,1779278957.116999
approach5_skyhost_run1,6548000,1779278957.124637
approach5_skyhost_run1,6549000,1779278957.218903
approach5_skyhost_run1,6550000,1779278957.220652
approach5_skyhost_run1,6551000,1779278957.222415
approach5_skyhost_run1,6552000,1779278957.224184
approach5_skyhost_run1,6553000,1779278957.232903
approach5_skyhost_run1,6554000,1779278957.328038
approach5_skyhost_run1,6555000,1779278957.329805
approach5_skyhost_run1,6556000,1779278957.331586
approach5_skyhost_run1,6557000,1779278957.333358
approach5_skyhost_run1,6558000,1779278957.359416
approach5_skyhost_run1,6559000,1779278957.418231
approach5_skyhost_run1,6560000,1779278957.420016
approach5_skyhost_run1,6561000,1779278957.421779
approach5_skyhost_run1,6562000,1779278957.423569
approach5_skyhost_run1,6563000,1779278957.431304
approach5_skyhost_run1,6564000,1779278957.533008
approach5_skyhost_run1,6565000,1779278957.534792
approach5_skyhost_run1,6566000,1779278957.536588
approach5_skyhost_run1,6567000,1779278957.538373
approach5_skyhost_run1,6568000,1779278957.563662
approach5_skyhost_run1,6569000,1779278957.623697
approach5_skyhost_run1,6570000,1779278957.625474
approach5_skyhost_run1,6571000,1779278957.627250
approach5_skyhost_run1,6572000,1779278957.629013
approach5_skyhost_run1,6573000,1779278957.634677
approach5_skyhost_run1,6574000,1779278957.725809
approach5_skyhost_run1,6575000,1779278957.727576
approach5_skyhost_run1,6576000,1779278957.729338
approach5_skyhost_run1,6577000,1779278957.731124
approach5_skyhost_run1,6578000,1779278957.739616
approach5_skyhost_run1,6579000,1779278957.810675
approach5_skyhost_run1,6580000,1779278957.812425
approach5_skyhost_run1,6581000,1779278957.814183
approach5_skyhost_run1,6582000,1779278957.815982
approach5_skyhost_run1,6583000,1779278957.831852
approach5_skyhost_run1,6584000,1779278957.833598
approach5_skyhost_run1,6585000,1779278957.835393
approach5_skyhost_run1,6586000,1779278957.914180
approach5_skyhost_run1,6587000,1779278957.916131
approach5_skyhost_run1,6588000,1779278957.918100
approach5_skyhost_run1,6589000,1779278957.919868
approach5_skyhost_run1,6590000,1779278957.921626
approach5_skyhost_run1,6591000,1779278957.923426
approach5_skyhost_run1,6592000,1779278957.925294
approach5_skyhost_run1,6593000,1779278957.936048
approach5_skyhost_run1,6594000,1779278957.937803
approach5_skyhost_run1,6595000,1779278957.939574
approach5_skyhost_run1,6596000,1779278958.020337
approach5_skyhost_run1,6597000,1779278958.022101
approach5_skyhost_run1,6598000,1779278958.023876
approach5_skyhost_run1,6599000,1779278958.033943
approach5_skyhost_run1,6600000,1779278958.035737
approach5_skyhost_run1,6601000,1779278958.037501
approach5_skyhost_run1,6602000,1779278958.039282
approach5_skyhost_run1,6603000,1779278958.047799
approach5_skyhost_run1,6604000,1779278958.138347
approach5_skyhost_run1,6605000,1779278958.140107
approach5_skyhost_run1,6606000,1779278958.141877
approach5_skyhost_run1,6607000,1779278958.143666
approach5_skyhost_run1,6608000,1779278958.150377
approach5_skyhost_run1,6609000,1779278958.245238
approach5_skyhost_run1,6610000,1779278958.247003
approach5_skyhost_run1,6611000,1779278958.248765
approach5_skyhost_run1,6612000,1779278958.250542
approach5_skyhost_run1,6613000,1779278958.265198
approach5_skyhost_run1,6614000,1779278958.342615
approach5_skyhost_run1,6615000,1779278958.344372
approach5_skyhost_run1,6616000,1779278958.346159
approach5_skyhost_run1,6617000,1779278958.347941
approach5_skyhost_run1,6618000,1779278958.356081
approach5_skyhost_run1,6619000,1779278958.456868
approach5_skyhost_run1,6620000,1779278958.458631
approach5_skyhost_run1,6621000,1779278958.460382
approach5_skyhost_run1,6622000,1779278958.462140
approach5_skyhost_run1,6623000,1779278958.489537
approach5_skyhost_run1,6624000,1779278958.546522
approach5_skyhost_run1,6625000,1779278958.548287
approach5_skyhost_run1,6626000,1779278958.550059
approach5_skyhost_run1,6627000,1779278958.551841
approach5_skyhost_run1,6628000,1779278958.559012
approach5_skyhost_run1,6629000,1779278958.648633
approach5_skyhost_run1,6630000,1779278958.650395
approach5_skyhost_run1,6631000,1779278958.652151
approach5_skyhost_run1,6632000,1779278958.653927
approach5_skyhost_run1,6633000,1779278958.662160
approach5_skyhost_run1,6634000,1779278958.754134
approach5_skyhost_run1,6635000,1779278958.755932
approach5_skyhost_run1,6636000,1779278958.757692
approach5_skyhost_run1,6637000,1779278958.759471
approach5_skyhost_run1,6638000,1779278958.766281
approach5_skyhost_run1,6639000,1779278958.857812
approach5_skyhost_run1,6640000,1779278958.859587
approach5_skyhost_run1,6641000,1779278958.861356
approach5_skyhost_run1,6642000,1779278958.863141
approach5_skyhost_run1,6643000,1779278958.872136
approach5_skyhost_run1,6644000,1779278958.958121
approach5_skyhost_run1,6645000,1779278958.959896
approach5_skyhost_run1,6646000,1779278958.961668
approach5_skyhost_run1,6647000,1779278958.963458
approach5_skyhost_run1,6648000,1779278958.971668
approach5_skyhost_run1,6649000,1779278959.060204
approach5_skyhost_run1,6650000,1779278959.061986
approach5_skyhost_run1,6651000,1779278959.063770
approach5_skyhost_run1,6652000,1779278959.065568
approach5_skyhost_run1,6653000,1779278959.074215
approach5_skyhost_run1,6654000,1779278959.166130
approach5_skyhost_run1,6655000,1779278959.167908
approach5_skyhost_run1,6656000,1779278959.169683
approach5_skyhost_run1,6657000,1779278959.171478
approach5_skyhost_run1,6658000,1779278959.179707
approach5_skyhost_run1,6659000,1779278959.269381
approach5_skyhost_run1,6660000,1779278959.271153
approach5_skyhost_run1,6661000,1779278959.272922
approach5_skyhost_run1,6662000,1779278959.274711
approach5_skyhost_run1,6663000,1779278959.280916
approach5_skyhost_run1,6664000,1779278959.367951
approach5_skyhost_run1,6665000,1779278959.369710
approach5_skyhost_run1,6666000,1779278959.371494
approach5_skyhost_run1,6667000,1779278959.373277
approach5_skyhost_run1,6668000,1779278959.382246
approach5_skyhost_run1,6669000,1779278959.474423
approach5_skyhost_run1,6670000,1779278959.476212
approach5_skyhost_run1,6671000,1779278959.477982
approach5_skyhost_run1,6672000,1779278959.479772
approach5_skyhost_run1,6673000,1779278959.487099
approach5_skyhost_run1,6674000,1779278959.576465
approach5_skyhost_run1,6675000,1779278959.578221
approach5_skyhost_run1,6676000,1779278959.579988
approach5_skyhost_run1,6677000,1779278959.581753
approach5_skyhost_run1,6678000,1779278959.628074
approach5_skyhost_run1,6679000,1779278959.716384
approach5_skyhost_run1,6680000,1779278959.718137
approach5_skyhost_run1,6681000,1779278959.719922
approach5_skyhost_run1,6682000,1779278959.721701
approach5_skyhost_run1,6683000,1779278959.732112
approach5_skyhost_run1,6684000,1779278959.780178
approach5_skyhost_run1,6685000,1779278959.781953
approach5_skyhost_run1,6686000,1779278959.783743
approach5_skyhost_run1,6687000,1779278959.785546
approach5_skyhost_run1,6688000,1779278959.834654
approach5_skyhost_run1,6689000,1779278959.870859
approach5_skyhost_run1,6690000,1779278959.872621
approach5_skyhost_run1,6691000,1779278959.874400
approach5_skyhost_run1,6692000,1779278959.876207
approach5_skyhost_run1,6693000,1779278959.889145
approach5_skyhost_run1,6694000,1779278959.890900
approach5_skyhost_run1,6695000,1779278959.892676
approach5_skyhost_run1,6696000,1779278959.938635
approach5_skyhost_run1,6697000,1779278959.940408
approach5_skyhost_run1,6698000,1779278959.942178
approach5_skyhost_run1,6699000,1779278959.943949
approach5_skyhost_run1,6700000,1779278959.958738
approach5_skyhost_run1,6701000,1779278959.960504
approach5_skyhost_run1,6702000,1779278959.962271
approach5_skyhost_run1,6703000,1779278959.964056
approach5_skyhost_run1,6704000,1779278959.972575
approach5_skyhost_run1,6705000,1779278959.974361
approach5_skyhost_run1,6706000,1779278960.049025
approach5_skyhost_run1,6707000,1779278960.050804
approach5_skyhost_run1,6708000,1779278960.052564
approach5_skyhost_run1,6709000,1779278960.091237
approach5_skyhost_run1,6710000,1779278960.092993
approach5_skyhost_run1,6711000,1779278960.094764
approach5_skyhost_run1,6712000,1779278960.096521
approach5_skyhost_run1,6713000,1779278960.105093
approach5_skyhost_run1,6714000,1779278960.191458
approach5_skyhost_run1,6715000,1779278960.193218
approach5_skyhost_run1,6716000,1779278960.195028
approach5_skyhost_run1,6717000,1779278960.196808
approach5_skyhost_run1,6718000,1779278960.211394
approach5_skyhost_run1,6719000,1779278960.293799
approach5_skyhost_run1,6720000,1779278960.295592
approach5_skyhost_run1,6721000,1779278960.297348
approach5_skyhost_run1,6722000,1779278960.299128
approach5_skyhost_run1,6723000,1779278960.307089
approach5_skyhost_run1,6724000,1779278960.397993
approach5_skyhost_run1,6725000,1779278960.399760
approach5_skyhost_run1,6726000,1779278960.401520
approach5_skyhost_run1,6727000,1779278960.403300
approach5_skyhost_run1,6728000,1779278960.410293
approach5_skyhost_run1,6729000,1779278960.501606
approach5_skyhost_run1,6730000,1779278960.503364
approach5_skyhost_run1,6731000,1779278960.505151
approach5_skyhost_run1,6732000,1779278960.506933
approach5_skyhost_run1,6733000,1779278960.516069
approach5_skyhost_run1,6734000,1779278960.601597
approach5_skyhost_run1,6735000,1779278960.603373
approach5_skyhost_run1,6736000,1779278960.605165
approach5_skyhost_run1,6737000,1779278960.606949
approach5_skyhost_run1,6738000,1779278960.615293
approach5_skyhost_run1,6739000,1779278960.714884
approach5_skyhost_run1,6740000,1779278960.716634
approach5_skyhost_run1,6741000,1779278960.718400
approach5_skyhost_run1,6742000,1779278960.720159
approach5_skyhost_run1,6743000,1779278960.727734
approach5_skyhost_run1,6744000,1779278960.807179
approach5_skyhost_run1,6745000,1779278960.808932
approach5_skyhost_run1,6746000,1779278960.810707
approach5_skyhost_run1,6747000,1779278960.812466
approach5_skyhost_run1,6748000,1779278960.821517
approach5_skyhost_run1,6749000,1779278960.910743
approach5_skyhost_run1,6750000,1779278960.912498
approach5_skyhost_run1,6751000,1779278960.914267
approach5_skyhost_run1,6752000,1779278960.916076
approach5_skyhost_run1,6753000,1779278960.924443
approach5_skyhost_run1,6754000,1779278961.012098
approach5_skyhost_run1,6755000,1779278961.013872
approach5_skyhost_run1,6756000,1779278961.015676
approach5_skyhost_run1,6757000,1779278961.017433
approach5_skyhost_run1,6758000,1779278961.028342
approach5_skyhost_run1,6759000,1779278961.093950
approach5_skyhost_run1,6760000,1779278961.095737
approach5_skyhost_run1,6761000,1779278961.097496
approach5_skyhost_run1,6762000,1779278961.099274
approach5_skyhost_run1,6763000,1779278961.113207
approach5_skyhost_run1,6764000,1779278961.114987
approach5_skyhost_run1,6765000,1779278961.116747
approach5_skyhost_run1,6766000,1779278961.193843
approach5_skyhost_run1,6767000,1779278961.195646
approach5_skyhost_run1,6768000,1779278961.688648
approach5_skyhost_run1,6769000,1779278961.690411
approach5_skyhost_run1,6770000,1779278961.692154
approach5_skyhost_run1,6771000,1779278961.693902
approach5_skyhost_run1,6772000,1779278961.701832
approach5_skyhost_run1,6773000,1779278961.932830
approach5_skyhost_run1,6774000,1779278961.934597
approach5_skyhost_run1,6775000,1779278961.936358
approach5_skyhost_run1,6776000,1779278961.938159
approach5_skyhost_run1,6777000,1779278961.945908
approach5_skyhost_run1,6778000,1779278961.998050
approach5_skyhost_run1,6779000,1779278961.999811
approach5_skyhost_run1,6780000,1779278962.001570
approach5_skyhost_run1,6781000,1779278962.003345
approach5_skyhost_run1,6782000,1779278962.010375
approach5_skyhost_run1,6783000,1779278962.041563
approach5_skyhost_run1,6784000,1779278962.043329
approach5_skyhost_run1,6785000,1779278962.045115
approach5_skyhost_run1,6786000,1779278962.046898
approach5_skyhost_run1,6787000,1779278962.061751
approach5_skyhost_run1,6788000,1779278962.063519
approach5_skyhost_run1,6789000,1779278962.065308
approach5_skyhost_run1,6790000,1779278962.067098
approach5_skyhost_run1,6791000,1779278962.152516
approach5_skyhost_run1,6792000,1779278962.154282
approach5_skyhost_run1,6793000,1779278962.202898
approach5_skyhost_run1,6794000,1779278962.204655
approach5_skyhost_run1,6795000,1779278962.206449
approach5_skyhost_run1,6796000,1779278962.208220
approach5_skyhost_run1,6797000,1779278962.215591
approach5_skyhost_run1,6798000,1779278962.301554
approach5_skyhost_run1,6799000,1779278962.303315
approach5_skyhost_run1,6800000,1779278962.305101
approach5_skyhost_run1,6801000,1779278962.306879
approach5_skyhost_run1,6802000,1779278962.315889
approach5_skyhost_run1,6803000,1779278962.407605
approach5_skyhost_run1,6804000,1779278962.409366
approach5_skyhost_run1,6805000,1779278962.411136
approach5_skyhost_run1,6806000,1779278962.412902
approach5_skyhost_run1,6807000,1779278962.454910
approach5_skyhost_run1,6808000,1779278962.456672
approach5_skyhost_run1,6809000,1779278962.458674
approach5_skyhost_run1,6810000,1779278962.460433
approach5_skyhost_run1,6811000,1779278962.462195
approach5_skyhost_run1,6812000,1779278962.517817
approach5_skyhost_run1,6813000,1779278962.519577
approach5_skyhost_run1,6814000,1779278962.521333
approach5_skyhost_run1,6815000,1779278962.523104
approach5_skyhost_run1,6816000,1779278962.555307
approach5_skyhost_run1,6817000,1779278962.557064
approach5_skyhost_run1,6818000,1779278962.558833
approach5_skyhost_run1,6819000,1779278962.560594
approach5_skyhost_run1,6820000,1779278962.575061
approach5_skyhost_run1,6821000,1779278962.576827
approach5_skyhost_run1,6822000,1779278962.578604
approach5_skyhost_run1,6823000,1779278962.605360
approach5_skyhost_run1,6824000,1779278962.607139
approach5_skyhost_run1,6825000,1779278962.608906
approach5_skyhost_run1,6826000,1779278962.656905
approach5_skyhost_run1,6827000,1779278962.658676
approach5_skyhost_run1,6828000,1779278962.660422
approach5_skyhost_run1,6829000,1779278962.662175
approach5_skyhost_run1,6830000,1779278962.665923
approach5_skyhost_run1,6831000,1779278962.667733
approach5_skyhost_run1,6832000,1779278962.676543
approach5_skyhost_run1,6833000,1779278962.678315
approach5_skyhost_run1,6834000,1779278962.680086
approach5_skyhost_run1,6835000,1779278962.681865
approach5_skyhost_run1,6836000,1779278962.767251
approach5_skyhost_run1,6837000,1779278962.769018
approach5_skyhost_run1,6838000,1779278962.818606
approach5_skyhost_run1,6839000,1779278962.820386
approach5_skyhost_run1,6840000,1779278962.822147
approach5_skyhost_run1,6841000,1779278962.823925
approach5_skyhost_run1,6842000,1779278962.832782
approach5_skyhost_run1,6843000,1779278962.933319
approach5_skyhost_run1,6844000,1779278962.935102
approach5_skyhost_run1,6845000,1779278962.936853
approach5_skyhost_run1,6846000,1779278962.938618
approach5_skyhost_run1,6847000,1779278962.957813
approach5_skyhost_run1,6848000,1779278963.010396
approach5_skyhost_run1,6849000,1779278963.012149
approach5_skyhost_run1,6850000,1779278963.013902
approach5_skyhost_run1,6851000,1779278963.015714
approach5_skyhost_run1,6852000,1779278963.030543
approach5_skyhost_run1,6853000,1779278963.032295
approach5_skyhost_run1,6854000,1779278963.034048
approach5_skyhost_run1,6855000,1779278963.035844
approach5_skyhost_run1,6856000,1779278963.115732
approach5_skyhost_run1,6857000,1779278963.117484
approach5_skyhost_run1,6858000,1779278963.151758
approach5_skyhost_run1,6859000,1779278963.153505
approach5_skyhost_run1,6860000,1779278963.155291
approach5_skyhost_run1,6861000,1779278963.157048
approach5_skyhost_run1,6862000,1779278963.170190
approach5_skyhost_run1,6863000,1779278963.171955
approach5_skyhost_run1,6864000,1779278963.173715
approach5_skyhost_run1,6865000,1779278963.175519
approach5_skyhost_run1,6866000,1779278963.233079
approach5_skyhost_run1,6867000,1779278963.234859
approach5_skyhost_run1,6868000,1779278963.236614
approach5_skyhost_run1,6869000,1779278963.238390
approach5_skyhost_run1,6870000,1779278963.246640
approach5_skyhost_run1,6871000,1779278963.255724
approach5_skyhost_run1,6872000,1779278963.257480
approach5_skyhost_run1,6873000,1779278963.373317
approach5_skyhost_run1,6874000,1779278963.375102
approach5_skyhost_run1,6875000,1779278963.376861
approach5_skyhost_run1,6876000,1779278963.378634
approach5_skyhost_run1,6877000,1779278963.385383
approach5_skyhost_run1,6878000,1779278963.546665
approach5_skyhost_run1,6879000,1779278963.548415
approach5_skyhost_run1,6880000,1779278963.550166
approach5_skyhost_run1,6881000,1779278963.551934
approach5_skyhost_run1,6882000,1779278963.567787
approach5_skyhost_run1,6883000,1779278963.583124
approach5_skyhost_run1,6884000,1779278963.584907
approach5_skyhost_run1,6885000,1779278963.586678
approach5_skyhost_run1,6886000,1779278963.588431
approach5_skyhost_run1,6887000,1779278963.601341
approach5_skyhost_run1,6888000,1779278963.603094
approach5_skyhost_run1,6889000,1779278963.604869
approach5_skyhost_run1,6890000,1779278963.606651
approach5_skyhost_run1,6891000,1779278963.688802
approach5_skyhost_run1,6892000,1779278963.690578
approach5_skyhost_run1,6893000,1779278963.742375
approach5_skyhost_run1,6894000,1779278963.744136
approach5_skyhost_run1,6895000,1779278963.745914
approach5_skyhost_run1,6896000,1779278963.747691
approach5_skyhost_run1,6897000,1779278963.757140
approach5_skyhost_run1,6898000,1779278963.847130
approach5_skyhost_run1,6899000,1779278963.848879
approach5_skyhost_run1,6900000,1779278963.850645
approach5_skyhost_run1,6901000,1779278963.852376
approach5_skyhost_run1,6902000,1779278963.864408
approach5_skyhost_run1,6903000,1779278963.890648
approach5_skyhost_run1,6904000,1779278963.892405
approach5_skyhost_run1,6905000,1779278963.894168
approach5_skyhost_run1,6906000,1779278963.895976
approach5_skyhost_run1,6907000,1779278963.911774
approach5_skyhost_run1,6908000,1779278963.913527
approach5_skyhost_run1,6909000,1779278963.915319
approach5_skyhost_run1,6910000,1779278963.917084
approach5_skyhost_run1,6911000,1779278964.002624
approach5_skyhost_run1,6912000,1779278964.004395
approach5_skyhost_run1,6913000,1779278964.049644
approach5_skyhost_run1,6914000,1779278964.051412
approach5_skyhost_run1,6915000,1779278964.053168
approach5_skyhost_run1,6916000,1779278964.054971
approach5_skyhost_run1,6917000,1779278964.064332
approach5_skyhost_run1,6918000,1779278964.165496
approach5_skyhost_run1,6919000,1779278964.167260
approach5_skyhost_run1,6920000,1779278964.169015
approach5_skyhost_run1,6921000,1779278964.170799
approach5_skyhost_run1,6922000,1779278964.197249
approach5_skyhost_run1,6923000,1779278964.199047
approach5_skyhost_run1,6924000,1779278964.200807
approach5_skyhost_run1,6925000,1779278964.202576
approach5_skyhost_run1,6926000,1779278964.204347
approach5_skyhost_run1,6927000,1779278964.216116
approach5_skyhost_run1,6928000,1779278964.217870
approach5_skyhost_run1,6929000,1779278964.219643
approach5_skyhost_run1,6930000,1779278964.221411
approach5_skyhost_run1,6931000,1779278964.308639
approach5_skyhost_run1,6932000,1779278964.310417
approach5_skyhost_run1,6933000,1779278964.540549
approach5_skyhost_run1,6934000,1779278964.542315
approach5_skyhost_run1,6935000,1779278964.544075
approach5_skyhost_run1,6936000,1779278964.545870
approach5_skyhost_run1,6937000,1779278964.559325
approach5_skyhost_run1,6938000,1779278964.561091
approach5_skyhost_run1,6939000,1779278964.562865
approach5_skyhost_run1,6940000,1779278964.564643
approach5_skyhost_run1,6941000,1779278964.689245
approach5_skyhost_run1,6942000,1779278964.691019
approach5_skyhost_run1,6943000,1779278964.706465
approach5_skyhost_run1,6944000,1779278964.708225
approach5_skyhost_run1,6945000,1779278964.710095
approach5_skyhost_run1,6946000,1779278964.712682
approach5_skyhost_run1,6947000,1779278964.714476
approach5_skyhost_run1,6948000,1779278964.716280
approach5_skyhost_run1,6949000,1779278964.718261
approach5_skyhost_run1,6950000,1779278964.720043
approach5_skyhost_run1,6951000,1779278964.721945
approach5_skyhost_run1,6952000,1779278964.730629
approach5_skyhost_run1,6953000,1779278964.732401
approach5_skyhost_run1,6954000,1779278964.734172
approach5_skyhost_run1,6955000,1779278964.736000
approach5_skyhost_run1,6956000,1779278964.821441
approach5_skyhost_run1,6957000,1779278964.823232
approach5_skyhost_run1,6958000,1779278964.869092
approach5_skyhost_run1,6959000,1779278964.870865
approach5_skyhost_run1,6960000,1779278964.872623
approach5_skyhost_run1,6961000,1779278964.874406
approach5_skyhost_run1,6962000,1779278964.881069
approach5_skyhost_run1,6963000,1779278964.919408
approach5_skyhost_run1,6964000,1779278964.921134
approach5_skyhost_run1,6965000,1779278964.922940
approach5_skyhost_run1,6966000,1779278964.924702
approach5_skyhost_run1,6967000,1779278964.938494
approach5_skyhost_run1,6968000,1779278964.940252
approach5_skyhost_run1,6969000,1779278964.942011
approach5_skyhost_run1,6970000,1779278964.943796
approach5_skyhost_run1,6971000,1779278965.024636
approach5_skyhost_run1,6972000,1779278965.026446
approach5_skyhost_run1,6973000,1779278965.076359
approach5_skyhost_run1,6974000,1779278965.078112
approach5_skyhost_run1,6975000,1779278965.079875
approach5_skyhost_run1,6976000,1779278965.081633
approach5_skyhost_run1,6977000,1779278965.092237
approach5_skyhost_run1,6978000,1779278965.182552
approach5_skyhost_run1,6979000,1779278965.184313
approach5_skyhost_run1,6980000,1779278965.186106
approach5_skyhost_run1,6981000,1779278965.187890
approach5_skyhost_run1,6982000,1779278965.196485
approach5_skyhost_run1,6983000,1779278965.224681
approach5_skyhost_run1,6984000,1779278965.226484
approach5_skyhost_run1,6985000,1779278965.228240
approach5_skyhost_run1,6986000,1779278965.229991
approach5_skyhost_run1,6987000,1779278965.246703
approach5_skyhost_run1,6988000,1779278965.248457
approach5_skyhost_run1,6989000,1779278965.250204
approach5_skyhost_run1,6990000,1779278965.251976
approach5_skyhost_run1,6991000,1779278965.337913
approach5_skyhost_run1,6992000,1779278965.339689
approach5_skyhost_run1,6993000,1779278965.419899
approach5_skyhost_run1,6994000,1779278965.421755
approach5_skyhost_run1,6995000,1779278965.423904
approach5_skyhost_run1,6996000,1779278965.426030
approach5_skyhost_run1,6997000,1779278965.435926
approach5_skyhost_run1,6998000,1779278965.487564
approach5_skyhost_run1,6999000,1779278965.489328
approach5_skyhost_run1,7000000,1779278965.491101
approach5_skyhost_run1,7001000,1779278965.492902
approach5_skyhost_run1,7002000,1779278965.504229
approach5_skyhost_run1,7003000,1779278965.533448
approach5_skyhost_run1,7004000,1779278965.535246
approach5_skyhost_run1,7005000,1779278965.537009
approach5_skyhost_run1,7006000,1779278965.538779
approach5_skyhost_run1,7007000,1779278965.555080
approach5_skyhost_run1,7008000,1779278965.557015
approach5_skyhost_run1,7009000,1779278965.558798
approach5_skyhost_run1,7010000,1779278965.560751
approach5_skyhost_run1,7011000,1779278965.646106
approach5_skyhost_run1,7012000,1779278965.647878
approach5_skyhost_run1,7013000,1779278965.740525
approach5_skyhost_run1,7014000,1779278965.742290
approach5_skyhost_run1,7015000,1779278965.744104
approach5_skyhost_run1,7016000,1779278965.746332
approach5_skyhost_run1,7017000,1779278965.755876
approach5_skyhost_run1,7018000,1779278965.781047
approach5_skyhost_run1,7019000,1779278965.782838
approach5_skyhost_run1,7020000,1779278965.784605
approach5_skyhost_run1,7021000,1779278965.786414
approach5_skyhost_run1,7022000,1779278965.802107
approach5_skyhost_run1,7023000,1779278965.803869
approach5_skyhost_run1,7024000,1779278965.805643
approach5_skyhost_run1,7025000,1779278965.807407
approach5_skyhost_run1,7026000,1779278965.891815
approach5_skyhost_run1,7027000,1779278965.893548
approach5_skyhost_run1,7028000,1779278965.900269
approach5_skyhost_run1,7029000,1779278965.902035
approach5_skyhost_run1,7030000,1779278965.903799
approach5_skyhost_run1,7031000,1779278965.905593
approach5_skyhost_run1,7032000,1779278965.916499
approach5_skyhost_run1,7033000,1779278966.005127
approach5_skyhost_run1,7034000,1779278966.006910
approach5_skyhost_run1,7035000,1779278966.008673
approach5_skyhost_run1,7036000,1779278966.010459
approach5_skyhost_run1,7037000,1779278966.016651
approach5_skyhost_run1,7038000,1779278966.105405
approach5_skyhost_run1,7039000,1779278966.107173
approach5_skyhost_run1,7040000,1779278966.108927
approach5_skyhost_run1,7041000,1779278966.110703
approach5_skyhost_run1,7042000,1779278966.118501
approach5_skyhost_run1,7043000,1779278966.195269
approach5_skyhost_run1,7044000,1779278966.197026
approach5_skyhost_run1,7045000,1779278966.198807
approach5_skyhost_run1,7046000,1779278966.200579
approach5_skyhost_run1,7047000,1779278966.214994
approach5_skyhost_run1,7048000,1779278966.216754
approach5_skyhost_run1,7049000,1779278966.218532
approach5_skyhost_run1,7050000,1779278966.220313
approach5_skyhost_run1,7051000,1779278966.301170
approach5_skyhost_run1,7052000,1779278966.302950
approach5_skyhost_run1,7053000,1779278966.311696
approach5_skyhost_run1,7054000,1779278966.313454
approach5_skyhost_run1,7055000,1779278966.315252
approach5_skyhost_run1,7056000,1779278966.317017
approach5_skyhost_run1,7057000,1779278966.325261
approach5_skyhost_run1,7058000,1779278966.393755
approach5_skyhost_run1,7059000,1779278966.792185
approach5_skyhost_run1,7060000,1779278966.793936
approach5_skyhost_run1,7061000,1779278966.795803
approach5_skyhost_run1,7062000,1779278966.797567
approach5_skyhost_run1,7063000,1779278966.805260
approach5_skyhost_run1,7064000,1779278966.893083
approach5_skyhost_run1,7065000,1779278966.894873
approach5_skyhost_run1,7066000,1779278966.896631
approach5_skyhost_run1,7067000,1779278966.898410
approach5_skyhost_run1,7068000,1779278966.907381
approach5_skyhost_run1,7069000,1779278966.995470
approach5_skyhost_run1,7070000,1779278966.997224
approach5_skyhost_run1,7071000,1779278966.998992
approach5_skyhost_run1,7072000,1779278967.000748
approach5_skyhost_run1,7073000,1779278967.009196
approach5_skyhost_run1,7074000,1779278967.098939
approach5_skyhost_run1,7075000,1779278967.100701
approach5_skyhost_run1,7076000,1779278967.102456
approach5_skyhost_run1,7077000,1779278967.104218
approach5_skyhost_run1,7078000,1779278967.114974
approach5_skyhost_run1,7079000,1779278967.199809
approach5_skyhost_run1,7080000,1779278967.201570
approach5_skyhost_run1,7081000,1779278967.203348
approach5_skyhost_run1,7082000,1779278967.205147
approach5_skyhost_run1,7083000,1779278967.214018
approach5_skyhost_run1,7084000,1779278967.302421
approach5_skyhost_run1,7085000,1779278967.304169
approach5_skyhost_run1,7086000,1779278967.305943
approach5_skyhost_run1,7087000,1779278967.307712
approach5_skyhost_run1,7088000,1779278967.317313
approach5_skyhost_run1,7089000,1779278967.404270
approach5_skyhost_run1,7090000,1779278967.406015
approach5_skyhost_run1,7091000,1779278967.407799
approach5_skyhost_run1,7092000,1779278967.409564
approach5_skyhost_run1,7093000,1779278967.432134
approach5_skyhost_run1,7094000,1779278967.550871
approach5_skyhost_run1,7095000,1779278967.552624
approach5_skyhost_run1,7096000,1779278967.554394
approach5_skyhost_run1,7097000,1779278967.556187
approach5_skyhost_run1,7098000,1779278967.565632
approach5_skyhost_run1,7099000,1779278967.926019
approach5_skyhost_run1,7100000,1779278967.927768
approach5_skyhost_run1,7101000,1779278967.929520
approach5_skyhost_run1,7102000,1779278967.931298
approach5_skyhost_run1,7103000,1779278967.937208
approach5_skyhost_run1,7104000,1779278968.032130
approach5_skyhost_run1,7105000,1779278968.033880
approach5_skyhost_run1,7106000,1779278968.035671
approach5_skyhost_run1,7107000,1779278968.037423
approach5_skyhost_run1,7108000,1779278968.060705
approach5_skyhost_run1,7109000,1779278968.119812
approach5_skyhost_run1,7110000,1779278968.121567
approach5_skyhost_run1,7111000,1779278968.123343
approach5_skyhost_run1,7112000,1779278968.125137
approach5_skyhost_run1,7113000,1779278968.135656
approach5_skyhost_run1,7114000,1779278968.263914
approach5_skyhost_run1,7115000,1779278968.265692
approach5_skyhost_run1,7116000,1779278968.267454
approach5_skyhost_run1,7117000,1779278968.269208
approach5_skyhost_run1,7118000,1779278968.279378
approach5_skyhost_run1,7119000,1779278968.334802
approach5_skyhost_run1,7120000,1779278968.336569
approach5_skyhost_run1,7121000,1779278968.338335
approach5_skyhost_run1,7122000,1779278968.340100
approach5_skyhost_run1,7123000,1779278968.348602
approach5_skyhost_run1,7124000,1779278968.430206
approach5_skyhost_run1,7125000,1779278968.431964
approach5_skyhost_run1,7126000,1779278968.433710
approach5_skyhost_run1,7127000,1779278968.435505
approach5_skyhost_run1,7128000,1779278968.445531
approach5_skyhost_run1,7129000,1779278968.528816
approach5_skyhost_run1,7130000,1779278968.530578
approach5_skyhost_run1,7131000,1779278968.532334
approach5_skyhost_run1,7132000,1779278968.534098
approach5_skyhost_run1,7133000,1779278968.546060
approach5_skyhost_run1,7134000,1779278968.684995
approach5_skyhost_run1,7135000,1779278968.686743
approach5_skyhost_run1,7136000,1779278968.688503
approach5_skyhost_run1,7137000,1779278968.690257
approach5_skyhost_run1,7138000,1779278968.698130
approach5_skyhost_run1,7139000,1779278968.734842
approach5_skyhost_run1,7140000,1779278968.736591
approach5_skyhost_run1,7141000,1779278968.738349
approach5_skyhost_run1,7142000,1779278968.740110
approach5_skyhost_run1,7143000,1779278968.743819
approach5_skyhost_run1,7144000,1779278968.839380
approach5_skyhost_run1,7145000,1779278968.841133
approach5_skyhost_run1,7146000,1779278968.842902
approach5_skyhost_run1,7147000,1779278968.844658
approach5_skyhost_run1,7148000,1779278968.851392
approach5_skyhost_run1,7149000,1779278968.941751
approach5_skyhost_run1,7150000,1779278968.943514
approach5_skyhost_run1,7151000,1779278968.945296
approach5_skyhost_run1,7152000,1779278968.947064
approach5_skyhost_run1,7153000,1779278968.955389
approach5_skyhost_run1,7154000,1779278969.045554
approach5_skyhost_run1,7155000,1779278969.047316
approach5_skyhost_run1,7156000,1779278969.049070
approach5_skyhost_run1,7157000,1779278969.050844
approach5_skyhost_run1,7158000,1779278969.058876
approach5_skyhost_run1,7159000,1779278969.148329
approach5_skyhost_run1,7160000,1779278969.150093
approach5_skyhost_run1,7161000,1779278969.151865
approach5_skyhost_run1,7162000,1779278969.153637
approach5_skyhost_run1,7163000,1779278969.162388
approach5_skyhost_run1,7164000,1779278969.249630
approach5_skyhost_run1,7165000,1779278969.251387
approach5_skyhost_run1,7166000,1779278969.253144
approach5_skyhost_run1,7167000,1779278969.254947
approach5_skyhost_run1,7168000,1779278969.303339
approach5_skyhost_run1,7169000,1779278969.352232
approach5_skyhost_run1,7170000,1779278969.353983
approach5_skyhost_run1,7171000,1779278969.355795
approach5_skyhost_run1,7172000,1779278969.357562
approach5_skyhost_run1,7173000,1779278969.364401
approach5_skyhost_run1,7174000,1779278969.453609
approach5_skyhost_run1,7175000,1779278969.455393
approach5_skyhost_run1,7176000,1779278969.457152
approach5_skyhost_run1,7177000,1779278969.458931
approach5_skyhost_run1,7178000,1779278969.467066
approach5_skyhost_run1,7179000,1779278969.558338
approach5_skyhost_run1,7180000,1779278969.560087
approach5_skyhost_run1,7181000,1779278969.561838
approach5_skyhost_run1,7182000,1779278969.563612
approach5_skyhost_run1,7183000,1779278969.571318
approach5_skyhost_run1,7184000,1779278969.700952
approach5_skyhost_run1,7185000,1779278969.702706
approach5_skyhost_run1,7186000,1779278969.704453
approach5_skyhost_run1,7187000,1779278969.706236
approach5_skyhost_run1,7188000,1779278969.714289
approach5_skyhost_run1,7189000,1779278969.802618
approach5_skyhost_run1,7190000,1779278969.804380
approach5_skyhost_run1,7191000,1779278969.806168
approach5_skyhost_run1,7192000,1779278969.807954
approach5_skyhost_run1,7193000,1779278969.815960
approach5_skyhost_run1,7194000,1779278969.868125
approach5_skyhost_run1,7195000,1779278969.869886
approach5_skyhost_run1,7196000,1779278969.871660
approach5_skyhost_run1,7197000,1779278969.873434
approach5_skyhost_run1,7198000,1779278969.883111
approach5_skyhost_run1,7199000,1779278969.969298
approach5_skyhost_run1,7200000,1779278969.971057
approach5_skyhost_run1,7201000,1779278969.972815
approach5_skyhost_run1,7202000,1779278969.974595
approach5_skyhost_run1,7203000,1779278969.982391
approach5_skyhost_run1,7204000,1779278970.017174
approach5_skyhost_run1,7205000,1779278970.018936
approach5_skyhost_run1,7206000,1779278970.020687
approach5_skyhost_run1,7207000,1779278970.022460
approach5_skyhost_run1,7208000,1779278970.034794
approach5_skyhost_run1,7209000,1779278970.036559
approach5_skyhost_run1,7210000,1779278970.038306
approach5_skyhost_run1,7211000,1779278970.040068
approach5_skyhost_run1,7212000,1779278970.121804
approach5_skyhost_run1,7213000,1779278970.123568
approach5_skyhost_run1,7214000,1779278970.175436
approach5_skyhost_run1,7215000,1779278970.177191
approach5_skyhost_run1,7216000,1779278970.178924
approach5_skyhost_run1,7217000,1779278970.180719
approach5_skyhost_run1,7218000,1779278970.188798
approach5_skyhost_run1,7219000,1779278970.275527
approach5_skyhost_run1,7220000,1779278970.277277
approach5_skyhost_run1,7221000,1779278970.279040
approach5_skyhost_run1,7222000,1779278970.280795
approach5_skyhost_run1,7223000,1779278970.290408
approach5_skyhost_run1,7224000,1779278970.390919
approach5_skyhost_run1,7225000,1779278970.392674
approach5_skyhost_run1,7226000,1779278970.394436
approach5_skyhost_run1,7227000,1779278970.396237
approach5_skyhost_run1,7228000,1779278970.423647
approach5_skyhost_run1,7229000,1779278970.483465
approach5_skyhost_run1,7230000,1779278970.485240
approach5_skyhost_run1,7231000,1779278970.487006
approach5_skyhost_run1,7232000,1779278970.488764
approach5_skyhost_run1,7233000,1779278970.497111
approach5_skyhost_run1,7234000,1779278970.570959
approach5_skyhost_run1,7235000,1779278970.572700
approach5_skyhost_run1,7236000,1779278970.574458
approach5_skyhost_run1,7237000,1779278970.576240
approach5_skyhost_run1,7238000,1779278970.591327
approach5_skyhost_run1,7239000,1779278970.593079
approach5_skyhost_run1,7240000,1779278970.594858
approach5_skyhost_run1,7241000,1779278970.596618
approach5_skyhost_run1,7242000,1779278970.681605
approach5_skyhost_run1,7243000,1779278970.683369
approach5_skyhost_run1,7244000,1779278970.702241
approach5_skyhost_run1,7245000,1779278970.704000
approach5_skyhost_run1,7246000,1779278970.705767
approach5_skyhost_run1,7247000,1779278970.707541
approach5_skyhost_run1,7248000,1779278970.772976
approach5_skyhost_run1,7249000,1779278970.793518
approach5_skyhost_run1,7250000,1779278970.795303
approach5_skyhost_run1,7251000,1779278970.797061
approach5_skyhost_run1,7252000,1779278970.798832
approach5_skyhost_run1,7253000,1779278970.806486
approach5_skyhost_run1,7254000,1779278970.895484
approach5_skyhost_run1,7255000,1779278970.897249
approach5_skyhost_run1,7256000,1779278970.899037
approach5_skyhost_run1,7257000,1779278970.900796
approach5_skyhost_run1,7258000,1779278970.911594
approach5_skyhost_run1,7259000,1779278970.996647
approach5_skyhost_run1,7260000,1779278970.998430
approach5_skyhost_run1,7261000,1779278971.000181
approach5_skyhost_run1,7262000,1779278971.001954
approach5_skyhost_run1,7263000,1779278971.010863
approach5_skyhost_run1,7264000,1779278971.101156
approach5_skyhost_run1,7265000,1779278971.102911
approach5_skyhost_run1,7266000,1779278971.104657
approach5_skyhost_run1,7267000,1779278971.106444
approach5_skyhost_run1,7268000,1779278971.114187
approach5_skyhost_run1,7269000,1779278971.203914
approach5_skyhost_run1,7270000,1779278971.205687
approach5_skyhost_run1,7271000,1779278971.207451
approach5_skyhost_run1,7272000,1779278971.209208
approach5_skyhost_run1,7273000,1779278971.223329
approach5_skyhost_run1,7274000,1779278971.305717
approach5_skyhost_run1,7275000,1779278971.307469
approach5_skyhost_run1,7276000,1779278971.309219
approach5_skyhost_run1,7277000,1779278971.310986
approach5_skyhost_run1,7278000,1779278971.319275
approach5_skyhost_run1,7279000,1779278971.407938
approach5_skyhost_run1,7280000,1779278971.409704
approach5_skyhost_run1,7281000,1779278971.411472
approach5_skyhost_run1,7282000,1779278971.413234
approach5_skyhost_run1,7283000,1779278971.421434
approach5_skyhost_run1,7284000,1779278971.508832
approach5_skyhost_run1,7285000,1779278971.510597
approach5_skyhost_run1,7286000,1779278971.512346
approach5_skyhost_run1,7287000,1779278971.514107
approach5_skyhost_run1,7288000,1779278971.524008
approach5_skyhost_run1,7289000,1779278971.613234
approach5_skyhost_run1,7290000,1779278971.615022
approach5_skyhost_run1,7291000,1779278971.616779
approach5_skyhost_run1,7292000,1779278971.618553
approach5_skyhost_run1,7293000,1779278971.626615
approach5_skyhost_run1,7294000,1779278971.752872
approach5_skyhost_run1,7295000,1779278971.754631
approach5_skyhost_run1,7296000,1779278971.756410
approach5_skyhost_run1,7297000,1779278971.758168
approach5_skyhost_run1,7298000,1779278971.769656
approach5_skyhost_run1,7299000,1779278971.817487
approach5_skyhost_run1,7300000,1779278971.819256
approach5_skyhost_run1,7301000,1779278971.821014
approach5_skyhost_run1,7302000,1779278971.822791
approach5_skyhost_run1,7303000,1779278971.830798
approach5_skyhost_run1,7304000,1779278971.921755
approach5_skyhost_run1,7305000,1779278971.923520
approach5_skyhost_run1,7306000,1779278971.925304
approach5_skyhost_run1,7307000,1779278971.927075
approach5_skyhost_run1,7308000,1779278971.934065
approach5_skyhost_run1,7309000,1779278972.020600
approach5_skyhost_run1,7310000,1779278972.022367
approach5_skyhost_run1,7311000,1779278972.024130
approach5_skyhost_run1,7312000,1779278972.025932
approach5_skyhost_run1,7313000,1779278972.036755
approach5_skyhost_run1,7314000,1779278972.127753
approach5_skyhost_run1,7315000,1779278972.129501
approach5_skyhost_run1,7316000,1779278972.131268
approach5_skyhost_run1,7317000,1779278972.133029
approach5_skyhost_run1,7318000,1779278972.144057
approach5_skyhost_run1,7319000,1779278972.227646
approach5_skyhost_run1,7320000,1779278972.229397
approach5_skyhost_run1,7321000,1779278972.231169
approach5_skyhost_run1,7322000,1779278972.232935
approach5_skyhost_run1,7323000,1779278972.242836
approach5_skyhost_run1,7324000,1779278972.316017
approach5_skyhost_run1,7325000,1779278972.317783
approach5_skyhost_run1,7326000,1779278972.319555
approach5_skyhost_run1,7327000,1779278972.321321
approach5_skyhost_run1,7328000,1779278972.335541
approach5_skyhost_run1,7329000,1779278972.337296
approach5_skyhost_run1,7330000,1779278972.339056
approach5_skyhost_run1,7331000,1779278972.340809
approach5_skyhost_run1,7332000,1779278972.422321
approach5_skyhost_run1,7333000,1779278972.424084
approach5_skyhost_run1,7334000,1779278972.435838
approach5_skyhost_run1,7335000,1779278972.437596
approach5_skyhost_run1,7336000,1779278972.439359
approach5_skyhost_run1,7337000,1779278972.441111
approach5_skyhost_run1,7338000,1779278972.448450
approach5_skyhost_run1,7339000,1779278972.539933
approach5_skyhost_run1,7340000,1779278972.541684
approach5_skyhost_run1,7341000,1779278972.543443
approach5_skyhost_run1,7342000,1779278972.545200
approach5_skyhost_run1,7343000,1779278972.555526
approach5_skyhost_run1,7344000,1779278972.642188
approach5_skyhost_run1,7345000,1779278972.643947
approach5_skyhost_run1,7346000,1779278972.645723
approach5_skyhost_run1,7347000,1779278972.647498
approach5_skyhost_run1,7348000,1779278972.656670
approach5_skyhost_run1,7349000,1779278972.736119
approach5_skyhost_run1,7350000,1779278972.737880
approach5_skyhost_run1,7351000,1779278972.756163
approach5_skyhost_run1,7352000,1779278972.757917
approach5_skyhost_run1,7353000,1779278972.759688
approach5_skyhost_run1,7354000,1779278972.845325
approach5_skyhost_run1,7355000,1779278972.847076
approach5_skyhost_run1,7356000,1779278972.848815
approach5_skyhost_run1,7357000,1779278972.850574
approach5_skyhost_run1,7358000,1779278972.858665
approach5_skyhost_run1,7359000,1779278972.988003
approach5_skyhost_run1,7360000,1779278972.989778
approach5_skyhost_run1,7361000,1779278972.991565
approach5_skyhost_run1,7362000,1779278972.993344
approach5_skyhost_run1,7363000,1779278973.001114
approach5_skyhost_run1,7364000,1779278973.050762
approach5_skyhost_run1,7365000,1779278973.052516
approach5_skyhost_run1,7366000,1779278973.054273
approach5_skyhost_run1,7367000,1779278973.056087
approach5_skyhost_run1,7368000,1779278973.065231
approach5_skyhost_run1,7369000,1779278973.155456
approach5_skyhost_run1,7370000,1779278973.157204
approach5_skyhost_run1,7371000,1779278973.158971
approach5_skyhost_run1,7372000,1779278973.160738
approach5_skyhost_run1,7373000,1779278973.167913
approach5_skyhost_run1,7374000,1779278973.269350
approach5_skyhost_run1,7375000,1779278973.271107
approach5_skyhost_run1,7376000,1779278973.272874
approach5_skyhost_run1,7377000,1779278973.274672
approach5_skyhost_run1,7378000,1779278973.285294
approach5_skyhost_run1,7379000,1779278973.397089
approach5_skyhost_run1,7380000,1779278973.398855
approach5_skyhost_run1,7381000,1779278973.400620
approach5_skyhost_run1,7382000,1779278973.402401
approach5_skyhost_run1,7383000,1779278973.410806
approach5_skyhost_run1,7384000,1779278973.461311
approach5_skyhost_run1,7385000,1779278973.463065
approach5_skyhost_run1,7386000,1779278973.464850
approach5_skyhost_run1,7387000,1779278973.466617
approach5_skyhost_run1,7388000,1779278973.477243
approach5_skyhost_run1,7389000,1779278973.566566
approach5_skyhost_run1,7390000,1779278973.568307
approach5_skyhost_run1,7391000,1779278973.570059
approach5_skyhost_run1,7392000,1779278973.571836
approach5_skyhost_run1,7393000,1779278973.579244
approach5_skyhost_run1,7394000,1779278973.665285
approach5_skyhost_run1,7395000,1779278973.667043
approach5_skyhost_run1,7396000,1779278973.668798
approach5_skyhost_run1,7397000,1779278973.670573
approach5_skyhost_run1,7398000,1779278973.680633
approach5_skyhost_run1,7399000,1779278973.769200
approach5_skyhost_run1,7400000,1779278973.770957
approach5_skyhost_run1,7401000,1779278973.772706
approach5_skyhost_run1,7402000,1779278973.774482
approach5_skyhost_run1,7403000,1779278973.782356
approach5_skyhost_run1,7404000,1779278973.871810
approach5_skyhost_run1,7405000,1779278973.873527
approach5_skyhost_run1,7406000,1779278973.875357
approach5_skyhost_run1,7407000,1779278973.877123
approach5_skyhost_run1,7408000,1779278973.884418
approach5_skyhost_run1,7409000,1779278974.011526
approach5_skyhost_run1,7410000,1779278974.013279
approach5_skyhost_run1,7411000,1779278974.015070
approach5_skyhost_run1,7412000,1779278974.016825
approach5_skyhost_run1,7413000,1779278974.024020
approach5_skyhost_run1,7414000,1779278974.075459
approach5_skyhost_run1,7415000,1779278974.077202
approach5_skyhost_run1,7416000,1779278974.078967
approach5_skyhost_run1,7417000,1779278974.080728
approach5_skyhost_run1,7418000,1779278974.090227
approach5_skyhost_run1,7419000,1779278974.217186
approach5_skyhost_run1,7420000,1779278974.218942
approach5_skyhost_run1,7421000,1779278974.220690
approach5_skyhost_run1,7422000,1779278974.222455
approach5_skyhost_run1,7423000,1779278974.230152
approach5_skyhost_run1,7424000,1779278974.280354
approach5_skyhost_run1,7425000,1779278974.282110
approach5_skyhost_run1,7426000,1779278974.283884
approach5_skyhost_run1,7427000,1779278974.285674
approach5_skyhost_run1,7428000,1779278974.295339
approach5_skyhost_run1,7429000,1779278974.382741
approach5_skyhost_run1,7430000,1779278974.384490
approach5_skyhost_run1,7431000,1779278974.386270
approach5_skyhost_run1,7432000,1779278974.388039
approach5_skyhost_run1,7433000,1779278974.397821
approach5_skyhost_run1,7434000,1779278974.524311
approach5_skyhost_run1,7435000,1779278974.526089
approach5_skyhost_run1,7436000,1779278974.527851
approach5_skyhost_run1,7437000,1779278974.529602
approach5_skyhost_run1,7438000,1779278974.539346
approach5_skyhost_run1,7439000,1779278974.587804
approach5_skyhost_run1,7440000,1779278974.589558
approach5_skyhost_run1,7441000,1779278974.591322
approach5_skyhost_run1,7442000,1779278974.593089
approach5_skyhost_run1,7443000,1779278974.642072
approach5_skyhost_run1,7444000,1779278974.689450
approach5_skyhost_run1,7445000,1779278974.691210
approach5_skyhost_run1,7446000,1779278974.692972
approach5_skyhost_run1,7447000,1779278974.694757
approach5_skyhost_run1,7448000,1779278974.704291
approach5_skyhost_run1,7449000,1779278974.839230
approach5_skyhost_run1,7450000,1779278974.840968
approach5_skyhost_run1,7451000,1779278974.842749
approach5_skyhost_run1,7452000,1779278974.844506
approach5_skyhost_run1,7453000,1779278974.860525
approach5_skyhost_run1,7454000,1779278974.862284
approach5_skyhost_run1,7455000,1779278974.864130
approach5_skyhost_run1,7456000,1779278974.866796
approach5_skyhost_run1,7457000,1779278974.868546
approach5_skyhost_run1,7458000,1779278974.870306
approach5_skyhost_run1,7459000,1779278974.872063
approach5_skyhost_run1,7460000,1779278974.873823
approach5_skyhost_run1,7461000,1779278974.898741
approach5_skyhost_run1,7462000,1779278974.951079
approach5_skyhost_run1,7463000,1779278974.952834
approach5_skyhost_run1,7464000,1779278974.997826
approach5_skyhost_run1,7465000,1779278974.999577
approach5_skyhost_run1,7466000,1779278975.001323
approach5_skyhost_run1,7467000,1779278975.003089
approach5_skyhost_run1,7468000,1779278975.011472
approach5_skyhost_run1,7469000,1779278975.116245
approach5_skyhost_run1,7470000,1779278975.117997
approach5_skyhost_run1,7471000,1779278975.119763
approach5_skyhost_run1,7472000,1779278975.121520
approach5_skyhost_run1,7473000,1779278975.148081
approach5_skyhost_run1,7474000,1779278975.150087
approach5_skyhost_run1,7475000,1779278975.151841
approach5_skyhost_run1,7476000,1779278975.153581
approach5_skyhost_run1,7477000,1779278975.155363
approach5_skyhost_run1,7478000,1779278975.167624
approach5_skyhost_run1,7479000,1779278975.169375
approach5_skyhost_run1,7480000,1779278975.171140
approach5_skyhost_run1,7481000,1779278975.172902
approach5_skyhost_run1,7482000,1779278975.258423
approach5_skyhost_run1,7483000,1779278975.260181
approach5_skyhost_run1,7484000,1779278975.614083
approach5_skyhost_run1,7485000,1779278975.615876
approach5_skyhost_run1,7486000,1779278975.617630
approach5_skyhost_run1,7487000,1779278975.619402
approach5_skyhost_run1,7488000,1779278975.628647
approach5_skyhost_run1,7489000,1779278975.665933
approach5_skyhost_run1,7490000,1779278975.667695
approach5_skyhost_run1,7491000,1779278975.669454
approach5_skyhost_run1,7492000,1779278975.671225
approach5_skyhost_run1,7493000,1779278975.732930
approach5_skyhost_run1,7494000,1779278975.734688
approach5_skyhost_run1,7495000,1779278975.736462
approach5_skyhost_run1,7496000,1779278975.738216
approach5_skyhost_run1,7497000,1779278975.778122
approach5_skyhost_run1,7498000,1779278975.779884
approach5_skyhost_run1,7499000,1779278975.819202
approach5_skyhost_run1,7500000,1779278975.820988
approach5_skyhost_run1,7501000,1779278975.822814
approach5_skyhost_run1,7502000,1779278975.824598
approach5_skyhost_run1,7503000,1779278975.834732
approach5_skyhost_run1,7504000,1779278975.962225
approach5_skyhost_run1,7505000,1779278975.963997
approach5_skyhost_run1,7506000,1779278975.965772
approach5_skyhost_run1,7507000,1779278975.967670
approach5_skyhost_run1,7508000,1779278975.970068
approach5_skyhost_run1,7509000,1779278975.971831
approach5_skyhost_run1,7510000,1779278975.973589
approach5_skyhost_run1,7511000,1779278975.975644
approach5_skyhost_run1,7512000,1779278975.977409
approach5_skyhost_run1,7513000,1779278975.988719
approach5_skyhost_run1,7514000,1779278975.990480
approach5_skyhost_run1,7515000,1779278975.992207
approach5_skyhost_run1,7516000,1779278975.993967
approach5_skyhost_run1,7517000,1779278976.074624
approach5_skyhost_run1,7518000,1779278976.076390
approach5_skyhost_run1,7519000,1779278976.112540
approach5_skyhost_run1,7520000,1779278976.114292
approach5_skyhost_run1,7521000,1779278976.116084
approach5_skyhost_run1,7522000,1779278976.117849
approach5_skyhost_run1,7523000,1779278976.131499
approach5_skyhost_run1,7524000,1779278976.133255
approach5_skyhost_run1,7525000,1779278976.135041
approach5_skyhost_run1,7526000,1779278976.136794
approach5_skyhost_run1,7527000,1779278976.174506
approach5_skyhost_run1,7528000,1779278976.176275
approach5_skyhost_run1,7529000,1779278976.178019
approach5_skyhost_run1,7530000,1779278976.179789
approach5_skyhost_run1,7531000,1779278976.194235
approach5_skyhost_run1,7532000,1779278976.196047
approach5_skyhost_run1,7533000,1779278976.197798
approach5_skyhost_run1,7534000,1779278976.199568
approach5_skyhost_run1,7535000,1779278976.218863
approach5_skyhost_run1,7536000,1779278976.220619
approach5_skyhost_run1,7537000,1779278976.280360
approach5_skyhost_run1,7538000,1779278976.282125
approach5_skyhost_run1,7539000,1779278976.333992
approach5_skyhost_run1,7540000,1779278976.335786
approach5_skyhost_run1,7541000,1779278976.337541
approach5_skyhost_run1,7542000,1779278976.339307
approach5_skyhost_run1,7543000,1779278976.390964
approach5_skyhost_run1,7544000,1779278976.473699
approach5_skyhost_run1,7545000,1779278976.475487
approach5_skyhost_run1,7546000,1779278976.477231
approach5_skyhost_run1,7547000,1779278976.478991
approach5_skyhost_run1,7548000,1779278976.490224
approach5_skyhost_run1,7549000,1779278976.540188
approach5_skyhost_run1,7550000,1779278976.541945
approach5_skyhost_run1,7551000,1779278976.543710
approach5_skyhost_run1,7552000,1779278976.545487
approach5_skyhost_run1,7553000,1779278976.594118
approach5_skyhost_run1,7554000,1779278976.628933
approach5_skyhost_run1,7555000,1779278976.630691
approach5_skyhost_run1,7556000,1779278976.632447
approach5_skyhost_run1,7557000,1779278976.634210
approach5_skyhost_run1,7558000,1779278976.649469
approach5_skyhost_run1,7559000,1779278976.651230
approach5_skyhost_run1,7560000,1779278976.652982
approach5_skyhost_run1,7561000,1779278976.654756
approach5_skyhost_run1,7562000,1779278976.735299
approach5_skyhost_run1,7563000,1779278976.737050
approach5_skyhost_run1,7564000,1779278976.745854
approach5_skyhost_run1,7565000,1779278976.747613
approach5_skyhost_run1,7566000,1779278976.749366
approach5_skyhost_run1,7567000,1779278976.751134
approach5_skyhost_run1,7568000,1779278976.760259
approach5_skyhost_run1,7569000,1779278976.846801
approach5_skyhost_run1,7570000,1779278976.848562
approach5_skyhost_run1,7571000,1779278976.850332
approach5_skyhost_run1,7572000,1779278976.852100
approach5_skyhost_run1,7573000,1779278976.863421
approach5_skyhost_run1,7574000,1779278976.953176
approach5_skyhost_run1,7575000,1779278976.954955
approach5_skyhost_run1,7576000,1779278976.956695
approach5_skyhost_run1,7577000,1779278976.958477
approach5_skyhost_run1,7578000,1779278976.964918
approach5_skyhost_run1,7579000,1779278977.054558
approach5_skyhost_run1,7580000,1779278977.056334
approach5_skyhost_run1,7581000,1779278977.058092
approach5_skyhost_run1,7582000,1779278977.059867
approach5_skyhost_run1,7583000,1779278977.068523
approach5_skyhost_run1,7584000,1779278977.158177
approach5_skyhost_run1,7585000,1779278977.159936
approach5_skyhost_run1,7586000,1779278977.161690
approach5_skyhost_run1,7587000,1779278977.163466
approach5_skyhost_run1,7588000,1779278977.170678
approach5_skyhost_run1,7589000,1779278977.260860
approach5_skyhost_run1,7590000,1779278977.262622
approach5_skyhost_run1,7591000,1779278977.264380
approach5_skyhost_run1,7592000,1779278977.266167
approach5_skyhost_run1,7593000,1779278977.272907
approach5_skyhost_run1,7594000,1779278977.361802
approach5_skyhost_run1,7595000,1779278977.363578
approach5_skyhost_run1,7596000,1779278977.365354
approach5_skyhost_run1,7597000,1779278977.367129
approach5_skyhost_run1,7598000,1779278977.375506
approach5_skyhost_run1,7599000,1779278977.478122
approach5_skyhost_run1,7600000,1779278977.479911
approach5_skyhost_run1,7601000,1779278977.481708
approach5_skyhost_run1,7602000,1779278977.483511
approach5_skyhost_run1,7603000,1779278977.511805
approach5_skyhost_run1,7604000,1779278977.568670
approach5_skyhost_run1,7605000,1779278977.570468
approach5_skyhost_run1,7606000,1779278977.572225
approach5_skyhost_run1,7607000,1779278977.574003
approach5_skyhost_run1,7608000,1779278977.580736
approach5_skyhost_run1,7609000,1779278977.667550
approach5_skyhost_run1,7610000,1779278977.669306
approach5_skyhost_run1,7611000,1779278977.671079
approach5_skyhost_run1,7612000,1779278977.672841
approach5_skyhost_run1,7613000,1779278977.683294
approach5_skyhost_run1,7614000,1779278977.755753
approach5_skyhost_run1,7615000,1779278977.757512
approach5_skyhost_run1,7616000,1779278977.759285
approach5_skyhost_run1,7617000,1779278977.761060
approach5_skyhost_run1,7618000,1779278977.775301
approach5_skyhost_run1,7619000,1779278977.777053
approach5_skyhost_run1,7620000,1779278977.778819
approach5_skyhost_run1,7621000,1779278977.780586
approach5_skyhost_run1,7622000,1779278977.861342
approach5_skyhost_run1,7623000,1779278977.863115
approach5_skyhost_run1,7624000,1779278977.873169
approach5_skyhost_run1,7625000,1779278977.874947
approach5_skyhost_run1,7626000,1779278977.876694
approach5_skyhost_run1,7627000,1779278977.878471
approach5_skyhost_run1,7628000,1779278977.888206
approach5_skyhost_run1,7629000,1779278977.974997
approach5_skyhost_run1,7630000,1779278977.976757
approach5_skyhost_run1,7631000,1779278977.978524
approach5_skyhost_run1,7632000,1779278977.980285
approach5_skyhost_run1,7633000,1779278977.994368
approach5_skyhost_run1,7634000,1779278978.063066
approach5_skyhost_run1,7635000,1779278978.064849
approach5_skyhost_run1,7636000,1779278978.066630
approach5_skyhost_run1,7637000,1779278978.068397
approach5_skyhost_run1,7638000,1779278978.158157
approach5_skyhost_run1,7639000,1779278978.159914
approach5_skyhost_run1,7640000,1779278978.161686
approach5_skyhost_run1,7641000,1779278978.163558
approach5_skyhost_run1,7642000,1779278978.165349
approach5_skyhost_run1,7643000,1779278978.173713
approach5_skyhost_run1,7644000,1779278978.196516
approach5_skyhost_run1,7645000,1779278978.198269
approach5_skyhost_run1,7646000,1779278978.200046
approach5_skyhost_run1,7647000,1779278978.201816
approach5_skyhost_run1,7648000,1779278978.223752
approach5_skyhost_run1,7649000,1779278978.285703
approach5_skyhost_run1,7650000,1779278978.287472
approach5_skyhost_run1,7651000,1779278978.289229
approach5_skyhost_run1,7652000,1779278978.291006
approach5_skyhost_run1,7653000,1779278978.300344
approach5_skyhost_run1,7654000,1779278978.388798
approach5_skyhost_run1,7655000,1779278978.390568
approach5_skyhost_run1,7656000,1779278978.392328
approach5_skyhost_run1,7657000,1779278978.394069
approach5_skyhost_run1,7658000,1779278978.403102
approach5_skyhost_run1,7659000,1779278978.491604
approach5_skyhost_run1,7660000,1779278978.493353
approach5_skyhost_run1,7661000,1779278978.495151
approach5_skyhost_run1,7662000,1779278978.496917
approach5_skyhost_run1,7663000,1779278978.507623
approach5_skyhost_run1,7664000,1779278978.594047
approach5_skyhost_run1,7665000,1779278978.595837
approach5_skyhost_run1,7666000,1779278978.597603
approach5_skyhost_run1,7667000,1779278978.599377
approach5_skyhost_run1,7668000,1779278978.607924
approach5_skyhost_run1,7669000,1779278978.698205
approach5_skyhost_run1,7670000,1779278978.699970
approach5_skyhost_run1,7671000,1779278978.701733
approach5_skyhost_run1,7672000,1779278978.703515
approach5_skyhost_run1,7673000,1779278978.712026
approach5_skyhost_run1,7674000,1779278978.798343
approach5_skyhost_run1,7675000,1779278978.800104
approach5_skyhost_run1,7676000,1779278978.801872
approach5_skyhost_run1,7677000,1779278978.803657
approach5_skyhost_run1,7678000,1779278978.812317
approach5_skyhost_run1,7679000,1779278978.901523
approach5_skyhost_run1,7680000,1779278978.903286
approach5_skyhost_run1,7681000,1779278978.905076
approach5_skyhost_run1,7682000,1779278978.906854
approach5_skyhost_run1,7683000,1779278978.916309
approach5_skyhost_run1,7684000,1779278979.005784
approach5_skyhost_run1,7685000,1779278979.007541
approach5_skyhost_run1,7686000,1779278979.009298
approach5_skyhost_run1,7687000,1779278979.011071
approach5_skyhost_run1,7688000,1779278979.019438
approach5_skyhost_run1,7689000,1779278979.107931
approach5_skyhost_run1,7690000,1779278979.109694
approach5_skyhost_run1,7691000,1779278979.111474
approach5_skyhost_run1,7692000,1779278979.113249
approach5_skyhost_run1,7693000,1779278979.122211
approach5_skyhost_run1,7694000,1779278979.210151
approach5_skyhost_run1,7695000,1779278979.211917
approach5_skyhost_run1,7696000,1779278979.213683
approach5_skyhost_run1,7697000,1779278979.215494
approach5_skyhost_run1,7698000,1779278979.227343
approach5_skyhost_run1,7699000,1779278979.291626
approach5_skyhost_run1,7700000,1779278979.293371
approach5_skyhost_run1,7701000,1779278979.295163
approach5_skyhost_run1,7702000,1779278979.296922
approach5_skyhost_run1,7703000,1779278979.313521
approach5_skyhost_run1,7704000,1779278979.315310
approach5_skyhost_run1,7705000,1779278979.317077
approach5_skyhost_run1,7706000,1779278979.318865
approach5_skyhost_run1,7707000,1779278979.397177
approach5_skyhost_run1,7708000,1779278979.398944
approach5_skyhost_run1,7709000,1779278979.400712
approach5_skyhost_run1,7710000,1779278979.402714
approach5_skyhost_run1,7711000,1779278979.404756
approach5_skyhost_run1,7712000,1779278979.406559
approach5_skyhost_run1,7713000,1779278979.416572
approach5_skyhost_run1,7714000,1779278979.418334
approach5_skyhost_run1,7715000,1779278979.420090
approach5_skyhost_run1,7716000,1779278979.421850
approach5_skyhost_run1,7717000,1779278979.507427
approach5_skyhost_run1,7718000,1779278979.509213
approach5_skyhost_run1,7719000,1779278979.517634
approach5_skyhost_run1,7720000,1779278979.519364
approach5_skyhost_run1,7721000,1779278979.521141
approach5_skyhost_run1,7722000,1779278979.522912
approach5_skyhost_run1,7723000,1779278979.531743
approach5_skyhost_run1,7724000,1779278979.620534
approach5_skyhost_run1,7725000,1779278979.622288
approach5_skyhost_run1,7726000,1779278979.624048
approach5_skyhost_run1,7727000,1779278979.625833
approach5_skyhost_run1,7728000,1779278979.635249
approach5_skyhost_run1,7729000,1779278979.720831
approach5_skyhost_run1,7730000,1779278979.722593
approach5_skyhost_run1,7731000,1779278979.724345
approach5_skyhost_run1,7732000,1779278979.726142
approach5_skyhost_run1,7733000,1779278979.736140
approach5_skyhost_run1,7734000,1779278979.804050
approach5_skyhost_run1,7735000,1779278979.805825
approach5_skyhost_run1,7736000,1779278979.807593
approach5_skyhost_run1,7737000,1779278979.809356
approach5_skyhost_run1,7738000,1779278979.824252
approach5_skyhost_run1,7739000,1779278979.826028
approach5_skyhost_run1,7740000,1779278979.827800
approach5_skyhost_run1,7741000,1779278979.829569
approach5_skyhost_run1,7742000,1779278979.914908
approach5_skyhost_run1,7743000,1779278979.916676
approach5_skyhost_run1,7744000,1779278979.939550
approach5_skyhost_run1,7745000,1779278979.941308
approach5_skyhost_run1,7746000,1779278979.943074
approach5_skyhost_run1,7747000,1779278979.944856
approach5_skyhost_run1,7748000,1779278979.975569
approach5_skyhost_run1,7749000,1779278979.977327
approach5_skyhost_run1,7750000,1779278979.979099
approach5_skyhost_run1,7751000,1779278979.980875
approach5_skyhost_run1,7752000,1779278979.996069
approach5_skyhost_run1,7753000,1779278979.997827
approach5_skyhost_run1,7754000,1779278979.999598
approach5_skyhost_run1,7755000,1779278980.001553
approach5_skyhost_run1,7756000,1779278980.003331
approach5_skyhost_run1,7757000,1779278980.086011
approach5_skyhost_run1,7758000,1779278980.087785
approach5_skyhost_run1,7759000,1779278980.428213
approach5_skyhost_run1,7760000,1779278980.429982
approach5_skyhost_run1,7761000,1779278980.431756
approach5_skyhost_run1,7762000,1779278980.433518
approach5_skyhost_run1,7763000,1779278980.456153
approach5_skyhost_run1,7764000,1779278980.457910
approach5_skyhost_run1,7765000,1779278980.459667
approach5_skyhost_run1,7766000,1779278980.461443
approach5_skyhost_run1,7767000,1779278980.548109
approach5_skyhost_run1,7768000,1779278980.549863
approach5_skyhost_run1,7769000,1779278980.554678
approach5_skyhost_run1,7770000,1779278980.556459
approach5_skyhost_run1,7771000,1779278980.558214
approach5_skyhost_run1,7772000,1779278980.559988
approach5_skyhost_run1,7773000,1779278980.577707
approach5_skyhost_run1,7774000,1779278980.590776
approach5_skyhost_run1,7775000,1779278980.592541
approach5_skyhost_run1,7776000,1779278980.594318
approach5_skyhost_run1,7777000,1779278980.596113
approach5_skyhost_run1,7778000,1779278980.611588
approach5_skyhost_run1,7779000,1779278980.613352
approach5_skyhost_run1,7780000,1779278980.615139
approach5_skyhost_run1,7781000,1779278980.616909
approach5_skyhost_run1,7782000,1779278980.702042
approach5_skyhost_run1,7783000,1779278980.703787
approach5_skyhost_run1,7784000,1779278980.749207
approach5_skyhost_run1,7785000,1779278980.750982
approach5_skyhost_run1,7786000,1779278980.752745
approach5_skyhost_run1,7787000,1779278980.754533
approach5_skyhost_run1,7788000,1779278980.763445
approach5_skyhost_run1,7789000,1779278980.912781
approach5_skyhost_run1,7790000,1779278980.914555
approach5_skyhost_run1,7791000,1779278980.916343
approach5_skyhost_run1,7792000,1779278980.918103
approach5_skyhost_run1,7793000,1779278980.924019
approach5_skyhost_run1,7794000,1779278980.937048
approach5_skyhost_run1,7795000,1779278980.938819
approach5_skyhost_run1,7796000,1779278980.940573
approach5_skyhost_run1,7797000,1779278980.942345
approach5_skyhost_run1,7798000,1779278980.958970
approach5_skyhost_run1,7799000,1779278980.960729
approach5_skyhost_run1,7800000,1779278980.962505
approach5_skyhost_run1,7801000,1779278980.964267
approach5_skyhost_run1,7802000,1779278981.045705
approach5_skyhost_run1,7803000,1779278981.047489
approach5_skyhost_run1,7804000,1779278981.057624
approach5_skyhost_run1,7805000,1779278981.059390
approach5_skyhost_run1,7806000,1779278981.061151
approach5_skyhost_run1,7807000,1779278981.062928
approach5_skyhost_run1,7808000,1779278981.073661
approach5_skyhost_run1,7809000,1779278981.103321
approach5_skyhost_run1,7810000,1779278981.105098
approach5_skyhost_run1,7811000,1779278981.106862
approach5_skyhost_run1,7812000,1779278981.108624
approach5_skyhost_run1,7813000,1779278981.122685
approach5_skyhost_run1,7814000,1779278981.124439
approach5_skyhost_run1,7815000,1779278981.126222
approach5_skyhost_run1,7816000,1779278981.128005
approach5_skyhost_run1,7817000,1779278981.209519
approach5_skyhost_run1,7818000,1779278981.211290
approach5_skyhost_run1,7819000,1779278981.262261
approach5_skyhost_run1,7820000,1779278981.264047
approach5_skyhost_run1,7821000,1779278981.265841
approach5_skyhost_run1,7822000,1779278981.267637
approach5_skyhost_run1,7823000,1779278981.274911
approach5_skyhost_run1,7824000,1779278981.399578
approach5_skyhost_run1,7825000,1779278981.401356
approach5_skyhost_run1,7826000,1779278981.403179
approach5_skyhost_run1,7827000,1779278981.405038
approach5_skyhost_run1,7828000,1779278981.409631
approach5_skyhost_run1,7829000,1779278981.411410
approach5_skyhost_run1,7830000,1779278981.413408
approach5_skyhost_run1,7831000,1779278981.415196
approach5_skyhost_run1,7832000,1779278981.416954
approach5_skyhost_run1,7833000,1779278981.430542
approach5_skyhost_run1,7834000,1779278981.432287
approach5_skyhost_run1,7835000,1779278981.434036
approach5_skyhost_run1,7836000,1779278981.435831
approach5_skyhost_run1,7837000,1779278981.522127
approach5_skyhost_run1,7838000,1779278981.523899
approach5_skyhost_run1,7839000,1779278981.671247
approach5_skyhost_run1,7840000,1779278981.673000
approach5_skyhost_run1,7841000,1779278981.674766
approach5_skyhost_run1,7842000,1779278981.676549
approach5_skyhost_run1,7843000,1779278981.728487
approach5_skyhost_run1,7844000,1779278981.773303
approach5_skyhost_run1,7845000,1779278981.775098
approach5_skyhost_run1,7846000,1779278981.776823
approach5_skyhost_run1,7847000,1779278981.778618
approach5_skyhost_run1,7848000,1779278981.787269
approach5_skyhost_run1,7849000,1779278981.818799
approach5_skyhost_run1,7850000,1779278981.820552
approach5_skyhost_run1,7851000,1779278981.822317
approach5_skyhost_run1,7852000,1779278981.824079
approach5_skyhost_run1,7853000,1779278981.839262
approach5_skyhost_run1,7854000,1779278981.841016
approach5_skyhost_run1,7855000,1779278981.842782
approach5_skyhost_run1,7856000,1779278981.844542
approach5_skyhost_run1,7857000,1779278981.930069
approach5_skyhost_run1,7858000,1779278981.931848
approach5_skyhost_run1,7859000,1779278981.977157
approach5_skyhost_run1,7860000,1779278981.978928
approach5_skyhost_run1,7861000,1779278981.980691
approach5_skyhost_run1,7862000,1779278981.982477
approach5_skyhost_run1,7863000,1779278981.992247
approach5_skyhost_run1,7864000,1779278982.080999
approach5_skyhost_run1,7865000,1779278982.082771
approach5_skyhost_run1,7866000,1779278982.084542
approach5_skyhost_run1,7867000,1779278982.086358
approach5_skyhost_run1,7868000,1779278982.136126
approach5_skyhost_run1,7869000,1779278982.183736
approach5_skyhost_run1,7870000,1779278982.185530
approach5_skyhost_run1,7871000,1779278982.187299
approach5_skyhost_run1,7872000,1779278982.189053
approach5_skyhost_run1,7873000,1779278982.197347
approach5_skyhost_run1,7874000,1779278982.324295
approach5_skyhost_run1,7875000,1779278982.326075
approach5_skyhost_run1,7876000,1779278982.327847
approach5_skyhost_run1,7877000,1779278982.329618
approach5_skyhost_run1,7878000,1779278982.340757
approach5_skyhost_run1,7879000,1779278982.388458
approach5_skyhost_run1,7880000,1779278982.390217
approach5_skyhost_run1,7881000,1779278982.391992
approach5_skyhost_run1,7882000,1779278982.393755
approach5_skyhost_run1,7883000,1779278982.403318
approach5_skyhost_run1,7884000,1779278982.490266
approach5_skyhost_run1,7885000,1779278982.492039
approach5_skyhost_run1,7886000,1779278982.493807
approach5_skyhost_run1,7887000,1779278982.495620
approach5_skyhost_run1,7888000,1779278982.507264
approach5_skyhost_run1,7889000,1779278982.634990
approach5_skyhost_run1,7890000,1779278982.636745
approach5_skyhost_run1,7891000,1779278982.638502
approach5_skyhost_run1,7892000,1779278982.640310
approach5_skyhost_run1,7893000,1779278982.650477
approach5_skyhost_run1,7894000,1779278982.696477
approach5_skyhost_run1,7895000,1779278982.698226
approach5_skyhost_run1,7896000,1779278982.699997
approach5_skyhost_run1,7897000,1779278982.701763
approach5_skyhost_run1,7898000,1779278982.711015
approach5_skyhost_run1,7899000,1779278982.798195
approach5_skyhost_run1,7900000,1779278982.799955
approach5_skyhost_run1,7901000,1779278982.801708
approach5_skyhost_run1,7902000,1779278982.803485
approach5_skyhost_run1,7903000,1779278982.812413
approach5_skyhost_run1,7904000,1779278982.900919
approach5_skyhost_run1,7905000,1779278982.902681
approach5_skyhost_run1,7906000,1779278982.904434
approach5_skyhost_run1,7907000,1779278982.906221
approach5_skyhost_run1,7908000,1779278982.915163
approach5_skyhost_run1,7909000,1779278982.986008
approach5_skyhost_run1,7910000,1779278982.987785
approach5_skyhost_run1,7911000,1779278982.989541
approach5_skyhost_run1,7912000,1779278982.991314
approach5_skyhost_run1,7913000,1779278983.006929
approach5_skyhost_run1,7914000,1779278983.008683
approach5_skyhost_run1,7915000,1779278983.010452
approach5_skyhost_run1,7916000,1779278983.012227
approach5_skyhost_run1,7917000,1779278983.097944
approach5_skyhost_run1,7918000,1779278983.099710
approach5_skyhost_run1,7919000,1779278983.119217
approach5_skyhost_run1,7920000,1779278983.120967
approach5_skyhost_run1,7921000,1779278983.122728
approach5_skyhost_run1,7922000,1779278983.124488
approach5_skyhost_run1,7923000,1779278983.153649
approach5_skyhost_run1,7924000,1779278983.208599
approach5_skyhost_run1,7925000,1779278983.210362
approach5_skyhost_run1,7926000,1779278983.212124
approach5_skyhost_run1,7927000,1779278983.213887
approach5_skyhost_run1,7928000,1779278983.224244
approach5_skyhost_run1,7929000,1779278983.312805
approach5_skyhost_run1,7930000,1779278983.314571
approach5_skyhost_run1,7931000,1779278983.316353
approach5_skyhost_run1,7932000,1779278983.318117
approach5_skyhost_run1,7933000,1779278983.324586
approach5_skyhost_run1,7934000,1779278983.897016
approach5_skyhost_run1,7935000,1779278983.898756
approach5_skyhost_run1,7936000,1779278983.900490
approach5_skyhost_run1,7937000,1779278983.902227
approach5_skyhost_run1,7938000,1779278983.925204
approach5_skyhost_run1,7939000,1779278983.984269
approach5_skyhost_run1,7940000,1779278983.986047
approach5_skyhost_run1,7941000,1779278983.987799
approach5_skyhost_run1,7942000,1779278983.989540
approach5_skyhost_run1,7943000,1779278983.999989
approach5_skyhost_run1,7944000,1779278984.084206
approach5_skyhost_run1,7945000,1779278984.085959
approach5_skyhost_run1,7946000,1779278984.087707
approach5_skyhost_run1,7947000,1779278984.089449
approach5_skyhost_run1,7948000,1779278984.099489
approach5_skyhost_run1,7949000,1779278984.187070
approach5_skyhost_run1,7950000,1779278984.188798
approach5_skyhost_run1,7951000,1779278984.190548
approach5_skyhost_run1,7952000,1779278984.192291
approach5_skyhost_run1,7953000,1779278984.202528
approach5_skyhost_run1,7954000,1779278984.336209
approach5_skyhost_run1,7955000,1779278984.337946
approach5_skyhost_run1,7956000,1779278984.339687
approach5_skyhost_run1,7957000,1779278984.341421
approach5_skyhost_run1,7958000,1779278984.348696
approach5_skyhost_run1,7959000,1779278984.542588
approach5_skyhost_run1,7960000,1779278984.544339
approach5_skyhost_run1,7961000,1779278984.546109
approach5_skyhost_run1,7962000,1779278984.547859
approach5_skyhost_run1,7963000,1779278984.562947
approach5_skyhost_run1,7964000,1779278984.564679
approach5_skyhost_run1,7965000,1779278984.566447
approach5_skyhost_run1,7966000,1779278984.568192
approach5_skyhost_run1,7967000,1779278984.648013
approach5_skyhost_run1,7968000,1779278984.649751
approach5_skyhost_run1,7969000,1779278984.702593
approach5_skyhost_run1,7970000,1779278984.704328
approach5_skyhost_run1,7971000,1779278984.706094
approach5_skyhost_run1,7972000,1779278984.707851
approach5_skyhost_run1,7973000,1779278984.721137
approach5_skyhost_run1,7974000,1779278984.747177
approach5_skyhost_run1,7975000,1779278984.748936
approach5_skyhost_run1,7976000,1779278984.750705
approach5_skyhost_run1,7977000,1779278984.752470
approach5_skyhost_run1,7978000,1779278984.769485
approach5_skyhost_run1,7979000,1779278984.771255
approach5_skyhost_run1,7980000,1779278984.773015
approach5_skyhost_run1,7981000,1779278984.774827
approach5_skyhost_run1,7982000,1779278984.859396
approach5_skyhost_run1,7983000,1779278984.861159
approach5_skyhost_run1,7984000,1779278984.908494
approach5_skyhost_run1,7985000,1779278984.910247
approach5_skyhost_run1,7986000,1779278984.912014
approach5_skyhost_run1,7987000,1779278984.913775
approach5_skyhost_run1,7988000,1779278984.922945
approach5_skyhost_run1,7989000,1779278985.010895
approach5_skyhost_run1,7990000,1779278985.012639
approach5_skyhost_run1,7991000,1779278985.014396
approach5_skyhost_run1,7992000,1779278985.016204
approach5_skyhost_run1,7993000,1779278985.039371
approach5_skyhost_run1,7994000,1779278985.041130
approach5_skyhost_run1,7995000,1779278985.042904
approach5_skyhost_run1,7996000,1779278985.044670
approach5_skyhost_run1,7997000,1779278985.116809
approach5_skyhost_run1,7998000,1779278985.118600
approach5_skyhost_run1,7999000,1779278985.173706
approach5_skyhost_run1,8000000,1779278985.175494
approach5_skyhost_run1,8001000,1779278985.177267
approach5_skyhost_run1,8002000,1779278985.179037
approach5_skyhost_run1,8003000,1779278985.189954
approach5_skyhost_run1,8004000,1779278985.215776
approach5_skyhost_run1,8005000,1779278985.217534
approach5_skyhost_run1,8006000,1779278985.219307
approach5_skyhost_run1,8007000,1779278985.221074
approach5_skyhost_run1,8008000,1779278985.230788
approach5_skyhost_run1,8009000,1779278985.317909
approach5_skyhost_run1,8010000,1779278985.319670
approach5_skyhost_run1,8011000,1779278985.321432
approach5_skyhost_run1,8012000,1779278985.323217
approach5_skyhost_run1,8013000,1779278985.334627
approach5_skyhost_run1,8014000,1779278985.466358
approach5_skyhost_run1,8015000,1779278985.468116
approach5_skyhost_run1,8016000,1779278985.469882
approach5_skyhost_run1,8017000,1779278985.471654
approach5_skyhost_run1,8018000,1779278985.480147
approach5_skyhost_run1,8019000,1779278985.522544
approach5_skyhost_run1,8020000,1779278985.524290
approach5_skyhost_run1,8021000,1779278985.526070
approach5_skyhost_run1,8022000,1779278985.527846
approach5_skyhost_run1,8023000,1779278985.577909
approach5_skyhost_run1,8024000,1779278985.625909
approach5_skyhost_run1,8025000,1779278985.627672
approach5_skyhost_run1,8026000,1779278985.629436
approach5_skyhost_run1,8027000,1779278985.631210
approach5_skyhost_run1,8028000,1779278985.642200
approach5_skyhost_run1,8029000,1779278985.726668
approach5_skyhost_run1,8030000,1779278985.728422
approach5_skyhost_run1,8031000,1779278985.730182
approach5_skyhost_run1,8032000,1779278985.731957
approach5_skyhost_run1,8033000,1779278985.741441
approach5_skyhost_run1,8034000,1779278985.830636
approach5_skyhost_run1,8035000,1779278985.832367
approach5_skyhost_run1,8036000,1779278985.834154
approach5_skyhost_run1,8037000,1779278985.835955
approach5_skyhost_run1,8038000,1779278985.844857
approach5_skyhost_run1,8039000,1779278985.934415
approach5_skyhost_run1,8040000,1779278985.936193
approach5_skyhost_run1,8041000,1779278985.937945
approach5_skyhost_run1,8042000,1779278985.939715
approach5_skyhost_run1,8043000,1779278985.948094
approach5_skyhost_run1,8044000,1779278986.050151
approach5_skyhost_run1,8045000,1779278986.051910
approach5_skyhost_run1,8046000,1779278986.053664
approach5_skyhost_run1,8047000,1779278986.055464
approach5_skyhost_run1,8048000,1779278986.080645
approach5_skyhost_run1,8049000,1779278986.139462
approach5_skyhost_run1,8050000,1779278986.141213
approach5_skyhost_run1,8051000,1779278986.142978
approach5_skyhost_run1,8052000,1779278986.144739
approach5_skyhost_run1,8053000,1779278986.154665
approach5_skyhost_run1,8054000,1779278986.242032
approach5_skyhost_run1,8055000,1779278986.243798
approach5_skyhost_run1,8056000,1779278986.245583
approach5_skyhost_run1,8057000,1779278986.247364
approach5_skyhost_run1,8058000,1779278986.255087
approach5_skyhost_run1,8059000,1779278986.343752
approach5_skyhost_run1,8060000,1779278986.345535
approach5_skyhost_run1,8061000,1779278986.347310
approach5_skyhost_run1,8062000,1779278986.349078
approach5_skyhost_run1,8063000,1779278986.358266
approach5_skyhost_run1,8064000,1779278986.478996
approach5_skyhost_run1,8065000,1779278986.480754
approach5_skyhost_run1,8066000,1779278986.482525
approach5_skyhost_run1,8067000,1779278986.497625
approach5_skyhost_run1,8068000,1779278986.499407
approach5_skyhost_run1,8069000,1779278986.550709
approach5_skyhost_run1,8070000,1779278986.552469
approach5_skyhost_run1,8071000,1779278986.554227
approach5_skyhost_run1,8072000,1779278986.556037
approach5_skyhost_run1,8073000,1779278986.563828
approach5_skyhost_run1,8074000,1779278986.656179
approach5_skyhost_run1,8075000,1779278986.657942
approach5_skyhost_run1,8076000,1779278986.659719
approach5_skyhost_run1,8077000,1779278986.661489
approach5_skyhost_run1,8078000,1779278986.668937
approach5_skyhost_run1,8079000,1779278986.756444
approach5_skyhost_run1,8080000,1779278986.758185
approach5_skyhost_run1,8081000,1779278986.759965
approach5_skyhost_run1,8082000,1779278986.761731
approach5_skyhost_run1,8083000,1779278986.771668
approach5_skyhost_run1,8084000,1779278986.857447
approach5_skyhost_run1,8085000,1779278986.859215
approach5_skyhost_run1,8086000,1779278986.860974
approach5_skyhost_run1,8087000,1779278986.862754
approach5_skyhost_run1,8088000,1779278986.872427
approach5_skyhost_run1,8089000,1779278987.000057
approach5_skyhost_run1,8090000,1779278987.001814
approach5_skyhost_run1,8091000,1779278987.003591
approach5_skyhost_run1,8092000,1779278987.005392
approach5_skyhost_run1,8093000,1779278987.013032
approach5_skyhost_run1,8094000,1779278987.064390
approach5_skyhost_run1,8095000,1779278987.066168
approach5_skyhost_run1,8096000,1779278987.067940
approach5_skyhost_run1,8097000,1779278987.069705
approach5_skyhost_run1,8098000,1779278987.077815
approach5_skyhost_run1,8099000,1779278987.165641
approach5_skyhost_run1,8100000,1779278987.167403
approach5_skyhost_run1,8101000,1779278987.169158
approach5_skyhost_run1,8102000,1779278987.170942
approach5_skyhost_run1,8103000,1779278987.179581
approach5_skyhost_run1,8104000,1779278987.311013
approach5_skyhost_run1,8105000,1779278987.312773
approach5_skyhost_run1,8106000,1779278987.314549
approach5_skyhost_run1,8107000,1779278987.316369
approach5_skyhost_run1,8108000,1779278987.322427
approach5_skyhost_run1,8109000,1779278987.372252
approach5_skyhost_run1,8110000,1779278987.374005
approach5_skyhost_run1,8111000,1779278987.375800
approach5_skyhost_run1,8112000,1779278987.377561
approach5_skyhost_run1,8113000,1779278987.385256
approach5_skyhost_run1,8114000,1779278987.473379
approach5_skyhost_run1,8115000,1779278987.475182
approach5_skyhost_run1,8116000,1779278987.476947
approach5_skyhost_run1,8117000,1779278987.478730
approach5_skyhost_run1,8118000,1779278987.490985
approach5_skyhost_run1,8119000,1779278987.575041
approach5_skyhost_run1,8120000,1779278987.576798
approach5_skyhost_run1,8121000,1779278987.578577
approach5_skyhost_run1,8122000,1779278987.580345
approach5_skyhost_run1,8123000,1779278987.590592
approach5_skyhost_run1,8124000,1779278987.681418
approach5_skyhost_run1,8125000,1779278987.683184
approach5_skyhost_run1,8126000,1779278987.684976
approach5_skyhost_run1,8127000,1779278987.686763
approach5_skyhost_run1,8128000,1779278987.698063
approach5_skyhost_run1,8129000,1779278987.781735
approach5_skyhost_run1,8130000,1779278987.783499
approach5_skyhost_run1,8131000,1779278987.785297
approach5_skyhost_run1,8132000,1779278987.787087
approach5_skyhost_run1,8133000,1779278987.796108
approach5_skyhost_run1,8134000,1779278987.867506
approach5_skyhost_run1,8135000,1779278987.869272
approach5_skyhost_run1,8136000,1779278987.871078
approach5_skyhost_run1,8137000,1779278987.872884
approach5_skyhost_run1,8138000,1779278987.887296
approach5_skyhost_run1,8139000,1779278987.889074
approach5_skyhost_run1,8140000,1779278987.890871
approach5_skyhost_run1,8141000,1779278987.892640
approach5_skyhost_run1,8142000,1779278987.978029
approach5_skyhost_run1,8143000,1779278987.979828
approach5_skyhost_run1,8144000,1779278987.989491
approach5_skyhost_run1,8145000,1779278987.991275
approach5_skyhost_run1,8146000,1779278987.993052
approach5_skyhost_run1,8147000,1779278987.994925
approach5_skyhost_run1,8148000,1779278988.004513
approach5_skyhost_run1,8149000,1779278988.090740
approach5_skyhost_run1,8150000,1779278988.092499
approach5_skyhost_run1,8151000,1779278988.094254
approach5_skyhost_run1,8152000,1779278988.096093
approach5_skyhost_run1,8153000,1779278988.108170
approach5_skyhost_run1,8154000,1779278988.192837
approach5_skyhost_run1,8155000,1779278988.194611
approach5_skyhost_run1,8156000,1779278988.196399
approach5_skyhost_run1,8157000,1779278988.198162
approach5_skyhost_run1,8158000,1779278988.206371
approach5_skyhost_run1,8159000,1779278988.283927
approach5_skyhost_run1,8160000,1779278988.285732
approach5_skyhost_run1,8161000,1779278988.287490
approach5_skyhost_run1,8162000,1779278988.289299
approach5_skyhost_run1,8163000,1779278988.303371
approach5_skyhost_run1,8164000,1779278988.305153
approach5_skyhost_run1,8165000,1779278988.306933
approach5_skyhost_run1,8166000,1779278988.308702
approach5_skyhost_run1,8167000,1779278988.388925
approach5_skyhost_run1,8168000,1779278988.390715
approach5_skyhost_run1,8169000,1779278988.402332
approach5_skyhost_run1,8170000,1779278988.404091
approach5_skyhost_run1,8171000,1779278988.405878
approach5_skyhost_run1,8172000,1779278988.407662
approach5_skyhost_run1,8173000,1779278988.417235
approach5_skyhost_run1,8174000,1779278988.537428
approach5_skyhost_run1,8175000,1779278988.539203
approach5_skyhost_run1,8176000,1779278988.540957
approach5_skyhost_run1,8177000,1779278988.542732
approach5_skyhost_run1,8178000,1779278988.551598
approach5_skyhost_run1,8179000,1779278988.602897
approach5_skyhost_run1,8180000,1779278988.604658
approach5_skyhost_run1,8181000,1779278988.606470
approach5_skyhost_run1,8182000,1779278988.608242
approach5_skyhost_run1,8183000,1779278988.616406
approach5_skyhost_run1,8184000,1779278988.706276
approach5_skyhost_run1,8185000,1779278988.708052
approach5_skyhost_run1,8186000,1779278988.709821
approach5_skyhost_run1,8187000,1779278988.711610
approach5_skyhost_run1,8188000,1779278988.721942
approach5_skyhost_run1,8189000,1779278988.807290
approach5_skyhost_run1,8190000,1779278988.809046
approach5_skyhost_run1,8191000,1779278988.810824
approach5_skyhost_run1,8192000,1779278988.812592
approach5_skyhost_run1,8193000,1779278988.822491
approach5_skyhost_run1,8194000,1779278988.923262
approach5_skyhost_run1,8195000,1779278988.925049
approach5_skyhost_run1,8196000,1779278988.926827
approach5_skyhost_run1,8197000,1779278988.928584
approach5_skyhost_run1,8198000,1779278988.949235
approach5_skyhost_run1,8199000,1779278989.020923
approach5_skyhost_run1,8200000,1779278989.022705
approach5_skyhost_run1,8201000,1779278989.024468
approach5_skyhost_run1,8202000,1779278989.026265
approach5_skyhost_run1,8203000,1779278989.036195
approach5_skyhost_run1,8204000,1779278989.116030
approach5_skyhost_run1,8205000,1779278989.117791
approach5_skyhost_run1,8206000,1779278989.119577
approach5_skyhost_run1,8207000,1779278989.121356
approach5_skyhost_run1,8208000,1779278989.130213
approach5_skyhost_run1,8209000,1779278989.221100
approach5_skyhost_run1,8210000,1779278989.222862
approach5_skyhost_run1,8211000,1779278989.224619
approach5_skyhost_run1,8212000,1779278989.226417
approach5_skyhost_run1,8213000,1779278989.235030
approach5_skyhost_run1,8214000,1779278989.361976
approach5_skyhost_run1,8215000,1779278989.363746
approach5_skyhost_run1,8216000,1779278989.365536
approach5_skyhost_run1,8217000,1779278989.367331
approach5_skyhost_run1,8218000,1779278989.375847
approach5_skyhost_run1,8219000,1779278989.423060
approach5_skyhost_run1,8220000,1779278989.424837
approach5_skyhost_run1,8221000,1779278989.426609
approach5_skyhost_run1,8222000,1779278989.428375
approach5_skyhost_run1,8223000,1779278989.437934
approach5_skyhost_run1,8224000,1779278989.506233
approach5_skyhost_run1,8225000,1779278989.831416
approach5_skyhost_run1,8226000,1779278989.833184
approach5_skyhost_run1,8227000,1779278989.834991
approach5_skyhost_run1,8228000,1779278989.836759
approach5_skyhost_run1,8229000,1779278989.879804
approach5_skyhost_run1,8230000,1779278989.974401
approach5_skyhost_run1,8231000,1779278989.976185
approach5_skyhost_run1,8232000,1779278989.977937
approach5_skyhost_run1,8233000,1779278989.979719
approach5_skyhost_run1,8234000,1779278989.987517
approach5_skyhost_run1,8235000,1779278990.038536
approach5_skyhost_run1,8236000,1779278990.040300
approach5_skyhost_run1,8237000,1779278990.042061
approach5_skyhost_run1,8238000,1779278990.043839
approach5_skyhost_run1,8239000,1779278990.057297
approach5_skyhost_run1,8240000,1779278990.138970
approach5_skyhost_run1,8241000,1779278990.140733
approach5_skyhost_run1,8242000,1779278990.142516
approach5_skyhost_run1,8243000,1779278990.144294
approach5_skyhost_run1,8244000,1779278990.154921
approach5_skyhost_run1,8245000,1779278990.243223
approach5_skyhost_run1,8246000,1779278990.245008
approach5_skyhost_run1,8247000,1779278990.246782
approach5_skyhost_run1,8248000,1779278990.248550
approach5_skyhost_run1,8249000,1779278990.259303
approach5_skyhost_run1,8250000,1779278990.387720
approach5_skyhost_run1,8251000,1779278990.389483
approach5_skyhost_run1,8252000,1779278990.391269
approach5_skyhost_run1,8253000,1779278990.393041
approach5_skyhost_run1,8254000,1779278990.399640
approach5_skyhost_run1,8255000,1779278990.505430
approach5_skyhost_run1,8256000,1779278990.507208
approach5_skyhost_run1,8257000,1779278990.508963
approach5_skyhost_run1,8258000,1779278990.510744
approach5_skyhost_run1,8259000,1779278990.516801
approach5_skyhost_run1,8260000,1779278990.552180
approach5_skyhost_run1,8261000,1779278990.553945
approach5_skyhost_run1,8262000,1779278990.555755
approach5_skyhost_run1,8263000,1779278990.557532
approach5_skyhost_run1,8264000,1779278990.565188
approach5_skyhost_run1,8265000,1779278990.657384
approach5_skyhost_run1,8266000,1779278990.659147
approach5_skyhost_run1,8267000,1779278990.660904
approach5_skyhost_run1,8268000,1779278990.662687
approach5_skyhost_run1,8269000,1779278990.671085
approach5_skyhost_run1,8270000,1779278990.754850
approach5_skyhost_run1,8271000,1779278990.756611
approach5_skyhost_run1,8272000,1779278990.758393
approach5_skyhost_run1,8273000,1779278990.760162
approach5_skyhost_run1,8274000,1779278990.769880
approach5_skyhost_run1,8275000,1779278990.871722
approach5_skyhost_run1,8276000,1779278990.873488
approach5_skyhost_run1,8277000,1779278990.875295
approach5_skyhost_run1,8278000,1779278990.877068
approach5_skyhost_run1,8279000,1779278990.898932
approach5_skyhost_run1,8280000,1779278990.961843
approach5_skyhost_run1,8281000,1779278990.963608
approach5_skyhost_run1,8282000,1779278990.965411
approach5_skyhost_run1,8283000,1779278990.967205
approach5_skyhost_run1,8284000,1779278990.977127
approach5_skyhost_run1,8285000,1779278991.065931
approach5_skyhost_run1,8286000,1779278991.067691
approach5_skyhost_run1,8287000,1779278991.069412
approach5_skyhost_run1,8288000,1779278991.071214
approach5_skyhost_run1,8289000,1779278991.079157
approach5_skyhost_run1,8290000,1779278991.168691
approach5_skyhost_run1,8291000,1779278991.170470
approach5_skyhost_run1,8292000,1779278991.172251
approach5_skyhost_run1,8293000,1779278991.174033
approach5_skyhost_run1,8294000,1779278991.181613
approach5_skyhost_run1,8295000,1779278991.272803
approach5_skyhost_run1,8296000,1779278991.274567
approach5_skyhost_run1,8297000,1779278991.276363
approach5_skyhost_run1,8298000,1779278991.278135
approach5_skyhost_run1,8299000,1779278991.285969
approach5_skyhost_run1,8300000,1779278991.371495
approach5_skyhost_run1,8301000,1779278991.373256
approach5_skyhost_run1,8302000,1779278991.375063
approach5_skyhost_run1,8303000,1779278991.376827
approach5_skyhost_run1,8304000,1779278991.386698
approach5_skyhost_run1,8305000,1779278991.475221
approach5_skyhost_run1,8306000,1779278991.476978
approach5_skyhost_run1,8307000,1779278991.478756
approach5_skyhost_run1,8308000,1779278991.480525
approach5_skyhost_run1,8309000,1779278991.533678
approach5_skyhost_run1,8310000,1779278991.693217
approach5_skyhost_run1,8311000,1779278991.695015
approach5_skyhost_run1,8312000,1779278991.696777
approach5_skyhost_run1,8313000,1779278991.698556
approach5_skyhost_run1,8314000,1779278991.719969
approach5_skyhost_run1,8315000,1779278991.783185
approach5_skyhost_run1,8316000,1779278991.784972
approach5_skyhost_run1,8317000,1779278991.786745
approach5_skyhost_run1,8318000,1779278991.788515
approach5_skyhost_run1,8319000,1779278991.799608
approach5_skyhost_run1,8320000,1779278991.883255
approach5_skyhost_run1,8321000,1779278991.885042
approach5_skyhost_run1,8322000,1779278991.886825
approach5_skyhost_run1,8323000,1779278991.888598
approach5_skyhost_run1,8324000,1779278991.898350
approach5_skyhost_run1,8325000,1779278991.986305
approach5_skyhost_run1,8326000,1779278991.988087
approach5_skyhost_run1,8327000,1779278991.989843
approach5_skyhost_run1,8328000,1779278991.991619
approach5_skyhost_run1,8329000,1779278992.044746
approach5_skyhost_run1,8330000,1779278992.103003
approach5_skyhost_run1,8331000,1779278992.104765
approach5_skyhost_run1,8332000,1779278992.106553
approach5_skyhost_run1,8333000,1779278992.108323
approach5_skyhost_run1,8334000,1779278992.136725
approach5_skyhost_run1,8335000,1779278992.192252
approach5_skyhost_run1,8336000,1779278992.194012
approach5_skyhost_run1,8337000,1779278992.195815
approach5_skyhost_run1,8338000,1779278992.197574
approach5_skyhost_run1,8339000,1779278992.207944
approach5_skyhost_run1,8340000,1779278992.308556
approach5_skyhost_run1,8341000,1779278992.310327
approach5_skyhost_run1,8342000,1779278992.312088
approach5_skyhost_run1,8343000,1779278992.313863
approach5_skyhost_run1,8344000,1779278992.341839
approach5_skyhost_run1,8345000,1779278992.364211
approach5_skyhost_run1,8346000,1779278992.365992
approach5_skyhost_run1,8347000,1779278992.367759
approach5_skyhost_run1,8348000,1779278992.369522
approach5_skyhost_run1,8349000,1779278992.383430
approach5_skyhost_run1,8350000,1779278992.385172
approach5_skyhost_run1,8351000,1779278992.386961
approach5_skyhost_run1,8352000,1779278992.388735
approach5_skyhost_run1,8353000,1779278992.471081
approach5_skyhost_run1,8354000,1779278992.472849
approach5_skyhost_run1,8355000,1779278992.501590
approach5_skyhost_run1,8356000,1779278992.503357
approach5_skyhost_run1,8357000,1779278992.505141
approach5_skyhost_run1,8358000,1779278992.506929
approach5_skyhost_run1,8359000,1779278992.516335
approach5_skyhost_run1,8360000,1779278992.604256
approach5_skyhost_run1,8361000,1779278992.606040
approach5_skyhost_run1,8362000,1779278992.607816
approach5_skyhost_run1,8363000,1779278992.609579
approach5_skyhost_run1,8364000,1779278992.619340
approach5_skyhost_run1,8365000,1779278992.759292
approach5_skyhost_run1,8366000,1779278992.761040
approach5_skyhost_run1,8367000,1779278992.762801
approach5_skyhost_run1,8368000,1779278992.764558
approach5_skyhost_run1,8369000,1779278992.786860
approach5_skyhost_run1,8370000,1779278992.810373
approach5_skyhost_run1,8371000,1779278992.812135
approach5_skyhost_run1,8372000,1779278992.813897
approach5_skyhost_run1,8373000,1779278992.815708
approach5_skyhost_run1,8374000,1779278992.823732
approach5_skyhost_run1,8375000,1779278992.860346
approach5_skyhost_run1,8376000,1779278992.862099
approach5_skyhost_run1,8377000,1779278992.863860
approach5_skyhost_run1,8378000,1779278992.865637
approach5_skyhost_run1,8379000,1779278992.880907
approach5_skyhost_run1,8380000,1779278992.882677
approach5_skyhost_run1,8381000,1779278992.884429
approach5_skyhost_run1,8382000,1779278992.886213
approach5_skyhost_run1,8383000,1779278992.965167
approach5_skyhost_run1,8384000,1779278992.966949
approach5_skyhost_run1,8385000,1779278993.015290
approach5_skyhost_run1,8386000,1779278993.017049
approach5_skyhost_run1,8387000,1779278993.018820
approach5_skyhost_run1,8388000,1779278993.020589
approach5_skyhost_run1,8389000,1779278993.030291
approach5_skyhost_run1,8390000,1779278993.130237
approach5_skyhost_run1,8391000,1779278993.131994
approach5_skyhost_run1,8392000,1779278993.133735
approach5_skyhost_run1,8393000,1779278993.135531
approach5_skyhost_run1,8394000,1779278993.161882
approach5_skyhost_run1,8395000,1779278993.223919
approach5_skyhost_run1,8396000,1779278993.225711
approach5_skyhost_run1,8397000,1779278993.227485
approach5_skyhost_run1,8398000,1779278993.229319
approach5_skyhost_run1,8399000,1779278993.239552
approach5_skyhost_run1,8400000,1779278993.335723
approach5_skyhost_run1,8401000,1779278993.337488
approach5_skyhost_run1,8402000,1779278993.339273
approach5_skyhost_run1,8403000,1779278993.341043
approach5_skyhost_run1,8404000,1779278993.351144
approach5_skyhost_run1,8405000,1779278993.423915
approach5_skyhost_run1,8406000,1779278993.425707
approach5_skyhost_run1,8407000,1779278993.427483
approach5_skyhost_run1,8408000,1779278993.429246
approach5_skyhost_run1,8409000,1779278993.439294
approach5_skyhost_run1,8410000,1779278993.518639
approach5_skyhost_run1,8411000,1779278993.520398
approach5_skyhost_run1,8412000,1779278993.522164
approach5_skyhost_run1,8413000,1779278993.523907
approach5_skyhost_run1,8414000,1779278993.541544
approach5_skyhost_run1,8415000,1779278993.543310
approach5_skyhost_run1,8416000,1779278993.545094
approach5_skyhost_run1,8417000,1779278993.546877
approach5_skyhost_run1,8418000,1779278993.630565
approach5_skyhost_run1,8419000,1779278993.632675
approach5_skyhost_run1,8420000,1779278993.634669
approach5_skyhost_run1,8421000,1779278993.636455
approach5_skyhost_run1,8422000,1779278993.638215
approach5_skyhost_run1,8423000,1779278993.639995
approach5_skyhost_run1,8424000,1779278993.651319
approach5_skyhost_run1,8425000,1779278993.733086
approach5_skyhost_run1,8426000,1779278993.734877
approach5_skyhost_run1,8427000,1779278993.736643
approach5_skyhost_run1,8428000,1779278993.738426
approach5_skyhost_run1,8429000,1779278993.749030
approach5_skyhost_run1,8430000,1779278994.124099
approach5_skyhost_run1,8431000,1779278994.125889
approach5_skyhost_run1,8432000,1779278994.127669
approach5_skyhost_run1,8433000,1779278994.129446
approach5_skyhost_run1,8434000,1779278994.142922
approach5_skyhost_run1,8435000,1779278994.144683
approach5_skyhost_run1,8436000,1779278994.146480
approach5_skyhost_run1,8437000,1779278994.148253
approach5_skyhost_run1,8438000,1779278994.192881
approach5_skyhost_run1,8439000,1779278994.194656
approach5_skyhost_run1,8440000,1779278994.196442
approach5_skyhost_run1,8441000,1779278994.198209
approach5_skyhost_run1,8442000,1779278994.211579
approach5_skyhost_run1,8443000,1779278994.213345
approach5_skyhost_run1,8444000,1779278994.215139
approach5_skyhost_run1,8445000,1779278994.216913
approach5_skyhost_run1,8446000,1779278994.229175
approach5_skyhost_run1,8447000,1779278994.230955
approach5_skyhost_run1,8448000,1779278994.297214
approach5_skyhost_run1,8449000,1779278994.298994
approach5_skyhost_run1,8450000,1779278994.384133
approach5_skyhost_run1,8451000,1779278994.385918
approach5_skyhost_run1,8452000,1779278994.387697
approach5_skyhost_run1,8453000,1779278994.389492
approach5_skyhost_run1,8454000,1779278994.398569
approach5_skyhost_run1,8455000,1779278994.449278
approach5_skyhost_run1,8456000,1779278994.451055
approach5_skyhost_run1,8457000,1779278994.452818
approach5_skyhost_run1,8458000,1779278994.454576
approach5_skyhost_run1,8459000,1779278994.463948
approach5_skyhost_run1,8460000,1779278994.552579
approach5_skyhost_run1,8461000,1779278994.554354
approach5_skyhost_run1,8462000,1779278994.556143
approach5_skyhost_run1,8463000,1779278994.557907
approach5_skyhost_run1,8464000,1779278994.568958
approach5_skyhost_run1,8465000,1779278994.701566
approach5_skyhost_run1,8466000,1779278994.703334
approach5_skyhost_run1,8467000,1779278994.705123
approach5_skyhost_run1,8468000,1779278994.706892
approach5_skyhost_run1,8469000,1779278994.714490
approach5_skyhost_run1,8470000,1779278994.746696
approach5_skyhost_run1,8471000,1779278994.748448
approach5_skyhost_run1,8472000,1779278994.750194
approach5_skyhost_run1,8473000,1779278994.751968
approach5_skyhost_run1,8474000,1779278994.767514
approach5_skyhost_run1,8475000,1779278994.769263
approach5_skyhost_run1,8476000,1779278994.771001
approach5_skyhost_run1,8477000,1779278994.772783
approach5_skyhost_run1,8478000,1779278994.858248
approach5_skyhost_run1,8479000,1779278994.860042
approach5_skyhost_run1,8480000,1779278994.863033
approach5_skyhost_run1,8481000,1779278994.864799
approach5_skyhost_run1,8482000,1779278994.866587
approach5_skyhost_run1,8483000,1779278994.868340
approach5_skyhost_run1,8484000,1779278994.878890
approach5_skyhost_run1,8485000,1779278994.962924
approach5_skyhost_run1,8486000,1779278994.964686
approach5_skyhost_run1,8487000,1779278994.966483
approach5_skyhost_run1,8488000,1779278994.968246
approach5_skyhost_run1,8489000,1779278994.978084
approach5_skyhost_run1,8490000,1779278995.066074
approach5_skyhost_run1,8491000,1779278995.067839
approach5_skyhost_run1,8492000,1779278995.069594
approach5_skyhost_run1,8493000,1779278995.071363
approach5_skyhost_run1,8494000,1779278995.080654
approach5_skyhost_run1,8495000,1779278995.169914
approach5_skyhost_run1,8496000,1779278995.171680
approach5_skyhost_run1,8497000,1779278995.173445
approach5_skyhost_run1,8498000,1779278995.175260
approach5_skyhost_run1,8499000,1779278995.183015
approach5_skyhost_run1,8500000,1779278995.338180
approach5_skyhost_run1,8501000,1779278995.339968
approach5_skyhost_run1,8502000,1779278995.341721
approach5_skyhost_run1,8503000,1779278995.343499
approach5_skyhost_run1,8504000,1779278995.370277
approach5_skyhost_run1,8505000,1779278995.439071
approach5_skyhost_run1,8506000,1779278995.440823
approach5_skyhost_run1,8507000,1779278995.442591
approach5_skyhost_run1,8508000,1779278995.444350
approach5_skyhost_run1,8509000,1779278995.460597
approach5_skyhost_run1,8510000,1779278995.474689
approach5_skyhost_run1,8511000,1779278995.476457
approach5_skyhost_run1,8512000,1779278995.478212
approach5_skyhost_run1,8513000,1779278995.479982
approach5_skyhost_run1,8514000,1779278995.488687
approach5_skyhost_run1,8515000,1779278995.572093
approach5_skyhost_run1,8516000,1779278995.573858
approach5_skyhost_run1,8517000,1779278995.604052
approach5_skyhost_run1,8518000,1779278995.605833
approach5_skyhost_run1,8519000,1779278995.607611
approach5_skyhost_run1,8520000,1779278995.665577
approach5_skyhost_run1,8521000,1779278995.667332
approach5_skyhost_run1,8522000,1779278995.669103
approach5_skyhost_run1,8523000,1779278995.670881
approach5_skyhost_run1,8524000,1779278995.685540
approach5_skyhost_run1,8525000,1779278995.687303
approach5_skyhost_run1,8526000,1779278995.689060
approach5_skyhost_run1,8527000,1779278995.690840
approach5_skyhost_run1,8528000,1779278995.725438
approach5_skyhost_run1,8529000,1779278995.727202
approach5_skyhost_run1,8530000,1779278995.728964
approach5_skyhost_run1,8531000,1779278995.730737
approach5_skyhost_run1,8532000,1779278995.744245
approach5_skyhost_run1,8533000,1779278995.746013
approach5_skyhost_run1,8534000,1779278995.747781
approach5_skyhost_run1,8535000,1779278995.749539
approach5_skyhost_run1,8536000,1779278995.771778
approach5_skyhost_run1,8537000,1779278995.773534
approach5_skyhost_run1,8538000,1779278995.835708
approach5_skyhost_run1,8539000,1779278995.837440
approach5_skyhost_run1,8540000,1779278995.885478
approach5_skyhost_run1,8541000,1779278995.887243
approach5_skyhost_run1,8542000,1779278995.888989
approach5_skyhost_run1,8543000,1779278995.890766
approach5_skyhost_run1,8544000,1779278995.900744
approach5_skyhost_run1,8545000,1779278995.990642
approach5_skyhost_run1,8546000,1779278995.992398
approach5_skyhost_run1,8547000,1779278995.994158
approach5_skyhost_run1,8548000,1779278995.995967
approach5_skyhost_run1,8549000,1779278996.003656
approach5_skyhost_run1,8550000,1779278996.080291
approach5_skyhost_run1,8551000,1779278996.082044
approach5_skyhost_run1,8552000,1779278996.083811
approach5_skyhost_run1,8553000,1779278996.085593
approach5_skyhost_run1,8554000,1779278996.099450
approach5_skyhost_run1,8555000,1779278996.174542
approach5_skyhost_run1,8556000,1779278996.176328
approach5_skyhost_run1,8557000,1779278996.178088
approach5_skyhost_run1,8558000,1779278996.179862
approach5_skyhost_run1,8559000,1779278996.183810
approach5_skyhost_run1,8560000,1779278996.210082
approach5_skyhost_run1,8561000,1779278996.211851
approach5_skyhost_run1,8562000,1779278996.213613
approach5_skyhost_run1,8563000,1779278996.215422
approach5_skyhost_run1,8564000,1779278996.240612
approach5_skyhost_run1,8565000,1779278996.299302
approach5_skyhost_run1,8566000,1779278996.301056
approach5_skyhost_run1,8567000,1779278996.302825
approach5_skyhost_run1,8568000,1779278996.304583
approach5_skyhost_run1,8569000,1779278996.312834
approach5_skyhost_run1,8570000,1779278996.400826
approach5_skyhost_run1,8571000,1779278996.402595
approach5_skyhost_run1,8572000,1779278996.404354
approach5_skyhost_run1,8573000,1779278996.406153
approach5_skyhost_run1,8574000,1779278996.415477
approach5_skyhost_run1,8575000,1779278996.541538
approach5_skyhost_run1,8576000,1779278996.543302
approach5_skyhost_run1,8577000,1779278996.545079
approach5_skyhost_run1,8578000,1779278996.546866
approach5_skyhost_run1,8579000,1779278996.550321
approach5_skyhost_run1,8580000,1779278996.552065
approach5_skyhost_run1,8581000,1779278996.553809
approach5_skyhost_run1,8582000,1779278996.555599
approach5_skyhost_run1,8583000,1779278996.557654
approach5_skyhost_run1,8584000,1779278996.570654
approach5_skyhost_run1,8585000,1779278996.572420
approach5_skyhost_run1,8586000,1779278996.574176
approach5_skyhost_run1,8587000,1779278996.575979
approach5_skyhost_run1,8588000,1779278996.655380
approach5_skyhost_run1,8589000,1779278996.657140
approach5_skyhost_run1,8590000,1779278996.709042
approach5_skyhost_run1,8591000,1779278996.710808
approach5_skyhost_run1,8592000,1779278996.712566
approach5_skyhost_run1,8593000,1779278996.714348
approach5_skyhost_run1,8594000,1779278996.723123
approach5_skyhost_run1,8595000,1779278996.811564
approach5_skyhost_run1,8596000,1779278996.813324
approach5_skyhost_run1,8597000,1779278996.815125
approach5_skyhost_run1,8598000,1779278996.816887
approach5_skyhost_run1,8599000,1779278996.826567
approach5_skyhost_run1,8600000,1779278996.912485
approach5_skyhost_run1,8601000,1779278996.914241
approach5_skyhost_run1,8602000,1779278996.916005
approach5_skyhost_run1,8603000,1779278996.917785
approach5_skyhost_run1,8604000,1779278996.929770
approach5_skyhost_run1,8605000,1779278997.018934
approach5_skyhost_run1,8606000,1779278997.020691
approach5_skyhost_run1,8607000,1779278997.022465
approach5_skyhost_run1,8608000,1779278997.024233
approach5_skyhost_run1,8609000,1779278997.031156
approach5_skyhost_run1,8610000,1779278997.121714
approach5_skyhost_run1,8611000,1779278997.123485
approach5_skyhost_run1,8612000,1779278997.125263
approach5_skyhost_run1,8613000,1779278997.127035
approach5_skyhost_run1,8614000,1779278997.135394
approach5_skyhost_run1,8615000,1779278997.222025
approach5_skyhost_run1,8616000,1779278997.223786
approach5_skyhost_run1,8617000,1779278997.225572
approach5_skyhost_run1,8618000,1779278997.227350
approach5_skyhost_run1,8619000,1779278997.235492
approach5_skyhost_run1,8620000,1779278997.279263
approach5_skyhost_run1,8621000,1779278997.281016
approach5_skyhost_run1,8622000,1779278997.282790
approach5_skyhost_run1,8623000,1779278997.284560
approach5_skyhost_run1,8624000,1779278997.317374
approach5_skyhost_run1,8625000,1779278997.319144
approach5_skyhost_run1,8626000,1779278997.320904
approach5_skyhost_run1,8627000,1779278997.322681
approach5_skyhost_run1,8628000,1779278997.402973
approach5_skyhost_run1,8629000,1779278997.404726
approach5_skyhost_run1,8630000,1779278997.407980
approach5_skyhost_run1,8631000,1779278997.409735
approach5_skyhost_run1,8632000,1779278997.411510
approach5_skyhost_run1,8633000,1779278997.413276
approach5_skyhost_run1,8634000,1779278997.427562
approach5_skyhost_run1,8635000,1779278997.429326
approach5_skyhost_run1,8636000,1779278997.431103
approach5_skyhost_run1,8637000,1779278997.432866
approach5_skyhost_run1,8638000,1779278997.519643
approach5_skyhost_run1,8639000,1779278997.521421
approach5_skyhost_run1,8640000,1779278997.530240
approach5_skyhost_run1,8641000,1779278997.532006
approach5_skyhost_run1,8642000,1779278997.533762
approach5_skyhost_run1,8643000,1779278997.535572
approach5_skyhost_run1,8644000,1779278997.588177
approach5_skyhost_run1,8645000,1779278997.672962
approach5_skyhost_run1,8646000,1779278997.674732
approach5_skyhost_run1,8647000,1779278997.676514
approach5_skyhost_run1,8648000,1779278997.678287
approach5_skyhost_run1,8649000,1779278997.687295
approach5_skyhost_run1,8650000,1779278997.735575
approach5_skyhost_run1,8651000,1779278997.737343
approach5_skyhost_run1,8652000,1779278997.739123
approach5_skyhost_run1,8653000,1779278997.740893
approach5_skyhost_run1,8654000,1779278997.751074
approach5_skyhost_run1,8655000,1779278997.838013
approach5_skyhost_run1,8656000,1779278997.839793
approach5_skyhost_run1,8657000,1779278997.841557
approach5_skyhost_run1,8658000,1779278997.843340
approach5_skyhost_run1,8659000,1779278997.852704
approach5_skyhost_run1,8660000,1779278997.942775
approach5_skyhost_run1,8661000,1779278997.944538
approach5_skyhost_run1,8662000,1779278997.946340
approach5_skyhost_run1,8663000,1779278997.948113
approach5_skyhost_run1,8664000,1779278997.955317
approach5_skyhost_run1,8665000,1779278998.043924
approach5_skyhost_run1,8666000,1779278998.045734
approach5_skyhost_run1,8667000,1779278998.047508
approach5_skyhost_run1,8668000,1779278998.049282
approach5_skyhost_run1,8669000,1779278998.053897
approach5_skyhost_run1,8670000,1779278998.195106
approach5_skyhost_run1,8671000,1779278998.196858
approach5_skyhost_run1,8672000,1779278998.198628
approach5_skyhost_run1,8673000,1779278998.200392
approach5_skyhost_run1,8674000,1779278998.207437
approach5_skyhost_run1,8675000,1779278998.247305
approach5_skyhost_run1,8676000,1779278998.249058
approach5_skyhost_run1,8677000,1779278998.250823
approach5_skyhost_run1,8678000,1779278998.252579
approach5_skyhost_run1,8679000,1779278998.261286
approach5_skyhost_run1,8680000,1779278998.364569
approach5_skyhost_run1,8681000,1779278998.366357
approach5_skyhost_run1,8682000,1779278998.368110
approach5_skyhost_run1,8683000,1779278998.369869
approach5_skyhost_run1,8684000,1779278998.387963
approach5_skyhost_run1,8685000,1779278998.451984
approach5_skyhost_run1,8686000,1779278998.453744
approach5_skyhost_run1,8687000,1779278998.455545
approach5_skyhost_run1,8688000,1779278998.457304
approach5_skyhost_run1,8689000,1779278998.469757
approach5_skyhost_run1,8690000,1779278998.555929
approach5_skyhost_run1,8691000,1779278998.557681
approach5_skyhost_run1,8692000,1779278998.559449
approach5_skyhost_run1,8693000,1779278998.561206
approach5_skyhost_run1,8694000,1779278998.569514
approach5_skyhost_run1,8695000,1779278998.659057
approach5_skyhost_run1,8696000,1779278998.660811
approach5_skyhost_run1,8697000,1779278998.662583
approach5_skyhost_run1,8698000,1779278998.664343
approach5_skyhost_run1,8699000,1779278998.671616
approach5_skyhost_run1,8700000,1779278998.760360
approach5_skyhost_run1,8701000,1779278998.762112
approach5_skyhost_run1,8702000,1779278998.763883
approach5_skyhost_run1,8703000,1779278998.765685
approach5_skyhost_run1,8704000,1779278998.773461
approach5_skyhost_run1,8705000,1779278998.865103
approach5_skyhost_run1,8706000,1779278998.866866
approach5_skyhost_run1,8707000,1779278998.868615
approach5_skyhost_run1,8708000,1779278998.870383
approach5_skyhost_run1,8709000,1779278998.877878
approach5_skyhost_run1,8710000,1779278999.008555
approach5_skyhost_run1,8711000,1779278999.010318
approach5_skyhost_run1,8712000,1779278999.012069
approach5_skyhost_run1,8713000,1779278999.013829
approach5_skyhost_run1,8714000,1779278999.022079
approach5_skyhost_run1,8715000,1779278999.068945
approach5_skyhost_run1,8716000,1779278999.070702
approach5_skyhost_run1,8717000,1779278999.072452
approach5_skyhost_run1,8718000,1779278999.074208
approach5_skyhost_run1,8719000,1779278999.085977
approach5_skyhost_run1,8720000,1779278999.120127
approach5_skyhost_run1,8721000,1779278999.121878
approach5_skyhost_run1,8722000,1779278999.123653
approach5_skyhost_run1,8723000,1779278999.125442
approach5_skyhost_run1,8724000,1779278999.139501
approach5_skyhost_run1,8725000,1779278999.141252
approach5_skyhost_run1,8726000,1779278999.143017
approach5_skyhost_run1,8727000,1779278999.144781
approach5_skyhost_run1,8728000,1779278999.225189
approach5_skyhost_run1,8729000,1779278999.226987
approach5_skyhost_run1,8730000,1779278999.310465
approach5_skyhost_run1,8731000,1779278999.312216
approach5_skyhost_run1,8732000,1779278999.313969
approach5_skyhost_run1,8733000,1779278999.315770
approach5_skyhost_run1,8734000,1779278999.325021
approach5_skyhost_run1,8735000,1779278999.580153
approach5_skyhost_run1,8736000,1779278999.581913
approach5_skyhost_run1,8737000,1779278999.583682
approach5_skyhost_run1,8738000,1779278999.585471
approach5_skyhost_run1,8739000,1779278999.596164
approach5_skyhost_run1,8740000,1779278999.683784
approach5_skyhost_run1,8741000,1779278999.685561
approach5_skyhost_run1,8742000,1779278999.687329
approach5_skyhost_run1,8743000,1779278999.689087
approach5_skyhost_run1,8744000,1779278999.696974
approach5_skyhost_run1,8745000,1779278999.788128
approach5_skyhost_run1,8746000,1779278999.789884
approach5_skyhost_run1,8747000,1779278999.791668
approach5_skyhost_run1,8748000,1779278999.793436
approach5_skyhost_run1,8749000,1779278999.801265
approach5_skyhost_run1,8750000,1779278999.890248
approach5_skyhost_run1,8751000,1779278999.892018
approach5_skyhost_run1,8752000,1779278999.893771
approach5_skyhost_run1,8753000,1779278999.895579
approach5_skyhost_run1,8754000,1779278999.904401
approach5_skyhost_run1,8755000,1779278999.991903
approach5_skyhost_run1,8756000,1779278999.993650
approach5_skyhost_run1,8757000,1779278999.995464
approach5_skyhost_run1,8758000,1779278999.997226
approach5_skyhost_run1,8759000,1779279000.006827
approach5_skyhost_run1,8760000,1779279000.095276
approach5_skyhost_run1,8761000,1779279000.097023
approach5_skyhost_run1,8762000,1779279000.098776
approach5_skyhost_run1,8763000,1779279000.100516
approach5_skyhost_run1,8764000,1779279000.111568
approach5_skyhost_run1,8765000,1779279000.195209
approach5_skyhost_run1,8766000,1779279000.196977
approach5_skyhost_run1,8767000,1779279000.198761
approach5_skyhost_run1,8768000,1779279000.200537
approach5_skyhost_run1,8769000,1779279000.214910
approach5_skyhost_run1,8770000,1779279000.299529
approach5_skyhost_run1,8771000,1779279000.301322
approach5_skyhost_run1,8772000,1779279000.303098
approach5_skyhost_run1,8773000,1779279000.304889
approach5_skyhost_run1,8774000,1779279000.354323
approach5_skyhost_run1,8775000,1779279000.416054
approach5_skyhost_run1,8776000,1779279000.417805
approach5_skyhost_run1,8777000,1779279000.419580
approach5_skyhost_run1,8778000,1779279000.421344
approach5_skyhost_run1,8779000,1779279000.431647
approach5_skyhost_run1,8780000,1779279000.545308
approach5_skyhost_run1,8781000,1779279000.547072
approach5_skyhost_run1,8782000,1779279000.548826
approach5_skyhost_run1,8783000,1779279000.550595
approach5_skyhost_run1,8784000,1779279000.559453
approach5_skyhost_run1,8785000,1779279000.608160
approach5_skyhost_run1,8786000,1779279000.609914
approach5_skyhost_run1,8787000,1779279000.611682
approach5_skyhost_run1,8788000,1779279000.613438
approach5_skyhost_run1,8789000,1779279000.621447
approach5_skyhost_run1,8790000,1779279000.710152
approach5_skyhost_run1,8791000,1779279000.711895
approach5_skyhost_run1,8792000,1779279000.713666
approach5_skyhost_run1,8793000,1779279000.715473
approach5_skyhost_run1,8794000,1779279000.723354
approach5_skyhost_run1,8795000,1779279000.759521
approach5_skyhost_run1,8796000,1779279000.761270
approach5_skyhost_run1,8797000,1779279000.763040
approach5_skyhost_run1,8798000,1779279000.764800
approach5_skyhost_run1,8799000,1779279000.779171
approach5_skyhost_run1,8800000,1779279000.780926
approach5_skyhost_run1,8801000,1779279000.782701
approach5_skyhost_run1,8802000,1779279000.784467
approach5_skyhost_run1,8803000,1779279000.865044
approach5_skyhost_run1,8804000,1779279000.866825
approach5_skyhost_run1,8805000,1779279000.914832
approach5_skyhost_run1,8806000,1779279000.916620
approach5_skyhost_run1,8807000,1779279000.918399
approach5_skyhost_run1,8808000,1779279000.929380
approach5_skyhost_run1,8809000,1779279000.931153
approach5_skyhost_run1,8810000,1779279001.018139
approach5_skyhost_run1,8811000,1779279001.019943
approach5_skyhost_run1,8812000,1779279001.021705
approach5_skyhost_run1,8813000,1779279001.023491
approach5_skyhost_run1,8814000,1779279001.031192
approach5_skyhost_run1,8815000,1779279001.162442
approach5_skyhost_run1,8816000,1779279001.164215
approach5_skyhost_run1,8817000,1779279001.166012
approach5_skyhost_run1,8818000,1779279001.167792
approach5_skyhost_run1,8819000,1779279001.178653
approach5_skyhost_run1,8820000,1779279001.222396
approach5_skyhost_run1,8821000,1779279001.224174
approach5_skyhost_run1,8822000,1779279001.225951
approach5_skyhost_run1,8823000,1779279001.227713
approach5_skyhost_run1,8824000,1779279001.234766
approach5_skyhost_run1,8825000,1779279001.269861
approach5_skyhost_run1,8826000,1779279001.271618
approach5_skyhost_run1,8827000,1779279001.273373
approach5_skyhost_run1,8828000,1779279001.275193
approach5_skyhost_run1,8829000,1779279001.306012
approach5_skyhost_run1,8830000,1779279001.307794
approach5_skyhost_run1,8831000,1779279001.309558
approach5_skyhost_run1,8832000,1779279001.311334
approach5_skyhost_run1,8833000,1779279001.392175
approach5_skyhost_run1,8834000,1779279001.393930
approach5_skyhost_run1,8835000,1779279001.735666
approach5_skyhost_run1,8836000,1779279001.737417
approach5_skyhost_run1,8837000,1779279001.739203
approach5_skyhost_run1,8838000,1779279001.740956
approach5_skyhost_run1,8839000,1779279001.780221
approach5_skyhost_run1,8840000,1779279001.781976
approach5_skyhost_run1,8841000,1779279001.783741
approach5_skyhost_run1,8842000,1779279001.785517
approach5_skyhost_run1,8843000,1779279001.791340
approach5_skyhost_run1,8844000,1779279001.793094
approach5_skyhost_run1,8845000,1779279001.799288
approach5_skyhost_run1,8846000,1779279001.801033
approach5_skyhost_run1,8847000,1779279001.802794
approach5_skyhost_run1,8848000,1779279001.804544
approach5_skyhost_run1,8849000,1779279001.826621
approach5_skyhost_run1,8850000,1779279001.828377
approach5_skyhost_run1,8851000,1779279001.830159
approach5_skyhost_run1,8852000,1779279001.831927
approach5_skyhost_run1,8853000,1779279001.885455
approach5_skyhost_run1,8854000,1779279001.887195
approach5_skyhost_run1,8855000,1779279001.938808
approach5_skyhost_run1,8856000,1779279001.940592
approach5_skyhost_run1,8857000,1779279001.942360
approach5_skyhost_run1,8858000,1779279001.944121
approach5_skyhost_run1,8859000,1779279001.953575
approach5_skyhost_run1,8860000,1779279002.051316
approach5_skyhost_run1,8861000,1779279002.053062
approach5_skyhost_run1,8862000,1779279002.054848
approach5_skyhost_run1,8863000,1779279002.056606
approach5_skyhost_run1,8864000,1779279002.065213
approach5_skyhost_run1,8865000,1779279002.150374
approach5_skyhost_run1,8866000,1779279002.152151
approach5_skyhost_run1,8867000,1779279002.153898
approach5_skyhost_run1,8868000,1779279002.155704
approach5_skyhost_run1,8869000,1779279002.165789
approach5_skyhost_run1,8870000,1779279002.266628
approach5_skyhost_run1,8871000,1779279002.268379
approach5_skyhost_run1,8872000,1779279002.270131
approach5_skyhost_run1,8873000,1779279002.271900
approach5_skyhost_run1,8874000,1779279002.286356
approach5_skyhost_run1,8875000,1779279002.288116
approach5_skyhost_run1,8876000,1779279002.289877
approach5_skyhost_run1,8877000,1779279002.291663
approach5_skyhost_run1,8878000,1779279002.352012
approach5_skyhost_run1,8879000,1779279002.353765
approach5_skyhost_run1,8880000,1779279002.355567
approach5_skyhost_run1,8881000,1779279002.357322
approach5_skyhost_run1,8882000,1779279002.369477
approach5_skyhost_run1,8883000,1779279002.371982
approach5_skyhost_run1,8884000,1779279002.373738
approach5_skyhost_run1,8885000,1779279002.450429
approach5_skyhost_run1,8886000,1779279002.452174
approach5_skyhost_run1,8887000,1779279002.453923
approach5_skyhost_run1,8888000,1779279002.455754
approach5_skyhost_run1,8889000,1779279002.472355
approach5_skyhost_run1,8890000,1779279002.554556
approach5_skyhost_run1,8891000,1779279002.556341
approach5_skyhost_run1,8892000,1779279002.558091
approach5_skyhost_run1,8893000,1779279002.559877
approach5_skyhost_run1,8894000,1779279002.569511
approach5_skyhost_run1,8895000,1779279002.668766
approach5_skyhost_run1,8896000,1779279002.670549
approach5_skyhost_run1,8897000,1779279002.672293
approach5_skyhost_run1,8898000,1779279002.674048
approach5_skyhost_run1,8899000,1779279002.710994
approach5_skyhost_run1,8900000,1779279002.758943
approach5_skyhost_run1,8901000,1779279002.760695
approach5_skyhost_run1,8902000,1779279002.762468
approach5_skyhost_run1,8903000,1779279002.764236
approach5_skyhost_run1,8904000,1779279002.773118
approach5_skyhost_run1,8905000,1779279002.903194
approach5_skyhost_run1,8906000,1779279002.905011
approach5_skyhost_run1,8907000,1779279002.906785
approach5_skyhost_run1,8908000,1779279002.908550
approach5_skyhost_run1,8909000,1779279002.918224
approach5_skyhost_run1,8910000,1779279003.009275
approach5_skyhost_run1,8911000,1779279003.011039
approach5_skyhost_run1,8912000,1779279003.012803
approach5_skyhost_run1,8913000,1779279003.014580
approach5_skyhost_run1,8914000,1779279003.028018
approach5_skyhost_run1,8915000,1779279003.063598
approach5_skyhost_run1,8916000,1779279003.065375
approach5_skyhost_run1,8917000,1779279003.067111
approach5_skyhost_run1,8918000,1779279003.068881
approach5_skyhost_run1,8919000,1779279003.079320
approach5_skyhost_run1,8920000,1779279003.180542
approach5_skyhost_run1,8921000,1779279003.182297
approach5_skyhost_run1,8922000,1779279003.184067
approach5_skyhost_run1,8923000,1779279003.185860
approach5_skyhost_run1,8924000,1779279003.204379
approach5_skyhost_run1,8925000,1779279003.270425
approach5_skyhost_run1,8926000,1779279003.272166
approach5_skyhost_run1,8927000,1779279003.273910
approach5_skyhost_run1,8928000,1779279003.275711
approach5_skyhost_run1,8929000,1779279003.289710
approach5_skyhost_run1,8930000,1779279003.364381
approach5_skyhost_run1,8931000,1779279003.366158
approach5_skyhost_run1,8932000,1779279003.367925
approach5_skyhost_run1,8933000,1779279003.369685
approach5_skyhost_run1,8934000,1779279003.401486
approach5_skyhost_run1,8935000,1779279003.403252
approach5_skyhost_run1,8936000,1779279003.405043
approach5_skyhost_run1,8937000,1779279003.406824
approach5_skyhost_run1,8938000,1779279003.475108
approach5_skyhost_run1,8939000,1779279003.476866
approach5_skyhost_run1,8940000,1779279003.478643
approach5_skyhost_run1,8941000,1779279003.480407
approach5_skyhost_run1,8942000,1779279003.487263
approach5_skyhost_run1,8943000,1779279003.489110
approach5_skyhost_run1,8944000,1779279003.491093
approach5_skyhost_run1,8945000,1779279003.579531
approach5_skyhost_run1,8946000,1779279003.581284
approach5_skyhost_run1,8947000,1779279003.583037
approach5_skyhost_run1,8948000,1779279003.584792
approach5_skyhost_run1,8949000,1779279003.592844
approach5_skyhost_run1,8950000,1779279003.679500
approach5_skyhost_run1,8951000,1779279003.681255
approach5_skyhost_run1,8952000,1779279003.683021
approach5_skyhost_run1,8953000,1779279003.684777
approach5_skyhost_run1,8954000,1779279003.762301
approach5_skyhost_run1,8955000,1779279003.784368
approach5_skyhost_run1,8956000,1779279003.786165
approach5_skyhost_run1,8957000,1779279003.787945
approach5_skyhost_run1,8958000,1779279003.789711
approach5_skyhost_run1,8959000,1779279003.799040
approach5_skyhost_run1,8960000,1779279003.883526
approach5_skyhost_run1,8961000,1779279003.885299
approach5_skyhost_run1,8962000,1779279003.887054
approach5_skyhost_run1,8963000,1779279003.888818
approach5_skyhost_run1,8964000,1779279003.897345
approach5_skyhost_run1,8965000,1779279003.987799
approach5_skyhost_run1,8966000,1779279003.989547
approach5_skyhost_run1,8967000,1779279003.991312
approach5_skyhost_run1,8968000,1779279003.993069
approach5_skyhost_run1,8969000,1779279004.001388
approach5_skyhost_run1,8970000,1779279004.101046
approach5_skyhost_run1,8971000,1779279004.102810
approach5_skyhost_run1,8972000,1779279004.104562
approach5_skyhost_run1,8973000,1779279004.106362
approach5_skyhost_run1,8974000,1779279004.129090
approach5_skyhost_run1,8975000,1779279004.154502
approach5_skyhost_run1,8976000,1779279004.156269
approach5_skyhost_run1,8977000,1779279004.158013
approach5_skyhost_run1,8978000,1779279004.159779
approach5_skyhost_run1,8979000,1779279004.173638
approach5_skyhost_run1,8980000,1779279004.175394
approach5_skyhost_run1,8981000,1779279004.177162
approach5_skyhost_run1,8982000,1779279004.178936
approach5_skyhost_run1,8983000,1779279004.260256
approach5_skyhost_run1,8984000,1779279004.262018
approach5_skyhost_run1,8985000,1779279004.298033
approach5_skyhost_run1,8986000,1779279004.299826
approach5_skyhost_run1,8987000,1779279004.301584
approach5_skyhost_run1,8988000,1779279004.303352
approach5_skyhost_run1,8989000,1779279004.311267
approach5_skyhost_run1,8990000,1779279004.400372
approach5_skyhost_run1,8991000,1779279004.402122
approach5_skyhost_run1,8992000,1779279004.403883
approach5_skyhost_run1,8993000,1779279004.405666
approach5_skyhost_run1,8994000,1779279004.416912
approach5_skyhost_run1,8995000,1779279004.572803
approach5_skyhost_run1,8996000,1779279004.574573
approach5_skyhost_run1,8997000,1779279004.576364
approach5_skyhost_run1,8998000,1779279004.578122
approach5_skyhost_run1,8999000,1779279004.587184
approach5_skyhost_run1,9000000,1779279004.616608
approach5_skyhost_run1,9001000,1779279004.618398
approach5_skyhost_run1,9002000,1779279004.620166
approach5_skyhost_run1,9003000,1779279004.621933
approach5_skyhost_run1,9004000,1779279004.649644
approach5_skyhost_run1,9005000,1779279004.748270
approach5_skyhost_run1,9006000,1779279004.750015
approach5_skyhost_run1,9007000,1779279004.751772
approach5_skyhost_run1,9008000,1779279004.753524
approach5_skyhost_run1,9009000,1779279004.761560
approach5_skyhost_run1,9010000,1779279004.807680
approach5_skyhost_run1,9011000,1779279004.809427
approach5_skyhost_run1,9012000,1779279004.811196
approach5_skyhost_run1,9013000,1779279004.812957
approach5_skyhost_run1,9014000,1779279004.822320
approach5_skyhost_run1,9015000,1779279004.911021
approach5_skyhost_run1,9016000,1779279004.912773
approach5_skyhost_run1,9017000,1779279004.914540
approach5_skyhost_run1,9018000,1779279004.916331
approach5_skyhost_run1,9019000,1779279004.925050
approach5_skyhost_run1,9020000,1779279005.013222
approach5_skyhost_run1,9021000,1779279005.015010
approach5_skyhost_run1,9022000,1779279005.016771
approach5_skyhost_run1,9023000,1779279005.018546
approach5_skyhost_run1,9024000,1779279005.027483
approach5_skyhost_run1,9025000,1779279005.115054
approach5_skyhost_run1,9026000,1779279005.116823
approach5_skyhost_run1,9027000,1779279005.118585
approach5_skyhost_run1,9028000,1779279005.120338
approach5_skyhost_run1,9029000,1779279005.129563
approach5_skyhost_run1,9030000,1779279005.217818
approach5_skyhost_run1,9031000,1779279005.219573
approach5_skyhost_run1,9032000,1779279005.221329
approach5_skyhost_run1,9033000,1779279005.223101
approach5_skyhost_run1,9034000,1779279005.234676
approach5_skyhost_run1,9035000,1779279005.321317
approach5_skyhost_run1,9036000,1779279005.323080
approach5_skyhost_run1,9037000,1779279005.324856
approach5_skyhost_run1,9038000,1779279005.326624
approach5_skyhost_run1,9039000,1779279005.336438
approach5_skyhost_run1,9040000,1779279005.426121
approach5_skyhost_run1,9041000,1779279005.427876
approach5_skyhost_run1,9042000,1779279005.429628
approach5_skyhost_run1,9043000,1779279005.431376
approach5_skyhost_run1,9044000,1779279005.480585
approach5_skyhost_run1,9045000,1779279005.574006
approach5_skyhost_run1,9046000,1779279005.575799
approach5_skyhost_run1,9047000,1779279005.577549
approach5_skyhost_run1,9048000,1779279005.579319
approach5_skyhost_run1,9049000,1779279005.589201
approach5_skyhost_run1,9050000,1779279005.628855
approach5_skyhost_run1,9051000,1779279005.630655
approach5_skyhost_run1,9052000,1779279005.632415
approach5_skyhost_run1,9053000,1779279005.634181
approach5_skyhost_run1,9054000,1779279005.644424
approach5_skyhost_run1,9055000,1779279005.732397
approach5_skyhost_run1,9056000,1779279005.734154
approach5_skyhost_run1,9057000,1779279005.735951
approach5_skyhost_run1,9058000,1779279005.737705
approach5_skyhost_run1,9059000,1779279005.745099
approach5_skyhost_run1,9060000,1779279005.882609
approach5_skyhost_run1,9061000,1779279005.884391
approach5_skyhost_run1,9062000,1779279005.886186
approach5_skyhost_run1,9063000,1779279005.887965
approach5_skyhost_run1,9064000,1779279005.895839
approach5_skyhost_run1,9065000,1779279005.983180
approach5_skyhost_run1,9066000,1779279005.984945
approach5_skyhost_run1,9067000,1779279005.986696
approach5_skyhost_run1,9068000,1779279005.988449
approach5_skyhost_run1,9069000,1779279005.996555
approach5_skyhost_run1,9070000,1779279006.039112
approach5_skyhost_run1,9071000,1779279006.040860
approach5_skyhost_run1,9072000,1779279006.042635
approach5_skyhost_run1,9073000,1779279006.044399
approach5_skyhost_run1,9074000,1779279006.053016
approach5_skyhost_run1,9075000,1779279006.145236
approach5_skyhost_run1,9076000,1779279006.147002
approach5_skyhost_run1,9077000,1779279006.148752
approach5_skyhost_run1,9078000,1779279006.150519
approach5_skyhost_run1,9079000,1779279006.157872
approach5_skyhost_run1,9080000,1779279006.242053
approach5_skyhost_run1,9081000,1779279006.243814
approach5_skyhost_run1,9082000,1779279006.245618
approach5_skyhost_run1,9083000,1779279006.247388
approach5_skyhost_run1,9084000,1779279006.258937
approach5_skyhost_run1,9085000,1779279006.353336
approach5_skyhost_run1,9086000,1779279006.355112
approach5_skyhost_run1,9087000,1779279006.356857
approach5_skyhost_run1,9088000,1779279006.358614
approach5_skyhost_run1,9089000,1779279006.369949
approach5_skyhost_run1,9090000,1779279006.449014
approach5_skyhost_run1,9091000,1779279006.450776
approach5_skyhost_run1,9092000,1779279006.452538
approach5_skyhost_run1,9093000,1779279006.454316
approach5_skyhost_run1,9094000,1779279006.463464
approach5_skyhost_run1,9095000,1779279006.543118
approach5_skyhost_run1,9096000,1779279006.565639
approach5_skyhost_run1,9097000,1779279006.567420
approach5_skyhost_run1,9098000,1779279006.569188
approach5_skyhost_run1,9099000,1779279006.570981
approach5_skyhost_run1,9100000,1779279006.860458
approach5_skyhost_run1,9101000,1779279006.862223
approach5_skyhost_run1,9102000,1779279006.864001
approach5_skyhost_run1,9103000,1779279006.865808
approach5_skyhost_run1,9104000,1779279006.873132
approach5_skyhost_run1,9105000,1779279006.962341
approach5_skyhost_run1,9106000,1779279006.964073
approach5_skyhost_run1,9107000,1779279006.965899
approach5_skyhost_run1,9108000,1779279006.967690
approach5_skyhost_run1,9109000,1779279006.978025
approach5_skyhost_run1,9110000,1779279007.065439
approach5_skyhost_run1,9111000,1779279007.067217
approach5_skyhost_run1,9112000,1779279007.068981
approach5_skyhost_run1,9113000,1779279007.070765
approach5_skyhost_run1,9114000,1779279007.080378
approach5_skyhost_run1,9115000,1779279007.161773
approach5_skyhost_run1,9116000,1779279007.163537
approach5_skyhost_run1,9117000,1779279007.165334
approach5_skyhost_run1,9118000,1779279007.167117
approach5_skyhost_run1,9119000,1779279007.180960
approach5_skyhost_run1,9120000,1779279007.182738
approach5_skyhost_run1,9121000,1779279007.184511
approach5_skyhost_run1,9122000,1779279007.186327
approach5_skyhost_run1,9123000,1779279007.266650
approach5_skyhost_run1,9124000,1779279007.268426
approach5_skyhost_run1,9125000,1779279007.277351
approach5_skyhost_run1,9126000,1779279007.279130
approach5_skyhost_run1,9127000,1779279007.280901
approach5_skyhost_run1,9128000,1779279007.282690
approach5_skyhost_run1,9129000,1779279007.291239
approach5_skyhost_run1,9130000,1779279007.377403
approach5_skyhost_run1,9131000,1779279007.379176
approach5_skyhost_run1,9132000,1779279007.380946
approach5_skyhost_run1,9133000,1779279007.382742
approach5_skyhost_run1,9134000,1779279007.389113
approach5_skyhost_run1,9135000,1779279007.420424
approach5_skyhost_run1,9136000,1779279007.422189
approach5_skyhost_run1,9137000,1779279007.423967
approach5_skyhost_run1,9138000,1779279007.425769
approach5_skyhost_run1,9139000,1779279007.439711
approach5_skyhost_run1,9140000,1779279007.441474
approach5_skyhost_run1,9141000,1779279007.443259
approach5_skyhost_run1,9142000,1779279007.445062
approach5_skyhost_run1,9143000,1779279007.526648
approach5_skyhost_run1,9144000,1779279007.528419
approach5_skyhost_run1,9145000,1779279007.581148
approach5_skyhost_run1,9146000,1779279007.582932
approach5_skyhost_run1,9147000,1779279007.584713
approach5_skyhost_run1,9148000,1779279007.586534
approach5_skyhost_run1,9149000,1779279007.635884
approach5_skyhost_run1,9150000,1779279007.723401
approach5_skyhost_run1,9151000,1779279007.725193
approach5_skyhost_run1,9152000,1779279007.726988
approach5_skyhost_run1,9153000,1779279007.728756
approach5_skyhost_run1,9154000,1779279007.737494
approach5_skyhost_run1,9155000,1779279007.827574
approach5_skyhost_run1,9156000,1779279007.829340
approach5_skyhost_run1,9157000,1779279007.831117
approach5_skyhost_run1,9158000,1779279007.832891
approach5_skyhost_run1,9159000,1779279007.841714
approach5_skyhost_run1,9160000,1779279007.886734
approach5_skyhost_run1,9161000,1779279007.888499
approach5_skyhost_run1,9162000,1779279007.890279
approach5_skyhost_run1,9163000,1779279007.892069
approach5_skyhost_run1,9164000,1779279007.903649
approach5_skyhost_run1,9165000,1779279007.990747
approach5_skyhost_run1,9166000,1779279007.992504
approach5_skyhost_run1,9167000,1779279007.994262
approach5_skyhost_run1,9168000,1779279007.996072
approach5_skyhost_run1,9169000,1779279008.005561
approach5_skyhost_run1,9170000,1779279008.094024
approach5_skyhost_run1,9171000,1779279008.095849
approach5_skyhost_run1,9172000,1779279008.097614
approach5_skyhost_run1,9173000,1779279008.099397
approach5_skyhost_run1,9174000,1779279008.108646
approach5_skyhost_run1,9175000,1779279008.197884
approach5_skyhost_run1,9176000,1779279008.199656
approach5_skyhost_run1,9177000,1779279008.201422
approach5_skyhost_run1,9178000,1779279008.203207
approach5_skyhost_run1,9179000,1779279008.211817
approach5_skyhost_run1,9180000,1779279008.299064
approach5_skyhost_run1,9181000,1779279008.300835
approach5_skyhost_run1,9182000,1779279008.302618
approach5_skyhost_run1,9183000,1779279008.304394
approach5_skyhost_run1,9184000,1779279008.314344
approach5_skyhost_run1,9185000,1779279008.403753
approach5_skyhost_run1,9186000,1779279008.405534
approach5_skyhost_run1,9187000,1779279008.407306
approach5_skyhost_run1,9188000,1779279008.409072
approach5_skyhost_run1,9189000,1779279008.416719
approach5_skyhost_run1,9190000,1779279008.506531
approach5_skyhost_run1,9191000,1779279008.508295
approach5_skyhost_run1,9192000,1779279008.510062
approach5_skyhost_run1,9193000,1779279008.511846
approach5_skyhost_run1,9194000,1779279008.522846
approach5_skyhost_run1,9195000,1779279008.610830
approach5_skyhost_run1,9196000,1779279008.612591
approach5_skyhost_run1,9197000,1779279008.614367
approach5_skyhost_run1,9198000,1779279008.616156
approach5_skyhost_run1,9199000,1779279008.625496
approach5_skyhost_run1,9200000,1779279008.710541
approach5_skyhost_run1,9201000,1779279008.712307
approach5_skyhost_run1,9202000,1779279008.714077
approach5_skyhost_run1,9203000,1779279008.715889
approach5_skyhost_run1,9204000,1779279008.724368
approach5_skyhost_run1,9205000,1779279008.812080
approach5_skyhost_run1,9206000,1779279008.813834
approach5_skyhost_run1,9207000,1779279008.815631
approach5_skyhost_run1,9208000,1779279008.817415
approach5_skyhost_run1,9209000,1779279008.828448
approach5_skyhost_run1,9210000,1779279008.914676
approach5_skyhost_run1,9211000,1779279008.916466
approach5_skyhost_run1,9212000,1779279008.918219
approach5_skyhost_run1,9213000,1779279008.920005
approach5_skyhost_run1,9214000,1779279008.930663
approach5_skyhost_run1,9215000,1779279009.058764
approach5_skyhost_run1,9216000,1779279009.060526
approach5_skyhost_run1,9217000,1779279009.062292
approach5_skyhost_run1,9218000,1779279009.064078
approach5_skyhost_run1,9219000,1779279009.072926
approach5_skyhost_run1,9220000,1779279009.220777
approach5_skyhost_run1,9221000,1779279009.222553
approach5_skyhost_run1,9222000,1779279009.224312
approach5_skyhost_run1,9223000,1779279009.226108
approach5_skyhost_run1,9224000,1779279009.235103
approach5_skyhost_run1,9225000,1779279009.433829
approach5_skyhost_run1,9226000,1779279009.435634
approach5_skyhost_run1,9227000,1779279009.437402
approach5_skyhost_run1,9228000,1779279009.439188
approach5_skyhost_run1,9229000,1779279009.525247
approach5_skyhost_run1,9230000,1779279009.527276
approach5_skyhost_run1,9231000,1779279009.529305
approach5_skyhost_run1,9232000,1779279009.531044
approach5_skyhost_run1,9233000,1779279009.532832
approach5_skyhost_run1,9234000,1779279009.534639
approach5_skyhost_run1,9235000,1779279009.536930
approach5_skyhost_run1,9236000,1779279009.538700
approach5_skyhost_run1,9237000,1779279009.540454
approach5_skyhost_run1,9238000,1779279009.542436
approach5_skyhost_run1,9239000,1779279009.544199
approach5_skyhost_run1,9240000,1779279009.573729
approach5_skyhost_run1,9241000,1779279009.575530
approach5_skyhost_run1,9242000,1779279009.577294
approach5_skyhost_run1,9243000,1779279009.579075
approach5_skyhost_run1,9244000,1779279009.592579
approach5_skyhost_run1,9245000,1779279009.594344
approach5_skyhost_run1,9246000,1779279009.596127
approach5_skyhost_run1,9247000,1779279009.597887
approach5_skyhost_run1,9248000,1779279009.680060
approach5_skyhost_run1,9249000,1779279009.681827
approach5_skyhost_run1,9250000,1779279009.723080
approach5_skyhost_run1,9251000,1779279009.724863
approach5_skyhost_run1,9252000,1779279009.726643
approach5_skyhost_run1,9253000,1779279009.728415
approach5_skyhost_run1,9254000,1779279009.741867
approach5_skyhost_run1,9255000,1779279009.743638
approach5_skyhost_run1,9256000,1779279009.745432
approach5_skyhost_run1,9257000,1779279009.747221
approach5_skyhost_run1,9258000,1779279009.783405
approach5_skyhost_run1,9259000,1779279009.785193
approach5_skyhost_run1,9260000,1779279009.786973
approach5_skyhost_run1,9261000,1779279009.827278
approach5_skyhost_run1,9262000,1779279009.829049
approach5_skyhost_run1,9263000,1779279009.830832
approach5_skyhost_run1,9264000,1779279009.876504
approach5_skyhost_run1,9265000,1779279009.878266
approach5_skyhost_run1,9266000,1779279009.880049
approach5_skyhost_run1,9267000,1779279009.881907
approach5_skyhost_run1,9268000,1779279009.892025
approach5_skyhost_run1,9269000,1779279009.893794
approach5_skyhost_run1,9270000,1779279009.959555
approach5_skyhost_run1,9271000,1779279009.961315
approach5_skyhost_run1,9272000,1779279009.963088
approach5_skyhost_run1,9273000,1779279009.964873
approach5_skyhost_run1,9274000,1779279009.979299
approach5_skyhost_run1,9275000,1779279009.981046
approach5_skyhost_run1,9276000,1779279009.982807
approach5_skyhost_run1,9277000,1779279009.984563
approach5_skyhost_run1,9278000,1779279010.054506
approach5_skyhost_run1,9279000,1779279010.056304
approach5_skyhost_run1,9280000,1779279010.058061
approach5_skyhost_run1,9281000,1779279010.063845
approach5_skyhost_run1,9282000,1779279010.065644
approach5_skyhost_run1,9283000,1779279010.067415
approach5_skyhost_run1,9284000,1779279010.090648
approach5_skyhost_run1,9285000,1779279010.188921
approach5_skyhost_run1,9286000,1779279010.190695
approach5_skyhost_run1,9287000,1779279010.192446
approach5_skyhost_run1,9288000,1779279010.194209
approach5_skyhost_run1,9289000,1779279010.204048
approach5_skyhost_run1,9290000,1779279010.246663
approach5_skyhost_run1,9291000,1779279010.248418
approach5_skyhost_run1,9292000,1779279010.250174
approach5_skyhost_run1,9293000,1779279010.251952
approach5_skyhost_run1,9294000,1779279010.261939
approach5_skyhost_run1,9295000,1779279010.400436
approach5_skyhost_run1,9296000,1779279010.402223
approach5_skyhost_run1,9297000,1779279010.403994
approach5_skyhost_run1,9298000,1779279010.405800
approach5_skyhost_run1,9299000,1779279010.435081
approach5_skyhost_run1,9300000,1779279010.601385
approach5_skyhost_run1,9301000,1779279010.603157
approach5_skyhost_run1,9302000,1779279010.604949
approach5_skyhost_run1,9303000,1779279010.606734
approach5_skyhost_run1,9304000,1779279010.623518
approach5_skyhost_run1,9305000,1779279010.625303
approach5_skyhost_run1,9306000,1779279010.627074
approach5_skyhost_run1,9307000,1779279010.628840
approach5_skyhost_run1,9308000,1779279010.714550
approach5_skyhost_run1,9309000,1779279010.716327
approach5_skyhost_run1,9310000,1779279010.749687
approach5_skyhost_run1,9311000,1779279010.751461
approach5_skyhost_run1,9312000,1779279010.753229
approach5_skyhost_run1,9313000,1779279010.862675
approach5_skyhost_run1,9314000,1779279010.864436
approach5_skyhost_run1,9315000,1779279010.866230
approach5_skyhost_run1,9316000,1779279010.868016
approach5_skyhost_run1,9317000,1779279010.876134
