run_id,record_index,wall_clock_s
approach4_mm2_run1,1000,1779276193.593820
approach4_mm2_run1,2000,1779276193.595397
approach4_mm2_run1,3000,1779276193.596912
approach4_mm2_run1,4000,1779276193.598439
approach4_mm2_run1,5000,1779276193.599952
approach4_mm2_run1,6000,1779276193.700713
approach4_mm2_run1,7000,1779276193.702233
approach4_mm2_run1,8000,1779276193.703757
approach4_mm2_run1,9000,1779276193.705294
approach4_mm2_run1,10000,1779276193.706825
approach4_mm2_run1,11000,1779276193.711822
approach4_mm2_run1,12000,1779276193.713346
approach4_mm2_run1,13000,1779276193.714917
approach4_mm2_run1,14000,1779276193.718292
approach4_mm2_run1,15000,1779276193.719887
approach4_mm2_run1,16000,1779276193.724077
approach4_mm2_run1,17000,1779276193.725636
approach4_mm2_run1,18000,1779276193.727165
approach4_mm2_run1,19000,1779276193.728734
approach4_mm2_run1,20000,1779276193.730849
approach4_mm2_run1,21000,1779276193.732964
approach4_mm2_run1,22000,1779276193.734483
approach4_mm2_run1,23000,1779276193.736020
approach4_mm2_run1,24000,1779276193.737538
approach4_mm2_run1,25000,1779276193.739101
approach4_mm2_run1,26000,1779276193.741095
approach4_mm2_run1,27000,1779276193.743178
approach4_mm2_run1,28000,1779276193.744684
approach4_mm2_run1,29000,1779276193.746212
approach4_mm2_run1,30000,1779276193.747737
approach4_mm2_run1,31000,1779276193.749243
approach4_mm2_run1,32000,1779276193.750765
approach4_mm2_run1,33000,1779276193.752272
approach4_mm2_run1,34000,1779276193.753778
approach4_mm2_run1,35000,1779276193.755316
approach4_mm2_run1,36000,1779276193.756834
approach4_mm2_run1,37000,1779276193.760099
approach4_mm2_run1,38000,1779276193.761616
approach4_mm2_run1,39000,1779276193.763133
approach4_mm2_run1,40000,1779276193.764645
approach4_mm2_run1,41000,1779276193.766178
approach4_mm2_run1,42000,1779276193.767704
approach4_mm2_run1,43000,1779276194.321038
approach4_mm2_run1,44000,1779276194.322573
approach4_mm2_run1,45000,1779276194.324095
approach4_mm2_run1,46000,1779276194.325645
approach4_mm2_run1,47000,1779276194.327186
approach4_mm2_run1,48000,1779276194.381840
approach4_mm2_run1,49000,1779276194.383369
approach4_mm2_run1,50000,1779276194.384899
approach4_mm2_run1,51000,1779276194.386420
approach4_mm2_run1,52000,1779276194.430625
approach4_mm2_run1,53000,1779276194.432170
approach4_mm2_run1,54000,1779276194.433915
approach4_mm2_run1,55000,1779276194.437027
approach4_mm2_run1,56000,1779276194.438568
approach4_mm2_run1,57000,1779276194.440129
approach4_mm2_run1,58000,1779276194.441870
approach4_mm2_run1,59000,1779276194.444133
approach4_mm2_run1,60000,1779276194.445704
approach4_mm2_run1,61000,1779276194.447271
approach4_mm2_run1,62000,1779276194.448827
approach4_mm2_run1,63000,1779276194.451383
approach4_mm2_run1,64000,1779276194.453917
approach4_mm2_run1,65000,1779276194.455477
approach4_mm2_run1,66000,1779276194.457000
approach4_mm2_run1,67000,1779276194.458528
approach4_mm2_run1,68000,1779276194.460039
approach4_mm2_run1,69000,1779276194.461552
approach4_mm2_run1,70000,1779276194.463081
approach4_mm2_run1,71000,1779276194.464602
approach4_mm2_run1,72000,1779276194.466145
approach4_mm2_run1,73000,1779276194.467691
approach4_mm2_run1,74000,1779276194.469221
approach4_mm2_run1,75000,1779276194.470764
approach4_mm2_run1,76000,1779276194.472293
approach4_mm2_run1,77000,1779276194.473830
approach4_mm2_run1,78000,1779276194.484892
approach4_mm2_run1,79000,1779276194.486440
approach4_mm2_run1,80000,1779276194.488013
approach4_mm2_run1,81000,1779276194.489567
approach4_mm2_run1,82000,1779276194.491122
approach4_mm2_run1,83000,1779276195.047063
approach4_mm2_run1,84000,1779276195.048597
approach4_mm2_run1,85000,1779276195.050130
approach4_mm2_run1,86000,1779276195.051682
approach4_mm2_run1,87000,1779276195.053221
approach4_mm2_run1,88000,1779276195.054786
approach4_mm2_run1,89000,1779276195.160261
approach4_mm2_run1,90000,1779276195.161803
approach4_mm2_run1,91000,1779276195.163365
approach4_mm2_run1,92000,1779276195.164939
approach4_mm2_run1,93000,1779276195.166503
approach4_mm2_run1,94000,1779276195.172581
approach4_mm2_run1,95000,1779276195.174150
approach4_mm2_run1,96000,1779276195.175754
approach4_mm2_run1,97000,1779276195.180987
approach4_mm2_run1,98000,1779276195.182526
approach4_mm2_run1,99000,1779276195.184059
approach4_mm2_run1,100000,1779276195.185601
approach4_mm2_run1,101000,1779276195.187169
approach4_mm2_run1,102000,1779276195.188970
approach4_mm2_run1,103000,1779276195.191142
approach4_mm2_run1,104000,1779276195.192669
approach4_mm2_run1,105000,1779276195.194214
approach4_mm2_run1,106000,1779276195.195792
approach4_mm2_run1,107000,1779276195.198005
approach4_mm2_run1,108000,1779276195.199970
approach4_mm2_run1,109000,1779276195.201497
approach4_mm2_run1,110000,1779276195.203038
approach4_mm2_run1,111000,1779276195.204563
approach4_mm2_run1,112000,1779276195.206114
approach4_mm2_run1,113000,1779276195.207651
approach4_mm2_run1,114000,1779276195.209179
approach4_mm2_run1,115000,1779276195.210720
approach4_mm2_run1,116000,1779276195.212256
approach4_mm2_run1,117000,1779276195.213791
approach4_mm2_run1,118000,1779276195.215353
approach4_mm2_run1,119000,1779276195.216884
approach4_mm2_run1,120000,1779276195.235330
approach4_mm2_run1,121000,1779276195.236851
approach4_mm2_run1,122000,1779276195.238380
approach4_mm2_run1,123000,1779276195.239905
approach4_mm2_run1,124000,1779276195.241434
approach4_mm2_run1,125000,1779276195.242981
approach4_mm2_run1,126000,1779276195.776184
approach4_mm2_run1,127000,1779276195.777752
approach4_mm2_run1,128000,1779276195.779300
approach4_mm2_run1,129000,1779276195.780832
approach4_mm2_run1,130000,1779276195.782383
approach4_mm2_run1,131000,1779276195.888466
approach4_mm2_run1,132000,1779276195.890001
approach4_mm2_run1,133000,1779276195.891553
approach4_mm2_run1,134000,1779276195.893095
approach4_mm2_run1,135000,1779276195.894658
approach4_mm2_run1,136000,1779276195.898569
approach4_mm2_run1,137000,1779276195.900142
approach4_mm2_run1,138000,1779276195.903796
approach4_mm2_run1,139000,1779276195.905346
approach4_mm2_run1,140000,1779276195.906888
approach4_mm2_run1,141000,1779276195.908417
approach4_mm2_run1,142000,1779276195.909947
approach4_mm2_run1,143000,1779276195.911528
approach4_mm2_run1,144000,1779276195.913070
approach4_mm2_run1,145000,1779276195.914604
approach4_mm2_run1,146000,1779276195.916157
approach4_mm2_run1,147000,1779276195.942883
approach4_mm2_run1,148000,1779276195.944915
approach4_mm2_run1,149000,1779276195.946832
approach4_mm2_run1,150000,1779276195.948367
approach4_mm2_run1,151000,1779276195.949904
approach4_mm2_run1,152000,1779276195.951451
approach4_mm2_run1,153000,1779276195.952981
approach4_mm2_run1,154000,1779276195.954520
approach4_mm2_run1,155000,1779276195.956075
approach4_mm2_run1,156000,1779276195.957604
approach4_mm2_run1,157000,1779276195.963368
approach4_mm2_run1,158000,1779276195.964910
approach4_mm2_run1,159000,1779276195.966441
approach4_mm2_run1,160000,1779276195.967967
approach4_mm2_run1,161000,1779276195.969504
approach4_mm2_run1,162000,1779276195.971058
approach4_mm2_run1,163000,1779276195.986305
approach4_mm2_run1,164000,1779276195.987836
approach4_mm2_run1,165000,1779276195.989358
approach4_mm2_run1,166000,1779276195.990896
approach4_mm2_run1,167000,1779276195.992426
approach4_mm2_run1,168000,1779276196.503577
approach4_mm2_run1,169000,1779276196.505131
approach4_mm2_run1,170000,1779276196.506677
approach4_mm2_run1,171000,1779276196.508210
approach4_mm2_run1,172000,1779276196.509743
approach4_mm2_run1,173000,1779276196.617357
approach4_mm2_run1,174000,1779276196.618907
approach4_mm2_run1,175000,1779276196.620446
approach4_mm2_run1,176000,1779276196.622027
approach4_mm2_run1,177000,1779276196.623823
approach4_mm2_run1,178000,1779276196.626022
approach4_mm2_run1,179000,1779276196.627563
approach4_mm2_run1,180000,1779276196.629093
approach4_mm2_run1,181000,1779276196.630652
approach4_mm2_run1,182000,1779276196.632617
approach4_mm2_run1,183000,1779276196.634674
approach4_mm2_run1,184000,1779276196.636225
approach4_mm2_run1,185000,1779276196.637762
approach4_mm2_run1,186000,1779276196.639312
approach4_mm2_run1,187000,1779276196.640856
approach4_mm2_run1,188000,1779276196.642414
approach4_mm2_run1,189000,1779276196.688201
approach4_mm2_run1,190000,1779276196.689738
approach4_mm2_run1,191000,1779276196.691283
approach4_mm2_run1,192000,1779276196.692813
approach4_mm2_run1,193000,1779276196.694365
approach4_mm2_run1,194000,1779276196.698733
approach4_mm2_run1,195000,1779276196.700257
approach4_mm2_run1,196000,1779276196.701781
approach4_mm2_run1,197000,1779276196.703317
approach4_mm2_run1,198000,1779276196.704867
approach4_mm2_run1,199000,1779276196.706421
approach4_mm2_run1,200000,1779276196.738705
approach4_mm2_run1,201000,1779276196.740233
approach4_mm2_run1,202000,1779276196.741752
approach4_mm2_run1,203000,1779276196.743291
approach4_mm2_run1,204000,1779276196.744847
approach4_mm2_run1,205000,1779276196.754630
approach4_mm2_run1,206000,1779276196.756215
approach4_mm2_run1,207000,1779276196.757762
approach4_mm2_run1,208000,1779276196.759310
approach4_mm2_run1,209000,1779276196.760850
approach4_mm2_run1,210000,1779276197.231353
approach4_mm2_run1,211000,1779276197.232894
approach4_mm2_run1,212000,1779276197.234443
approach4_mm2_run1,213000,1779276197.236008
approach4_mm2_run1,214000,1779276197.237548
approach4_mm2_run1,215000,1779276197.346082
approach4_mm2_run1,216000,1779276197.347651
approach4_mm2_run1,217000,1779276197.349228
approach4_mm2_run1,218000,1779276197.351549
approach4_mm2_run1,219000,1779276197.353085
approach4_mm2_run1,220000,1779276197.354636
approach4_mm2_run1,221000,1779276197.356200
approach4_mm2_run1,222000,1779276197.357731
approach4_mm2_run1,223000,1779276197.359280
approach4_mm2_run1,224000,1779276197.360860
approach4_mm2_run1,225000,1779276197.362733
approach4_mm2_run1,226000,1779276197.364857
approach4_mm2_run1,227000,1779276197.366407
approach4_mm2_run1,228000,1779276197.367945
approach4_mm2_run1,229000,1779276197.369485
approach4_mm2_run1,230000,1779276197.371031
approach4_mm2_run1,231000,1779276197.440201
approach4_mm2_run1,232000,1779276197.441746
approach4_mm2_run1,233000,1779276197.443300
approach4_mm2_run1,234000,1779276197.444870
approach4_mm2_run1,235000,1779276197.446435
approach4_mm2_run1,236000,1779276197.447994
approach4_mm2_run1,237000,1779276197.452670
approach4_mm2_run1,238000,1779276197.454204
approach4_mm2_run1,239000,1779276197.455766
approach4_mm2_run1,240000,1779276197.457302
approach4_mm2_run1,241000,1779276197.458852
approach4_mm2_run1,242000,1779276197.489467
approach4_mm2_run1,243000,1779276197.491016
approach4_mm2_run1,244000,1779276197.492550
approach4_mm2_run1,245000,1779276197.494087
approach4_mm2_run1,246000,1779276197.495667
approach4_mm2_run1,247000,1779276197.539242
approach4_mm2_run1,248000,1779276197.540776
approach4_mm2_run1,249000,1779276197.542310
approach4_mm2_run1,250000,1779276197.543855
approach4_mm2_run1,251000,1779276197.545422
approach4_mm2_run1,252000,1779276197.959388
approach4_mm2_run1,253000,1779276197.960927
approach4_mm2_run1,254000,1779276197.962480
approach4_mm2_run1,255000,1779276197.964014
approach4_mm2_run1,256000,1779276197.965581
approach4_mm2_run1,257000,1779276197.967141
approach4_mm2_run1,258000,1779276198.076303
approach4_mm2_run1,259000,1779276198.078298
approach4_mm2_run1,260000,1779276198.080214
approach4_mm2_run1,261000,1779276198.081754
approach4_mm2_run1,262000,1779276198.083309
approach4_mm2_run1,263000,1779276198.084895
approach4_mm2_run1,264000,1779276198.086445
approach4_mm2_run1,265000,1779276198.087988
approach4_mm2_run1,266000,1779276198.089531
approach4_mm2_run1,267000,1779276198.091099
approach4_mm2_run1,268000,1779276198.093774
approach4_mm2_run1,269000,1779276198.095387
approach4_mm2_run1,270000,1779276198.096948
approach4_mm2_run1,271000,1779276198.098547
approach4_mm2_run1,272000,1779276198.100082
approach4_mm2_run1,273000,1779276198.101629
approach4_mm2_run1,274000,1779276198.188032
approach4_mm2_run1,275000,1779276198.189576
approach4_mm2_run1,276000,1779276198.191130
approach4_mm2_run1,277000,1779276198.192675
approach4_mm2_run1,278000,1779276198.194221
approach4_mm2_run1,279000,1779276198.206275
approach4_mm2_run1,280000,1779276198.207811
approach4_mm2_run1,281000,1779276198.209342
approach4_mm2_run1,282000,1779276198.210887
approach4_mm2_run1,283000,1779276198.212428
approach4_mm2_run1,284000,1779276198.240081
approach4_mm2_run1,285000,1779276198.241612
approach4_mm2_run1,286000,1779276198.243159
approach4_mm2_run1,287000,1779276198.244700
approach4_mm2_run1,288000,1779276198.246268
approach4_mm2_run1,289000,1779276198.322585
approach4_mm2_run1,290000,1779276198.324114
approach4_mm2_run1,291000,1779276198.325666
approach4_mm2_run1,292000,1779276198.327211
approach4_mm2_run1,293000,1779276198.328751
approach4_mm2_run1,294000,1779276198.330293
approach4_mm2_run1,295000,1779276198.688308
approach4_mm2_run1,296000,1779276198.689842
approach4_mm2_run1,297000,1779276198.691378
approach4_mm2_run1,298000,1779276198.692905
approach4_mm2_run1,299000,1779276198.694450
approach4_mm2_run1,300000,1779276198.807674
approach4_mm2_run1,301000,1779276198.810127
approach4_mm2_run1,302000,1779276198.811679
approach4_mm2_run1,303000,1779276198.813215
approach4_mm2_run1,304000,1779276198.814768
approach4_mm2_run1,305000,1779276198.816324
approach4_mm2_run1,306000,1779276198.817851
approach4_mm2_run1,307000,1779276198.819391
approach4_mm2_run1,308000,1779276198.820907
approach4_mm2_run1,309000,1779276198.822501
approach4_mm2_run1,310000,1779276198.824620
approach4_mm2_run1,311000,1779276198.826510
approach4_mm2_run1,312000,1779276198.828045
approach4_mm2_run1,313000,1779276198.829576
approach4_mm2_run1,314000,1779276198.831121
approach4_mm2_run1,315000,1779276198.832664
approach4_mm2_run1,316000,1779276198.934271
approach4_mm2_run1,317000,1779276198.935856
approach4_mm2_run1,318000,1779276198.937398
approach4_mm2_run1,319000,1779276198.938947
approach4_mm2_run1,320000,1779276198.940486
approach4_mm2_run1,321000,1779276198.962254
approach4_mm2_run1,322000,1779276198.963794
approach4_mm2_run1,323000,1779276198.965350
approach4_mm2_run1,324000,1779276198.966900
approach4_mm2_run1,325000,1779276198.968439
approach4_mm2_run1,326000,1779276198.969984
approach4_mm2_run1,327000,1779276198.992591
approach4_mm2_run1,328000,1779276198.994126
approach4_mm2_run1,329000,1779276198.995694
approach4_mm2_run1,330000,1779276198.997237
approach4_mm2_run1,331000,1779276198.998797
approach4_mm2_run1,332000,1779276199.109452
approach4_mm2_run1,333000,1779276199.111027
approach4_mm2_run1,334000,1779276199.112570
approach4_mm2_run1,335000,1779276199.114106
approach4_mm2_run1,336000,1779276199.115705
approach4_mm2_run1,337000,1779276199.416893
approach4_mm2_run1,338000,1779276199.418445
approach4_mm2_run1,339000,1779276199.419981
approach4_mm2_run1,340000,1779276199.421519
approach4_mm2_run1,341000,1779276199.423096
approach4_mm2_run1,342000,1779276199.530271
approach4_mm2_run1,343000,1779276199.531838
approach4_mm2_run1,344000,1779276199.533586
approach4_mm2_run1,345000,1779276199.535737
approach4_mm2_run1,346000,1779276199.537290
approach4_mm2_run1,347000,1779276199.538838
approach4_mm2_run1,348000,1779276199.540385
approach4_mm2_run1,349000,1779276199.541938
approach4_mm2_run1,350000,1779276199.543490
approach4_mm2_run1,351000,1779276199.545071
approach4_mm2_run1,352000,1779276199.546635
approach4_mm2_run1,353000,1779276199.556190
approach4_mm2_run1,354000,1779276199.557727
approach4_mm2_run1,355000,1779276199.559273
approach4_mm2_run1,356000,1779276199.560811
approach4_mm2_run1,357000,1779276199.562361
approach4_mm2_run1,358000,1779276199.682889
approach4_mm2_run1,359000,1779276199.684427
approach4_mm2_run1,360000,1779276199.686013
approach4_mm2_run1,361000,1779276199.687562
approach4_mm2_run1,362000,1779276199.689102
approach4_mm2_run1,363000,1779276199.690658
approach4_mm2_run1,364000,1779276199.717091
approach4_mm2_run1,365000,1779276199.718635
approach4_mm2_run1,366000,1779276199.720167
approach4_mm2_run1,367000,1779276199.721705
approach4_mm2_run1,368000,1779276199.723259
approach4_mm2_run1,369000,1779276199.744750
approach4_mm2_run1,370000,1779276199.746304
approach4_mm2_run1,371000,1779276199.747851
approach4_mm2_run1,372000,1779276199.749389
approach4_mm2_run1,373000,1779276199.750941
approach4_mm2_run1,374000,1779276199.894780
approach4_mm2_run1,375000,1779276199.896339
approach4_mm2_run1,376000,1779276199.897870
approach4_mm2_run1,377000,1779276199.899423
approach4_mm2_run1,378000,1779276199.900964
approach4_mm2_run1,379000,1779276200.143884
approach4_mm2_run1,380000,1779276200.145454
approach4_mm2_run1,381000,1779276200.147004
approach4_mm2_run1,382000,1779276200.148533
approach4_mm2_run1,383000,1779276200.150067
approach4_mm2_run1,384000,1779276200.151611
approach4_mm2_run1,385000,1779276200.258521
approach4_mm2_run1,386000,1779276200.260094
approach4_mm2_run1,387000,1779276200.261641
approach4_mm2_run1,388000,1779276200.263961
approach4_mm2_run1,389000,1779276200.265525
approach4_mm2_run1,390000,1779276200.267078
approach4_mm2_run1,391000,1779276200.268621
approach4_mm2_run1,392000,1779276200.270164
approach4_mm2_run1,393000,1779276200.271717
approach4_mm2_run1,394000,1779276200.273261
approach4_mm2_run1,395000,1779276200.287032
approach4_mm2_run1,396000,1779276200.288586
approach4_mm2_run1,397000,1779276200.290124
approach4_mm2_run1,398000,1779276200.291677
approach4_mm2_run1,399000,1779276200.293210
approach4_mm2_run1,400000,1779276200.294771
approach4_mm2_run1,401000,1779276200.432729
approach4_mm2_run1,402000,1779276200.434248
approach4_mm2_run1,403000,1779276200.435814
approach4_mm2_run1,404000,1779276200.437367
approach4_mm2_run1,405000,1779276200.438929
approach4_mm2_run1,406000,1779276200.472364
approach4_mm2_run1,407000,1779276200.473890
approach4_mm2_run1,408000,1779276200.475448
approach4_mm2_run1,409000,1779276200.476968
approach4_mm2_run1,410000,1779276200.478510
approach4_mm2_run1,411000,1779276200.494889
approach4_mm2_run1,412000,1779276200.496425
approach4_mm2_run1,413000,1779276200.497959
approach4_mm2_run1,414000,1779276200.499506
approach4_mm2_run1,415000,1779276200.501032
approach4_mm2_run1,416000,1779276200.681984
approach4_mm2_run1,417000,1779276200.683534
approach4_mm2_run1,418000,1779276200.685111
approach4_mm2_run1,419000,1779276200.686656
approach4_mm2_run1,420000,1779276200.688198
approach4_mm2_run1,421000,1779276200.689748
approach4_mm2_run1,422000,1779276200.873316
approach4_mm2_run1,423000,1779276200.874891
approach4_mm2_run1,424000,1779276200.876434
approach4_mm2_run1,425000,1779276200.877979
approach4_mm2_run1,426000,1779276200.879532
approach4_mm2_run1,427000,1779276200.983965
approach4_mm2_run1,428000,1779276200.985523
approach4_mm2_run1,429000,1779276200.987073
approach4_mm2_run1,430000,1779276200.988616
approach4_mm2_run1,431000,1779276200.990199
approach4_mm2_run1,432000,1779276200.992661
approach4_mm2_run1,433000,1779276200.994195
approach4_mm2_run1,434000,1779276200.995768
approach4_mm2_run1,435000,1779276200.997311
approach4_mm2_run1,436000,1779276200.998869
approach4_mm2_run1,437000,1779276201.000418
approach4_mm2_run1,438000,1779276201.017781
approach4_mm2_run1,439000,1779276201.019324
approach4_mm2_run1,440000,1779276201.020858
approach4_mm2_run1,441000,1779276201.022402
approach4_mm2_run1,442000,1779276201.023946
approach4_mm2_run1,443000,1779276201.181157
approach4_mm2_run1,444000,1779276201.182715
approach4_mm2_run1,445000,1779276201.184253
approach4_mm2_run1,446000,1779276201.185829
approach4_mm2_run1,447000,1779276201.187387
approach4_mm2_run1,448000,1779276201.222131
approach4_mm2_run1,449000,1779276201.223671
approach4_mm2_run1,450000,1779276201.225226
approach4_mm2_run1,451000,1779276201.226785
approach4_mm2_run1,452000,1779276201.228325
approach4_mm2_run1,453000,1779276201.245941
approach4_mm2_run1,454000,1779276201.247489
approach4_mm2_run1,455000,1779276201.249023
approach4_mm2_run1,456000,1779276201.250566
approach4_mm2_run1,457000,1779276201.252097
approach4_mm2_run1,458000,1779276201.253690
approach4_mm2_run1,459000,1779276201.465158
approach4_mm2_run1,460000,1779276201.466702
approach4_mm2_run1,461000,1779276201.468234
approach4_mm2_run1,462000,1779276201.469768
approach4_mm2_run1,463000,1779276201.471349
approach4_mm2_run1,464000,1779276201.602282
approach4_mm2_run1,465000,1779276201.603823
approach4_mm2_run1,466000,1779276201.605381
approach4_mm2_run1,467000,1779276201.606930
approach4_mm2_run1,468000,1779276201.608474
approach4_mm2_run1,469000,1779276201.711897
approach4_mm2_run1,470000,1779276201.713434
approach4_mm2_run1,471000,1779276201.715008
approach4_mm2_run1,472000,1779276201.716547
approach4_mm2_run1,473000,1779276201.718121
approach4_mm2_run1,474000,1779276201.719729
approach4_mm2_run1,475000,1779276201.722314
approach4_mm2_run1,476000,1779276201.723867
approach4_mm2_run1,477000,1779276201.725424
approach4_mm2_run1,478000,1779276201.726970
approach4_mm2_run1,479000,1779276201.728513
approach4_mm2_run1,480000,1779276201.748887
approach4_mm2_run1,481000,1779276201.750431
approach4_mm2_run1,482000,1779276201.751967
approach4_mm2_run1,483000,1779276201.753506
approach4_mm2_run1,484000,1779276201.755086
approach4_mm2_run1,485000,1779276201.926974
approach4_mm2_run1,486000,1779276201.928509
approach4_mm2_run1,487000,1779276201.930046
approach4_mm2_run1,488000,1779276201.931596
approach4_mm2_run1,489000,1779276201.933132
approach4_mm2_run1,490000,1779276201.979862
approach4_mm2_run1,491000,1779276201.981391
approach4_mm2_run1,492000,1779276201.982962
approach4_mm2_run1,493000,1779276201.984502
approach4_mm2_run1,494000,1779276201.986072
approach4_mm2_run1,495000,1779276201.987639
approach4_mm2_run1,496000,1779276201.996590
approach4_mm2_run1,497000,1779276201.998131
approach4_mm2_run1,498000,1779276201.999687
approach4_mm2_run1,499000,1779276202.001228
approach4_mm2_run1,500000,1779276202.002790
approach4_mm2_run1,501000,1779276202.249177
approach4_mm2_run1,502000,1779276202.250724
approach4_mm2_run1,503000,1779276202.252263
approach4_mm2_run1,504000,1779276202.253804
approach4_mm2_run1,505000,1779276202.255398
approach4_mm2_run1,506000,1779276202.330598
approach4_mm2_run1,507000,1779276202.332144
approach4_mm2_run1,508000,1779276202.333688
approach4_mm2_run1,509000,1779276202.335268
approach4_mm2_run1,510000,1779276202.336808
approach4_mm2_run1,511000,1779276202.338366
approach4_mm2_run1,512000,1779276202.438815
approach4_mm2_run1,513000,1779276202.440361
approach4_mm2_run1,514000,1779276202.441907
approach4_mm2_run1,515000,1779276202.443470
approach4_mm2_run1,516000,1779276202.445049
approach4_mm2_run1,517000,1779276202.450856
approach4_mm2_run1,518000,1779276202.452404
approach4_mm2_run1,519000,1779276202.453949
approach4_mm2_run1,520000,1779276202.455569
approach4_mm2_run1,521000,1779276202.457137
approach4_mm2_run1,522000,1779276202.478662
approach4_mm2_run1,523000,1779276202.480203
approach4_mm2_run1,524000,1779276202.481745
approach4_mm2_run1,525000,1779276202.483303
approach4_mm2_run1,526000,1779276202.484864
approach4_mm2_run1,527000,1779276202.486449
approach4_mm2_run1,528000,1779276202.678908
approach4_mm2_run1,529000,1779276202.680453
approach4_mm2_run1,530000,1779276202.681998
approach4_mm2_run1,531000,1779276202.683574
approach4_mm2_run1,532000,1779276202.685149
approach4_mm2_run1,533000,1779276202.734244
approach4_mm2_run1,534000,1779276202.735826
approach4_mm2_run1,535000,1779276202.737369
approach4_mm2_run1,536000,1779276202.738930
approach4_mm2_run1,537000,1779276202.740484
approach4_mm2_run1,538000,1779276202.747271
approach4_mm2_run1,539000,1779276202.748817
approach4_mm2_run1,540000,1779276202.750385
approach4_mm2_run1,541000,1779276202.751920
approach4_mm2_run1,542000,1779276202.753458
approach4_mm2_run1,543000,1779276203.034463
approach4_mm2_run1,544000,1779276203.036025
approach4_mm2_run1,545000,1779276203.037560
approach4_mm2_run1,546000,1779276203.039104
approach4_mm2_run1,547000,1779276203.040644
approach4_mm2_run1,548000,1779276203.042184
approach4_mm2_run1,549000,1779276203.058218
approach4_mm2_run1,550000,1779276203.059757
approach4_mm2_run1,551000,1779276203.061279
approach4_mm2_run1,552000,1779276203.062817
approach4_mm2_run1,553000,1779276203.064354
approach4_mm2_run1,554000,1779276203.164890
approach4_mm2_run1,555000,1779276203.166443
approach4_mm2_run1,556000,1779276203.167977
approach4_mm2_run1,557000,1779276203.169512
approach4_mm2_run1,558000,1779276203.171069
approach4_mm2_run1,559000,1779276203.178997
approach4_mm2_run1,560000,1779276203.180535
approach4_mm2_run1,561000,1779276203.182074
approach4_mm2_run1,562000,1779276203.183622
approach4_mm2_run1,563000,1779276203.185189
approach4_mm2_run1,564000,1779276203.186749
approach4_mm2_run1,565000,1779276203.210038
approach4_mm2_run1,566000,1779276203.211578
approach4_mm2_run1,567000,1779276203.213113
approach4_mm2_run1,568000,1779276203.214659
approach4_mm2_run1,569000,1779276203.216205
approach4_mm2_run1,570000,1779276203.429104
approach4_mm2_run1,571000,1779276203.430657
approach4_mm2_run1,572000,1779276203.432199
approach4_mm2_run1,573000,1779276203.433746
approach4_mm2_run1,574000,1779276203.435339
approach4_mm2_run1,575000,1779276203.486481
approach4_mm2_run1,576000,1779276203.488016
approach4_mm2_run1,577000,1779276203.489550
approach4_mm2_run1,578000,1779276203.491096
approach4_mm2_run1,579000,1779276203.492639
approach4_mm2_run1,580000,1779276203.499062
approach4_mm2_run1,581000,1779276203.500602
approach4_mm2_run1,582000,1779276203.502138
approach4_mm2_run1,583000,1779276203.503732
approach4_mm2_run1,584000,1779276203.505308
approach4_mm2_run1,585000,1779276203.506865
approach4_mm2_run1,586000,1779276203.788765
approach4_mm2_run1,587000,1779276203.790303
approach4_mm2_run1,588000,1779276203.791857
approach4_mm2_run1,589000,1779276203.793397
approach4_mm2_run1,590000,1779276203.794973
approach4_mm2_run1,591000,1779276203.826459
approach4_mm2_run1,592000,1779276203.827982
approach4_mm2_run1,593000,1779276203.829503
approach4_mm2_run1,594000,1779276203.831048
approach4_mm2_run1,595000,1779276203.832586
approach4_mm2_run1,596000,1779276203.890714
approach4_mm2_run1,597000,1779276203.892261
approach4_mm2_run1,598000,1779276203.893806
approach4_mm2_run1,599000,1779276203.895400
approach4_mm2_run1,600000,1779276203.896955
approach4_mm2_run1,601000,1779276203.898525
approach4_mm2_run1,602000,1779276203.910436
approach4_mm2_run1,603000,1779276203.912000
approach4_mm2_run1,604000,1779276203.913550
approach4_mm2_run1,605000,1779276203.915138
approach4_mm2_run1,606000,1779276203.916699
approach4_mm2_run1,607000,1779276203.940769
approach4_mm2_run1,608000,1779276203.942316
approach4_mm2_run1,609000,1779276203.943864
approach4_mm2_run1,610000,1779276203.945429
approach4_mm2_run1,611000,1779276203.946987
approach4_mm2_run1,612000,1779276204.174477
approach4_mm2_run1,613000,1779276204.176054
approach4_mm2_run1,614000,1779276204.177603
approach4_mm2_run1,615000,1779276204.179167
approach4_mm2_run1,616000,1779276204.180718
approach4_mm2_run1,617000,1779276204.241065
approach4_mm2_run1,618000,1779276204.242611
approach4_mm2_run1,619000,1779276204.244151
approach4_mm2_run1,620000,1779276204.245724
approach4_mm2_run1,621000,1779276204.247294
approach4_mm2_run1,622000,1779276204.248857
approach4_mm2_run1,623000,1779276204.253333
approach4_mm2_run1,624000,1779276204.254915
approach4_mm2_run1,625000,1779276204.256467
approach4_mm2_run1,626000,1779276204.258015
approach4_mm2_run1,627000,1779276204.259586
approach4_mm2_run1,628000,1779276204.516449
approach4_mm2_run1,629000,1779276204.517998
approach4_mm2_run1,630000,1779276204.519564
approach4_mm2_run1,631000,1779276204.521111
approach4_mm2_run1,632000,1779276204.522674
approach4_mm2_run1,633000,1779276204.604061
approach4_mm2_run1,634000,1779276204.605636
approach4_mm2_run1,635000,1779276204.607197
approach4_mm2_run1,636000,1779276204.608750
approach4_mm2_run1,637000,1779276204.610309
approach4_mm2_run1,638000,1779276204.611860
approach4_mm2_run1,639000,1779276204.617656
approach4_mm2_run1,640000,1779276204.619218
approach4_mm2_run1,641000,1779276204.620768
approach4_mm2_run1,642000,1779276204.622328
approach4_mm2_run1,643000,1779276204.623865
approach4_mm2_run1,644000,1779276204.639081
approach4_mm2_run1,645000,1779276204.640626
approach4_mm2_run1,646000,1779276204.642208
approach4_mm2_run1,647000,1779276204.643784
approach4_mm2_run1,648000,1779276204.645368
approach4_mm2_run1,649000,1779276204.672127
approach4_mm2_run1,650000,1779276204.673667
approach4_mm2_run1,651000,1779276204.675246
approach4_mm2_run1,652000,1779276204.676809
approach4_mm2_run1,653000,1779276204.678385
approach4_mm2_run1,654000,1779276204.922094
approach4_mm2_run1,655000,1779276204.923650
approach4_mm2_run1,656000,1779276204.925219
approach4_mm2_run1,657000,1779276204.926786
approach4_mm2_run1,658000,1779276204.928333
approach4_mm2_run1,659000,1779276204.929882
approach4_mm2_run1,660000,1779276204.998309
approach4_mm2_run1,661000,1779276205.000125
approach4_mm2_run1,662000,1779276205.002207
approach4_mm2_run1,663000,1779276205.003762
approach4_mm2_run1,664000,1779276205.005318
approach4_mm2_run1,665000,1779276205.006866
approach4_mm2_run1,666000,1779276205.008421
approach4_mm2_run1,667000,1779276205.009958
approach4_mm2_run1,668000,1779276205.011512
approach4_mm2_run1,669000,1779276205.013052
approach4_mm2_run1,670000,1779276205.243583
approach4_mm2_run1,671000,1779276205.245162
approach4_mm2_run1,672000,1779276205.246713
approach4_mm2_run1,673000,1779276205.248247
approach4_mm2_run1,674000,1779276205.249789
approach4_mm2_run1,675000,1779276205.251352
approach4_mm2_run1,676000,1779276205.369336
approach4_mm2_run1,677000,1779276205.370884
approach4_mm2_run1,678000,1779276205.372407
approach4_mm2_run1,679000,1779276205.373931
approach4_mm2_run1,680000,1779276205.375519
approach4_mm2_run1,681000,1779276205.391857
approach4_mm2_run1,682000,1779276205.393372
approach4_mm2_run1,683000,1779276205.394920
approach4_mm2_run1,684000,1779276205.396449
approach4_mm2_run1,685000,1779276205.397985
approach4_mm2_run1,686000,1779276205.401299
approach4_mm2_run1,687000,1779276205.402836
approach4_mm2_run1,688000,1779276205.404370
approach4_mm2_run1,689000,1779276205.405923
approach4_mm2_run1,690000,1779276205.407468
approach4_mm2_run1,691000,1779276205.672279
approach4_mm2_run1,692000,1779276205.673821
approach4_mm2_run1,693000,1779276205.675401
approach4_mm2_run1,694000,1779276205.676943
approach4_mm2_run1,695000,1779276205.678502
approach4_mm2_run1,696000,1779276205.680051
approach4_mm2_run1,697000,1779276205.692239
approach4_mm2_run1,698000,1779276205.693765
approach4_mm2_run1,699000,1779276205.695338
approach4_mm2_run1,700000,1779276205.696872
approach4_mm2_run1,701000,1779276205.698422
approach4_mm2_run1,702000,1779276205.752707
approach4_mm2_run1,703000,1779276205.754575
approach4_mm2_run1,704000,1779276205.756620
approach4_mm2_run1,705000,1779276205.758157
approach4_mm2_run1,706000,1779276205.759703
approach4_mm2_run1,707000,1779276205.761236
approach4_mm2_run1,708000,1779276205.762790
approach4_mm2_run1,709000,1779276205.764374
approach4_mm2_run1,710000,1779276205.765951
approach4_mm2_run1,711000,1779276205.767502
approach4_mm2_run1,712000,1779276205.769048
approach4_mm2_run1,713000,1779276205.971520
approach4_mm2_run1,714000,1779276205.973058
approach4_mm2_run1,715000,1779276205.974605
approach4_mm2_run1,716000,1779276205.976179
approach4_mm2_run1,717000,1779276205.977727
approach4_mm2_run1,718000,1779276206.096671
approach4_mm2_run1,719000,1779276206.098204
approach4_mm2_run1,720000,1779276206.099760
approach4_mm2_run1,721000,1779276206.101295
approach4_mm2_run1,722000,1779276206.102850
approach4_mm2_run1,723000,1779276206.132343
approach4_mm2_run1,724000,1779276206.133870
approach4_mm2_run1,725000,1779276206.135434
approach4_mm2_run1,726000,1779276206.136967
approach4_mm2_run1,727000,1779276206.138538
approach4_mm2_run1,728000,1779276206.140082
approach4_mm2_run1,729000,1779276206.419342
approach4_mm2_run1,730000,1779276206.420861
approach4_mm2_run1,731000,1779276206.422392
approach4_mm2_run1,732000,1779276206.423933
approach4_mm2_run1,733000,1779276206.425503
approach4_mm2_run1,734000,1779276206.507135
approach4_mm2_run1,735000,1779276206.508665
approach4_mm2_run1,736000,1779276206.510193
approach4_mm2_run1,737000,1779276206.511729
approach4_mm2_run1,738000,1779276206.513257
approach4_mm2_run1,739000,1779276206.524370
approach4_mm2_run1,740000,1779276206.525921
approach4_mm2_run1,741000,1779276206.527457
approach4_mm2_run1,742000,1779276206.528981
approach4_mm2_run1,743000,1779276206.530526
approach4_mm2_run1,744000,1779276206.699985
approach4_mm2_run1,745000,1779276206.701513
approach4_mm2_run1,746000,1779276206.703052
approach4_mm2_run1,747000,1779276206.704573
approach4_mm2_run1,748000,1779276206.706129
approach4_mm2_run1,749000,1779276206.707692
approach4_mm2_run1,750000,1779276206.763864
approach4_mm2_run1,751000,1779276206.765419
approach4_mm2_run1,752000,1779276206.766965
approach4_mm2_run1,753000,1779276206.768506
approach4_mm2_run1,754000,1779276206.770053
approach4_mm2_run1,755000,1779276206.825592
approach4_mm2_run1,756000,1779276206.827148
approach4_mm2_run1,757000,1779276206.828689
approach4_mm2_run1,758000,1779276206.830231
approach4_mm2_run1,759000,1779276206.831789
approach4_mm2_run1,760000,1779276206.848283
approach4_mm2_run1,761000,1779276206.849815
approach4_mm2_run1,762000,1779276206.851366
approach4_mm2_run1,763000,1779276206.852903
approach4_mm2_run1,764000,1779276206.854461
approach4_mm2_run1,765000,1779276207.144195
approach4_mm2_run1,766000,1779276207.145765
approach4_mm2_run1,767000,1779276207.147314
approach4_mm2_run1,768000,1779276207.148843
approach4_mm2_run1,769000,1779276207.150388
approach4_mm2_run1,770000,1779276207.151938
approach4_mm2_run1,771000,1779276207.212966
approach4_mm2_run1,772000,1779276207.214565
approach4_mm2_run1,773000,1779276207.216146
approach4_mm2_run1,774000,1779276207.217686
approach4_mm2_run1,775000,1779276207.219251
approach4_mm2_run1,776000,1779276207.261111
approach4_mm2_run1,777000,1779276207.262660
approach4_mm2_run1,778000,1779276207.264194
approach4_mm2_run1,779000,1779276207.265752
approach4_mm2_run1,780000,1779276207.267302
approach4_mm2_run1,781000,1779276207.309507
approach4_mm2_run1,782000,1779276207.311044
approach4_mm2_run1,783000,1779276207.312584
approach4_mm2_run1,784000,1779276207.314119
approach4_mm2_run1,785000,1779276207.315694
approach4_mm2_run1,786000,1779276207.317243
approach4_mm2_run1,787000,1779276207.428770
approach4_mm2_run1,788000,1779276207.430310
approach4_mm2_run1,789000,1779276207.431863
approach4_mm2_run1,790000,1779276207.433402
approach4_mm2_run1,791000,1779276207.434977
approach4_mm2_run1,792000,1779276207.512116
approach4_mm2_run1,793000,1779276207.513654
approach4_mm2_run1,794000,1779276207.515250
approach4_mm2_run1,795000,1779276207.516814
approach4_mm2_run1,796000,1779276207.518394
approach4_mm2_run1,797000,1779276207.553380
approach4_mm2_run1,798000,1779276207.554943
approach4_mm2_run1,799000,1779276207.556485
approach4_mm2_run1,800000,1779276207.558023
approach4_mm2_run1,801000,1779276207.559580
approach4_mm2_run1,802000,1779276207.600491
approach4_mm2_run1,803000,1779276207.602021
approach4_mm2_run1,804000,1779276207.603568
approach4_mm2_run1,805000,1779276207.605120
approach4_mm2_run1,806000,1779276207.606668
approach4_mm2_run1,807000,1779276207.608210
approach4_mm2_run1,808000,1779276207.871400
approach4_mm2_run1,809000,1779276207.872950
approach4_mm2_run1,810000,1779276207.874511
approach4_mm2_run1,811000,1779276207.876091
approach4_mm2_run1,812000,1779276207.877648
approach4_mm2_run1,813000,1779276207.941901
approach4_mm2_run1,814000,1779276207.943461
approach4_mm2_run1,815000,1779276207.945044
approach4_mm2_run1,816000,1779276207.946610
approach4_mm2_run1,817000,1779276207.948171
approach4_mm2_run1,818000,1779276208.016529
approach4_mm2_run1,819000,1779276208.018080
approach4_mm2_run1,820000,1779276208.019629
approach4_mm2_run1,821000,1779276208.021159
approach4_mm2_run1,822000,1779276208.022709
approach4_mm2_run1,823000,1779276208.024262
approach4_mm2_run1,824000,1779276208.094281
approach4_mm2_run1,825000,1779276208.095875
approach4_mm2_run1,826000,1779276208.097428
approach4_mm2_run1,827000,1779276208.098997
approach4_mm2_run1,828000,1779276208.100563
approach4_mm2_run1,829000,1779276208.155883
approach4_mm2_run1,830000,1779276208.157426
approach4_mm2_run1,831000,1779276208.158988
approach4_mm2_run1,832000,1779276208.160541
approach4_mm2_run1,833000,1779276208.162098
approach4_mm2_run1,834000,1779276208.258343
approach4_mm2_run1,835000,1779276208.259938
approach4_mm2_run1,836000,1779276208.261503
approach4_mm2_run1,837000,1779276208.263065
approach4_mm2_run1,838000,1779276208.264627
approach4_mm2_run1,839000,1779276208.266218
approach4_mm2_run1,840000,1779276208.283568
approach4_mm2_run1,841000,1779276208.285133
approach4_mm2_run1,842000,1779276208.286693
approach4_mm2_run1,843000,1779276208.288261
approach4_mm2_run1,844000,1779276208.289820
approach4_mm2_run1,845000,1779276208.351518
approach4_mm2_run1,846000,1779276208.353060
approach4_mm2_run1,847000,1779276208.354613
approach4_mm2_run1,848000,1779276208.356179
approach4_mm2_run1,849000,1779276208.357727
approach4_mm2_run1,850000,1779276208.597511
approach4_mm2_run1,851000,1779276208.599076
approach4_mm2_run1,852000,1779276208.600630
approach4_mm2_run1,853000,1779276208.602184
approach4_mm2_run1,854000,1779276208.603803
approach4_mm2_run1,855000,1779276208.673264
approach4_mm2_run1,856000,1779276208.674839
approach4_mm2_run1,857000,1779276208.676393
approach4_mm2_run1,858000,1779276208.677938
approach4_mm2_run1,859000,1779276208.679505
approach4_mm2_run1,860000,1779276208.681068
approach4_mm2_run1,861000,1779276208.880153
approach4_mm2_run1,862000,1779276208.881724
approach4_mm2_run1,863000,1779276208.884005
approach4_mm2_run1,864000,1779276208.885663
approach4_mm2_run1,865000,1779276208.887227
approach4_mm2_run1,866000,1779276208.888794
approach4_mm2_run1,867000,1779276208.890343
approach4_mm2_run1,868000,1779276208.891891
approach4_mm2_run1,869000,1779276208.893431
approach4_mm2_run1,870000,1779276208.895023
approach4_mm2_run1,871000,1779276209.008520
approach4_mm2_run1,872000,1779276209.010123
approach4_mm2_run1,873000,1779276209.012139
approach4_mm2_run1,874000,1779276209.014022
approach4_mm2_run1,875000,1779276209.015637
approach4_mm2_run1,876000,1779276209.017194
approach4_mm2_run1,877000,1779276209.018765
approach4_mm2_run1,878000,1779276209.020319
approach4_mm2_run1,879000,1779276209.021871
approach4_mm2_run1,880000,1779276209.023444
approach4_mm2_run1,881000,1779276209.025033
approach4_mm2_run1,882000,1779276209.103585
approach4_mm2_run1,883000,1779276209.105157
approach4_mm2_run1,884000,1779276209.106709
approach4_mm2_run1,885000,1779276209.108252
approach4_mm2_run1,886000,1779276209.109801
approach4_mm2_run1,887000,1779276209.119485
approach4_mm2_run1,888000,1779276209.121027
approach4_mm2_run1,889000,1779276209.122585
approach4_mm2_run1,890000,1779276209.124136
approach4_mm2_run1,891000,1779276209.125718
approach4_mm2_run1,892000,1779276209.323051
approach4_mm2_run1,893000,1779276209.324601
approach4_mm2_run1,894000,1779276209.326170
approach4_mm2_run1,895000,1779276209.327735
approach4_mm2_run1,896000,1779276209.329287
approach4_mm2_run1,897000,1779276209.330859
approach4_mm2_run1,898000,1779276209.403991
approach4_mm2_run1,899000,1779276209.405584
approach4_mm2_run1,900000,1779276209.407149
approach4_mm2_run1,901000,1779276209.408702
approach4_mm2_run1,902000,1779276209.410260
approach4_mm2_run1,903000,1779276209.665661
approach4_mm2_run1,904000,1779276209.667211
approach4_mm2_run1,905000,1779276209.668745
approach4_mm2_run1,906000,1779276209.670279
approach4_mm2_run1,907000,1779276209.671816
approach4_mm2_run1,908000,1779276209.742399
approach4_mm2_run1,909000,1779276209.743947
approach4_mm2_run1,910000,1779276209.745510
approach4_mm2_run1,911000,1779276209.747064
approach4_mm2_run1,912000,1779276209.748619
approach4_mm2_run1,913000,1779276209.750175
approach4_mm2_run1,914000,1779276209.759574
approach4_mm2_run1,915000,1779276209.761113
approach4_mm2_run1,916000,1779276209.762670
approach4_mm2_run1,917000,1779276209.764209
approach4_mm2_run1,918000,1779276209.765784
approach4_mm2_run1,919000,1779276209.855201
approach4_mm2_run1,920000,1779276209.856758
approach4_mm2_run1,921000,1779276209.858317
approach4_mm2_run1,922000,1779276209.859870
approach4_mm2_run1,923000,1779276209.861390
approach4_mm2_run1,924000,1779276209.872808
approach4_mm2_run1,925000,1779276209.874348
approach4_mm2_run1,926000,1779276209.875911
approach4_mm2_run1,927000,1779276209.877436
approach4_mm2_run1,928000,1779276209.878978
approach4_mm2_run1,929000,1779276209.951032
approach4_mm2_run1,930000,1779276209.952558
approach4_mm2_run1,931000,1779276209.954087
approach4_mm2_run1,932000,1779276209.955654
approach4_mm2_run1,933000,1779276209.957197
approach4_mm2_run1,934000,1779276209.958751
approach4_mm2_run1,935000,1779276210.051335
approach4_mm2_run1,936000,1779276210.052870
approach4_mm2_run1,937000,1779276210.054421
approach4_mm2_run1,938000,1779276210.055990
approach4_mm2_run1,939000,1779276210.057532
approach4_mm2_run1,940000,1779276210.134954
approach4_mm2_run1,941000,1779276210.136486
approach4_mm2_run1,942000,1779276210.138015
approach4_mm2_run1,943000,1779276210.139556
approach4_mm2_run1,944000,1779276210.141082
approach4_mm2_run1,945000,1779276210.452308
approach4_mm2_run1,946000,1779276210.453846
approach4_mm2_run1,947000,1779276210.455422
approach4_mm2_run1,948000,1779276210.456955
approach4_mm2_run1,949000,1779276210.458508
approach4_mm2_run1,950000,1779276210.460050
approach4_mm2_run1,951000,1779276210.475818
approach4_mm2_run1,952000,1779276210.477363
approach4_mm2_run1,953000,1779276210.478920
approach4_mm2_run1,954000,1779276210.480475
approach4_mm2_run1,955000,1779276210.482035
approach4_mm2_run1,956000,1779276210.505239
approach4_mm2_run1,957000,1779276210.506788
approach4_mm2_run1,958000,1779276210.508329
approach4_mm2_run1,959000,1779276210.509869
approach4_mm2_run1,960000,1779276210.512366
approach4_mm2_run1,961000,1779276210.605103
approach4_mm2_run1,962000,1779276210.606689
approach4_mm2_run1,963000,1779276210.608245
approach4_mm2_run1,964000,1779276210.609803
approach4_mm2_run1,965000,1779276210.611378
approach4_mm2_run1,966000,1779276210.627782
approach4_mm2_run1,967000,1779276210.629348
approach4_mm2_run1,968000,1779276210.630922
approach4_mm2_run1,969000,1779276210.632480
approach4_mm2_run1,970000,1779276210.634040
approach4_mm2_run1,971000,1779276210.635635
approach4_mm2_run1,972000,1779276210.679449
approach4_mm2_run1,973000,1779276210.681000
approach4_mm2_run1,974000,1779276210.682566
approach4_mm2_run1,975000,1779276210.684135
approach4_mm2_run1,976000,1779276210.685724
approach4_mm2_run1,977000,1779276210.776572
approach4_mm2_run1,978000,1779276210.778131
approach4_mm2_run1,979000,1779276210.779720
approach4_mm2_run1,980000,1779276210.781292
approach4_mm2_run1,981000,1779276210.782876
approach4_mm2_run1,982000,1779276210.863966
approach4_mm2_run1,983000,1779276210.865544
approach4_mm2_run1,984000,1779276210.867109
approach4_mm2_run1,985000,1779276210.868665
approach4_mm2_run1,986000,1779276210.870226
approach4_mm2_run1,987000,1779276210.871807
approach4_mm2_run1,988000,1779276211.204019
approach4_mm2_run1,989000,1779276211.205610
approach4_mm2_run1,990000,1779276211.207185
approach4_mm2_run1,991000,1779276211.208750
approach4_mm2_run1,992000,1779276211.210334
approach4_mm2_run1,993000,1779276211.233753
approach4_mm2_run1,994000,1779276211.235339
approach4_mm2_run1,995000,1779276211.236900
approach4_mm2_run1,996000,1779276211.238469
approach4_mm2_run1,997000,1779276211.240039
approach4_mm2_run1,998000,1779276211.254354
approach4_mm2_run1,999000,1779276211.255933
approach4_mm2_run1,1000000,1779276211.257493
approach4_mm2_run1,1001000,1779276211.259093
approach4_mm2_run1,1002000,1779276211.260659
approach4_mm2_run1,1003000,1779276211.356052
approach4_mm2_run1,1004000,1779276211.357605
approach4_mm2_run1,1005000,1779276211.359171
approach4_mm2_run1,1006000,1779276211.360727
approach4_mm2_run1,1007000,1779276211.362283
approach4_mm2_run1,1008000,1779276211.363859
approach4_mm2_run1,1009000,1779276211.384641
approach4_mm2_run1,1010000,1779276211.386223
approach4_mm2_run1,1011000,1779276211.387792
approach4_mm2_run1,1012000,1779276211.389354
approach4_mm2_run1,1013000,1779276211.390932
approach4_mm2_run1,1014000,1779276211.406522
approach4_mm2_run1,1015000,1779276211.408077
approach4_mm2_run1,1016000,1779276211.409635
approach4_mm2_run1,1017000,1779276211.411211
approach4_mm2_run1,1018000,1779276211.412786
approach4_mm2_run1,1019000,1779276211.505395
approach4_mm2_run1,1020000,1779276211.506964
approach4_mm2_run1,1021000,1779276211.508529
approach4_mm2_run1,1022000,1779276211.510091
approach4_mm2_run1,1023000,1779276211.511667
approach4_mm2_run1,1024000,1779276211.513288
approach4_mm2_run1,1025000,1779276211.598531
approach4_mm2_run1,1026000,1779276211.600077
approach4_mm2_run1,1027000,1779276211.601628
approach4_mm2_run1,1028000,1779276211.603194
approach4_mm2_run1,1029000,1779276211.604764
approach4_mm2_run1,1030000,1779276211.936546
approach4_mm2_run1,1031000,1779276211.938112
approach4_mm2_run1,1032000,1779276211.939692
approach4_mm2_run1,1033000,1779276211.941257
approach4_mm2_run1,1034000,1779276211.942840
approach4_mm2_run1,1035000,1779276212.004718
approach4_mm2_run1,1036000,1779276212.006294
approach4_mm2_run1,1037000,1779276212.007857
approach4_mm2_run1,1038000,1779276212.009412
approach4_mm2_run1,1039000,1779276212.010986
approach4_mm2_run1,1040000,1779276212.019661
approach4_mm2_run1,1041000,1779276212.021215
approach4_mm2_run1,1042000,1779276212.022783
approach4_mm2_run1,1043000,1779276212.024338
approach4_mm2_run1,1044000,1779276212.025921
approach4_mm2_run1,1045000,1779276212.027495
approach4_mm2_run1,1046000,1779276212.110343
approach4_mm2_run1,1047000,1779276212.111900
approach4_mm2_run1,1048000,1779276212.113451
approach4_mm2_run1,1049000,1779276212.115048
approach4_mm2_run1,1050000,1779276212.116611
approach4_mm2_run1,1051000,1779276212.137108
approach4_mm2_run1,1052000,1779276212.139088
approach4_mm2_run1,1053000,1779276212.141009
approach4_mm2_run1,1054000,1779276212.142582
approach4_mm2_run1,1055000,1779276212.144144
approach4_mm2_run1,1056000,1779276212.145733
approach4_mm2_run1,1057000,1779276212.147307
approach4_mm2_run1,1058000,1779276212.148864
approach4_mm2_run1,1059000,1779276212.150430
approach4_mm2_run1,1060000,1779276212.151988
approach4_mm2_run1,1061000,1779276212.153552
approach4_mm2_run1,1062000,1779276212.232960
approach4_mm2_run1,1063000,1779276212.234522
approach4_mm2_run1,1064000,1779276212.236108
approach4_mm2_run1,1065000,1779276212.237670
approach4_mm2_run1,1066000,1779276212.239241
approach4_mm2_run1,1067000,1779276212.328869
approach4_mm2_run1,1068000,1779276212.330431
approach4_mm2_run1,1069000,1779276212.331984
approach4_mm2_run1,1070000,1779276212.333544
approach4_mm2_run1,1071000,1779276212.335146
approach4_mm2_run1,1072000,1779276212.663154
approach4_mm2_run1,1073000,1779276212.664717
approach4_mm2_run1,1074000,1779276212.666302
approach4_mm2_run1,1075000,1779276212.667877
approach4_mm2_run1,1076000,1779276212.669453
approach4_mm2_run1,1077000,1779276212.754505
approach4_mm2_run1,1078000,1779276212.756092
approach4_mm2_run1,1079000,1779276212.757655
approach4_mm2_run1,1080000,1779276212.759235
approach4_mm2_run1,1081000,1779276212.760802
approach4_mm2_run1,1082000,1779276212.762382
approach4_mm2_run1,1083000,1779276212.805128
approach4_mm2_run1,1084000,1779276212.806702
approach4_mm2_run1,1085000,1779276212.808255
approach4_mm2_run1,1086000,1779276212.809804
approach4_mm2_run1,1087000,1779276212.811423
approach4_mm2_run1,1088000,1779276212.862178
approach4_mm2_run1,1089000,1779276212.863864
approach4_mm2_run1,1090000,1779276212.866097
approach4_mm2_run1,1091000,1779276212.867668
approach4_mm2_run1,1092000,1779276212.869227
approach4_mm2_run1,1093000,1779276212.870799
approach4_mm2_run1,1094000,1779276212.872352
approach4_mm2_run1,1095000,1779276212.873906
approach4_mm2_run1,1096000,1779276212.875508
approach4_mm2_run1,1097000,1779276212.877069
approach4_mm2_run1,1098000,1779276212.878645
approach4_mm2_run1,1099000,1779276212.892596
approach4_mm2_run1,1100000,1779276212.894157
approach4_mm2_run1,1101000,1779276212.895751
approach4_mm2_run1,1102000,1779276212.897311
approach4_mm2_run1,1103000,1779276212.898887
approach4_mm2_run1,1104000,1779276212.958792
approach4_mm2_run1,1105000,1779276212.960346
approach4_mm2_run1,1106000,1779276212.961904
approach4_mm2_run1,1107000,1779276212.963494
approach4_mm2_run1,1108000,1779276212.965089
approach4_mm2_run1,1109000,1779276213.059753
approach4_mm2_run1,1110000,1779276213.061308
approach4_mm2_run1,1111000,1779276213.062874
approach4_mm2_run1,1112000,1779276213.064420
approach4_mm2_run1,1113000,1779276213.066009
approach4_mm2_run1,1114000,1779276213.499546
approach4_mm2_run1,1115000,1779276213.501110
approach4_mm2_run1,1116000,1779276213.502686
approach4_mm2_run1,1117000,1779276213.504249
approach4_mm2_run1,1118000,1779276213.505844
approach4_mm2_run1,1119000,1779276213.507425
approach4_mm2_run1,1120000,1779276213.593711
approach4_mm2_run1,1121000,1779276213.595610
approach4_mm2_run1,1122000,1779276213.597611
approach4_mm2_run1,1123000,1779276213.599175
approach4_mm2_run1,1124000,1779276213.600724
approach4_mm2_run1,1125000,1779276213.602273
approach4_mm2_run1,1126000,1779276213.603833
approach4_mm2_run1,1127000,1779276213.605406
approach4_mm2_run1,1128000,1779276213.607001
approach4_mm2_run1,1129000,1779276213.608555
approach4_mm2_run1,1130000,1779276213.611062
approach4_mm2_run1,1131000,1779276213.612619
approach4_mm2_run1,1132000,1779276213.614184
approach4_mm2_run1,1133000,1779276213.615781
approach4_mm2_run1,1134000,1779276213.617338
approach4_mm2_run1,1135000,1779276213.618913
approach4_mm2_run1,1136000,1779276213.648775
approach4_mm2_run1,1137000,1779276213.650331
approach4_mm2_run1,1138000,1779276213.651893
approach4_mm2_run1,1139000,1779276213.653451
approach4_mm2_run1,1140000,1779276213.655056
approach4_mm2_run1,1141000,1779276213.686126
approach4_mm2_run1,1142000,1779276213.687697
approach4_mm2_run1,1143000,1779276213.689260
approach4_mm2_run1,1144000,1779276213.690850
approach4_mm2_run1,1145000,1779276213.692415
approach4_mm2_run1,1146000,1779276213.733204
approach4_mm2_run1,1147000,1779276213.734783
approach4_mm2_run1,1148000,1779276213.736371
approach4_mm2_run1,1149000,1779276213.737931
approach4_mm2_run1,1150000,1779276213.739577
approach4_mm2_run1,1151000,1779276213.789680
approach4_mm2_run1,1152000,1779276213.791227
approach4_mm2_run1,1153000,1779276213.792779
approach4_mm2_run1,1154000,1779276213.794340
approach4_mm2_run1,1155000,1779276213.795928
approach4_mm2_run1,1156000,1779276213.797497
approach4_mm2_run1,1157000,1779276214.247428
approach4_mm2_run1,1158000,1779276214.248995
approach4_mm2_run1,1159000,1779276214.250573
approach4_mm2_run1,1160000,1779276214.252133
approach4_mm2_run1,1161000,1779276214.253705
approach4_mm2_run1,1162000,1779276214.321677
approach4_mm2_run1,1163000,1779276214.323243
approach4_mm2_run1,1164000,1779276214.324796
approach4_mm2_run1,1165000,1779276214.326408
approach4_mm2_run1,1166000,1779276214.327990
approach4_mm2_run1,1167000,1779276214.362089
approach4_mm2_run1,1168000,1779276214.363650
approach4_mm2_run1,1169000,1779276214.365226
approach4_mm2_run1,1170000,1779276214.366818
approach4_mm2_run1,1171000,1779276214.368391
approach4_mm2_run1,1172000,1779276214.369951
approach4_mm2_run1,1173000,1779276214.385932
approach4_mm2_run1,1174000,1779276214.387497
approach4_mm2_run1,1175000,1779276214.389045
approach4_mm2_run1,1176000,1779276214.390612
approach4_mm2_run1,1177000,1779276214.392184
approach4_mm2_run1,1178000,1779276214.402418
approach4_mm2_run1,1179000,1779276214.404003
approach4_mm2_run1,1180000,1779276214.405574
approach4_mm2_run1,1181000,1779276214.407143
approach4_mm2_run1,1182000,1779276214.408727
approach4_mm2_run1,1183000,1779276214.411560
approach4_mm2_run1,1184000,1779276214.413121
approach4_mm2_run1,1185000,1779276214.414689
approach4_mm2_run1,1186000,1779276214.416265
approach4_mm2_run1,1187000,1779276214.417829
approach4_mm2_run1,1188000,1779276214.461414
approach4_mm2_run1,1189000,1779276214.462977
approach4_mm2_run1,1190000,1779276214.464541
approach4_mm2_run1,1191000,1779276214.466138
approach4_mm2_run1,1192000,1779276214.467715
approach4_mm2_run1,1193000,1779276214.469290
approach4_mm2_run1,1194000,1779276214.520537
approach4_mm2_run1,1195000,1779276214.522089
approach4_mm2_run1,1196000,1779276214.523659
approach4_mm2_run1,1197000,1779276214.525243
approach4_mm2_run1,1198000,1779276214.526821
approach4_mm2_run1,1199000,1779276214.995272
approach4_mm2_run1,1200000,1779276214.996824
approach4_mm2_run1,1201000,1779276214.998381
approach4_mm2_run1,1202000,1779276214.999945
approach4_mm2_run1,1203000,1779276215.001517
approach4_mm2_run1,1204000,1779276215.048404
approach4_mm2_run1,1205000,1779276215.049961
approach4_mm2_run1,1206000,1779276215.051527
approach4_mm2_run1,1207000,1779276215.053081
approach4_mm2_run1,1208000,1779276215.054657
approach4_mm2_run1,1209000,1779276215.056273
approach4_mm2_run1,1210000,1779276215.115070
approach4_mm2_run1,1211000,1779276215.116634
approach4_mm2_run1,1212000,1779276215.118196
approach4_mm2_run1,1213000,1779276215.119807
approach4_mm2_run1,1214000,1779276215.121385
approach4_mm2_run1,1215000,1779276215.138108
approach4_mm2_run1,1216000,1779276215.139700
approach4_mm2_run1,1217000,1779276215.141251
approach4_mm2_run1,1218000,1779276215.142817
approach4_mm2_run1,1219000,1779276215.144381
approach4_mm2_run1,1220000,1779276215.154631
approach4_mm2_run1,1221000,1779276215.156198
approach4_mm2_run1,1222000,1779276215.157748
approach4_mm2_run1,1223000,1779276215.159362
approach4_mm2_run1,1224000,1779276215.161503
approach4_mm2_run1,1225000,1779276215.163388
approach4_mm2_run1,1226000,1779276215.164959
approach4_mm2_run1,1227000,1779276215.166527
approach4_mm2_run1,1228000,1779276215.168084
approach4_mm2_run1,1229000,1779276215.169647
approach4_mm2_run1,1230000,1779276215.171235
approach4_mm2_run1,1231000,1779276215.191867
approach4_mm2_run1,1232000,1779276215.193430
approach4_mm2_run1,1233000,1779276215.195030
approach4_mm2_run1,1234000,1779276215.196601
approach4_mm2_run1,1235000,1779276215.198172
approach4_mm2_run1,1236000,1779276215.250155
approach4_mm2_run1,1237000,1779276215.251735
approach4_mm2_run1,1238000,1779276215.253286
approach4_mm2_run1,1239000,1779276215.254875
approach4_mm2_run1,1240000,1779276215.256440
approach4_mm2_run1,1241000,1779276215.745847
approach4_mm2_run1,1242000,1779276215.747433
approach4_mm2_run1,1243000,1779276215.749005
approach4_mm2_run1,1244000,1779276215.750582
approach4_mm2_run1,1245000,1779276215.752155
approach4_mm2_run1,1246000,1779276215.753728
approach4_mm2_run1,1247000,1779276215.776690
approach4_mm2_run1,1248000,1779276215.778248
approach4_mm2_run1,1249000,1779276215.779815
approach4_mm2_run1,1250000,1779276215.781379
approach4_mm2_run1,1251000,1779276215.782968
approach4_mm2_run1,1252000,1779276215.864855
approach4_mm2_run1,1253000,1779276215.866430
approach4_mm2_run1,1254000,1779276215.867996
approach4_mm2_run1,1255000,1779276215.869552
approach4_mm2_run1,1256000,1779276215.871128
approach4_mm2_run1,1257000,1779276215.911664
approach4_mm2_run1,1258000,1779276215.913229
approach4_mm2_run1,1259000,1779276215.914839
approach4_mm2_run1,1260000,1779276215.916408
approach4_mm2_run1,1261000,1779276215.918011
approach4_mm2_run1,1262000,1779276215.920557
approach4_mm2_run1,1263000,1779276215.922118
approach4_mm2_run1,1264000,1779276215.923692
approach4_mm2_run1,1265000,1779276215.925275
approach4_mm2_run1,1266000,1779276215.926860
approach4_mm2_run1,1267000,1779276215.928447
approach4_mm2_run1,1268000,1779276215.949707
approach4_mm2_run1,1269000,1779276215.951278
approach4_mm2_run1,1270000,1779276215.952833
approach4_mm2_run1,1271000,1779276215.954402
approach4_mm2_run1,1272000,1779276215.956000
approach4_mm2_run1,1273000,1779276215.981284
approach4_mm2_run1,1274000,1779276215.982852
approach4_mm2_run1,1275000,1779276215.984414
approach4_mm2_run1,1276000,1779276215.986044
approach4_mm2_run1,1277000,1779276215.987637
approach4_mm2_run1,1278000,1779276216.206107
approach4_mm2_run1,1279000,1779276216.207681
approach4_mm2_run1,1280000,1779276216.209246
approach4_mm2_run1,1281000,1779276216.210826
approach4_mm2_run1,1282000,1779276216.212395
approach4_mm2_run1,1283000,1779276216.213964
approach4_mm2_run1,1284000,1779276216.493500
approach4_mm2_run1,1285000,1779276216.495107
approach4_mm2_run1,1286000,1779276216.496665
approach4_mm2_run1,1287000,1779276216.498231
approach4_mm2_run1,1288000,1779276216.499802
approach4_mm2_run1,1289000,1779276216.503678
approach4_mm2_run1,1290000,1779276216.505247
approach4_mm2_run1,1291000,1779276216.506807
approach4_mm2_run1,1292000,1779276216.508366
approach4_mm2_run1,1293000,1779276216.509936
approach4_mm2_run1,1294000,1779276216.613705
approach4_mm2_run1,1295000,1779276216.615291
approach4_mm2_run1,1296000,1779276216.616857
approach4_mm2_run1,1297000,1779276216.618430
approach4_mm2_run1,1298000,1779276216.620012
approach4_mm2_run1,1299000,1779276216.649261
approach4_mm2_run1,1300000,1779276216.650857
approach4_mm2_run1,1301000,1779276216.652419
approach4_mm2_run1,1302000,1779276216.653981
approach4_mm2_run1,1303000,1779276216.655581
approach4_mm2_run1,1304000,1779276216.657155
approach4_mm2_run1,1305000,1779276216.666967
approach4_mm2_run1,1306000,1779276216.668523
approach4_mm2_run1,1307000,1779276216.670083
approach4_mm2_run1,1308000,1779276216.671671
approach4_mm2_run1,1309000,1779276216.673260
approach4_mm2_run1,1310000,1779276216.712039
approach4_mm2_run1,1311000,1779276216.713596
approach4_mm2_run1,1312000,1779276216.715188
approach4_mm2_run1,1313000,1779276216.716748
approach4_mm2_run1,1314000,1779276216.718310
approach4_mm2_run1,1315000,1779276216.732113
approach4_mm2_run1,1316000,1779276216.733672
approach4_mm2_run1,1317000,1779276216.735264
approach4_mm2_run1,1318000,1779276216.736817
approach4_mm2_run1,1319000,1779276216.738388
approach4_mm2_run1,1320000,1779276216.739962
approach4_mm2_run1,1321000,1779276216.933460
approach4_mm2_run1,1322000,1779276216.935067
approach4_mm2_run1,1323000,1779276216.936625
approach4_mm2_run1,1324000,1779276216.938185
approach4_mm2_run1,1325000,1779276216.939765
approach4_mm2_run1,1326000,1779276217.232002
approach4_mm2_run1,1327000,1779276217.233549
approach4_mm2_run1,1328000,1779276217.235137
approach4_mm2_run1,1329000,1779276217.236693
approach4_mm2_run1,1330000,1779276217.238252
approach4_mm2_run1,1331000,1779276217.366907
approach4_mm2_run1,1332000,1779276217.368469
approach4_mm2_run1,1333000,1779276217.370029
approach4_mm2_run1,1334000,1779276217.371608
approach4_mm2_run1,1335000,1779276217.373173
approach4_mm2_run1,1336000,1779276217.377259
approach4_mm2_run1,1337000,1779276217.378833
approach4_mm2_run1,1338000,1779276217.380396
approach4_mm2_run1,1339000,1779276217.382012
approach4_mm2_run1,1340000,1779276217.383609
approach4_mm2_run1,1341000,1779276217.385211
approach4_mm2_run1,1342000,1779276217.420966
approach4_mm2_run1,1343000,1779276217.422538
approach4_mm2_run1,1344000,1779276217.424093
approach4_mm2_run1,1345000,1779276217.425674
approach4_mm2_run1,1346000,1779276217.427247
approach4_mm2_run1,1347000,1779276217.442584
approach4_mm2_run1,1348000,1779276217.444150
approach4_mm2_run1,1349000,1779276217.445728
approach4_mm2_run1,1350000,1779276217.447298
approach4_mm2_run1,1351000,1779276217.448847
approach4_mm2_run1,1352000,1779276217.518565
approach4_mm2_run1,1353000,1779276217.520123
approach4_mm2_run1,1354000,1779276217.521685
approach4_mm2_run1,1355000,1779276217.523256
approach4_mm2_run1,1356000,1779276217.524840
approach4_mm2_run1,1357000,1779276217.526419
approach4_mm2_run1,1358000,1779276217.588958
approach4_mm2_run1,1359000,1779276217.590541
approach4_mm2_run1,1360000,1779276217.592084
approach4_mm2_run1,1361000,1779276217.593635
approach4_mm2_run1,1362000,1779276217.595240
approach4_mm2_run1,1363000,1779276217.658565
approach4_mm2_run1,1364000,1779276217.660127
approach4_mm2_run1,1365000,1779276217.661686
approach4_mm2_run1,1366000,1779276217.663260
approach4_mm2_run1,1367000,1779276217.664845
approach4_mm2_run1,1368000,1779276217.958612
approach4_mm2_run1,1369000,1779276217.960187
approach4_mm2_run1,1370000,1779276217.961761
approach4_mm2_run1,1371000,1779276217.963341
approach4_mm2_run1,1372000,1779276217.964932
approach4_mm2_run1,1373000,1779276218.105738
approach4_mm2_run1,1374000,1779276218.107315
approach4_mm2_run1,1375000,1779276218.108886
approach4_mm2_run1,1376000,1779276218.110466
approach4_mm2_run1,1377000,1779276218.112041
approach4_mm2_run1,1378000,1779276218.113614
approach4_mm2_run1,1379000,1779276218.173699
approach4_mm2_run1,1380000,1779276218.175804
approach4_mm2_run1,1381000,1779276218.177567
approach4_mm2_run1,1382000,1779276218.179145
approach4_mm2_run1,1383000,1779276218.180714
approach4_mm2_run1,1384000,1779276218.182280
approach4_mm2_run1,1385000,1779276218.183869
approach4_mm2_run1,1386000,1779276218.185475
approach4_mm2_run1,1387000,1779276218.187065
approach4_mm2_run1,1388000,1779276218.188648
approach4_mm2_run1,1389000,1779276218.310139
approach4_mm2_run1,1390000,1779276218.311713
approach4_mm2_run1,1391000,1779276218.313270
approach4_mm2_run1,1392000,1779276218.314866
approach4_mm2_run1,1393000,1779276218.316442
approach4_mm2_run1,1394000,1779276218.318020
approach4_mm2_run1,1395000,1779276218.338001
approach4_mm2_run1,1396000,1779276218.339586
approach4_mm2_run1,1397000,1779276218.341163
approach4_mm2_run1,1398000,1779276218.342752
approach4_mm2_run1,1399000,1779276218.344331
approach4_mm2_run1,1400000,1779276218.384231
approach4_mm2_run1,1401000,1779276218.385811
approach4_mm2_run1,1402000,1779276218.387444
approach4_mm2_run1,1403000,1779276218.389029
approach4_mm2_run1,1404000,1779276218.390609
approach4_mm2_run1,1405000,1779276218.463475
approach4_mm2_run1,1406000,1779276218.465069
approach4_mm2_run1,1407000,1779276218.466638
approach4_mm2_run1,1408000,1779276218.468195
approach4_mm2_run1,1409000,1779276218.469757
approach4_mm2_run1,1410000,1779276218.699759
approach4_mm2_run1,1411000,1779276218.701314
approach4_mm2_run1,1412000,1779276218.702879
approach4_mm2_run1,1413000,1779276218.704436
approach4_mm2_run1,1414000,1779276218.706024
approach4_mm2_run1,1415000,1779276218.707601
approach4_mm2_run1,1416000,1779276218.834294
approach4_mm2_run1,1417000,1779276218.835891
approach4_mm2_run1,1418000,1779276218.837456
approach4_mm2_run1,1419000,1779276218.839034
approach4_mm2_run1,1420000,1779276218.840594
approach4_mm2_run1,1421000,1779276218.902856
approach4_mm2_run1,1422000,1779276218.904414
approach4_mm2_run1,1423000,1779276218.905987
approach4_mm2_run1,1424000,1779276218.907551
approach4_mm2_run1,1425000,1779276218.909111
approach4_mm2_run1,1426000,1779276218.927122
approach4_mm2_run1,1427000,1779276218.928677
approach4_mm2_run1,1428000,1779276218.930235
approach4_mm2_run1,1429000,1779276218.931806
approach4_mm2_run1,1430000,1779276218.933386
approach4_mm2_run1,1431000,1779276218.934996
approach4_mm2_run1,1432000,1779276219.084898
approach4_mm2_run1,1433000,1779276219.087095
approach4_mm2_run1,1434000,1779276219.088882
approach4_mm2_run1,1435000,1779276219.090465
approach4_mm2_run1,1436000,1779276219.092037
approach4_mm2_run1,1437000,1779276219.093615
approach4_mm2_run1,1438000,1779276219.095232
approach4_mm2_run1,1439000,1779276219.096840
approach4_mm2_run1,1440000,1779276219.098453
approach4_mm2_run1,1441000,1779276219.100068
approach4_mm2_run1,1442000,1779276219.109231
approach4_mm2_run1,1443000,1779276219.110821
approach4_mm2_run1,1444000,1779276219.112410
approach4_mm2_run1,1445000,1779276219.114007
approach4_mm2_run1,1446000,1779276219.115632
approach4_mm2_run1,1447000,1779276219.214785
approach4_mm2_run1,1448000,1779276219.216384
approach4_mm2_run1,1449000,1779276219.217987
approach4_mm2_run1,1450000,1779276219.219594
approach4_mm2_run1,1451000,1779276219.221181
approach4_mm2_run1,1452000,1779276219.222791
approach4_mm2_run1,1453000,1779276219.520124
approach4_mm2_run1,1454000,1779276219.521704
approach4_mm2_run1,1455000,1779276219.523280
approach4_mm2_run1,1456000,1779276219.524895
approach4_mm2_run1,1457000,1779276219.526510
approach4_mm2_run1,1458000,1779276219.733655
approach4_mm2_run1,1459000,1779276219.735291
approach4_mm2_run1,1460000,1779276219.736937
approach4_mm2_run1,1461000,1779276219.739034
approach4_mm2_run1,1462000,1779276219.740934
approach4_mm2_run1,1463000,1779276219.742553
approach4_mm2_run1,1464000,1779276219.744158
approach4_mm2_run1,1465000,1779276219.745801
approach4_mm2_run1,1466000,1779276219.747413
approach4_mm2_run1,1467000,1779276219.748986
approach4_mm2_run1,1468000,1779276219.750637
approach4_mm2_run1,1469000,1779276219.754125
approach4_mm2_run1,1470000,1779276219.755738
approach4_mm2_run1,1471000,1779276219.757312
approach4_mm2_run1,1472000,1779276219.758926
approach4_mm2_run1,1473000,1779276219.760537
approach4_mm2_run1,1474000,1779276219.834247
approach4_mm2_run1,1475000,1779276219.835960
approach4_mm2_run1,1476000,1779276219.838164
approach4_mm2_run1,1477000,1779276219.839741
approach4_mm2_run1,1478000,1779276219.841338
approach4_mm2_run1,1479000,1779276219.842922
approach4_mm2_run1,1480000,1779276219.844501
approach4_mm2_run1,1481000,1779276219.846113
approach4_mm2_run1,1482000,1779276219.847731
approach4_mm2_run1,1483000,1779276219.849337
approach4_mm2_run1,1484000,1779276219.874106
approach4_mm2_run1,1485000,1779276219.875726
approach4_mm2_run1,1486000,1779276219.877304
approach4_mm2_run1,1487000,1779276219.878874
approach4_mm2_run1,1488000,1779276219.880449
approach4_mm2_run1,1489000,1779276219.882046
approach4_mm2_run1,1490000,1779276219.966240
approach4_mm2_run1,1491000,1779276219.967833
approach4_mm2_run1,1492000,1779276219.969398
approach4_mm2_run1,1493000,1779276219.970994
approach4_mm2_run1,1494000,1779276219.972589
approach4_mm2_run1,1495000,1779276220.247992
approach4_mm2_run1,1496000,1779276220.249584
approach4_mm2_run1,1497000,1779276220.251180
approach4_mm2_run1,1498000,1779276220.252766
approach4_mm2_run1,1499000,1779276220.254360
approach4_mm2_run1,1500000,1779276220.462246
approach4_mm2_run1,1501000,1779276220.463879
approach4_mm2_run1,1502000,1779276220.465498
approach4_mm2_run1,1503000,1779276220.467121
approach4_mm2_run1,1504000,1779276220.468757
approach4_mm2_run1,1505000,1779276220.471251
approach4_mm2_run1,1506000,1779276220.472833
approach4_mm2_run1,1507000,1779276220.474406
approach4_mm2_run1,1508000,1779276220.476169
approach4_mm2_run1,1509000,1779276220.477721
approach4_mm2_run1,1510000,1779276220.479324
approach4_mm2_run1,1511000,1779276220.499942
approach4_mm2_run1,1512000,1779276220.501535
approach4_mm2_run1,1513000,1779276220.503133
approach4_mm2_run1,1514000,1779276220.504721
approach4_mm2_run1,1515000,1779276220.506346
approach4_mm2_run1,1516000,1779276220.561804
approach4_mm2_run1,1517000,1779276220.563406
approach4_mm2_run1,1518000,1779276220.565025
approach4_mm2_run1,1519000,1779276220.566638
approach4_mm2_run1,1520000,1779276220.568205
approach4_mm2_run1,1521000,1779276220.582041
approach4_mm2_run1,1522000,1779276220.583645
approach4_mm2_run1,1523000,1779276220.585271
approach4_mm2_run1,1524000,1779276220.586843
approach4_mm2_run1,1525000,1779276220.588466
approach4_mm2_run1,1526000,1779276220.590072
approach4_mm2_run1,1527000,1779276220.665259
approach4_mm2_run1,1528000,1779276220.666900
approach4_mm2_run1,1529000,1779276220.668510
approach4_mm2_run1,1530000,1779276220.670101
approach4_mm2_run1,1531000,1779276220.671707
approach4_mm2_run1,1532000,1779276220.718772
approach4_mm2_run1,1533000,1779276220.720333
approach4_mm2_run1,1534000,1779276220.721904
approach4_mm2_run1,1535000,1779276220.723479
approach4_mm2_run1,1536000,1779276220.725084
approach4_mm2_run1,1537000,1779276220.975994
approach4_mm2_run1,1538000,1779276220.977571
approach4_mm2_run1,1539000,1779276220.979197
approach4_mm2_run1,1540000,1779276220.980776
approach4_mm2_run1,1541000,1779276220.982369
approach4_mm2_run1,1542000,1779276220.983978
approach4_mm2_run1,1543000,1779276221.192718
approach4_mm2_run1,1544000,1779276221.194334
approach4_mm2_run1,1545000,1779276221.195971
approach4_mm2_run1,1546000,1779276221.197604
approach4_mm2_run1,1547000,1779276221.199244
approach4_mm2_run1,1548000,1779276221.201747
approach4_mm2_run1,1549000,1779276221.203380
approach4_mm2_run1,1550000,1779276221.204989
approach4_mm2_run1,1551000,1779276221.206543
approach4_mm2_run1,1552000,1779276221.208162
approach4_mm2_run1,1553000,1779276221.245536
approach4_mm2_run1,1554000,1779276221.247145
approach4_mm2_run1,1555000,1779276221.248728
approach4_mm2_run1,1556000,1779276221.250340
approach4_mm2_run1,1557000,1779276221.251951
approach4_mm2_run1,1558000,1779276221.288779
approach4_mm2_run1,1559000,1779276221.290373
approach4_mm2_run1,1560000,1779276221.291974
approach4_mm2_run1,1561000,1779276221.293555
approach4_mm2_run1,1562000,1779276221.295185
approach4_mm2_run1,1563000,1779276221.296749
approach4_mm2_run1,1564000,1779276221.330414
approach4_mm2_run1,1565000,1779276221.331994
approach4_mm2_run1,1566000,1779276221.333573
approach4_mm2_run1,1567000,1779276221.335198
approach4_mm2_run1,1568000,1779276221.336801
approach4_mm2_run1,1569000,1779276221.456582
approach4_mm2_run1,1570000,1779276221.458167
approach4_mm2_run1,1571000,1779276221.459756
approach4_mm2_run1,1572000,1779276221.461329
approach4_mm2_run1,1573000,1779276221.462934
approach4_mm2_run1,1574000,1779276221.469834
approach4_mm2_run1,1575000,1779276221.471436
approach4_mm2_run1,1576000,1779276221.473026
approach4_mm2_run1,1577000,1779276221.474615
approach4_mm2_run1,1578000,1779276221.476223
approach4_mm2_run1,1579000,1779276221.477818
approach4_mm2_run1,1580000,1779276221.922945
approach4_mm2_run1,1581000,1779276221.924534
approach4_mm2_run1,1582000,1779276221.926169
approach4_mm2_run1,1583000,1779276221.927816
approach4_mm2_run1,1584000,1779276221.929511
approach4_mm2_run1,1585000,1779276221.931989
approach4_mm2_run1,1586000,1779276221.933574
approach4_mm2_run1,1587000,1779276221.935193
approach4_mm2_run1,1588000,1779276221.936790
approach4_mm2_run1,1589000,1779276221.938385
approach4_mm2_run1,1590000,1779276221.991163
approach4_mm2_run1,1591000,1779276221.992793
approach4_mm2_run1,1592000,1779276221.994390
approach4_mm2_run1,1593000,1779276221.995998
approach4_mm2_run1,1594000,1779276221.997558
approach4_mm2_run1,1595000,1779276222.013852
approach4_mm2_run1,1596000,1779276222.015474
approach4_mm2_run1,1597000,1779276222.017051
approach4_mm2_run1,1598000,1779276222.018675
approach4_mm2_run1,1599000,1779276222.020280
approach4_mm2_run1,1600000,1779276222.021882
approach4_mm2_run1,1601000,1779276222.052434
approach4_mm2_run1,1602000,1779276222.054032
approach4_mm2_run1,1603000,1779276222.055656
approach4_mm2_run1,1604000,1779276222.057247
approach4_mm2_run1,1605000,1779276222.058860
approach4_mm2_run1,1606000,1779276222.078226
approach4_mm2_run1,1607000,1779276222.079836
approach4_mm2_run1,1608000,1779276222.081425
approach4_mm2_run1,1609000,1779276222.083033
approach4_mm2_run1,1610000,1779276222.084626
approach4_mm2_run1,1611000,1779276222.218454
approach4_mm2_run1,1612000,1779276222.220055
approach4_mm2_run1,1613000,1779276222.221658
approach4_mm2_run1,1614000,1779276222.223253
approach4_mm2_run1,1615000,1779276222.224870
approach4_mm2_run1,1616000,1779276222.226499
approach4_mm2_run1,1617000,1779276222.232106
approach4_mm2_run1,1618000,1779276222.233701
approach4_mm2_run1,1619000,1779276222.235339
approach4_mm2_run1,1620000,1779276222.236903
approach4_mm2_run1,1621000,1779276222.238514
approach4_mm2_run1,1622000,1779276222.649995
approach4_mm2_run1,1623000,1779276222.651620
approach4_mm2_run1,1624000,1779276222.653229
approach4_mm2_run1,1625000,1779276222.654855
approach4_mm2_run1,1626000,1779276222.656466
approach4_mm2_run1,1627000,1779276222.661472
approach4_mm2_run1,1628000,1779276222.663072
approach4_mm2_run1,1629000,1779276222.664670
approach4_mm2_run1,1630000,1779276222.666298
approach4_mm2_run1,1631000,1779276222.667907
approach4_mm2_run1,1632000,1779276222.739585
approach4_mm2_run1,1633000,1779276222.741231
approach4_mm2_run1,1634000,1779276222.742825
approach4_mm2_run1,1635000,1779276222.744421
approach4_mm2_run1,1636000,1779276222.746047
approach4_mm2_run1,1637000,1779276222.747684
approach4_mm2_run1,1638000,1779276222.751127
approach4_mm2_run1,1639000,1779276222.752749
approach4_mm2_run1,1640000,1779276222.754361
approach4_mm2_run1,1641000,1779276222.756012
approach4_mm2_run1,1642000,1779276222.757617
approach4_mm2_run1,1643000,1779276222.782249
approach4_mm2_run1,1644000,1779276222.783820
approach4_mm2_run1,1645000,1779276222.785424
approach4_mm2_run1,1646000,1779276222.787023
approach4_mm2_run1,1647000,1779276222.788602
approach4_mm2_run1,1648000,1779276222.825766
approach4_mm2_run1,1649000,1779276222.827353
approach4_mm2_run1,1650000,1779276222.828951
approach4_mm2_run1,1651000,1779276222.830548
approach4_mm2_run1,1652000,1779276222.832167
approach4_mm2_run1,1653000,1779276222.833765
approach4_mm2_run1,1654000,1779276222.971955
approach4_mm2_run1,1655000,1779276222.973585
approach4_mm2_run1,1656000,1779276222.975212
approach4_mm2_run1,1657000,1779276222.976804
approach4_mm2_run1,1658000,1779276222.978396
approach4_mm2_run1,1659000,1779276223.021365
approach4_mm2_run1,1660000,1779276223.022982
approach4_mm2_run1,1661000,1779276223.024576
approach4_mm2_run1,1662000,1779276223.026180
approach4_mm2_run1,1663000,1779276223.027781
approach4_mm2_run1,1664000,1779276223.378850
approach4_mm2_run1,1665000,1779276223.380476
approach4_mm2_run1,1666000,1779276223.382079
approach4_mm2_run1,1667000,1779276223.383698
approach4_mm2_run1,1668000,1779276223.385355
approach4_mm2_run1,1669000,1779276223.391571
approach4_mm2_run1,1670000,1779276223.393174
approach4_mm2_run1,1671000,1779276223.394757
approach4_mm2_run1,1672000,1779276223.396362
approach4_mm2_run1,1673000,1779276223.397958
approach4_mm2_run1,1674000,1779276223.399539
approach4_mm2_run1,1675000,1779276223.466476
approach4_mm2_run1,1676000,1779276223.468084
approach4_mm2_run1,1677000,1779276223.469690
approach4_mm2_run1,1678000,1779276223.471301
approach4_mm2_run1,1679000,1779276223.472896
approach4_mm2_run1,1680000,1779276223.496976
approach4_mm2_run1,1681000,1779276223.498587
approach4_mm2_run1,1682000,1779276223.500181
approach4_mm2_run1,1683000,1779276223.501775
approach4_mm2_run1,1684000,1779276223.503392
approach4_mm2_run1,1685000,1779276223.509554
approach4_mm2_run1,1686000,1779276223.511143
approach4_mm2_run1,1687000,1779276223.512749
approach4_mm2_run1,1688000,1779276223.514351
approach4_mm2_run1,1689000,1779276223.515987
approach4_mm2_run1,1690000,1779276223.517559
approach4_mm2_run1,1691000,1779276223.575837
approach4_mm2_run1,1692000,1779276223.577425
approach4_mm2_run1,1693000,1779276223.579038
approach4_mm2_run1,1694000,1779276223.580653
approach4_mm2_run1,1695000,1779276223.582267
approach4_mm2_run1,1696000,1779276223.722791
approach4_mm2_run1,1697000,1779276223.724374
approach4_mm2_run1,1698000,1779276223.725988
approach4_mm2_run1,1699000,1779276223.727582
approach4_mm2_run1,1700000,1779276223.729163
approach4_mm2_run1,1701000,1779276223.802743
approach4_mm2_run1,1702000,1779276223.804338
approach4_mm2_run1,1703000,1779276223.805947
approach4_mm2_run1,1704000,1779276223.807567
approach4_mm2_run1,1705000,1779276223.809160
approach4_mm2_run1,1706000,1779276224.106655
approach4_mm2_run1,1707000,1779276224.108288
approach4_mm2_run1,1708000,1779276224.109884
approach4_mm2_run1,1709000,1779276224.111508
approach4_mm2_run1,1710000,1779276224.113108
approach4_mm2_run1,1711000,1779276224.114741
approach4_mm2_run1,1712000,1779276224.124570
approach4_mm2_run1,1713000,1779276224.126162
approach4_mm2_run1,1714000,1779276224.127753
approach4_mm2_run1,1715000,1779276224.129341
approach4_mm2_run1,1716000,1779276224.130941
approach4_mm2_run1,1717000,1779276224.191753
approach4_mm2_run1,1718000,1779276224.193328
approach4_mm2_run1,1719000,1779276224.194954
approach4_mm2_run1,1720000,1779276224.196553
approach4_mm2_run1,1721000,1779276224.198153
approach4_mm2_run1,1722000,1779276224.237930
approach4_mm2_run1,1723000,1779276224.239547
approach4_mm2_run1,1724000,1779276224.241159
approach4_mm2_run1,1725000,1779276224.242823
approach4_mm2_run1,1726000,1779276224.245086
approach4_mm2_run1,1727000,1779276224.246940
approach4_mm2_run1,1728000,1779276224.248545
approach4_mm2_run1,1729000,1779276224.250133
approach4_mm2_run1,1730000,1779276224.251742
approach4_mm2_run1,1731000,1779276224.253347
approach4_mm2_run1,1732000,1779276224.254994
approach4_mm2_run1,1733000,1779276224.324800
approach4_mm2_run1,1734000,1779276224.326430
approach4_mm2_run1,1735000,1779276224.328035
approach4_mm2_run1,1736000,1779276224.329628
approach4_mm2_run1,1737000,1779276224.331262
approach4_mm2_run1,1738000,1779276224.474473
approach4_mm2_run1,1739000,1779276224.476081
approach4_mm2_run1,1740000,1779276224.477653
approach4_mm2_run1,1741000,1779276224.479244
approach4_mm2_run1,1742000,1779276224.480819
approach4_mm2_run1,1743000,1779276224.594569
approach4_mm2_run1,1744000,1779276224.596193
approach4_mm2_run1,1745000,1779276224.597769
approach4_mm2_run1,1746000,1779276224.599376
approach4_mm2_run1,1747000,1779276224.600962
approach4_mm2_run1,1748000,1779276224.602577
approach4_mm2_run1,1749000,1779276224.837036
approach4_mm2_run1,1750000,1779276224.838660
approach4_mm2_run1,1751000,1779276224.840269
approach4_mm2_run1,1752000,1779276224.841849
approach4_mm2_run1,1753000,1779276224.843467
approach4_mm2_run1,1754000,1779276224.854748
approach4_mm2_run1,1755000,1779276224.856351
approach4_mm2_run1,1756000,1779276224.857943
approach4_mm2_run1,1757000,1779276224.859517
approach4_mm2_run1,1758000,1779276224.861113
approach4_mm2_run1,1759000,1779276224.917618
approach4_mm2_run1,1760000,1779276224.919193
approach4_mm2_run1,1761000,1779276224.920772
approach4_mm2_run1,1762000,1779276224.922384
approach4_mm2_run1,1763000,1779276224.923982
approach4_mm2_run1,1764000,1779276224.925640
approach4_mm2_run1,1765000,1779276224.967412
approach4_mm2_run1,1766000,1779276224.968979
approach4_mm2_run1,1767000,1779276224.970575
approach4_mm2_run1,1768000,1779276224.972202
approach4_mm2_run1,1769000,1779276224.973812
approach4_mm2_run1,1770000,1779276224.993695
approach4_mm2_run1,1771000,1779276224.995304
approach4_mm2_run1,1772000,1779276224.996907
approach4_mm2_run1,1773000,1779276224.998491
approach4_mm2_run1,1774000,1779276225.000088
approach4_mm2_run1,1775000,1779276225.072419
approach4_mm2_run1,1776000,1779276225.074011
approach4_mm2_run1,1777000,1779276225.075656
approach4_mm2_run1,1778000,1779276225.077243
approach4_mm2_run1,1779000,1779276225.078860
approach4_mm2_run1,1780000,1779276225.224376
approach4_mm2_run1,1781000,1779276225.226007
approach4_mm2_run1,1782000,1779276225.227618
approach4_mm2_run1,1783000,1779276225.229193
approach4_mm2_run1,1784000,1779276225.230762
approach4_mm2_run1,1785000,1779276225.232393
approach4_mm2_run1,1786000,1779276225.380666
approach4_mm2_run1,1787000,1779276225.382254
approach4_mm2_run1,1788000,1779276225.383869
approach4_mm2_run1,1789000,1779276225.385518
approach4_mm2_run1,1790000,1779276225.387153
approach4_mm2_run1,1791000,1779276225.566271
approach4_mm2_run1,1792000,1779276225.567872
approach4_mm2_run1,1793000,1779276225.569448
approach4_mm2_run1,1794000,1779276225.571057
approach4_mm2_run1,1795000,1779276225.572652
approach4_mm2_run1,1796000,1779276225.584564
approach4_mm2_run1,1797000,1779276225.586158
approach4_mm2_run1,1798000,1779276225.587743
approach4_mm2_run1,1799000,1779276225.589326
approach4_mm2_run1,1800000,1779276225.590925
approach4_mm2_run1,1801000,1779276225.592543
approach4_mm2_run1,1802000,1779276225.644339
approach4_mm2_run1,1803000,1779276225.645918
approach4_mm2_run1,1804000,1779276225.647498
approach4_mm2_run1,1805000,1779276225.649064
approach4_mm2_run1,1806000,1779276225.650635
approach4_mm2_run1,1807000,1779276225.695347
approach4_mm2_run1,1808000,1779276225.696960
approach4_mm2_run1,1809000,1779276225.698563
approach4_mm2_run1,1810000,1779276225.700178
approach4_mm2_run1,1811000,1779276225.701784
approach4_mm2_run1,1812000,1779276225.751796
approach4_mm2_run1,1813000,1779276225.753389
approach4_mm2_run1,1814000,1779276225.755016
approach4_mm2_run1,1815000,1779276225.756619
approach4_mm2_run1,1816000,1779276225.758209
approach4_mm2_run1,1817000,1779276225.820307
approach4_mm2_run1,1818000,1779276225.821887
approach4_mm2_run1,1819000,1779276225.823457
approach4_mm2_run1,1820000,1779276225.825072
approach4_mm2_run1,1821000,1779276225.826673
approach4_mm2_run1,1822000,1779276225.828253
approach4_mm2_run1,1823000,1779276225.977631
approach4_mm2_run1,1824000,1779276225.979234
approach4_mm2_run1,1825000,1779276225.980828
approach4_mm2_run1,1826000,1779276225.982435
approach4_mm2_run1,1827000,1779276225.984042
approach4_mm2_run1,1828000,1779276226.161601
approach4_mm2_run1,1829000,1779276226.163205
approach4_mm2_run1,1830000,1779276226.164793
approach4_mm2_run1,1831000,1779276226.166427
approach4_mm2_run1,1832000,1779276226.168035
approach4_mm2_run1,1833000,1779276226.295314
approach4_mm2_run1,1834000,1779276226.296893
approach4_mm2_run1,1835000,1779276226.298481
approach4_mm2_run1,1836000,1779276226.300081
approach4_mm2_run1,1837000,1779276226.301677
approach4_mm2_run1,1838000,1779276226.303309
approach4_mm2_run1,1839000,1779276226.316143
approach4_mm2_run1,1840000,1779276226.317743
approach4_mm2_run1,1841000,1779276226.319354
approach4_mm2_run1,1842000,1779276226.320967
approach4_mm2_run1,1843000,1779276226.322616
approach4_mm2_run1,1844000,1779276226.369935
approach4_mm2_run1,1845000,1779276226.371524
approach4_mm2_run1,1846000,1779276226.373086
approach4_mm2_run1,1847000,1779276226.374651
approach4_mm2_run1,1848000,1779276226.376245
approach4_mm2_run1,1849000,1779276226.423090
approach4_mm2_run1,1850000,1779276226.424696
approach4_mm2_run1,1851000,1779276226.426311
approach4_mm2_run1,1852000,1779276226.427935
approach4_mm2_run1,1853000,1779276226.429521
approach4_mm2_run1,1854000,1779276226.498050
approach4_mm2_run1,1855000,1779276226.499655
approach4_mm2_run1,1856000,1779276226.501249
approach4_mm2_run1,1857000,1779276226.502849
approach4_mm2_run1,1858000,1779276226.504417
approach4_mm2_run1,1859000,1779276226.506029
approach4_mm2_run1,1860000,1779276226.571368
approach4_mm2_run1,1861000,1779276226.572973
approach4_mm2_run1,1862000,1779276226.574590
approach4_mm2_run1,1863000,1779276226.576225
approach4_mm2_run1,1864000,1779276226.577845
approach4_mm2_run1,1865000,1779276226.728457
approach4_mm2_run1,1866000,1779276226.730055
approach4_mm2_run1,1867000,1779276226.731627
approach4_mm2_run1,1868000,1779276226.733203
approach4_mm2_run1,1869000,1779276226.734830
approach4_mm2_run1,1870000,1779276226.945305
approach4_mm2_run1,1871000,1779276226.946927
approach4_mm2_run1,1872000,1779276226.948514
approach4_mm2_run1,1873000,1779276226.950085
approach4_mm2_run1,1874000,1779276226.951698
approach4_mm2_run1,1875000,1779276226.953300
approach4_mm2_run1,1876000,1779276227.024693
approach4_mm2_run1,1877000,1779276227.026299
approach4_mm2_run1,1878000,1779276227.027918
approach4_mm2_run1,1879000,1779276227.029519
approach4_mm2_run1,1880000,1779276227.031141
approach4_mm2_run1,1881000,1779276227.047353
approach4_mm2_run1,1882000,1779276227.048944
approach4_mm2_run1,1883000,1779276227.050523
approach4_mm2_run1,1884000,1779276227.052114
approach4_mm2_run1,1885000,1779276227.053712
approach4_mm2_run1,1886000,1779276227.095458
approach4_mm2_run1,1887000,1779276227.097037
approach4_mm2_run1,1888000,1779276227.098611
approach4_mm2_run1,1889000,1779276227.100194
approach4_mm2_run1,1890000,1779276227.101774
approach4_mm2_run1,1891000,1779276227.150399
approach4_mm2_run1,1892000,1779276227.151983
approach4_mm2_run1,1893000,1779276227.153538
approach4_mm2_run1,1894000,1779276227.155148
approach4_mm2_run1,1895000,1779276227.156747
approach4_mm2_run1,1896000,1779276227.158372
approach4_mm2_run1,1897000,1779276227.244895
approach4_mm2_run1,1898000,1779276227.246514
approach4_mm2_run1,1899000,1779276227.248126
approach4_mm2_run1,1900000,1779276227.249739
approach4_mm2_run1,1901000,1779276227.251350
approach4_mm2_run1,1902000,1779276227.318892
approach4_mm2_run1,1903000,1779276227.320496
approach4_mm2_run1,1904000,1779276227.322096
approach4_mm2_run1,1905000,1779276227.323695
approach4_mm2_run1,1906000,1779276227.325400
approach4_mm2_run1,1907000,1779276227.478512
approach4_mm2_run1,1908000,1779276227.480108
approach4_mm2_run1,1909000,1779276227.481688
approach4_mm2_run1,1910000,1779276227.483280
approach4_mm2_run1,1911000,1779276227.484905
approach4_mm2_run1,1912000,1779276227.486523
approach4_mm2_run1,1913000,1779276227.755171
approach4_mm2_run1,1914000,1779276227.756774
approach4_mm2_run1,1915000,1779276227.758389
approach4_mm2_run1,1916000,1779276227.759998
approach4_mm2_run1,1917000,1779276227.761598
approach4_mm2_run1,1918000,1779276227.777194
approach4_mm2_run1,1919000,1779276227.778810
approach4_mm2_run1,1920000,1779276227.780399
approach4_mm2_run1,1921000,1779276227.781978
approach4_mm2_run1,1922000,1779276227.783588
approach4_mm2_run1,1923000,1779276227.820942
approach4_mm2_run1,1924000,1779276227.822546
approach4_mm2_run1,1925000,1779276227.824129
approach4_mm2_run1,1926000,1779276227.825740
approach4_mm2_run1,1927000,1779276227.827333
approach4_mm2_run1,1928000,1779276227.878462
approach4_mm2_run1,1929000,1779276227.880034
approach4_mm2_run1,1930000,1779276227.881625
approach4_mm2_run1,1931000,1779276227.883195
approach4_mm2_run1,1932000,1779276227.884835
approach4_mm2_run1,1933000,1779276227.886431
approach4_mm2_run1,1934000,1779276227.992544
approach4_mm2_run1,1935000,1779276227.994118
approach4_mm2_run1,1936000,1779276227.995762
approach4_mm2_run1,1937000,1779276227.997359
approach4_mm2_run1,1938000,1779276227.998951
approach4_mm2_run1,1939000,1779276228.065421
approach4_mm2_run1,1940000,1779276228.067048
approach4_mm2_run1,1941000,1779276228.068645
approach4_mm2_run1,1942000,1779276228.070240
approach4_mm2_run1,1943000,1779276228.071862
approach4_mm2_run1,1944000,1779276228.075325
approach4_mm2_run1,1945000,1779276228.076906
approach4_mm2_run1,1946000,1779276228.078480
approach4_mm2_run1,1947000,1779276228.080073
approach4_mm2_run1,1948000,1779276228.081668
approach4_mm2_run1,1949000,1779276228.083283
approach4_mm2_run1,1950000,1779276228.231609
approach4_mm2_run1,1951000,1779276228.233204
approach4_mm2_run1,1952000,1779276228.234800
approach4_mm2_run1,1953000,1779276228.236422
approach4_mm2_run1,1954000,1779276228.238038
approach4_mm2_run1,1955000,1779276228.506933
approach4_mm2_run1,1956000,1779276228.508513
approach4_mm2_run1,1957000,1779276228.510109
approach4_mm2_run1,1958000,1779276228.511721
approach4_mm2_run1,1959000,1779276228.513324
approach4_mm2_run1,1960000,1779276228.546780
approach4_mm2_run1,1961000,1779276228.548388
approach4_mm2_run1,1962000,1779276228.549991
approach4_mm2_run1,1963000,1779276228.551590
approach4_mm2_run1,1964000,1779276228.553174
approach4_mm2_run1,1965000,1779276228.609287
approach4_mm2_run1,1966000,1779276228.610878
approach4_mm2_run1,1967000,1779276228.612480
approach4_mm2_run1,1968000,1779276228.614087
approach4_mm2_run1,1969000,1779276228.615784
approach4_mm2_run1,1970000,1779276228.617408
approach4_mm2_run1,1971000,1779276228.738511
approach4_mm2_run1,1972000,1779276228.740110
approach4_mm2_run1,1973000,1779276228.741674
approach4_mm2_run1,1974000,1779276228.743241
approach4_mm2_run1,1975000,1779276228.744846
approach4_mm2_run1,1976000,1779276228.817469
approach4_mm2_run1,1977000,1779276228.819063
approach4_mm2_run1,1978000,1779276228.820662
approach4_mm2_run1,1979000,1779276228.822267
approach4_mm2_run1,1980000,1779276228.823870
approach4_mm2_run1,1981000,1779276228.830703
approach4_mm2_run1,1982000,1779276228.832260
approach4_mm2_run1,1983000,1779276228.833834
approach4_mm2_run1,1984000,1779276228.835459
approach4_mm2_run1,1985000,1779276228.837061
approach4_mm2_run1,1986000,1779276228.838655
approach4_mm2_run1,1987000,1779276228.850017
approach4_mm2_run1,1988000,1779276228.851623
approach4_mm2_run1,1989000,1779276228.853216
approach4_mm2_run1,1990000,1779276228.854853
approach4_mm2_run1,1991000,1779276228.856461
approach4_mm2_run1,1992000,1779276228.983555
approach4_mm2_run1,1993000,1779276228.985185
approach4_mm2_run1,1994000,1779276228.986761
approach4_mm2_run1,1995000,1779276228.988358
approach4_mm2_run1,1996000,1779276228.989941
approach4_mm2_run1,1997000,1779276229.240102
approach4_mm2_run1,1998000,1779276229.241699
approach4_mm2_run1,1999000,1779276229.243287
approach4_mm2_run1,2000000,1779276229.244888
approach4_mm2_run1,2001000,1779276229.246542
approach4_mm2_run1,2002000,1779276229.272004
approach4_mm2_run1,2003000,1779276229.273579
approach4_mm2_run1,2004000,1779276229.275203
approach4_mm2_run1,2005000,1779276229.276796
approach4_mm2_run1,2006000,1779276229.278401
approach4_mm2_run1,2007000,1779276229.279975
approach4_mm2_run1,2008000,1779276229.338342
approach4_mm2_run1,2009000,1779276229.339929
approach4_mm2_run1,2010000,1779276229.341528
approach4_mm2_run1,2011000,1779276229.343136
approach4_mm2_run1,2012000,1779276229.344742
approach4_mm2_run1,2013000,1779276229.499158
approach4_mm2_run1,2014000,1779276229.500752
approach4_mm2_run1,2015000,1779276229.502349
approach4_mm2_run1,2016000,1779276229.503950
approach4_mm2_run1,2017000,1779276229.505584
approach4_mm2_run1,2018000,1779276229.563070
approach4_mm2_run1,2019000,1779276229.564700
approach4_mm2_run1,2020000,1779276229.567057
approach4_mm2_run1,2021000,1779276229.568666
approach4_mm2_run1,2022000,1779276229.570241
approach4_mm2_run1,2023000,1779276229.571841
approach4_mm2_run1,2024000,1779276229.573448
approach4_mm2_run1,2025000,1779276229.575063
approach4_mm2_run1,2026000,1779276229.576674
approach4_mm2_run1,2027000,1779276229.578270
approach4_mm2_run1,2028000,1779276229.579906
approach4_mm2_run1,2029000,1779276229.644842
approach4_mm2_run1,2030000,1779276229.646423
approach4_mm2_run1,2031000,1779276229.648043
approach4_mm2_run1,2032000,1779276229.649666
approach4_mm2_run1,2033000,1779276229.651283
approach4_mm2_run1,2034000,1779276229.731877
approach4_mm2_run1,2035000,1779276229.733513
approach4_mm2_run1,2036000,1779276229.735148
approach4_mm2_run1,2037000,1779276229.736727
approach4_mm2_run1,2038000,1779276229.738307
approach4_mm2_run1,2039000,1779276229.969671
approach4_mm2_run1,2040000,1779276229.971244
approach4_mm2_run1,2041000,1779276229.972829
approach4_mm2_run1,2042000,1779276229.974430
approach4_mm2_run1,2043000,1779276229.976046
approach4_mm2_run1,2044000,1779276229.977655
approach4_mm2_run1,2045000,1779276230.017101
approach4_mm2_run1,2046000,1779276230.018691
approach4_mm2_run1,2047000,1779276230.020248
approach4_mm2_run1,2048000,1779276230.021843
approach4_mm2_run1,2049000,1779276230.023461
approach4_mm2_run1,2050000,1779276230.066540
approach4_mm2_run1,2051000,1779276230.068097
approach4_mm2_run1,2052000,1779276230.069708
approach4_mm2_run1,2053000,1779276230.071342
approach4_mm2_run1,2054000,1779276230.072942
approach4_mm2_run1,2055000,1779276230.244940
approach4_mm2_run1,2056000,1779276230.246545
approach4_mm2_run1,2057000,1779276230.248141
approach4_mm2_run1,2058000,1779276230.249692
approach4_mm2_run1,2059000,1779276230.251318
approach4_mm2_run1,2060000,1779276230.252902
approach4_mm2_run1,2061000,1779276230.293830
approach4_mm2_run1,2062000,1779276230.295465
approach4_mm2_run1,2063000,1779276230.297076
approach4_mm2_run1,2064000,1779276230.298661
approach4_mm2_run1,2065000,1779276230.300222
approach4_mm2_run1,2066000,1779276230.310450
approach4_mm2_run1,2067000,1779276230.312031
approach4_mm2_run1,2068000,1779276230.313605
approach4_mm2_run1,2069000,1779276230.315218
approach4_mm2_run1,2070000,1779276230.316797
approach4_mm2_run1,2071000,1779276230.432667
approach4_mm2_run1,2072000,1779276230.434272
approach4_mm2_run1,2073000,1779276230.435903
approach4_mm2_run1,2074000,1779276230.437477
approach4_mm2_run1,2075000,1779276230.439092
approach4_mm2_run1,2076000,1779276230.483887
approach4_mm2_run1,2077000,1779276230.485470
approach4_mm2_run1,2078000,1779276230.487088
approach4_mm2_run1,2079000,1779276230.488675
approach4_mm2_run1,2080000,1779276230.490250
approach4_mm2_run1,2081000,1779276230.491874
approach4_mm2_run1,2082000,1779276230.700942
approach4_mm2_run1,2083000,1779276230.702536
approach4_mm2_run1,2084000,1779276230.704111
approach4_mm2_run1,2085000,1779276230.705720
approach4_mm2_run1,2086000,1779276230.707302
approach4_mm2_run1,2087000,1779276230.743176
approach4_mm2_run1,2088000,1779276230.744759
approach4_mm2_run1,2089000,1779276230.746352
approach4_mm2_run1,2090000,1779276230.747944
approach4_mm2_run1,2091000,1779276230.749552
approach4_mm2_run1,2092000,1779276230.795008
approach4_mm2_run1,2093000,1779276230.796580
approach4_mm2_run1,2094000,1779276230.798183
approach4_mm2_run1,2095000,1779276230.799847
approach4_mm2_run1,2096000,1779276230.801447
approach4_mm2_run1,2097000,1779276230.803056
approach4_mm2_run1,2098000,1779276230.993623
approach4_mm2_run1,2099000,1779276230.995244
approach4_mm2_run1,2100000,1779276230.996828
approach4_mm2_run1,2101000,1779276230.998415
approach4_mm2_run1,2102000,1779276230.999998
approach4_mm2_run1,2103000,1779276231.021167
approach4_mm2_run1,2104000,1779276231.022772
approach4_mm2_run1,2105000,1779276231.024376
approach4_mm2_run1,2106000,1779276231.025980
approach4_mm2_run1,2107000,1779276231.027565
approach4_mm2_run1,2108000,1779276231.210960
approach4_mm2_run1,2109000,1779276231.212541
approach4_mm2_run1,2110000,1779276231.214092
approach4_mm2_run1,2111000,1779276231.215721
approach4_mm2_run1,2112000,1779276231.217314
approach4_mm2_run1,2113000,1779276231.233497
approach4_mm2_run1,2114000,1779276231.235115
approach4_mm2_run1,2115000,1779276231.236705
approach4_mm2_run1,2116000,1779276231.238280
approach4_mm2_run1,2117000,1779276231.239881
approach4_mm2_run1,2118000,1779276231.241458
approach4_mm2_run1,2119000,1779276231.406454
approach4_mm2_run1,2120000,1779276231.408020
approach4_mm2_run1,2121000,1779276231.409615
approach4_mm2_run1,2122000,1779276231.411217
approach4_mm2_run1,2123000,1779276231.412817
approach4_mm2_run1,2124000,1779276231.468878
approach4_mm2_run1,2125000,1779276231.470459
approach4_mm2_run1,2126000,1779276231.472034
approach4_mm2_run1,2127000,1779276231.473596
approach4_mm2_run1,2128000,1779276231.475204
approach4_mm2_run1,2129000,1779276231.523251
approach4_mm2_run1,2130000,1779276231.524849
approach4_mm2_run1,2131000,1779276231.526460
approach4_mm2_run1,2132000,1779276231.528035
approach4_mm2_run1,2133000,1779276231.529630
approach4_mm2_run1,2134000,1779276231.531236
approach4_mm2_run1,2135000,1779276231.750365
approach4_mm2_run1,2136000,1779276231.751956
approach4_mm2_run1,2137000,1779276231.753555
approach4_mm2_run1,2138000,1779276231.755185
approach4_mm2_run1,2139000,1779276231.756778
approach4_mm2_run1,2140000,1779276231.781204
approach4_mm2_run1,2141000,1779276231.782790
approach4_mm2_run1,2142000,1779276231.784366
approach4_mm2_run1,2143000,1779276231.785953
approach4_mm2_run1,2144000,1779276231.787550
approach4_mm2_run1,2145000,1779276231.987917
approach4_mm2_run1,2146000,1779276231.989485
approach4_mm2_run1,2147000,1779276231.991063
approach4_mm2_run1,2148000,1779276231.992638
approach4_mm2_run1,2149000,1779276231.994220
approach4_mm2_run1,2150000,1779276232.002850
approach4_mm2_run1,2151000,1779276232.004428
approach4_mm2_run1,2152000,1779276232.006025
approach4_mm2_run1,2153000,1779276232.007603
approach4_mm2_run1,2154000,1779276232.009184
approach4_mm2_run1,2155000,1779276232.010786
approach4_mm2_run1,2156000,1779276232.097041
approach4_mm2_run1,2157000,1779276232.098626
approach4_mm2_run1,2158000,1779276232.100262
approach4_mm2_run1,2159000,1779276232.101873
approach4_mm2_run1,2160000,1779276232.103472
approach4_mm2_run1,2161000,1779276232.156022
approach4_mm2_run1,2162000,1779276232.157640
approach4_mm2_run1,2163000,1779276232.159251
approach4_mm2_run1,2164000,1779276232.160851
approach4_mm2_run1,2165000,1779276232.162474
approach4_mm2_run1,2166000,1779276232.194337
approach4_mm2_run1,2167000,1779276232.195947
approach4_mm2_run1,2168000,1779276232.197511
approach4_mm2_run1,2169000,1779276232.199107
approach4_mm2_run1,2170000,1779276232.200695
approach4_mm2_run1,2171000,1779276232.202295
approach4_mm2_run1,2172000,1779276232.251493
approach4_mm2_run1,2173000,1779276232.253087
approach4_mm2_run1,2174000,1779276232.254690
approach4_mm2_run1,2175000,1779276232.256297
approach4_mm2_run1,2176000,1779276232.257901
approach4_mm2_run1,2177000,1779276232.478518
approach4_mm2_run1,2178000,1779276232.480079
approach4_mm2_run1,2179000,1779276232.481690
approach4_mm2_run1,2180000,1779276232.483303
approach4_mm2_run1,2181000,1779276232.484924
approach4_mm2_run1,2182000,1779276232.510985
approach4_mm2_run1,2183000,1779276232.512544
approach4_mm2_run1,2184000,1779276232.514130
approach4_mm2_run1,2185000,1779276232.515761
approach4_mm2_run1,2186000,1779276232.517345
approach4_mm2_run1,2187000,1779276232.739202
approach4_mm2_run1,2188000,1779276232.740771
approach4_mm2_run1,2189000,1779276232.742354
approach4_mm2_run1,2190000,1779276232.743952
approach4_mm2_run1,2191000,1779276232.745562
approach4_mm2_run1,2192000,1779276232.747151
approach4_mm2_run1,2193000,1779276232.788637
approach4_mm2_run1,2194000,1779276232.790215
approach4_mm2_run1,2195000,1779276232.791804
approach4_mm2_run1,2196000,1779276232.793393
approach4_mm2_run1,2197000,1779276232.795005
approach4_mm2_run1,2198000,1779276232.845536
approach4_mm2_run1,2199000,1779276232.847138
approach4_mm2_run1,2200000,1779276232.848727
approach4_mm2_run1,2201000,1779276232.850310
approach4_mm2_run1,2202000,1779276232.851907
approach4_mm2_run1,2203000,1779276232.902008
approach4_mm2_run1,2204000,1779276232.903594
approach4_mm2_run1,2205000,1779276232.905215
approach4_mm2_run1,2206000,1779276232.906820
approach4_mm2_run1,2207000,1779276232.908427
approach4_mm2_run1,2208000,1779276232.910007
approach4_mm2_run1,2209000,1779276232.921693
approach4_mm2_run1,2210000,1779276232.923300
approach4_mm2_run1,2211000,1779276232.924900
approach4_mm2_run1,2212000,1779276232.926486
approach4_mm2_run1,2213000,1779276232.928111
approach4_mm2_run1,2214000,1779276232.980178
approach4_mm2_run1,2215000,1779276232.981765
approach4_mm2_run1,2216000,1779276232.983363
approach4_mm2_run1,2217000,1779276232.984978
approach4_mm2_run1,2218000,1779276232.986565
approach4_mm2_run1,2219000,1779276233.206814
approach4_mm2_run1,2220000,1779276233.208414
approach4_mm2_run1,2221000,1779276233.210059
approach4_mm2_run1,2222000,1779276233.211680
approach4_mm2_run1,2223000,1779276233.213266
approach4_mm2_run1,2224000,1779276233.241573
approach4_mm2_run1,2225000,1779276233.243166
approach4_mm2_run1,2226000,1779276233.244735
approach4_mm2_run1,2227000,1779276233.246347
approach4_mm2_run1,2228000,1779276233.247942
approach4_mm2_run1,2229000,1779276233.249518
approach4_mm2_run1,2230000,1779276233.490123
approach4_mm2_run1,2231000,1779276233.491729
approach4_mm2_run1,2232000,1779276233.493283
approach4_mm2_run1,2233000,1779276233.494918
approach4_mm2_run1,2234000,1779276233.496519
approach4_mm2_run1,2235000,1779276233.568158
approach4_mm2_run1,2236000,1779276233.569716
approach4_mm2_run1,2237000,1779276233.571334
approach4_mm2_run1,2238000,1779276233.572936
approach4_mm2_run1,2239000,1779276233.574549
approach4_mm2_run1,2240000,1779276233.595274
approach4_mm2_run1,2241000,1779276233.596854
approach4_mm2_run1,2242000,1779276233.598451
approach4_mm2_run1,2243000,1779276233.600050
approach4_mm2_run1,2244000,1779276233.601637
approach4_mm2_run1,2245000,1779276233.603245
approach4_mm2_run1,2246000,1779276233.649180
approach4_mm2_run1,2247000,1779276233.650782
approach4_mm2_run1,2248000,1779276233.652379
approach4_mm2_run1,2249000,1779276233.653979
approach4_mm2_run1,2250000,1779276233.655637
approach4_mm2_run1,2251000,1779276233.709049
approach4_mm2_run1,2252000,1779276233.710619
approach4_mm2_run1,2253000,1779276233.712217
approach4_mm2_run1,2254000,1779276233.713819
approach4_mm2_run1,2255000,1779276233.715449
approach4_mm2_run1,2256000,1779276233.935742
approach4_mm2_run1,2257000,1779276233.937337
approach4_mm2_run1,2258000,1779276233.938962
approach4_mm2_run1,2259000,1779276233.940561
approach4_mm2_run1,2260000,1779276233.942160
approach4_mm2_run1,2261000,1779276233.972941
approach4_mm2_run1,2262000,1779276233.974552
approach4_mm2_run1,2263000,1779276233.976171
approach4_mm2_run1,2264000,1779276233.977744
approach4_mm2_run1,2265000,1779276233.979354
approach4_mm2_run1,2266000,1779276233.980947
approach4_mm2_run1,2267000,1779276233.988075
approach4_mm2_run1,2268000,1779276233.989664
approach4_mm2_run1,2269000,1779276233.991249
approach4_mm2_run1,2270000,1779276233.992842
approach4_mm2_run1,2271000,1779276233.994446
approach4_mm2_run1,2272000,1779276234.241445
approach4_mm2_run1,2273000,1779276234.243056
approach4_mm2_run1,2274000,1779276234.244654
approach4_mm2_run1,2275000,1779276234.246264
approach4_mm2_run1,2276000,1779276234.247880
approach4_mm2_run1,2277000,1779276234.344928
approach4_mm2_run1,2278000,1779276234.346540
approach4_mm2_run1,2279000,1779276234.348119
approach4_mm2_run1,2280000,1779276234.349717
approach4_mm2_run1,2281000,1779276234.351338
approach4_mm2_run1,2282000,1779276234.352965
approach4_mm2_run1,2283000,1779276234.357817
approach4_mm2_run1,2284000,1779276234.359473
approach4_mm2_run1,2285000,1779276234.361089
approach4_mm2_run1,2286000,1779276234.362712
approach4_mm2_run1,2287000,1779276234.364303
approach4_mm2_run1,2288000,1779276234.398602
approach4_mm2_run1,2289000,1779276234.400190
approach4_mm2_run1,2290000,1779276234.401776
approach4_mm2_run1,2291000,1779276234.403351
approach4_mm2_run1,2292000,1779276234.404963
approach4_mm2_run1,2293000,1779276234.663926
approach4_mm2_run1,2294000,1779276234.665535
approach4_mm2_run1,2295000,1779276234.667151
approach4_mm2_run1,2296000,1779276234.668751
approach4_mm2_run1,2297000,1779276234.670367
approach4_mm2_run1,2298000,1779276234.701951
approach4_mm2_run1,2299000,1779276234.703536
approach4_mm2_run1,2300000,1779276234.705124
approach4_mm2_run1,2301000,1779276234.706725
approach4_mm2_run1,2302000,1779276234.708316
approach4_mm2_run1,2303000,1779276234.709908
approach4_mm2_run1,2304000,1779276234.714495
approach4_mm2_run1,2305000,1779276234.716110
approach4_mm2_run1,2306000,1779276234.717680
approach4_mm2_run1,2307000,1779276234.719274
approach4_mm2_run1,2308000,1779276234.720872
approach4_mm2_run1,2309000,1779276234.780755
approach4_mm2_run1,2310000,1779276234.782344
approach4_mm2_run1,2311000,1779276234.783947
approach4_mm2_run1,2312000,1779276234.785569
approach4_mm2_run1,2313000,1779276234.787167
approach4_mm2_run1,2314000,1779276234.994690
approach4_mm2_run1,2315000,1779276234.996289
approach4_mm2_run1,2316000,1779276234.997859
approach4_mm2_run1,2317000,1779276234.999447
approach4_mm2_run1,2318000,1779276235.001034
approach4_mm2_run1,2319000,1779276235.002641
approach4_mm2_run1,2320000,1779276235.094794
approach4_mm2_run1,2321000,1779276235.096402
approach4_mm2_run1,2322000,1779276235.097998
approach4_mm2_run1,2323000,1779276235.099604
approach4_mm2_run1,2324000,1779276235.101189
approach4_mm2_run1,2325000,1779276235.147141
approach4_mm2_run1,2326000,1779276235.148760
approach4_mm2_run1,2327000,1779276235.151047
approach4_mm2_run1,2328000,1779276235.152638
approach4_mm2_run1,2329000,1779276235.154234
approach4_mm2_run1,2330000,1779276235.155879
approach4_mm2_run1,2331000,1779276235.157459
approach4_mm2_run1,2332000,1779276235.159051
approach4_mm2_run1,2333000,1779276235.160620
approach4_mm2_run1,2334000,1779276235.162215
approach4_mm2_run1,2335000,1779276235.393771
approach4_mm2_run1,2336000,1779276235.395413
approach4_mm2_run1,2337000,1779276235.397013
approach4_mm2_run1,2338000,1779276235.398618
approach4_mm2_run1,2339000,1779276235.400218
approach4_mm2_run1,2340000,1779276235.401820
approach4_mm2_run1,2341000,1779276235.433807
approach4_mm2_run1,2342000,1779276235.435437
approach4_mm2_run1,2343000,1779276235.437057
approach4_mm2_run1,2344000,1779276235.438683
approach4_mm2_run1,2345000,1779276235.441055
approach4_mm2_run1,2346000,1779276235.442773
approach4_mm2_run1,2347000,1779276235.444415
approach4_mm2_run1,2348000,1779276235.446043
approach4_mm2_run1,2349000,1779276235.447631
approach4_mm2_run1,2350000,1779276235.449229
approach4_mm2_run1,2351000,1779276235.508393
approach4_mm2_run1,2352000,1779276235.510004
approach4_mm2_run1,2353000,1779276235.511609
approach4_mm2_run1,2354000,1779276235.513203
approach4_mm2_run1,2355000,1779276235.514837
approach4_mm2_run1,2356000,1779276235.516430
approach4_mm2_run1,2357000,1779276235.745184
approach4_mm2_run1,2358000,1779276235.746763
approach4_mm2_run1,2359000,1779276235.748363
approach4_mm2_run1,2360000,1779276235.749986
approach4_mm2_run1,2361000,1779276235.751557
approach4_mm2_run1,2362000,1779276235.843589
approach4_mm2_run1,2363000,1779276235.845191
approach4_mm2_run1,2364000,1779276235.846801
approach4_mm2_run1,2365000,1779276235.848402
approach4_mm2_run1,2366000,1779276235.849981
approach4_mm2_run1,2367000,1779276235.894464
approach4_mm2_run1,2368000,1779276235.896116
approach4_mm2_run1,2369000,1779276235.897689
approach4_mm2_run1,2370000,1779276235.899335
approach4_mm2_run1,2371000,1779276235.900939
approach4_mm2_run1,2372000,1779276235.924105
approach4_mm2_run1,2373000,1779276235.925724
approach4_mm2_run1,2374000,1779276235.927327
approach4_mm2_run1,2375000,1779276235.928897
approach4_mm2_run1,2376000,1779276235.930469
approach4_mm2_run1,2377000,1779276235.932076
approach4_mm2_run1,2378000,1779276236.122882
approach4_mm2_run1,2379000,1779276236.124474
approach4_mm2_run1,2380000,1779276236.126115
approach4_mm2_run1,2381000,1779276236.127733
approach4_mm2_run1,2382000,1779276236.129327
approach4_mm2_run1,2383000,1779276236.163292
approach4_mm2_run1,2384000,1779276236.164919
approach4_mm2_run1,2385000,1779276236.167212
approach4_mm2_run1,2386000,1779276236.168808
approach4_mm2_run1,2387000,1779276236.170396
approach4_mm2_run1,2388000,1779276236.172004
approach4_mm2_run1,2389000,1779276236.173600
approach4_mm2_run1,2390000,1779276236.175235
approach4_mm2_run1,2391000,1779276236.176797
approach4_mm2_run1,2392000,1779276236.178404
approach4_mm2_run1,2393000,1779276236.180047
approach4_mm2_run1,2394000,1779276236.236758
approach4_mm2_run1,2395000,1779276236.238372
approach4_mm2_run1,2396000,1779276236.239950
approach4_mm2_run1,2397000,1779276236.241556
approach4_mm2_run1,2398000,1779276236.243159
approach4_mm2_run1,2399000,1779276236.493877
approach4_mm2_run1,2400000,1779276236.495509
approach4_mm2_run1,2401000,1779276236.497082
approach4_mm2_run1,2402000,1779276236.498700
approach4_mm2_run1,2403000,1779276236.500289
approach4_mm2_run1,2404000,1779276236.592997
approach4_mm2_run1,2405000,1779276236.594575
approach4_mm2_run1,2406000,1779276236.596181
approach4_mm2_run1,2407000,1779276236.597794
approach4_mm2_run1,2408000,1779276236.599410
approach4_mm2_run1,2409000,1779276236.640274
approach4_mm2_run1,2410000,1779276236.641924
approach4_mm2_run1,2411000,1779276236.643539
approach4_mm2_run1,2412000,1779276236.645159
approach4_mm2_run1,2413000,1779276236.646743
approach4_mm2_run1,2414000,1779276236.648354
approach4_mm2_run1,2415000,1779276236.713886
approach4_mm2_run1,2416000,1779276236.715514
approach4_mm2_run1,2417000,1779276236.717074
approach4_mm2_run1,2418000,1779276236.718699
approach4_mm2_run1,2419000,1779276236.720304
approach4_mm2_run1,2420000,1779276236.849029
approach4_mm2_run1,2421000,1779276236.850641
approach4_mm2_run1,2422000,1779276236.852231
approach4_mm2_run1,2423000,1779276236.853812
approach4_mm2_run1,2424000,1779276236.855456
approach4_mm2_run1,2425000,1779276236.892829
approach4_mm2_run1,2426000,1779276236.894544
approach4_mm2_run1,2427000,1779276236.896805
approach4_mm2_run1,2428000,1779276236.898422
approach4_mm2_run1,2429000,1779276236.900019
approach4_mm2_run1,2430000,1779276236.901614
approach4_mm2_run1,2431000,1779276236.903204
approach4_mm2_run1,2432000,1779276236.904823
approach4_mm2_run1,2433000,1779276236.906438
approach4_mm2_run1,2434000,1779276236.908044
approach4_mm2_run1,2435000,1779276236.909632
approach4_mm2_run1,2436000,1779276236.963214
approach4_mm2_run1,2437000,1779276236.964843
approach4_mm2_run1,2438000,1779276236.966435
approach4_mm2_run1,2439000,1779276236.968048
approach4_mm2_run1,2440000,1779276236.969645
approach4_mm2_run1,2441000,1779276237.245502
approach4_mm2_run1,2442000,1779276237.247126
approach4_mm2_run1,2443000,1779276237.248732
approach4_mm2_run1,2444000,1779276237.250342
approach4_mm2_run1,2445000,1779276237.251941
approach4_mm2_run1,2446000,1779276237.342341
approach4_mm2_run1,2447000,1779276237.343919
approach4_mm2_run1,2448000,1779276237.345524
approach4_mm2_run1,2449000,1779276237.347130
approach4_mm2_run1,2450000,1779276237.348726
approach4_mm2_run1,2451000,1779276237.350306
approach4_mm2_run1,2452000,1779276237.393127
approach4_mm2_run1,2453000,1779276237.394741
approach4_mm2_run1,2454000,1779276237.396369
approach4_mm2_run1,2455000,1779276237.397973
approach4_mm2_run1,2456000,1779276237.399577
approach4_mm2_run1,2457000,1779276237.501106
approach4_mm2_run1,2458000,1779276237.502727
approach4_mm2_run1,2459000,1779276237.504334
approach4_mm2_run1,2460000,1779276237.505953
approach4_mm2_run1,2461000,1779276237.507573
approach4_mm2_run1,2462000,1779276237.578391
approach4_mm2_run1,2463000,1779276237.579994
approach4_mm2_run1,2464000,1779276237.581581
approach4_mm2_run1,2465000,1779276237.583197
approach4_mm2_run1,2466000,1779276237.584803
approach4_mm2_run1,2467000,1779276237.586450
approach4_mm2_run1,2468000,1779276237.620621
approach4_mm2_run1,2469000,1779276237.622199
approach4_mm2_run1,2470000,1779276237.623837
approach4_mm2_run1,2471000,1779276237.626196
approach4_mm2_run1,2472000,1779276237.627877
approach4_mm2_run1,2473000,1779276237.629472
approach4_mm2_run1,2474000,1779276237.631091
approach4_mm2_run1,2475000,1779276237.632671
approach4_mm2_run1,2476000,1779276237.634254
approach4_mm2_run1,2477000,1779276237.635872
approach4_mm2_run1,2478000,1779276237.690569
approach4_mm2_run1,2479000,1779276237.692171
approach4_mm2_run1,2480000,1779276237.693759
approach4_mm2_run1,2481000,1779276237.695384
approach4_mm2_run1,2482000,1779276237.696992
approach4_mm2_run1,2483000,1779276238.090949
approach4_mm2_run1,2484000,1779276238.092519
approach4_mm2_run1,2485000,1779276238.094084
approach4_mm2_run1,2486000,1779276238.095717
approach4_mm2_run1,2487000,1779276238.097292
approach4_mm2_run1,2488000,1779276238.098893
approach4_mm2_run1,2489000,1779276238.140707
approach4_mm2_run1,2490000,1779276238.142309
approach4_mm2_run1,2491000,1779276238.143892
approach4_mm2_run1,2492000,1779276238.145513
approach4_mm2_run1,2493000,1779276238.147111
approach4_mm2_run1,2494000,1779276238.284146
approach4_mm2_run1,2495000,1779276238.285791
approach4_mm2_run1,2496000,1779276238.287385
approach4_mm2_run1,2497000,1779276238.289024
approach4_mm2_run1,2498000,1779276238.290629
approach4_mm2_run1,2499000,1779276238.306689
approach4_mm2_run1,2500000,1779276238.308289
approach4_mm2_run1,2501000,1779276238.309895
approach4_mm2_run1,2502000,1779276238.311504
approach4_mm2_run1,2503000,1779276238.313105
approach4_mm2_run1,2504000,1779276238.314722
approach4_mm2_run1,2505000,1779276238.334971
approach4_mm2_run1,2506000,1779276238.336555
approach4_mm2_run1,2507000,1779276238.338136
approach4_mm2_run1,2508000,1779276238.339693
approach4_mm2_run1,2509000,1779276238.341283
approach4_mm2_run1,2510000,1779276238.346649
approach4_mm2_run1,2511000,1779276238.348218
approach4_mm2_run1,2512000,1779276238.349824
approach4_mm2_run1,2513000,1779276238.351406
approach4_mm2_run1,2514000,1779276238.353034
approach4_mm2_run1,2515000,1779276238.356036
approach4_mm2_run1,2516000,1779276238.357609
approach4_mm2_run1,2517000,1779276238.359210
approach4_mm2_run1,2518000,1779276238.360779
approach4_mm2_run1,2519000,1779276238.362390
approach4_mm2_run1,2520000,1779276238.418827
approach4_mm2_run1,2521000,1779276238.420429
approach4_mm2_run1,2522000,1779276238.422016
approach4_mm2_run1,2523000,1779276238.423622
approach4_mm2_run1,2524000,1779276238.425250
approach4_mm2_run1,2525000,1779276238.426873
approach4_mm2_run1,2526000,1779276238.841799
approach4_mm2_run1,2527000,1779276238.843385
approach4_mm2_run1,2528000,1779276238.845008
approach4_mm2_run1,2529000,1779276238.846591
approach4_mm2_run1,2530000,1779276238.848210
approach4_mm2_run1,2531000,1779276238.886796
approach4_mm2_run1,2532000,1779276238.888367
approach4_mm2_run1,2533000,1779276238.889961
approach4_mm2_run1,2534000,1779276238.891566
approach4_mm2_run1,2535000,1779276238.893149
approach4_mm2_run1,2536000,1779276239.036201
approach4_mm2_run1,2537000,1779276239.037830
approach4_mm2_run1,2538000,1779276239.039433
approach4_mm2_run1,2539000,1779276239.041026
approach4_mm2_run1,2540000,1779276239.042620
approach4_mm2_run1,2541000,1779276239.044244
approach4_mm2_run1,2542000,1779276239.073750
approach4_mm2_run1,2543000,1779276239.075364
approach4_mm2_run1,2544000,1779276239.076972
approach4_mm2_run1,2545000,1779276239.078648
approach4_mm2_run1,2546000,1779276239.081137
approach4_mm2_run1,2547000,1779276239.082734
approach4_mm2_run1,2548000,1779276239.084362
approach4_mm2_run1,2549000,1779276239.086436
approach4_mm2_run1,2550000,1779276239.088425
approach4_mm2_run1,2551000,1779276239.089997
approach4_mm2_run1,2552000,1779276239.091587
approach4_mm2_run1,2553000,1779276239.093191
approach4_mm2_run1,2554000,1779276239.094780
approach4_mm2_run1,2555000,1779276239.096390
approach4_mm2_run1,2556000,1779276239.097975
approach4_mm2_run1,2557000,1779276239.146312
approach4_mm2_run1,2558000,1779276239.147906
approach4_mm2_run1,2559000,1779276239.149514
approach4_mm2_run1,2560000,1779276239.151119
approach4_mm2_run1,2561000,1779276239.152698
approach4_mm2_run1,2562000,1779276239.154301
approach4_mm2_run1,2563000,1779276239.411877
approach4_mm2_run1,2564000,1779276239.413475
approach4_mm2_run1,2565000,1779276239.415112
approach4_mm2_run1,2566000,1779276239.416714
approach4_mm2_run1,2567000,1779276239.418277
approach4_mm2_run1,2568000,1779276239.591489
approach4_mm2_run1,2569000,1779276239.593059
approach4_mm2_run1,2570000,1779276239.594655
approach4_mm2_run1,2571000,1779276239.596310
approach4_mm2_run1,2572000,1779276239.597896
approach4_mm2_run1,2573000,1779276239.632583
approach4_mm2_run1,2574000,1779276239.634176
approach4_mm2_run1,2575000,1779276239.635805
approach4_mm2_run1,2576000,1779276239.637404
approach4_mm2_run1,2577000,1779276239.639003
approach4_mm2_run1,2578000,1779276239.640625
approach4_mm2_run1,2579000,1779276239.769171
approach4_mm2_run1,2580000,1779276239.770800
approach4_mm2_run1,2581000,1779276239.772379
approach4_mm2_run1,2582000,1779276239.773992
approach4_mm2_run1,2583000,1779276239.775626
approach4_mm2_run1,2584000,1779276239.800101
approach4_mm2_run1,2585000,1779276239.801723
approach4_mm2_run1,2586000,1779276239.803346
approach4_mm2_run1,2587000,1779276239.804994
approach4_mm2_run1,2588000,1779276239.806607
approach4_mm2_run1,2589000,1779276239.817078
approach4_mm2_run1,2590000,1779276239.818702
approach4_mm2_run1,2591000,1779276239.820285
approach4_mm2_run1,2592000,1779276239.821918
approach4_mm2_run1,2593000,1779276239.823550
approach4_mm2_run1,2594000,1779276239.842786
approach4_mm2_run1,2595000,1779276239.844366
approach4_mm2_run1,2596000,1779276239.845978
approach4_mm2_run1,2597000,1779276239.847548
approach4_mm2_run1,2598000,1779276239.849146
approach4_mm2_run1,2599000,1779276239.850785
approach4_mm2_run1,2600000,1779276239.874640
approach4_mm2_run1,2601000,1779276239.876256
approach4_mm2_run1,2602000,1779276239.877851
approach4_mm2_run1,2603000,1779276239.879449
approach4_mm2_run1,2604000,1779276239.881061
approach4_mm2_run1,2605000,1779276240.197472
approach4_mm2_run1,2606000,1779276240.199067
approach4_mm2_run1,2607000,1779276240.200661
approach4_mm2_run1,2608000,1779276240.202243
approach4_mm2_run1,2609000,1779276240.203863
approach4_mm2_run1,2610000,1779276240.339842
approach4_mm2_run1,2611000,1779276240.341443
approach4_mm2_run1,2612000,1779276240.343016
approach4_mm2_run1,2613000,1779276240.344615
approach4_mm2_run1,2614000,1779276240.346220
approach4_mm2_run1,2615000,1779276240.347857
approach4_mm2_run1,2616000,1779276240.385911
approach4_mm2_run1,2617000,1779276240.387518
approach4_mm2_run1,2618000,1779276240.389120
approach4_mm2_run1,2619000,1779276240.390698
approach4_mm2_run1,2620000,1779276240.392320
approach4_mm2_run1,2621000,1779276240.497466
approach4_mm2_run1,2622000,1779276240.499063
approach4_mm2_run1,2623000,1779276240.500664
approach4_mm2_run1,2624000,1779276240.502268
approach4_mm2_run1,2625000,1779276240.503852
approach4_mm2_run1,2626000,1779276240.526269
approach4_mm2_run1,2627000,1779276240.527869
approach4_mm2_run1,2628000,1779276240.529474
approach4_mm2_run1,2629000,1779276240.531059
approach4_mm2_run1,2630000,1779276240.532613
approach4_mm2_run1,2631000,1779276240.547284
approach4_mm2_run1,2632000,1779276240.548881
approach4_mm2_run1,2633000,1779276240.550489
approach4_mm2_run1,2634000,1779276240.552045
approach4_mm2_run1,2635000,1779276240.553639
approach4_mm2_run1,2636000,1779276240.555309
approach4_mm2_run1,2637000,1779276240.590789
approach4_mm2_run1,2638000,1779276240.592361
approach4_mm2_run1,2639000,1779276240.593968
approach4_mm2_run1,2640000,1779276240.595587
approach4_mm2_run1,2641000,1779276240.597205
approach4_mm2_run1,2642000,1779276240.601699
approach4_mm2_run1,2643000,1779276240.603297
approach4_mm2_run1,2644000,1779276240.604911
approach4_mm2_run1,2645000,1779276240.606517
approach4_mm2_run1,2646000,1779276240.608121
approach4_mm2_run1,2647000,1779276240.983447
approach4_mm2_run1,2648000,1779276240.985063
approach4_mm2_run1,2649000,1779276240.986630
approach4_mm2_run1,2650000,1779276240.988234
approach4_mm2_run1,2651000,1779276240.989835
approach4_mm2_run1,2652000,1779276240.991435
approach4_mm2_run1,2653000,1779276241.090134
approach4_mm2_run1,2654000,1779276241.091728
approach4_mm2_run1,2655000,1779276241.093316
approach4_mm2_run1,2656000,1779276241.094955
approach4_mm2_run1,2657000,1779276241.096559
approach4_mm2_run1,2658000,1779276241.130034
approach4_mm2_run1,2659000,1779276241.131649
approach4_mm2_run1,2660000,1779276241.133272
approach4_mm2_run1,2661000,1779276241.134888
approach4_mm2_run1,2662000,1779276241.136550
approach4_mm2_run1,2663000,1779276241.224430
approach4_mm2_run1,2664000,1779276241.226024
approach4_mm2_run1,2665000,1779276241.227650
approach4_mm2_run1,2666000,1779276241.229255
approach4_mm2_run1,2667000,1779276241.230871
approach4_mm2_run1,2668000,1779276241.254319
approach4_mm2_run1,2669000,1779276241.255950
approach4_mm2_run1,2670000,1779276241.257536
approach4_mm2_run1,2671000,1779276241.259101
approach4_mm2_run1,2672000,1779276241.260679
approach4_mm2_run1,2673000,1779276241.262284
approach4_mm2_run1,2674000,1779276241.280459
approach4_mm2_run1,2675000,1779276241.282065
approach4_mm2_run1,2676000,1779276241.283691
approach4_mm2_run1,2677000,1779276241.285298
approach4_mm2_run1,2678000,1779276241.286900
approach4_mm2_run1,2679000,1779276241.329161
approach4_mm2_run1,2680000,1779276241.330760
approach4_mm2_run1,2681000,1779276241.332359
approach4_mm2_run1,2682000,1779276241.334087
approach4_mm2_run1,2683000,1779276241.336385
approach4_mm2_run1,2684000,1779276241.337962
approach4_mm2_run1,2685000,1779276241.339556
approach4_mm2_run1,2686000,1779276241.341138
approach4_mm2_run1,2687000,1779276241.342744
approach4_mm2_run1,2688000,1779276241.344323
approach4_mm2_run1,2689000,1779276241.345948
approach4_mm2_run1,2690000,1779276241.767040
approach4_mm2_run1,2691000,1779276241.768622
approach4_mm2_run1,2692000,1779276241.770221
approach4_mm2_run1,2693000,1779276241.771809
approach4_mm2_run1,2694000,1779276241.773392
approach4_mm2_run1,2695000,1779276241.841119
approach4_mm2_run1,2696000,1779276241.842713
approach4_mm2_run1,2697000,1779276241.844311
approach4_mm2_run1,2698000,1779276241.845909
approach4_mm2_run1,2699000,1779276241.847518
approach4_mm2_run1,2700000,1779276241.877946
approach4_mm2_run1,2701000,1779276241.879543
approach4_mm2_run1,2702000,1779276241.881128
approach4_mm2_run1,2703000,1779276241.882726
approach4_mm2_run1,2704000,1779276241.884310
approach4_mm2_run1,2705000,1779276241.953144
approach4_mm2_run1,2706000,1779276241.954721
approach4_mm2_run1,2707000,1779276241.956351
approach4_mm2_run1,2708000,1779276241.957955
approach4_mm2_run1,2709000,1779276241.959560
approach4_mm2_run1,2710000,1779276241.961129
approach4_mm2_run1,2711000,1779276241.981524
approach4_mm2_run1,2712000,1779276241.983127
approach4_mm2_run1,2713000,1779276241.984713
approach4_mm2_run1,2714000,1779276241.986336
approach4_mm2_run1,2715000,1779276241.987921
approach4_mm2_run1,2716000,1779276242.010782
approach4_mm2_run1,2717000,1779276242.012363
approach4_mm2_run1,2718000,1779276242.013945
approach4_mm2_run1,2719000,1779276242.015543
approach4_mm2_run1,2720000,1779276242.017136
approach4_mm2_run1,2721000,1779276242.056103
approach4_mm2_run1,2722000,1779276242.057681
approach4_mm2_run1,2723000,1779276242.059264
approach4_mm2_run1,2724000,1779276242.060831
approach4_mm2_run1,2725000,1779276242.062495
approach4_mm2_run1,2726000,1779276242.064116
approach4_mm2_run1,2727000,1779276242.084710
approach4_mm2_run1,2728000,1779276242.086333
approach4_mm2_run1,2729000,1779276242.087926
approach4_mm2_run1,2730000,1779276242.089517
approach4_mm2_run1,2731000,1779276242.091136
approach4_mm2_run1,2732000,1779276242.553154
approach4_mm2_run1,2733000,1779276242.554755
approach4_mm2_run1,2734000,1779276242.556377
approach4_mm2_run1,2735000,1779276242.557976
approach4_mm2_run1,2736000,1779276242.559590
approach4_mm2_run1,2737000,1779276242.590847
approach4_mm2_run1,2738000,1779276242.592424
approach4_mm2_run1,2739000,1779276242.594032
approach4_mm2_run1,2740000,1779276242.595684
approach4_mm2_run1,2741000,1779276242.597260
approach4_mm2_run1,2742000,1779276242.630876
approach4_mm2_run1,2743000,1779276242.632477
approach4_mm2_run1,2744000,1779276242.634057
approach4_mm2_run1,2745000,1779276242.635707
approach4_mm2_run1,2746000,1779276242.637310
approach4_mm2_run1,2747000,1779276242.638953
approach4_mm2_run1,2748000,1779276242.708971
approach4_mm2_run1,2749000,1779276242.710598
approach4_mm2_run1,2750000,1779276242.712221
approach4_mm2_run1,2751000,1779276242.713820
approach4_mm2_run1,2752000,1779276242.715437
approach4_mm2_run1,2753000,1779276242.739859
approach4_mm2_run1,2754000,1779276242.741447
approach4_mm2_run1,2755000,1779276242.743040
approach4_mm2_run1,2756000,1779276242.744640
approach4_mm2_run1,2757000,1779276242.746245
approach4_mm2_run1,2758000,1779276242.783461
approach4_mm2_run1,2759000,1779276242.785077
approach4_mm2_run1,2760000,1779276242.786656
approach4_mm2_run1,2761000,1779276242.788267
approach4_mm2_run1,2762000,1779276242.789872
approach4_mm2_run1,2763000,1779276242.791484
approach4_mm2_run1,2764000,1779276242.846195
approach4_mm2_run1,2765000,1779276242.847810
approach4_mm2_run1,2766000,1779276242.849400
approach4_mm2_run1,2767000,1779276242.851027
approach4_mm2_run1,2768000,1779276242.852612
approach4_mm2_run1,2769000,1779276243.029880
approach4_mm2_run1,2770000,1779276243.031483
approach4_mm2_run1,2771000,1779276243.033095
approach4_mm2_run1,2772000,1779276243.034684
approach4_mm2_run1,2773000,1779276243.036327
approach4_mm2_run1,2774000,1779276243.338515
approach4_mm2_run1,2775000,1779276243.340346
approach4_mm2_run1,2776000,1779276243.342466
approach4_mm2_run1,2777000,1779276243.344045
approach4_mm2_run1,2778000,1779276243.345682
approach4_mm2_run1,2779000,1779276243.347314
approach4_mm2_run1,2780000,1779276243.348906
approach4_mm2_run1,2781000,1779276243.350499
approach4_mm2_run1,2782000,1779276243.352084
approach4_mm2_run1,2783000,1779276243.353684
approach4_mm2_run1,2784000,1779276243.355308
approach4_mm2_run1,2785000,1779276243.379832
approach4_mm2_run1,2786000,1779276243.381404
approach4_mm2_run1,2787000,1779276243.383021
approach4_mm2_run1,2788000,1779276243.384651
approach4_mm2_run1,2789000,1779276243.386317
approach4_mm2_run1,2790000,1779276243.435180
approach4_mm2_run1,2791000,1779276243.436780
approach4_mm2_run1,2792000,1779276243.438383
approach4_mm2_run1,2793000,1779276243.439988
approach4_mm2_run1,2794000,1779276243.441570
approach4_mm2_run1,2795000,1779276243.470373
approach4_mm2_run1,2796000,1779276243.471960
approach4_mm2_run1,2797000,1779276243.473552
approach4_mm2_run1,2798000,1779276243.475149
approach4_mm2_run1,2799000,1779276243.476742
approach4_mm2_run1,2800000,1779276243.478369
approach4_mm2_run1,2801000,1779276243.512335
approach4_mm2_run1,2802000,1779276243.513931
approach4_mm2_run1,2803000,1779276243.515556
approach4_mm2_run1,2804000,1779276243.517138
approach4_mm2_run1,2805000,1779276243.518739
approach4_mm2_run1,2806000,1779276243.591872
approach4_mm2_run1,2807000,1779276243.593456
approach4_mm2_run1,2808000,1779276243.595088
approach4_mm2_run1,2809000,1779276243.596707
approach4_mm2_run1,2810000,1779276243.598298
approach4_mm2_run1,2811000,1779276243.757346
approach4_mm2_run1,2812000,1779276243.758950
approach4_mm2_run1,2813000,1779276243.760530
approach4_mm2_run1,2814000,1779276243.762107
approach4_mm2_run1,2815000,1779276243.763718
approach4_mm2_run1,2816000,1779276244.087549
approach4_mm2_run1,2817000,1779276244.089133
approach4_mm2_run1,2818000,1779276244.090702
approach4_mm2_run1,2819000,1779276244.092306
approach4_mm2_run1,2820000,1779276244.093917
approach4_mm2_run1,2821000,1779276244.095547
approach4_mm2_run1,2822000,1779276244.123784
approach4_mm2_run1,2823000,1779276244.125466
approach4_mm2_run1,2824000,1779276244.127838
approach4_mm2_run1,2825000,1779276244.129425
approach4_mm2_run1,2826000,1779276244.131035
approach4_mm2_run1,2827000,1779276244.132619
approach4_mm2_run1,2828000,1779276244.134181
approach4_mm2_run1,2829000,1779276244.135793
approach4_mm2_run1,2830000,1779276244.137399
approach4_mm2_run1,2831000,1779276244.139014
approach4_mm2_run1,2832000,1779276244.160527
approach4_mm2_run1,2833000,1779276244.162121
approach4_mm2_run1,2834000,1779276244.163707
approach4_mm2_run1,2835000,1779276244.165330
approach4_mm2_run1,2836000,1779276244.166947
approach4_mm2_run1,2837000,1779276244.168530
approach4_mm2_run1,2838000,1779276244.203369
approach4_mm2_run1,2839000,1779276244.204972
approach4_mm2_run1,2840000,1779276244.206584
approach4_mm2_run1,2841000,1779276244.208177
approach4_mm2_run1,2842000,1779276244.209778
approach4_mm2_run1,2843000,1779276244.239948
approach4_mm2_run1,2844000,1779276244.241544
approach4_mm2_run1,2845000,1779276244.243117
approach4_mm2_run1,2846000,1779276244.244704
approach4_mm2_run1,2847000,1779276244.246289
approach4_mm2_run1,2848000,1779276244.338606
approach4_mm2_run1,2849000,1779276244.340193
approach4_mm2_run1,2850000,1779276244.341776
approach4_mm2_run1,2851000,1779276244.343400
approach4_mm2_run1,2852000,1779276244.345032
approach4_mm2_run1,2853000,1779276244.485926
approach4_mm2_run1,2854000,1779276244.487511
approach4_mm2_run1,2855000,1779276244.489115
approach4_mm2_run1,2856000,1779276244.490706
approach4_mm2_run1,2857000,1779276244.492296
approach4_mm2_run1,2858000,1779276244.493892
approach4_mm2_run1,2859000,1779276244.836733
approach4_mm2_run1,2860000,1779276244.838338
approach4_mm2_run1,2861000,1779276244.839944
approach4_mm2_run1,2862000,1779276244.841518
approach4_mm2_run1,2863000,1779276244.843125
approach4_mm2_run1,2864000,1779276244.872100
approach4_mm2_run1,2865000,1779276244.873689
approach4_mm2_run1,2866000,1779276244.875291
approach4_mm2_run1,2867000,1779276244.876904
approach4_mm2_run1,2868000,1779276244.878513
approach4_mm2_run1,2869000,1779276244.887372
approach4_mm2_run1,2870000,1779276244.888944
approach4_mm2_run1,2871000,1779276244.890560
approach4_mm2_run1,2872000,1779276244.892170
approach4_mm2_run1,2873000,1779276244.893770
approach4_mm2_run1,2874000,1779276244.895411
approach4_mm2_run1,2875000,1779276244.909799
approach4_mm2_run1,2876000,1779276244.911389
approach4_mm2_run1,2877000,1779276244.912960
approach4_mm2_run1,2878000,1779276244.914557
approach4_mm2_run1,2879000,1779276244.916177
approach4_mm2_run1,2880000,1779276244.935364
approach4_mm2_run1,2881000,1779276244.936955
approach4_mm2_run1,2882000,1779276244.938540
approach4_mm2_run1,2883000,1779276244.940137
approach4_mm2_run1,2884000,1779276244.941715
approach4_mm2_run1,2885000,1779276244.966671
approach4_mm2_run1,2886000,1779276244.968254
approach4_mm2_run1,2887000,1779276244.969854
approach4_mm2_run1,2888000,1779276244.971433
approach4_mm2_run1,2889000,1779276244.973034
approach4_mm2_run1,2890000,1779276245.101936
approach4_mm2_run1,2891000,1779276245.103522
approach4_mm2_run1,2892000,1779276245.105111
approach4_mm2_run1,2893000,1779276245.106682
approach4_mm2_run1,2894000,1779276245.108267
approach4_mm2_run1,2895000,1779276245.109863
approach4_mm2_run1,2896000,1779276245.216661
approach4_mm2_run1,2897000,1779276245.218236
approach4_mm2_run1,2898000,1779276245.219809
approach4_mm2_run1,2899000,1779276245.221400
approach4_mm2_run1,2900000,1779276245.222985
approach4_mm2_run1,2901000,1779276245.590158
approach4_mm2_run1,2902000,1779276245.591735
approach4_mm2_run1,2903000,1779276245.593332
approach4_mm2_run1,2904000,1779276245.594961
approach4_mm2_run1,2905000,1779276245.596566
approach4_mm2_run1,2906000,1779276245.613667
approach4_mm2_run1,2907000,1779276245.615294
approach4_mm2_run1,2908000,1779276245.616891
approach4_mm2_run1,2909000,1779276245.618470
approach4_mm2_run1,2910000,1779276245.620068
approach4_mm2_run1,2911000,1779276245.621671
approach4_mm2_run1,2912000,1779276245.694286
approach4_mm2_run1,2913000,1779276245.696556
approach4_mm2_run1,2914000,1779276245.698305
approach4_mm2_run1,2915000,1779276245.699907
approach4_mm2_run1,2916000,1779276245.701503
approach4_mm2_run1,2917000,1779276245.703079
approach4_mm2_run1,2918000,1779276245.704645
approach4_mm2_run1,2919000,1779276245.706238
approach4_mm2_run1,2920000,1779276245.707837
approach4_mm2_run1,2921000,1779276245.709446
approach4_mm2_run1,2922000,1779276245.847821
approach4_mm2_run1,2923000,1779276245.849409
approach4_mm2_run1,2924000,1779276245.851004
approach4_mm2_run1,2925000,1779276245.852600
approach4_mm2_run1,2926000,1779276245.854193
approach4_mm2_run1,2927000,1779276245.943576
approach4_mm2_run1,2928000,1779276245.945199
approach4_mm2_run1,2929000,1779276245.946795
approach4_mm2_run1,2930000,1779276245.948383
approach4_mm2_run1,2931000,1779276245.949975
approach4_mm2_run1,2932000,1779276245.951589
approach4_mm2_run1,2933000,1779276245.965775
approach4_mm2_run1,2934000,1779276245.967347
approach4_mm2_run1,2935000,1779276245.968974
approach4_mm2_run1,2936000,1779276245.970567
approach4_mm2_run1,2937000,1779276245.972171
approach4_mm2_run1,2938000,1779276246.012307
approach4_mm2_run1,2939000,1779276246.013902
approach4_mm2_run1,2940000,1779276246.015489
approach4_mm2_run1,2941000,1779276246.017062
approach4_mm2_run1,2942000,1779276246.018667
approach4_mm2_run1,2943000,1779276246.337604
approach4_mm2_run1,2944000,1779276246.339271
approach4_mm2_run1,2945000,1779276246.341567
approach4_mm2_run1,2946000,1779276246.343178
approach4_mm2_run1,2947000,1779276246.344795
approach4_mm2_run1,2948000,1779276246.346438
approach4_mm2_run1,2949000,1779276246.348029
approach4_mm2_run1,2950000,1779276246.349615
approach4_mm2_run1,2951000,1779276246.351260
approach4_mm2_run1,2952000,1779276246.352859
approach4_mm2_run1,2953000,1779276246.354464
approach4_mm2_run1,2954000,1779276246.421399
approach4_mm2_run1,2955000,1779276246.422967
approach4_mm2_run1,2956000,1779276246.424554
approach4_mm2_run1,2957000,1779276246.426176
approach4_mm2_run1,2958000,1779276246.427798
approach4_mm2_run1,2959000,1779276246.477856
approach4_mm2_run1,2960000,1779276246.479420
approach4_mm2_run1,2961000,1779276246.480996
approach4_mm2_run1,2962000,1779276246.482610
approach4_mm2_run1,2963000,1779276246.484195
approach4_mm2_run1,2964000,1779276246.591570
approach4_mm2_run1,2965000,1779276246.593167
approach4_mm2_run1,2966000,1779276246.594759
approach4_mm2_run1,2967000,1779276246.596365
approach4_mm2_run1,2968000,1779276246.597953
approach4_mm2_run1,2969000,1779276246.599560
approach4_mm2_run1,2970000,1779276246.672854
approach4_mm2_run1,2971000,1779276246.674468
approach4_mm2_run1,2972000,1779276246.676095
approach4_mm2_run1,2973000,1779276246.677674
approach4_mm2_run1,2974000,1779276246.679255
approach4_mm2_run1,2975000,1779276246.706990
approach4_mm2_run1,2976000,1779276246.708580
approach4_mm2_run1,2977000,1779276246.710212
approach4_mm2_run1,2978000,1779276246.711837
approach4_mm2_run1,2979000,1779276246.713411
approach4_mm2_run1,2980000,1779276246.744092
approach4_mm2_run1,2981000,1779276246.745669
approach4_mm2_run1,2982000,1779276246.747270
approach4_mm2_run1,2983000,1779276246.748866
approach4_mm2_run1,2984000,1779276246.750479
approach4_mm2_run1,2985000,1779276247.065808
approach4_mm2_run1,2986000,1779276247.067414
approach4_mm2_run1,2987000,1779276247.068982
approach4_mm2_run1,2988000,1779276247.070542
approach4_mm2_run1,2989000,1779276247.072141
approach4_mm2_run1,2990000,1779276247.073740
approach4_mm2_run1,2991000,1779276247.090984
approach4_mm2_run1,2992000,1779276247.092571
approach4_mm2_run1,2993000,1779276247.094170
approach4_mm2_run1,2994000,1779276247.095805
approach4_mm2_run1,2995000,1779276247.097400
approach4_mm2_run1,2996000,1779276247.149445
approach4_mm2_run1,2997000,1779276247.151031
approach4_mm2_run1,2998000,1779276247.152636
approach4_mm2_run1,2999000,1779276247.154212
approach4_mm2_run1,3000000,1779276247.155862
approach4_mm2_run1,3001000,1779276247.272832
approach4_mm2_run1,3002000,1779276247.274443
approach4_mm2_run1,3003000,1779276247.276083
approach4_mm2_run1,3004000,1779276247.277681
approach4_mm2_run1,3005000,1779276247.279296
approach4_mm2_run1,3006000,1779276247.280884
approach4_mm2_run1,3007000,1779276247.336854
approach4_mm2_run1,3008000,1779276247.338456
approach4_mm2_run1,3009000,1779276247.340060
approach4_mm2_run1,3010000,1779276247.341632
approach4_mm2_run1,3011000,1779276247.343204
approach4_mm2_run1,3012000,1779276247.401420
approach4_mm2_run1,3013000,1779276247.403018
approach4_mm2_run1,3014000,1779276247.404623
approach4_mm2_run1,3015000,1779276247.406213
approach4_mm2_run1,3016000,1779276247.407823
approach4_mm2_run1,3017000,1779276247.453079
approach4_mm2_run1,3018000,1779276247.454689
approach4_mm2_run1,3019000,1779276247.456297
approach4_mm2_run1,3020000,1779276247.457894
approach4_mm2_run1,3021000,1779276247.459507
approach4_mm2_run1,3022000,1779276247.474365
approach4_mm2_run1,3023000,1779276247.475991
approach4_mm2_run1,3024000,1779276247.477567
approach4_mm2_run1,3025000,1779276247.479165
approach4_mm2_run1,3026000,1779276247.480721
approach4_mm2_run1,3027000,1779276247.482300
approach4_mm2_run1,3028000,1779276247.794075
approach4_mm2_run1,3029000,1779276247.795699
approach4_mm2_run1,3030000,1779276247.797252
approach4_mm2_run1,3031000,1779276247.798842
approach4_mm2_run1,3032000,1779276247.800453
approach4_mm2_run1,3033000,1779276247.836344
approach4_mm2_run1,3034000,1779276247.837901
approach4_mm2_run1,3035000,1779276247.839523
approach4_mm2_run1,3036000,1779276247.841136
approach4_mm2_run1,3037000,1779276247.842763
approach4_mm2_run1,3038000,1779276247.878283
approach4_mm2_run1,3039000,1779276247.879874
approach4_mm2_run1,3040000,1779276247.881501
approach4_mm2_run1,3041000,1779276247.883122
approach4_mm2_run1,3042000,1779276247.884717
approach4_mm2_run1,3043000,1779276247.886347
approach4_mm2_run1,3044000,1779276248.048623
approach4_mm2_run1,3045000,1779276248.050183
approach4_mm2_run1,3046000,1779276248.051786
approach4_mm2_run1,3047000,1779276248.053381
approach4_mm2_run1,3048000,1779276248.055018
approach4_mm2_run1,3049000,1779276248.094712
approach4_mm2_run1,3050000,1779276248.096303
approach4_mm2_run1,3051000,1779276248.097871
approach4_mm2_run1,3052000,1779276248.099472
approach4_mm2_run1,3053000,1779276248.101062
approach4_mm2_run1,3054000,1779276248.129101
approach4_mm2_run1,3055000,1779276248.130707
approach4_mm2_run1,3056000,1779276248.132286
approach4_mm2_run1,3057000,1779276248.133864
approach4_mm2_run1,3058000,1779276248.135489
approach4_mm2_run1,3059000,1779276248.196845
approach4_mm2_run1,3060000,1779276248.198490
approach4_mm2_run1,3061000,1779276248.200104
approach4_mm2_run1,3062000,1779276248.201695
approach4_mm2_run1,3063000,1779276248.203332
approach4_mm2_run1,3064000,1779276248.205454
approach4_mm2_run1,3065000,1779276248.207486
approach4_mm2_run1,3066000,1779276248.209058
approach4_mm2_run1,3067000,1779276248.210624
approach4_mm2_run1,3068000,1779276248.212225
approach4_mm2_run1,3069000,1779276248.213829
approach4_mm2_run1,3070000,1779276248.521128
approach4_mm2_run1,3071000,1779276248.522717
approach4_mm2_run1,3072000,1779276248.524325
approach4_mm2_run1,3073000,1779276248.525936
approach4_mm2_run1,3074000,1779276248.527519
approach4_mm2_run1,3075000,1779276248.585645
approach4_mm2_run1,3076000,1779276248.587239
approach4_mm2_run1,3077000,1779276248.588819
approach4_mm2_run1,3078000,1779276248.590373
approach4_mm2_run1,3079000,1779276248.591973
approach4_mm2_run1,3080000,1779276248.593587
approach4_mm2_run1,3081000,1779276248.606822
approach4_mm2_run1,3082000,1779276248.608415
approach4_mm2_run1,3083000,1779276248.609986
approach4_mm2_run1,3084000,1779276248.611608
approach4_mm2_run1,3085000,1779276248.613214
approach4_mm2_run1,3086000,1779276248.839182
approach4_mm2_run1,3087000,1779276248.841248
approach4_mm2_run1,3088000,1779276248.843112
approach4_mm2_run1,3089000,1779276248.844706
approach4_mm2_run1,3090000,1779276248.846306
approach4_mm2_run1,3091000,1779276248.847905
approach4_mm2_run1,3092000,1779276248.849499
approach4_mm2_run1,3093000,1779276248.851103
approach4_mm2_run1,3094000,1779276248.852678
approach4_mm2_run1,3095000,1779276248.854275
approach4_mm2_run1,3096000,1779276248.859798
approach4_mm2_run1,3097000,1779276248.861400
approach4_mm2_run1,3098000,1779276248.862978
approach4_mm2_run1,3099000,1779276248.864560
approach4_mm2_run1,3100000,1779276248.866186
approach4_mm2_run1,3101000,1779276248.867820
approach4_mm2_run1,3102000,1779276248.936818
approach4_mm2_run1,3103000,1779276248.938459
approach4_mm2_run1,3104000,1779276248.940076
approach4_mm2_run1,3105000,1779276248.941677
approach4_mm2_run1,3106000,1779276248.943272
approach4_mm2_run1,3107000,1779276248.954093
approach4_mm2_run1,3108000,1779276248.955712
approach4_mm2_run1,3109000,1779276248.957309
approach4_mm2_run1,3110000,1779276248.958926
approach4_mm2_run1,3111000,1779276248.960489
approach4_mm2_run1,3112000,1779276249.247089
approach4_mm2_run1,3113000,1779276249.248683
approach4_mm2_run1,3114000,1779276249.250263
approach4_mm2_run1,3115000,1779276249.251872
approach4_mm2_run1,3116000,1779276249.253448
approach4_mm2_run1,3117000,1779276249.255056
approach4_mm2_run1,3118000,1779276249.334632
approach4_mm2_run1,3119000,1779276249.336943
approach4_mm2_run1,3120000,1779276249.338557
approach4_mm2_run1,3121000,1779276249.340173
approach4_mm2_run1,3122000,1779276249.341754
approach4_mm2_run1,3123000,1779276249.343376
approach4_mm2_run1,3124000,1779276249.344966
approach4_mm2_run1,3125000,1779276249.346561
approach4_mm2_run1,3126000,1779276249.348171
approach4_mm2_run1,3127000,1779276249.349757
approach4_mm2_run1,3128000,1779276249.583901
approach4_mm2_run1,3129000,1779276249.585518
approach4_mm2_run1,3130000,1779276249.587150
approach4_mm2_run1,3131000,1779276249.589129
approach4_mm2_run1,3132000,1779276249.591170
approach4_mm2_run1,3133000,1779276249.592711
approach4_mm2_run1,3134000,1779276249.594298
approach4_mm2_run1,3135000,1779276249.595922
approach4_mm2_run1,3136000,1779276249.597516
approach4_mm2_run1,3137000,1779276249.599124
approach4_mm2_run1,3138000,1779276249.600745
approach4_mm2_run1,3139000,1779276249.622448
approach4_mm2_run1,3140000,1779276249.624019
approach4_mm2_run1,3141000,1779276249.625642
approach4_mm2_run1,3142000,1779276249.627228
approach4_mm2_run1,3143000,1779276249.628826
approach4_mm2_run1,3144000,1779276249.667532
approach4_mm2_run1,3145000,1779276249.669122
approach4_mm2_run1,3146000,1779276249.670698
approach4_mm2_run1,3147000,1779276249.672297
approach4_mm2_run1,3148000,1779276249.673877
approach4_mm2_run1,3149000,1779276249.697853
approach4_mm2_run1,3150000,1779276249.699424
approach4_mm2_run1,3151000,1779276249.701031
approach4_mm2_run1,3152000,1779276249.702621
approach4_mm2_run1,3153000,1779276249.704217
approach4_mm2_run1,3154000,1779276249.705835
approach4_mm2_run1,3155000,1779276249.973807
approach4_mm2_run1,3156000,1779276249.975460
approach4_mm2_run1,3157000,1779276249.977040
approach4_mm2_run1,3158000,1779276249.978654
approach4_mm2_run1,3159000,1779276249.980258
approach4_mm2_run1,3160000,1779276250.080047
approach4_mm2_run1,3161000,1779276250.081630
approach4_mm2_run1,3162000,1779276250.083230
approach4_mm2_run1,3163000,1779276250.084942
approach4_mm2_run1,3164000,1779276250.087344
approach4_mm2_run1,3165000,1779276250.088932
approach4_mm2_run1,3166000,1779276250.090564
approach4_mm2_run1,3167000,1779276250.092187
approach4_mm2_run1,3168000,1779276250.093774
approach4_mm2_run1,3169000,1779276250.095406
approach4_mm2_run1,3170000,1779276250.318904
approach4_mm2_run1,3171000,1779276250.320499
approach4_mm2_run1,3172000,1779276250.322100
approach4_mm2_run1,3173000,1779276250.323736
approach4_mm2_run1,3174000,1779276250.325366
approach4_mm2_run1,3175000,1779276250.327086
approach4_mm2_run1,3176000,1779276250.329651
approach4_mm2_run1,3177000,1779276250.331213
approach4_mm2_run1,3178000,1779276250.332811
approach4_mm2_run1,3179000,1779276250.334411
approach4_mm2_run1,3180000,1779276250.336044
approach4_mm2_run1,3181000,1779276250.398586
approach4_mm2_run1,3182000,1779276250.400187
approach4_mm2_run1,3183000,1779276250.401795
approach4_mm2_run1,3184000,1779276250.403379
approach4_mm2_run1,3185000,1779276250.405022
approach4_mm2_run1,3186000,1779276250.413740
approach4_mm2_run1,3187000,1779276250.415384
approach4_mm2_run1,3188000,1779276250.416975
approach4_mm2_run1,3189000,1779276250.418579
approach4_mm2_run1,3190000,1779276250.420181
approach4_mm2_run1,3191000,1779276250.421777
approach4_mm2_run1,3192000,1779276250.443783
approach4_mm2_run1,3193000,1779276250.445419
approach4_mm2_run1,3194000,1779276250.447006
approach4_mm2_run1,3195000,1779276250.448637
approach4_mm2_run1,3196000,1779276250.450274
approach4_mm2_run1,3197000,1779276250.806442
approach4_mm2_run1,3198000,1779276250.808067
approach4_mm2_run1,3199000,1779276250.809627
approach4_mm2_run1,3200000,1779276250.811220
approach4_mm2_run1,3201000,1779276250.812799
approach4_mm2_run1,3202000,1779276250.837166
approach4_mm2_run1,3203000,1779276250.838758
approach4_mm2_run1,3204000,1779276250.840352
approach4_mm2_run1,3205000,1779276250.841940
approach4_mm2_run1,3206000,1779276250.843554
approach4_mm2_run1,3207000,1779276251.043899
approach4_mm2_run1,3208000,1779276251.045637
approach4_mm2_run1,3209000,1779276251.047958
approach4_mm2_run1,3210000,1779276251.049513
approach4_mm2_run1,3211000,1779276251.051119
approach4_mm2_run1,3212000,1779276251.052737
approach4_mm2_run1,3213000,1779276251.054323
approach4_mm2_run1,3214000,1779276251.055953
approach4_mm2_run1,3215000,1779276251.057533
approach4_mm2_run1,3216000,1779276251.059157
approach4_mm2_run1,3217000,1779276251.060768
approach4_mm2_run1,3218000,1779276251.085176
approach4_mm2_run1,3219000,1779276251.086776
approach4_mm2_run1,3220000,1779276251.088366
approach4_mm2_run1,3221000,1779276251.089944
approach4_mm2_run1,3222000,1779276251.091524
approach4_mm2_run1,3223000,1779276251.128468
approach4_mm2_run1,3224000,1779276251.130049
approach4_mm2_run1,3225000,1779276251.131664
approach4_mm2_run1,3226000,1779276251.133246
approach4_mm2_run1,3227000,1779276251.134901
approach4_mm2_run1,3228000,1779276251.195150
approach4_mm2_run1,3229000,1779276251.196772
approach4_mm2_run1,3230000,1779276251.198372
approach4_mm2_run1,3231000,1779276251.200077
approach4_mm2_run1,3232000,1779276251.202444
approach4_mm2_run1,3233000,1779276251.204015
approach4_mm2_run1,3234000,1779276251.205627
approach4_mm2_run1,3235000,1779276251.207229
approach4_mm2_run1,3236000,1779276251.208812
approach4_mm2_run1,3237000,1779276251.210401
approach4_mm2_run1,3238000,1779276251.212030
approach4_mm2_run1,3239000,1779276251.533641
approach4_mm2_run1,3240000,1779276251.535289
approach4_mm2_run1,3241000,1779276251.536870
approach4_mm2_run1,3242000,1779276251.538475
approach4_mm2_run1,3243000,1779276251.540058
approach4_mm2_run1,3244000,1779276251.584833
approach4_mm2_run1,3245000,1779276251.586424
approach4_mm2_run1,3246000,1779276251.588025
approach4_mm2_run1,3247000,1779276251.589609
approach4_mm2_run1,3248000,1779276251.591221
approach4_mm2_run1,3249000,1779276251.592823
approach4_mm2_run1,3250000,1779276251.774559
approach4_mm2_run1,3251000,1779276251.776807
approach4_mm2_run1,3252000,1779276251.778463
approach4_mm2_run1,3253000,1779276251.780084
approach4_mm2_run1,3254000,1779276251.781698
approach4_mm2_run1,3255000,1779276251.783298
approach4_mm2_run1,3256000,1779276251.784913
approach4_mm2_run1,3257000,1779276251.786521
approach4_mm2_run1,3258000,1779276251.788109
approach4_mm2_run1,3259000,1779276251.789711
approach4_mm2_run1,3260000,1779276251.831484
approach4_mm2_run1,3261000,1779276251.833081
approach4_mm2_run1,3262000,1779276251.834668
approach4_mm2_run1,3263000,1779276251.836282
approach4_mm2_run1,3264000,1779276251.837862
approach4_mm2_run1,3265000,1779276251.858532
approach4_mm2_run1,3266000,1779276251.860102
approach4_mm2_run1,3267000,1779276251.861671
approach4_mm2_run1,3268000,1779276251.863283
approach4_mm2_run1,3269000,1779276251.864882
approach4_mm2_run1,3270000,1779276251.866464
approach4_mm2_run1,3271000,1779276251.945626
approach4_mm2_run1,3272000,1779276251.947218
approach4_mm2_run1,3273000,1779276251.948825
approach4_mm2_run1,3274000,1779276251.950415
approach4_mm2_run1,3275000,1779276251.952028
approach4_mm2_run1,3276000,1779276251.979918
approach4_mm2_run1,3277000,1779276251.981493
approach4_mm2_run1,3278000,1779276251.983094
approach4_mm2_run1,3279000,1779276251.984663
approach4_mm2_run1,3280000,1779276251.986264
approach4_mm2_run1,3281000,1779276252.261647
approach4_mm2_run1,3282000,1779276252.263219
approach4_mm2_run1,3283000,1779276252.264874
approach4_mm2_run1,3284000,1779276252.266474
approach4_mm2_run1,3285000,1779276252.268065
approach4_mm2_run1,3286000,1779276252.269663
approach4_mm2_run1,3287000,1779276252.334435
approach4_mm2_run1,3288000,1779276252.336027
approach4_mm2_run1,3289000,1779276252.337622
approach4_mm2_run1,3290000,1779276252.339215
approach4_mm2_run1,3291000,1779276252.340812
approach4_mm2_run1,3292000,1779276252.500676
approach4_mm2_run1,3293000,1779276252.502341
approach4_mm2_run1,3294000,1779276252.504476
approach4_mm2_run1,3295000,1779276252.506290
approach4_mm2_run1,3296000,1779276252.507906
approach4_mm2_run1,3297000,1779276252.509517
approach4_mm2_run1,3298000,1779276252.511109
approach4_mm2_run1,3299000,1779276252.512686
approach4_mm2_run1,3300000,1779276252.514269
approach4_mm2_run1,3301000,1779276252.515952
approach4_mm2_run1,3302000,1779276252.577497
approach4_mm2_run1,3303000,1779276252.579078
approach4_mm2_run1,3304000,1779276252.580647
approach4_mm2_run1,3305000,1779276252.582224
approach4_mm2_run1,3306000,1779276252.583845
approach4_mm2_run1,3307000,1779276252.585526
approach4_mm2_run1,3308000,1779276252.589195
approach4_mm2_run1,3309000,1779276252.590804
approach4_mm2_run1,3310000,1779276252.592388
approach4_mm2_run1,3311000,1779276252.593972
approach4_mm2_run1,3312000,1779276252.595567
approach4_mm2_run1,3313000,1779276252.690133
approach4_mm2_run1,3314000,1779276252.691726
approach4_mm2_run1,3315000,1779276252.693307
approach4_mm2_run1,3316000,1779276252.694929
approach4_mm2_run1,3317000,1779276252.696555
approach4_mm2_run1,3318000,1779276252.763558
approach4_mm2_run1,3319000,1779276252.765152
approach4_mm2_run1,3320000,1779276252.766791
approach4_mm2_run1,3321000,1779276252.768383
approach4_mm2_run1,3322000,1779276252.769950
approach4_mm2_run1,3323000,1779276252.771567
approach4_mm2_run1,3324000,1779276252.990072
approach4_mm2_run1,3325000,1779276252.991702
approach4_mm2_run1,3326000,1779276252.993316
approach4_mm2_run1,3327000,1779276252.994947
approach4_mm2_run1,3328000,1779276252.996544
approach4_mm2_run1,3329000,1779276253.084594
approach4_mm2_run1,3330000,1779276253.086194
approach4_mm2_run1,3331000,1779276253.087778
approach4_mm2_run1,3332000,1779276253.089349
approach4_mm2_run1,3333000,1779276253.090954
approach4_mm2_run1,3334000,1779276253.226851
approach4_mm2_run1,3335000,1779276253.228444
approach4_mm2_run1,3336000,1779276253.230036
approach4_mm2_run1,3337000,1779276253.231704
approach4_mm2_run1,3338000,1779276253.234119
approach4_mm2_run1,3339000,1779276253.235765
approach4_mm2_run1,3340000,1779276253.237365
approach4_mm2_run1,3341000,1779276253.238970
approach4_mm2_run1,3342000,1779276253.240532
approach4_mm2_run1,3343000,1779276253.242133
approach4_mm2_run1,3344000,1779276253.243750
approach4_mm2_run1,3345000,1779276253.321491
approach4_mm2_run1,3346000,1779276253.323522
approach4_mm2_run1,3347000,1779276253.325421
approach4_mm2_run1,3348000,1779276253.327009
approach4_mm2_run1,3349000,1779276253.328619
approach4_mm2_run1,3350000,1779276253.330206
approach4_mm2_run1,3351000,1779276253.331769
approach4_mm2_run1,3352000,1779276253.333368
approach4_mm2_run1,3353000,1779276253.334982
approach4_mm2_run1,3354000,1779276253.336604
approach4_mm2_run1,3355000,1779276253.436343
approach4_mm2_run1,3356000,1779276253.437955
approach4_mm2_run1,3357000,1779276253.439563
approach4_mm2_run1,3358000,1779276253.441164
approach4_mm2_run1,3359000,1779276253.442750
approach4_mm2_run1,3360000,1779276253.556331
approach4_mm2_run1,3361000,1779276253.557926
approach4_mm2_run1,3362000,1779276253.559528
approach4_mm2_run1,3363000,1779276253.561111
approach4_mm2_run1,3364000,1779276253.562728
approach4_mm2_run1,3365000,1779276253.564315
approach4_mm2_run1,3366000,1779276253.717847
approach4_mm2_run1,3367000,1779276253.719418
approach4_mm2_run1,3368000,1779276253.721041
approach4_mm2_run1,3369000,1779276253.722629
approach4_mm2_run1,3370000,1779276253.724231
approach4_mm2_run1,3371000,1779276253.835323
approach4_mm2_run1,3372000,1779276253.836920
approach4_mm2_run1,3373000,1779276253.838525
approach4_mm2_run1,3374000,1779276253.840119
approach4_mm2_run1,3375000,1779276253.841734
approach4_mm2_run1,3376000,1779276253.953437
approach4_mm2_run1,3377000,1779276253.955056
approach4_mm2_run1,3378000,1779276253.956659
approach4_mm2_run1,3379000,1779276253.958256
approach4_mm2_run1,3380000,1779276253.959899
approach4_mm2_run1,3381000,1779276253.961526
approach4_mm2_run1,3382000,1779276253.964111
approach4_mm2_run1,3383000,1779276253.965723
approach4_mm2_run1,3384000,1779276253.967313
approach4_mm2_run1,3385000,1779276253.968917
approach4_mm2_run1,3386000,1779276253.970521
approach4_mm2_run1,3387000,1779276254.051919
approach4_mm2_run1,3388000,1779276254.053481
approach4_mm2_run1,3389000,1779276254.055113
approach4_mm2_run1,3390000,1779276254.056704
approach4_mm2_run1,3391000,1779276254.058290
approach4_mm2_run1,3392000,1779276254.079821
approach4_mm2_run1,3393000,1779276254.081414
approach4_mm2_run1,3394000,1779276254.083008
approach4_mm2_run1,3395000,1779276254.084603
approach4_mm2_run1,3396000,1779276254.086211
approach4_mm2_run1,3397000,1779276254.193931
approach4_mm2_run1,3398000,1779276254.195543
approach4_mm2_run1,3399000,1779276254.197128
approach4_mm2_run1,3400000,1779276254.198735
approach4_mm2_run1,3401000,1779276254.200344
approach4_mm2_run1,3402000,1779276254.201954
approach4_mm2_run1,3403000,1779276254.348287
approach4_mm2_run1,3404000,1779276254.349878
approach4_mm2_run1,3405000,1779276254.351475
approach4_mm2_run1,3406000,1779276254.353067
approach4_mm2_run1,3407000,1779276254.354664
approach4_mm2_run1,3408000,1779276254.445348
approach4_mm2_run1,3409000,1779276254.446939
approach4_mm2_run1,3410000,1779276254.448519
approach4_mm2_run1,3411000,1779276254.450130
approach4_mm2_run1,3412000,1779276254.451736
approach4_mm2_run1,3413000,1779276254.583276
approach4_mm2_run1,3414000,1779276254.584902
approach4_mm2_run1,3415000,1779276254.586478
approach4_mm2_run1,3416000,1779276254.588102
approach4_mm2_run1,3417000,1779276254.589706
approach4_mm2_run1,3418000,1779276254.591361
approach4_mm2_run1,3419000,1779276254.680966
approach4_mm2_run1,3420000,1779276254.682569
approach4_mm2_run1,3421000,1779276254.684156
approach4_mm2_run1,3422000,1779276254.685775
approach4_mm2_run1,3423000,1779276254.687396
approach4_mm2_run1,3424000,1779276254.692085
approach4_mm2_run1,3425000,1779276254.693660
approach4_mm2_run1,3426000,1779276254.695285
approach4_mm2_run1,3427000,1779276254.696862
approach4_mm2_run1,3428000,1779276254.698467
approach4_mm2_run1,3429000,1779276254.781475
approach4_mm2_run1,3430000,1779276254.783083
approach4_mm2_run1,3431000,1779276254.784662
approach4_mm2_run1,3432000,1779276254.786306
approach4_mm2_run1,3433000,1779276254.787888
approach4_mm2_run1,3434000,1779276254.825845
approach4_mm2_run1,3435000,1779276254.827442
approach4_mm2_run1,3436000,1779276254.829033
approach4_mm2_run1,3437000,1779276254.830640
approach4_mm2_run1,3438000,1779276254.832220
approach4_mm2_run1,3439000,1779276254.833835
approach4_mm2_run1,3440000,1779276254.937830
approach4_mm2_run1,3441000,1779276254.939433
approach4_mm2_run1,3442000,1779276254.941035
approach4_mm2_run1,3443000,1779276254.942630
approach4_mm2_run1,3444000,1779276254.944197
approach4_mm2_run1,3445000,1779276255.129833
approach4_mm2_run1,3446000,1779276255.131419
approach4_mm2_run1,3447000,1779276255.132992
approach4_mm2_run1,3448000,1779276255.134624
approach4_mm2_run1,3449000,1779276255.136255
approach4_mm2_run1,3450000,1779276255.171604
approach4_mm2_run1,3451000,1779276255.173193
approach4_mm2_run1,3452000,1779276255.174788
approach4_mm2_run1,3453000,1779276255.176403
approach4_mm2_run1,3454000,1779276255.178009
approach4_mm2_run1,3455000,1779276255.179626
approach4_mm2_run1,3456000,1779276255.334593
approach4_mm2_run1,3457000,1779276255.336215
approach4_mm2_run1,3458000,1779276255.337806
approach4_mm2_run1,3459000,1779276255.339408
approach4_mm2_run1,3460000,1779276255.341015
approach4_mm2_run1,3461000,1779276255.407083
approach4_mm2_run1,3462000,1779276255.408674
approach4_mm2_run1,3463000,1779276255.410245
approach4_mm2_run1,3464000,1779276255.411856
approach4_mm2_run1,3465000,1779276255.413501
approach4_mm2_run1,3466000,1779276255.420567
approach4_mm2_run1,3467000,1779276255.422180
approach4_mm2_run1,3468000,1779276255.423789
approach4_mm2_run1,3469000,1779276255.425387
approach4_mm2_run1,3470000,1779276255.426994
approach4_mm2_run1,3471000,1779276255.513559
approach4_mm2_run1,3472000,1779276255.515201
approach4_mm2_run1,3473000,1779276255.516761
approach4_mm2_run1,3474000,1779276255.518385
approach4_mm2_run1,3475000,1779276255.519985
approach4_mm2_run1,3476000,1779276255.521596
approach4_mm2_run1,3477000,1779276255.572833
approach4_mm2_run1,3478000,1779276255.574441
approach4_mm2_run1,3479000,1779276255.576056
approach4_mm2_run1,3480000,1779276255.577658
approach4_mm2_run1,3481000,1779276255.579319
approach4_mm2_run1,3482000,1779276255.682260
approach4_mm2_run1,3483000,1779276255.683881
approach4_mm2_run1,3484000,1779276255.685515
approach4_mm2_run1,3485000,1779276255.687107
approach4_mm2_run1,3486000,1779276255.688695
approach4_mm2_run1,3487000,1779276255.899801
approach4_mm2_run1,3488000,1779276255.901371
approach4_mm2_run1,3489000,1779276255.902956
approach4_mm2_run1,3490000,1779276255.904514
approach4_mm2_run1,3491000,1779276255.906161
approach4_mm2_run1,3492000,1779276255.914884
approach4_mm2_run1,3493000,1779276255.916444
approach4_mm2_run1,3494000,1779276255.918035
approach4_mm2_run1,3495000,1779276255.919630
approach4_mm2_run1,3496000,1779276255.921244
approach4_mm2_run1,3497000,1779276255.922850
approach4_mm2_run1,3498000,1779276256.082046
approach4_mm2_run1,3499000,1779276256.083625
approach4_mm2_run1,3500000,1779276256.085240
approach4_mm2_run1,3501000,1779276256.086883
approach4_mm2_run1,3502000,1779276256.088517
approach4_mm2_run1,3503000,1779276256.133355
approach4_mm2_run1,3504000,1779276256.134982
approach4_mm2_run1,3505000,1779276256.136573
approach4_mm2_run1,3506000,1779276256.138180
approach4_mm2_run1,3507000,1779276256.139800
approach4_mm2_run1,3508000,1779276256.151747
approach4_mm2_run1,3509000,1779276256.153349
approach4_mm2_run1,3510000,1779276256.154982
approach4_mm2_run1,3511000,1779276256.156578
approach4_mm2_run1,3512000,1779276256.158193
approach4_mm2_run1,3513000,1779276256.159825
approach4_mm2_run1,3514000,1779276256.244610
approach4_mm2_run1,3515000,1779276256.246242
approach4_mm2_run1,3516000,1779276256.247874
approach4_mm2_run1,3517000,1779276256.249467
approach4_mm2_run1,3518000,1779276256.251094
approach4_mm2_run1,3519000,1779276256.316951
approach4_mm2_run1,3520000,1779276256.318542
approach4_mm2_run1,3521000,1779276256.320139
approach4_mm2_run1,3522000,1779276256.321759
approach4_mm2_run1,3523000,1779276256.323350
approach4_mm2_run1,3524000,1779276256.441746
approach4_mm2_run1,3525000,1779276256.443350
approach4_mm2_run1,3526000,1779276256.444999
approach4_mm2_run1,3527000,1779276256.446615
approach4_mm2_run1,3528000,1779276256.448226
approach4_mm2_run1,3529000,1779276256.627058
approach4_mm2_run1,3530000,1779276256.628644
approach4_mm2_run1,3531000,1779276256.630218
approach4_mm2_run1,3532000,1779276256.631825
approach4_mm2_run1,3533000,1779276256.633429
approach4_mm2_run1,3534000,1779276256.635078
approach4_mm2_run1,3535000,1779276256.694540
approach4_mm2_run1,3536000,1779276256.696171
approach4_mm2_run1,3537000,1779276256.697779
approach4_mm2_run1,3538000,1779276256.699404
approach4_mm2_run1,3539000,1779276256.700998
approach4_mm2_run1,3540000,1779276256.835051
approach4_mm2_run1,3541000,1779276256.836655
approach4_mm2_run1,3542000,1779276256.838279
approach4_mm2_run1,3543000,1779276256.839888
approach4_mm2_run1,3544000,1779276256.841527
approach4_mm2_run1,3545000,1779276256.859696
approach4_mm2_run1,3546000,1779276256.861287
approach4_mm2_run1,3547000,1779276256.862883
approach4_mm2_run1,3548000,1779276256.864499
approach4_mm2_run1,3549000,1779276256.866104
approach4_mm2_run1,3550000,1779276256.867718
approach4_mm2_run1,3551000,1779276256.975219
approach4_mm2_run1,3552000,1779276256.976827
approach4_mm2_run1,3553000,1779276256.978413
approach4_mm2_run1,3554000,1779276256.979990
approach4_mm2_run1,3555000,1779276256.981589
approach4_mm2_run1,3556000,1779276257.073739
approach4_mm2_run1,3557000,1779276257.075349
approach4_mm2_run1,3558000,1779276257.076946
approach4_mm2_run1,3559000,1779276257.078533
approach4_mm2_run1,3560000,1779276257.080144
approach4_mm2_run1,3561000,1779276257.183494
approach4_mm2_run1,3562000,1779276257.185090
approach4_mm2_run1,3563000,1779276257.186708
approach4_mm2_run1,3564000,1779276257.188283
approach4_mm2_run1,3565000,1779276257.189872
approach4_mm2_run1,3566000,1779276257.218944
approach4_mm2_run1,3567000,1779276257.220510
approach4_mm2_run1,3568000,1779276257.222119
approach4_mm2_run1,3569000,1779276257.223707
approach4_mm2_run1,3570000,1779276257.225323
approach4_mm2_run1,3571000,1779276257.226932
approach4_mm2_run1,3572000,1779276257.354988
approach4_mm2_run1,3573000,1779276257.356549
approach4_mm2_run1,3574000,1779276257.358119
approach4_mm2_run1,3575000,1779276257.359706
approach4_mm2_run1,3576000,1779276257.361282
approach4_mm2_run1,3577000,1779276257.580637
approach4_mm2_run1,3578000,1779276257.582237
approach4_mm2_run1,3579000,1779276257.583862
approach4_mm2_run1,3580000,1779276257.586253
approach4_mm2_run1,3581000,1779276257.587845
approach4_mm2_run1,3582000,1779276257.589425
approach4_mm2_run1,3583000,1779276257.591031
approach4_mm2_run1,3584000,1779276257.592617
approach4_mm2_run1,3585000,1779276257.594211
approach4_mm2_run1,3586000,1779276257.596005
approach4_mm2_run1,3587000,1779276257.597618
approach4_mm2_run1,3588000,1779276257.705988
approach4_mm2_run1,3589000,1779276257.707621
approach4_mm2_run1,3590000,1779276257.709227
approach4_mm2_run1,3591000,1779276257.710822
approach4_mm2_run1,3592000,1779276257.712432
approach4_mm2_run1,3593000,1779276257.820714
approach4_mm2_run1,3594000,1779276257.822284
approach4_mm2_run1,3595000,1779276257.823893
approach4_mm2_run1,3596000,1779276257.825556
approach4_mm2_run1,3597000,1779276257.827673
approach4_mm2_run1,3598000,1779276257.829547
approach4_mm2_run1,3599000,1779276257.831140
approach4_mm2_run1,3600000,1779276257.832715
approach4_mm2_run1,3601000,1779276257.834317
approach4_mm2_run1,3602000,1779276257.835944
approach4_mm2_run1,3603000,1779276257.925436
approach4_mm2_run1,3604000,1779276257.927046
approach4_mm2_run1,3605000,1779276257.928651
approach4_mm2_run1,3606000,1779276257.930247
approach4_mm2_run1,3607000,1779276257.931920
approach4_mm2_run1,3608000,1779276257.933536
approach4_mm2_run1,3609000,1779276257.950345
approach4_mm2_run1,3610000,1779276257.951920
approach4_mm2_run1,3611000,1779276257.953496
approach4_mm2_run1,3612000,1779276257.955134
approach4_mm2_run1,3613000,1779276257.956733
approach4_mm2_run1,3614000,1779276258.084226
approach4_mm2_run1,3615000,1779276258.085844
approach4_mm2_run1,3616000,1779276258.087428
approach4_mm2_run1,3617000,1779276258.089028
approach4_mm2_run1,3618000,1779276258.090625
approach4_mm2_run1,3619000,1779276258.312717
approach4_mm2_run1,3620000,1779276258.314320
approach4_mm2_run1,3621000,1779276258.315926
approach4_mm2_run1,3622000,1779276258.317526
approach4_mm2_run1,3623000,1779276258.319124
approach4_mm2_run1,3624000,1779276258.320738
approach4_mm2_run1,3625000,1779276258.332741
approach4_mm2_run1,3626000,1779276258.334306
approach4_mm2_run1,3627000,1779276258.335941
approach4_mm2_run1,3628000,1779276258.337556
approach4_mm2_run1,3629000,1779276258.339157
approach4_mm2_run1,3630000,1779276258.436936
approach4_mm2_run1,3631000,1779276258.438526
approach4_mm2_run1,3632000,1779276258.440112
approach4_mm2_run1,3633000,1779276258.441696
approach4_mm2_run1,3634000,1779276258.443318
approach4_mm2_run1,3635000,1779276258.562842
approach4_mm2_run1,3636000,1779276258.564432
approach4_mm2_run1,3637000,1779276258.566046
approach4_mm2_run1,3638000,1779276258.567659
approach4_mm2_run1,3639000,1779276258.569243
approach4_mm2_run1,3640000,1779276258.613573
approach4_mm2_run1,3641000,1779276258.615186
approach4_mm2_run1,3642000,1779276258.616765
approach4_mm2_run1,3643000,1779276258.618346
approach4_mm2_run1,3644000,1779276258.619934
approach4_mm2_run1,3645000,1779276258.621526
approach4_mm2_run1,3646000,1779276258.677830
approach4_mm2_run1,3647000,1779276258.679400
approach4_mm2_run1,3648000,1779276258.680976
approach4_mm2_run1,3649000,1779276258.682564
approach4_mm2_run1,3650000,1779276258.684160
approach4_mm2_run1,3651000,1779276258.811354
approach4_mm2_run1,3652000,1779276258.812934
approach4_mm2_run1,3653000,1779276258.814523
approach4_mm2_run1,3654000,1779276258.816136
approach4_mm2_run1,3655000,1779276258.817695
approach4_mm2_run1,3656000,1779276259.017128
approach4_mm2_run1,3657000,1779276259.018725
approach4_mm2_run1,3658000,1779276259.020314
approach4_mm2_run1,3659000,1779276259.021894
approach4_mm2_run1,3660000,1779276259.023498
approach4_mm2_run1,3661000,1779276259.025110
approach4_mm2_run1,3662000,1779276259.039656
approach4_mm2_run1,3663000,1779276259.041241
approach4_mm2_run1,3664000,1779276259.042822
approach4_mm2_run1,3665000,1779276259.044415
approach4_mm2_run1,3666000,1779276259.046018
approach4_mm2_run1,3667000,1779276259.167137
approach4_mm2_run1,3668000,1779276259.168729
approach4_mm2_run1,3669000,1779276259.170346
approach4_mm2_run1,3670000,1779276259.171972
approach4_mm2_run1,3671000,1779276259.173592
approach4_mm2_run1,3672000,1779276259.401339
approach4_mm2_run1,3673000,1779276259.403019
approach4_mm2_run1,3674000,1779276259.405353
approach4_mm2_run1,3675000,1779276259.406957
approach4_mm2_run1,3676000,1779276259.408542
approach4_mm2_run1,3677000,1779276259.410129
approach4_mm2_run1,3678000,1779276259.411724
approach4_mm2_run1,3679000,1779276259.413327
approach4_mm2_run1,3680000,1779276259.414981
approach4_mm2_run1,3681000,1779276259.416552
approach4_mm2_run1,3682000,1779276259.418191
approach4_mm2_run1,3683000,1779276259.437333
approach4_mm2_run1,3684000,1779276259.438937
approach4_mm2_run1,3685000,1779276259.440520
approach4_mm2_run1,3686000,1779276259.442153
approach4_mm2_run1,3687000,1779276259.443761
approach4_mm2_run1,3688000,1779276259.655320
approach4_mm2_run1,3689000,1779276259.656896
approach4_mm2_run1,3690000,1779276259.658492
approach4_mm2_run1,3691000,1779276259.660085
approach4_mm2_run1,3692000,1779276259.661678
approach4_mm2_run1,3693000,1779276259.763601
approach4_mm2_run1,3694000,1779276259.765243
approach4_mm2_run1,3695000,1779276259.767444
approach4_mm2_run1,3696000,1779276259.769133
approach4_mm2_run1,3697000,1779276259.770732
approach4_mm2_run1,3698000,1779276259.772310
approach4_mm2_run1,3699000,1779276259.773876
approach4_mm2_run1,3700000,1779276259.775469
approach4_mm2_run1,3701000,1779276259.777047
approach4_mm2_run1,3702000,1779276259.778639
approach4_mm2_run1,3703000,1779276259.780220
approach4_mm2_run1,3704000,1779276259.883111
approach4_mm2_run1,3705000,1779276259.884691
approach4_mm2_run1,3706000,1779276259.886300
approach4_mm2_run1,3707000,1779276259.887872
approach4_mm2_run1,3708000,1779276259.889456
approach4_mm2_run1,3709000,1779276260.134315
approach4_mm2_run1,3710000,1779276260.135956
approach4_mm2_run1,3711000,1779276260.137544
approach4_mm2_run1,3712000,1779276260.139153
approach4_mm2_run1,3713000,1779276260.140744
approach4_mm2_run1,3714000,1779276260.183693
approach4_mm2_run1,3715000,1779276260.185316
approach4_mm2_run1,3716000,1779276260.187225
approach4_mm2_run1,3717000,1779276260.189263
approach4_mm2_run1,3718000,1779276260.190865
approach4_mm2_run1,3719000,1779276260.192447
approach4_mm2_run1,3720000,1779276260.194011
approach4_mm2_run1,3721000,1779276260.195629
approach4_mm2_run1,3722000,1779276260.197216
approach4_mm2_run1,3723000,1779276260.198824
approach4_mm2_run1,3724000,1779276260.200419
approach4_mm2_run1,3725000,1779276260.243959
approach4_mm2_run1,3726000,1779276260.245571
approach4_mm2_run1,3727000,1779276260.247152
approach4_mm2_run1,3728000,1779276260.248729
approach4_mm2_run1,3729000,1779276260.250322
approach4_mm2_run1,3730000,1779276260.402140
approach4_mm2_run1,3731000,1779276260.403724
approach4_mm2_run1,3732000,1779276260.405345
approach4_mm2_run1,3733000,1779276260.407019
approach4_mm2_run1,3734000,1779276260.408631
approach4_mm2_run1,3735000,1779276260.490992
approach4_mm2_run1,3736000,1779276260.492583
approach4_mm2_run1,3737000,1779276260.494182
approach4_mm2_run1,3738000,1779276260.495824
approach4_mm2_run1,3739000,1779276260.497400
approach4_mm2_run1,3740000,1779276260.499013
approach4_mm2_run1,3741000,1779276260.508971
approach4_mm2_run1,3742000,1779276260.510574
approach4_mm2_run1,3743000,1779276260.512154
approach4_mm2_run1,3744000,1779276260.513752
approach4_mm2_run1,3745000,1779276260.515389
approach4_mm2_run1,3746000,1779276260.611698
approach4_mm2_run1,3747000,1779276260.613275
approach4_mm2_run1,3748000,1779276260.614905
approach4_mm2_run1,3749000,1779276260.616484
approach4_mm2_run1,3750000,1779276260.618063
approach4_mm2_run1,3751000,1779276260.862064
approach4_mm2_run1,3752000,1779276260.863641
approach4_mm2_run1,3753000,1779276260.865272
approach4_mm2_run1,3754000,1779276260.866909
approach4_mm2_run1,3755000,1779276260.868510
approach4_mm2_run1,3756000,1779276260.870098
approach4_mm2_run1,3757000,1779276260.935194
approach4_mm2_run1,3758000,1779276260.936793
approach4_mm2_run1,3759000,1779276260.938394
approach4_mm2_run1,3760000,1779276260.939991
approach4_mm2_run1,3761000,1779276260.941584
approach4_mm2_run1,3762000,1779276260.968770
approach4_mm2_run1,3763000,1779276260.970371
approach4_mm2_run1,3764000,1779276260.971973
approach4_mm2_run1,3765000,1779276260.973601
approach4_mm2_run1,3766000,1779276260.976001
approach4_mm2_run1,3767000,1779276260.977615
approach4_mm2_run1,3768000,1779276260.979186
approach4_mm2_run1,3769000,1779276260.980757
approach4_mm2_run1,3770000,1779276260.982353
approach4_mm2_run1,3771000,1779276260.983968
approach4_mm2_run1,3772000,1779276261.149301
approach4_mm2_run1,3773000,1779276261.150903
approach4_mm2_run1,3774000,1779276261.152479
approach4_mm2_run1,3775000,1779276261.154084
approach4_mm2_run1,3776000,1779276261.155706
approach4_mm2_run1,3777000,1779276261.157322
approach4_mm2_run1,3778000,1779276261.218250
approach4_mm2_run1,3779000,1779276261.219857
approach4_mm2_run1,3780000,1779276261.221435
approach4_mm2_run1,3781000,1779276261.223046
approach4_mm2_run1,3782000,1779276261.224645
approach4_mm2_run1,3783000,1779276261.253691
approach4_mm2_run1,3784000,1779276261.255332
approach4_mm2_run1,3785000,1779276261.256942
approach4_mm2_run1,3786000,1779276261.258566
approach4_mm2_run1,3787000,1779276261.260186
approach4_mm2_run1,3788000,1779276261.340926
approach4_mm2_run1,3789000,1779276261.342533
approach4_mm2_run1,3790000,1779276261.344102
approach4_mm2_run1,3791000,1779276261.345729
approach4_mm2_run1,3792000,1779276261.347344
approach4_mm2_run1,3793000,1779276261.348944
approach4_mm2_run1,3794000,1779276261.591575
approach4_mm2_run1,3795000,1779276261.593183
approach4_mm2_run1,3796000,1779276261.594871
approach4_mm2_run1,3797000,1779276261.596478
approach4_mm2_run1,3798000,1779276261.598071
approach4_mm2_run1,3799000,1779276261.684062
approach4_mm2_run1,3800000,1779276261.685674
approach4_mm2_run1,3801000,1779276261.687262
approach4_mm2_run1,3802000,1779276261.688837
approach4_mm2_run1,3803000,1779276261.690444
approach4_mm2_run1,3804000,1779276261.705972
approach4_mm2_run1,3805000,1779276261.707532
approach4_mm2_run1,3806000,1779276261.709098
approach4_mm2_run1,3807000,1779276261.710701
approach4_mm2_run1,3808000,1779276261.712318
approach4_mm2_run1,3809000,1779276261.755167
approach4_mm2_run1,3810000,1779276261.756758
approach4_mm2_run1,3811000,1779276261.758349
approach4_mm2_run1,3812000,1779276261.759945
approach4_mm2_run1,3813000,1779276261.761527
approach4_mm2_run1,3814000,1779276261.763141
approach4_mm2_run1,3815000,1779276261.898411
approach4_mm2_run1,3816000,1779276261.900020
approach4_mm2_run1,3817000,1779276261.901632
approach4_mm2_run1,3818000,1779276261.903239
approach4_mm2_run1,3819000,1779276261.904844
approach4_mm2_run1,3820000,1779276261.946931
approach4_mm2_run1,3821000,1779276261.948521
approach4_mm2_run1,3822000,1779276261.950115
approach4_mm2_run1,3823000,1779276261.951708
approach4_mm2_run1,3824000,1779276261.953276
approach4_mm2_run1,3825000,1779276261.998882
approach4_mm2_run1,3826000,1779276262.000481
approach4_mm2_run1,3827000,1779276262.002048
approach4_mm2_run1,3828000,1779276262.003647
approach4_mm2_run1,3829000,1779276262.005294
approach4_mm2_run1,3830000,1779276262.006919
approach4_mm2_run1,3831000,1779276262.234386
approach4_mm2_run1,3832000,1779276262.236001
approach4_mm2_run1,3833000,1779276262.237600
approach4_mm2_run1,3834000,1779276262.239191
approach4_mm2_run1,3835000,1779276262.240813
approach4_mm2_run1,3836000,1779276262.319304
approach4_mm2_run1,3837000,1779276262.320904
approach4_mm2_run1,3838000,1779276262.322502
approach4_mm2_run1,3839000,1779276262.324103
approach4_mm2_run1,3840000,1779276262.325754
approach4_mm2_run1,3841000,1779276262.432707
approach4_mm2_run1,3842000,1779276262.434404
approach4_mm2_run1,3843000,1779276262.436640
approach4_mm2_run1,3844000,1779276262.438382
approach4_mm2_run1,3845000,1779276262.439972
approach4_mm2_run1,3846000,1779276262.441573
approach4_mm2_run1,3847000,1779276262.443174
approach4_mm2_run1,3848000,1779276262.444749
approach4_mm2_run1,3849000,1779276262.446374
approach4_mm2_run1,3850000,1779276262.447960
approach4_mm2_run1,3851000,1779276262.449565
approach4_mm2_run1,3852000,1779276262.545740
approach4_mm2_run1,3853000,1779276262.547340
approach4_mm2_run1,3854000,1779276262.548893
approach4_mm2_run1,3855000,1779276262.550497
approach4_mm2_run1,3856000,1779276262.552076
approach4_mm2_run1,3857000,1779276262.648412
approach4_mm2_run1,3858000,1779276262.650002
approach4_mm2_run1,3859000,1779276262.651633
approach4_mm2_run1,3860000,1779276262.653258
approach4_mm2_run1,3861000,1779276262.654882
approach4_mm2_run1,3862000,1779276262.672658
approach4_mm2_run1,3863000,1779276262.674251
approach4_mm2_run1,3864000,1779276262.675875
approach4_mm2_run1,3865000,1779276262.677438
approach4_mm2_run1,3866000,1779276262.679044
approach4_mm2_run1,3867000,1779276262.744709
approach4_mm2_run1,3868000,1779276262.746364
approach4_mm2_run1,3869000,1779276262.747950
approach4_mm2_run1,3870000,1779276262.749555
approach4_mm2_run1,3871000,1779276262.751151
approach4_mm2_run1,3872000,1779276262.752761
approach4_mm2_run1,3873000,1779276262.962223
approach4_mm2_run1,3874000,1779276262.963827
approach4_mm2_run1,3875000,1779276262.965431
approach4_mm2_run1,3876000,1779276262.967045
approach4_mm2_run1,3877000,1779276262.968629
approach4_mm2_run1,3878000,1779276263.047240
approach4_mm2_run1,3879000,1779276263.048830
approach4_mm2_run1,3880000,1779276263.050460
approach4_mm2_run1,3881000,1779276263.052053
approach4_mm2_run1,3882000,1779276263.053661
approach4_mm2_run1,3883000,1779276263.167242
approach4_mm2_run1,3884000,1779276263.168839
approach4_mm2_run1,3885000,1779276263.170417
approach4_mm2_run1,3886000,1779276263.172008
approach4_mm2_run1,3887000,1779276263.173600
approach4_mm2_run1,3888000,1779276263.175232
approach4_mm2_run1,3889000,1779276263.184948
approach4_mm2_run1,3890000,1779276263.186515
approach4_mm2_run1,3891000,1779276263.188110
approach4_mm2_run1,3892000,1779276263.189676
approach4_mm2_run1,3893000,1779276263.191279
approach4_mm2_run1,3894000,1779276263.325399
approach4_mm2_run1,3895000,1779276263.327003
approach4_mm2_run1,3896000,1779276263.328594
approach4_mm2_run1,3897000,1779276263.330184
approach4_mm2_run1,3898000,1779276263.331752
approach4_mm2_run1,3899000,1779276263.396195
approach4_mm2_run1,3900000,1779276263.397825
approach4_mm2_run1,3901000,1779276263.400035
approach4_mm2_run1,3902000,1779276263.401731
approach4_mm2_run1,3903000,1779276263.403324
approach4_mm2_run1,3904000,1779276263.404933
approach4_mm2_run1,3905000,1779276263.406512
approach4_mm2_run1,3906000,1779276263.408082
approach4_mm2_run1,3907000,1779276263.409654
approach4_mm2_run1,3908000,1779276263.411252
approach4_mm2_run1,3909000,1779276263.412851
approach4_mm2_run1,3910000,1779276263.491925
approach4_mm2_run1,3911000,1779276263.493523
approach4_mm2_run1,3912000,1779276263.495157
approach4_mm2_run1,3913000,1779276263.496728
approach4_mm2_run1,3914000,1779276263.498331
approach4_mm2_run1,3915000,1779276263.690306
approach4_mm2_run1,3916000,1779276263.691932
approach4_mm2_run1,3917000,1779276263.693513
approach4_mm2_run1,3918000,1779276263.695166
approach4_mm2_run1,3919000,1779276263.696781
approach4_mm2_run1,3920000,1779276263.775848
approach4_mm2_run1,3921000,1779276263.777435
approach4_mm2_run1,3922000,1779276263.779098
approach4_mm2_run1,3923000,1779276263.780704
approach4_mm2_run1,3924000,1779276263.782316
approach4_mm2_run1,3925000,1779276263.783943
approach4_mm2_run1,3926000,1779276263.900877
approach4_mm2_run1,3927000,1779276263.902486
approach4_mm2_run1,3928000,1779276263.904088
approach4_mm2_run1,3929000,1779276263.905709
approach4_mm2_run1,3930000,1779276263.907308
approach4_mm2_run1,3931000,1779276263.934068
approach4_mm2_run1,3932000,1779276263.935655
approach4_mm2_run1,3933000,1779276263.937256
approach4_mm2_run1,3934000,1779276263.938862
approach4_mm2_run1,3935000,1779276263.940462
approach4_mm2_run1,3936000,1779276264.111580
approach4_mm2_run1,3937000,1779276264.113163
approach4_mm2_run1,3938000,1779276264.114769
approach4_mm2_run1,3939000,1779276264.116398
approach4_mm2_run1,3940000,1779276264.117978
approach4_mm2_run1,3941000,1779276264.127475
approach4_mm2_run1,3942000,1779276264.129063
approach4_mm2_run1,3943000,1779276264.130667
approach4_mm2_run1,3944000,1779276264.132246
approach4_mm2_run1,3945000,1779276264.133837
approach4_mm2_run1,3946000,1779276264.135468
approach4_mm2_run1,3947000,1779276264.144228
approach4_mm2_run1,3948000,1779276264.145826
approach4_mm2_run1,3949000,1779276264.147417
approach4_mm2_run1,3950000,1779276264.148974
approach4_mm2_run1,3951000,1779276264.150585
approach4_mm2_run1,3952000,1779276264.236094
approach4_mm2_run1,3953000,1779276264.237678
approach4_mm2_run1,3954000,1779276264.239273
approach4_mm2_run1,3955000,1779276264.240868
approach4_mm2_run1,3956000,1779276264.242464
approach4_mm2_run1,3957000,1779276264.418803
approach4_mm2_run1,3958000,1779276264.420382
approach4_mm2_run1,3959000,1779276264.421976
approach4_mm2_run1,3960000,1779276264.423580
approach4_mm2_run1,3961000,1779276264.425200
approach4_mm2_run1,3962000,1779276264.426812
approach4_mm2_run1,3963000,1779276264.504381
approach4_mm2_run1,3964000,1779276264.505993
approach4_mm2_run1,3965000,1779276264.507610
approach4_mm2_run1,3966000,1779276264.509217
approach4_mm2_run1,3967000,1779276264.510840
approach4_mm2_run1,3968000,1779276264.634973
approach4_mm2_run1,3969000,1779276264.636554
approach4_mm2_run1,3970000,1779276264.638142
approach4_mm2_run1,3971000,1779276264.639744
approach4_mm2_run1,3972000,1779276264.641333
approach4_mm2_run1,3973000,1779276264.683378
approach4_mm2_run1,3974000,1779276264.684994
approach4_mm2_run1,3975000,1779276264.686569
approach4_mm2_run1,3976000,1779276264.688170
approach4_mm2_run1,3977000,1779276264.689769
approach4_mm2_run1,3978000,1779276264.891084
approach4_mm2_run1,3979000,1779276264.892712
approach4_mm2_run1,3980000,1779276264.894525
approach4_mm2_run1,3981000,1779276264.896741
approach4_mm2_run1,3982000,1779276264.898330
approach4_mm2_run1,3983000,1779276264.899924
approach4_mm2_run1,3984000,1779276264.901491
approach4_mm2_run1,3985000,1779276264.903147
approach4_mm2_run1,3986000,1779276264.904791
approach4_mm2_run1,3987000,1779276264.906435
approach4_mm2_run1,3988000,1779276264.908043
approach4_mm2_run1,3989000,1779276264.980808
approach4_mm2_run1,3990000,1779276264.982410
approach4_mm2_run1,3991000,1779276264.984001
approach4_mm2_run1,3992000,1779276264.985600
approach4_mm2_run1,3993000,1779276264.987206
approach4_mm2_run1,3994000,1779276265.146943
approach4_mm2_run1,3995000,1779276265.148550
approach4_mm2_run1,3996000,1779276265.150136
approach4_mm2_run1,3997000,1779276265.151731
approach4_mm2_run1,3998000,1779276265.153328
approach4_mm2_run1,3999000,1779276265.196935
approach4_mm2_run1,4000000,1779276265.198536
approach4_mm2_run1,4001000,1779276265.200156
approach4_mm2_run1,4002000,1779276265.201737
approach4_mm2_run1,4003000,1779276265.203308
approach4_mm2_run1,4004000,1779276265.204915
approach4_mm2_run1,4005000,1779276265.233126
approach4_mm2_run1,4006000,1779276265.234770
approach4_mm2_run1,4007000,1779276265.236380
approach4_mm2_run1,4008000,1779276265.237957
approach4_mm2_run1,4009000,1779276265.239595
approach4_mm2_run1,4010000,1779276265.363092
approach4_mm2_run1,4011000,1779276265.364658
approach4_mm2_run1,4012000,1779276265.366238
approach4_mm2_run1,4013000,1779276265.367837
approach4_mm2_run1,4014000,1779276265.369425
approach4_mm2_run1,4015000,1779276265.431672
approach4_mm2_run1,4016000,1779276265.433241
approach4_mm2_run1,4017000,1779276265.434853
approach4_mm2_run1,4018000,1779276265.436432
approach4_mm2_run1,4019000,1779276265.438026
approach4_mm2_run1,4020000,1779276265.439635
approach4_mm2_run1,4021000,1779276265.643163
approach4_mm2_run1,4022000,1779276265.644721
approach4_mm2_run1,4023000,1779276265.646370
approach4_mm2_run1,4024000,1779276265.647961
approach4_mm2_run1,4025000,1779276265.649565
approach4_mm2_run1,4026000,1779276265.688110
approach4_mm2_run1,4027000,1779276265.689724
approach4_mm2_run1,4028000,1779276265.691319
approach4_mm2_run1,4029000,1779276265.692912
approach4_mm2_run1,4030000,1779276265.694510
approach4_mm2_run1,4031000,1779276265.727131
approach4_mm2_run1,4032000,1779276265.728724
approach4_mm2_run1,4033000,1779276265.730309
approach4_mm2_run1,4034000,1779276265.731928
approach4_mm2_run1,4035000,1779276265.733516
approach4_mm2_run1,4036000,1779276265.875261
approach4_mm2_run1,4037000,1779276265.876868
approach4_mm2_run1,4038000,1779276265.878430
approach4_mm2_run1,4039000,1779276265.880043
approach4_mm2_run1,4040000,1779276265.881650
approach4_mm2_run1,4041000,1779276265.883260
approach4_mm2_run1,4042000,1779276265.926315
approach4_mm2_run1,4043000,1779276265.927935
approach4_mm2_run1,4044000,1779276265.929497
approach4_mm2_run1,4045000,1779276265.931120
approach4_mm2_run1,4046000,1779276265.932713
approach4_mm2_run1,4047000,1779276265.960410
approach4_mm2_run1,4048000,1779276265.962053
approach4_mm2_run1,4049000,1779276265.963659
approach4_mm2_run1,4050000,1779276265.965301
approach4_mm2_run1,4051000,1779276265.966909
approach4_mm2_run1,4052000,1779276266.091989
approach4_mm2_run1,4053000,1779276266.093566
approach4_mm2_run1,4054000,1779276266.095193
approach4_mm2_run1,4055000,1779276266.096770
approach4_mm2_run1,4056000,1779276266.098367
approach4_mm2_run1,4057000,1779276266.099948
approach4_mm2_run1,4058000,1779276266.183456
approach4_mm2_run1,4059000,1779276266.185063
approach4_mm2_run1,4060000,1779276266.186680
approach4_mm2_run1,4061000,1779276266.188276
approach4_mm2_run1,4062000,1779276266.189837
approach4_mm2_run1,4063000,1779276266.389540
approach4_mm2_run1,4064000,1779276266.391142
approach4_mm2_run1,4065000,1779276266.392719
approach4_mm2_run1,4066000,1779276266.394308
approach4_mm2_run1,4067000,1779276266.395942
approach4_mm2_run1,4068000,1779276266.470826
approach4_mm2_run1,4069000,1779276266.472501
approach4_mm2_run1,4070000,1779276266.474871
approach4_mm2_run1,4071000,1779276266.476474
approach4_mm2_run1,4072000,1779276266.478027
approach4_mm2_run1,4073000,1779276266.479635
approach4_mm2_run1,4074000,1779276266.481234
approach4_mm2_run1,4075000,1779276266.482821
approach4_mm2_run1,4076000,1779276266.484380
approach4_mm2_run1,4077000,1779276266.486031
approach4_mm2_run1,4078000,1779276266.487647
approach4_mm2_run1,4079000,1779276266.604696
approach4_mm2_run1,4080000,1779276266.606314
approach4_mm2_run1,4081000,1779276266.607928
approach4_mm2_run1,4082000,1779276266.609518
approach4_mm2_run1,4083000,1779276266.611101
approach4_mm2_run1,4084000,1779276266.652229
approach4_mm2_run1,4085000,1779276266.653804
approach4_mm2_run1,4086000,1779276266.655427
approach4_mm2_run1,4087000,1779276266.657025
approach4_mm2_run1,4088000,1779276266.658635
approach4_mm2_run1,4089000,1779276266.689610
approach4_mm2_run1,4090000,1779276266.691235
approach4_mm2_run1,4091000,1779276266.692846
approach4_mm2_run1,4092000,1779276266.694436
approach4_mm2_run1,4093000,1779276266.696079
approach4_mm2_run1,4094000,1779276266.697664
approach4_mm2_run1,4095000,1779276266.823185
approach4_mm2_run1,4096000,1779276266.824781
approach4_mm2_run1,4097000,1779276266.826416
approach4_mm2_run1,4098000,1779276266.827997
approach4_mm2_run1,4099000,1779276266.829599
approach4_mm2_run1,4100000,1779276266.932678
approach4_mm2_run1,4101000,1779276266.934232
approach4_mm2_run1,4102000,1779276266.935872
approach4_mm2_run1,4103000,1779276266.937497
approach4_mm2_run1,4104000,1779276266.939109
approach4_mm2_run1,4105000,1779276267.136647
approach4_mm2_run1,4106000,1779276267.138220
approach4_mm2_run1,4107000,1779276267.139817
approach4_mm2_run1,4108000,1779276267.141423
approach4_mm2_run1,4109000,1779276267.143027
approach4_mm2_run1,4110000,1779276267.215989
approach4_mm2_run1,4111000,1779276267.217615
approach4_mm2_run1,4112000,1779276267.219238
approach4_mm2_run1,4113000,1779276267.220829
approach4_mm2_run1,4114000,1779276267.222420
approach4_mm2_run1,4115000,1779276267.224043
approach4_mm2_run1,4116000,1779276267.253642
approach4_mm2_run1,4117000,1779276267.255265
approach4_mm2_run1,4118000,1779276267.256855
approach4_mm2_run1,4119000,1779276267.258445
approach4_mm2_run1,4120000,1779276267.260055
approach4_mm2_run1,4121000,1779276267.331094
approach4_mm2_run1,4122000,1779276267.332701
approach4_mm2_run1,4123000,1779276267.334296
approach4_mm2_run1,4124000,1779276267.335950
approach4_mm2_run1,4125000,1779276267.337511
approach4_mm2_run1,4126000,1779276267.378774
approach4_mm2_run1,4127000,1779276267.380369
approach4_mm2_run1,4128000,1779276267.381961
approach4_mm2_run1,4129000,1779276267.383558
approach4_mm2_run1,4130000,1779276267.385179
approach4_mm2_run1,4131000,1779276267.386823
approach4_mm2_run1,4132000,1779276267.419178
approach4_mm2_run1,4133000,1779276267.420765
approach4_mm2_run1,4134000,1779276267.422377
approach4_mm2_run1,4135000,1779276267.423968
approach4_mm2_run1,4136000,1779276267.425597
approach4_mm2_run1,4137000,1779276267.553467
approach4_mm2_run1,4138000,1779276267.555095
approach4_mm2_run1,4139000,1779276267.556673
approach4_mm2_run1,4140000,1779276267.558285
approach4_mm2_run1,4141000,1779276267.559877
approach4_mm2_run1,4142000,1779276267.681280
approach4_mm2_run1,4143000,1779276267.682850
approach4_mm2_run1,4144000,1779276267.684424
approach4_mm2_run1,4145000,1779276267.686054
approach4_mm2_run1,4146000,1779276267.687664
approach4_mm2_run1,4147000,1779276267.885490
approach4_mm2_run1,4148000,1779276267.887092
approach4_mm2_run1,4149000,1779276267.888685
approach4_mm2_run1,4150000,1779276267.890279
approach4_mm2_run1,4151000,1779276267.891847
approach4_mm2_run1,4152000,1779276267.893471
approach4_mm2_run1,4153000,1779276267.963405
approach4_mm2_run1,4154000,1779276267.965034
approach4_mm2_run1,4155000,1779276267.966612
approach4_mm2_run1,4156000,1779276267.968210
approach4_mm2_run1,4157000,1779276267.969818
approach4_mm2_run1,4158000,1779276268.040772
approach4_mm2_run1,4159000,1779276268.042374
approach4_mm2_run1,4160000,1779276268.043958
approach4_mm2_run1,4161000,1779276268.045562
approach4_mm2_run1,4162000,1779276268.047158
approach4_mm2_run1,4163000,1779276268.060041
approach4_mm2_run1,4164000,1779276268.061625
approach4_mm2_run1,4165000,1779276268.063223
approach4_mm2_run1,4166000,1779276268.064845
approach4_mm2_run1,4167000,1779276268.066474
approach4_mm2_run1,4168000,1779276268.104694
approach4_mm2_run1,4169000,1779276268.106312
approach4_mm2_run1,4170000,1779276268.107928
approach4_mm2_run1,4171000,1779276268.109522
approach4_mm2_run1,4172000,1779276268.111108
approach4_mm2_run1,4173000,1779276268.112691
approach4_mm2_run1,4174000,1779276268.147382
approach4_mm2_run1,4175000,1779276268.148982
approach4_mm2_run1,4176000,1779276268.150604
approach4_mm2_run1,4177000,1779276268.152193
approach4_mm2_run1,4178000,1779276268.153800
approach4_mm2_run1,4179000,1779276268.283613
approach4_mm2_run1,4180000,1779276268.285222
approach4_mm2_run1,4181000,1779276268.286862
approach4_mm2_run1,4182000,1779276268.288453
approach4_mm2_run1,4183000,1779276268.290044
approach4_mm2_run1,4184000,1779276268.430117
approach4_mm2_run1,4185000,1779276268.431702
approach4_mm2_run1,4186000,1779276268.433298
approach4_mm2_run1,4187000,1779276268.434937
approach4_mm2_run1,4188000,1779276268.436521
approach4_mm2_run1,4189000,1779276268.438108
approach4_mm2_run1,4190000,1779276268.635915
approach4_mm2_run1,4191000,1779276268.637491
approach4_mm2_run1,4192000,1779276268.639081
approach4_mm2_run1,4193000,1779276268.640689
approach4_mm2_run1,4194000,1779276268.642288
approach4_mm2_run1,4195000,1779276268.702430
approach4_mm2_run1,4196000,1779276268.704021
approach4_mm2_run1,4197000,1779276268.705624
approach4_mm2_run1,4198000,1779276268.707252
approach4_mm2_run1,4199000,1779276268.708838
approach4_mm2_run1,4200000,1779276268.787393
approach4_mm2_run1,4201000,1779276268.788984
approach4_mm2_run1,4202000,1779276268.790552
approach4_mm2_run1,4203000,1779276268.792158
approach4_mm2_run1,4204000,1779276268.793763
approach4_mm2_run1,4205000,1779276268.831151
approach4_mm2_run1,4206000,1779276268.832764
approach4_mm2_run1,4207000,1779276268.834995
approach4_mm2_run1,4208000,1779276268.836722
approach4_mm2_run1,4209000,1779276268.838319
approach4_mm2_run1,4210000,1779276268.839915
approach4_mm2_run1,4211000,1779276268.841507
approach4_mm2_run1,4212000,1779276268.843103
approach4_mm2_run1,4213000,1779276268.844677
approach4_mm2_run1,4214000,1779276268.846312
approach4_mm2_run1,4215000,1779276268.847917
approach4_mm2_run1,4216000,1779276268.889739
approach4_mm2_run1,4217000,1779276268.891347
approach4_mm2_run1,4218000,1779276268.892940
approach4_mm2_run1,4219000,1779276268.894581
approach4_mm2_run1,4220000,1779276268.896207
approach4_mm2_run1,4221000,1779276269.013519
approach4_mm2_run1,4222000,1779276269.015157
approach4_mm2_run1,4223000,1779276269.016754
approach4_mm2_run1,4224000,1779276269.018393
approach4_mm2_run1,4225000,1779276269.019969
approach4_mm2_run1,4226000,1779276269.021572
approach4_mm2_run1,4227000,1779276269.180050
approach4_mm2_run1,4228000,1779276269.181624
approach4_mm2_run1,4229000,1779276269.183213
approach4_mm2_run1,4230000,1779276269.184834
approach4_mm2_run1,4231000,1779276269.186451
approach4_mm2_run1,4232000,1779276269.383930
approach4_mm2_run1,4233000,1779276269.385559
approach4_mm2_run1,4234000,1779276269.387167
approach4_mm2_run1,4235000,1779276269.388762
approach4_mm2_run1,4236000,1779276269.390375
approach4_mm2_run1,4237000,1779276269.449315
approach4_mm2_run1,4238000,1779276269.450929
approach4_mm2_run1,4239000,1779276269.452496
approach4_mm2_run1,4240000,1779276269.454057
approach4_mm2_run1,4241000,1779276269.455684
approach4_mm2_run1,4242000,1779276269.515283
approach4_mm2_run1,4243000,1779276269.516866
approach4_mm2_run1,4244000,1779276269.518455
approach4_mm2_run1,4245000,1779276269.520019
approach4_mm2_run1,4246000,1779276269.521640
approach4_mm2_run1,4247000,1779276269.523259
approach4_mm2_run1,4248000,1779276269.558844
approach4_mm2_run1,4249000,1779276269.560435
approach4_mm2_run1,4250000,1779276269.562026
approach4_mm2_run1,4251000,1779276269.563632
approach4_mm2_run1,4252000,1779276269.565228
approach4_mm2_run1,4253000,1779276269.610516
approach4_mm2_run1,4254000,1779276269.612104
approach4_mm2_run1,4255000,1779276269.613704
approach4_mm2_run1,4256000,1779276269.615352
approach4_mm2_run1,4257000,1779276269.616956
approach4_mm2_run1,4258000,1779276269.619523
approach4_mm2_run1,4259000,1779276269.621084
approach4_mm2_run1,4260000,1779276269.622696
approach4_mm2_run1,4261000,1779276269.624255
approach4_mm2_run1,4262000,1779276269.625885
approach4_mm2_run1,4263000,1779276269.627508
approach4_mm2_run1,4264000,1779276269.744596
approach4_mm2_run1,4265000,1779276269.746197
approach4_mm2_run1,4266000,1779276269.747803
approach4_mm2_run1,4267000,1779276269.749385
approach4_mm2_run1,4268000,1779276269.751010
approach4_mm2_run1,4269000,1779276269.931035
approach4_mm2_run1,4270000,1779276269.932607
approach4_mm2_run1,4271000,1779276269.934194
approach4_mm2_run1,4272000,1779276269.935868
approach4_mm2_run1,4273000,1779276269.937426
approach4_mm2_run1,4274000,1779276270.129366
approach4_mm2_run1,4275000,1779276270.130965
approach4_mm2_run1,4276000,1779276270.132537
approach4_mm2_run1,4277000,1779276270.134081
approach4_mm2_run1,4278000,1779276270.135715
approach4_mm2_run1,4279000,1779276270.191047
approach4_mm2_run1,4280000,1779276270.192649
approach4_mm2_run1,4281000,1779276270.194246
approach4_mm2_run1,4282000,1779276270.195881
approach4_mm2_run1,4283000,1779276270.197479
approach4_mm2_run1,4284000,1779276270.199092
approach4_mm2_run1,4285000,1779276270.248791
approach4_mm2_run1,4286000,1779276270.250376
approach4_mm2_run1,4287000,1779276270.251988
approach4_mm2_run1,4288000,1779276270.253582
approach4_mm2_run1,4289000,1779276270.255225
approach4_mm2_run1,4290000,1779276270.284838
approach4_mm2_run1,4291000,1779276270.286442
approach4_mm2_run1,4292000,1779276270.287995
approach4_mm2_run1,4293000,1779276270.289601
approach4_mm2_run1,4294000,1779276270.291203
approach4_mm2_run1,4295000,1779276270.346707
approach4_mm2_run1,4296000,1779276270.348290
approach4_mm2_run1,4297000,1779276270.349850
approach4_mm2_run1,4298000,1779276270.351478
approach4_mm2_run1,4299000,1779276270.353073
approach4_mm2_run1,4300000,1779276270.398181
approach4_mm2_run1,4301000,1779276270.399793
approach4_mm2_run1,4302000,1779276270.401375
approach4_mm2_run1,4303000,1779276270.402973
approach4_mm2_run1,4304000,1779276270.404570
approach4_mm2_run1,4305000,1779276270.406181
approach4_mm2_run1,4306000,1779276270.475616
approach4_mm2_run1,4307000,1779276270.477187
approach4_mm2_run1,4308000,1779276270.478777
approach4_mm2_run1,4309000,1779276270.480371
approach4_mm2_run1,4310000,1779276270.481966
approach4_mm2_run1,4311000,1779276270.679043
approach4_mm2_run1,4312000,1779276270.680598
approach4_mm2_run1,4313000,1779276270.682178
approach4_mm2_run1,4314000,1779276270.683783
approach4_mm2_run1,4315000,1779276270.685397
approach4_mm2_run1,4316000,1779276270.878378
approach4_mm2_run1,4317000,1779276270.879963
approach4_mm2_run1,4318000,1779276270.881552
approach4_mm2_run1,4319000,1779276270.883168
approach4_mm2_run1,4320000,1779276270.884754
approach4_mm2_run1,4321000,1779276270.886425
approach4_mm2_run1,4322000,1779276270.938398
approach4_mm2_run1,4323000,1779276270.939992
approach4_mm2_run1,4324000,1779276270.941586
approach4_mm2_run1,4325000,1779276270.943164
approach4_mm2_run1,4326000,1779276270.944759
approach4_mm2_run1,4327000,1779276270.975633
approach4_mm2_run1,4328000,1779276270.977224
approach4_mm2_run1,4329000,1779276270.978819
approach4_mm2_run1,4330000,1779276270.980415
approach4_mm2_run1,4331000,1779276270.982021
approach4_mm2_run1,4332000,1779276271.010659
approach4_mm2_run1,4333000,1779276271.012234
approach4_mm2_run1,4334000,1779276271.013817
approach4_mm2_run1,4335000,1779276271.015443
approach4_mm2_run1,4336000,1779276271.017045
approach4_mm2_run1,4337000,1779276271.074511
approach4_mm2_run1,4338000,1779276271.076121
approach4_mm2_run1,4339000,1779276271.077705
approach4_mm2_run1,4340000,1779276271.079348
approach4_mm2_run1,4341000,1779276271.080950
approach4_mm2_run1,4342000,1779276271.082547
approach4_mm2_run1,4343000,1779276271.187345
approach4_mm2_run1,4344000,1779276271.188934
approach4_mm2_run1,4345000,1779276271.190537
approach4_mm2_run1,4346000,1779276271.192145
approach4_mm2_run1,4347000,1779276271.193732
approach4_mm2_run1,4348000,1779276271.205094
approach4_mm2_run1,4349000,1779276271.206693
approach4_mm2_run1,4350000,1779276271.208276
approach4_mm2_run1,4351000,1779276271.209857
approach4_mm2_run1,4352000,1779276271.211462
approach4_mm2_run1,4353000,1779276271.427830
approach4_mm2_run1,4354000,1779276271.429440
approach4_mm2_run1,4355000,1779276271.431024
approach4_mm2_run1,4356000,1779276271.432607
approach4_mm2_run1,4357000,1779276271.434215
approach4_mm2_run1,4358000,1779276271.435865
approach4_mm2_run1,4359000,1779276271.623104
approach4_mm2_run1,4360000,1779276271.624699
approach4_mm2_run1,4361000,1779276271.626309
approach4_mm2_run1,4362000,1779276271.627906
approach4_mm2_run1,4363000,1779276271.629548
approach4_mm2_run1,4364000,1779276271.687620
approach4_mm2_run1,4365000,1779276271.689182
approach4_mm2_run1,4366000,1779276271.690790
approach4_mm2_run1,4367000,1779276271.692366
approach4_mm2_run1,4368000,1779276271.693957
approach4_mm2_run1,4369000,1779276271.702436
approach4_mm2_run1,4370000,1779276271.703991
approach4_mm2_run1,4371000,1779276271.705586
approach4_mm2_run1,4372000,1779276271.707177
approach4_mm2_run1,4373000,1779276271.708756
approach4_mm2_run1,4374000,1779276271.736071
approach4_mm2_run1,4375000,1779276271.737642
approach4_mm2_run1,4376000,1779276271.739236
approach4_mm2_run1,4377000,1779276271.740788
approach4_mm2_run1,4378000,1779276271.742373
approach4_mm2_run1,4379000,1779276271.743965
approach4_mm2_run1,4380000,1779276271.804017
approach4_mm2_run1,4381000,1779276271.805647
approach4_mm2_run1,4382000,1779276271.807282
approach4_mm2_run1,4383000,1779276271.808872
approach4_mm2_run1,4384000,1779276271.810493
approach4_mm2_run1,4385000,1779276272.176303
approach4_mm2_run1,4386000,1779276272.177881
approach4_mm2_run1,4387000,1779276272.179473
approach4_mm2_run1,4388000,1779276272.181088
approach4_mm2_run1,4389000,1779276272.182670
approach4_mm2_run1,4390000,1779276272.282264
approach4_mm2_run1,4391000,1779276272.283863
approach4_mm2_run1,4392000,1779276272.285482
approach4_mm2_run1,4393000,1779276272.287113
approach4_mm2_run1,4394000,1779276272.288707
approach4_mm2_run1,4395000,1779276272.323017
approach4_mm2_run1,4396000,1779276272.324605
approach4_mm2_run1,4397000,1779276272.326183
approach4_mm2_run1,4398000,1779276272.327797
approach4_mm2_run1,4399000,1779276272.329399
approach4_mm2_run1,4400000,1779276272.331017
approach4_mm2_run1,4401000,1779276272.371213
approach4_mm2_run1,4402000,1779276272.372808
approach4_mm2_run1,4403000,1779276272.374398
approach4_mm2_run1,4404000,1779276272.376018
approach4_mm2_run1,4405000,1779276272.377616
approach4_mm2_run1,4406000,1779276272.429660
approach4_mm2_run1,4407000,1779276272.431599
approach4_mm2_run1,4408000,1779276272.433645
approach4_mm2_run1,4409000,1779276272.435294
approach4_mm2_run1,4410000,1779276272.436898
approach4_mm2_run1,4411000,1779276272.438514
approach4_mm2_run1,4412000,1779276272.440124
approach4_mm2_run1,4413000,1779276272.441734
approach4_mm2_run1,4414000,1779276272.443319
approach4_mm2_run1,4415000,1779276272.444945
approach4_mm2_run1,4416000,1779276272.446584
approach4_mm2_run1,4417000,1779276272.466296
approach4_mm2_run1,4418000,1779276272.467895
approach4_mm2_run1,4419000,1779276272.469482
approach4_mm2_run1,4420000,1779276272.471084
approach4_mm2_run1,4421000,1779276272.472668
approach4_mm2_run1,4422000,1779276272.532336
approach4_mm2_run1,4423000,1779276272.533900
approach4_mm2_run1,4424000,1779276272.535539
approach4_mm2_run1,4425000,1779276272.537119
approach4_mm2_run1,4426000,1779276272.538796
approach4_mm2_run1,4427000,1779276272.928712
approach4_mm2_run1,4428000,1779276272.930290
approach4_mm2_run1,4429000,1779276272.931884
approach4_mm2_run1,4430000,1779276272.933498
approach4_mm2_run1,4431000,1779276272.935136
approach4_mm2_run1,4432000,1779276273.012310
approach4_mm2_run1,4433000,1779276273.013911
approach4_mm2_run1,4434000,1779276273.015527
approach4_mm2_run1,4435000,1779276273.017134
approach4_mm2_run1,4436000,1779276273.018720
approach4_mm2_run1,4437000,1779276273.020329
approach4_mm2_run1,4438000,1779276273.109642
approach4_mm2_run1,4439000,1779276273.111259
approach4_mm2_run1,4440000,1779276273.112864
approach4_mm2_run1,4441000,1779276273.114452
approach4_mm2_run1,4442000,1779276273.116124
approach4_mm2_run1,4443000,1779276273.119749
approach4_mm2_run1,4444000,1779276273.121322
approach4_mm2_run1,4445000,1779276273.122921
approach4_mm2_run1,4446000,1779276273.124486
approach4_mm2_run1,4447000,1779276273.126135
approach4_mm2_run1,4448000,1779276273.159324
approach4_mm2_run1,4449000,1779276273.160907
approach4_mm2_run1,4450000,1779276273.162529
approach4_mm2_run1,4451000,1779276273.164090
approach4_mm2_run1,4452000,1779276273.165720
approach4_mm2_run1,4453000,1779276273.167332
approach4_mm2_run1,4454000,1779276273.177745
approach4_mm2_run1,4455000,1779276273.179322
approach4_mm2_run1,4456000,1779276273.180910
approach4_mm2_run1,4457000,1779276273.182522
approach4_mm2_run1,4458000,1779276273.184131
approach4_mm2_run1,4459000,1779276273.193108
approach4_mm2_run1,4460000,1779276273.194724
approach4_mm2_run1,4461000,1779276273.196335
approach4_mm2_run1,4462000,1779276273.197891
approach4_mm2_run1,4463000,1779276273.199517
approach4_mm2_run1,4464000,1779276273.260447
approach4_mm2_run1,4465000,1779276273.262033
approach4_mm2_run1,4466000,1779276273.263651
approach4_mm2_run1,4467000,1779276273.265260
approach4_mm2_run1,4468000,1779276273.266873
approach4_mm2_run1,4469000,1779276273.675905
approach4_mm2_run1,4470000,1779276273.677501
approach4_mm2_run1,4471000,1779276273.679116
approach4_mm2_run1,4472000,1779276273.680723
approach4_mm2_run1,4473000,1779276273.682289
approach4_mm2_run1,4474000,1779276273.683920
approach4_mm2_run1,4475000,1779276273.745022
approach4_mm2_run1,4476000,1779276273.746617
approach4_mm2_run1,4477000,1779276273.748224
approach4_mm2_run1,4478000,1779276273.749798
approach4_mm2_run1,4479000,1779276273.751429
approach4_mm2_run1,4480000,1779276273.866027
approach4_mm2_run1,4481000,1779276273.867618
approach4_mm2_run1,4482000,1779276273.869204
approach4_mm2_run1,4483000,1779276273.870824
approach4_mm2_run1,4484000,1779276273.872411
approach4_mm2_run1,4485000,1779276273.888890
approach4_mm2_run1,4486000,1779276273.890501
approach4_mm2_run1,4487000,1779276273.892806
approach4_mm2_run1,4488000,1779276273.894429
approach4_mm2_run1,4489000,1779276273.896094
approach4_mm2_run1,4490000,1779276273.897711
approach4_mm2_run1,4491000,1779276273.899293
approach4_mm2_run1,4492000,1779276273.900877
approach4_mm2_run1,4493000,1779276273.902456
approach4_mm2_run1,4494000,1779276273.904058
approach4_mm2_run1,4495000,1779276273.905664
approach4_mm2_run1,4496000,1779276273.919983
approach4_mm2_run1,4497000,1779276273.921739
approach4_mm2_run1,4498000,1779276273.923907
approach4_mm2_run1,4499000,1779276273.925511
approach4_mm2_run1,4500000,1779276273.927098
approach4_mm2_run1,4501000,1779276273.928698
approach4_mm2_run1,4502000,1779276273.930311
approach4_mm2_run1,4503000,1779276273.931909
approach4_mm2_run1,4504000,1779276273.933509
approach4_mm2_run1,4505000,1779276273.935141
approach4_mm2_run1,4506000,1779276273.987592
approach4_mm2_run1,4507000,1779276273.989197
approach4_mm2_run1,4508000,1779276273.990772
approach4_mm2_run1,4509000,1779276273.992377
approach4_mm2_run1,4510000,1779276273.994008
approach4_mm2_run1,4511000,1779276273.995664
approach4_mm2_run1,4512000,1779276274.427569
approach4_mm2_run1,4513000,1779276274.429154
approach4_mm2_run1,4514000,1779276274.430762
approach4_mm2_run1,4515000,1779276274.432361
approach4_mm2_run1,4516000,1779276274.433970
approach4_mm2_run1,4517000,1779276274.476134
approach4_mm2_run1,4518000,1779276274.477733
approach4_mm2_run1,4519000,1779276274.479317
approach4_mm2_run1,4520000,1779276274.480913
approach4_mm2_run1,4521000,1779276274.482524
approach4_mm2_run1,4522000,1779276274.616094
approach4_mm2_run1,4523000,1779276274.617732
approach4_mm2_run1,4524000,1779276274.620013
approach4_mm2_run1,4525000,1779276274.621625
approach4_mm2_run1,4526000,1779276274.623244
approach4_mm2_run1,4527000,1779276274.624875
approach4_mm2_run1,4528000,1779276274.626476
approach4_mm2_run1,4529000,1779276274.628034
approach4_mm2_run1,4530000,1779276274.629624
approach4_mm2_run1,4531000,1779276274.631233
approach4_mm2_run1,4532000,1779276274.632816
approach4_mm2_run1,4533000,1779276274.645541
approach4_mm2_run1,4534000,1779276274.647147
approach4_mm2_run1,4535000,1779276274.648746
approach4_mm2_run1,4536000,1779276274.650326
approach4_mm2_run1,4537000,1779276274.651937
approach4_mm2_run1,4538000,1779276274.668100
approach4_mm2_run1,4539000,1779276274.669698
approach4_mm2_run1,4540000,1779276274.671303
approach4_mm2_run1,4541000,1779276274.672864
approach4_mm2_run1,4542000,1779276274.674507
approach4_mm2_run1,4543000,1779276274.678031
approach4_mm2_run1,4544000,1779276274.679611
approach4_mm2_run1,4545000,1779276274.681192
approach4_mm2_run1,4546000,1779276274.682797
approach4_mm2_run1,4547000,1779276274.684397
approach4_mm2_run1,4548000,1779276274.686003
approach4_mm2_run1,4549000,1779276274.717233
approach4_mm2_run1,4550000,1779276274.718810
approach4_mm2_run1,4551000,1779276274.720395
approach4_mm2_run1,4552000,1779276274.722011
approach4_mm2_run1,4553000,1779276274.723633
approach4_mm2_run1,4554000,1779276275.174327
approach4_mm2_run1,4555000,1779276275.175964
approach4_mm2_run1,4556000,1779276275.177550
approach4_mm2_run1,4557000,1779276275.179177
approach4_mm2_run1,4558000,1779276275.180742
approach4_mm2_run1,4559000,1779276275.206915
approach4_mm2_run1,4560000,1779276275.208507
approach4_mm2_run1,4561000,1779276275.210092
approach4_mm2_run1,4562000,1779276275.211679
approach4_mm2_run1,4563000,1779276275.213274
approach4_mm2_run1,4564000,1779276275.345626
approach4_mm2_run1,4565000,1779276275.347255
approach4_mm2_run1,4566000,1779276275.348815
approach4_mm2_run1,4567000,1779276275.350416
approach4_mm2_run1,4568000,1779276275.352005
approach4_mm2_run1,4569000,1779276275.353595
approach4_mm2_run1,4570000,1779276275.368511
approach4_mm2_run1,4571000,1779276275.370469
approach4_mm2_run1,4572000,1779276275.372480
approach4_mm2_run1,4573000,1779276275.374068
approach4_mm2_run1,4574000,1779276275.375695
approach4_mm2_run1,4575000,1779276275.377277
approach4_mm2_run1,4576000,1779276275.378861
approach4_mm2_run1,4577000,1779276275.380444
approach4_mm2_run1,4578000,1779276275.382035
approach4_mm2_run1,4579000,1779276275.383620
approach4_mm2_run1,4580000,1779276275.412067
approach4_mm2_run1,4581000,1779276275.413645
approach4_mm2_run1,4582000,1779276275.415254
approach4_mm2_run1,4583000,1779276275.416862
approach4_mm2_run1,4584000,1779276275.418499
approach4_mm2_run1,4585000,1779276275.420095
approach4_mm2_run1,4586000,1779276275.464601
approach4_mm2_run1,4587000,1779276275.466211
approach4_mm2_run1,4588000,1779276275.467800
approach4_mm2_run1,4589000,1779276275.469398
approach4_mm2_run1,4590000,1779276275.471018
approach4_mm2_run1,4591000,1779276275.797232
approach4_mm2_run1,4592000,1779276275.798868
approach4_mm2_run1,4593000,1779276275.800467
approach4_mm2_run1,4594000,1779276275.802092
approach4_mm2_run1,4595000,1779276275.803730
approach4_mm2_run1,4596000,1779276275.926499
approach4_mm2_run1,4597000,1779276275.928087
approach4_mm2_run1,4598000,1779276275.929677
approach4_mm2_run1,4599000,1779276275.931288
approach4_mm2_run1,4600000,1779276275.932926
approach4_mm2_run1,4601000,1779276275.936538
approach4_mm2_run1,4602000,1779276275.938116
approach4_mm2_run1,4603000,1779276275.939713
approach4_mm2_run1,4604000,1779276275.941303
approach4_mm2_run1,4605000,1779276275.942897
approach4_mm2_run1,4606000,1779276275.944514
approach4_mm2_run1,4607000,1779276276.076107
approach4_mm2_run1,4608000,1779276276.077705
approach4_mm2_run1,4609000,1779276276.079295
approach4_mm2_run1,4610000,1779276276.080855
approach4_mm2_run1,4611000,1779276276.082463
approach4_mm2_run1,4612000,1779276276.098783
approach4_mm2_run1,4613000,1779276276.100360
approach4_mm2_run1,4614000,1779276276.101931
approach4_mm2_run1,4615000,1779276276.103559
approach4_mm2_run1,4616000,1779276276.105167
approach4_mm2_run1,4617000,1779276276.113226
approach4_mm2_run1,4618000,1779276276.114854
approach4_mm2_run1,4619000,1779276276.116427
approach4_mm2_run1,4620000,1779276276.118016
approach4_mm2_run1,4621000,1779276276.119601
approach4_mm2_run1,4622000,1779276276.121204
approach4_mm2_run1,4623000,1779276276.158761
approach4_mm2_run1,4624000,1779276276.160346
approach4_mm2_run1,4625000,1779276276.161943
approach4_mm2_run1,4626000,1779276276.163554
approach4_mm2_run1,4627000,1779276276.165170
approach4_mm2_run1,4628000,1779276276.252792
approach4_mm2_run1,4629000,1779276276.254394
approach4_mm2_run1,4630000,1779276276.255999
approach4_mm2_run1,4631000,1779276276.257623
approach4_mm2_run1,4632000,1779276276.259241
approach4_mm2_run1,4633000,1779276276.527468
approach4_mm2_run1,4634000,1779276276.529033
approach4_mm2_run1,4635000,1779276276.530659
approach4_mm2_run1,4636000,1779276276.532264
approach4_mm2_run1,4637000,1779276276.533876
approach4_mm2_run1,4638000,1779276276.667541
approach4_mm2_run1,4639000,1779276276.669120
approach4_mm2_run1,4640000,1779276276.670712
approach4_mm2_run1,4641000,1779276276.672315
approach4_mm2_run1,4642000,1779276276.674595
approach4_mm2_run1,4643000,1779276276.676358
approach4_mm2_run1,4644000,1779276276.677945
approach4_mm2_run1,4645000,1779276276.679530
approach4_mm2_run1,4646000,1779276276.681113
approach4_mm2_run1,4647000,1779276276.682688
approach4_mm2_run1,4648000,1779276276.684289
approach4_mm2_run1,4649000,1779276276.805942
approach4_mm2_run1,4650000,1779276276.807518
approach4_mm2_run1,4651000,1779276276.809076
approach4_mm2_run1,4652000,1779276276.810688
approach4_mm2_run1,4653000,1779276276.812281
approach4_mm2_run1,4654000,1779276276.825159
approach4_mm2_run1,4655000,1779276276.826737
approach4_mm2_run1,4656000,1779276276.828299
approach4_mm2_run1,4657000,1779276276.829845
approach4_mm2_run1,4658000,1779276276.831449
approach4_mm2_run1,4659000,1779276276.862841
approach4_mm2_run1,4660000,1779276276.864415
approach4_mm2_run1,4661000,1779276276.866006
approach4_mm2_run1,4662000,1779276276.867591
approach4_mm2_run1,4663000,1779276276.869171
approach4_mm2_run1,4664000,1779276276.870772
approach4_mm2_run1,4665000,1779276276.903812
approach4_mm2_run1,4666000,1779276276.905419
approach4_mm2_run1,4667000,1779276276.907005
approach4_mm2_run1,4668000,1779276276.908602
approach4_mm2_run1,4669000,1779276276.910222
approach4_mm2_run1,4670000,1779276277.034449
approach4_mm2_run1,4671000,1779276277.036056
approach4_mm2_run1,4672000,1779276277.037652
approach4_mm2_run1,4673000,1779276277.039251
approach4_mm2_run1,4674000,1779276277.040842
approach4_mm2_run1,4675000,1779276277.257341
approach4_mm2_run1,4676000,1779276277.258945
approach4_mm2_run1,4677000,1779276277.260549
approach4_mm2_run1,4678000,1779276277.262192
approach4_mm2_run1,4679000,1779276277.263814
approach4_mm2_run1,4680000,1779276277.265424
approach4_mm2_run1,4681000,1779276277.399013
approach4_mm2_run1,4682000,1779276277.400607
approach4_mm2_run1,4683000,1779276277.402202
approach4_mm2_run1,4684000,1779276277.403813
approach4_mm2_run1,4685000,1779276277.405437
approach4_mm2_run1,4686000,1779276277.424806
approach4_mm2_run1,4687000,1779276277.426416
approach4_mm2_run1,4688000,1779276277.428021
approach4_mm2_run1,4689000,1779276277.429587
approach4_mm2_run1,4690000,1779276277.431230
approach4_mm2_run1,4691000,1779276277.532378
approach4_mm2_run1,4692000,1779276277.533962
approach4_mm2_run1,4693000,1779276277.535591
approach4_mm2_run1,4694000,1779276277.537159
approach4_mm2_run1,4695000,1779276277.538740
approach4_mm2_run1,4696000,1779276277.550685
approach4_mm2_run1,4697000,1779276277.552274
approach4_mm2_run1,4698000,1779276277.553857
approach4_mm2_run1,4699000,1779276277.555473
approach4_mm2_run1,4700000,1779276277.557055
approach4_mm2_run1,4701000,1779276277.558649
approach4_mm2_run1,4702000,1779276277.612560
approach4_mm2_run1,4703000,1779276277.614136
approach4_mm2_run1,4704000,1779276277.615763
approach4_mm2_run1,4705000,1779276277.617342
approach4_mm2_run1,4706000,1779276277.618948
approach4_mm2_run1,4707000,1779276277.646938
approach4_mm2_run1,4708000,1779276277.648513
approach4_mm2_run1,4709000,1779276277.650089
approach4_mm2_run1,4710000,1779276277.651678
approach4_mm2_run1,4711000,1779276277.653262
approach4_mm2_run1,4712000,1779276277.818968
approach4_mm2_run1,4713000,1779276277.820571
approach4_mm2_run1,4714000,1779276277.822137
approach4_mm2_run1,4715000,1779276277.823720
approach4_mm2_run1,4716000,1779276277.825342
approach4_mm2_run1,4717000,1779276277.826962
approach4_mm2_run1,4718000,1779276277.986840
approach4_mm2_run1,4719000,1779276277.988446
approach4_mm2_run1,4720000,1779276277.990016
approach4_mm2_run1,4721000,1779276277.991659
approach4_mm2_run1,4722000,1779276277.993265
approach4_mm2_run1,4723000,1779276278.128918
approach4_mm2_run1,4724000,1779276278.130511
approach4_mm2_run1,4725000,1779276278.132091
approach4_mm2_run1,4726000,1779276278.133683
approach4_mm2_run1,4727000,1779276278.135320
approach4_mm2_run1,4728000,1779276278.173852
approach4_mm2_run1,4729000,1779276278.175461
approach4_mm2_run1,4730000,1779276278.177051
approach4_mm2_run1,4731000,1779276278.178648
approach4_mm2_run1,4732000,1779276278.180245
approach4_mm2_run1,4733000,1779276278.262000
approach4_mm2_run1,4734000,1779276278.263634
approach4_mm2_run1,4735000,1779276278.265260
approach4_mm2_run1,4736000,1779276278.266881
approach4_mm2_run1,4737000,1779276278.268500
approach4_mm2_run1,4738000,1779276278.270107
approach4_mm2_run1,4739000,1779276278.278002
approach4_mm2_run1,4740000,1779276278.279619
approach4_mm2_run1,4741000,1779276278.281262
approach4_mm2_run1,4742000,1779276278.282880
approach4_mm2_run1,4743000,1779276278.284479
approach4_mm2_run1,4744000,1779276278.362018
approach4_mm2_run1,4745000,1779276278.363593
approach4_mm2_run1,4746000,1779276278.365222
approach4_mm2_run1,4747000,1779276278.366839
approach4_mm2_run1,4748000,1779276278.368417
approach4_mm2_run1,4749000,1779276278.604124
approach4_mm2_run1,4750000,1779276278.605725
approach4_mm2_run1,4751000,1779276278.607292
approach4_mm2_run1,4752000,1779276278.608903
approach4_mm2_run1,4753000,1779276278.610496
approach4_mm2_run1,4754000,1779276278.612096
approach4_mm2_run1,4755000,1779276278.715785
approach4_mm2_run1,4756000,1779276278.717372
approach4_mm2_run1,4757000,1779276278.718984
approach4_mm2_run1,4758000,1779276278.720571
approach4_mm2_run1,4759000,1779276278.722152
approach4_mm2_run1,4760000,1779276278.735728
approach4_mm2_run1,4761000,1779276278.737319
approach4_mm2_run1,4762000,1779276278.738899
approach4_mm2_run1,4763000,1779276278.740468
approach4_mm2_run1,4764000,1779276278.742038
approach4_mm2_run1,4765000,1779276278.859647
approach4_mm2_run1,4766000,1779276278.861231
approach4_mm2_run1,4767000,1779276278.862821
approach4_mm2_run1,4768000,1779276278.864399
approach4_mm2_run1,4769000,1779276278.866017
approach4_mm2_run1,4770000,1779276278.921764
approach4_mm2_run1,4771000,1779276278.923317
approach4_mm2_run1,4772000,1779276278.924902
approach4_mm2_run1,4773000,1779276278.926503
approach4_mm2_run1,4774000,1779276278.928103
approach4_mm2_run1,4775000,1779276278.929704
approach4_mm2_run1,4776000,1779276278.992124
approach4_mm2_run1,4777000,1779276278.993720
approach4_mm2_run1,4778000,1779276278.995328
approach4_mm2_run1,4779000,1779276278.996916
approach4_mm2_run1,4780000,1779276278.998514
approach4_mm2_run1,4781000,1779276279.004885
approach4_mm2_run1,4782000,1779276279.006461
approach4_mm2_run1,4783000,1779276279.008046
approach4_mm2_run1,4784000,1779276279.009617
approach4_mm2_run1,4785000,1779276279.011219
approach4_mm2_run1,4786000,1779276279.107730
approach4_mm2_run1,4787000,1779276279.109317
approach4_mm2_run1,4788000,1779276279.110928
approach4_mm2_run1,4789000,1779276279.112501
approach4_mm2_run1,4790000,1779276279.114086
approach4_mm2_run1,4791000,1779276279.395980
approach4_mm2_run1,4792000,1779276279.397574
approach4_mm2_run1,4793000,1779276279.399161
approach4_mm2_run1,4794000,1779276279.400750
approach4_mm2_run1,4795000,1779276279.402324
approach4_mm2_run1,4796000,1779276279.403936
approach4_mm2_run1,4797000,1779276279.444801
approach4_mm2_run1,4798000,1779276279.446446
approach4_mm2_run1,4799000,1779276279.448054
approach4_mm2_run1,4800000,1779276279.449660
approach4_mm2_run1,4801000,1779276279.451288
approach4_mm2_run1,4802000,1779276279.480840
approach4_mm2_run1,4803000,1779276279.482427
approach4_mm2_run1,4804000,1779276279.484076
approach4_mm2_run1,4805000,1779276279.485728
approach4_mm2_run1,4806000,1779276279.487346
approach4_mm2_run1,4807000,1779276279.589559
approach4_mm2_run1,4808000,1779276279.591121
approach4_mm2_run1,4809000,1779276279.592715
approach4_mm2_run1,4810000,1779276279.594305
approach4_mm2_run1,4811000,1779276279.595932
approach4_mm2_run1,4812000,1779276279.597537
approach4_mm2_run1,4813000,1779276279.673276
approach4_mm2_run1,4814000,1779276279.674885
approach4_mm2_run1,4815000,1779276279.676476
approach4_mm2_run1,4816000,1779276279.678075
approach4_mm2_run1,4817000,1779276279.679682
approach4_mm2_run1,4818000,1779276279.719888
approach4_mm2_run1,4819000,1779276279.721485
approach4_mm2_run1,4820000,1779276279.723075
approach4_mm2_run1,4821000,1779276279.724680
approach4_mm2_run1,4822000,1779276279.726300
approach4_mm2_run1,4823000,1779276279.730723
approach4_mm2_run1,4824000,1779276279.732325
approach4_mm2_run1,4825000,1779276279.733927
approach4_mm2_run1,4826000,1779276279.735540
approach4_mm2_run1,4827000,1779276279.737135
approach4_mm2_run1,4828000,1779276279.854420
approach4_mm2_run1,4829000,1779276279.856031
approach4_mm2_run1,4830000,1779276279.857582
approach4_mm2_run1,4831000,1779276279.859182
approach4_mm2_run1,4832000,1779276279.860796
approach4_mm2_run1,4833000,1779276279.862396
approach4_mm2_run1,4834000,1779276280.173185
approach4_mm2_run1,4835000,1779276280.174832
approach4_mm2_run1,4836000,1779276280.176435
approach4_mm2_run1,4837000,1779276280.178047
approach4_mm2_run1,4838000,1779276280.179652
approach4_mm2_run1,4839000,1779276280.183698
approach4_mm2_run1,4840000,1779276280.185300
approach4_mm2_run1,4841000,1779276280.186879
approach4_mm2_run1,4842000,1779276280.188474
approach4_mm2_run1,4843000,1779276280.190028
approach4_mm2_run1,4844000,1779276280.225420
approach4_mm2_run1,4845000,1779276280.227004
approach4_mm2_run1,4846000,1779276280.228587
approach4_mm2_run1,4847000,1779276280.230164
approach4_mm2_run1,4848000,1779276280.231777
approach4_mm2_run1,4849000,1779276280.233369
approach4_mm2_run1,4850000,1779276280.321762
approach4_mm2_run1,4851000,1779276280.323347
approach4_mm2_run1,4852000,1779276280.324951
approach4_mm2_run1,4853000,1779276280.326565
approach4_mm2_run1,4854000,1779276280.328171
approach4_mm2_run1,4855000,1779276280.420856
approach4_mm2_run1,4856000,1779276280.422447
approach4_mm2_run1,4857000,1779276280.424024
approach4_mm2_run1,4858000,1779276280.425624
approach4_mm2_run1,4859000,1779276280.427222
approach4_mm2_run1,4860000,1779276280.456995
approach4_mm2_run1,4861000,1779276280.458591
approach4_mm2_run1,4862000,1779276280.460198
approach4_mm2_run1,4863000,1779276280.461767
approach4_mm2_run1,4864000,1779276280.463351
approach4_mm2_run1,4865000,1779276280.606072
approach4_mm2_run1,4866000,1779276280.607648
approach4_mm2_run1,4867000,1779276280.609274
approach4_mm2_run1,4868000,1779276280.610863
approach4_mm2_run1,4869000,1779276280.612490
approach4_mm2_run1,4870000,1779276280.614078
approach4_mm2_run1,4871000,1779276280.797808
approach4_mm2_run1,4872000,1779276280.799404
approach4_mm2_run1,4873000,1779276280.800980
approach4_mm2_run1,4874000,1779276280.802569
approach4_mm2_run1,4875000,1779276280.804155
approach4_mm2_run1,4876000,1779276280.901576
approach4_mm2_run1,4877000,1779276280.903170
approach4_mm2_run1,4878000,1779276280.904758
approach4_mm2_run1,4879000,1779276280.906352
approach4_mm2_run1,4880000,1779276280.907912
approach4_mm2_run1,4881000,1779276280.962330
approach4_mm2_run1,4882000,1779276280.963919
approach4_mm2_run1,4883000,1779276280.965497
approach4_mm2_run1,4884000,1779276280.967084
approach4_mm2_run1,4885000,1779276280.968738
approach4_mm2_run1,4886000,1779276280.971168
approach4_mm2_run1,4887000,1779276280.972752
approach4_mm2_run1,4888000,1779276280.974321
approach4_mm2_run1,4889000,1779276280.975936
approach4_mm2_run1,4890000,1779276280.977520
approach4_mm2_run1,4891000,1779276280.979127
approach4_mm2_run1,4892000,1779276281.051723
approach4_mm2_run1,4893000,1779276281.053300
approach4_mm2_run1,4894000,1779276281.054910
approach4_mm2_run1,4895000,1779276281.056476
approach4_mm2_run1,4896000,1779276281.058065
approach4_mm2_run1,4897000,1779276281.186663
approach4_mm2_run1,4898000,1779276281.188273
approach4_mm2_run1,4899000,1779276281.189867
approach4_mm2_run1,4900000,1779276281.191484
approach4_mm2_run1,4901000,1779276281.193072
approach4_mm2_run1,4902000,1779276281.356255
approach4_mm2_run1,4903000,1779276281.357831
approach4_mm2_run1,4904000,1779276281.359432
approach4_mm2_run1,4905000,1779276281.361006
approach4_mm2_run1,4906000,1779276281.362595
approach4_mm2_run1,4907000,1779276281.364213
approach4_mm2_run1,4908000,1779276281.513896
approach4_mm2_run1,4909000,1779276281.515526
approach4_mm2_run1,4910000,1779276281.517118
approach4_mm2_run1,4911000,1779276281.518716
approach4_mm2_run1,4912000,1779276281.520325
approach4_mm2_run1,4913000,1779276281.529284
approach4_mm2_run1,4914000,1779276281.530892
approach4_mm2_run1,4915000,1779276281.532484
approach4_mm2_run1,4916000,1779276281.534070
approach4_mm2_run1,4917000,1779276281.535715
approach4_mm2_run1,4918000,1779276281.631357
approach4_mm2_run1,4919000,1779276281.632941
approach4_mm2_run1,4920000,1779276281.634541
approach4_mm2_run1,4921000,1779276281.636195
approach4_mm2_run1,4922000,1779276281.637766
approach4_mm2_run1,4923000,1779276281.716115
approach4_mm2_run1,4924000,1779276281.717729
approach4_mm2_run1,4925000,1779276281.719340
approach4_mm2_run1,4926000,1779276281.720936
approach4_mm2_run1,4927000,1779276281.722552
approach4_mm2_run1,4928000,1779276281.724143
approach4_mm2_run1,4929000,1779276281.750886
approach4_mm2_run1,4930000,1779276281.752522
approach4_mm2_run1,4931000,1779276281.754130
approach4_mm2_run1,4932000,1779276281.755744
approach4_mm2_run1,4933000,1779276281.757322
approach4_mm2_run1,4934000,1779276281.784433
approach4_mm2_run1,4935000,1779276281.786057
approach4_mm2_run1,4936000,1779276281.787662
approach4_mm2_run1,4937000,1779276281.789253
approach4_mm2_run1,4938000,1779276281.790837
approach4_mm2_run1,4939000,1779276281.912115
approach4_mm2_run1,4940000,1779276281.913710
approach4_mm2_run1,4941000,1779276281.915339
approach4_mm2_run1,4942000,1779276281.916939
approach4_mm2_run1,4943000,1779276281.918551
approach4_mm2_run1,4944000,1779276281.920153
approach4_mm2_run1,4945000,1779276282.102425
approach4_mm2_run1,4946000,1779276282.104012
approach4_mm2_run1,4947000,1779276282.105654
approach4_mm2_run1,4948000,1779276282.107245
approach4_mm2_run1,4949000,1779276282.108853
approach4_mm2_run1,4950000,1779276282.258522
approach4_mm2_run1,4951000,1779276282.260142
approach4_mm2_run1,4952000,1779276282.262494
approach4_mm2_run1,4953000,1779276282.264097
approach4_mm2_run1,4954000,1779276282.265714
approach4_mm2_run1,4955000,1779276282.267322
approach4_mm2_run1,4956000,1779276282.268904
approach4_mm2_run1,4957000,1779276282.270493
approach4_mm2_run1,4958000,1779276282.272090
approach4_mm2_run1,4959000,1779276282.273691
approach4_mm2_run1,4960000,1779276282.358500
approach4_mm2_run1,4961000,1779276282.360095
approach4_mm2_run1,4962000,1779276282.361688
approach4_mm2_run1,4963000,1779276282.363311
approach4_mm2_run1,4964000,1779276282.364955
approach4_mm2_run1,4965000,1779276282.366581
approach4_mm2_run1,4966000,1779276282.463114
approach4_mm2_run1,4967000,1779276282.464698
approach4_mm2_run1,4968000,1779276282.466320
approach4_mm2_run1,4969000,1779276282.467924
approach4_mm2_run1,4970000,1779276282.469545
approach4_mm2_run1,4971000,1779276282.516808
approach4_mm2_run1,4972000,1779276282.518391
approach4_mm2_run1,4973000,1779276282.519993
approach4_mm2_run1,4974000,1779276282.521591
approach4_mm2_run1,4975000,1779276282.523187
approach4_mm2_run1,4976000,1779276282.536485
approach4_mm2_run1,4977000,1779276282.538075
approach4_mm2_run1,4978000,1779276282.539673
approach4_mm2_run1,4979000,1779276282.541260
approach4_mm2_run1,4980000,1779276282.542860
approach4_mm2_run1,4981000,1779276282.544466
approach4_mm2_run1,4982000,1779276282.641599
approach4_mm2_run1,4983000,1779276282.643207
approach4_mm2_run1,4984000,1779276282.644845
approach4_mm2_run1,4985000,1779276282.646434
approach4_mm2_run1,4986000,1779276282.648039
approach4_mm2_run1,4987000,1779276282.849039
approach4_mm2_run1,4988000,1779276282.850605
approach4_mm2_run1,4989000,1779276282.852184
approach4_mm2_run1,4990000,1779276282.853760
approach4_mm2_run1,4991000,1779276282.855366
approach4_mm2_run1,4992000,1779276282.985340
approach4_mm2_run1,4993000,1779276282.986992
approach4_mm2_run1,4994000,1779276282.988593
approach4_mm2_run1,4995000,1779276282.990209
approach4_mm2_run1,4996000,1779276282.991824
approach4_mm2_run1,4997000,1779276283.007506
approach4_mm2_run1,4998000,1779276283.009095
approach4_mm2_run1,4999000,1779276283.010700
approach4_mm2_run1,5000000,1779276283.012284
approach4_mm2_run1,5001000,1779276283.013909
approach4_mm2_run1,5002000,1779276283.015562
approach4_mm2_run1,5003000,1779276283.088347
approach4_mm2_run1,5004000,1779276283.089940
approach4_mm2_run1,5005000,1779276283.091549
approach4_mm2_run1,5006000,1779276283.093149
approach4_mm2_run1,5007000,1779276283.094754
approach4_mm2_run1,5008000,1779276283.207267
approach4_mm2_run1,5009000,1779276283.208857
approach4_mm2_run1,5010000,1779276283.210462
approach4_mm2_run1,5011000,1779276283.212063
approach4_mm2_run1,5012000,1779276283.213666
approach4_mm2_run1,5013000,1779276283.245306
approach4_mm2_run1,5014000,1779276283.246914
approach4_mm2_run1,5015000,1779276283.248494
approach4_mm2_run1,5016000,1779276283.250055
approach4_mm2_run1,5017000,1779276283.251641
approach4_mm2_run1,5018000,1779276283.253232
approach4_mm2_run1,5019000,1779276283.327794
approach4_mm2_run1,5020000,1779276283.329375
approach4_mm2_run1,5021000,1779276283.330962
approach4_mm2_run1,5022000,1779276283.332575
approach4_mm2_run1,5023000,1779276283.334172
approach4_mm2_run1,5024000,1779276283.367260
approach4_mm2_run1,5025000,1779276283.368842
approach4_mm2_run1,5026000,1779276283.370449
approach4_mm2_run1,5027000,1779276283.372043
approach4_mm2_run1,5028000,1779276283.373645
approach4_mm2_run1,5029000,1779276283.713394
approach4_mm2_run1,5030000,1779276283.715013
approach4_mm2_run1,5031000,1779276283.716600
approach4_mm2_run1,5032000,1779276283.718199
approach4_mm2_run1,5033000,1779276283.719789
approach4_mm2_run1,5034000,1779276283.753656
approach4_mm2_run1,5035000,1779276283.755246
approach4_mm2_run1,5036000,1779276283.756823
approach4_mm2_run1,5037000,1779276283.758407
approach4_mm2_run1,5038000,1779276283.759996
approach4_mm2_run1,5039000,1779276283.761584
approach4_mm2_run1,5040000,1779276283.817707
approach4_mm2_run1,5041000,1779276283.819319
approach4_mm2_run1,5042000,1779276283.820914
approach4_mm2_run1,5043000,1779276283.822530
approach4_mm2_run1,5044000,1779276283.824137
approach4_mm2_run1,5045000,1779276283.937950
approach4_mm2_run1,5046000,1779276283.939543
approach4_mm2_run1,5047000,1779276283.941114
approach4_mm2_run1,5048000,1779276283.942732
approach4_mm2_run1,5049000,1779276283.944319
approach4_mm2_run1,5050000,1779276283.954232
approach4_mm2_run1,5051000,1779276283.955821
approach4_mm2_run1,5052000,1779276283.957404
approach4_mm2_run1,5053000,1779276283.958990
approach4_mm2_run1,5054000,1779276283.960576
approach4_mm2_run1,5055000,1779276283.977852
approach4_mm2_run1,5056000,1779276283.979477
approach4_mm2_run1,5057000,1779276283.981106
approach4_mm2_run1,5058000,1779276283.982729
approach4_mm2_run1,5059000,1779276283.984313
approach4_mm2_run1,5060000,1779276283.985932
approach4_mm2_run1,5061000,1779276284.093310
approach4_mm2_run1,5062000,1779276284.094936
approach4_mm2_run1,5063000,1779276284.096514
approach4_mm2_run1,5064000,1779276284.098121
approach4_mm2_run1,5065000,1779276284.099734
approach4_mm2_run1,5066000,1779276284.114620
approach4_mm2_run1,5067000,1779276284.116215
approach4_mm2_run1,5068000,1779276284.117810
approach4_mm2_run1,5069000,1779276284.119433
approach4_mm2_run1,5070000,1779276284.121051
approach4_mm2_run1,5071000,1779276284.440132
approach4_mm2_run1,5072000,1779276284.441730
approach4_mm2_run1,5073000,1779276284.443289
approach4_mm2_run1,5074000,1779276284.444908
approach4_mm2_run1,5075000,1779276284.446548
approach4_mm2_run1,5076000,1779276284.448133
approach4_mm2_run1,5077000,1779276284.514781
approach4_mm2_run1,5078000,1779276284.516398
approach4_mm2_run1,5079000,1779276284.517975
approach4_mm2_run1,5080000,1779276284.519572
approach4_mm2_run1,5081000,1779276284.521150
approach4_mm2_run1,5082000,1779276284.546084
approach4_mm2_run1,5083000,1779276284.547697
approach4_mm2_run1,5084000,1779276284.549307
approach4_mm2_run1,5085000,1779276284.550925
approach4_mm2_run1,5086000,1779276284.552538
approach4_mm2_run1,5087000,1779276284.685849
approach4_mm2_run1,5088000,1779276284.687448
approach4_mm2_run1,5089000,1779276284.689033
approach4_mm2_run1,5090000,1779276284.690611
approach4_mm2_run1,5091000,1779276284.692168
approach4_mm2_run1,5092000,1779276284.698182
approach4_mm2_run1,5093000,1779276284.699773
approach4_mm2_run1,5094000,1779276284.701348
approach4_mm2_run1,5095000,1779276284.702923
approach4_mm2_run1,5096000,1779276284.704497
approach4_mm2_run1,5097000,1779276284.706128
approach4_mm2_run1,5098000,1779276284.711655
approach4_mm2_run1,5099000,1779276284.713223
approach4_mm2_run1,5100000,1779276284.714863
approach4_mm2_run1,5101000,1779276284.716457
approach4_mm2_run1,5102000,1779276284.718061
approach4_mm2_run1,5103000,1779276284.820212
approach4_mm2_run1,5104000,1779276284.821800
approach4_mm2_run1,5105000,1779276284.823408
approach4_mm2_run1,5106000,1779276284.825006
approach4_mm2_run1,5107000,1779276284.826643
approach4_mm2_run1,5108000,1779276284.891049
approach4_mm2_run1,5109000,1779276284.892657
approach4_mm2_run1,5110000,1779276284.894241
approach4_mm2_run1,5111000,1779276284.895863
approach4_mm2_run1,5112000,1779276284.897456
approach4_mm2_run1,5113000,1779276284.899072
approach4_mm2_run1,5114000,1779276285.169972
approach4_mm2_run1,5115000,1779276285.171574
approach4_mm2_run1,5116000,1779276285.173172
approach4_mm2_run1,5117000,1779276285.174781
approach4_mm2_run1,5118000,1779276285.176409
approach4_mm2_run1,5119000,1779276285.262224
approach4_mm2_run1,5120000,1779276285.263854
approach4_mm2_run1,5121000,1779276285.265477
approach4_mm2_run1,5122000,1779276285.267088
approach4_mm2_run1,5123000,1779276285.268667
approach4_mm2_run1,5124000,1779276285.274718
approach4_mm2_run1,5125000,1779276285.276318
approach4_mm2_run1,5126000,1779276285.277914
approach4_mm2_run1,5127000,1779276285.279526
approach4_mm2_run1,5128000,1779276285.281124
approach4_mm2_run1,5129000,1779276285.433050
approach4_mm2_run1,5130000,1779276285.434660
approach4_mm2_run1,5131000,1779276285.436274
approach4_mm2_run1,5132000,1779276285.437874
approach4_mm2_run1,5133000,1779276285.439463
approach4_mm2_run1,5134000,1779276285.441900
approach4_mm2_run1,5135000,1779276285.443537
approach4_mm2_run1,5136000,1779276285.445585
approach4_mm2_run1,5137000,1779276285.447505
approach4_mm2_run1,5138000,1779276285.449098
approach4_mm2_run1,5139000,1779276285.450690
approach4_mm2_run1,5140000,1779276285.452276
approach4_mm2_run1,5141000,1779276285.453889
approach4_mm2_run1,5142000,1779276285.455529
approach4_mm2_run1,5143000,1779276285.457129
approach4_mm2_run1,5144000,1779276285.458745
approach4_mm2_run1,5145000,1779276285.547510
approach4_mm2_run1,5146000,1779276285.549110
approach4_mm2_run1,5147000,1779276285.550706
approach4_mm2_run1,5148000,1779276285.552299
approach4_mm2_run1,5149000,1779276285.553902
approach4_mm2_run1,5150000,1779276285.555549
approach4_mm2_run1,5151000,1779276285.680899
approach4_mm2_run1,5152000,1779276285.682485
approach4_mm2_run1,5153000,1779276285.684051
approach4_mm2_run1,5154000,1779276285.685635
approach4_mm2_run1,5155000,1779276285.687248
approach4_mm2_run1,5156000,1779276285.897000
approach4_mm2_run1,5157000,1779276285.898600
approach4_mm2_run1,5158000,1779276285.900192
approach4_mm2_run1,5159000,1779276285.901799
approach4_mm2_run1,5160000,1779276285.903423
approach4_mm2_run1,5161000,1779276286.003736
approach4_mm2_run1,5162000,1779276286.005350
approach4_mm2_run1,5163000,1779276286.007534
approach4_mm2_run1,5164000,1779276286.009312
approach4_mm2_run1,5165000,1779276286.010921
approach4_mm2_run1,5166000,1779276286.012516
approach4_mm2_run1,5167000,1779276286.014085
approach4_mm2_run1,5168000,1779276286.015724
approach4_mm2_run1,5169000,1779276286.017306
approach4_mm2_run1,5170000,1779276286.018918
approach4_mm2_run1,5171000,1779276286.020525
approach4_mm2_run1,5172000,1779276286.172819
approach4_mm2_run1,5173000,1779276286.174413
approach4_mm2_run1,5174000,1779276286.176039
approach4_mm2_run1,5175000,1779276286.177648
approach4_mm2_run1,5176000,1779276286.180111
approach4_mm2_run1,5177000,1779276286.181684
approach4_mm2_run1,5178000,1779276286.183281
approach4_mm2_run1,5179000,1779276286.184870
approach4_mm2_run1,5180000,1779276286.186504
approach4_mm2_run1,5181000,1779276286.188611
approach4_mm2_run1,5182000,1779276286.190642
approach4_mm2_run1,5183000,1779276286.192241
approach4_mm2_run1,5184000,1779276286.193855
approach4_mm2_run1,5185000,1779276286.195478
approach4_mm2_run1,5186000,1779276286.197069
approach4_mm2_run1,5187000,1779276286.272224
approach4_mm2_run1,5188000,1779276286.273821
approach4_mm2_run1,5189000,1779276286.275438
approach4_mm2_run1,5190000,1779276286.277028
approach4_mm2_run1,5191000,1779276286.278640
approach4_mm2_run1,5192000,1779276286.280244
approach4_mm2_run1,5193000,1779276286.466354
approach4_mm2_run1,5194000,1779276286.467937
approach4_mm2_run1,5195000,1779276286.469513
approach4_mm2_run1,5196000,1779276286.471106
approach4_mm2_run1,5197000,1779276286.472686
approach4_mm2_run1,5198000,1779276286.624773
approach4_mm2_run1,5199000,1779276286.626379
approach4_mm2_run1,5200000,1779276286.627974
approach4_mm2_run1,5201000,1779276286.629550
approach4_mm2_run1,5202000,1779276286.631146
approach4_mm2_run1,5203000,1779276286.753048
approach4_mm2_run1,5204000,1779276286.754642
approach4_mm2_run1,5205000,1779276286.756257
approach4_mm2_run1,5206000,1779276286.757852
approach4_mm2_run1,5207000,1779276286.759469
approach4_mm2_run1,5208000,1779276286.761077
approach4_mm2_run1,5209000,1779276286.927643
approach4_mm2_run1,5210000,1779276286.929219
approach4_mm2_run1,5211000,1779276286.930788
approach4_mm2_run1,5212000,1779276286.932377
approach4_mm2_run1,5213000,1779276286.933964
approach4_mm2_run1,5214000,1779276286.936692
approach4_mm2_run1,5215000,1779276286.938282
approach4_mm2_run1,5216000,1779276286.939885
approach4_mm2_run1,5217000,1779276286.941484
approach4_mm2_run1,5218000,1779276286.943100
approach4_mm2_run1,5219000,1779276287.079032
approach4_mm2_run1,5220000,1779276287.080633
approach4_mm2_run1,5221000,1779276287.082232
approach4_mm2_run1,5222000,1779276287.083847
approach4_mm2_run1,5223000,1779276287.085481
approach4_mm2_run1,5224000,1779276287.238905
approach4_mm2_run1,5225000,1779276287.240488
approach4_mm2_run1,5226000,1779276287.242067
approach4_mm2_run1,5227000,1779276287.243701
approach4_mm2_run1,5228000,1779276287.245319
approach4_mm2_run1,5229000,1779276287.246940
approach4_mm2_run1,5230000,1779276287.258608
approach4_mm2_run1,5231000,1779276287.260167
approach4_mm2_run1,5232000,1779276287.261757
approach4_mm2_run1,5233000,1779276287.263351
approach4_mm2_run1,5234000,1779276287.264972
approach4_mm2_run1,5235000,1779276287.346925
approach4_mm2_run1,5236000,1779276287.348515
approach4_mm2_run1,5237000,1779276287.350094
approach4_mm2_run1,5238000,1779276287.351848
approach4_mm2_run1,5239000,1779276287.354125
approach4_mm2_run1,5240000,1779276287.355771
approach4_mm2_run1,5241000,1779276287.357369
approach4_mm2_run1,5242000,1779276287.358977
approach4_mm2_run1,5243000,1779276287.360577
approach4_mm2_run1,5244000,1779276287.362174
approach4_mm2_run1,5245000,1779276287.363843
approach4_mm2_run1,5246000,1779276287.514085
approach4_mm2_run1,5247000,1779276287.515712
approach4_mm2_run1,5248000,1779276287.517292
approach4_mm2_run1,5249000,1779276287.518884
approach4_mm2_run1,5250000,1779276287.520502
approach4_mm2_run1,5251000,1779276287.676669
approach4_mm2_run1,5252000,1779276287.678250
approach4_mm2_run1,5253000,1779276287.680556
approach4_mm2_run1,5254000,1779276287.682114
approach4_mm2_run1,5255000,1779276287.683686
approach4_mm2_run1,5256000,1779276287.685271
approach4_mm2_run1,5257000,1779276287.686853
approach4_mm2_run1,5258000,1779276287.688415
approach4_mm2_run1,5259000,1779276287.689982
approach4_mm2_run1,5260000,1779276287.691576
approach4_mm2_run1,5261000,1779276287.807287
approach4_mm2_run1,5262000,1779276287.808881
approach4_mm2_run1,5263000,1779276287.810482
approach4_mm2_run1,5264000,1779276287.812060
approach4_mm2_run1,5265000,1779276287.813666
approach4_mm2_run1,5266000,1779276287.815314
approach4_mm2_run1,5267000,1779276287.969475
approach4_mm2_run1,5268000,1779276287.971071
approach4_mm2_run1,5269000,1779276287.972648
approach4_mm2_run1,5270000,1779276287.974238
approach4_mm2_run1,5271000,1779276287.975864
approach4_mm2_run1,5272000,1779276288.040843
approach4_mm2_run1,5273000,1779276288.042421
approach4_mm2_run1,5274000,1779276288.044005
approach4_mm2_run1,5275000,1779276288.045606
approach4_mm2_run1,5276000,1779276288.047199
approach4_mm2_run1,5277000,1779276288.072891
approach4_mm2_run1,5278000,1779276288.074485
approach4_mm2_run1,5279000,1779276288.076100
approach4_mm2_run1,5280000,1779276288.077704
approach4_mm2_run1,5281000,1779276288.079325
approach4_mm2_run1,5282000,1779276288.081804
approach4_mm2_run1,5283000,1779276288.083368
approach4_mm2_run1,5284000,1779276288.084971
approach4_mm2_run1,5285000,1779276288.086565
approach4_mm2_run1,5286000,1779276288.088150
approach4_mm2_run1,5287000,1779276288.089735
approach4_mm2_run1,5288000,1779276288.262183
approach4_mm2_run1,5289000,1779276288.263783
approach4_mm2_run1,5290000,1779276288.265377
approach4_mm2_run1,5291000,1779276288.266993
approach4_mm2_run1,5292000,1779276288.268582
approach4_mm2_run1,5293000,1779276288.422528
approach4_mm2_run1,5294000,1779276288.424146
approach4_mm2_run1,5295000,1779276288.426467
approach4_mm2_run1,5296000,1779276288.428045
approach4_mm2_run1,5297000,1779276288.429624
approach4_mm2_run1,5298000,1779276288.431218
approach4_mm2_run1,5299000,1779276288.432796
approach4_mm2_run1,5300000,1779276288.434385
approach4_mm2_run1,5301000,1779276288.435999
approach4_mm2_run1,5302000,1779276288.437584
approach4_mm2_run1,5303000,1779276288.439180
approach4_mm2_run1,5304000,1779276288.535949
approach4_mm2_run1,5305000,1779276288.537537
approach4_mm2_run1,5306000,1779276288.539126
approach4_mm2_run1,5307000,1779276288.540712
approach4_mm2_run1,5308000,1779276288.542371
approach4_mm2_run1,5309000,1779276288.699306
approach4_mm2_run1,5310000,1779276288.700889
approach4_mm2_run1,5311000,1779276288.702483
approach4_mm2_run1,5312000,1779276288.704081
approach4_mm2_run1,5313000,1779276288.705709
approach4_mm2_run1,5314000,1779276288.799590
approach4_mm2_run1,5315000,1779276288.801186
approach4_mm2_run1,5316000,1779276288.802768
approach4_mm2_run1,5317000,1779276288.804343
approach4_mm2_run1,5318000,1779276288.805963
approach4_mm2_run1,5319000,1779276288.829201
approach4_mm2_run1,5320000,1779276288.830769
approach4_mm2_run1,5321000,1779276288.832340
approach4_mm2_run1,5322000,1779276288.833910
approach4_mm2_run1,5323000,1779276288.835524
approach4_mm2_run1,5324000,1779276288.837105
approach4_mm2_run1,5325000,1779276288.968859
approach4_mm2_run1,5326000,1779276288.970451
approach4_mm2_run1,5327000,1779276288.972033
approach4_mm2_run1,5328000,1779276288.973639
approach4_mm2_run1,5329000,1779276288.975295
approach4_mm2_run1,5330000,1779276289.007536
approach4_mm2_run1,5331000,1779276289.009115
approach4_mm2_run1,5332000,1779276289.010701
approach4_mm2_run1,5333000,1779276289.012269
approach4_mm2_run1,5334000,1779276289.013848
approach4_mm2_run1,5335000,1779276289.171217
approach4_mm2_run1,5336000,1779276289.172885
approach4_mm2_run1,5337000,1779276289.175251
approach4_mm2_run1,5338000,1779276289.176842
approach4_mm2_run1,5339000,1779276289.178440
approach4_mm2_run1,5340000,1779276289.180045
approach4_mm2_run1,5341000,1779276289.181620
approach4_mm2_run1,5342000,1779276289.183208
approach4_mm2_run1,5343000,1779276289.184796
approach4_mm2_run1,5344000,1779276289.186404
approach4_mm2_run1,5345000,1779276289.188003
approach4_mm2_run1,5346000,1779276289.264025
approach4_mm2_run1,5347000,1779276289.265642
approach4_mm2_run1,5348000,1779276289.267253
approach4_mm2_run1,5349000,1779276289.268860
approach4_mm2_run1,5350000,1779276289.270477
approach4_mm2_run1,5351000,1779276289.428461
approach4_mm2_run1,5352000,1779276289.430022
approach4_mm2_run1,5353000,1779276289.431610
approach4_mm2_run1,5354000,1779276289.433194
approach4_mm2_run1,5355000,1779276289.434796
approach4_mm2_run1,5356000,1779276289.525318
approach4_mm2_run1,5357000,1779276289.526913
approach4_mm2_run1,5358000,1779276289.528507
approach4_mm2_run1,5359000,1779276289.530093
approach4_mm2_run1,5360000,1779276289.531689
approach4_mm2_run1,5361000,1779276289.533274
approach4_mm2_run1,5362000,1779276289.605675
approach4_mm2_run1,5363000,1779276289.607318
approach4_mm2_run1,5364000,1779276289.608891
approach4_mm2_run1,5365000,1779276289.610493
approach4_mm2_run1,5366000,1779276289.612070
approach4_mm2_run1,5367000,1779276289.696344
approach4_mm2_run1,5368000,1779276289.697939
approach4_mm2_run1,5369000,1779276289.699522
approach4_mm2_run1,5370000,1779276289.701105
approach4_mm2_run1,5371000,1779276289.702781
approach4_mm2_run1,5372000,1779276289.753405
approach4_mm2_run1,5373000,1779276289.755035
approach4_mm2_run1,5374000,1779276289.756645
approach4_mm2_run1,5375000,1779276289.758241
approach4_mm2_run1,5376000,1779276289.759851
approach4_mm2_run1,5377000,1779276289.761446
approach4_mm2_run1,5378000,1779276289.922391
approach4_mm2_run1,5379000,1779276289.923972
approach4_mm2_run1,5380000,1779276289.925574
approach4_mm2_run1,5381000,1779276289.927171
approach4_mm2_run1,5382000,1779276289.928764
approach4_mm2_run1,5383000,1779276289.992335
approach4_mm2_run1,5384000,1779276289.993927
approach4_mm2_run1,5385000,1779276289.995551
approach4_mm2_run1,5386000,1779276289.997139
approach4_mm2_run1,5387000,1779276289.998749
approach4_mm2_run1,5388000,1779276290.158180
approach4_mm2_run1,5389000,1779276290.159810
approach4_mm2_run1,5390000,1779276290.161390
approach4_mm2_run1,5391000,1779276290.162983
approach4_mm2_run1,5392000,1779276290.164589
approach4_mm2_run1,5393000,1779276290.252095
approach4_mm2_run1,5394000,1779276290.253684
approach4_mm2_run1,5395000,1779276290.255345
approach4_mm2_run1,5396000,1779276290.257034
approach4_mm2_run1,5397000,1779276290.259487
approach4_mm2_run1,5398000,1779276290.261057
approach4_mm2_run1,5399000,1779276290.262678
approach4_mm2_run1,5400000,1779276290.264281
approach4_mm2_run1,5401000,1779276290.265909
approach4_mm2_run1,5402000,1779276290.267507
approach4_mm2_run1,5403000,1779276290.269098
approach4_mm2_run1,5404000,1779276290.395965
approach4_mm2_run1,5405000,1779276290.397556
approach4_mm2_run1,5406000,1779276290.399153
approach4_mm2_run1,5407000,1779276290.400747
approach4_mm2_run1,5408000,1779276290.402342
approach4_mm2_run1,5409000,1779276290.499361
approach4_mm2_run1,5410000,1779276290.500961
approach4_mm2_run1,5411000,1779276290.502550
approach4_mm2_run1,5412000,1779276290.504126
approach4_mm2_run1,5413000,1779276290.505728
approach4_mm2_run1,5414000,1779276290.507331
approach4_mm2_run1,5415000,1779276290.671241
approach4_mm2_run1,5416000,1779276290.672829
approach4_mm2_run1,5417000,1779276290.674421
approach4_mm2_run1,5418000,1779276290.676087
approach4_mm2_run1,5419000,1779276290.677669
approach4_mm2_run1,5420000,1779276290.720443
approach4_mm2_run1,5421000,1779276290.722045
approach4_mm2_run1,5422000,1779276290.723656
approach4_mm2_run1,5423000,1779276290.725278
approach4_mm2_run1,5424000,1779276290.726891
approach4_mm2_run1,5425000,1779276290.761388
approach4_mm2_run1,5426000,1779276290.762983
approach4_mm2_run1,5427000,1779276290.764556
approach4_mm2_run1,5428000,1779276290.766180
approach4_mm2_run1,5429000,1779276290.767779
approach4_mm2_run1,5430000,1779276290.887720
approach4_mm2_run1,5431000,1779276290.889318
approach4_mm2_run1,5432000,1779276290.890916
approach4_mm2_run1,5433000,1779276290.892506
approach4_mm2_run1,5434000,1779276290.894149
approach4_mm2_run1,5435000,1779276290.895801
approach4_mm2_run1,5436000,1779276290.981833
approach4_mm2_run1,5437000,1779276290.983443
approach4_mm2_run1,5438000,1779276290.985068
approach4_mm2_run1,5439000,1779276290.986682
approach4_mm2_run1,5440000,1779276290.988263
approach4_mm2_run1,5441000,1779276291.004798
approach4_mm2_run1,5442000,1779276291.006388
approach4_mm2_run1,5443000,1779276291.007979
approach4_mm2_run1,5444000,1779276291.009569
approach4_mm2_run1,5445000,1779276291.011165
approach4_mm2_run1,5446000,1779276291.180262
approach4_mm2_run1,5447000,1779276291.181840
approach4_mm2_run1,5448000,1779276291.183440
approach4_mm2_run1,5449000,1779276291.185113
approach4_mm2_run1,5450000,1779276291.186708
approach4_mm2_run1,5451000,1779276291.258180
approach4_mm2_run1,5452000,1779276291.259778
approach4_mm2_run1,5453000,1779276291.261329
approach4_mm2_run1,5454000,1779276291.262907
approach4_mm2_run1,5455000,1779276291.264518
approach4_mm2_run1,5456000,1779276291.266159
approach4_mm2_run1,5457000,1779276291.418154
approach4_mm2_run1,5458000,1779276291.419744
approach4_mm2_run1,5459000,1779276291.421314
approach4_mm2_run1,5460000,1779276291.422908
approach4_mm2_run1,5461000,1779276291.424486
approach4_mm2_run1,5462000,1779276291.448194
approach4_mm2_run1,5463000,1779276291.449757
approach4_mm2_run1,5464000,1779276291.451364
approach4_mm2_run1,5465000,1779276291.452954
approach4_mm2_run1,5466000,1779276291.454565
approach4_mm2_run1,5467000,1779276291.489302
approach4_mm2_run1,5468000,1779276291.490906
approach4_mm2_run1,5469000,1779276291.492502
approach4_mm2_run1,5470000,1779276291.494098
approach4_mm2_run1,5471000,1779276291.495718
approach4_mm2_run1,5472000,1779276291.497311
approach4_mm2_run1,5473000,1779276291.618885
approach4_mm2_run1,5474000,1779276291.620480
approach4_mm2_run1,5475000,1779276291.622068
approach4_mm2_run1,5476000,1779276291.623677
approach4_mm2_run1,5477000,1779276291.625309
approach4_mm2_run1,5478000,1779276291.708140
approach4_mm2_run1,5479000,1779276291.709713
approach4_mm2_run1,5480000,1779276291.711315
approach4_mm2_run1,5481000,1779276291.712907
approach4_mm2_run1,5482000,1779276291.714510
approach4_mm2_run1,5483000,1779276291.748394
approach4_mm2_run1,5484000,1779276291.749978
approach4_mm2_run1,5485000,1779276291.751565
approach4_mm2_run1,5486000,1779276291.753135
approach4_mm2_run1,5487000,1779276291.754743
approach4_mm2_run1,5488000,1779276292.005492
approach4_mm2_run1,5489000,1779276292.007089
approach4_mm2_run1,5490000,1779276292.008655
approach4_mm2_run1,5491000,1779276292.010251
approach4_mm2_run1,5492000,1779276292.011863
approach4_mm2_run1,5493000,1779276292.013451
approach4_mm2_run1,5494000,1779276292.165889
approach4_mm2_run1,5495000,1779276292.167494
approach4_mm2_run1,5496000,1779276292.169084
approach4_mm2_run1,5497000,1779276292.170751
approach4_mm2_run1,5498000,1779276292.172341
approach4_mm2_run1,5499000,1779276292.176295
approach4_mm2_run1,5500000,1779276292.177883
approach4_mm2_run1,5501000,1779276292.179507
approach4_mm2_run1,5502000,1779276292.181077
approach4_mm2_run1,5503000,1779276292.182696
approach4_mm2_run1,5504000,1779276292.216814
approach4_mm2_run1,5505000,1779276292.218413
approach4_mm2_run1,5506000,1779276292.219991
approach4_mm2_run1,5507000,1779276292.221573
approach4_mm2_run1,5508000,1779276292.223174
approach4_mm2_run1,5509000,1779276292.224753
approach4_mm2_run1,5510000,1779276292.314615
approach4_mm2_run1,5511000,1779276292.316226
approach4_mm2_run1,5512000,1779276292.317820
approach4_mm2_run1,5513000,1779276292.319420
approach4_mm2_run1,5514000,1779276292.321019
approach4_mm2_run1,5515000,1779276292.350264
approach4_mm2_run1,5516000,1779276292.351882
approach4_mm2_run1,5517000,1779276292.353471
approach4_mm2_run1,5518000,1779276292.355087
approach4_mm2_run1,5519000,1779276292.356707
approach4_mm2_run1,5520000,1779276292.434698
approach4_mm2_run1,5521000,1779276292.436342
approach4_mm2_run1,5522000,1779276292.437928
approach4_mm2_run1,5523000,1779276292.439542
approach4_mm2_run1,5524000,1779276292.441144
approach4_mm2_run1,5525000,1779276292.491169
approach4_mm2_run1,5526000,1779276292.492769
approach4_mm2_run1,5527000,1779276292.494377
approach4_mm2_run1,5528000,1779276292.496014
approach4_mm2_run1,5529000,1779276292.497598
approach4_mm2_run1,5530000,1779276292.499209
approach4_mm2_run1,5531000,1779276292.755187
approach4_mm2_run1,5532000,1779276292.756778
approach4_mm2_run1,5533000,1779276292.758375
approach4_mm2_run1,5534000,1779276292.759964
approach4_mm2_run1,5535000,1779276292.761566
approach4_mm2_run1,5536000,1779276292.904677
approach4_mm2_run1,5537000,1779276292.906288
approach4_mm2_run1,5538000,1779276292.907893
approach4_mm2_run1,5539000,1779276292.909485
approach4_mm2_run1,5540000,1779276292.911106
approach4_mm2_run1,5541000,1779276292.915527
approach4_mm2_run1,5542000,1779276292.917092
approach4_mm2_run1,5543000,1779276292.918678
approach4_mm2_run1,5544000,1779276292.920249
approach4_mm2_run1,5545000,1779276292.921823
approach4_mm2_run1,5546000,1779276292.923430
approach4_mm2_run1,5547000,1779276292.945328
approach4_mm2_run1,5548000,1779276292.946922
approach4_mm2_run1,5549000,1779276292.948506
approach4_mm2_run1,5550000,1779276292.950094
approach4_mm2_run1,5551000,1779276292.951701
approach4_mm2_run1,5552000,1779276293.079901
approach4_mm2_run1,5553000,1779276293.081485
approach4_mm2_run1,5554000,1779276293.083069
approach4_mm2_run1,5555000,1779276293.084661
approach4_mm2_run1,5556000,1779276293.086298
approach4_mm2_run1,5557000,1779276293.096422
approach4_mm2_run1,5558000,1779276293.097979
approach4_mm2_run1,5559000,1779276293.099547
approach4_mm2_run1,5560000,1779276293.101176
approach4_mm2_run1,5561000,1779276293.102784
approach4_mm2_run1,5562000,1779276293.160765
approach4_mm2_run1,5563000,1779276293.162349
approach4_mm2_run1,5564000,1779276293.163957
approach4_mm2_run1,5565000,1779276293.165577
approach4_mm2_run1,5566000,1779276293.167169
approach4_mm2_run1,5567000,1779276293.168769
approach4_mm2_run1,5568000,1779276293.237323
approach4_mm2_run1,5569000,1779276293.238915
approach4_mm2_run1,5570000,1779276293.240493
approach4_mm2_run1,5571000,1779276293.242070
approach4_mm2_run1,5572000,1779276293.243684
approach4_mm2_run1,5573000,1779276293.500686
approach4_mm2_run1,5574000,1779276293.502281
approach4_mm2_run1,5575000,1779276293.503897
approach4_mm2_run1,5576000,1779276293.505501
approach4_mm2_run1,5577000,1779276293.507111
approach4_mm2_run1,5578000,1779276293.555956
approach4_mm2_run1,5579000,1779276293.557534
approach4_mm2_run1,5580000,1779276293.559117
approach4_mm2_run1,5581000,1779276293.560714
approach4_mm2_run1,5582000,1779276293.562328
approach4_mm2_run1,5583000,1779276293.632616
approach4_mm2_run1,5584000,1779276293.634241
approach4_mm2_run1,5585000,1779276293.635902
approach4_mm2_run1,5586000,1779276293.637494
approach4_mm2_run1,5587000,1779276293.639120
approach4_mm2_run1,5588000,1779276293.664518
approach4_mm2_run1,5589000,1779276293.666118
approach4_mm2_run1,5590000,1779276293.667717
approach4_mm2_run1,5591000,1779276293.669325
approach4_mm2_run1,5592000,1779276293.670929
approach4_mm2_run1,5593000,1779276293.809722
approach4_mm2_run1,5594000,1779276293.811304
approach4_mm2_run1,5595000,1779276293.812898
approach4_mm2_run1,5596000,1779276293.814506
approach4_mm2_run1,5597000,1779276293.816128
approach4_mm2_run1,5598000,1779276293.881866
approach4_mm2_run1,5599000,1779276293.883453
approach4_mm2_run1,5600000,1779276293.885092
approach4_mm2_run1,5601000,1779276293.886858
approach4_mm2_run1,5602000,1779276293.889112
approach4_mm2_run1,5603000,1779276293.890707
approach4_mm2_run1,5604000,1779276293.892300
approach4_mm2_run1,5605000,1779276293.893889
approach4_mm2_run1,5606000,1779276293.895502
approach4_mm2_run1,5607000,1779276293.897095
approach4_mm2_run1,5608000,1779276293.898731
approach4_mm2_run1,5609000,1779276293.980993
approach4_mm2_run1,5610000,1779276293.982584
approach4_mm2_run1,5611000,1779276293.984185
approach4_mm2_run1,5612000,1779276293.985804
approach4_mm2_run1,5613000,1779276293.987418
approach4_mm2_run1,5614000,1779276294.257921
approach4_mm2_run1,5615000,1779276294.259490
approach4_mm2_run1,5616000,1779276294.261102
approach4_mm2_run1,5617000,1779276294.262723
approach4_mm2_run1,5618000,1779276294.264323
approach4_mm2_run1,5619000,1779276294.265939
approach4_mm2_run1,5620000,1779276294.285109
approach4_mm2_run1,5621000,1779276294.286690
approach4_mm2_run1,5622000,1779276294.288268
approach4_mm2_run1,5623000,1779276294.289881
approach4_mm2_run1,5624000,1779276294.291490
approach4_mm2_run1,5625000,1779276294.360190
approach4_mm2_run1,5626000,1779276294.361784
approach4_mm2_run1,5627000,1779276294.363393
approach4_mm2_run1,5628000,1779276294.365026
approach4_mm2_run1,5629000,1779276294.366621
approach4_mm2_run1,5630000,1779276294.411177
approach4_mm2_run1,5631000,1779276294.412757
approach4_mm2_run1,5632000,1779276294.414347
approach4_mm2_run1,5633000,1779276294.415961
approach4_mm2_run1,5634000,1779276294.417547
approach4_mm2_run1,5635000,1779276294.539084
approach4_mm2_run1,5636000,1779276294.540655
approach4_mm2_run1,5637000,1779276294.542239
approach4_mm2_run1,5638000,1779276294.543848
approach4_mm2_run1,5639000,1779276294.545466
approach4_mm2_run1,5640000,1779276294.547068
approach4_mm2_run1,5641000,1779276294.614709
approach4_mm2_run1,5642000,1779276294.616335
approach4_mm2_run1,5643000,1779276294.617919
approach4_mm2_run1,5644000,1779276294.619539
approach4_mm2_run1,5645000,1779276294.621133
approach4_mm2_run1,5646000,1779276294.668044
approach4_mm2_run1,5647000,1779276294.669645
approach4_mm2_run1,5648000,1779276294.671246
approach4_mm2_run1,5649000,1779276294.672844
approach4_mm2_run1,5650000,1779276294.674441
approach4_mm2_run1,5651000,1779276294.725137
approach4_mm2_run1,5652000,1779276294.726729
approach4_mm2_run1,5653000,1779276294.728325
approach4_mm2_run1,5654000,1779276294.729901
approach4_mm2_run1,5655000,1779276294.731487
approach4_mm2_run1,5656000,1779276294.733047
approach4_mm2_run1,5657000,1779276295.006507
approach4_mm2_run1,5658000,1779276295.008092
approach4_mm2_run1,5659000,1779276295.009767
approach4_mm2_run1,5660000,1779276295.012112
approach4_mm2_run1,5661000,1779276295.013780
approach4_mm2_run1,5662000,1779276295.015386
approach4_mm2_run1,5663000,1779276295.016956
approach4_mm2_run1,5664000,1779276295.018537
approach4_mm2_run1,5665000,1779276295.020124
approach4_mm2_run1,5666000,1779276295.021732
approach4_mm2_run1,5667000,1779276295.087722
approach4_mm2_run1,5668000,1779276295.089322
approach4_mm2_run1,5669000,1779276295.090923
approach4_mm2_run1,5670000,1779276295.092504
approach4_mm2_run1,5671000,1779276295.094087
approach4_mm2_run1,5672000,1779276295.159364
approach4_mm2_run1,5673000,1779276295.160946
approach4_mm2_run1,5674000,1779276295.162536
approach4_mm2_run1,5675000,1779276295.164129
approach4_mm2_run1,5676000,1779276295.165744
approach4_mm2_run1,5677000,1779276295.167346
approach4_mm2_run1,5678000,1779276295.171360
approach4_mm2_run1,5679000,1779276295.269937
approach4_mm2_run1,5680000,1779276295.271545
approach4_mm2_run1,5681000,1779276295.273132
approach4_mm2_run1,5682000,1779276295.274700
approach4_mm2_run1,5683000,1779276295.276321
approach4_mm2_run1,5684000,1779276295.340762
approach4_mm2_run1,5685000,1779276295.342348
approach4_mm2_run1,5686000,1779276295.343953
approach4_mm2_run1,5687000,1779276295.345577
approach4_mm2_run1,5688000,1779276295.347177
approach4_mm2_run1,5689000,1779276295.455418
approach4_mm2_run1,5690000,1779276295.456971
approach4_mm2_run1,5691000,1779276295.458560
approach4_mm2_run1,5692000,1779276295.460134
approach4_mm2_run1,5693000,1779276295.461685
approach4_mm2_run1,5694000,1779276295.463295
approach4_mm2_run1,5695000,1779276295.472721
approach4_mm2_run1,5696000,1779276295.474313
approach4_mm2_run1,5697000,1779276295.475930
approach4_mm2_run1,5698000,1779276295.477535
approach4_mm2_run1,5699000,1779276295.479153
approach4_mm2_run1,5700000,1779276295.752957
approach4_mm2_run1,5701000,1779276295.754555
approach4_mm2_run1,5702000,1779276295.756180
approach4_mm2_run1,5703000,1779276295.757781
approach4_mm2_run1,5704000,1779276295.759397
approach4_mm2_run1,5705000,1779276295.817094
approach4_mm2_run1,5706000,1779276295.818689
approach4_mm2_run1,5707000,1779276295.820266
approach4_mm2_run1,5708000,1779276295.821823
approach4_mm2_run1,5709000,1779276295.823450
approach4_mm2_run1,5710000,1779276295.900893
approach4_mm2_run1,5711000,1779276295.902486
approach4_mm2_run1,5712000,1779276295.904080
approach4_mm2_run1,5713000,1779276295.905690
approach4_mm2_run1,5714000,1779276295.907347
approach4_mm2_run1,5715000,1779276295.909699
approach4_mm2_run1,5716000,1779276295.911387
approach4_mm2_run1,5717000,1779276295.912946
approach4_mm2_run1,5718000,1779276295.914533
approach4_mm2_run1,5719000,1779276295.916136
approach4_mm2_run1,5720000,1779276295.917720
approach4_mm2_run1,5721000,1779276295.999854
approach4_mm2_run1,5722000,1779276296.001437
approach4_mm2_run1,5723000,1779276296.003010
approach4_mm2_run1,5724000,1779276296.004592
approach4_mm2_run1,5725000,1779276296.006214
approach4_mm2_run1,5726000,1779276296.067059
approach4_mm2_run1,5727000,1779276296.068633
approach4_mm2_run1,5728000,1779276296.070217
approach4_mm2_run1,5729000,1779276296.071800
approach4_mm2_run1,5730000,1779276296.073395
approach4_mm2_run1,5731000,1779276296.075020
approach4_mm2_run1,5732000,1779276296.220723
approach4_mm2_run1,5733000,1779276296.222300
approach4_mm2_run1,5734000,1779276296.223907
approach4_mm2_run1,5735000,1779276296.225527
approach4_mm2_run1,5736000,1779276296.227156
approach4_mm2_run1,5737000,1779276296.237613
approach4_mm2_run1,5738000,1779276296.239208
approach4_mm2_run1,5739000,1779276296.240785
approach4_mm2_run1,5740000,1779276296.242370
approach4_mm2_run1,5741000,1779276296.243944
approach4_mm2_run1,5742000,1779276296.498632
approach4_mm2_run1,5743000,1779276296.500221
approach4_mm2_run1,5744000,1779276296.501791
approach4_mm2_run1,5745000,1779276296.503402
approach4_mm2_run1,5746000,1779276296.505025
approach4_mm2_run1,5747000,1779276296.545228
approach4_mm2_run1,5748000,1779276296.546804
approach4_mm2_run1,5749000,1779276296.548424
approach4_mm2_run1,5750000,1779276296.549999
approach4_mm2_run1,5751000,1779276296.551594
approach4_mm2_run1,5752000,1779276296.553188
approach4_mm2_run1,5753000,1779276296.630346
approach4_mm2_run1,5754000,1779276296.631936
approach4_mm2_run1,5755000,1779276296.633523
approach4_mm2_run1,5756000,1779276296.635161
approach4_mm2_run1,5757000,1779276296.636735
approach4_mm2_run1,5758000,1779276296.657308
approach4_mm2_run1,5759000,1779276296.658881
approach4_mm2_run1,5760000,1779276296.660462
approach4_mm2_run1,5761000,1779276296.662063
approach4_mm2_run1,5762000,1779276296.663646
approach4_mm2_run1,5763000,1779276296.729298
approach4_mm2_run1,5764000,1779276296.730861
approach4_mm2_run1,5765000,1779276296.732431
approach4_mm2_run1,5766000,1779276296.733996
approach4_mm2_run1,5767000,1779276296.735595
approach4_mm2_run1,5768000,1779276296.737178
approach4_mm2_run1,5769000,1779276296.795588
approach4_mm2_run1,5770000,1779276296.797184
approach4_mm2_run1,5771000,1779276296.798775
approach4_mm2_run1,5772000,1779276296.800334
approach4_mm2_run1,5773000,1779276296.801907
approach4_mm2_run1,5774000,1779276296.967113
approach4_mm2_run1,5775000,1779276296.968677
approach4_mm2_run1,5776000,1779276296.970244
approach4_mm2_run1,5777000,1779276296.971816
approach4_mm2_run1,5778000,1779276296.973388
approach4_mm2_run1,5779000,1779276297.023944
approach4_mm2_run1,5780000,1779276297.025561
approach4_mm2_run1,5781000,1779276297.027162
approach4_mm2_run1,5782000,1779276297.028757
approach4_mm2_run1,5783000,1779276297.030355
approach4_mm2_run1,5784000,1779276297.244681
approach4_mm2_run1,5785000,1779276297.246294
approach4_mm2_run1,5786000,1779276297.247886
approach4_mm2_run1,5787000,1779276297.249457
approach4_mm2_run1,5788000,1779276297.251045
approach4_mm2_run1,5789000,1779276297.252663
approach4_mm2_run1,5790000,1779276297.274985
approach4_mm2_run1,5791000,1779276297.276563
approach4_mm2_run1,5792000,1779276297.278116
approach4_mm2_run1,5793000,1779276297.279711
approach4_mm2_run1,5794000,1779276297.281307
approach4_mm2_run1,5795000,1779276297.357491
approach4_mm2_run1,5796000,1779276297.359104
approach4_mm2_run1,5797000,1779276297.360709
approach4_mm2_run1,5798000,1779276297.362300
approach4_mm2_run1,5799000,1779276297.363904
approach4_mm2_run1,5800000,1779276297.402444
approach4_mm2_run1,5801000,1779276297.404017
approach4_mm2_run1,5802000,1779276297.405611
approach4_mm2_run1,5803000,1779276297.407238
approach4_mm2_run1,5804000,1779276297.408832
approach4_mm2_run1,5805000,1779276297.476599
approach4_mm2_run1,5806000,1779276297.478181
approach4_mm2_run1,5807000,1779276297.479785
approach4_mm2_run1,5808000,1779276297.481370
approach4_mm2_run1,5809000,1779276297.482970
approach4_mm2_run1,5810000,1779276297.484560
approach4_mm2_run1,5811000,1779276297.522524
approach4_mm2_run1,5812000,1779276297.524146
approach4_mm2_run1,5813000,1779276297.525788
approach4_mm2_run1,5814000,1779276297.527377
approach4_mm2_run1,5815000,1779276297.528959
approach4_mm2_run1,5816000,1779276297.711876
approach4_mm2_run1,5817000,1779276297.713451
approach4_mm2_run1,5818000,1779276297.715103
approach4_mm2_run1,5819000,1779276297.716702
approach4_mm2_run1,5820000,1779276297.718274
approach4_mm2_run1,5821000,1779276297.809585
approach4_mm2_run1,5822000,1779276297.811177
approach4_mm2_run1,5823000,1779276297.812772
approach4_mm2_run1,5824000,1779276297.814385
approach4_mm2_run1,5825000,1779276297.816020
approach4_mm2_run1,5826000,1779276297.817606
approach4_mm2_run1,5827000,1779276298.003360
approach4_mm2_run1,5828000,1779276298.005072
approach4_mm2_run1,5829000,1779276298.007313
approach4_mm2_run1,5830000,1779276298.008890
approach4_mm2_run1,5831000,1779276298.010449
approach4_mm2_run1,5832000,1779276298.012027
approach4_mm2_run1,5833000,1779276298.013609
approach4_mm2_run1,5834000,1779276298.015225
approach4_mm2_run1,5835000,1779276298.016818
approach4_mm2_run1,5836000,1779276298.018419
approach4_mm2_run1,5837000,1779276298.084828
approach4_mm2_run1,5838000,1779276298.086434
approach4_mm2_run1,5839000,1779276298.088022
approach4_mm2_run1,5840000,1779276298.089574
approach4_mm2_run1,5841000,1779276298.091162
approach4_mm2_run1,5842000,1779276298.150598
approach4_mm2_run1,5843000,1779276298.152170
approach4_mm2_run1,5844000,1779276298.153741
approach4_mm2_run1,5845000,1779276298.155345
approach4_mm2_run1,5846000,1779276298.156913
approach4_mm2_run1,5847000,1779276298.158499
approach4_mm2_run1,5848000,1779276298.206812
approach4_mm2_run1,5849000,1779276298.208397
approach4_mm2_run1,5850000,1779276298.209977
approach4_mm2_run1,5851000,1779276298.211570
approach4_mm2_run1,5852000,1779276298.213171
approach4_mm2_run1,5853000,1779276298.247748
approach4_mm2_run1,5854000,1779276298.249312
approach4_mm2_run1,5855000,1779276298.250904
approach4_mm2_run1,5856000,1779276298.252480
approach4_mm2_run1,5857000,1779276298.254091
approach4_mm2_run1,5858000,1779276298.453924
approach4_mm2_run1,5859000,1779276298.455525
approach4_mm2_run1,5860000,1779276298.457126
approach4_mm2_run1,5861000,1779276298.458734
approach4_mm2_run1,5862000,1779276298.460314
approach4_mm2_run1,5863000,1779276298.461898
approach4_mm2_run1,5864000,1779276298.599995
approach4_mm2_run1,5865000,1779276298.601613
approach4_mm2_run1,5866000,1779276298.603223
approach4_mm2_run1,5867000,1779276298.604834
approach4_mm2_run1,5868000,1779276298.606409
approach4_mm2_run1,5869000,1779276298.731542
approach4_mm2_run1,5870000,1779276298.733115
approach4_mm2_run1,5871000,1779276298.734683
approach4_mm2_run1,5872000,1779276298.736290
approach4_mm2_run1,5873000,1779276298.737878
approach4_mm2_run1,5874000,1779276298.755632
approach4_mm2_run1,5875000,1779276298.757248
approach4_mm2_run1,5876000,1779276298.758879
approach4_mm2_run1,5877000,1779276298.760468
approach4_mm2_run1,5878000,1779276298.762059
approach4_mm2_run1,5879000,1779276298.813072
approach4_mm2_run1,5880000,1779276298.814669
approach4_mm2_run1,5881000,1779276298.816268
approach4_mm2_run1,5882000,1779276298.817822
approach4_mm2_run1,5883000,1779276298.819409
approach4_mm2_run1,5884000,1779276298.820970
approach4_mm2_run1,5885000,1779276298.905765
approach4_mm2_run1,5886000,1779276298.907378
approach4_mm2_run1,5887000,1779276298.908934
approach4_mm2_run1,5888000,1779276298.910528
approach4_mm2_run1,5889000,1779276298.912087
approach4_mm2_run1,5890000,1779276298.939200
approach4_mm2_run1,5891000,1779276298.940794
approach4_mm2_run1,5892000,1779276298.942395
approach4_mm2_run1,5893000,1779276298.943994
approach4_mm2_run1,5894000,1779276298.945613
approach4_mm2_run1,5895000,1779276298.975098
approach4_mm2_run1,5896000,1779276298.976686
approach4_mm2_run1,5897000,1779276298.978257
approach4_mm2_run1,5898000,1779276298.979845
approach4_mm2_run1,5899000,1779276298.981424
approach4_mm2_run1,5900000,1779276298.983060
approach4_mm2_run1,5901000,1779276299.202348
approach4_mm2_run1,5902000,1779276299.203917
approach4_mm2_run1,5903000,1779276299.205509
approach4_mm2_run1,5904000,1779276299.207092
approach4_mm2_run1,5905000,1779276299.208717
approach4_mm2_run1,5906000,1779276299.378734
approach4_mm2_run1,5907000,1779276299.380329
approach4_mm2_run1,5908000,1779276299.381940
approach4_mm2_run1,5909000,1779276299.383546
approach4_mm2_run1,5910000,1779276299.385147
approach4_mm2_run1,5911000,1779276299.459575
approach4_mm2_run1,5912000,1779276299.461175
approach4_mm2_run1,5913000,1779276299.462771
approach4_mm2_run1,5914000,1779276299.464359
approach4_mm2_run1,5915000,1779276299.465988
approach4_mm2_run1,5916000,1779276299.501168
approach4_mm2_run1,5917000,1779276299.502752
approach4_mm2_run1,5918000,1779276299.504347
approach4_mm2_run1,5919000,1779276299.505969
approach4_mm2_run1,5920000,1779276299.507594
approach4_mm2_run1,5921000,1779276299.509179
approach4_mm2_run1,5922000,1779276299.540860
approach4_mm2_run1,5923000,1779276299.542464
approach4_mm2_run1,5924000,1779276299.544057
approach4_mm2_run1,5925000,1779276299.545660
approach4_mm2_run1,5926000,1779276299.547279
approach4_mm2_run1,5927000,1779276299.650480
approach4_mm2_run1,5928000,1779276299.652072
approach4_mm2_run1,5929000,1779276299.653646
approach4_mm2_run1,5930000,1779276299.655290
approach4_mm2_run1,5931000,1779276299.656894
approach4_mm2_run1,5932000,1779276299.701081
approach4_mm2_run1,5933000,1779276299.702650
approach4_mm2_run1,5934000,1779276299.704224
approach4_mm2_run1,5935000,1779276299.705820
approach4_mm2_run1,5936000,1779276299.707419
approach4_mm2_run1,5937000,1779276299.948469
approach4_mm2_run1,5938000,1779276299.950113
approach4_mm2_run1,5939000,1779276299.951717
approach4_mm2_run1,5940000,1779276299.953321
approach4_mm2_run1,5941000,1779276299.954977
approach4_mm2_run1,5942000,1779276299.956594
approach4_mm2_run1,5943000,1779276300.008146
approach4_mm2_run1,5944000,1779276300.009735
approach4_mm2_run1,5945000,1779276300.011353
approach4_mm2_run1,5946000,1779276300.012936
approach4_mm2_run1,5947000,1779276300.014559
approach4_mm2_run1,5948000,1779276300.164180
approach4_mm2_run1,5949000,1779276300.165788
approach4_mm2_run1,5950000,1779276300.167392
approach4_mm2_run1,5951000,1779276300.168973
approach4_mm2_run1,5952000,1779276300.170590
approach4_mm2_run1,5953000,1779276300.187293
approach4_mm2_run1,5954000,1779276300.188881
approach4_mm2_run1,5955000,1779276300.190476
approach4_mm2_run1,5956000,1779276300.192075
approach4_mm2_run1,5957000,1779276300.193671
approach4_mm2_run1,5958000,1779276300.195293
approach4_mm2_run1,5959000,1779276300.248310
approach4_mm2_run1,5960000,1779276300.249889
approach4_mm2_run1,5961000,1779276300.251477
approach4_mm2_run1,5962000,1779276300.253053
approach4_mm2_run1,5963000,1779276300.254635
approach4_mm2_run1,5964000,1779276300.267749
approach4_mm2_run1,5965000,1779276300.269329
approach4_mm2_run1,5966000,1779276300.270912
approach4_mm2_run1,5967000,1779276300.272513
approach4_mm2_run1,5968000,1779276300.274084
approach4_mm2_run1,5969000,1779276300.397480
approach4_mm2_run1,5970000,1779276300.399092
approach4_mm2_run1,5971000,1779276300.400692
approach4_mm2_run1,5972000,1779276300.402273
approach4_mm2_run1,5973000,1779276300.403877
approach4_mm2_run1,5974000,1779276300.429691
approach4_mm2_run1,5975000,1779276300.431273
approach4_mm2_run1,5976000,1779276300.432847
approach4_mm2_run1,5977000,1779276300.434424
approach4_mm2_run1,5978000,1779276300.436023
approach4_mm2_run1,5979000,1779276300.437621
approach4_mm2_run1,5980000,1779276300.694607
approach4_mm2_run1,5981000,1779276300.696222
approach4_mm2_run1,5982000,1779276300.697801
approach4_mm2_run1,5983000,1779276300.699393
approach4_mm2_run1,5984000,1779276300.701001
approach4_mm2_run1,5985000,1779276300.738711
approach4_mm2_run1,5986000,1779276300.740296
approach4_mm2_run1,5987000,1779276300.741853
approach4_mm2_run1,5988000,1779276300.743475
approach4_mm2_run1,5989000,1779276300.745066
approach4_mm2_run1,5990000,1779276300.867934
approach4_mm2_run1,5991000,1779276300.869531
approach4_mm2_run1,5992000,1779276300.871136
approach4_mm2_run1,5993000,1779276300.872719
approach4_mm2_run1,5994000,1779276300.874269
approach4_mm2_run1,5995000,1779276300.916550
approach4_mm2_run1,5996000,1779276300.918134
approach4_mm2_run1,5997000,1779276300.919741
approach4_mm2_run1,5998000,1779276300.921327
approach4_mm2_run1,5999000,1779276300.922930
approach4_mm2_run1,6000000,1779276300.951700
approach4_mm2_run1,6001000,1779276300.953320
approach4_mm2_run1,6002000,1779276300.954963
approach4_mm2_run1,6003000,1779276300.956546
approach4_mm2_run1,6004000,1779276300.958126
approach4_mm2_run1,6005000,1779276301.003452
approach4_mm2_run1,6006000,1779276301.005047
approach4_mm2_run1,6007000,1779276301.006661
approach4_mm2_run1,6008000,1779276301.008232
approach4_mm2_run1,6009000,1779276301.009846
approach4_mm2_run1,6010000,1779276301.146164
approach4_mm2_run1,6011000,1779276301.147734
approach4_mm2_run1,6012000,1779276301.149329
approach4_mm2_run1,6013000,1779276301.150942
approach4_mm2_run1,6014000,1779276301.152531
approach4_mm2_run1,6015000,1779276301.154142
approach4_mm2_run1,6016000,1779276301.156766
approach4_mm2_run1,6017000,1779276301.158342
approach4_mm2_run1,6018000,1779276301.159919
approach4_mm2_run1,6019000,1779276301.161495
approach4_mm2_run1,6020000,1779276301.163085
approach4_mm2_run1,6021000,1779276301.437388
approach4_mm2_run1,6022000,1779276301.439001
approach4_mm2_run1,6023000,1779276301.440614
approach4_mm2_run1,6024000,1779276301.442218
approach4_mm2_run1,6025000,1779276301.443826
approach4_mm2_run1,6026000,1779276301.470081
approach4_mm2_run1,6027000,1779276301.471707
approach4_mm2_run1,6028000,1779276301.473286
approach4_mm2_run1,6029000,1779276301.474905
approach4_mm2_run1,6030000,1779276301.476501
approach4_mm2_run1,6031000,1779276301.478103
approach4_mm2_run1,6032000,1779276301.497455
approach4_mm2_run1,6033000,1779276301.499071
approach4_mm2_run1,6034000,1779276301.644261
approach4_mm2_run1,6035000,1779276301.645880
approach4_mm2_run1,6036000,1779276301.647498
approach4_mm2_run1,6037000,1779276301.649080
approach4_mm2_run1,6038000,1779276301.650701
approach4_mm2_run1,6039000,1779276301.743687
approach4_mm2_run1,6040000,1779276301.745324
approach4_mm2_run1,6041000,1779276301.747014
approach4_mm2_run1,6042000,1779276301.749399
approach4_mm2_run1,6043000,1779276301.751035
approach4_mm2_run1,6044000,1779276301.752613
approach4_mm2_run1,6045000,1779276301.754158
approach4_mm2_run1,6046000,1779276301.755768
approach4_mm2_run1,6047000,1779276301.757386
approach4_mm2_run1,6048000,1779276301.759007
approach4_mm2_run1,6049000,1779276301.881085
approach4_mm2_run1,6050000,1779276301.882694
approach4_mm2_run1,6051000,1779276301.884293
approach4_mm2_run1,6052000,1779276301.885930
approach4_mm2_run1,6053000,1779276301.887527
approach4_mm2_run1,6054000,1779276301.889094
approach4_mm2_run1,6055000,1779276301.898363
approach4_mm2_run1,6056000,1779276301.899949
approach4_mm2_run1,6057000,1779276301.901538
approach4_mm2_run1,6058000,1779276301.903133
approach4_mm2_run1,6059000,1779276301.904722
approach4_mm2_run1,6060000,1779276302.084128
approach4_mm2_run1,6061000,1779276302.085727
approach4_mm2_run1,6062000,1779276302.087338
approach4_mm2_run1,6063000,1779276302.088899
approach4_mm2_run1,6064000,1779276302.180028
approach4_mm2_run1,6065000,1779276302.181650
approach4_mm2_run1,6066000,1779276302.183257
approach4_mm2_run1,6067000,1779276302.184886
approach4_mm2_run1,6068000,1779276302.186498
approach4_mm2_run1,6069000,1779276302.200237
approach4_mm2_run1,6070000,1779276302.201826
approach4_mm2_run1,6071000,1779276302.203410
approach4_mm2_run1,6072000,1779276302.204993
approach4_mm2_run1,6073000,1779276302.206597
approach4_mm2_run1,6074000,1779276302.208155
approach4_mm2_run1,6075000,1779276302.371939
approach4_mm2_run1,6076000,1779276302.373535
approach4_mm2_run1,6077000,1779276302.375153
approach4_mm2_run1,6078000,1779276302.376741
approach4_mm2_run1,6079000,1779276302.378380
approach4_mm2_run1,6080000,1779276302.500158
approach4_mm2_run1,6081000,1779276302.501723
approach4_mm2_run1,6082000,1779276302.503322
approach4_mm2_run1,6083000,1779276302.504956
approach4_mm2_run1,6084000,1779276302.506546
approach4_mm2_run1,6085000,1779276302.520360
approach4_mm2_run1,6086000,1779276302.521953
approach4_mm2_run1,6087000,1779276302.523553
approach4_mm2_run1,6088000,1779276302.525137
approach4_mm2_run1,6089000,1779276302.526710
approach4_mm2_run1,6090000,1779276302.528293
approach4_mm2_run1,6091000,1779276302.609050
approach4_mm2_run1,6092000,1779276302.610625
approach4_mm2_run1,6093000,1779276302.612202
approach4_mm2_run1,6094000,1779276302.613781
approach4_mm2_run1,6095000,1779276302.615396
approach4_mm2_run1,6096000,1779276302.644371
approach4_mm2_run1,6097000,1779276302.645978
approach4_mm2_run1,6098000,1779276302.647558
approach4_mm2_run1,6099000,1779276302.649131
approach4_mm2_run1,6100000,1779276302.650756
approach4_mm2_run1,6101000,1779276302.669580
approach4_mm2_run1,6102000,1779276302.671173
approach4_mm2_run1,6103000,1779276302.672743
approach4_mm2_run1,6104000,1779276302.674344
approach4_mm2_run1,6105000,1779276302.923020
approach4_mm2_run1,6106000,1779276302.924588
approach4_mm2_run1,6107000,1779276302.926156
approach4_mm2_run1,6108000,1779276302.927774
approach4_mm2_run1,6109000,1779276302.929412
approach4_mm2_run1,6110000,1779276302.931848
approach4_mm2_run1,6111000,1779276302.933449
approach4_mm2_run1,6112000,1779276302.935046
approach4_mm2_run1,6113000,1779276302.936594
approach4_mm2_run1,6114000,1779276302.938165
approach4_mm2_run1,6115000,1779276302.939737
approach4_mm2_run1,6116000,1779276302.987746
approach4_mm2_run1,6117000,1779276302.989319
approach4_mm2_run1,6118000,1779276303.116371
approach4_mm2_run1,6119000,1779276303.117934
approach4_mm2_run1,6120000,1779276303.119527
approach4_mm2_run1,6121000,1779276303.121112
approach4_mm2_run1,6122000,1779276303.122715
approach4_mm2_run1,6123000,1779276303.124303
approach4_mm2_run1,6124000,1779276303.309512
approach4_mm2_run1,6125000,1779276303.311109
approach4_mm2_run1,6126000,1779276303.312689
approach4_mm2_run1,6127000,1779276303.314251
approach4_mm2_run1,6128000,1779276303.315912
approach4_mm2_run1,6129000,1779276303.335463
approach4_mm2_run1,6130000,1779276303.337043
approach4_mm2_run1,6131000,1779276303.338663
approach4_mm2_run1,6132000,1779276303.340265
approach4_mm2_run1,6133000,1779276303.341856
approach4_mm2_run1,6134000,1779276303.359470
approach4_mm2_run1,6135000,1779276303.361071
approach4_mm2_run1,6136000,1779276303.362680
approach4_mm2_run1,6137000,1779276303.389982
approach4_mm2_run1,6138000,1779276303.391571
approach4_mm2_run1,6139000,1779276303.393165
approach4_mm2_run1,6140000,1779276303.394766
approach4_mm2_run1,6141000,1779276303.396401
approach4_mm2_run1,6142000,1779276303.599552
approach4_mm2_run1,6143000,1779276303.601133
approach4_mm2_run1,6144000,1779276303.602745
approach4_mm2_run1,6145000,1779276303.604299
approach4_mm2_run1,6146000,1779276303.605936
approach4_mm2_run1,6147000,1779276303.661401
approach4_mm2_run1,6148000,1779276303.662980
approach4_mm2_run1,6149000,1779276303.664564
approach4_mm2_run1,6150000,1779276303.666178
approach4_mm2_run1,6151000,1779276303.667790
approach4_mm2_run1,6152000,1779276303.669507
approach4_mm2_run1,6153000,1779276303.672001
approach4_mm2_run1,6154000,1779276303.673593
approach4_mm2_run1,6155000,1779276303.675206
approach4_mm2_run1,6156000,1779276303.676803
approach4_mm2_run1,6157000,1779276303.678413
approach4_mm2_run1,6158000,1779276303.702385
approach4_mm2_run1,6159000,1779276303.703990
approach4_mm2_run1,6160000,1779276303.929396
approach4_mm2_run1,6161000,1779276303.930964
approach4_mm2_run1,6162000,1779276303.932579
approach4_mm2_run1,6163000,1779276304.062945
approach4_mm2_run1,6164000,1779276304.064548
approach4_mm2_run1,6165000,1779276304.066165
approach4_mm2_run1,6166000,1779276304.067781
approach4_mm2_run1,6167000,1779276304.069378
approach4_mm2_run1,6168000,1779276304.137009
approach4_mm2_run1,6169000,1779276304.138603
approach4_mm2_run1,6170000,1779276304.140207
approach4_mm2_run1,6171000,1779276304.141789
approach4_mm2_run1,6172000,1779276304.143394
approach4_mm2_run1,6173000,1779276304.175288
approach4_mm2_run1,6174000,1779276304.176858
approach4_mm2_run1,6175000,1779276304.178471
approach4_mm2_run1,6176000,1779276304.180082
approach4_mm2_run1,6177000,1779276304.181685
approach4_mm2_run1,6178000,1779276304.183274
approach4_mm2_run1,6179000,1779276304.213690
approach4_mm2_run1,6180000,1779276304.215323
approach4_mm2_run1,6181000,1779276304.393583
approach4_mm2_run1,6182000,1779276304.395251
approach4_mm2_run1,6183000,1779276304.396827
approach4_mm2_run1,6184000,1779276304.398430
approach4_mm2_run1,6185000,1779276304.400030
approach4_mm2_run1,6186000,1779276304.416004
approach4_mm2_run1,6187000,1779276304.417584
approach4_mm2_run1,6188000,1779276304.419210
approach4_mm2_run1,6189000,1779276304.420800
approach4_mm2_run1,6190000,1779276304.422400
approach4_mm2_run1,6191000,1779276304.432570
approach4_mm2_run1,6192000,1779276304.434149
approach4_mm2_run1,6193000,1779276304.435797
approach4_mm2_run1,6194000,1779276304.437393
approach4_mm2_run1,6195000,1779276304.439008
approach4_mm2_run1,6196000,1779276304.446565
approach4_mm2_run1,6197000,1779276304.448149
approach4_mm2_run1,6198000,1779276304.449689
approach4_mm2_run1,6199000,1779276304.451283
approach4_mm2_run1,6200000,1779276304.452880
approach4_mm2_run1,6201000,1779276304.454494
approach4_mm2_run1,6202000,1779276304.569563
approach4_mm2_run1,6203000,1779276304.571173
approach4_mm2_run1,6204000,1779276304.787229
approach4_mm2_run1,6205000,1779276304.788821
approach4_mm2_run1,6206000,1779276304.790421
approach4_mm2_run1,6207000,1779276304.792026
approach4_mm2_run1,6208000,1779276304.793628
approach4_mm2_run1,6209000,1779276304.890901
approach4_mm2_run1,6210000,1779276304.892503
approach4_mm2_run1,6211000,1779276304.894105
approach4_mm2_run1,6212000,1779276304.895730
approach4_mm2_run1,6213000,1779276304.897308
approach4_mm2_run1,6214000,1779276304.898902
approach4_mm2_run1,6215000,1779276304.908306
approach4_mm2_run1,6216000,1779276304.909890
approach4_mm2_run1,6217000,1779276304.911508
approach4_mm2_run1,6218000,1779276304.913117
approach4_mm2_run1,6219000,1779276304.914731
approach4_mm2_run1,6220000,1779276305.122627
approach4_mm2_run1,6221000,1779276305.124184
approach4_mm2_run1,6222000,1779276305.125788
approach4_mm2_run1,6223000,1779276305.127402
approach4_mm2_run1,6224000,1779276305.129006
approach4_mm2_run1,6225000,1779276305.160937
approach4_mm2_run1,6226000,1779276305.162547
approach4_mm2_run1,6227000,1779276305.164135
approach4_mm2_run1,6228000,1779276305.165734
approach4_mm2_run1,6229000,1779276305.167339
approach4_mm2_run1,6230000,1779276305.168949
approach4_mm2_run1,6231000,1779276305.231765
approach4_mm2_run1,6232000,1779276305.233331
approach4_mm2_run1,6233000,1779276305.234953
approach4_mm2_run1,6234000,1779276305.236565
approach4_mm2_run1,6235000,1779276305.238178
approach4_mm2_run1,6236000,1779276305.317948
approach4_mm2_run1,6237000,1779276305.319582
approach4_mm2_run1,6238000,1779276305.321161
approach4_mm2_run1,6239000,1779276305.322785
approach4_mm2_run1,6240000,1779276305.324370
approach4_mm2_run1,6241000,1779276305.511848
approach4_mm2_run1,6242000,1779276305.513477
approach4_mm2_run1,6243000,1779276305.515721
approach4_mm2_run1,6244000,1779276305.517460
approach4_mm2_run1,6245000,1779276305.519057
approach4_mm2_run1,6246000,1779276305.520663
approach4_mm2_run1,6247000,1779276305.522258
approach4_mm2_run1,6248000,1779276305.523844
approach4_mm2_run1,6249000,1779276305.525488
approach4_mm2_run1,6250000,1779276305.527105
approach4_mm2_run1,6251000,1779276305.528695
approach4_mm2_run1,6252000,1779276305.638395
approach4_mm2_run1,6253000,1779276305.640081
approach4_mm2_run1,6254000,1779276305.642377
approach4_mm2_run1,6255000,1779276305.643962
approach4_mm2_run1,6256000,1779276305.645566
approach4_mm2_run1,6257000,1779276305.647197
approach4_mm2_run1,6258000,1779276305.648781
approach4_mm2_run1,6259000,1779276305.650356
approach4_mm2_run1,6260000,1779276305.651930
approach4_mm2_run1,6261000,1779276305.653529
approach4_mm2_run1,6262000,1779276305.853445
approach4_mm2_run1,6263000,1779276305.855077
approach4_mm2_run1,6264000,1779276305.856661
approach4_mm2_run1,6265000,1779276305.858266
approach4_mm2_run1,6266000,1779276305.859864
approach4_mm2_run1,6267000,1779276305.861496
approach4_mm2_run1,6268000,1779276305.890983
approach4_mm2_run1,6269000,1779276305.892578
approach4_mm2_run1,6270000,1779276305.894163
approach4_mm2_run1,6271000,1779276305.895786
approach4_mm2_run1,6272000,1779276305.897384
approach4_mm2_run1,6273000,1779276306.018256
approach4_mm2_run1,6274000,1779276306.019873
approach4_mm2_run1,6275000,1779276306.021434
approach4_mm2_run1,6276000,1779276306.023032
approach4_mm2_run1,6277000,1779276306.024622
approach4_mm2_run1,6278000,1779276306.068771
approach4_mm2_run1,6279000,1779276306.070373
approach4_mm2_run1,6280000,1779276306.071952
approach4_mm2_run1,6281000,1779276306.073542
approach4_mm2_run1,6282000,1779276306.075180
approach4_mm2_run1,6283000,1779276306.242428
approach4_mm2_run1,6284000,1779276306.244030
approach4_mm2_run1,6285000,1779276306.245623
approach4_mm2_run1,6286000,1779276306.247216
approach4_mm2_run1,6287000,1779276306.248822
approach4_mm2_run1,6288000,1779276306.250419
approach4_mm2_run1,6289000,1779276306.257128
approach4_mm2_run1,6290000,1779276306.258736
approach4_mm2_run1,6291000,1779276306.260312
approach4_mm2_run1,6292000,1779276306.261914
approach4_mm2_run1,6293000,1779276306.263520
approach4_mm2_run1,6294000,1779276306.366705
approach4_mm2_run1,6295000,1779276306.368315
approach4_mm2_run1,6296000,1779276306.369899
approach4_mm2_run1,6297000,1779276306.371505
approach4_mm2_run1,6298000,1779276306.373119
approach4_mm2_run1,6299000,1779276306.383730
approach4_mm2_run1,6300000,1779276306.385321
approach4_mm2_run1,6301000,1779276306.386893
approach4_mm2_run1,6302000,1779276306.388467
approach4_mm2_run1,6303000,1779276306.390081
approach4_mm2_run1,6304000,1779276306.391656
approach4_mm2_run1,6305000,1779276306.585738
approach4_mm2_run1,6306000,1779276306.587309
approach4_mm2_run1,6307000,1779276306.588913
approach4_mm2_run1,6308000,1779276306.590536
approach4_mm2_run1,6309000,1779276306.592152
approach4_mm2_run1,6310000,1779276306.802625
approach4_mm2_run1,6311000,1779276306.804208
approach4_mm2_run1,6312000,1779276306.805825
approach4_mm2_run1,6313000,1779276306.807431
approach4_mm2_run1,6314000,1779276306.809026
approach4_mm2_run1,6315000,1779276306.818256
approach4_mm2_run1,6316000,1779276306.819832
approach4_mm2_run1,6317000,1779276306.821457
approach4_mm2_run1,6318000,1779276306.823042
approach4_mm2_run1,6319000,1779276306.824625
approach4_mm2_run1,6320000,1779276306.963500
approach4_mm2_run1,6321000,1779276306.965137
approach4_mm2_run1,6322000,1779276306.966978
approach4_mm2_run1,6323000,1779276306.969127
approach4_mm2_run1,6324000,1779276306.970735
approach4_mm2_run1,6325000,1779276306.972322
approach4_mm2_run1,6326000,1779276306.973902
approach4_mm2_run1,6327000,1779276306.975526
approach4_mm2_run1,6328000,1779276306.977112
approach4_mm2_run1,6329000,1779276306.978719
approach4_mm2_run1,6330000,1779276306.980345
approach4_mm2_run1,6331000,1779276307.001426
approach4_mm2_run1,6332000,1779276307.003034
approach4_mm2_run1,6333000,1779276307.004637
approach4_mm2_run1,6334000,1779276307.006251
approach4_mm2_run1,6335000,1779276307.007862
approach4_mm2_run1,6336000,1779276307.095068
approach4_mm2_run1,6337000,1779276307.096686
approach4_mm2_run1,6338000,1779276307.098246
approach4_mm2_run1,6339000,1779276307.099880
approach4_mm2_run1,6340000,1779276307.101468
approach4_mm2_run1,6341000,1779276307.131180
approach4_mm2_run1,6342000,1779276307.132784
approach4_mm2_run1,6343000,1779276307.134364
approach4_mm2_run1,6344000,1779276307.135983
approach4_mm2_run1,6345000,1779276307.137563
approach4_mm2_run1,6346000,1779276307.139163
approach4_mm2_run1,6347000,1779276307.316024
approach4_mm2_run1,6348000,1779276307.317621
approach4_mm2_run1,6349000,1779276307.319203
approach4_mm2_run1,6350000,1779276307.320763
approach4_mm2_run1,6351000,1779276307.322351
approach4_mm2_run1,6352000,1779276307.567164
approach4_mm2_run1,6353000,1779276307.568745
approach4_mm2_run1,6354000,1779276307.570323
approach4_mm2_run1,6355000,1779276307.571918
approach4_mm2_run1,6356000,1779276307.573544
approach4_mm2_run1,6357000,1779276307.589139
approach4_mm2_run1,6358000,1779276307.590738
approach4_mm2_run1,6359000,1779276307.592317
approach4_mm2_run1,6360000,1779276307.593914
approach4_mm2_run1,6361000,1779276307.595554
approach4_mm2_run1,6362000,1779276307.597157
approach4_mm2_run1,6363000,1779276307.692388
approach4_mm2_run1,6364000,1779276307.694691
approach4_mm2_run1,6365000,1779276307.696346
approach4_mm2_run1,6366000,1779276307.697940
approach4_mm2_run1,6367000,1779276307.699570
approach4_mm2_run1,6368000,1779276307.701164
approach4_mm2_run1,6369000,1779276307.702772
approach4_mm2_run1,6370000,1779276307.704350
approach4_mm2_run1,6371000,1779276307.706009
approach4_mm2_run1,6372000,1779276307.707653
approach4_mm2_run1,6373000,1779276307.745113
approach4_mm2_run1,6374000,1779276307.746715
approach4_mm2_run1,6375000,1779276307.748321
approach4_mm2_run1,6376000,1779276307.749929
approach4_mm2_run1,6377000,1779276307.751513
approach4_mm2_run1,6378000,1779276307.822833
approach4_mm2_run1,6379000,1779276307.824405
approach4_mm2_run1,6380000,1779276307.826051
approach4_mm2_run1,6381000,1779276307.827678
approach4_mm2_run1,6382000,1779276307.829293
approach4_mm2_run1,6383000,1779276307.830910
approach4_mm2_run1,6384000,1779276307.884369
approach4_mm2_run1,6385000,1779276307.885942
approach4_mm2_run1,6386000,1779276307.887556
approach4_mm2_run1,6387000,1779276307.889152
approach4_mm2_run1,6388000,1779276307.890774
approach4_mm2_run1,6389000,1779276308.045228
approach4_mm2_run1,6390000,1779276308.046832
approach4_mm2_run1,6391000,1779276308.048425
approach4_mm2_run1,6392000,1779276308.050021
approach4_mm2_run1,6393000,1779276308.051627
approach4_mm2_run1,6394000,1779276308.316050
approach4_mm2_run1,6395000,1779276308.317622
approach4_mm2_run1,6396000,1779276308.319222
approach4_mm2_run1,6397000,1779276308.320825
approach4_mm2_run1,6398000,1779276308.322445
approach4_mm2_run1,6399000,1779276308.324059
approach4_mm2_run1,6400000,1779276308.372864
approach4_mm2_run1,6401000,1779276308.374472
approach4_mm2_run1,6402000,1779276308.376096
approach4_mm2_run1,6403000,1779276308.377699
approach4_mm2_run1,6404000,1779276308.379319
approach4_mm2_run1,6405000,1779276308.420276
approach4_mm2_run1,6406000,1779276308.422351
approach4_mm2_run1,6407000,1779276308.424181
approach4_mm2_run1,6408000,1779276308.425810
approach4_mm2_run1,6409000,1779276308.427412
approach4_mm2_run1,6410000,1779276308.429020
approach4_mm2_run1,6411000,1779276308.430601
approach4_mm2_run1,6412000,1779276308.432200
approach4_mm2_run1,6413000,1779276308.433805
approach4_mm2_run1,6414000,1779276308.435443
approach4_mm2_run1,6415000,1779276308.491746
approach4_mm2_run1,6416000,1779276308.493345
approach4_mm2_run1,6417000,1779276308.494961
approach4_mm2_run1,6418000,1779276308.496590
approach4_mm2_run1,6419000,1779276308.498205
approach4_mm2_run1,6420000,1779276308.499796
approach4_mm2_run1,6421000,1779276308.553474
approach4_mm2_run1,6422000,1779276308.555110
approach4_mm2_run1,6423000,1779276308.556682
approach4_mm2_run1,6424000,1779276308.558320
approach4_mm2_run1,6425000,1779276308.559937
approach4_mm2_run1,6426000,1779276308.775038
approach4_mm2_run1,6427000,1779276308.776646
approach4_mm2_run1,6428000,1779276308.778243
approach4_mm2_run1,6429000,1779276308.779838
approach4_mm2_run1,6430000,1779276308.781428
approach4_mm2_run1,6431000,1779276308.870719
approach4_mm2_run1,6432000,1779276308.872322
approach4_mm2_run1,6433000,1779276308.873937
approach4_mm2_run1,6434000,1779276308.875578
approach4_mm2_run1,6435000,1779276308.971359
approach4_mm2_run1,6436000,1779276308.972960
approach4_mm2_run1,6437000,1779276308.974545
approach4_mm2_run1,6438000,1779276308.976162
approach4_mm2_run1,6439000,1779276308.977773
approach4_mm2_run1,6440000,1779276309.065736
approach4_mm2_run1,6441000,1779276309.067316
approach4_mm2_run1,6442000,1779276309.068906
approach4_mm2_run1,6443000,1779276309.070515
approach4_mm2_run1,6444000,1779276309.072106
approach4_mm2_run1,6445000,1779276309.146687
approach4_mm2_run1,6446000,1779276309.148280
approach4_mm2_run1,6447000,1779276309.149858
approach4_mm2_run1,6448000,1779276309.151464
approach4_mm2_run1,6449000,1779276309.153103
approach4_mm2_run1,6450000,1779276309.155919
approach4_mm2_run1,6451000,1779276309.157486
approach4_mm2_run1,6452000,1779276309.159083
approach4_mm2_run1,6453000,1779276309.160657
approach4_mm2_run1,6454000,1779276309.162256
approach4_mm2_run1,6455000,1779276309.163871
approach4_mm2_run1,6456000,1779276309.238358
approach4_mm2_run1,6457000,1779276309.239948
approach4_mm2_run1,6458000,1779276309.241549
approach4_mm2_run1,6459000,1779276309.243147
approach4_mm2_run1,6460000,1779276309.244733
approach4_mm2_run1,6461000,1779276309.281427
approach4_mm2_run1,6462000,1779276309.283009
approach4_mm2_run1,6463000,1779276309.284631
approach4_mm2_run1,6464000,1779276309.286247
approach4_mm2_run1,6465000,1779276309.287877
approach4_mm2_run1,6466000,1779276309.506690
approach4_mm2_run1,6467000,1779276309.508273
approach4_mm2_run1,6468000,1779276309.509861
approach4_mm2_run1,6469000,1779276309.511476
approach4_mm2_run1,6470000,1779276309.513057
approach4_mm2_run1,6471000,1779276309.719055
approach4_mm2_run1,6472000,1779276309.720650
approach4_mm2_run1,6473000,1779276309.722229
approach4_mm2_run1,6474000,1779276309.723815
approach4_mm2_run1,6475000,1779276309.725440
approach4_mm2_run1,6476000,1779276309.727062
approach4_mm2_run1,6477000,1779276309.815910
approach4_mm2_run1,6478000,1779276309.817496
approach4_mm2_run1,6479000,1779276309.819087
approach4_mm2_run1,6480000,1779276309.820695
approach4_mm2_run1,6481000,1779276309.822276
approach4_mm2_run1,6482000,1779276309.874875
approach4_mm2_run1,6483000,1779276309.876457
approach4_mm2_run1,6484000,1779276309.878062
approach4_mm2_run1,6485000,1779276309.879638
approach4_mm2_run1,6486000,1779276309.881218
approach4_mm2_run1,6487000,1779276309.942072
approach4_mm2_run1,6488000,1779276309.943654
approach4_mm2_run1,6489000,1779276309.945280
approach4_mm2_run1,6490000,1779276309.946874
approach4_mm2_run1,6491000,1779276309.948478
approach4_mm2_run1,6492000,1779276309.950084
approach4_mm2_run1,6493000,1779276309.982917
approach4_mm2_run1,6494000,1779276309.984521
approach4_mm2_run1,6495000,1779276309.986112
approach4_mm2_run1,6496000,1779276309.987727
approach4_mm2_run1,6497000,1779276309.989342
approach4_mm2_run1,6498000,1779276310.010730
approach4_mm2_run1,6499000,1779276310.012344
approach4_mm2_run1,6500000,1779276310.013950
approach4_mm2_run1,6501000,1779276310.015595
approach4_mm2_run1,6502000,1779276310.017190
approach4_mm2_run1,6503000,1779276310.236415
approach4_mm2_run1,6504000,1779276310.238007
approach4_mm2_run1,6505000,1779276310.239603
approach4_mm2_run1,6506000,1779276310.241188
approach4_mm2_run1,6507000,1779276310.242782
approach4_mm2_run1,6508000,1779276310.349300
approach4_mm2_run1,6509000,1779276310.350909
approach4_mm2_run1,6510000,1779276310.352495
approach4_mm2_run1,6511000,1779276310.354073
approach4_mm2_run1,6512000,1779276310.355720
approach4_mm2_run1,6513000,1779276310.357323
approach4_mm2_run1,6514000,1779276310.467458
approach4_mm2_run1,6515000,1779276310.469041
approach4_mm2_run1,6516000,1779276310.470608
approach4_mm2_run1,6517000,1779276310.472209
approach4_mm2_run1,6518000,1779276310.473800
approach4_mm2_run1,6519000,1779276310.475406
approach4_mm2_run1,6520000,1779276310.565557
approach4_mm2_run1,6521000,1779276310.567127
approach4_mm2_run1,6522000,1779276310.568733
approach4_mm2_run1,6523000,1779276310.570336
approach4_mm2_run1,6524000,1779276310.571943
approach4_mm2_run1,6525000,1779276310.727930
approach4_mm2_run1,6526000,1779276310.729529
approach4_mm2_run1,6527000,1779276310.731178
approach4_mm2_run1,6528000,1779276310.732825
approach4_mm2_run1,6529000,1779276310.735257
approach4_mm2_run1,6530000,1779276310.736918
approach4_mm2_run1,6531000,1779276310.739027
approach4_mm2_run1,6532000,1779276310.740926
approach4_mm2_run1,6533000,1779276310.742516
approach4_mm2_run1,6534000,1779276310.744088
approach4_mm2_run1,6535000,1779276310.745692
approach4_mm2_run1,6536000,1779276310.747308
approach4_mm2_run1,6537000,1779276310.748881
approach4_mm2_run1,6538000,1779276310.750466
approach4_mm2_run1,6539000,1779276310.752098
approach4_mm2_run1,6540000,1779276310.753693
approach4_mm2_run1,6541000,1779276310.949342
approach4_mm2_run1,6542000,1779276310.950968
approach4_mm2_run1,6543000,1779276310.952529
approach4_mm2_run1,6544000,1779276310.954110
approach4_mm2_run1,6545000,1779276310.955760
approach4_mm2_run1,6546000,1779276310.970133
approach4_mm2_run1,6547000,1779276310.971720
approach4_mm2_run1,6548000,1779276310.973274
approach4_mm2_run1,6549000,1779276310.974882
approach4_mm2_run1,6550000,1779276310.976470
approach4_mm2_run1,6551000,1779276311.176651
approach4_mm2_run1,6552000,1779276311.178231
approach4_mm2_run1,6553000,1779276311.179840
approach4_mm2_run1,6554000,1779276311.181429
approach4_mm2_run1,6555000,1779276311.183027
approach4_mm2_run1,6556000,1779276311.184597
approach4_mm2_run1,6557000,1779276311.215554
approach4_mm2_run1,6558000,1779276311.217136
approach4_mm2_run1,6559000,1779276311.218720
approach4_mm2_run1,6560000,1779276311.220331
approach4_mm2_run1,6561000,1779276311.221912
approach4_mm2_run1,6562000,1779276311.316459
approach4_mm2_run1,6563000,1779276311.318036
approach4_mm2_run1,6564000,1779276311.319653
approach4_mm2_run1,6565000,1779276311.321252
approach4_mm2_run1,6566000,1779276311.322852
approach4_mm2_run1,6567000,1779276311.447003
approach4_mm2_run1,6568000,1779276311.468295
approach4_mm2_run1,6569000,1779276311.469862
approach4_mm2_run1,6570000,1779276311.471499
approach4_mm2_run1,6571000,1779276311.473551
approach4_mm2_run1,6572000,1779276311.475466
approach4_mm2_run1,6573000,1779276311.477068
approach4_mm2_run1,6574000,1779276311.478664
approach4_mm2_run1,6575000,1779276311.480247
approach4_mm2_run1,6576000,1779276311.481819
approach4_mm2_run1,6577000,1779276311.483411
approach4_mm2_run1,6578000,1779276311.485023
approach4_mm2_run1,6579000,1779276311.520808
approach4_mm2_run1,6580000,1779276311.522417
approach4_mm2_run1,6581000,1779276311.523989
approach4_mm2_run1,6582000,1779276311.525586
approach4_mm2_run1,6583000,1779276311.527157
approach4_mm2_run1,6584000,1779276311.675932
approach4_mm2_run1,6585000,1779276311.677516
approach4_mm2_run1,6586000,1779276311.679090
approach4_mm2_run1,6587000,1779276311.680646
approach4_mm2_run1,6588000,1779276311.682230
approach4_mm2_run1,6589000,1779276311.699861
approach4_mm2_run1,6590000,1779276311.701441
approach4_mm2_run1,6591000,1779276311.703038
approach4_mm2_run1,6592000,1779276311.704618
approach4_mm2_run1,6593000,1779276311.706223
approach4_mm2_run1,6594000,1779276311.707820
approach4_mm2_run1,6595000,1779276311.905418
approach4_mm2_run1,6596000,1779276311.907036
approach4_mm2_run1,6597000,1779276311.908637
approach4_mm2_run1,6598000,1779276311.910219
approach4_mm2_run1,6599000,1779276311.911827
approach4_mm2_run1,6600000,1779276311.964670
approach4_mm2_run1,6601000,1779276311.966315
approach4_mm2_run1,6602000,1779276311.967894
approach4_mm2_run1,6603000,1779276311.969473
approach4_mm2_run1,6604000,1779276311.971088
approach4_mm2_run1,6605000,1779276312.001177
approach4_mm2_run1,6606000,1779276312.197011
approach4_mm2_run1,6607000,1779276312.198626
approach4_mm2_run1,6608000,1779276312.200224
approach4_mm2_run1,6609000,1779276312.201818
approach4_mm2_run1,6610000,1779276312.203438
approach4_mm2_run1,6611000,1779276312.219125
approach4_mm2_run1,6612000,1779276312.220727
approach4_mm2_run1,6613000,1779276312.222340
approach4_mm2_run1,6614000,1779276312.223903
approach4_mm2_run1,6615000,1779276312.225518
approach4_mm2_run1,6616000,1779276312.227134
approach4_mm2_run1,6617000,1779276312.306211
approach4_mm2_run1,6618000,1779276312.307823
approach4_mm2_run1,6619000,1779276312.309395
approach4_mm2_run1,6620000,1779276312.311003
approach4_mm2_run1,6621000,1779276312.312608
approach4_mm2_run1,6622000,1779276312.402412
approach4_mm2_run1,6623000,1779276312.403994
approach4_mm2_run1,6624000,1779276312.405607
approach4_mm2_run1,6625000,1779276312.407204
approach4_mm2_run1,6626000,1779276312.408803
approach4_mm2_run1,6627000,1779276312.432341
approach4_mm2_run1,6628000,1779276312.433933
approach4_mm2_run1,6629000,1779276312.435534
approach4_mm2_run1,6630000,1779276312.437125
approach4_mm2_run1,6631000,1779276312.438713
approach4_mm2_run1,6632000,1779276312.475049
approach4_mm2_run1,6633000,1779276312.476646
approach4_mm2_run1,6634000,1779276312.478203
approach4_mm2_run1,6635000,1779276312.633042
approach4_mm2_run1,6636000,1779276312.634656
approach4_mm2_run1,6637000,1779276312.636268
approach4_mm2_run1,6638000,1779276312.637842
approach4_mm2_run1,6639000,1779276312.639466
approach4_mm2_run1,6640000,1779276312.712498
approach4_mm2_run1,6641000,1779276312.714094
approach4_mm2_run1,6642000,1779276312.715710
approach4_mm2_run1,6643000,1779276312.717305
approach4_mm2_run1,6644000,1779276312.718894
approach4_mm2_run1,6645000,1779276312.720498
approach4_mm2_run1,6646000,1779276312.882139
approach4_mm2_run1,6647000,1779276312.883765
approach4_mm2_run1,6648000,1779276312.885397
approach4_mm2_run1,6649000,1779276312.926194
approach4_mm2_run1,6650000,1779276312.927767
approach4_mm2_run1,6651000,1779276312.929357
approach4_mm2_run1,6652000,1779276312.930987
approach4_mm2_run1,6653000,1779276312.932616
approach4_mm2_run1,6654000,1779276312.963732
approach4_mm2_run1,6655000,1779276312.965355
approach4_mm2_run1,6656000,1779276312.966936
approach4_mm2_run1,6657000,1779276312.968518
approach4_mm2_run1,6658000,1779276312.970098
approach4_mm2_run1,6659000,1779276313.085965
approach4_mm2_run1,6660000,1779276313.087559
approach4_mm2_run1,6661000,1779276313.089133
approach4_mm2_run1,6662000,1779276313.090754
approach4_mm2_run1,6663000,1779276313.092328
approach4_mm2_run1,6664000,1779276313.128204
approach4_mm2_run1,6665000,1779276313.129795
approach4_mm2_run1,6666000,1779276313.131374
approach4_mm2_run1,6667000,1779276313.132960
approach4_mm2_run1,6668000,1779276313.134524
approach4_mm2_run1,6669000,1779276313.136155
approach4_mm2_run1,6670000,1779276313.162298
approach4_mm2_run1,6671000,1779276313.163896
approach4_mm2_run1,6672000,1779276313.165476
approach4_mm2_run1,6673000,1779276313.167082
approach4_mm2_run1,6674000,1779276313.168680
approach4_mm2_run1,6675000,1779276313.253046
approach4_mm2_run1,6676000,1779276313.254637
approach4_mm2_run1,6677000,1779276313.256245
approach4_mm2_run1,6678000,1779276313.362471
approach4_mm2_run1,6679000,1779276313.364053
approach4_mm2_run1,6680000,1779276313.365683
approach4_mm2_run1,6681000,1779276313.367303
approach4_mm2_run1,6682000,1779276313.368891
approach4_mm2_run1,6683000,1779276313.462500
approach4_mm2_run1,6684000,1779276313.464072
approach4_mm2_run1,6685000,1779276313.465702
approach4_mm2_run1,6686000,1779276313.467265
approach4_mm2_run1,6687000,1779276313.468844
approach4_mm2_run1,6688000,1779276313.653508
approach4_mm2_run1,6689000,1779276313.655137
approach4_mm2_run1,6690000,1779276313.656709
approach4_mm2_run1,6691000,1779276313.658288
approach4_mm2_run1,6692000,1779276313.659891
approach4_mm2_run1,6693000,1779276313.662928
approach4_mm2_run1,6694000,1779276313.664505
approach4_mm2_run1,6695000,1779276313.666128
approach4_mm2_run1,6696000,1779276313.702018
approach4_mm2_run1,6697000,1779276313.703622
approach4_mm2_run1,6698000,1779276313.705237
approach4_mm2_run1,6699000,1779276313.706837
approach4_mm2_run1,6700000,1779276313.708436
approach4_mm2_run1,6701000,1779276313.710015
approach4_mm2_run1,6702000,1779276313.854779
approach4_mm2_run1,6703000,1779276313.856396
approach4_mm2_run1,6704000,1779276313.857979
approach4_mm2_run1,6705000,1779276313.859585
approach4_mm2_run1,6706000,1779276313.861187
approach4_mm2_run1,6707000,1779276313.862808
approach4_mm2_run1,6708000,1779276313.870475
approach4_mm2_run1,6709000,1779276313.872062
approach4_mm2_run1,6710000,1779276313.873650
approach4_mm2_run1,6711000,1779276313.875253
approach4_mm2_run1,6712000,1779276313.876832
approach4_mm2_run1,6713000,1779276313.891878
approach4_mm2_run1,6714000,1779276313.893461
approach4_mm2_run1,6715000,1779276313.895110
approach4_mm2_run1,6716000,1779276313.896675
approach4_mm2_run1,6717000,1779276313.898279
approach4_mm2_run1,6718000,1779276314.091738
approach4_mm2_run1,6719000,1779276314.093338
approach4_mm2_run1,6720000,1779276314.094974
approach4_mm2_run1,6721000,1779276314.096572
approach4_mm2_run1,6722000,1779276314.098154
approach4_mm2_run1,6723000,1779276314.108954
approach4_mm2_run1,6724000,1779276314.110520
approach4_mm2_run1,6725000,1779276314.112104
approach4_mm2_run1,6726000,1779276314.207953
approach4_mm2_run1,6727000,1779276314.209524
approach4_mm2_run1,6728000,1779276314.211120
approach4_mm2_run1,6729000,1779276314.212713
approach4_mm2_run1,6730000,1779276314.214319
approach4_mm2_run1,6731000,1779276314.382983
approach4_mm2_run1,6732000,1779276314.384570
approach4_mm2_run1,6733000,1779276314.386205
approach4_mm2_run1,6734000,1779276314.387787
approach4_mm2_run1,6735000,1779276314.389395
approach4_mm2_run1,6736000,1779276314.448544
approach4_mm2_run1,6737000,1779276314.450142
approach4_mm2_run1,6738000,1779276314.451742
approach4_mm2_run1,6739000,1779276314.453317
approach4_mm2_run1,6740000,1779276314.454901
approach4_mm2_run1,6741000,1779276314.456508
approach4_mm2_run1,6742000,1779276314.582402
approach4_mm2_run1,6743000,1779276314.583978
approach4_mm2_run1,6744000,1779276314.585589
approach4_mm2_run1,6745000,1779276314.587188
approach4_mm2_run1,6746000,1779276314.588795
approach4_mm2_run1,6747000,1779276314.621481
approach4_mm2_run1,6748000,1779276314.623067
approach4_mm2_run1,6749000,1779276314.624671
approach4_mm2_run1,6750000,1779276314.626271
approach4_mm2_run1,6751000,1779276314.627880
approach4_mm2_run1,6752000,1779276314.657571
approach4_mm2_run1,6753000,1779276314.659159
approach4_mm2_run1,6754000,1779276314.660757
approach4_mm2_run1,6755000,1779276314.662346
approach4_mm2_run1,6756000,1779276314.663942
approach4_mm2_run1,6757000,1779276314.665554
approach4_mm2_run1,6758000,1779276314.800020
approach4_mm2_run1,6759000,1779276314.801607
approach4_mm2_run1,6760000,1779276314.803207
approach4_mm2_run1,6761000,1779276314.804790
approach4_mm2_run1,6762000,1779276314.822454
approach4_mm2_run1,6763000,1779276314.824052
approach4_mm2_run1,6764000,1779276314.825640
approach4_mm2_run1,6765000,1779276314.827242
approach4_mm2_run1,6766000,1779276314.828838
approach4_mm2_run1,6767000,1779276314.830430
approach4_mm2_run1,6768000,1779276314.957625
approach4_mm2_run1,6769000,1779276314.959218
approach4_mm2_run1,6770000,1779276314.960798
approach4_mm2_run1,6771000,1779276314.962419
approach4_mm2_run1,6772000,1779276314.964017
approach4_mm2_run1,6773000,1779276315.114410
approach4_mm2_run1,6774000,1779276315.116019
approach4_mm2_run1,6775000,1779276315.117617
approach4_mm2_run1,6776000,1779276315.119231
approach4_mm2_run1,6777000,1779276315.120834
approach4_mm2_run1,6778000,1779276315.195942
approach4_mm2_run1,6779000,1779276315.197543
approach4_mm2_run1,6780000,1779276315.199145
approach4_mm2_run1,6781000,1779276315.200727
approach4_mm2_run1,6782000,1779276315.202323
approach4_mm2_run1,6783000,1779276315.203954
approach4_mm2_run1,6784000,1779276315.308635
approach4_mm2_run1,6785000,1779276315.310241
approach4_mm2_run1,6786000,1779276315.311838
approach4_mm2_run1,6787000,1779276315.313414
approach4_mm2_run1,6788000,1779276315.315049
approach4_mm2_run1,6789000,1779276315.352905
approach4_mm2_run1,6790000,1779276315.354509
approach4_mm2_run1,6791000,1779276315.356133
approach4_mm2_run1,6792000,1779276315.357726
approach4_mm2_run1,6793000,1779276315.359334
approach4_mm2_run1,6794000,1779276315.546953
approach4_mm2_run1,6795000,1779276315.548557
approach4_mm2_run1,6796000,1779276315.550616
approach4_mm2_run1,6797000,1779276315.552503
approach4_mm2_run1,6798000,1779276315.554075
approach4_mm2_run1,6799000,1779276315.555700
approach4_mm2_run1,6800000,1779276315.557265
approach4_mm2_run1,6801000,1779276315.558869
approach4_mm2_run1,6802000,1779276315.560468
approach4_mm2_run1,6803000,1779276315.562059
approach4_mm2_run1,6804000,1779276315.563661
approach4_mm2_run1,6805000,1779276315.707358
approach4_mm2_run1,6806000,1779276315.708930
approach4_mm2_run1,6807000,1779276315.710535
approach4_mm2_run1,6808000,1779276315.712137
approach4_mm2_run1,6809000,1779276315.713736
approach4_mm2_run1,6810000,1779276315.787144
approach4_mm2_run1,6811000,1779276315.788717
approach4_mm2_run1,6812000,1779276315.790323
approach4_mm2_run1,6813000,1779276315.791902
approach4_mm2_run1,6814000,1779276315.793499
approach4_mm2_run1,6815000,1779276315.842369
approach4_mm2_run1,6816000,1779276315.843956
approach4_mm2_run1,6817000,1779276315.845537
approach4_mm2_run1,6818000,1779276315.847182
approach4_mm2_run1,6819000,1779276315.848774
approach4_mm2_run1,6820000,1779276316.033840
approach4_mm2_run1,6821000,1779276316.035458
approach4_mm2_run1,6822000,1779276316.037034
approach4_mm2_run1,6823000,1779276316.038645
approach4_mm2_run1,6824000,1779276316.040214
approach4_mm2_run1,6825000,1779276316.041816
approach4_mm2_run1,6826000,1779276316.083429
approach4_mm2_run1,6827000,1779276316.085019
approach4_mm2_run1,6828000,1779276316.086616
approach4_mm2_run1,6829000,1779276316.088168
approach4_mm2_run1,6830000,1779276316.089744
approach4_mm2_run1,6831000,1779276316.280034
approach4_mm2_run1,6832000,1779276316.281659
approach4_mm2_run1,6833000,1779276316.283277
approach4_mm2_run1,6834000,1779276316.285665
approach4_mm2_run1,6835000,1779276316.287263
approach4_mm2_run1,6836000,1779276316.288849
approach4_mm2_run1,6837000,1779276316.290422
approach4_mm2_run1,6838000,1779276316.291982
approach4_mm2_run1,6839000,1779276316.293566
approach4_mm2_run1,6840000,1779276316.295194
approach4_mm2_run1,6841000,1779276316.296830
approach4_mm2_run1,6842000,1779276316.300279
approach4_mm2_run1,6843000,1779276316.301881
approach4_mm2_run1,6844000,1779276316.303475
approach4_mm2_run1,6845000,1779276316.305074
approach4_mm2_run1,6846000,1779276316.306696
approach4_mm2_run1,6847000,1779276316.456034
approach4_mm2_run1,6848000,1779276316.457619
approach4_mm2_run1,6849000,1779276316.459217
approach4_mm2_run1,6850000,1779276316.460814
approach4_mm2_run1,6851000,1779276316.462427
approach4_mm2_run1,6852000,1779276316.559382
approach4_mm2_run1,6853000,1779276316.560957
approach4_mm2_run1,6854000,1779276316.562561
approach4_mm2_run1,6855000,1779276316.564143
approach4_mm2_run1,6856000,1779276316.565747
approach4_mm2_run1,6857000,1779276316.570151
approach4_mm2_run1,6858000,1779276316.571739
approach4_mm2_run1,6859000,1779276316.573338
approach4_mm2_run1,6860000,1779276316.574978
approach4_mm2_run1,6861000,1779276316.576569
approach4_mm2_run1,6862000,1779276316.578182
approach4_mm2_run1,6863000,1779276316.760861
approach4_mm2_run1,6864000,1779276316.762463
approach4_mm2_run1,6865000,1779276316.764060
approach4_mm2_run1,6866000,1779276316.765658
approach4_mm2_run1,6867000,1779276316.767271
approach4_mm2_run1,6868000,1779276316.814451
approach4_mm2_run1,6869000,1779276316.816027
approach4_mm2_run1,6870000,1779276316.817604
approach4_mm2_run1,6871000,1779276316.819216
approach4_mm2_run1,6872000,1779276316.820809
approach4_mm2_run1,6873000,1779276316.928312
approach4_mm2_run1,6874000,1779276316.929875
approach4_mm2_run1,6875000,1779276316.931470
approach4_mm2_run1,6876000,1779276316.933053
approach4_mm2_run1,6877000,1779276316.934641
approach4_mm2_run1,6878000,1779276317.030063
approach4_mm2_run1,6879000,1779276317.031660
approach4_mm2_run1,6880000,1779276317.033282
approach4_mm2_run1,6881000,1779276317.034914
approach4_mm2_run1,6882000,1779276317.036501
approach4_mm2_run1,6883000,1779276317.046863
approach4_mm2_run1,6884000,1779276317.048462
approach4_mm2_run1,6885000,1779276317.050047
approach4_mm2_run1,6886000,1779276317.051636
approach4_mm2_run1,6887000,1779276317.053234
approach4_mm2_run1,6888000,1779276317.054855
approach4_mm2_run1,6889000,1779276317.202610
approach4_mm2_run1,6890000,1779276317.204185
approach4_mm2_run1,6891000,1779276317.205795
approach4_mm2_run1,6892000,1779276317.207385
approach4_mm2_run1,6893000,1779276317.209021
approach4_mm2_run1,6894000,1779276317.299564
approach4_mm2_run1,6895000,1779276317.301196
approach4_mm2_run1,6896000,1779276317.302801
approach4_mm2_run1,6897000,1779276317.304392
approach4_mm2_run1,6898000,1779276317.306056
approach4_mm2_run1,6899000,1779276317.350957
approach4_mm2_run1,6900000,1779276317.352526
approach4_mm2_run1,6901000,1779276317.354104
approach4_mm2_run1,6902000,1779276317.355732
approach4_mm2_run1,6903000,1779276317.357335
approach4_mm2_run1,6904000,1779276317.486163
approach4_mm2_run1,6905000,1779276317.487785
approach4_mm2_run1,6906000,1779276317.489386
approach4_mm2_run1,6907000,1779276317.490964
approach4_mm2_run1,6908000,1779276317.492569
approach4_mm2_run1,6909000,1779276317.494175
approach4_mm2_run1,6910000,1779276317.547261
approach4_mm2_run1,6911000,1779276317.549240
approach4_mm2_run1,6912000,1779276317.551321
approach4_mm2_run1,6913000,1779276317.552927
approach4_mm2_run1,6914000,1779276317.554502
approach4_mm2_run1,6915000,1779276317.556114
approach4_mm2_run1,6916000,1779276317.557687
approach4_mm2_run1,6917000,1779276317.559299
approach4_mm2_run1,6918000,1779276317.560907
approach4_mm2_run1,6919000,1779276317.774439
approach4_mm2_run1,6920000,1779276317.776057
approach4_mm2_run1,6921000,1779276317.777649
approach4_mm2_run1,6922000,1779276317.779249
approach4_mm2_run1,6923000,1779276317.780834
approach4_mm2_run1,6924000,1779276317.782435
approach4_mm2_run1,6925000,1779276317.795544
approach4_mm2_run1,6926000,1779276317.797122
approach4_mm2_run1,6927000,1779276317.798699
approach4_mm2_run1,6928000,1779276317.800282
approach4_mm2_run1,6929000,1779276317.801873
approach4_mm2_run1,6930000,1779276317.951544
approach4_mm2_run1,6931000,1779276317.953095
approach4_mm2_run1,6932000,1779276317.954679
approach4_mm2_run1,6933000,1779276317.956283
approach4_mm2_run1,6934000,1779276317.957862
approach4_mm2_run1,6935000,1779276318.027584
approach4_mm2_run1,6936000,1779276318.029191
approach4_mm2_run1,6937000,1779276318.030771
approach4_mm2_run1,6938000,1779276318.032386
approach4_mm2_run1,6939000,1779276318.033981
approach4_mm2_run1,6940000,1779276318.035618
approach4_mm2_run1,6941000,1779276318.142501
approach4_mm2_run1,6942000,1779276318.144061
approach4_mm2_run1,6943000,1779276318.145649
approach4_mm2_run1,6944000,1779276318.147253
approach4_mm2_run1,6945000,1779276318.148842
approach4_mm2_run1,6946000,1779276318.213653
approach4_mm2_run1,6947000,1779276318.215276
approach4_mm2_run1,6948000,1779276318.216867
approach4_mm2_run1,6949000,1779276318.218470
approach4_mm2_run1,6950000,1779276318.220075
approach4_mm2_run1,6951000,1779276318.273589
approach4_mm2_run1,6952000,1779276318.275225
approach4_mm2_run1,6953000,1779276318.276826
approach4_mm2_run1,6954000,1779276318.278422
approach4_mm2_run1,6955000,1779276318.280045
approach4_mm2_run1,6956000,1779276318.518126
approach4_mm2_run1,6957000,1779276318.519720
approach4_mm2_run1,6958000,1779276318.521312
approach4_mm2_run1,6959000,1779276318.522906
approach4_mm2_run1,6960000,1779276318.524487
approach4_mm2_run1,6961000,1779276318.526119
approach4_mm2_run1,6962000,1779276318.547099
approach4_mm2_run1,6963000,1779276318.548698
approach4_mm2_run1,6964000,1779276318.550311
approach4_mm2_run1,6965000,1779276318.551904
approach4_mm2_run1,6966000,1779276318.553523
approach4_mm2_run1,6967000,1779276318.623457
approach4_mm2_run1,6968000,1779276318.625078
approach4_mm2_run1,6969000,1779276318.626701
approach4_mm2_run1,6970000,1779276318.628298
approach4_mm2_run1,6971000,1779276318.629914
approach4_mm2_run1,6972000,1779276318.699917
approach4_mm2_run1,6973000,1779276318.701490
approach4_mm2_run1,6974000,1779276318.703062
approach4_mm2_run1,6975000,1779276318.704641
approach4_mm2_run1,6976000,1779276318.706239
approach4_mm2_run1,6977000,1779276318.755548
approach4_mm2_run1,6978000,1779276318.757112
approach4_mm2_run1,6979000,1779276318.758709
approach4_mm2_run1,6980000,1779276318.760303
approach4_mm2_run1,6981000,1779276318.761891
approach4_mm2_run1,6982000,1779276318.763500
approach4_mm2_run1,6983000,1779276318.918272
approach4_mm2_run1,6984000,1779276318.919862
approach4_mm2_run1,6985000,1779276318.921438
approach4_mm2_run1,6986000,1779276318.923026
approach4_mm2_run1,6987000,1779276318.924602
approach4_mm2_run1,6988000,1779276318.939688
approach4_mm2_run1,6989000,1779276318.941267
approach4_mm2_run1,6990000,1779276318.942838
approach4_mm2_run1,6991000,1779276318.944423
approach4_mm2_run1,6992000,1779276318.946031
approach4_mm2_run1,6993000,1779276319.000564
approach4_mm2_run1,6994000,1779276319.002153
approach4_mm2_run1,6995000,1779276319.003747
approach4_mm2_run1,6996000,1779276319.005389
approach4_mm2_run1,6997000,1779276319.007007
approach4_mm2_run1,6998000,1779276319.008600
approach4_mm2_run1,6999000,1779276319.266878
approach4_mm2_run1,7000000,1779276319.268490
approach4_mm2_run1,7001000,1779276319.270106
approach4_mm2_run1,7002000,1779276319.271706
approach4_mm2_run1,7003000,1779276319.273311
approach4_mm2_run1,7004000,1779276319.353857
approach4_mm2_run1,7005000,1779276319.355462
approach4_mm2_run1,7006000,1779276319.357037
approach4_mm2_run1,7007000,1779276319.358638
approach4_mm2_run1,7008000,1779276319.360231
approach4_mm2_run1,7009000,1779276319.451843
approach4_mm2_run1,7010000,1779276319.453449
approach4_mm2_run1,7011000,1779276319.455076
approach4_mm2_run1,7012000,1779276319.456667
approach4_mm2_run1,7013000,1779276319.458255
approach4_mm2_run1,7014000,1779276319.644384
approach4_mm2_run1,7015000,1779276319.645996
approach4_mm2_run1,7016000,1779276319.647608
approach4_mm2_run1,7017000,1779276319.649213
approach4_mm2_run1,7018000,1779276319.650814
approach4_mm2_run1,7019000,1779276319.652403
approach4_mm2_run1,7020000,1779276319.666911
approach4_mm2_run1,7021000,1779276319.668501
approach4_mm2_run1,7022000,1779276319.670092
approach4_mm2_run1,7023000,1779276319.671697
approach4_mm2_run1,7024000,1779276319.673273
approach4_mm2_run1,7025000,1779276319.707954
approach4_mm2_run1,7026000,1779276319.709548
approach4_mm2_run1,7027000,1779276319.711145
approach4_mm2_run1,7028000,1779276319.712759
approach4_mm2_run1,7029000,1779276319.714375
approach4_mm2_run1,7030000,1779276319.729630
approach4_mm2_run1,7031000,1779276319.731211
approach4_mm2_run1,7032000,1779276319.732800
approach4_mm2_run1,7033000,1779276319.734385
approach4_mm2_run1,7034000,1779276319.736004
approach4_mm2_run1,7035000,1779276319.737613
approach4_mm2_run1,7036000,1779276319.832073
approach4_mm2_run1,7037000,1779276319.833670
approach4_mm2_run1,7038000,1779276319.835325
approach4_mm2_run1,7039000,1779276319.836928
approach4_mm2_run1,7040000,1779276319.838536
approach4_mm2_run1,7041000,1779276320.011615
approach4_mm2_run1,7042000,1779276320.013217
approach4_mm2_run1,7043000,1779276320.014851
approach4_mm2_run1,7044000,1779276320.016437
approach4_mm2_run1,7045000,1779276320.018047
approach4_mm2_run1,7046000,1779276320.084452
approach4_mm2_run1,7047000,1779276320.086059
approach4_mm2_run1,7048000,1779276320.087623
approach4_mm2_run1,7049000,1779276320.089212
approach4_mm2_run1,7050000,1779276320.090819
approach4_mm2_run1,7051000,1779276320.195175
approach4_mm2_run1,7052000,1779276320.196748
approach4_mm2_run1,7053000,1779276320.198347
approach4_mm2_run1,7054000,1779276320.199951
approach4_mm2_run1,7055000,1779276320.201547
approach4_mm2_run1,7056000,1779276320.203148
approach4_mm2_run1,7057000,1779276320.394859
approach4_mm2_run1,7058000,1779276320.397140
approach4_mm2_run1,7059000,1779276320.398786
approach4_mm2_run1,7060000,1779276320.400378
approach4_mm2_run1,7061000,1779276320.401941
approach4_mm2_run1,7062000,1779276320.403557
approach4_mm2_run1,7063000,1779276320.405171
approach4_mm2_run1,7064000,1779276320.406782
approach4_mm2_run1,7065000,1779276320.408380
approach4_mm2_run1,7066000,1779276320.409950
approach4_mm2_run1,7067000,1779276320.459013
approach4_mm2_run1,7068000,1779276320.460589
approach4_mm2_run1,7069000,1779276320.462183
approach4_mm2_run1,7070000,1779276320.463769
approach4_mm2_run1,7071000,1779276320.465396
approach4_mm2_run1,7072000,1779276320.467007
approach4_mm2_run1,7073000,1779276320.497478
approach4_mm2_run1,7074000,1779276320.499038
approach4_mm2_run1,7075000,1779276320.500653
approach4_mm2_run1,7076000,1779276320.502251
approach4_mm2_run1,7077000,1779276320.503866
approach4_mm2_run1,7078000,1779276320.561763
approach4_mm2_run1,7079000,1779276320.563365
approach4_mm2_run1,7080000,1779276320.564972
approach4_mm2_run1,7081000,1779276320.566578
approach4_mm2_run1,7082000,1779276320.568176
approach4_mm2_run1,7083000,1779276320.757291
approach4_mm2_run1,7084000,1779276320.758911
approach4_mm2_run1,7085000,1779276320.760497
approach4_mm2_run1,7086000,1779276320.762100
approach4_mm2_run1,7087000,1779276320.763707
approach4_mm2_run1,7088000,1779276320.816712
approach4_mm2_run1,7089000,1779276320.818288
approach4_mm2_run1,7090000,1779276320.819901
approach4_mm2_run1,7091000,1779276320.821477
approach4_mm2_run1,7092000,1779276320.823117
approach4_mm2_run1,7093000,1779276320.824723
approach4_mm2_run1,7094000,1779276320.942858
approach4_mm2_run1,7095000,1779276320.944440
approach4_mm2_run1,7096000,1779276320.946033
approach4_mm2_run1,7097000,1779276320.947636
approach4_mm2_run1,7098000,1779276320.949239
approach4_mm2_run1,7099000,1779276321.121177
approach4_mm2_run1,7100000,1779276321.122792
approach4_mm2_run1,7101000,1779276321.124386
approach4_mm2_run1,7102000,1779276321.126003
approach4_mm2_run1,7103000,1779276321.127601
approach4_mm2_run1,7104000,1779276321.143486
approach4_mm2_run1,7105000,1779276321.145095
approach4_mm2_run1,7106000,1779276321.146671
approach4_mm2_run1,7107000,1779276321.148266
approach4_mm2_run1,7108000,1779276321.149888
approach4_mm2_run1,7109000,1779276321.186049
approach4_mm2_run1,7110000,1779276321.187615
approach4_mm2_run1,7111000,1779276321.189214
approach4_mm2_run1,7112000,1779276321.190825
approach4_mm2_run1,7113000,1779276321.192414
approach4_mm2_run1,7114000,1779276321.194005
approach4_mm2_run1,7115000,1779276321.275875
approach4_mm2_run1,7116000,1779276321.277475
approach4_mm2_run1,7117000,1779276321.279066
approach4_mm2_run1,7118000,1779276321.280646
approach4_mm2_run1,7119000,1779276321.282248
approach4_mm2_run1,7120000,1779276321.289773
approach4_mm2_run1,7121000,1779276321.291362
approach4_mm2_run1,7122000,1779276321.292970
approach4_mm2_run1,7123000,1779276321.294591
approach4_mm2_run1,7124000,1779276321.296225
approach4_mm2_run1,7125000,1779276321.501489
approach4_mm2_run1,7126000,1779276321.503108
approach4_mm2_run1,7127000,1779276321.504692
approach4_mm2_run1,7128000,1779276321.506328
approach4_mm2_run1,7129000,1779276321.507915
approach4_mm2_run1,7130000,1779276321.509520
approach4_mm2_run1,7131000,1779276321.548467
approach4_mm2_run1,7132000,1779276321.550065
approach4_mm2_run1,7133000,1779276321.551661
approach4_mm2_run1,7134000,1779276321.553240
approach4_mm2_run1,7135000,1779276321.554868
approach4_mm2_run1,7136000,1779276321.690520
approach4_mm2_run1,7137000,1779276321.692122
approach4_mm2_run1,7138000,1779276321.693702
approach4_mm2_run1,7139000,1779276321.695348
approach4_mm2_run1,7140000,1779276321.696926
approach4_mm2_run1,7141000,1779276321.847959
approach4_mm2_run1,7142000,1779276321.849554
approach4_mm2_run1,7143000,1779276321.851176
approach4_mm2_run1,7144000,1779276321.852756
approach4_mm2_run1,7145000,1779276321.854369
approach4_mm2_run1,7146000,1779276321.894587
approach4_mm2_run1,7147000,1779276321.896199
approach4_mm2_run1,7148000,1779276321.897773
approach4_mm2_run1,7149000,1779276321.899358
approach4_mm2_run1,7150000,1779276321.900952
approach4_mm2_run1,7151000,1779276321.902541
approach4_mm2_run1,7152000,1779276321.915326
approach4_mm2_run1,7153000,1779276321.916898
approach4_mm2_run1,7154000,1779276321.918509
approach4_mm2_run1,7155000,1779276321.920095
approach4_mm2_run1,7156000,1779276321.921723
approach4_mm2_run1,7157000,1779276322.018996
approach4_mm2_run1,7158000,1779276322.020610
approach4_mm2_run1,7159000,1779276322.022211
approach4_mm2_run1,7160000,1779276322.023803
approach4_mm2_run1,7161000,1779276322.025416
approach4_mm2_run1,7162000,1779276322.066353
approach4_mm2_run1,7163000,1779276322.067948
approach4_mm2_run1,7164000,1779276322.069531
approach4_mm2_run1,7165000,1779276322.071136
approach4_mm2_run1,7166000,1779276322.072692
approach4_mm2_run1,7167000,1779276322.074289
approach4_mm2_run1,7168000,1779276322.250925
approach4_mm2_run1,7169000,1779276322.252498
approach4_mm2_run1,7170000,1779276322.254071
approach4_mm2_run1,7171000,1779276322.255690
approach4_mm2_run1,7172000,1779276322.257300
approach4_mm2_run1,7173000,1779276322.278958
approach4_mm2_run1,7174000,1779276322.280526
approach4_mm2_run1,7175000,1779276322.282075
approach4_mm2_run1,7176000,1779276322.283685
approach4_mm2_run1,7177000,1779276322.285312
approach4_mm2_run1,7178000,1779276322.439752
approach4_mm2_run1,7179000,1779276322.441342
approach4_mm2_run1,7180000,1779276322.442940
approach4_mm2_run1,7181000,1779276322.444487
approach4_mm2_run1,7182000,1779276322.446142
approach4_mm2_run1,7183000,1779276322.575721
approach4_mm2_run1,7184000,1779276322.577321
approach4_mm2_run1,7185000,1779276322.578902
approach4_mm2_run1,7186000,1779276322.580484
approach4_mm2_run1,7187000,1779276322.582061
approach4_mm2_run1,7188000,1779276322.583672
approach4_mm2_run1,7189000,1779276322.645037
approach4_mm2_run1,7190000,1779276322.646752
approach4_mm2_run1,7191000,1779276322.648972
approach4_mm2_run1,7192000,1779276322.650563
approach4_mm2_run1,7193000,1779276322.652163
approach4_mm2_run1,7194000,1779276322.653754
approach4_mm2_run1,7195000,1779276322.655369
approach4_mm2_run1,7196000,1779276322.656958
approach4_mm2_run1,7197000,1779276322.658556
approach4_mm2_run1,7198000,1779276322.660161
approach4_mm2_run1,7199000,1779276322.747202
approach4_mm2_run1,7200000,1779276322.748814
approach4_mm2_run1,7201000,1779276322.750399
approach4_mm2_run1,7202000,1779276322.752005
approach4_mm2_run1,7203000,1779276322.753599
approach4_mm2_run1,7204000,1779276322.755244
approach4_mm2_run1,7205000,1779276322.860702
approach4_mm2_run1,7206000,1779276322.862279
approach4_mm2_run1,7207000,1779276322.863844
approach4_mm2_run1,7208000,1779276322.865453
approach4_mm2_run1,7209000,1779276322.867069
approach4_mm2_run1,7210000,1779276322.993344
approach4_mm2_run1,7211000,1779276322.994962
approach4_mm2_run1,7212000,1779276322.996562
approach4_mm2_run1,7213000,1779276322.998164
approach4_mm2_run1,7214000,1779276322.999764
approach4_mm2_run1,7215000,1779276323.008916
approach4_mm2_run1,7216000,1779276323.010500
approach4_mm2_run1,7217000,1779276323.012075
approach4_mm2_run1,7218000,1779276323.013662
approach4_mm2_run1,7219000,1779276323.015286
approach4_mm2_run1,7220000,1779276323.188469
approach4_mm2_run1,7221000,1779276323.190042
approach4_mm2_run1,7222000,1779276323.191622
approach4_mm2_run1,7223000,1779276323.193212
approach4_mm2_run1,7224000,1779276323.194794
approach4_mm2_run1,7225000,1779276323.196409
approach4_mm2_run1,7226000,1779276323.303292
approach4_mm2_run1,7227000,1779276323.304912
approach4_mm2_run1,7228000,1779276323.306515
approach4_mm2_run1,7229000,1779276323.308111
approach4_mm2_run1,7230000,1779276323.309694
approach4_mm2_run1,7231000,1779276323.372454
approach4_mm2_run1,7232000,1779276323.374032
approach4_mm2_run1,7233000,1779276323.375661
approach4_mm2_run1,7234000,1779276323.377272
approach4_mm2_run1,7235000,1779276323.378880
approach4_mm2_run1,7236000,1779276323.392734
approach4_mm2_run1,7237000,1779276323.394314
approach4_mm2_run1,7238000,1779276323.395922
approach4_mm2_run1,7239000,1779276323.397503
approach4_mm2_run1,7240000,1779276323.399110
approach4_mm2_run1,7241000,1779276323.475438
approach4_mm2_run1,7242000,1779276323.477046
approach4_mm2_run1,7243000,1779276323.478630
approach4_mm2_run1,7244000,1779276323.480229
approach4_mm2_run1,7245000,1779276323.481822
approach4_mm2_run1,7246000,1779276323.483448
approach4_mm2_run1,7247000,1779276323.633555
approach4_mm2_run1,7248000,1779276323.635172
approach4_mm2_run1,7249000,1779276323.636759
approach4_mm2_run1,7250000,1779276323.638358
approach4_mm2_run1,7251000,1779276323.639946
approach4_mm2_run1,7252000,1779276323.741867
approach4_mm2_run1,7253000,1779276323.743654
approach4_mm2_run1,7254000,1779276323.745267
approach4_mm2_run1,7255000,1779276323.746859
approach4_mm2_run1,7256000,1779276323.748455
approach4_mm2_run1,7257000,1779276323.750066
approach4_mm2_run1,7258000,1779276323.751659
approach4_mm2_run1,7259000,1779276323.753213
approach4_mm2_run1,7260000,1779276323.754846
approach4_mm2_run1,7261000,1779276323.756427
approach4_mm2_run1,7262000,1779276323.758021
approach4_mm2_run1,7263000,1779276323.937016
approach4_mm2_run1,7264000,1779276323.938603
approach4_mm2_run1,7265000,1779276323.940184
approach4_mm2_run1,7266000,1779276323.941845
approach4_mm2_run1,7267000,1779276323.943464
approach4_mm2_run1,7268000,1779276324.028805
approach4_mm2_run1,7269000,1779276324.030394
approach4_mm2_run1,7270000,1779276324.031955
approach4_mm2_run1,7271000,1779276324.033566
approach4_mm2_run1,7272000,1779276324.035199
approach4_mm2_run1,7273000,1779276324.100026
approach4_mm2_run1,7274000,1779276324.101607
approach4_mm2_run1,7275000,1779276324.103211
approach4_mm2_run1,7276000,1779276324.104792
approach4_mm2_run1,7277000,1779276324.106410
approach4_mm2_run1,7278000,1779276324.143694
approach4_mm2_run1,7279000,1779276324.145308
approach4_mm2_run1,7280000,1779276324.146930
approach4_mm2_run1,7281000,1779276324.148517
approach4_mm2_run1,7282000,1779276324.150123
approach4_mm2_run1,7283000,1779276324.151750
approach4_mm2_run1,7284000,1779276324.206095
approach4_mm2_run1,7285000,1779276324.207683
approach4_mm2_run1,7286000,1779276324.209261
approach4_mm2_run1,7287000,1779276324.210876
approach4_mm2_run1,7288000,1779276324.212451
approach4_mm2_run1,7289000,1779276324.424886
approach4_mm2_run1,7290000,1779276324.426508
approach4_mm2_run1,7291000,1779276324.428108
approach4_mm2_run1,7292000,1779276324.429669
approach4_mm2_run1,7293000,1779276324.431285
approach4_mm2_run1,7294000,1779276324.468065
approach4_mm2_run1,7295000,1779276324.469641
approach4_mm2_run1,7296000,1779276324.471241
approach4_mm2_run1,7297000,1779276324.472820
approach4_mm2_run1,7298000,1779276324.474428
approach4_mm2_run1,7299000,1779276324.476059
approach4_mm2_run1,7300000,1779276324.483069
approach4_mm2_run1,7301000,1779276324.484658
approach4_mm2_run1,7302000,1779276324.486262
approach4_mm2_run1,7303000,1779276324.487856
approach4_mm2_run1,7304000,1779276324.489457
approach4_mm2_run1,7305000,1779276324.685539
approach4_mm2_run1,7306000,1779276324.687139
approach4_mm2_run1,7307000,1779276324.688730
approach4_mm2_run1,7308000,1779276324.690311
approach4_mm2_run1,7309000,1779276324.691911
approach4_mm2_run1,7310000,1779276324.754649
approach4_mm2_run1,7311000,1779276324.756243
approach4_mm2_run1,7312000,1779276324.757844
approach4_mm2_run1,7313000,1779276324.759433
approach4_mm2_run1,7314000,1779276324.761031
approach4_mm2_run1,7315000,1779276324.826333
approach4_mm2_run1,7316000,1779276324.827939
approach4_mm2_run1,7317000,1779276324.829526
approach4_mm2_run1,7318000,1779276324.831142
approach4_mm2_run1,7319000,1779276324.832711
approach4_mm2_run1,7320000,1779276324.834323
approach4_mm2_run1,7321000,1779276324.891221
approach4_mm2_run1,7322000,1779276324.892840
approach4_mm2_run1,7323000,1779276324.894419
approach4_mm2_run1,7324000,1779276324.896017
approach4_mm2_run1,7325000,1779276324.897646
approach4_mm2_run1,7326000,1779276324.932962
approach4_mm2_run1,7327000,1779276324.934555
approach4_mm2_run1,7328000,1779276324.936152
approach4_mm2_run1,7329000,1779276324.937724
approach4_mm2_run1,7330000,1779276324.939340
approach4_mm2_run1,7331000,1779276325.198904
approach4_mm2_run1,7332000,1779276325.200496
approach4_mm2_run1,7333000,1779276325.202079
approach4_mm2_run1,7334000,1779276325.203666
approach4_mm2_run1,7335000,1779276325.205295
approach4_mm2_run1,7336000,1779276325.209215
approach4_mm2_run1,7337000,1779276325.210819
approach4_mm2_run1,7338000,1779276325.212380
approach4_mm2_run1,7339000,1779276325.213945
approach4_mm2_run1,7340000,1779276325.215549
approach4_mm2_run1,7341000,1779276325.217171
approach4_mm2_run1,7342000,1779276325.232108
approach4_mm2_run1,7343000,1779276325.233716
approach4_mm2_run1,7344000,1779276325.235312
approach4_mm2_run1,7345000,1779276325.236919
approach4_mm2_run1,7346000,1779276325.238532
approach4_mm2_run1,7347000,1779276325.437630
approach4_mm2_run1,7348000,1779276325.439215
approach4_mm2_run1,7349000,1779276325.440765
approach4_mm2_run1,7350000,1779276325.442359
approach4_mm2_run1,7351000,1779276325.443904
approach4_mm2_run1,7352000,1779276325.482553
approach4_mm2_run1,7353000,1779276325.484147
approach4_mm2_run1,7354000,1779276325.485762
approach4_mm2_run1,7355000,1779276325.487364
approach4_mm2_run1,7356000,1779276325.488952
approach4_mm2_run1,7357000,1779276325.490580
approach4_mm2_run1,7358000,1779276325.554791
approach4_mm2_run1,7359000,1779276325.556405
approach4_mm2_run1,7360000,1779276325.557980
approach4_mm2_run1,7361000,1779276325.559577
approach4_mm2_run1,7362000,1779276325.561146
approach4_mm2_run1,7363000,1779276325.642012
approach4_mm2_run1,7364000,1779276325.643574
approach4_mm2_run1,7365000,1779276325.645209
approach4_mm2_run1,7366000,1779276325.646826
approach4_mm2_run1,7367000,1779276325.648404
approach4_mm2_run1,7368000,1779276325.664733
approach4_mm2_run1,7369000,1779276325.666338
approach4_mm2_run1,7370000,1779276325.667938
approach4_mm2_run1,7371000,1779276325.669516
approach4_mm2_run1,7372000,1779276325.671112
approach4_mm2_run1,7373000,1779276325.928736
approach4_mm2_run1,7374000,1779276325.930333
approach4_mm2_run1,7375000,1779276325.931911
approach4_mm2_run1,7376000,1779276325.933507
approach4_mm2_run1,7377000,1779276325.935130
approach4_mm2_run1,7378000,1779276325.936715
approach4_mm2_run1,7379000,1779276325.974645
approach4_mm2_run1,7380000,1779276325.976265
approach4_mm2_run1,7381000,1779276325.977842
approach4_mm2_run1,7382000,1779276325.979426
approach4_mm2_run1,7383000,1779276325.981034
approach4_mm2_run1,7384000,1779276325.988982
approach4_mm2_run1,7385000,1779276325.990576
approach4_mm2_run1,7386000,1779276325.992164
approach4_mm2_run1,7387000,1779276325.993730
approach4_mm2_run1,7388000,1779276325.995368
approach4_mm2_run1,7389000,1779276326.182352
approach4_mm2_run1,7390000,1779276326.183932
approach4_mm2_run1,7391000,1779276326.185561
approach4_mm2_run1,7392000,1779276326.187168
approach4_mm2_run1,7393000,1779276326.188741
approach4_mm2_run1,7394000,1779276326.190339
approach4_mm2_run1,7395000,1779276326.210446
approach4_mm2_run1,7396000,1779276326.212027
approach4_mm2_run1,7397000,1779276326.213606
approach4_mm2_run1,7398000,1779276326.215198
approach4_mm2_run1,7399000,1779276326.216783
approach4_mm2_run1,7400000,1779276326.285505
approach4_mm2_run1,7401000,1779276326.287118
approach4_mm2_run1,7402000,1779276326.288709
approach4_mm2_run1,7403000,1779276326.290283
approach4_mm2_run1,7404000,1779276326.291883
approach4_mm2_run1,7405000,1779276326.394052
approach4_mm2_run1,7406000,1779276326.395960
approach4_mm2_run1,7407000,1779276326.397535
approach4_mm2_run1,7408000,1779276326.399121
approach4_mm2_run1,7409000,1779276326.400733
approach4_mm2_run1,7410000,1779276326.402337
approach4_mm2_run1,7411000,1779276326.403930
approach4_mm2_run1,7412000,1779276326.405520
approach4_mm2_run1,7413000,1779276326.407128
approach4_mm2_run1,7414000,1779276326.408728
approach4_mm2_run1,7415000,1779276326.410322
approach4_mm2_run1,7416000,1779276326.660931
approach4_mm2_run1,7417000,1779276326.662519
approach4_mm2_run1,7418000,1779276326.664127
approach4_mm2_run1,7419000,1779276326.665731
approach4_mm2_run1,7420000,1779276326.667350
approach4_mm2_run1,7421000,1779276326.780185
approach4_mm2_run1,7422000,1779276326.781781
approach4_mm2_run1,7423000,1779276326.783366
approach4_mm2_run1,7424000,1779276326.785000
approach4_mm2_run1,7425000,1779276326.786586
approach4_mm2_run1,7426000,1779276326.928034
approach4_mm2_run1,7427000,1779276326.929627
approach4_mm2_run1,7428000,1779276326.931212
approach4_mm2_run1,7429000,1779276326.932807
approach4_mm2_run1,7430000,1779276326.934379
approach4_mm2_run1,7431000,1779276326.936073
approach4_mm2_run1,7432000,1779276326.939801
approach4_mm2_run1,7433000,1779276326.941385
approach4_mm2_run1,7434000,1779276326.942995
approach4_mm2_run1,7435000,1779276326.944567
approach4_mm2_run1,7436000,1779276326.946180
approach4_mm2_run1,7437000,1779276327.014615
approach4_mm2_run1,7438000,1779276327.016227
approach4_mm2_run1,7439000,1779276327.017809
approach4_mm2_run1,7440000,1779276327.019428
approach4_mm2_run1,7441000,1779276327.021011
approach4_mm2_run1,7442000,1779276327.060957
approach4_mm2_run1,7443000,1779276327.062570
approach4_mm2_run1,7444000,1779276327.064158
approach4_mm2_run1,7445000,1779276327.065792
approach4_mm2_run1,7446000,1779276327.067406
approach4_mm2_run1,7447000,1779276327.120467
approach4_mm2_run1,7448000,1779276327.122059
approach4_mm2_run1,7449000,1779276327.123676
approach4_mm2_run1,7450000,1779276327.125254
approach4_mm2_run1,7451000,1779276327.126873
approach4_mm2_run1,7452000,1779276327.128475
approach4_mm2_run1,7453000,1779276327.142049
approach4_mm2_run1,7454000,1779276327.143636
approach4_mm2_run1,7455000,1779276327.145245
approach4_mm2_run1,7456000,1779276327.146836
approach4_mm2_run1,7457000,1779276327.148449
approach4_mm2_run1,7458000,1779276327.391305
approach4_mm2_run1,7459000,1779276327.392892
approach4_mm2_run1,7460000,1779276327.394503
approach4_mm2_run1,7461000,1779276327.396132
approach4_mm2_run1,7462000,1779276327.397712
approach4_mm2_run1,7463000,1779276327.564943
approach4_mm2_run1,7464000,1779276327.566557
approach4_mm2_run1,7465000,1779276327.568122
approach4_mm2_run1,7466000,1779276327.569692
approach4_mm2_run1,7467000,1779276327.571302
approach4_mm2_run1,7468000,1779276327.678779
approach4_mm2_run1,7469000,1779276327.680363
approach4_mm2_run1,7470000,1779276327.681932
approach4_mm2_run1,7471000,1779276327.683512
approach4_mm2_run1,7472000,1779276327.685137
approach4_mm2_run1,7473000,1779276327.686733
approach4_mm2_run1,7474000,1779276327.743529
approach4_mm2_run1,7475000,1779276327.745127
approach4_mm2_run1,7476000,1779276327.746719
approach4_mm2_run1,7477000,1779276327.748317
approach4_mm2_run1,7478000,1779276327.749919
approach4_mm2_run1,7479000,1779276327.807296
approach4_mm2_run1,7480000,1779276327.808859
approach4_mm2_run1,7481000,1779276327.810458
approach4_mm2_run1,7482000,1779276327.812031
approach4_mm2_run1,7483000,1779276327.813614
approach4_mm2_run1,7484000,1779276327.848947
approach4_mm2_run1,7485000,1779276327.850556
approach4_mm2_run1,7486000,1779276327.852149
approach4_mm2_run1,7487000,1779276327.853704
approach4_mm2_run1,7488000,1779276327.855320
approach4_mm2_run1,7489000,1779276327.856925
approach4_mm2_run1,7490000,1779276327.889137
approach4_mm2_run1,7491000,1779276327.890712
approach4_mm2_run1,7492000,1779276327.892292
approach4_mm2_run1,7493000,1779276327.893867
approach4_mm2_run1,7494000,1779276327.895509
approach4_mm2_run1,7495000,1779276328.009952
approach4_mm2_run1,7496000,1779276328.011566
approach4_mm2_run1,7497000,1779276328.013141
approach4_mm2_run1,7498000,1779276328.014754
approach4_mm2_run1,7499000,1779276328.016375
approach4_mm2_run1,7500000,1779276328.120663
approach4_mm2_run1,7501000,1779276328.122317
approach4_mm2_run1,7502000,1779276328.123896
approach4_mm2_run1,7503000,1779276328.125513
approach4_mm2_run1,7504000,1779276328.127097
approach4_mm2_run1,7505000,1779276328.347552
approach4_mm2_run1,7506000,1779276328.349111
approach4_mm2_run1,7507000,1779276328.350749
approach4_mm2_run1,7508000,1779276328.352359
approach4_mm2_run1,7509000,1779276328.353948
approach4_mm2_run1,7510000,1779276328.355589
approach4_mm2_run1,7511000,1779276328.431900
approach4_mm2_run1,7512000,1779276328.433447
approach4_mm2_run1,7513000,1779276328.435096
approach4_mm2_run1,7514000,1779276328.436682
approach4_mm2_run1,7515000,1779276328.438251
approach4_mm2_run1,7516000,1779276328.469665
approach4_mm2_run1,7517000,1779276328.471260
approach4_mm2_run1,7518000,1779276328.472865
approach4_mm2_run1,7519000,1779276328.474462
approach4_mm2_run1,7520000,1779276328.476109
approach4_mm2_run1,7521000,1779276328.549729
approach4_mm2_run1,7522000,1779276328.551312
approach4_mm2_run1,7523000,1779276328.552890
approach4_mm2_run1,7524000,1779276328.554516
approach4_mm2_run1,7525000,1779276328.556143
approach4_mm2_run1,7526000,1779276328.557751
approach4_mm2_run1,7527000,1779276328.579063
approach4_mm2_run1,7528000,1779276328.580640
approach4_mm2_run1,7529000,1779276328.582211
approach4_mm2_run1,7530000,1779276328.583800
approach4_mm2_run1,7531000,1779276328.585436
approach4_mm2_run1,7532000,1779276328.639918
approach4_mm2_run1,7533000,1779276328.641486
approach4_mm2_run1,7534000,1779276328.643050
approach4_mm2_run1,7535000,1779276328.644643
approach4_mm2_run1,7536000,1779276328.646263
approach4_mm2_run1,7537000,1779276328.736204
approach4_mm2_run1,7538000,1779276328.737768
approach4_mm2_run1,7539000,1779276328.739350
approach4_mm2_run1,7540000,1779276328.740952
approach4_mm2_run1,7541000,1779276328.742557
approach4_mm2_run1,7542000,1779276328.851640
approach4_mm2_run1,7543000,1779276328.853231
approach4_mm2_run1,7544000,1779276328.854841
approach4_mm2_run1,7545000,1779276328.856416
approach4_mm2_run1,7546000,1779276328.858007
approach4_mm2_run1,7547000,1779276328.859619
approach4_mm2_run1,7548000,1779276329.139605
approach4_mm2_run1,7549000,1779276329.141180
approach4_mm2_run1,7550000,1779276329.142810
approach4_mm2_run1,7551000,1779276329.144385
approach4_mm2_run1,7552000,1779276329.146025
approach4_mm2_run1,7553000,1779276329.176686
approach4_mm2_run1,7554000,1779276329.178292
approach4_mm2_run1,7555000,1779276329.179883
approach4_mm2_run1,7556000,1779276329.181456
approach4_mm2_run1,7557000,1779276329.183042
approach4_mm2_run1,7558000,1779276329.200536
approach4_mm2_run1,7559000,1779276329.202114
approach4_mm2_run1,7560000,1779276329.203695
approach4_mm2_run1,7561000,1779276329.205321
approach4_mm2_run1,7562000,1779276329.206909
approach4_mm2_run1,7563000,1779276329.208512
approach4_mm2_run1,7564000,1779276329.296279
approach4_mm2_run1,7565000,1779276329.297852
approach4_mm2_run1,7566000,1779276329.299467
approach4_mm2_run1,7567000,1779276329.301033
approach4_mm2_run1,7568000,1779276329.302661
approach4_mm2_run1,7569000,1779276329.308750
approach4_mm2_run1,7570000,1779276329.310333
approach4_mm2_run1,7571000,1779276329.311909
approach4_mm2_run1,7572000,1779276329.313502
approach4_mm2_run1,7573000,1779276329.315126
approach4_mm2_run1,7574000,1779276329.390602
approach4_mm2_run1,7575000,1779276329.392145
approach4_mm2_run1,7576000,1779276329.393746
approach4_mm2_run1,7577000,1779276329.395373
approach4_mm2_run1,7578000,1779276329.396973
approach4_mm2_run1,7579000,1779276329.463862
approach4_mm2_run1,7580000,1779276329.465478
approach4_mm2_run1,7581000,1779276329.467070
approach4_mm2_run1,7582000,1779276329.468662
approach4_mm2_run1,7583000,1779276329.470234
approach4_mm2_run1,7584000,1779276329.471846
approach4_mm2_run1,7585000,1779276329.584841
approach4_mm2_run1,7586000,1779276329.586448
approach4_mm2_run1,7587000,1779276329.588027
approach4_mm2_run1,7588000,1779276329.589629
approach4_mm2_run1,7589000,1779276329.591253
approach4_mm2_run1,7590000,1779276329.920273
approach4_mm2_run1,7591000,1779276329.921849
approach4_mm2_run1,7592000,1779276329.923459
approach4_mm2_run1,7593000,1779276329.925081
approach4_mm2_run1,7594000,1779276329.926726
approach4_mm2_run1,7595000,1779276329.929287
approach4_mm2_run1,7596000,1779276329.930878
approach4_mm2_run1,7597000,1779276329.932477
approach4_mm2_run1,7598000,1779276329.934033
approach4_mm2_run1,7599000,1779276329.935672
approach4_mm2_run1,7600000,1779276330.035487
approach4_mm2_run1,7601000,1779276330.037088
approach4_mm2_run1,7602000,1779276330.038702
approach4_mm2_run1,7603000,1779276330.040372
approach4_mm2_run1,7604000,1779276330.042738
approach4_mm2_run1,7605000,1779276330.044327
approach4_mm2_run1,7606000,1779276330.045941
approach4_mm2_run1,7607000,1779276330.047547
approach4_mm2_run1,7608000,1779276330.049114
approach4_mm2_run1,7609000,1779276330.050701
approach4_mm2_run1,7610000,1779276330.052281
approach4_mm2_run1,7611000,1779276330.139365
approach4_mm2_run1,7612000,1779276330.140931
approach4_mm2_run1,7613000,1779276330.142518
approach4_mm2_run1,7614000,1779276330.144135
approach4_mm2_run1,7615000,1779276330.145765
approach4_mm2_run1,7616000,1779276330.192458
approach4_mm2_run1,7617000,1779276330.194044
approach4_mm2_run1,7618000,1779276330.195642
approach4_mm2_run1,7619000,1779276330.197220
approach4_mm2_run1,7620000,1779276330.198847
approach4_mm2_run1,7621000,1779276330.200420
approach4_mm2_run1,7622000,1779276330.272633
approach4_mm2_run1,7623000,1779276330.274198
approach4_mm2_run1,7624000,1779276330.275807
approach4_mm2_run1,7625000,1779276330.277381
approach4_mm2_run1,7626000,1779276330.278980
approach4_mm2_run1,7627000,1779276330.315451
approach4_mm2_run1,7628000,1779276330.317024
approach4_mm2_run1,7629000,1779276330.318609
approach4_mm2_run1,7630000,1779276330.320158
approach4_mm2_run1,7631000,1779276330.321774
approach4_mm2_run1,7632000,1779276330.657911
approach4_mm2_run1,7633000,1779276330.659502
approach4_mm2_run1,7634000,1779276330.661059
approach4_mm2_run1,7635000,1779276330.662653
approach4_mm2_run1,7636000,1779276330.664254
approach4_mm2_run1,7637000,1779276330.702993
approach4_mm2_run1,7638000,1779276330.704596
approach4_mm2_run1,7639000,1779276330.706176
approach4_mm2_run1,7640000,1779276330.707760
approach4_mm2_run1,7641000,1779276330.709330
approach4_mm2_run1,7642000,1779276330.710942
approach4_mm2_run1,7643000,1779276330.766020
approach4_mm2_run1,7644000,1779276330.767604
approach4_mm2_run1,7645000,1779276330.769176
approach4_mm2_run1,7646000,1779276330.770744
approach4_mm2_run1,7647000,1779276330.772335
approach4_mm2_run1,7648000,1779276330.784534
approach4_mm2_run1,7649000,1779276330.786115
approach4_mm2_run1,7650000,1779276330.787673
approach4_mm2_run1,7651000,1779276330.789263
approach4_mm2_run1,7652000,1779276330.790851
approach4_mm2_run1,7653000,1779276330.919272
approach4_mm2_run1,7654000,1779276330.920820
approach4_mm2_run1,7655000,1779276330.922396
approach4_mm2_run1,7656000,1779276330.923969
approach4_mm2_run1,7657000,1779276330.925562
approach4_mm2_run1,7658000,1779276330.927135
approach4_mm2_run1,7659000,1779276331.021397
approach4_mm2_run1,7660000,1779276331.022983
approach4_mm2_run1,7661000,1779276331.024510
approach4_mm2_run1,7662000,1779276331.026109
approach4_mm2_run1,7663000,1779276331.027692
approach4_mm2_run1,7664000,1779276331.045820
approach4_mm2_run1,7665000,1779276331.047379
approach4_mm2_run1,7666000,1779276331.048948
approach4_mm2_run1,7667000,1779276331.050537
approach4_mm2_run1,7668000,1779276331.052122
approach4_mm2_run1,7669000,1779276331.238151
approach4_mm2_run1,7670000,1779276331.239753
approach4_mm2_run1,7671000,1779276331.241314
approach4_mm2_run1,7672000,1779276331.242917
approach4_mm2_run1,7673000,1779276331.244515
approach4_mm2_run1,7674000,1779276331.384285
approach4_mm2_run1,7675000,1779276331.385884
approach4_mm2_run1,7676000,1779276331.387467
approach4_mm2_run1,7677000,1779276331.389049
approach4_mm2_run1,7678000,1779276331.390649
approach4_mm2_run1,7679000,1779276331.392235
approach4_mm2_run1,7680000,1779276331.495140
approach4_mm2_run1,7681000,1779276331.497405
approach4_mm2_run1,7682000,1779276331.499067
approach4_mm2_run1,7683000,1779276331.500652
approach4_mm2_run1,7684000,1779276331.502245
approach4_mm2_run1,7685000,1779276331.503842
approach4_mm2_run1,7686000,1779276331.505433
approach4_mm2_run1,7687000,1779276331.507050
approach4_mm2_run1,7688000,1779276331.508620
approach4_mm2_run1,7689000,1779276331.510200
approach4_mm2_run1,7690000,1779276331.531073
approach4_mm2_run1,7691000,1779276331.532654
approach4_mm2_run1,7692000,1779276331.534246
approach4_mm2_run1,7693000,1779276331.535874
approach4_mm2_run1,7694000,1779276331.537447
approach4_mm2_run1,7695000,1779276331.539082
approach4_mm2_run1,7696000,1779276331.646358
approach4_mm2_run1,7697000,1779276331.647957
approach4_mm2_run1,7698000,1779276331.649531
approach4_mm2_run1,7699000,1779276331.651143
approach4_mm2_run1,7700000,1779276331.652728
approach4_mm2_run1,7701000,1779276331.769252
approach4_mm2_run1,7702000,1779276331.770831
approach4_mm2_run1,7703000,1779276331.772438
approach4_mm2_run1,7704000,1779276331.774097
approach4_mm2_run1,7705000,1779276331.776570
approach4_mm2_run1,7706000,1779276331.778161
approach4_mm2_run1,7707000,1779276331.779763
approach4_mm2_run1,7708000,1779276331.781326
approach4_mm2_run1,7709000,1779276331.782908
approach4_mm2_run1,7710000,1779276331.784499
approach4_mm2_run1,7711000,1779276331.988900
approach4_mm2_run1,7712000,1779276331.990465
approach4_mm2_run1,7713000,1779276331.992064
approach4_mm2_run1,7714000,1779276331.993658
approach4_mm2_run1,7715000,1779276331.995296
approach4_mm2_run1,7716000,1779276331.996871
approach4_mm2_run1,7717000,1779276332.115733
approach4_mm2_run1,7718000,1779276332.117332
approach4_mm2_run1,7719000,1779276332.118935
approach4_mm2_run1,7720000,1779276332.120510
approach4_mm2_run1,7721000,1779276332.122111
approach4_mm2_run1,7722000,1779276332.222884
approach4_mm2_run1,7723000,1779276332.224500
approach4_mm2_run1,7724000,1779276332.226112
approach4_mm2_run1,7725000,1779276332.227701
approach4_mm2_run1,7726000,1779276332.229301
approach4_mm2_run1,7727000,1779276332.276268
approach4_mm2_run1,7728000,1779276332.277854
approach4_mm2_run1,7729000,1779276332.279459
approach4_mm2_run1,7730000,1779276332.281039
approach4_mm2_run1,7731000,1779276332.282633
approach4_mm2_run1,7732000,1779276332.287462
approach4_mm2_run1,7733000,1779276332.289066
approach4_mm2_run1,7734000,1779276332.290661
approach4_mm2_run1,7735000,1779276332.292224
approach4_mm2_run1,7736000,1779276332.293820
approach4_mm2_run1,7737000,1779276332.295432
approach4_mm2_run1,7738000,1779276332.372820
approach4_mm2_run1,7739000,1779276332.374412
approach4_mm2_run1,7740000,1779276332.376019
approach4_mm2_run1,7741000,1779276332.377622
approach4_mm2_run1,7742000,1779276332.379231
approach4_mm2_run1,7743000,1779276332.506971
approach4_mm2_run1,7744000,1779276332.508559
approach4_mm2_run1,7745000,1779276332.510142
approach4_mm2_run1,7746000,1779276332.511738
approach4_mm2_run1,7747000,1779276332.513704
approach4_mm2_run1,7748000,1779276332.515784
approach4_mm2_run1,7749000,1779276332.517368
approach4_mm2_run1,7750000,1779276332.518967
approach4_mm2_run1,7751000,1779276332.520556
approach4_mm2_run1,7752000,1779276332.522127
approach4_mm2_run1,7753000,1779276332.523726
approach4_mm2_run1,7754000,1779276332.741437
approach4_mm2_run1,7755000,1779276332.743025
approach4_mm2_run1,7756000,1779276332.744625
approach4_mm2_run1,7757000,1779276332.746256
approach4_mm2_run1,7758000,1779276332.747870
approach4_mm2_run1,7759000,1779276332.842739
approach4_mm2_run1,7760000,1779276332.844334
approach4_mm2_run1,7761000,1779276332.845959
approach4_mm2_run1,7762000,1779276332.847563
approach4_mm2_run1,7763000,1779276332.849163
approach4_mm2_run1,7764000,1779276332.952079
approach4_mm2_run1,7765000,1779276332.953651
approach4_mm2_run1,7766000,1779276332.955289
approach4_mm2_run1,7767000,1779276332.956896
approach4_mm2_run1,7768000,1779276332.958481
approach4_mm2_run1,7769000,1779276333.023815
approach4_mm2_run1,7770000,1779276333.025425
approach4_mm2_run1,7771000,1779276333.027049
approach4_mm2_run1,7772000,1779276333.028624
approach4_mm2_run1,7773000,1779276333.030226
approach4_mm2_run1,7774000,1779276333.031834
approach4_mm2_run1,7775000,1779276333.061743
approach4_mm2_run1,7776000,1779276333.063345
approach4_mm2_run1,7777000,1779276333.064964
approach4_mm2_run1,7778000,1779276333.066557
approach4_mm2_run1,7779000,1779276333.068116
approach4_mm2_run1,7780000,1779276333.099206
approach4_mm2_run1,7781000,1779276333.100776
approach4_mm2_run1,7782000,1779276333.102357
approach4_mm2_run1,7783000,1779276333.103946
approach4_mm2_run1,7784000,1779276333.105562
approach4_mm2_run1,7785000,1779276333.236574
approach4_mm2_run1,7786000,1779276333.238137
approach4_mm2_run1,7787000,1779276333.239729
approach4_mm2_run1,7788000,1779276333.241346
approach4_mm2_run1,7789000,1779276333.242947
approach4_mm2_run1,7790000,1779276333.244526
approach4_mm2_run1,7791000,1779276333.263944
approach4_mm2_run1,7792000,1779276333.265541
approach4_mm2_run1,7793000,1779276333.267137
approach4_mm2_run1,7794000,1779276333.268713
approach4_mm2_run1,7795000,1779276333.270319
approach4_mm2_run1,7796000,1779276333.489836
approach4_mm2_run1,7797000,1779276333.491429
approach4_mm2_run1,7798000,1779276333.493024
approach4_mm2_run1,7799000,1779276333.494577
approach4_mm2_run1,7800000,1779276333.496194
approach4_mm2_run1,7801000,1779276333.573538
approach4_mm2_run1,7802000,1779276333.575141
approach4_mm2_run1,7803000,1779276333.576695
approach4_mm2_run1,7804000,1779276333.578303
approach4_mm2_run1,7805000,1779276333.579902
approach4_mm2_run1,7806000,1779276333.680397
approach4_mm2_run1,7807000,1779276333.681990
approach4_mm2_run1,7808000,1779276333.683598
approach4_mm2_run1,7809000,1779276333.685229
approach4_mm2_run1,7810000,1779276333.686809
approach4_mm2_run1,7811000,1779276333.688422
approach4_mm2_run1,7812000,1779276333.768684
approach4_mm2_run1,7813000,1779276333.770285
approach4_mm2_run1,7814000,1779276333.771896
approach4_mm2_run1,7815000,1779276333.773476
approach4_mm2_run1,7816000,1779276333.775091
approach4_mm2_run1,7817000,1779276333.828097
approach4_mm2_run1,7818000,1779276333.829659
approach4_mm2_run1,7819000,1779276333.831275
approach4_mm2_run1,7820000,1779276333.832855
approach4_mm2_run1,7821000,1779276333.834464
approach4_mm2_run1,7822000,1779276333.852469
approach4_mm2_run1,7823000,1779276333.854042
approach4_mm2_run1,7824000,1779276333.855669
approach4_mm2_run1,7825000,1779276333.857239
approach4_mm2_run1,7826000,1779276333.858842
approach4_mm2_run1,7827000,1779276333.860444
approach4_mm2_run1,7828000,1779276333.968878
approach4_mm2_run1,7829000,1779276333.970468
approach4_mm2_run1,7830000,1779276333.972060
approach4_mm2_run1,7831000,1779276333.973648
approach4_mm2_run1,7832000,1779276333.975283
approach4_mm2_run1,7833000,1779276334.010449
approach4_mm2_run1,7834000,1779276334.012026
approach4_mm2_run1,7835000,1779276334.013626
approach4_mm2_run1,7836000,1779276334.015261
approach4_mm2_run1,7837000,1779276334.016840
approach4_mm2_run1,7838000,1779276334.238214
approach4_mm2_run1,7839000,1779276334.239831
approach4_mm2_run1,7840000,1779276334.241399
approach4_mm2_run1,7841000,1779276334.242993
approach4_mm2_run1,7842000,1779276334.244587
approach4_mm2_run1,7843000,1779276334.300287
approach4_mm2_run1,7844000,1779276334.301879
approach4_mm2_run1,7845000,1779276334.303448
approach4_mm2_run1,7846000,1779276334.305049
approach4_mm2_run1,7847000,1779276334.306666
approach4_mm2_run1,7848000,1779276334.308271
approach4_mm2_run1,7849000,1779276334.514213
approach4_mm2_run1,7850000,1779276334.515827
approach4_mm2_run1,7851000,1779276334.517411
approach4_mm2_run1,7852000,1779276334.518987
approach4_mm2_run1,7853000,1779276334.520575
approach4_mm2_run1,7854000,1779276334.553973
approach4_mm2_run1,7855000,1779276334.555576
approach4_mm2_run1,7856000,1779276334.557126
approach4_mm2_run1,7857000,1779276334.558721
approach4_mm2_run1,7858000,1779276334.560301
approach4_mm2_run1,7859000,1779276334.632256
approach4_mm2_run1,7860000,1779276334.633836
approach4_mm2_run1,7861000,1779276334.635452
approach4_mm2_run1,7862000,1779276334.637024
approach4_mm2_run1,7863000,1779276334.638586
approach4_mm2_run1,7864000,1779276334.760310
approach4_mm2_run1,7865000,1779276334.761905
approach4_mm2_run1,7866000,1779276334.763520
approach4_mm2_run1,7867000,1779276334.765836
approach4_mm2_run1,7868000,1779276334.767427
approach4_mm2_run1,7869000,1779276334.768997
approach4_mm2_run1,7870000,1779276334.770579
approach4_mm2_run1,7871000,1779276334.772159
approach4_mm2_run1,7872000,1779276334.773736
approach4_mm2_run1,7873000,1779276334.775352
approach4_mm2_run1,7874000,1779276334.776918
approach4_mm2_run1,7875000,1779276334.988489
approach4_mm2_run1,7876000,1779276334.990061
approach4_mm2_run1,7877000,1779276334.991652
approach4_mm2_run1,7878000,1779276334.993241
approach4_mm2_run1,7879000,1779276334.994895
approach4_mm2_run1,7880000,1779276335.045939
approach4_mm2_run1,7881000,1779276335.047533
approach4_mm2_run1,7882000,1779276335.049130
approach4_mm2_run1,7883000,1779276335.050707
approach4_mm2_run1,7884000,1779276335.052288
approach4_mm2_run1,7885000,1779276335.053869
approach4_mm2_run1,7886000,1779276335.260715
approach4_mm2_run1,7887000,1779276335.262297
approach4_mm2_run1,7888000,1779276335.263885
approach4_mm2_run1,7889000,1779276335.265534
approach4_mm2_run1,7890000,1779276335.267148
approach4_mm2_run1,7891000,1779276335.279750
approach4_mm2_run1,7892000,1779276335.281353
approach4_mm2_run1,7893000,1779276335.282949
approach4_mm2_run1,7894000,1779276335.284534
approach4_mm2_run1,7895000,1779276335.286124
approach4_mm2_run1,7896000,1779276335.376132
approach4_mm2_run1,7897000,1779276335.377701
approach4_mm2_run1,7898000,1779276335.379293
approach4_mm2_run1,7899000,1779276335.380872
approach4_mm2_run1,7900000,1779276335.382486
approach4_mm2_run1,7901000,1779276335.421251
approach4_mm2_run1,7902000,1779276335.422837
approach4_mm2_run1,7903000,1779276335.424426
approach4_mm2_run1,7904000,1779276335.426031
approach4_mm2_run1,7905000,1779276335.427646
approach4_mm2_run1,7906000,1779276335.429233
approach4_mm2_run1,7907000,1779276335.490487
approach4_mm2_run1,7908000,1779276335.492069
approach4_mm2_run1,7909000,1779276335.493666
approach4_mm2_run1,7910000,1779276335.495318
approach4_mm2_run1,7911000,1779276335.496929
approach4_mm2_run1,7912000,1779276335.507839
approach4_mm2_run1,7913000,1779276335.509402
approach4_mm2_run1,7914000,1779276335.511000
approach4_mm2_run1,7915000,1779276335.512576
approach4_mm2_run1,7916000,1779276335.514163
approach4_mm2_run1,7917000,1779276335.736042
approach4_mm2_run1,7918000,1779276335.737612
approach4_mm2_run1,7919000,1779276335.739220
approach4_mm2_run1,7920000,1779276335.740786
approach4_mm2_run1,7921000,1779276335.742374
approach4_mm2_run1,7922000,1779276335.743985
approach4_mm2_run1,7923000,1779276335.778808
approach4_mm2_run1,7924000,1779276335.780377
approach4_mm2_run1,7925000,1779276335.781957
approach4_mm2_run1,7926000,1779276335.783562
approach4_mm2_run1,7927000,1779276335.785161
approach4_mm2_run1,7928000,1779276336.006158
approach4_mm2_run1,7929000,1779276336.008201
approach4_mm2_run1,7930000,1779276336.010065
approach4_mm2_run1,7931000,1779276336.011673
approach4_mm2_run1,7932000,1779276336.013259
approach4_mm2_run1,7933000,1779276336.014863
approach4_mm2_run1,7934000,1779276336.016446
approach4_mm2_run1,7935000,1779276336.018040
approach4_mm2_run1,7936000,1779276336.019638
approach4_mm2_run1,7937000,1779276336.021248
approach4_mm2_run1,7938000,1779276336.103440
approach4_mm2_run1,7939000,1779276336.105035
approach4_mm2_run1,7940000,1779276336.106637
approach4_mm2_run1,7941000,1779276336.108234
approach4_mm2_run1,7942000,1779276336.109833
approach4_mm2_run1,7943000,1779276336.111434
approach4_mm2_run1,7944000,1779276336.213762
approach4_mm2_run1,7945000,1779276336.215407
approach4_mm2_run1,7946000,1779276336.217076
approach4_mm2_run1,7947000,1779276336.219463
approach4_mm2_run1,7948000,1779276336.221056
approach4_mm2_run1,7949000,1779276336.222633
approach4_mm2_run1,7950000,1779276336.224247
approach4_mm2_run1,7951000,1779276336.225851
approach4_mm2_run1,7952000,1779276336.227460
approach4_mm2_run1,7953000,1779276336.229061
approach4_mm2_run1,7954000,1779276336.256178
approach4_mm2_run1,7955000,1779276336.257756
approach4_mm2_run1,7956000,1779276336.259341
approach4_mm2_run1,7957000,1779276336.260923
approach4_mm2_run1,7958000,1779276336.262545
approach4_mm2_run1,7959000,1779276336.264128
approach4_mm2_run1,7960000,1779276336.487403
approach4_mm2_run1,7961000,1779276336.488979
approach4_mm2_run1,7962000,1779276336.490593
approach4_mm2_run1,7963000,1779276336.492194
approach4_mm2_run1,7964000,1779276336.493783
approach4_mm2_run1,7965000,1779276336.508634
approach4_mm2_run1,7966000,1779276336.510200
approach4_mm2_run1,7967000,1779276336.511811
approach4_mm2_run1,7968000,1779276336.513389
approach4_mm2_run1,7969000,1779276336.515023
approach4_mm2_run1,7970000,1779276336.734606
approach4_mm2_run1,7971000,1779276336.736213
approach4_mm2_run1,7972000,1779276336.737802
approach4_mm2_run1,7973000,1779276336.739404
approach4_mm2_run1,7974000,1779276336.740969
approach4_mm2_run1,7975000,1779276336.748708
approach4_mm2_run1,7976000,1779276336.750301
approach4_mm2_run1,7977000,1779276336.751897
approach4_mm2_run1,7978000,1779276336.753465
approach4_mm2_run1,7979000,1779276336.755077
approach4_mm2_run1,7980000,1779276336.756661
approach4_mm2_run1,7981000,1779276336.832968
approach4_mm2_run1,7982000,1779276336.834569
approach4_mm2_run1,7983000,1779276336.836182
approach4_mm2_run1,7984000,1779276336.837755
approach4_mm2_run1,7985000,1779276336.839351
approach4_mm2_run1,7986000,1779276336.948207
approach4_mm2_run1,7987000,1779276336.949810
approach4_mm2_run1,7988000,1779276336.951406
approach4_mm2_run1,7989000,1779276336.953016
approach4_mm2_run1,7990000,1779276336.954637
approach4_mm2_run1,7991000,1779276337.005046
approach4_mm2_run1,7992000,1779276337.006642
approach4_mm2_run1,7993000,1779276337.008218
approach4_mm2_run1,7994000,1779276337.009786
approach4_mm2_run1,7995000,1779276337.011371
approach4_mm2_run1,7996000,1779276337.237421
approach4_mm2_run1,7997000,1779276337.239052
approach4_mm2_run1,7998000,1779276337.241151
approach4_mm2_run1,7999000,1779276337.242992
approach4_mm2_run1,8000000,1779276337.244586
approach4_mm2_run1,8001000,1779276337.246229
approach4_mm2_run1,8002000,1779276337.247807
approach4_mm2_run1,8003000,1779276337.249388
approach4_mm2_run1,8004000,1779276337.250988
approach4_mm2_run1,8005000,1779276337.252574
approach4_mm2_run1,8006000,1779276337.254145
approach4_mm2_run1,8007000,1779276337.336522
approach4_mm2_run1,8008000,1779276337.338104
approach4_mm2_run1,8009000,1779276337.339697
approach4_mm2_run1,8010000,1779276337.341278
approach4_mm2_run1,8011000,1779276337.342873
approach4_mm2_run1,8012000,1779276337.462069
approach4_mm2_run1,8013000,1779276337.463655
approach4_mm2_run1,8014000,1779276337.465252
approach4_mm2_run1,8015000,1779276337.466847
approach4_mm2_run1,8016000,1779276337.468446
approach4_mm2_run1,8017000,1779276337.470023
approach4_mm2_run1,8018000,1779276337.492338
approach4_mm2_run1,8019000,1779276337.493915
approach4_mm2_run1,8020000,1779276337.495544
approach4_mm2_run1,8021000,1779276337.497119
approach4_mm2_run1,8022000,1779276337.498745
approach4_mm2_run1,8023000,1779276337.561586
approach4_mm2_run1,8024000,1779276337.563181
approach4_mm2_run1,8025000,1779276337.564776
approach4_mm2_run1,8026000,1779276337.566390
approach4_mm2_run1,8027000,1779276337.567974
approach4_mm2_run1,8028000,1779276337.676185
approach4_mm2_run1,8029000,1779276337.677775
approach4_mm2_run1,8030000,1779276337.679349
approach4_mm2_run1,8031000,1779276337.680963
approach4_mm2_run1,8032000,1779276337.682582
approach4_mm2_run1,8033000,1779276337.753034
approach4_mm2_run1,8034000,1779276337.754632
approach4_mm2_run1,8035000,1779276337.756202
approach4_mm2_run1,8036000,1779276337.757773
approach4_mm2_run1,8037000,1779276337.759355
approach4_mm2_run1,8038000,1779276337.760936
approach4_mm2_run1,8039000,1779276337.970051
approach4_mm2_run1,8040000,1779276337.971645
approach4_mm2_run1,8041000,1779276337.973223
approach4_mm2_run1,8042000,1779276337.974835
approach4_mm2_run1,8043000,1779276337.976411
approach4_mm2_run1,8044000,1779276337.985731
approach4_mm2_run1,8045000,1779276337.987310
approach4_mm2_run1,8046000,1779276337.988879
approach4_mm2_run1,8047000,1779276337.990473
approach4_mm2_run1,8048000,1779276337.992074
approach4_mm2_run1,8049000,1779276338.122363
approach4_mm2_run1,8050000,1779276338.123928
approach4_mm2_run1,8051000,1779276338.125512
approach4_mm2_run1,8052000,1779276338.127099
approach4_mm2_run1,8053000,1779276338.128677
approach4_mm2_run1,8054000,1779276338.130246
approach4_mm2_run1,8055000,1779276338.190409
approach4_mm2_run1,8056000,1779276338.191994
approach4_mm2_run1,8057000,1779276338.193570
approach4_mm2_run1,8058000,1779276338.195185
approach4_mm2_run1,8059000,1779276338.196777
approach4_mm2_run1,8060000,1779276338.289918
approach4_mm2_run1,8061000,1779276338.291506
approach4_mm2_run1,8062000,1779276338.293093
approach4_mm2_run1,8063000,1779276338.294692
approach4_mm2_run1,8064000,1779276338.296325
approach4_mm2_run1,8065000,1779276338.405171
approach4_mm2_run1,8066000,1779276338.406766
approach4_mm2_run1,8067000,1779276338.408352
approach4_mm2_run1,8068000,1779276338.409934
approach4_mm2_run1,8069000,1779276338.411562
approach4_mm2_run1,8070000,1779276338.501346
approach4_mm2_run1,8071000,1779276338.502914
approach4_mm2_run1,8072000,1779276338.504498
approach4_mm2_run1,8073000,1779276338.506102
approach4_mm2_run1,8074000,1779276338.507682
approach4_mm2_run1,8075000,1779276338.509231
approach4_mm2_run1,8076000,1779276338.582243
approach4_mm2_run1,8077000,1779276338.583821
approach4_mm2_run1,8078000,1779276338.585413
approach4_mm2_run1,8079000,1779276338.587011
approach4_mm2_run1,8080000,1779276338.588585
approach4_mm2_run1,8081000,1779276338.700272
approach4_mm2_run1,8082000,1779276338.701860
approach4_mm2_run1,8083000,1779276338.703459
approach4_mm2_run1,8084000,1779276338.705058
approach4_mm2_run1,8085000,1779276338.706659
approach4_mm2_run1,8086000,1779276338.733623
approach4_mm2_run1,8087000,1779276338.735215
approach4_mm2_run1,8088000,1779276338.736772
approach4_mm2_run1,8089000,1779276338.738358
approach4_mm2_run1,8090000,1779276338.739943
approach4_mm2_run1,8091000,1779276338.741516
approach4_mm2_run1,8092000,1779276338.908200
approach4_mm2_run1,8093000,1779276338.909781
approach4_mm2_run1,8094000,1779276338.911368
approach4_mm2_run1,8095000,1779276338.912930
approach4_mm2_run1,8096000,1779276338.914581
approach4_mm2_run1,8097000,1779276338.917822
approach4_mm2_run1,8098000,1779276338.919409
approach4_mm2_run1,8099000,1779276338.921001
approach4_mm2_run1,8100000,1779276338.922584
approach4_mm2_run1,8101000,1779276338.924170
approach4_mm2_run1,8102000,1779276339.017198
approach4_mm2_run1,8103000,1779276339.018785
approach4_mm2_run1,8104000,1779276339.020380
approach4_mm2_run1,8105000,1779276339.021975
approach4_mm2_run1,8106000,1779276339.023580
approach4_mm2_run1,8107000,1779276339.134191
approach4_mm2_run1,8108000,1779276339.135802
approach4_mm2_run1,8109000,1779276339.137394
approach4_mm2_run1,8110000,1779276339.139003
approach4_mm2_run1,8111000,1779276339.140591
approach4_mm2_run1,8112000,1779276339.142197
approach4_mm2_run1,8113000,1779276339.251602
approach4_mm2_run1,8114000,1779276339.253188
approach4_mm2_run1,8115000,1779276339.254785
approach4_mm2_run1,8116000,1779276339.256391
approach4_mm2_run1,8117000,1779276339.257976
approach4_mm2_run1,8118000,1779276339.329603
approach4_mm2_run1,8119000,1779276339.331196
approach4_mm2_run1,8120000,1779276339.332767
approach4_mm2_run1,8121000,1779276339.334351
approach4_mm2_run1,8122000,1779276339.335968
approach4_mm2_run1,8123000,1779276339.429954
approach4_mm2_run1,8124000,1779276339.431527
approach4_mm2_run1,8125000,1779276339.433106
approach4_mm2_run1,8126000,1779276339.434705
approach4_mm2_run1,8127000,1779276339.436311
approach4_mm2_run1,8128000,1779276339.483586
approach4_mm2_run1,8129000,1779276339.485187
approach4_mm2_run1,8130000,1779276339.486769
approach4_mm2_run1,8131000,1779276339.488335
approach4_mm2_run1,8132000,1779276339.489903
approach4_mm2_run1,8133000,1779276339.491515
approach4_mm2_run1,8134000,1779276339.642890
approach4_mm2_run1,8135000,1779276339.644475
approach4_mm2_run1,8136000,1779276339.646094
approach4_mm2_run1,8137000,1779276339.647694
approach4_mm2_run1,8138000,1779276339.649279
approach4_mm2_run1,8139000,1779276339.694805
approach4_mm2_run1,8140000,1779276339.696387
approach4_mm2_run1,8141000,1779276339.697962
approach4_mm2_run1,8142000,1779276339.699545
approach4_mm2_run1,8143000,1779276339.701118
approach4_mm2_run1,8144000,1779276339.746819
approach4_mm2_run1,8145000,1779276339.748404
approach4_mm2_run1,8146000,1779276339.749981
approach4_mm2_run1,8147000,1779276339.751563
approach4_mm2_run1,8148000,1779276339.753132
approach4_mm2_run1,8149000,1779276339.754716
approach4_mm2_run1,8150000,1779276339.862926
approach4_mm2_run1,8151000,1779276339.864504
approach4_mm2_run1,8152000,1779276339.866119
approach4_mm2_run1,8153000,1779276339.867739
approach4_mm2_run1,8154000,1779276339.869350
approach4_mm2_run1,8155000,1779276340.000527
approach4_mm2_run1,8156000,1779276340.002114
approach4_mm2_run1,8157000,1779276340.003703
approach4_mm2_run1,8158000,1779276340.005312
approach4_mm2_run1,8159000,1779276340.006911
approach4_mm2_run1,8160000,1779276340.073999
approach4_mm2_run1,8161000,1779276340.075602
approach4_mm2_run1,8162000,1779276340.077179
approach4_mm2_run1,8163000,1779276340.078786
approach4_mm2_run1,8164000,1779276340.080402
approach4_mm2_run1,8165000,1779276340.162398
approach4_mm2_run1,8166000,1779276340.163998
approach4_mm2_run1,8167000,1779276340.165608
approach4_mm2_run1,8168000,1779276340.167234
approach4_mm2_run1,8169000,1779276340.168812
approach4_mm2_run1,8170000,1779276340.170430
approach4_mm2_run1,8171000,1779276340.235733
approach4_mm2_run1,8172000,1779276340.237290
approach4_mm2_run1,8173000,1779276340.238861
approach4_mm2_run1,8174000,1779276340.240458
approach4_mm2_run1,8175000,1779276340.242017
approach4_mm2_run1,8176000,1779276340.370667
approach4_mm2_run1,8177000,1779276340.372244
approach4_mm2_run1,8178000,1779276340.373825
approach4_mm2_run1,8179000,1779276340.375460
approach4_mm2_run1,8180000,1779276340.377033
approach4_mm2_run1,8181000,1779276340.475736
approach4_mm2_run1,8182000,1779276340.477417
approach4_mm2_run1,8183000,1779276340.479718
approach4_mm2_run1,8184000,1779276340.481289
approach4_mm2_run1,8185000,1779276340.482873
approach4_mm2_run1,8186000,1779276340.484471
approach4_mm2_run1,8187000,1779276340.486088
approach4_mm2_run1,8188000,1779276340.487669
approach4_mm2_run1,8189000,1779276340.489240
approach4_mm2_run1,8190000,1779276340.490827
approach4_mm2_run1,8191000,1779276340.492395
approach4_mm2_run1,8192000,1779276340.591311
approach4_mm2_run1,8193000,1779276340.592885
approach4_mm2_run1,8194000,1779276340.594490
approach4_mm2_run1,8195000,1779276340.596101
approach4_mm2_run1,8196000,1779276340.597691
approach4_mm2_run1,8197000,1779276340.748427
approach4_mm2_run1,8198000,1779276340.750008
approach4_mm2_run1,8199000,1779276340.751599
approach4_mm2_run1,8200000,1779276340.753193
approach4_mm2_run1,8201000,1779276340.754761
approach4_mm2_run1,8202000,1779276340.816848
approach4_mm2_run1,8203000,1779276340.818476
approach4_mm2_run1,8204000,1779276340.820043
approach4_mm2_run1,8205000,1779276340.821625
approach4_mm2_run1,8206000,1779276340.823214
approach4_mm2_run1,8207000,1779276340.824806
approach4_mm2_run1,8208000,1779276340.893505
approach4_mm2_run1,8209000,1779276340.895108
approach4_mm2_run1,8210000,1779276340.896686
approach4_mm2_run1,8211000,1779276340.898267
approach4_mm2_run1,8212000,1779276340.899866
approach4_mm2_run1,8213000,1779276340.983840
approach4_mm2_run1,8214000,1779276340.985448
approach4_mm2_run1,8215000,1779276340.987085
approach4_mm2_run1,8216000,1779276340.989399
approach4_mm2_run1,8217000,1779276340.990987
approach4_mm2_run1,8218000,1779276340.992571
approach4_mm2_run1,8219000,1779276340.994136
approach4_mm2_run1,8220000,1779276340.995767
approach4_mm2_run1,8221000,1779276340.997321
approach4_mm2_run1,8222000,1779276340.998916
approach4_mm2_run1,8223000,1779276341.204414
approach4_mm2_run1,8224000,1779276341.206028
approach4_mm2_run1,8225000,1779276341.207636
approach4_mm2_run1,8226000,1779276341.209208
approach4_mm2_run1,8227000,1779276341.210800
approach4_mm2_run1,8228000,1779276341.261861
approach4_mm2_run1,8229000,1779276341.263453
approach4_mm2_run1,8230000,1779276341.265040
approach4_mm2_run1,8231000,1779276341.266644
approach4_mm2_run1,8232000,1779276341.268236
approach4_mm2_run1,8233000,1779276341.319262
approach4_mm2_run1,8234000,1779276341.320845
approach4_mm2_run1,8235000,1779276341.322440
approach4_mm2_run1,8236000,1779276341.323994
approach4_mm2_run1,8237000,1779276341.325624
approach4_mm2_run1,8238000,1779276341.327244
approach4_mm2_run1,8239000,1779276341.497347
approach4_mm2_run1,8240000,1779276341.498927
approach4_mm2_run1,8241000,1779276341.500502
approach4_mm2_run1,8242000,1779276341.502079
approach4_mm2_run1,8243000,1779276341.503672
approach4_mm2_run1,8244000,1779276341.563546
approach4_mm2_run1,8245000,1779276341.565147
approach4_mm2_run1,8246000,1779276341.566731
approach4_mm2_run1,8247000,1779276341.568316
approach4_mm2_run1,8248000,1779276341.569898
approach4_mm2_run1,8249000,1779276341.623306
approach4_mm2_run1,8250000,1779276341.624889
approach4_mm2_run1,8251000,1779276341.626465
approach4_mm2_run1,8252000,1779276341.628042
approach4_mm2_run1,8253000,1779276341.629624
approach4_mm2_run1,8254000,1779276341.732365
approach4_mm2_run1,8255000,1779276341.733933
approach4_mm2_run1,8256000,1779276341.735548
approach4_mm2_run1,8257000,1779276341.737126
approach4_mm2_run1,8258000,1779276341.738746
approach4_mm2_run1,8259000,1779276341.740341
approach4_mm2_run1,8260000,1779276341.932786
approach4_mm2_run1,8261000,1779276341.934382
approach4_mm2_run1,8262000,1779276341.936006
approach4_mm2_run1,8263000,1779276341.937580
approach4_mm2_run1,8264000,1779276341.939175
approach4_mm2_run1,8265000,1779276342.047392
approach4_mm2_run1,8266000,1779276342.049466
approach4_mm2_run1,8267000,1779276342.051373
approach4_mm2_run1,8268000,1779276342.052963
approach4_mm2_run1,8269000,1779276342.054528
approach4_mm2_run1,8270000,1779276342.056155
approach4_mm2_run1,8271000,1779276342.057727
approach4_mm2_run1,8272000,1779276342.059313
approach4_mm2_run1,8273000,1779276342.060924
approach4_mm2_run1,8274000,1779276342.062502
approach4_mm2_run1,8275000,1779276342.064110
approach4_mm2_run1,8276000,1779276342.245045
approach4_mm2_run1,8277000,1779276342.246653
approach4_mm2_run1,8278000,1779276342.248209
approach4_mm2_run1,8279000,1779276342.249790
approach4_mm2_run1,8280000,1779276342.251395
approach4_mm2_run1,8281000,1779276342.306494
approach4_mm2_run1,8282000,1779276342.308066
approach4_mm2_run1,8283000,1779276342.309638
approach4_mm2_run1,8284000,1779276342.311231
approach4_mm2_run1,8285000,1779276342.312807
approach4_mm2_run1,8286000,1779276342.354086
approach4_mm2_run1,8287000,1779276342.355720
approach4_mm2_run1,8288000,1779276342.357295
approach4_mm2_run1,8289000,1779276342.358904
approach4_mm2_run1,8290000,1779276342.360510
approach4_mm2_run1,8291000,1779276342.482389
approach4_mm2_run1,8292000,1779276342.483955
approach4_mm2_run1,8293000,1779276342.485530
approach4_mm2_run1,8294000,1779276342.487140
approach4_mm2_run1,8295000,1779276342.488727
approach4_mm2_run1,8296000,1779276342.490328
approach4_mm2_run1,8297000,1779276342.660434
approach4_mm2_run1,8298000,1779276342.662017
approach4_mm2_run1,8299000,1779276342.663616
approach4_mm2_run1,8300000,1779276342.665229
approach4_mm2_run1,8301000,1779276342.666823
approach4_mm2_run1,8302000,1779276342.777630
approach4_mm2_run1,8303000,1779276342.779228
approach4_mm2_run1,8304000,1779276342.780805
approach4_mm2_run1,8305000,1779276342.782413
approach4_mm2_run1,8306000,1779276342.784026
approach4_mm2_run1,8307000,1779276342.837344
approach4_mm2_run1,8308000,1779276342.838926
approach4_mm2_run1,8309000,1779276342.840508
approach4_mm2_run1,8310000,1779276342.842090
approach4_mm2_run1,8311000,1779276342.843679
approach4_mm2_run1,8312000,1779276342.989944
approach4_mm2_run1,8313000,1779276342.991501
approach4_mm2_run1,8314000,1779276342.993119
approach4_mm2_run1,8315000,1779276342.994686
approach4_mm2_run1,8316000,1779276342.996315
approach4_mm2_run1,8317000,1779276342.997896
approach4_mm2_run1,8318000,1779276343.052734
approach4_mm2_run1,8319000,1779276343.054338
approach4_mm2_run1,8320000,1779276343.055968
approach4_mm2_run1,8321000,1779276343.057555
approach4_mm2_run1,8322000,1779276343.059134
approach4_mm2_run1,8323000,1779276343.084678
approach4_mm2_run1,8324000,1779276343.086284
approach4_mm2_run1,8325000,1779276343.087841
approach4_mm2_run1,8326000,1779276343.089439
approach4_mm2_run1,8327000,1779276343.091018
approach4_mm2_run1,8328000,1779276343.234151
approach4_mm2_run1,8329000,1779276343.235760
approach4_mm2_run1,8330000,1779276343.237347
approach4_mm2_run1,8331000,1779276343.238937
approach4_mm2_run1,8332000,1779276343.240508
approach4_mm2_run1,8333000,1779276343.242093
approach4_mm2_run1,8334000,1779276343.388147
approach4_mm2_run1,8335000,1779276343.389704
approach4_mm2_run1,8336000,1779276343.391320
approach4_mm2_run1,8337000,1779276343.392898
approach4_mm2_run1,8338000,1779276343.394507
approach4_mm2_run1,8339000,1779276343.506801
approach4_mm2_run1,8340000,1779276343.508391
approach4_mm2_run1,8341000,1779276343.509969
approach4_mm2_run1,8342000,1779276343.511575
approach4_mm2_run1,8343000,1779276343.513173
approach4_mm2_run1,8344000,1779276343.616221
approach4_mm2_run1,8345000,1779276343.617802
approach4_mm2_run1,8346000,1779276343.619396
approach4_mm2_run1,8347000,1779276343.620989
approach4_mm2_run1,8348000,1779276343.622575
approach4_mm2_run1,8349000,1779276343.738354
approach4_mm2_run1,8350000,1779276343.739958
approach4_mm2_run1,8351000,1779276343.741565
approach4_mm2_run1,8352000,1779276343.743169
approach4_mm2_run1,8353000,1779276343.744753
approach4_mm2_run1,8354000,1779276343.746389
approach4_mm2_run1,8355000,1779276343.799093
approach4_mm2_run1,8356000,1779276343.800666
approach4_mm2_run1,8357000,1779276343.802221
approach4_mm2_run1,8358000,1779276343.803811
approach4_mm2_run1,8359000,1779276343.805417
approach4_mm2_run1,8360000,1779276343.815121
approach4_mm2_run1,8361000,1779276343.816683
approach4_mm2_run1,8362000,1779276343.818270
approach4_mm2_run1,8363000,1779276343.819839
approach4_mm2_run1,8364000,1779276343.821412
approach4_mm2_run1,8365000,1779276343.982525
approach4_mm2_run1,8366000,1779276343.984092
approach4_mm2_run1,8367000,1779276343.985698
approach4_mm2_run1,8368000,1779276343.987298
approach4_mm2_run1,8369000,1779276343.988893
approach4_mm2_run1,8370000,1779276343.990493
approach4_mm2_run1,8371000,1779276344.116751
approach4_mm2_run1,8372000,1779276344.118326
approach4_mm2_run1,8373000,1779276344.119932
approach4_mm2_run1,8374000,1779276344.121528
approach4_mm2_run1,8375000,1779276344.123133
approach4_mm2_run1,8376000,1779276344.237832
approach4_mm2_run1,8377000,1779276344.239456
approach4_mm2_run1,8378000,1779276344.241058
approach4_mm2_run1,8379000,1779276344.242655
approach4_mm2_run1,8380000,1779276344.244223
approach4_mm2_run1,8381000,1779276344.402615
approach4_mm2_run1,8382000,1779276344.404194
approach4_mm2_run1,8383000,1779276344.405795
approach4_mm2_run1,8384000,1779276344.407381
approach4_mm2_run1,8385000,1779276344.408970
approach4_mm2_run1,8386000,1779276344.481916
approach4_mm2_run1,8387000,1779276344.483499
approach4_mm2_run1,8388000,1779276344.485104
approach4_mm2_run1,8389000,1779276344.486715
approach4_mm2_run1,8390000,1779276344.488271
approach4_mm2_run1,8391000,1779276344.489873
approach4_mm2_run1,8392000,1779276344.541756
approach4_mm2_run1,8393000,1779276344.543405
approach4_mm2_run1,8394000,1779276344.545676
approach4_mm2_run1,8395000,1779276344.547358
approach4_mm2_run1,8396000,1779276344.548944
approach4_mm2_run1,8397000,1779276344.550537
approach4_mm2_run1,8398000,1779276344.552137
approach4_mm2_run1,8399000,1779276344.553731
approach4_mm2_run1,8400000,1779276344.555368
approach4_mm2_run1,8401000,1779276344.556947
approach4_mm2_run1,8402000,1779276344.729789
approach4_mm2_run1,8403000,1779276344.731375
approach4_mm2_run1,8404000,1779276344.732982
approach4_mm2_run1,8405000,1779276344.734594
approach4_mm2_run1,8406000,1779276344.736229
approach4_mm2_run1,8407000,1779276344.737803
approach4_mm2_run1,8408000,1779276344.845193
approach4_mm2_run1,8409000,1779276344.846768
approach4_mm2_run1,8410000,1779276344.848404
approach4_mm2_run1,8411000,1779276344.850011
approach4_mm2_run1,8412000,1779276344.851614
approach4_mm2_run1,8413000,1779276344.967926
approach4_mm2_run1,8414000,1779276344.969536
approach4_mm2_run1,8415000,1779276344.971117
approach4_mm2_run1,8416000,1779276344.972728
approach4_mm2_run1,8417000,1779276344.974374
approach4_mm2_run1,8418000,1779276345.187916
approach4_mm2_run1,8419000,1779276345.189500
approach4_mm2_run1,8420000,1779276345.191106
approach4_mm2_run1,8421000,1779276345.192699
approach4_mm2_run1,8422000,1779276345.194272
approach4_mm2_run1,8423000,1779276345.227243
approach4_mm2_run1,8424000,1779276345.228825
approach4_mm2_run1,8425000,1779276345.230434
approach4_mm2_run1,8426000,1779276345.232020
approach4_mm2_run1,8427000,1779276345.233581
approach4_mm2_run1,8428000,1779276345.235236
approach4_mm2_run1,8429000,1779276345.277177
approach4_mm2_run1,8430000,1779276345.278769
approach4_mm2_run1,8431000,1779276345.280359
approach4_mm2_run1,8432000,1779276345.281957
approach4_mm2_run1,8433000,1779276345.283576
approach4_mm2_run1,8434000,1779276345.293143
approach4_mm2_run1,8435000,1779276345.294747
approach4_mm2_run1,8436000,1779276345.296359
approach4_mm2_run1,8437000,1779276345.297979
approach4_mm2_run1,8438000,1779276345.299586
approach4_mm2_run1,8439000,1779276345.479475
approach4_mm2_run1,8440000,1779276345.481073
approach4_mm2_run1,8441000,1779276345.482662
approach4_mm2_run1,8442000,1779276345.484214
approach4_mm2_run1,8443000,1779276345.485854
approach4_mm2_run1,8444000,1779276345.571249
approach4_mm2_run1,8445000,1779276345.572830
approach4_mm2_run1,8446000,1779276345.574421
approach4_mm2_run1,8447000,1779276345.576046
approach4_mm2_run1,8448000,1779276345.577628
approach4_mm2_run1,8449000,1779276345.579243
approach4_mm2_run1,8450000,1779276345.694690
approach4_mm2_run1,8451000,1779276345.696335
approach4_mm2_run1,8452000,1779276345.697938
approach4_mm2_run1,8453000,1779276345.699550
approach4_mm2_run1,8454000,1779276345.701171
approach4_mm2_run1,8455000,1779276345.975389
approach4_mm2_run1,8456000,1779276345.977004
approach4_mm2_run1,8457000,1779276345.979151
approach4_mm2_run1,8458000,1779276345.980990
approach4_mm2_run1,8459000,1779276345.982619
approach4_mm2_run1,8460000,1779276345.984220
approach4_mm2_run1,8461000,1779276345.985820
approach4_mm2_run1,8462000,1779276345.987454
approach4_mm2_run1,8463000,1779276345.989034
approach4_mm2_run1,8464000,1779276345.990672
approach4_mm2_run1,8465000,1779276345.992265
approach4_mm2_run1,8466000,1779276346.007287
approach4_mm2_run1,8467000,1779276346.008883
approach4_mm2_run1,8468000,1779276346.010494
approach4_mm2_run1,8469000,1779276346.012101
approach4_mm2_run1,8470000,1779276346.013709
approach4_mm2_run1,8471000,1779276346.037258
approach4_mm2_run1,8472000,1779276346.038863
approach4_mm2_run1,8473000,1779276346.040468
approach4_mm2_run1,8474000,1779276346.042048
approach4_mm2_run1,8475000,1779276346.043662
approach4_mm2_run1,8476000,1779276346.234168
approach4_mm2_run1,8477000,1779276346.235801
approach4_mm2_run1,8478000,1779276346.237392
approach4_mm2_run1,8479000,1779276346.239011
approach4_mm2_run1,8480000,1779276346.240590
approach4_mm2_run1,8481000,1779276346.300335
approach4_mm2_run1,8482000,1779276346.301896
approach4_mm2_run1,8483000,1779276346.303498
approach4_mm2_run1,8484000,1779276346.305138
approach4_mm2_run1,8485000,1779276346.306740
approach4_mm2_run1,8486000,1779276346.308334
approach4_mm2_run1,8487000,1779276346.425038
approach4_mm2_run1,8488000,1779276346.426678
approach4_mm2_run1,8489000,1779276346.428240
approach4_mm2_run1,8490000,1779276346.429851
approach4_mm2_run1,8491000,1779276346.431472
approach4_mm2_run1,8492000,1779276346.492748
approach4_mm2_run1,8493000,1779276346.494348
approach4_mm2_run1,8494000,1779276346.495955
approach4_mm2_run1,8495000,1779276346.722757
approach4_mm2_run1,8496000,1779276346.724312
approach4_mm2_run1,8497000,1779276346.725943
approach4_mm2_run1,8498000,1779276346.727515
approach4_mm2_run1,8499000,1779276346.729069
approach4_mm2_run1,8500000,1779276346.730673
approach4_mm2_run1,8501000,1779276346.760205
approach4_mm2_run1,8502000,1779276346.761784
approach4_mm2_run1,8503000,1779276346.763349
approach4_mm2_run1,8504000,1779276346.764948
approach4_mm2_run1,8505000,1779276346.766550
approach4_mm2_run1,8506000,1779276346.781711
approach4_mm2_run1,8507000,1779276346.783305
approach4_mm2_run1,8508000,1779276346.784926
approach4_mm2_run1,8509000,1779276346.786499
approach4_mm2_run1,8510000,1779276346.788119
approach4_mm2_run1,8511000,1779276346.981019
approach4_mm2_run1,8512000,1779276346.982590
approach4_mm2_run1,8513000,1779276346.984178
approach4_mm2_run1,8514000,1779276346.985793
approach4_mm2_run1,8515000,1779276346.987403
approach4_mm2_run1,8516000,1779276346.988996
approach4_mm2_run1,8517000,1779276347.029885
approach4_mm2_run1,8518000,1779276347.031462
approach4_mm2_run1,8519000,1779276347.033072
approach4_mm2_run1,8520000,1779276347.034675
approach4_mm2_run1,8521000,1779276347.036271
approach4_mm2_run1,8522000,1779276347.152333
approach4_mm2_run1,8523000,1779276347.153919
approach4_mm2_run1,8524000,1779276347.155531
approach4_mm2_run1,8525000,1779276347.157102
approach4_mm2_run1,8526000,1779276347.158716
approach4_mm2_run1,8527000,1779276347.469895
approach4_mm2_run1,8528000,1779276347.471484
approach4_mm2_run1,8529000,1779276347.473068
approach4_mm2_run1,8530000,1779276347.474660
approach4_mm2_run1,8531000,1779276347.476278
approach4_mm2_run1,8532000,1779276347.523121
approach4_mm2_run1,8533000,1779276347.524692
approach4_mm2_run1,8534000,1779276347.526324
approach4_mm2_run1,8535000,1779276347.527916
approach4_mm2_run1,8536000,1779276347.529516
approach4_mm2_run1,8537000,1779276347.531123
approach4_mm2_run1,8538000,1779276347.544662
approach4_mm2_run1,8539000,1779276347.546271
approach4_mm2_run1,8540000,1779276347.547829
approach4_mm2_run1,8541000,1779276347.549416
approach4_mm2_run1,8542000,1779276347.551026
approach4_mm2_run1,8543000,1779276347.728636
approach4_mm2_run1,8544000,1779276347.730199
approach4_mm2_run1,8545000,1779276347.731796
approach4_mm2_run1,8546000,1779276347.733379
approach4_mm2_run1,8547000,1779276347.734979
approach4_mm2_run1,8548000,1779276347.756070
approach4_mm2_run1,8549000,1779276347.757648
approach4_mm2_run1,8550000,1779276347.759220
approach4_mm2_run1,8551000,1779276347.760831
approach4_mm2_run1,8552000,1779276347.762407
approach4_mm2_run1,8553000,1779276347.763994
approach4_mm2_run1,8554000,1779276347.882010
approach4_mm2_run1,8555000,1779276347.883589
approach4_mm2_run1,8556000,1779276347.885181
approach4_mm2_run1,8557000,1779276347.886806
approach4_mm2_run1,8558000,1779276347.888383
approach4_mm2_run1,8559000,1779276348.214417
approach4_mm2_run1,8560000,1779276348.216050
approach4_mm2_run1,8561000,1779276348.217608
approach4_mm2_run1,8562000,1779276348.219202
approach4_mm2_run1,8563000,1779276348.220762
approach4_mm2_run1,8564000,1779276348.274536
approach4_mm2_run1,8565000,1779276348.276126
approach4_mm2_run1,8566000,1779276348.277723
approach4_mm2_run1,8567000,1779276348.279329
approach4_mm2_run1,8568000,1779276348.280919
approach4_mm2_run1,8569000,1779276348.329233
approach4_mm2_run1,8570000,1779276348.330823
approach4_mm2_run1,8571000,1779276348.332404
approach4_mm2_run1,8572000,1779276348.333978
approach4_mm2_run1,8573000,1779276348.335609
approach4_mm2_run1,8574000,1779276348.337197
approach4_mm2_run1,8575000,1779276348.478768
approach4_mm2_run1,8576000,1779276348.480332
approach4_mm2_run1,8577000,1779276348.481992
approach4_mm2_run1,8578000,1779276348.484277
approach4_mm2_run1,8579000,1779276348.485980
approach4_mm2_run1,8580000,1779276348.487545
approach4_mm2_run1,8581000,1779276348.489155
approach4_mm2_run1,8582000,1779276348.490731
approach4_mm2_run1,8583000,1779276348.492322
approach4_mm2_run1,8584000,1779276348.493884
approach4_mm2_run1,8585000,1779276348.608907
approach4_mm2_run1,8586000,1779276348.610507
approach4_mm2_run1,8587000,1779276348.612074
approach4_mm2_run1,8588000,1779276348.613647
approach4_mm2_run1,8589000,1779276348.615289
approach4_mm2_run1,8590000,1779276348.616862
approach4_mm2_run1,8591000,1779276348.961021
approach4_mm2_run1,8592000,1779276348.962643
approach4_mm2_run1,8593000,1779276348.964215
approach4_mm2_run1,8594000,1779276348.965810
approach4_mm2_run1,8595000,1779276348.967411
approach4_mm2_run1,8596000,1779276349.015441
approach4_mm2_run1,8597000,1779276349.017000
approach4_mm2_run1,8598000,1779276349.018601
approach4_mm2_run1,8599000,1779276349.020171
approach4_mm2_run1,8600000,1779276349.021768
approach4_mm2_run1,8601000,1779276349.122148
approach4_mm2_run1,8602000,1779276349.123712
approach4_mm2_run1,8603000,1779276349.125320
approach4_mm2_run1,8604000,1779276349.126920
approach4_mm2_run1,8605000,1779276349.128520
approach4_mm2_run1,8606000,1779276349.213857
approach4_mm2_run1,8607000,1779276349.215451
approach4_mm2_run1,8608000,1779276349.217060
approach4_mm2_run1,8609000,1779276349.218648
approach4_mm2_run1,8610000,1779276349.220248
approach4_mm2_run1,8611000,1779276349.221826
approach4_mm2_run1,8612000,1779276349.227416
approach4_mm2_run1,8613000,1779276349.228966
approach4_mm2_run1,8614000,1779276349.230532
approach4_mm2_run1,8615000,1779276349.232119
approach4_mm2_run1,8616000,1779276349.233694
approach4_mm2_run1,8617000,1779276349.338644
approach4_mm2_run1,8618000,1779276349.340203
approach4_mm2_run1,8619000,1779276349.341760
approach4_mm2_run1,8620000,1779276349.343360
approach4_mm2_run1,8621000,1779276349.344948
approach4_mm2_run1,8622000,1779276349.706910
approach4_mm2_run1,8623000,1779276349.708467
approach4_mm2_run1,8624000,1779276349.710024
approach4_mm2_run1,8625000,1779276349.711632
approach4_mm2_run1,8626000,1779276349.713216
approach4_mm2_run1,8627000,1779276349.714841
approach4_mm2_run1,8628000,1779276349.760349
approach4_mm2_run1,8629000,1779276349.761915
approach4_mm2_run1,8630000,1779276349.763540
approach4_mm2_run1,8631000,1779276349.765149
approach4_mm2_run1,8632000,1779276349.766741
approach4_mm2_run1,8633000,1779276349.901061
approach4_mm2_run1,8634000,1779276349.902658
approach4_mm2_run1,8635000,1779276349.904231
approach4_mm2_run1,8636000,1779276349.905835
approach4_mm2_run1,8637000,1779276349.907439
approach4_mm2_run1,8638000,1779276349.942537
approach4_mm2_run1,8639000,1779276349.944101
approach4_mm2_run1,8640000,1779276349.945738
approach4_mm2_run1,8641000,1779276349.947345
approach4_mm2_run1,8642000,1779276349.948918
approach4_mm2_run1,8643000,1779276349.977114
approach4_mm2_run1,8644000,1779276349.978689
approach4_mm2_run1,8645000,1779276349.980279
approach4_mm2_run1,8646000,1779276349.981843
approach4_mm2_run1,8647000,1779276349.983440
approach4_mm2_run1,8648000,1779276349.985063
approach4_mm2_run1,8649000,1779276350.067167
approach4_mm2_run1,8650000,1779276350.068757
approach4_mm2_run1,8651000,1779276350.070358
approach4_mm2_run1,8652000,1779276350.071934
approach4_mm2_run1,8653000,1779276350.073513
approach4_mm2_run1,8654000,1779276350.456767
approach4_mm2_run1,8655000,1779276350.458376
approach4_mm2_run1,8656000,1779276350.459935
approach4_mm2_run1,8657000,1779276350.461494
approach4_mm2_run1,8658000,1779276350.463132
approach4_mm2_run1,8659000,1779276350.504700
approach4_mm2_run1,8660000,1779276350.506332
approach4_mm2_run1,8661000,1779276350.507894
approach4_mm2_run1,8662000,1779276350.509501
approach4_mm2_run1,8663000,1779276350.511097
approach4_mm2_run1,8664000,1779276350.669662
approach4_mm2_run1,8665000,1779276350.671226
approach4_mm2_run1,8666000,1779276350.672824
approach4_mm2_run1,8667000,1779276350.674418
approach4_mm2_run1,8668000,1779276350.676053
approach4_mm2_run1,8669000,1779276350.677624
approach4_mm2_run1,8670000,1779276350.687998
approach4_mm2_run1,8671000,1779276350.689555
approach4_mm2_run1,8672000,1779276350.691143
approach4_mm2_run1,8673000,1779276350.692719
approach4_mm2_run1,8674000,1779276350.694312
approach4_mm2_run1,8675000,1779276350.725698
approach4_mm2_run1,8676000,1779276350.727283
approach4_mm2_run1,8677000,1779276350.728840
approach4_mm2_run1,8678000,1779276350.730432
approach4_mm2_run1,8679000,1779276350.732021
approach4_mm2_run1,8680000,1779276350.793224
approach4_mm2_run1,8681000,1779276350.794831
approach4_mm2_run1,8682000,1779276350.796437
approach4_mm2_run1,8683000,1779276350.798014
approach4_mm2_run1,8684000,1779276350.799622
approach4_mm2_run1,8685000,1779276350.801205
approach4_mm2_run1,8686000,1779276351.201713
approach4_mm2_run1,8687000,1779276351.203310
approach4_mm2_run1,8688000,1779276351.204889
approach4_mm2_run1,8689000,1779276351.206478
approach4_mm2_run1,8690000,1779276351.208071
approach4_mm2_run1,8691000,1779276351.255427
approach4_mm2_run1,8692000,1779276351.256982
approach4_mm2_run1,8693000,1779276351.258585
approach4_mm2_run1,8694000,1779276351.260165
approach4_mm2_run1,8695000,1779276351.261745
approach4_mm2_run1,8696000,1779276351.474453
approach4_mm2_run1,8697000,1779276351.476388
approach4_mm2_run1,8698000,1779276351.478417
approach4_mm2_run1,8699000,1779276351.480007
approach4_mm2_run1,8700000,1779276351.481603
approach4_mm2_run1,8701000,1779276351.483187
approach4_mm2_run1,8702000,1779276351.484774
approach4_mm2_run1,8703000,1779276351.486392
approach4_mm2_run1,8704000,1779276351.487983
approach4_mm2_run1,8705000,1779276351.489574
approach4_mm2_run1,8706000,1779276351.491162
approach4_mm2_run1,8707000,1779276351.522756
approach4_mm2_run1,8708000,1779276351.524341
approach4_mm2_run1,8709000,1779276351.525928
approach4_mm2_run1,8710000,1779276351.527524
approach4_mm2_run1,8711000,1779276351.529114
approach4_mm2_run1,8712000,1779276351.733044
approach4_mm2_run1,8713000,1779276351.734620
approach4_mm2_run1,8714000,1779276351.736250
approach4_mm2_run1,8715000,1779276351.737842
approach4_mm2_run1,8716000,1779276351.739447
approach4_mm2_run1,8717000,1779276351.946065
approach4_mm2_run1,8718000,1779276351.947620
approach4_mm2_run1,8719000,1779276351.949176
approach4_mm2_run1,8720000,1779276351.950748
approach4_mm2_run1,8721000,1779276351.952308
approach4_mm2_run1,8722000,1779276351.953879
approach4_mm2_run1,8723000,1779276351.998768
approach4_mm2_run1,8724000,1779276352.000333
approach4_mm2_run1,8725000,1779276352.001899
approach4_mm2_run1,8726000,1779276352.003475
approach4_mm2_run1,8727000,1779276352.005082
approach4_mm2_run1,8728000,1779276352.251879
approach4_mm2_run1,8729000,1779276352.253467
approach4_mm2_run1,8730000,1779276352.255067
approach4_mm2_run1,8731000,1779276352.256665
approach4_mm2_run1,8732000,1779276352.258258
approach4_mm2_run1,8733000,1779276352.266401
approach4_mm2_run1,8734000,1779276352.267971
approach4_mm2_run1,8735000,1779276352.269536
approach4_mm2_run1,8736000,1779276352.271130
approach4_mm2_run1,8737000,1779276352.272717
approach4_mm2_run1,8738000,1779276352.459793
approach4_mm2_run1,8739000,1779276352.461385
approach4_mm2_run1,8740000,1779276352.462997
approach4_mm2_run1,8741000,1779276352.464589
approach4_mm2_run1,8742000,1779276352.466193
approach4_mm2_run1,8743000,1779276352.467815
approach4_mm2_run1,8744000,1779276352.576167
approach4_mm2_run1,8745000,1779276352.577747
approach4_mm2_run1,8746000,1779276352.579342
approach4_mm2_run1,8747000,1779276352.580908
approach4_mm2_run1,8748000,1779276352.582510
approach4_mm2_run1,8749000,1779276352.692816
approach4_mm2_run1,8750000,1779276352.694409
approach4_mm2_run1,8751000,1779276352.696030
approach4_mm2_run1,8752000,1779276352.697608
approach4_mm2_run1,8753000,1779276352.699188
approach4_mm2_run1,8754000,1779276352.740647
approach4_mm2_run1,8755000,1779276352.742237
approach4_mm2_run1,8756000,1779276352.743833
approach4_mm2_run1,8757000,1779276352.745438
approach4_mm2_run1,8758000,1779276352.747034
approach4_mm2_run1,8759000,1779276352.979452
approach4_mm2_run1,8760000,1779276352.981045
approach4_mm2_run1,8761000,1779276352.982625
approach4_mm2_run1,8762000,1779276352.984209
approach4_mm2_run1,8763000,1779276352.985829
approach4_mm2_run1,8764000,1779276352.987447
approach4_mm2_run1,8765000,1779276353.044611
approach4_mm2_run1,8766000,1779276353.046207
approach4_mm2_run1,8767000,1779276353.047795
approach4_mm2_run1,8768000,1779276353.049374
approach4_mm2_run1,8769000,1779276353.050952
approach4_mm2_run1,8770000,1779276353.187720
approach4_mm2_run1,8771000,1779276353.189307
approach4_mm2_run1,8772000,1779276353.190911
approach4_mm2_run1,8773000,1779276353.192477
approach4_mm2_run1,8774000,1779276353.194063
approach4_mm2_run1,8775000,1779276353.324448
approach4_mm2_run1,8776000,1779276353.326029
approach4_mm2_run1,8777000,1779276353.327647
approach4_mm2_run1,8778000,1779276353.329240
approach4_mm2_run1,8779000,1779276353.330837
approach4_mm2_run1,8780000,1779276353.332438
approach4_mm2_run1,8781000,1779276353.442379
approach4_mm2_run1,8782000,1779276353.443949
approach4_mm2_run1,8783000,1779276353.445570
approach4_mm2_run1,8784000,1779276353.447172
approach4_mm2_run1,8785000,1779276353.448764
approach4_mm2_run1,8786000,1779276353.485052
approach4_mm2_run1,8787000,1779276353.486637
approach4_mm2_run1,8788000,1779276353.488197
approach4_mm2_run1,8789000,1779276353.489777
approach4_mm2_run1,8790000,1779276353.491369
approach4_mm2_run1,8791000,1779276353.915205
approach4_mm2_run1,8792000,1779276353.916796
approach4_mm2_run1,8793000,1779276353.918396
approach4_mm2_run1,8794000,1779276353.919983
approach4_mm2_run1,8795000,1779276353.921587
approach4_mm2_run1,8796000,1779276354.060956
approach4_mm2_run1,8797000,1779276354.062538
approach4_mm2_run1,8798000,1779276354.064139
approach4_mm2_run1,8799000,1779276354.065767
approach4_mm2_run1,8800000,1779276354.067383
approach4_mm2_run1,8801000,1779276354.068974
approach4_mm2_run1,8802000,1779276354.074357
approach4_mm2_run1,8803000,1779276354.075967
approach4_mm2_run1,8804000,1779276354.077547
approach4_mm2_run1,8805000,1779276354.079121
approach4_mm2_run1,8806000,1779276354.080710
approach4_mm2_run1,8807000,1779276354.176224
approach4_mm2_run1,8808000,1779276354.177807
approach4_mm2_run1,8809000,1779276354.179402
approach4_mm2_run1,8810000,1779276354.180977
approach4_mm2_run1,8811000,1779276354.182614
approach4_mm2_run1,8812000,1779276354.185203
approach4_mm2_run1,8813000,1779276354.186769
approach4_mm2_run1,8814000,1779276354.188343
approach4_mm2_run1,8815000,1779276354.189917
approach4_mm2_run1,8816000,1779276354.191502
approach4_mm2_run1,8817000,1779276354.193076
approach4_mm2_run1,8818000,1779276354.231033
approach4_mm2_run1,8819000,1779276354.232619
approach4_mm2_run1,8820000,1779276354.234205
approach4_mm2_run1,8821000,1779276354.235808
approach4_mm2_run1,8822000,1779276354.237399
approach4_mm2_run1,8823000,1779276354.646480
approach4_mm2_run1,8824000,1779276354.648042
approach4_mm2_run1,8825000,1779276354.649632
approach4_mm2_run1,8826000,1779276354.651424
approach4_mm2_run1,8827000,1779276354.653557
approach4_mm2_run1,8828000,1779276354.655179
approach4_mm2_run1,8829000,1779276354.656741
approach4_mm2_run1,8830000,1779276354.658336
approach4_mm2_run1,8831000,1779276354.659928
approach4_mm2_run1,8832000,1779276354.824166
approach4_mm2_run1,8833000,1779276354.825774
approach4_mm2_run1,8834000,1779276354.827355
approach4_mm2_run1,8835000,1779276354.828918
approach4_mm2_run1,8836000,1779276354.830494
approach4_mm2_run1,8837000,1779276354.832100
approach4_mm2_run1,8838000,1779276354.931495
approach4_mm2_run1,8839000,1779276354.933074
approach4_mm2_run1,8840000,1779276354.934670
approach4_mm2_run1,8841000,1779276354.936283
approach4_mm2_run1,8842000,1779276354.937856
approach4_mm2_run1,8843000,1779276354.963816
approach4_mm2_run1,8844000,1779276354.965415
approach4_mm2_run1,8845000,1779276354.967006
approach4_mm2_run1,8846000,1779276354.968569
approach4_mm2_run1,8847000,1779276354.970159
approach4_mm2_run1,8848000,1779276354.976363
approach4_mm2_run1,8849000,1779276354.977949
approach4_mm2_run1,8850000,1779276354.979523
approach4_mm2_run1,8851000,1779276354.981087
approach4_mm2_run1,8852000,1779276354.982719
approach4_mm2_run1,8853000,1779276354.984315
approach4_mm2_run1,8854000,1779276355.373954
approach4_mm2_run1,8855000,1779276355.375593
approach4_mm2_run1,8856000,1779276355.377180
approach4_mm2_run1,8857000,1779276355.378807
approach4_mm2_run1,8858000,1779276355.380405
approach4_mm2_run1,8859000,1779276355.574229
approach4_mm2_run1,8860000,1779276355.575826
approach4_mm2_run1,8861000,1779276355.577417
approach4_mm2_run1,8862000,1779276355.579021
approach4_mm2_run1,8863000,1779276355.580611
approach4_mm2_run1,8864000,1779276355.675765
approach4_mm2_run1,8865000,1779276355.677345
approach4_mm2_run1,8866000,1779276355.678939
approach4_mm2_run1,8867000,1779276355.680520
approach4_mm2_run1,8868000,1779276355.682104
approach4_mm2_run1,8869000,1779276355.720693
approach4_mm2_run1,8870000,1779276355.722288
approach4_mm2_run1,8871000,1779276355.723839
approach4_mm2_run1,8872000,1779276355.725433
approach4_mm2_run1,8873000,1779276355.727029
approach4_mm2_run1,8874000,1779276355.728626
approach4_mm2_run1,8875000,1779276355.749935
approach4_mm2_run1,8876000,1779276355.751497
approach4_mm2_run1,8877000,1779276355.753061
approach4_mm2_run1,8878000,1779276355.754655
approach4_mm2_run1,8879000,1779276355.756249
approach4_mm2_run1,8880000,1779276356.100537
approach4_mm2_run1,8881000,1779276356.102110
approach4_mm2_run1,8882000,1779276356.103707
approach4_mm2_run1,8883000,1779276356.105327
approach4_mm2_run1,8884000,1779276356.106921
approach4_mm2_run1,8885000,1779276356.321853
approach4_mm2_run1,8886000,1779276356.323440
approach4_mm2_run1,8887000,1779276356.325047
approach4_mm2_run1,8888000,1779276356.326669
approach4_mm2_run1,8889000,1779276356.328247
approach4_mm2_run1,8890000,1779276356.414164
approach4_mm2_run1,8891000,1779276356.423099
approach4_mm2_run1,8892000,1779276356.424654
approach4_mm2_run1,8893000,1779276356.426232
approach4_mm2_run1,8894000,1779276356.427803
approach4_mm2_run1,8895000,1779276356.429364
approach4_mm2_run1,8896000,1779276356.464252
approach4_mm2_run1,8897000,1779276356.465828
approach4_mm2_run1,8898000,1779276356.467394
approach4_mm2_run1,8899000,1779276356.468947
approach4_mm2_run1,8900000,1779276356.470536
approach4_mm2_run1,8901000,1779276356.472103
approach4_mm2_run1,8902000,1779276356.532818
approach4_mm2_run1,8903000,1779276356.534378
approach4_mm2_run1,8904000,1779276356.535952
approach4_mm2_run1,8905000,1779276356.537504
approach4_mm2_run1,8906000,1779276356.539064
approach4_mm2_run1,8907000,1779276356.828430
approach4_mm2_run1,8908000,1779276356.829991
approach4_mm2_run1,8909000,1779276356.831562
approach4_mm2_run1,8910000,1779276356.833124
approach4_mm2_run1,8911000,1779276356.834709
approach4_mm2_run1,8912000,1779276357.170671
approach4_mm2_run1,8913000,1779276357.172223
approach4_mm2_run1,8914000,1779276357.173776
approach4_mm2_run1,8915000,1779276357.175375
approach4_mm2_run1,8916000,1779276357.176932
approach4_mm2_run1,8917000,1779276357.178515
approach4_mm2_run1,8918000,1779276357.216956
approach4_mm2_run1,8919000,1779276357.218525
approach4_mm2_run1,8920000,1779276357.220100
approach4_mm2_run1,8921000,1779276357.221666
approach4_mm2_run1,8922000,1779276357.223251
approach4_mm2_run1,8923000,1779276357.318929
approach4_mm2_run1,8924000,1779276357.320480
approach4_mm2_run1,8925000,1779276357.322019
approach4_mm2_run1,8926000,1779276357.323591
approach4_mm2_run1,8927000,1779276357.325186
approach4_mm2_run1,8928000,1779276357.556023
approach4_mm2_run1,8929000,1779276357.557587
approach4_mm2_run1,8930000,1779276357.559158
approach4_mm2_run1,8931000,1779276357.560718
approach4_mm2_run1,8932000,1779276357.562294
approach4_mm2_run1,8933000,1779276357.916134
approach4_mm2_run1,8934000,1779276357.917696
approach4_mm2_run1,8935000,1779276357.919263
approach4_mm2_run1,8936000,1779276357.920815
approach4_mm2_run1,8937000,1779276357.922390
approach4_mm2_run1,8938000,1779276357.923966
approach4_mm2_run1,8939000,1779276357.958860
approach4_mm2_run1,8940000,1779276357.960425
approach4_mm2_run1,8941000,1779276357.961990
approach4_mm2_run1,8942000,1779276357.963567
approach4_mm2_run1,8943000,1779276357.965164
approach4_mm2_run1,8944000,1779276358.103317
approach4_mm2_run1,8945000,1779276358.104903
approach4_mm2_run1,8946000,1779276358.106481
approach4_mm2_run1,8947000,1779276358.108030
approach4_mm2_run1,8948000,1779276358.109580
approach4_mm2_run1,8949000,1779276358.299757
approach4_mm2_run1,8950000,1779276358.301328
approach4_mm2_run1,8951000,1779276358.302911
approach4_mm2_run1,8952000,1779276358.304483
approach4_mm2_run1,8953000,1779276358.306086
approach4_mm2_run1,8954000,1779276358.659322
approach4_mm2_run1,8955000,1779276358.660890
approach4_mm2_run1,8956000,1779276358.662469
approach4_mm2_run1,8957000,1779276358.664023
approach4_mm2_run1,8958000,1779276358.665612
approach4_mm2_run1,8959000,1779276358.667194
approach4_mm2_run1,8960000,1779276358.702206
approach4_mm2_run1,8961000,1779276358.703812
approach4_mm2_run1,8962000,1779276358.705392
approach4_mm2_run1,8963000,1779276358.706978
approach4_mm2_run1,8964000,1779276358.708544
approach4_mm2_run1,8965000,1779276358.887523
approach4_mm2_run1,8966000,1779276358.889079
approach4_mm2_run1,8967000,1779276358.890646
approach4_mm2_run1,8968000,1779276358.892199
approach4_mm2_run1,8969000,1779276358.893769
approach4_mm2_run1,8970000,1779276359.026344
approach4_mm2_run1,8971000,1779276359.027929
approach4_mm2_run1,8972000,1779276359.029497
approach4_mm2_run1,8973000,1779276359.031078
approach4_mm2_run1,8974000,1779276359.032653
approach4_mm2_run1,8975000,1779276359.034234
approach4_mm2_run1,8976000,1779276359.410369
approach4_mm2_run1,8977000,1779276359.411937
approach4_mm2_run1,8978000,1779276359.413496
approach4_mm2_run1,8979000,1779276359.415104
approach4_mm2_run1,8980000,1779276359.416672
approach4_mm2_run1,8981000,1779276359.445879
approach4_mm2_run1,8982000,1779276359.447449
approach4_mm2_run1,8983000,1779276359.449000
approach4_mm2_run1,8984000,1779276359.450557
approach4_mm2_run1,8985000,1779276359.452116
approach4_mm2_run1,8986000,1779276359.672362
approach4_mm2_run1,8987000,1779276359.673919
approach4_mm2_run1,8988000,1779276359.675516
approach4_mm2_run1,8989000,1779276359.677069
approach4_mm2_run1,8990000,1779276359.678643
approach4_mm2_run1,8991000,1779276359.754429
approach4_mm2_run1,8992000,1779276359.756023
approach4_mm2_run1,8993000,1779276359.757600
approach4_mm2_run1,8994000,1779276359.759171
approach4_mm2_run1,8995000,1779276359.760737
approach4_mm2_run1,8996000,1779276359.762320
approach4_mm2_run1,8997000,1779276360.199485
approach4_mm2_run1,8998000,1779276360.201057
approach4_mm2_run1,8999000,1779276360.202639
approach4_mm2_run1,9000000,1779276360.204209
approach4_mm2_run1,9001000,1779276360.205846
approach4_mm2_run1,9002000,1779276360.424661
approach4_mm2_run1,9003000,1779276360.426250
approach4_mm2_run1,9004000,1779276360.427835
approach4_mm2_run1,9005000,1779276360.429400
approach4_mm2_run1,9006000,1779276360.430991
approach4_mm2_run1,9007000,1779276360.458679
approach4_mm2_run1,9008000,1779276360.460231
approach4_mm2_run1,9009000,1779276360.461778
approach4_mm2_run1,9010000,1779276360.463349
approach4_mm2_run1,9011000,1779276360.464942
approach4_mm2_run1,9012000,1779276360.489832
approach4_mm2_run1,9013000,1779276360.491399
approach4_mm2_run1,9014000,1779276360.492954
approach4_mm2_run1,9015000,1779276360.494526
approach4_mm2_run1,9016000,1779276360.496112
approach4_mm2_run1,9017000,1779276360.939101
approach4_mm2_run1,9018000,1779276360.940717
approach4_mm2_run1,9019000,1779276360.942309
approach4_mm2_run1,9020000,1779276360.943900
approach4_mm2_run1,9021000,1779276360.945507
approach4_mm2_run1,9022000,1779276360.947088
approach4_mm2_run1,9023000,1779276361.249553
approach4_mm2_run1,9024000,1779276361.251825
approach4_mm2_run1,9025000,1779276361.253596
approach4_mm2_run1,9026000,1779276361.255231
approach4_mm2_run1,9027000,1779276361.256804
approach4_mm2_run1,9028000,1779276361.258371
approach4_mm2_run1,9029000,1779276361.259934
approach4_mm2_run1,9030000,1779276361.261484
approach4_mm2_run1,9031000,1779276361.263066
approach4_mm2_run1,9032000,1779276361.264616
approach4_mm2_run1,9033000,1779276361.681671
approach4_mm2_run1,9034000,1779276361.683253
approach4_mm2_run1,9035000,1779276361.684888
approach4_mm2_run1,9036000,1779276361.686462
approach4_mm2_run1,9037000,1779276361.688035
approach4_mm2_run1,9038000,1779276361.689604
approach4_mm2_run1,9039000,1779276361.993528
approach4_mm2_run1,9040000,1779276361.995145
approach4_mm2_run1,9041000,1779276361.996708
approach4_mm2_run1,9042000,1779276361.998282
approach4_mm2_run1,9043000,1779276361.999850
approach4_mm2_run1,9044000,1779276362.037322
approach4_mm2_run1,9045000,1779276362.038908
approach4_mm2_run1,9046000,1779276362.040502
approach4_mm2_run1,9047000,1779276362.042139
approach4_mm2_run1,9048000,1779276362.043724
approach4_mm2_run1,9049000,1779276362.126060
approach4_mm2_run1,9050000,1779276362.127639
approach4_mm2_run1,9051000,1779276362.129205
approach4_mm2_run1,9052000,1779276362.734964
approach4_mm2_run1,9053000,1779276362.736522
approach4_mm2_run1,9054000,1779276362.738079
approach4_mm2_run1,9055000,1779276362.739682
approach4_mm2_run1,9056000,1779276362.741252
approach4_mm2_run1,9057000,1779276362.742829
approach4_mm2_run1,9058000,1779276362.823645
approach4_mm2_run1,9059000,1779276362.825234
approach4_mm2_run1,9060000,1779276362.826803
approach4_mm2_run1,9061000,1779276362.828359
approach4_mm2_run1,9062000,1779276362.829923
approach4_mm2_run1,9063000,1779276363.478244
approach4_mm2_run1,9064000,1779276363.479825
approach4_mm2_run1,9065000,1779276363.481383
approach4_mm2_run1,9066000,1779276363.482957
approach4_mm2_run1,9067000,1779276363.484525
approach4_mm2_run1,9068000,1779276363.606915
approach4_mm2_run1,9069000,1779276363.608472
approach4_mm2_run1,9070000,1779276363.610031
approach4_mm2_run1,9071000,1779276363.611605
approach4_mm2_run1,9072000,1779276363.613170
approach4_mm2_run1,9073000,1779276364.236958
approach4_mm2_run1,9074000,1779276364.238557
approach4_mm2_run1,9075000,1779276364.240111
approach4_mm2_run1,9076000,1779276364.241666
approach4_mm2_run1,9077000,1779276364.243232
approach4_mm2_run1,9078000,1779276364.244783
approach4_mm2_run1,9079000,1779276364.394456
approach4_mm2_run1,9080000,1779276364.396039
approach4_mm2_run1,9081000,1779276364.397580
approach4_mm2_run1,9082000,1779276364.399151
approach4_mm2_run1,9083000,1779276364.400715
approach4_mm2_run1,9084000,1779276364.980510
approach4_mm2_run1,9085000,1779276364.982063
approach4_mm2_run1,9086000,1779276364.983638
approach4_mm2_run1,9087000,1779276364.985232
approach4_mm2_run1,9088000,1779276364.986800
approach4_mm2_run1,9089000,1779276365.171713
approach4_mm2_run1,9090000,1779276365.173275
approach4_mm2_run1,9091000,1779276365.174881
approach4_mm2_run1,9092000,1779276365.176443
approach4_mm2_run1,9093000,1779276365.178009
approach4_mm2_run1,9094000,1779276365.179590
approach4_mm2_run1,9095000,1779276365.723767
approach4_mm2_run1,9096000,1779276365.725368
approach4_mm2_run1,9097000,1779276365.726940
approach4_mm2_run1,9098000,1779276365.728498
approach4_mm2_run1,9099000,1779276365.730053
approach4_mm2_run1,9100000,1779276365.958566
approach4_mm2_run1,9101000,1779276365.960120
approach4_mm2_run1,9102000,1779276365.961677
approach4_mm2_run1,9103000,1779276365.963253
approach4_mm2_run1,9104000,1779276365.964855
approach4_mm2_run1,9105000,1779276366.465486
approach4_mm2_run1,9106000,1779276366.467069
approach4_mm2_run1,9107000,1779276366.468631
approach4_mm2_run1,9108000,1779276366.470191
approach4_mm2_run1,9109000,1779276366.471783
approach4_mm2_run1,9110000,1779276366.744139
approach4_mm2_run1,9111000,1779276366.745726
approach4_mm2_run1,9112000,1779276366.747294
approach4_mm2_run1,9113000,1779276366.748847
approach4_mm2_run1,9114000,1779276366.750412
approach4_mm2_run1,9115000,1779276366.751976
approach4_mm2_run1,9116000,1779276367.209035
approach4_mm2_run1,9117000,1779276367.210607
approach4_mm2_run1,9118000,1779276367.212151
approach4_mm2_run1,9119000,1779276367.213695
approach4_mm2_run1,9120000,1779276367.215298
approach4_mm2_run1,9121000,1779276367.618010
approach4_mm2_run1,9122000,1779276367.619579
approach4_mm2_run1,9123000,1779276367.621134
approach4_mm2_run1,9124000,1779276367.622701
approach4_mm2_run1,9125000,1779276367.624264
approach4_mm2_run1,9126000,1779276367.965031
approach4_mm2_run1,9127000,1779276367.966601
approach4_mm2_run1,9128000,1779276367.968154
approach4_mm2_run1,9129000,1779276367.969695
approach4_mm2_run1,9130000,1779276367.971251
approach4_mm2_run1,9131000,1779276368.661646
approach4_mm2_run1,9132000,1779276368.663233
approach4_mm2_run1,9133000,1779276368.664773
approach4_mm2_run1,9134000,1779276368.666383
approach4_mm2_run1,9135000,1779276368.667946
approach4_mm2_run1,9136000,1779276368.669512
approach4_mm2_run1,9137000,1779276368.709390
approach4_mm2_run1,9138000,1779276368.710963
approach4_mm2_run1,9139000,1779276368.712520
approach4_mm2_run1,9140000,1779276368.714079
approach4_mm2_run1,9141000,1779276368.715688
approach4_mm2_run1,9142000,1779276369.447524
approach4_mm2_run1,9143000,1779276369.449071
approach4_mm2_run1,9144000,1779276369.451002
approach4_mm2_run1,9145000,1779276369.453390
approach4_mm2_run1,9146000,1779276369.455068
approach4_mm2_run1,9147000,1779276369.456625
approach4_mm2_run1,9148000,1779276369.458177
approach4_mm2_run1,9149000,1779276369.459741
approach4_mm2_run1,9150000,1779276369.461286
approach4_mm2_run1,9151000,1779276369.462854
approach4_mm2_run1,9152000,1779276369.464412
approach4_mm2_run1,9153000,1779276370.198555
approach4_mm2_run1,9154000,1779276370.200110
approach4_mm2_run1,9155000,1779276370.201664
approach4_mm2_run1,9156000,1779276370.203232
approach4_mm2_run1,9157000,1779276370.204785
approach4_mm2_run1,9158000,1779276370.233573
approach4_mm2_run1,9159000,1779276370.235183
approach4_mm2_run1,9160000,1779276370.236737
approach4_mm2_run1,9161000,1779276370.238298
approach4_mm2_run1,9162000,1779276370.239858
approach4_mm2_run1,9163000,1779276370.954713
approach4_mm2_run1,9164000,1779276370.956292
approach4_mm2_run1,9165000,1779276370.957843
approach4_mm2_run1,9166000,1779276370.959417
approach4_mm2_run1,9167000,1779276370.960983
approach4_mm2_run1,9168000,1779276371.020197
approach4_mm2_run1,9169000,1779276371.021756
approach4_mm2_run1,9170000,1779276371.023328
approach4_mm2_run1,9171000,1779276371.024916
approach4_mm2_run1,9172000,1779276371.026511
approach4_mm2_run1,9173000,1779276371.028072
approach4_mm2_run1,9174000,1779276371.700247
approach4_mm2_run1,9175000,1779276371.701807
approach4_mm2_run1,9176000,1779276371.703382
approach4_mm2_run1,9177000,1779276371.704997
approach4_mm2_run1,9178000,1779276371.706578
approach4_mm2_run1,9179000,1779276371.801555
approach4_mm2_run1,9180000,1779276371.803133
approach4_mm2_run1,9181000,1779276371.804696
approach4_mm2_run1,9182000,1779276371.806288
approach4_mm2_run1,9183000,1779276371.807856
approach4_mm2_run1,9184000,1779276372.021356
approach4_mm2_run1,9185000,1779276372.022931
approach4_mm2_run1,9186000,1779276372.024492
approach4_mm2_run1,9187000,1779276372.588870
approach4_mm2_run1,9188000,1779276372.590443
approach4_mm2_run1,9189000,1779276372.591994
approach4_mm2_run1,9190000,1779276372.593556
approach4_mm2_run1,9191000,1779276372.595170
approach4_mm2_run1,9192000,1779276373.373325
approach4_mm2_run1,9193000,1779276373.374927
approach4_mm2_run1,9194000,1779276373.376488
approach4_mm2_run1,9195000,1779276373.378054
approach4_mm2_run1,9196000,1779276373.379636
approach4_mm2_run1,9197000,1779276374.162827
approach4_mm2_run1,9198000,1779276374.164386
approach4_mm2_run1,9199000,1779276374.165974
approach4_mm2_run1,9200000,1779276374.167548
approach4_mm2_run1,9201000,1779276374.169114
approach4_mm2_run1,9202000,1779276374.941918
approach4_mm2_run1,9203000,1779276374.943497
approach4_mm2_run1,9204000,1779276374.945094
approach4_mm2_run1,9205000,1779276374.946659
approach4_mm2_run1,9206000,1779276374.948219
approach4_mm2_run1,9207000,1779276374.949780
approach4_mm2_run1,9208000,1779276375.728276
approach4_mm2_run1,9209000,1779276375.729832
approach4_mm2_run1,9210000,1779276375.731404
approach4_mm2_run1,9211000,1779276375.732962
approach4_mm2_run1,9212000,1779276375.734539
approach4_mm2_run1,9213000,1779276376.513314
approach4_mm2_run1,9214000,1779276376.514917
approach4_mm2_run1,9215000,1779276376.516496
approach4_mm2_run1,9216000,1779276376.518058
approach4_mm2_run1,9217000,1779276376.519620
approach4_mm2_run1,9218000,1779276377.305405
approach4_mm2_run1,9219000,1779276377.306983
approach4_mm2_run1,9220000,1779276377.308543
approach4_mm2_run1,9221000,1779276377.310106
approach4_mm2_run1,9222000,1779276377.311680
approach4_mm2_run1,9223000,1779276377.313234
approach4_mm2_run1,9224000,1779276378.085156
approach4_mm2_run1,9225000,1779276378.086733
approach4_mm2_run1,9226000,1779276378.088291
approach4_mm2_run1,9227000,1779276378.089850
approach4_mm2_run1,9228000,1779276378.091429
approach4_mm2_run1,9229000,1779276378.871249
approach4_mm2_run1,9230000,1779276378.872814
approach4_mm2_run1,9231000,1779276378.874388
approach4_mm2_run1,9232000,1779276378.875988
approach4_mm2_run1,9233000,1779276378.877555
approach4_mm2_run1,9234000,1779276379.655943
approach4_mm2_run1,9235000,1779276379.657511
approach4_mm2_run1,9236000,1779276379.659076
approach4_mm2_run1,9237000,1779276379.660625
approach4_mm2_run1,9238000,1779276379.662178
approach4_mm2_run1,9239000,1779276380.442569
approach4_mm2_run1,9240000,1779276380.444132
approach4_mm2_run1,9241000,1779276380.445730
approach4_mm2_run1,9242000,1779276380.447301
approach4_mm2_run1,9243000,1779276380.448860
approach4_mm2_run1,9244000,1779276380.450435
approach4_mm2_run1,9245000,1779276381.235845
approach4_mm2_run1,9246000,1779276381.237393
approach4_mm2_run1,9247000,1779276381.238957
approach4_mm2_run1,9248000,1779276381.240514
approach4_mm2_run1,9249000,1779276381.242077
approach4_mm2_run1,9250000,1779276382.022141
approach4_mm2_run1,9251000,1779276382.023727
approach4_mm2_run1,9252000,1779276382.025323
approach4_mm2_run1,9253000,1779276382.026899
approach4_mm2_run1,9254000,1779276382.028447
approach4_mm2_run1,9255000,1779276382.798737
approach4_mm2_run1,9256000,1779276382.800299
approach4_mm2_run1,9257000,1779276382.801862
approach4_mm2_run1,9258000,1779276382.803436
approach4_mm2_run1,9259000,1779276382.805036
approach4_mm2_run1,9260000,1779276382.806617
approach4_mm2_run1,9261000,1779276383.588428
approach4_mm2_run1,9262000,1779276383.589993
approach4_mm2_run1,9263000,1779276383.591558
approach4_mm2_run1,9264000,1779276383.593117
approach4_mm2_run1,9265000,1779276383.594692
approach4_mm2_run1,9266000,1779276384.371783
approach4_mm2_run1,9267000,1779276384.373341
approach4_mm2_run1,9268000,1779276384.374943
approach4_mm2_run1,9269000,1779276384.376510
approach4_mm2_run1,9270000,1779276384.378079
approach4_mm2_run1,9271000,1779276385.163505
approach4_mm2_run1,9272000,1779276385.165103
approach4_mm2_run1,9273000,1779276385.166683
approach4_mm2_run1,9274000,1779276385.168234
approach4_mm2_run1,9275000,1779276385.169790
approach4_mm2_run1,9276000,1779276385.943905
approach4_mm2_run1,9277000,1779276385.945492
approach4_mm2_run1,9278000,1779276385.947075
approach4_mm2_run1,9279000,1779276385.948630
approach4_mm2_run1,9280000,1779276385.950186
approach4_mm2_run1,9281000,1779276385.951761
approach4_mm2_run1,9282000,1779276386.729543
approach4_mm2_run1,9283000,1779276386.731114
approach4_mm2_run1,9284000,1779276386.732665
approach4_mm2_run1,9285000,1779276386.734225
approach4_mm2_run1,9286000,1779276386.735827
approach4_mm2_run1,9287000,1779276387.514298
approach4_mm2_run1,9288000,1779276387.515882
approach4_mm2_run1,9289000,1779276387.517431
approach4_mm2_run1,9290000,1779276387.518992
approach4_mm2_run1,9291000,1779276387.520551
approach4_mm2_run1,9292000,1779276388.306204
approach4_mm2_run1,9293000,1779276388.307767
approach4_mm2_run1,9294000,1779276388.309325
approach4_mm2_run1,9295000,1779276388.310898
approach4_mm2_run1,9296000,1779276388.312462
approach4_mm2_run1,9297000,1779276389.085077
approach4_mm2_run1,9298000,1779276389.086650
approach4_mm2_run1,9299000,1779276389.088204
approach4_mm2_run1,9300000,1779276389.089757
approach4_mm2_run1,9301000,1779276389.091325
approach4_mm2_run1,9302000,1779276389.092875
approach4_mm2_run1,9303000,1779276389.872268
approach4_mm2_run1,9304000,1779276389.873829
approach4_mm2_run1,9305000,1779276389.875430
approach4_mm2_run1,9306000,1779276389.876989
approach4_mm2_run1,9307000,1779276389.878567
approach4_mm2_run1,9308000,1779276390.660001
approach4_mm2_run1,9309000,1779276390.661556
approach4_mm2_run1,9310000,1779276390.663126
approach4_mm2_run1,9311000,1779276390.664685
approach4_mm2_run1,9312000,1779276390.666281
approach4_mm2_run1,9313000,1779276391.366993
approach4_mm2_run1,9314000,1779276391.368546
approach4_mm2_run1,9315000,1779276391.370098
approach4_mm2_run1,9316000,1779276391.371667
approach4_mm2_run1,9317000,1779276391.373235
