run_id,record_index,wall_clock_s
approach4_mm2_run2,1000,1779282906.543838
approach4_mm2_run2,2000,1779282906.545286
approach4_mm2_run2,3000,1779282906.546701
approach4_mm2_run2,4000,1779282906.548112
approach4_mm2_run2,5000,1779282906.549526
approach4_mm2_run2,6000,1779282906.632003
approach4_mm2_run2,7000,1779282906.633413
approach4_mm2_run2,8000,1779282906.634856
approach4_mm2_run2,9000,1779282906.636272
approach4_mm2_run2,10000,1779282906.637691
approach4_mm2_run2,11000,1779282906.646709
approach4_mm2_run2,12000,1779282906.648146
approach4_mm2_run2,13000,1779282906.649617
approach4_mm2_run2,14000,1779282906.651085
approach4_mm2_run2,15000,1779282906.652748
approach4_mm2_run2,16000,1779282906.662144
approach4_mm2_run2,17000,1779282906.663699
approach4_mm2_run2,18000,1779282906.667850
approach4_mm2_run2,19000,1779282906.669267
approach4_mm2_run2,20000,1779282906.670697
approach4_mm2_run2,21000,1779282906.672108
approach4_mm2_run2,22000,1779282906.673513
approach4_mm2_run2,23000,1779282906.674961
approach4_mm2_run2,24000,1779282906.676369
approach4_mm2_run2,25000,1779282906.677781
approach4_mm2_run2,26000,1779282906.679203
approach4_mm2_run2,27000,1779282906.680610
approach4_mm2_run2,28000,1779282906.682019
approach4_mm2_run2,29000,1779282906.683447
approach4_mm2_run2,30000,1779282906.684875
approach4_mm2_run2,31000,1779282906.686288
approach4_mm2_run2,32000,1779282906.688049
approach4_mm2_run2,33000,1779282906.689467
approach4_mm2_run2,34000,1779282906.690904
approach4_mm2_run2,35000,1779282906.692319
approach4_mm2_run2,36000,1779282906.693730
approach4_mm2_run2,37000,1779282906.734991
approach4_mm2_run2,38000,1779282906.736393
approach4_mm2_run2,39000,1779282906.737799
approach4_mm2_run2,40000,1779282906.739219
approach4_mm2_run2,41000,1779282906.740628
approach4_mm2_run2,42000,1779282906.742043
approach4_mm2_run2,43000,1779282907.269397
approach4_mm2_run2,44000,1779282907.270817
approach4_mm2_run2,45000,1779282907.272222
approach4_mm2_run2,46000,1779282907.273708
approach4_mm2_run2,47000,1779282907.275913
approach4_mm2_run2,48000,1779282907.277530
approach4_mm2_run2,49000,1779282907.278950
approach4_mm2_run2,50000,1779282907.280351
approach4_mm2_run2,51000,1779282907.281756
approach4_mm2_run2,52000,1779282907.283185
approach4_mm2_run2,53000,1779282907.325575
approach4_mm2_run2,54000,1779282907.326984
approach4_mm2_run2,55000,1779282907.328376
approach4_mm2_run2,56000,1779282907.329772
approach4_mm2_run2,57000,1779282907.363295
approach4_mm2_run2,58000,1779282907.364704
approach4_mm2_run2,59000,1779282907.366130
approach4_mm2_run2,60000,1779282907.367547
approach4_mm2_run2,61000,1779282907.368960
approach4_mm2_run2,62000,1779282907.370386
approach4_mm2_run2,63000,1779282907.379287
approach4_mm2_run2,64000,1779282907.380934
approach4_mm2_run2,65000,1779282907.383111
approach4_mm2_run2,66000,1779282907.384537
approach4_mm2_run2,67000,1779282907.386009
approach4_mm2_run2,68000,1779282907.387439
approach4_mm2_run2,69000,1779282907.388857
approach4_mm2_run2,70000,1779282907.390275
approach4_mm2_run2,71000,1779282907.391708
approach4_mm2_run2,72000,1779282907.393135
approach4_mm2_run2,73000,1779282907.403857
approach4_mm2_run2,74000,1779282907.405284
approach4_mm2_run2,75000,1779282907.406700
approach4_mm2_run2,76000,1779282907.408106
approach4_mm2_run2,77000,1779282907.409518
approach4_mm2_run2,78000,1779282907.430146
approach4_mm2_run2,79000,1779282907.431569
approach4_mm2_run2,80000,1779282907.433023
approach4_mm2_run2,81000,1779282907.434472
approach4_mm2_run2,82000,1779282907.435915
approach4_mm2_run2,83000,1779282907.948368
approach4_mm2_run2,84000,1779282907.950341
approach4_mm2_run2,85000,1779282907.951982
approach4_mm2_run2,86000,1779282907.953399
approach4_mm2_run2,87000,1779282907.954854
approach4_mm2_run2,88000,1779282907.956275
approach4_mm2_run2,89000,1779282907.957698
approach4_mm2_run2,90000,1779282907.959137
approach4_mm2_run2,91000,1779282907.968525
approach4_mm2_run2,92000,1779282907.970025
approach4_mm2_run2,93000,1779282907.972157
approach4_mm2_run2,94000,1779282907.973576
approach4_mm2_run2,95000,1779282907.975039
approach4_mm2_run2,96000,1779282907.976469
approach4_mm2_run2,97000,1779282907.977901
approach4_mm2_run2,98000,1779282907.979378
approach4_mm2_run2,99000,1779282907.981584
approach4_mm2_run2,100000,1779282907.983246
approach4_mm2_run2,101000,1779282907.984673
approach4_mm2_run2,102000,1779282907.986144
approach4_mm2_run2,103000,1779282907.987617
approach4_mm2_run2,104000,1779282907.989085
approach4_mm2_run2,105000,1779282907.996557
approach4_mm2_run2,106000,1779282907.997977
approach4_mm2_run2,107000,1779282907.999405
approach4_mm2_run2,108000,1779282908.000826
approach4_mm2_run2,109000,1779282908.002249
approach4_mm2_run2,110000,1779282908.096206
approach4_mm2_run2,111000,1779282908.097636
approach4_mm2_run2,112000,1779282908.099071
approach4_mm2_run2,113000,1779282908.100498
approach4_mm2_run2,114000,1779282908.101933
approach4_mm2_run2,115000,1779282908.263918
approach4_mm2_run2,116000,1779282908.265378
approach4_mm2_run2,117000,1779282908.266819
approach4_mm2_run2,118000,1779282908.268242
approach4_mm2_run2,119000,1779282908.269670
approach4_mm2_run2,120000,1779282908.271126
approach4_mm2_run2,121000,1779282908.678391
approach4_mm2_run2,122000,1779282908.679820
approach4_mm2_run2,123000,1779282908.681246
approach4_mm2_run2,124000,1779282908.682688
approach4_mm2_run2,125000,1779282908.684127
approach4_mm2_run2,126000,1779282908.695684
approach4_mm2_run2,127000,1779282908.697108
approach4_mm2_run2,128000,1779282908.698546
approach4_mm2_run2,129000,1779282908.699976
approach4_mm2_run2,130000,1779282908.701427
approach4_mm2_run2,131000,1779282908.704293
approach4_mm2_run2,132000,1779282908.705738
approach4_mm2_run2,133000,1779282908.707223
approach4_mm2_run2,134000,1779282908.708765
approach4_mm2_run2,135000,1779282908.711190
approach4_mm2_run2,136000,1779282908.712614
approach4_mm2_run2,137000,1779282908.714115
approach4_mm2_run2,138000,1779282908.716138
approach4_mm2_run2,139000,1779282908.718062
approach4_mm2_run2,140000,1779282908.719509
approach4_mm2_run2,141000,1779282908.721001
approach4_mm2_run2,142000,1779282908.723017
approach4_mm2_run2,143000,1779282908.724953
approach4_mm2_run2,144000,1779282908.726410
approach4_mm2_run2,145000,1779282908.727837
approach4_mm2_run2,146000,1779282908.729265
approach4_mm2_run2,147000,1779282908.730702
approach4_mm2_run2,148000,1779282908.732124
approach4_mm2_run2,149000,1779282908.733546
approach4_mm2_run2,150000,1779282908.734993
approach4_mm2_run2,151000,1779282908.736417
approach4_mm2_run2,152000,1779282908.828331
approach4_mm2_run2,153000,1779282908.829741
approach4_mm2_run2,154000,1779282908.831172
approach4_mm2_run2,155000,1779282908.832591
approach4_mm2_run2,156000,1779282908.834018
approach4_mm2_run2,157000,1779282908.835540
approach4_mm2_run2,158000,1779282909.110715
approach4_mm2_run2,159000,1779282909.112133
approach4_mm2_run2,160000,1779282909.113546
approach4_mm2_run2,161000,1779282909.115004
approach4_mm2_run2,162000,1779282909.116421
approach4_mm2_run2,163000,1779282909.407829
approach4_mm2_run2,164000,1779282909.409250
approach4_mm2_run2,165000,1779282909.410681
approach4_mm2_run2,166000,1779282909.412102
approach4_mm2_run2,167000,1779282909.413527
approach4_mm2_run2,168000,1779282909.437797
approach4_mm2_run2,169000,1779282909.439254
approach4_mm2_run2,170000,1779282909.441581
approach4_mm2_run2,171000,1779282909.443063
approach4_mm2_run2,172000,1779282909.445201
approach4_mm2_run2,173000,1779282909.446893
approach4_mm2_run2,174000,1779282909.448326
approach4_mm2_run2,175000,1779282909.449771
approach4_mm2_run2,176000,1779282909.452146
approach4_mm2_run2,177000,1779282909.453596
approach4_mm2_run2,178000,1779282909.455066
approach4_mm2_run2,179000,1779282909.456482
approach4_mm2_run2,180000,1779282909.457898
approach4_mm2_run2,181000,1779282909.459334
approach4_mm2_run2,182000,1779282909.460756
approach4_mm2_run2,183000,1779282909.462201
approach4_mm2_run2,184000,1779282909.463664
approach4_mm2_run2,185000,1779282909.466202
approach4_mm2_run2,186000,1779282909.467635
approach4_mm2_run2,187000,1779282909.469061
approach4_mm2_run2,188000,1779282909.470504
approach4_mm2_run2,189000,1779282909.471930
approach4_mm2_run2,190000,1779282909.473356
approach4_mm2_run2,191000,1779282909.474788
approach4_mm2_run2,192000,1779282909.476233
approach4_mm2_run2,193000,1779282909.477656
approach4_mm2_run2,194000,1779282909.479102
approach4_mm2_run2,195000,1779282909.562064
approach4_mm2_run2,196000,1779282909.563497
approach4_mm2_run2,197000,1779282909.564943
approach4_mm2_run2,198000,1779282909.566370
approach4_mm2_run2,199000,1779282909.567806
approach4_mm2_run2,200000,1779282909.957968
approach4_mm2_run2,201000,1779282909.959394
approach4_mm2_run2,202000,1779282909.960811
approach4_mm2_run2,203000,1779282909.962228
approach4_mm2_run2,204000,1779282909.963664
approach4_mm2_run2,205000,1779282910.136599
approach4_mm2_run2,206000,1779282910.138071
approach4_mm2_run2,207000,1779282910.139519
approach4_mm2_run2,208000,1779282910.140937
approach4_mm2_run2,209000,1779282910.142375
approach4_mm2_run2,210000,1779282910.169010
approach4_mm2_run2,211000,1779282910.170547
approach4_mm2_run2,212000,1779282910.172776
approach4_mm2_run2,213000,1779282910.174250
approach4_mm2_run2,214000,1779282910.175724
approach4_mm2_run2,215000,1779282910.177197
approach4_mm2_run2,216000,1779282910.179553
approach4_mm2_run2,217000,1779282910.181116
approach4_mm2_run2,218000,1779282910.182555
approach4_mm2_run2,219000,1779282910.183975
approach4_mm2_run2,220000,1779282910.185433
approach4_mm2_run2,221000,1779282910.186894
approach4_mm2_run2,222000,1779282910.188358
approach4_mm2_run2,223000,1779282910.190031
approach4_mm2_run2,224000,1779282910.192398
approach4_mm2_run2,225000,1779282910.193828
approach4_mm2_run2,226000,1779282910.195292
approach4_mm2_run2,227000,1779282910.196711
approach4_mm2_run2,228000,1779282910.198157
approach4_mm2_run2,229000,1779282910.199618
approach4_mm2_run2,230000,1779282910.201069
approach4_mm2_run2,231000,1779282910.202523
approach4_mm2_run2,232000,1779282910.215659
approach4_mm2_run2,233000,1779282910.217072
approach4_mm2_run2,234000,1779282910.218514
approach4_mm2_run2,235000,1779282910.219939
approach4_mm2_run2,236000,1779282910.221383
approach4_mm2_run2,237000,1779282910.295385
approach4_mm2_run2,238000,1779282910.296817
approach4_mm2_run2,239000,1779282910.298249
approach4_mm2_run2,240000,1779282910.299695
approach4_mm2_run2,241000,1779282910.301134
approach4_mm2_run2,242000,1779282910.803139
approach4_mm2_run2,243000,1779282910.804564
approach4_mm2_run2,244000,1779282910.806023
approach4_mm2_run2,245000,1779282910.807460
approach4_mm2_run2,246000,1779282910.808887
approach4_mm2_run2,247000,1779282910.867416
approach4_mm2_run2,248000,1779282910.868832
approach4_mm2_run2,249000,1779282910.870246
approach4_mm2_run2,250000,1779282910.871676
approach4_mm2_run2,251000,1779282910.873102
approach4_mm2_run2,252000,1779282910.874548
approach4_mm2_run2,253000,1779282910.899466
approach4_mm2_run2,254000,1779282910.901028
approach4_mm2_run2,255000,1779282910.903337
approach4_mm2_run2,256000,1779282910.904854
approach4_mm2_run2,257000,1779282910.907055
approach4_mm2_run2,258000,1779282910.908538
approach4_mm2_run2,259000,1779282910.909957
approach4_mm2_run2,260000,1779282910.911485
approach4_mm2_run2,261000,1779282910.912908
approach4_mm2_run2,262000,1779282910.914344
approach4_mm2_run2,263000,1779282910.915792
approach4_mm2_run2,264000,1779282910.917213
approach4_mm2_run2,265000,1779282910.918650
approach4_mm2_run2,266000,1779282910.920075
approach4_mm2_run2,267000,1779282910.921499
approach4_mm2_run2,268000,1779282910.936400
approach4_mm2_run2,269000,1779282910.937895
approach4_mm2_run2,270000,1779282910.939352
approach4_mm2_run2,271000,1779282910.940781
approach4_mm2_run2,272000,1779282910.942217
approach4_mm2_run2,273000,1779282910.943669
approach4_mm2_run2,274000,1779282910.963618
approach4_mm2_run2,275000,1779282910.965069
approach4_mm2_run2,276000,1779282910.966512
approach4_mm2_run2,277000,1779282910.967949
approach4_mm2_run2,278000,1779282910.969387
approach4_mm2_run2,279000,1779282911.027544
approach4_mm2_run2,280000,1779282911.028979
approach4_mm2_run2,281000,1779282911.030423
approach4_mm2_run2,282000,1779282911.031854
approach4_mm2_run2,283000,1779282911.033289
approach4_mm2_run2,284000,1779282911.596125
approach4_mm2_run2,285000,1779282911.597548
approach4_mm2_run2,286000,1779282911.598989
approach4_mm2_run2,287000,1779282911.600415
approach4_mm2_run2,288000,1779282911.601868
approach4_mm2_run2,289000,1779282911.603336
approach4_mm2_run2,290000,1779282911.626698
approach4_mm2_run2,291000,1779282911.628128
approach4_mm2_run2,292000,1779282911.629559
approach4_mm2_run2,293000,1779282911.631013
approach4_mm2_run2,294000,1779282911.632487
approach4_mm2_run2,295000,1779282911.635028
approach4_mm2_run2,296000,1779282911.636672
approach4_mm2_run2,297000,1779282911.638939
approach4_mm2_run2,298000,1779282911.640368
approach4_mm2_run2,299000,1779282911.641800
approach4_mm2_run2,300000,1779282911.643240
approach4_mm2_run2,301000,1779282911.644722
approach4_mm2_run2,302000,1779282911.646238
approach4_mm2_run2,303000,1779282911.648156
approach4_mm2_run2,304000,1779282911.650262
approach4_mm2_run2,305000,1779282911.651716
approach4_mm2_run2,306000,1779282911.653146
approach4_mm2_run2,307000,1779282911.654588
approach4_mm2_run2,308000,1779282911.656048
approach4_mm2_run2,309000,1779282911.657486
approach4_mm2_run2,310000,1779282911.658936
approach4_mm2_run2,311000,1779282911.685062
approach4_mm2_run2,312000,1779282911.686500
approach4_mm2_run2,313000,1779282911.687923
approach4_mm2_run2,314000,1779282911.689348
approach4_mm2_run2,315000,1779282911.690795
approach4_mm2_run2,316000,1779282911.710556
approach4_mm2_run2,317000,1779282911.711985
approach4_mm2_run2,318000,1779282911.713414
approach4_mm2_run2,319000,1779282911.714879
approach4_mm2_run2,320000,1779282911.716311
approach4_mm2_run2,321000,1779282911.759347
approach4_mm2_run2,322000,1779282911.760785
approach4_mm2_run2,323000,1779282911.762225
approach4_mm2_run2,324000,1779282911.763672
approach4_mm2_run2,325000,1779282911.765139
approach4_mm2_run2,326000,1779282911.766594
approach4_mm2_run2,327000,1779282912.326213
approach4_mm2_run2,328000,1779282912.327654
approach4_mm2_run2,329000,1779282912.329079
approach4_mm2_run2,330000,1779282912.330523
approach4_mm2_run2,331000,1779282912.331961
approach4_mm2_run2,332000,1779282912.355359
approach4_mm2_run2,333000,1779282912.356810
approach4_mm2_run2,334000,1779282912.358237
approach4_mm2_run2,335000,1779282912.359749
approach4_mm2_run2,336000,1779282912.361723
approach4_mm2_run2,337000,1779282912.364432
approach4_mm2_run2,338000,1779282912.365908
approach4_mm2_run2,339000,1779282912.368044
approach4_mm2_run2,340000,1779282912.369785
approach4_mm2_run2,341000,1779282912.371227
approach4_mm2_run2,342000,1779282912.372652
approach4_mm2_run2,343000,1779282912.374079
approach4_mm2_run2,344000,1779282912.375575
approach4_mm2_run2,345000,1779282912.377054
approach4_mm2_run2,346000,1779282912.378537
approach4_mm2_run2,347000,1779282912.379970
approach4_mm2_run2,348000,1779282912.433253
approach4_mm2_run2,349000,1779282912.434688
approach4_mm2_run2,350000,1779282912.436137
approach4_mm2_run2,351000,1779282912.437562
approach4_mm2_run2,352000,1779282912.439005
approach4_mm2_run2,353000,1779282912.457623
approach4_mm2_run2,354000,1779282912.459063
approach4_mm2_run2,355000,1779282912.460485
approach4_mm2_run2,356000,1779282912.461930
approach4_mm2_run2,357000,1779282912.463376
approach4_mm2_run2,358000,1779282912.492462
approach4_mm2_run2,359000,1779282912.493911
approach4_mm2_run2,360000,1779282912.496109
approach4_mm2_run2,361000,1779282912.497648
approach4_mm2_run2,362000,1779282912.499085
approach4_mm2_run2,363000,1779282912.500535
approach4_mm2_run2,364000,1779282912.501988
approach4_mm2_run2,365000,1779282912.503424
approach4_mm2_run2,366000,1779282912.504871
approach4_mm2_run2,367000,1779282912.506300
approach4_mm2_run2,368000,1779282912.507743
approach4_mm2_run2,369000,1779282913.056315
approach4_mm2_run2,370000,1779282913.057727
approach4_mm2_run2,371000,1779282913.059156
approach4_mm2_run2,372000,1779282913.060581
approach4_mm2_run2,373000,1779282913.062005
approach4_mm2_run2,374000,1779282913.083964
approach4_mm2_run2,375000,1779282913.085419
approach4_mm2_run2,376000,1779282913.086888
approach4_mm2_run2,377000,1779282913.088552
approach4_mm2_run2,378000,1779282913.090731
approach4_mm2_run2,379000,1779282913.092176
approach4_mm2_run2,380000,1779282913.093611
approach4_mm2_run2,381000,1779282913.095075
approach4_mm2_run2,382000,1779282913.096530
approach4_mm2_run2,383000,1779282913.098002
approach4_mm2_run2,384000,1779282913.100127
approach4_mm2_run2,385000,1779282913.101938
approach4_mm2_run2,386000,1779282913.103390
approach4_mm2_run2,387000,1779282913.104855
approach4_mm2_run2,388000,1779282913.106303
approach4_mm2_run2,389000,1779282913.107763
approach4_mm2_run2,390000,1779282913.183717
approach4_mm2_run2,391000,1779282913.185195
approach4_mm2_run2,392000,1779282913.186637
approach4_mm2_run2,393000,1779282913.188067
approach4_mm2_run2,394000,1779282913.189499
approach4_mm2_run2,395000,1779282913.205836
approach4_mm2_run2,396000,1779282913.207295
approach4_mm2_run2,397000,1779282913.208725
approach4_mm2_run2,398000,1779282913.210158
approach4_mm2_run2,399000,1779282913.211601
approach4_mm2_run2,400000,1779282913.224624
approach4_mm2_run2,401000,1779282913.226078
approach4_mm2_run2,402000,1779282913.227516
approach4_mm2_run2,403000,1779282913.228949
approach4_mm2_run2,404000,1779282913.230391
approach4_mm2_run2,405000,1779282913.231839
approach4_mm2_run2,406000,1779282913.340626
approach4_mm2_run2,407000,1779282913.342037
approach4_mm2_run2,408000,1779282913.343467
approach4_mm2_run2,409000,1779282913.344925
approach4_mm2_run2,410000,1779282913.346374
approach4_mm2_run2,411000,1779282913.783645
approach4_mm2_run2,412000,1779282913.785096
approach4_mm2_run2,413000,1779282913.786524
approach4_mm2_run2,414000,1779282913.787930
approach4_mm2_run2,415000,1779282913.789340
approach4_mm2_run2,416000,1779282913.811671
approach4_mm2_run2,417000,1779282913.813093
approach4_mm2_run2,418000,1779282913.814557
approach4_mm2_run2,419000,1779282913.816054
approach4_mm2_run2,420000,1779282913.818433
approach4_mm2_run2,421000,1779282913.819853
approach4_mm2_run2,422000,1779282913.821270
approach4_mm2_run2,423000,1779282913.822700
approach4_mm2_run2,424000,1779282913.824119
approach4_mm2_run2,425000,1779282913.825567
approach4_mm2_run2,426000,1779282913.827019
approach4_mm2_run2,427000,1779282913.833281
approach4_mm2_run2,428000,1779282913.834714
approach4_mm2_run2,429000,1779282913.836158
approach4_mm2_run2,430000,1779282913.837576
approach4_mm2_run2,431000,1779282913.839010
approach4_mm2_run2,432000,1779282913.926723
approach4_mm2_run2,433000,1779282913.928144
approach4_mm2_run2,434000,1779282913.929565
approach4_mm2_run2,435000,1779282913.930995
approach4_mm2_run2,436000,1779282913.932417
approach4_mm2_run2,437000,1779282913.952417
approach4_mm2_run2,438000,1779282913.953838
approach4_mm2_run2,439000,1779282913.955338
approach4_mm2_run2,440000,1779282913.957032
approach4_mm2_run2,441000,1779282913.959122
approach4_mm2_run2,442000,1779282913.960544
approach4_mm2_run2,443000,1779282913.961967
approach4_mm2_run2,444000,1779282913.963396
approach4_mm2_run2,445000,1779282913.964831
approach4_mm2_run2,446000,1779282913.966251
approach4_mm2_run2,447000,1779282913.967690
approach4_mm2_run2,448000,1779282914.184423
approach4_mm2_run2,449000,1779282914.185863
approach4_mm2_run2,450000,1779282914.187297
approach4_mm2_run2,451000,1779282914.188718
approach4_mm2_run2,452000,1779282914.190142
approach4_mm2_run2,453000,1779282914.517760
approach4_mm2_run2,454000,1779282914.519490
approach4_mm2_run2,455000,1779282914.520910
approach4_mm2_run2,456000,1779282914.522341
approach4_mm2_run2,457000,1779282914.523769
approach4_mm2_run2,458000,1779282914.525276
approach4_mm2_run2,459000,1779282914.541811
approach4_mm2_run2,460000,1779282914.543300
approach4_mm2_run2,461000,1779282914.545379
approach4_mm2_run2,462000,1779282914.547095
approach4_mm2_run2,463000,1779282914.548516
approach4_mm2_run2,464000,1779282914.550027
approach4_mm2_run2,465000,1779282914.551471
approach4_mm2_run2,466000,1779282914.552893
approach4_mm2_run2,467000,1779282914.554324
approach4_mm2_run2,468000,1779282914.555786
approach4_mm2_run2,469000,1779282914.566181
approach4_mm2_run2,470000,1779282914.567603
approach4_mm2_run2,471000,1779282914.569022
approach4_mm2_run2,472000,1779282914.570459
approach4_mm2_run2,473000,1779282914.571901
approach4_mm2_run2,474000,1779282914.675967
approach4_mm2_run2,475000,1779282914.677390
approach4_mm2_run2,476000,1779282914.678828
approach4_mm2_run2,477000,1779282914.680252
approach4_mm2_run2,478000,1779282914.681678
approach4_mm2_run2,479000,1779282914.683128
approach4_mm2_run2,480000,1779282914.690881
approach4_mm2_run2,481000,1779282914.692303
approach4_mm2_run2,482000,1779282914.693727
approach4_mm2_run2,483000,1779282914.695192
approach4_mm2_run2,484000,1779282914.696628
approach4_mm2_run2,485000,1779282914.706327
approach4_mm2_run2,486000,1779282914.707758
approach4_mm2_run2,487000,1779282914.709184
approach4_mm2_run2,488000,1779282914.710620
approach4_mm2_run2,489000,1779282914.712048
approach4_mm2_run2,490000,1779282915.030160
approach4_mm2_run2,491000,1779282915.031589
approach4_mm2_run2,492000,1779282915.033015
approach4_mm2_run2,493000,1779282915.034452
approach4_mm2_run2,494000,1779282915.035905
approach4_mm2_run2,495000,1779282915.037335
approach4_mm2_run2,496000,1779282915.245459
approach4_mm2_run2,497000,1779282915.246900
approach4_mm2_run2,498000,1779282915.248321
approach4_mm2_run2,499000,1779282915.249746
approach4_mm2_run2,500000,1779282915.251187
approach4_mm2_run2,501000,1779282915.269088
approach4_mm2_run2,502000,1779282915.270579
approach4_mm2_run2,503000,1779282915.272292
approach4_mm2_run2,504000,1779282915.274398
approach4_mm2_run2,505000,1779282915.275862
approach4_mm2_run2,506000,1779282915.277288
approach4_mm2_run2,507000,1779282915.278726
approach4_mm2_run2,508000,1779282915.280154
approach4_mm2_run2,509000,1779282915.281589
approach4_mm2_run2,510000,1779282915.283038
approach4_mm2_run2,511000,1779282915.298502
approach4_mm2_run2,512000,1779282915.299927
approach4_mm2_run2,513000,1779282915.301353
approach4_mm2_run2,514000,1779282915.302794
approach4_mm2_run2,515000,1779282915.304221
approach4_mm2_run2,516000,1779282915.305679
approach4_mm2_run2,517000,1779282915.425189
approach4_mm2_run2,518000,1779282915.427423
approach4_mm2_run2,519000,1779282915.428945
approach4_mm2_run2,520000,1779282915.431295
approach4_mm2_run2,521000,1779282915.432743
approach4_mm2_run2,522000,1779282915.434173
approach4_mm2_run2,523000,1779282915.435669
approach4_mm2_run2,524000,1779282915.437154
approach4_mm2_run2,525000,1779282915.438623
approach4_mm2_run2,526000,1779282915.440065
approach4_mm2_run2,527000,1779282915.450659
approach4_mm2_run2,528000,1779282915.452091
approach4_mm2_run2,529000,1779282915.453523
approach4_mm2_run2,530000,1779282915.454989
approach4_mm2_run2,531000,1779282915.456427
approach4_mm2_run2,532000,1779282915.877523
approach4_mm2_run2,533000,1779282915.878956
approach4_mm2_run2,534000,1779282915.880384
approach4_mm2_run2,535000,1779282915.881808
approach4_mm2_run2,536000,1779282915.883260
approach4_mm2_run2,537000,1779282915.884691
approach4_mm2_run2,538000,1779282915.973753
approach4_mm2_run2,539000,1779282915.975231
approach4_mm2_run2,540000,1779282915.976651
approach4_mm2_run2,541000,1779282915.978075
approach4_mm2_run2,542000,1779282915.979521
approach4_mm2_run2,543000,1779282915.997608
approach4_mm2_run2,544000,1779282915.999046
approach4_mm2_run2,545000,1779282916.000540
approach4_mm2_run2,546000,1779282916.002538
approach4_mm2_run2,547000,1779282916.004355
approach4_mm2_run2,548000,1779282916.005838
approach4_mm2_run2,549000,1779282916.007271
approach4_mm2_run2,550000,1779282916.008693
approach4_mm2_run2,551000,1779282916.010134
approach4_mm2_run2,552000,1779282916.011578
approach4_mm2_run2,553000,1779282916.013016
approach4_mm2_run2,554000,1779282916.032053
approach4_mm2_run2,555000,1779282916.033476
approach4_mm2_run2,556000,1779282916.034935
approach4_mm2_run2,557000,1779282916.036358
approach4_mm2_run2,558000,1779282916.037788
approach4_mm2_run2,559000,1779282916.163337
approach4_mm2_run2,560000,1779282916.164759
approach4_mm2_run2,561000,1779282916.166220
approach4_mm2_run2,562000,1779282916.167723
approach4_mm2_run2,563000,1779282916.169878
approach4_mm2_run2,564000,1779282916.171550
approach4_mm2_run2,565000,1779282916.172974
approach4_mm2_run2,566000,1779282916.174409
approach4_mm2_run2,567000,1779282916.175857
approach4_mm2_run2,568000,1779282916.177290
approach4_mm2_run2,569000,1779282916.197151
approach4_mm2_run2,570000,1779282916.198585
approach4_mm2_run2,571000,1779282916.200016
approach4_mm2_run2,572000,1779282916.201442
approach4_mm2_run2,573000,1779282916.202890
approach4_mm2_run2,574000,1779282916.204334
approach4_mm2_run2,575000,1779282916.701623
approach4_mm2_run2,576000,1779282916.703058
approach4_mm2_run2,577000,1779282916.704479
approach4_mm2_run2,578000,1779282916.705931
approach4_mm2_run2,579000,1779282916.707372
approach4_mm2_run2,580000,1779282916.726661
approach4_mm2_run2,581000,1779282916.728195
approach4_mm2_run2,582000,1779282916.730443
approach4_mm2_run2,583000,1779282916.731973
approach4_mm2_run2,584000,1779282916.733458
approach4_mm2_run2,585000,1779282916.734939
approach4_mm2_run2,586000,1779282916.736387
approach4_mm2_run2,587000,1779282916.737854
approach4_mm2_run2,588000,1779282916.739300
approach4_mm2_run2,589000,1779282916.740722
approach4_mm2_run2,590000,1779282916.742150
approach4_mm2_run2,591000,1779282916.764727
approach4_mm2_run2,592000,1779282916.766175
approach4_mm2_run2,593000,1779282916.767610
approach4_mm2_run2,594000,1779282916.769037
approach4_mm2_run2,595000,1779282916.770481
approach4_mm2_run2,596000,1779282916.895815
approach4_mm2_run2,597000,1779282916.897237
approach4_mm2_run2,598000,1779282916.898673
approach4_mm2_run2,599000,1779282916.900113
approach4_mm2_run2,600000,1779282916.901545
approach4_mm2_run2,601000,1779282916.916469
approach4_mm2_run2,602000,1779282916.917890
approach4_mm2_run2,603000,1779282916.919315
approach4_mm2_run2,604000,1779282916.920736
approach4_mm2_run2,605000,1779282916.922163
approach4_mm2_run2,606000,1779282916.945724
approach4_mm2_run2,607000,1779282916.947148
approach4_mm2_run2,608000,1779282916.948569
approach4_mm2_run2,609000,1779282916.949986
approach4_mm2_run2,610000,1779282916.951423
approach4_mm2_run2,611000,1779282916.952859
approach4_mm2_run2,612000,1779282917.070426
approach4_mm2_run2,613000,1779282917.071839
approach4_mm2_run2,614000,1779282917.073251
approach4_mm2_run2,615000,1779282917.074684
approach4_mm2_run2,616000,1779282917.076143
approach4_mm2_run2,617000,1779282917.429929
approach4_mm2_run2,618000,1779282917.431360
approach4_mm2_run2,619000,1779282917.432783
approach4_mm2_run2,620000,1779282917.434202
approach4_mm2_run2,621000,1779282917.435667
approach4_mm2_run2,622000,1779282917.456105
approach4_mm2_run2,623000,1779282917.457545
approach4_mm2_run2,624000,1779282917.459120
approach4_mm2_run2,625000,1779282917.461275
approach4_mm2_run2,626000,1779282917.462717
approach4_mm2_run2,627000,1779282917.464194
approach4_mm2_run2,628000,1779282917.465659
approach4_mm2_run2,629000,1779282917.467100
approach4_mm2_run2,630000,1779282917.468527
approach4_mm2_run2,631000,1779282917.469960
approach4_mm2_run2,632000,1779282917.471417
approach4_mm2_run2,633000,1779282917.501076
approach4_mm2_run2,634000,1779282917.502497
approach4_mm2_run2,635000,1779282917.503920
approach4_mm2_run2,636000,1779282917.505371
approach4_mm2_run2,637000,1779282917.506818
approach4_mm2_run2,638000,1779282917.628323
approach4_mm2_run2,639000,1779282917.629749
approach4_mm2_run2,640000,1779282917.631185
approach4_mm2_run2,641000,1779282917.632610
approach4_mm2_run2,642000,1779282917.634041
approach4_mm2_run2,643000,1779282917.664681
approach4_mm2_run2,644000,1779282917.666126
approach4_mm2_run2,645000,1779282917.667560
approach4_mm2_run2,646000,1779282917.669032
approach4_mm2_run2,647000,1779282917.670487
approach4_mm2_run2,648000,1779282917.671914
approach4_mm2_run2,649000,1779282917.696029
approach4_mm2_run2,650000,1779282917.697452
approach4_mm2_run2,651000,1779282917.698887
approach4_mm2_run2,652000,1779282917.700311
approach4_mm2_run2,653000,1779282917.701737
approach4_mm2_run2,654000,1779282917.917600
approach4_mm2_run2,655000,1779282917.919040
approach4_mm2_run2,656000,1779282917.920458
approach4_mm2_run2,657000,1779282917.921879
approach4_mm2_run2,658000,1779282917.923321
approach4_mm2_run2,659000,1779282918.158239
approach4_mm2_run2,660000,1779282918.159662
approach4_mm2_run2,661000,1779282918.161079
approach4_mm2_run2,662000,1779282918.162520
approach4_mm2_run2,663000,1779282918.163936
approach4_mm2_run2,664000,1779282918.184791
approach4_mm2_run2,665000,1779282918.186254
approach4_mm2_run2,666000,1779282918.187687
approach4_mm2_run2,667000,1779282918.189112
approach4_mm2_run2,668000,1779282918.190559
approach4_mm2_run2,669000,1779282918.192010
approach4_mm2_run2,670000,1779282918.417494
approach4_mm2_run2,671000,1779282918.418931
approach4_mm2_run2,672000,1779282918.420347
approach4_mm2_run2,673000,1779282918.421763
approach4_mm2_run2,674000,1779282918.423203
approach4_mm2_run2,675000,1779282918.442488
approach4_mm2_run2,676000,1779282918.443916
approach4_mm2_run2,677000,1779282918.445370
approach4_mm2_run2,678000,1779282918.446809
approach4_mm2_run2,679000,1779282918.448243
approach4_mm2_run2,680000,1779282918.531712
approach4_mm2_run2,681000,1779282918.533128
approach4_mm2_run2,682000,1779282918.534558
approach4_mm2_run2,683000,1779282918.535996
approach4_mm2_run2,684000,1779282918.537422
approach4_mm2_run2,685000,1779282918.538868
approach4_mm2_run2,686000,1779282918.579226
approach4_mm2_run2,687000,1779282918.580679
approach4_mm2_run2,688000,1779282918.582136
approach4_mm2_run2,689000,1779282918.583575
approach4_mm2_run2,690000,1779282918.585031
approach4_mm2_run2,691000,1779282918.705271
approach4_mm2_run2,692000,1779282918.706710
approach4_mm2_run2,693000,1779282918.708133
approach4_mm2_run2,694000,1779282918.709559
approach4_mm2_run2,695000,1779282918.710999
approach4_mm2_run2,696000,1779282918.763432
approach4_mm2_run2,697000,1779282918.764870
approach4_mm2_run2,698000,1779282918.766290
approach4_mm2_run2,699000,1779282918.767722
approach4_mm2_run2,700000,1779282918.769153
approach4_mm2_run2,701000,1779282918.887476
approach4_mm2_run2,702000,1779282918.888895
approach4_mm2_run2,703000,1779282918.890326
approach4_mm2_run2,704000,1779282918.891749
approach4_mm2_run2,705000,1779282918.893175
approach4_mm2_run2,706000,1779282918.894621
approach4_mm2_run2,707000,1779282918.914413
approach4_mm2_run2,708000,1779282918.915862
approach4_mm2_run2,709000,1779282918.917333
approach4_mm2_run2,710000,1779282918.918789
approach4_mm2_run2,711000,1779282918.920223
approach4_mm2_run2,712000,1779282919.157896
approach4_mm2_run2,713000,1779282919.159328
approach4_mm2_run2,714000,1779282919.160753
approach4_mm2_run2,715000,1779282919.162181
approach4_mm2_run2,716000,1779282919.163625
approach4_mm2_run2,717000,1779282919.190268
approach4_mm2_run2,718000,1779282919.191699
approach4_mm2_run2,719000,1779282919.193127
approach4_mm2_run2,720000,1779282919.194570
approach4_mm2_run2,721000,1779282919.196023
approach4_mm2_run2,722000,1779282919.197463
approach4_mm2_run2,723000,1779282919.262325
approach4_mm2_run2,724000,1779282919.263754
approach4_mm2_run2,725000,1779282919.265224
approach4_mm2_run2,726000,1779282919.266673
approach4_mm2_run2,727000,1779282919.268108
approach4_mm2_run2,728000,1779282919.313332
approach4_mm2_run2,729000,1779282919.314778
approach4_mm2_run2,730000,1779282919.316233
approach4_mm2_run2,731000,1779282919.317653
approach4_mm2_run2,732000,1779282919.319096
approach4_mm2_run2,733000,1779282919.437597
approach4_mm2_run2,734000,1779282919.439027
approach4_mm2_run2,735000,1779282919.440450
approach4_mm2_run2,736000,1779282919.441877
approach4_mm2_run2,737000,1779282919.443326
approach4_mm2_run2,738000,1779282919.608164
approach4_mm2_run2,739000,1779282919.609584
approach4_mm2_run2,740000,1779282919.611016
approach4_mm2_run2,741000,1779282919.612435
approach4_mm2_run2,742000,1779282919.613863
approach4_mm2_run2,743000,1779282919.615382
approach4_mm2_run2,744000,1779282919.618241
approach4_mm2_run2,745000,1779282919.619687
approach4_mm2_run2,746000,1779282919.621139
approach4_mm2_run2,747000,1779282919.622603
approach4_mm2_run2,748000,1779282919.624036
approach4_mm2_run2,749000,1779282919.642435
approach4_mm2_run2,750000,1779282919.643856
approach4_mm2_run2,751000,1779282919.645303
approach4_mm2_run2,752000,1779282919.646742
approach4_mm2_run2,753000,1779282919.648174
approach4_mm2_run2,754000,1779282919.989649
approach4_mm2_run2,755000,1779282919.991079
approach4_mm2_run2,756000,1779282919.992498
approach4_mm2_run2,757000,1779282919.993921
approach4_mm2_run2,758000,1779282919.995389
approach4_mm2_run2,759000,1779282919.996821
approach4_mm2_run2,760000,1779282920.047197
approach4_mm2_run2,761000,1779282920.048617
approach4_mm2_run2,762000,1779282920.050051
approach4_mm2_run2,763000,1779282920.051498
approach4_mm2_run2,764000,1779282920.052947
approach4_mm2_run2,765000,1779282920.171579
approach4_mm2_run2,766000,1779282920.173022
approach4_mm2_run2,767000,1779282920.174477
approach4_mm2_run2,768000,1779282920.175935
approach4_mm2_run2,769000,1779282920.177378
approach4_mm2_run2,770000,1779282920.251927
approach4_mm2_run2,771000,1779282920.253377
approach4_mm2_run2,772000,1779282920.254893
approach4_mm2_run2,773000,1779282920.256348
approach4_mm2_run2,774000,1779282920.257805
approach4_mm2_run2,775000,1779282920.266524
approach4_mm2_run2,776000,1779282920.267958
approach4_mm2_run2,777000,1779282920.269390
approach4_mm2_run2,778000,1779282920.270838
approach4_mm2_run2,779000,1779282920.272281
approach4_mm2_run2,780000,1779282920.273725
approach4_mm2_run2,781000,1779282920.348304
approach4_mm2_run2,782000,1779282920.349734
approach4_mm2_run2,783000,1779282920.351175
approach4_mm2_run2,784000,1779282920.352605
approach4_mm2_run2,785000,1779282920.354050
approach4_mm2_run2,786000,1779282920.372463
approach4_mm2_run2,787000,1779282920.373884
approach4_mm2_run2,788000,1779282920.375358
approach4_mm2_run2,789000,1779282920.376793
approach4_mm2_run2,790000,1779282920.378235
approach4_mm2_run2,791000,1779282920.453922
approach4_mm2_run2,792000,1779282920.455383
approach4_mm2_run2,793000,1779282920.456826
approach4_mm2_run2,794000,1779282920.458274
approach4_mm2_run2,795000,1779282920.459734
approach4_mm2_run2,796000,1779282920.716842
approach4_mm2_run2,797000,1779282920.718268
approach4_mm2_run2,798000,1779282920.719710
approach4_mm2_run2,799000,1779282920.721136
approach4_mm2_run2,800000,1779282920.722586
approach4_mm2_run2,801000,1779282920.724027
approach4_mm2_run2,802000,1779282920.779174
approach4_mm2_run2,803000,1779282920.780605
approach4_mm2_run2,804000,1779282920.782034
approach4_mm2_run2,805000,1779282920.783484
approach4_mm2_run2,806000,1779282920.784953
approach4_mm2_run2,807000,1779282920.903385
approach4_mm2_run2,808000,1779282920.904843
approach4_mm2_run2,809000,1779282920.906278
approach4_mm2_run2,810000,1779282920.907748
approach4_mm2_run2,811000,1779282920.909191
approach4_mm2_run2,812000,1779282920.997435
approach4_mm2_run2,813000,1779282920.998883
approach4_mm2_run2,814000,1779282921.000311
approach4_mm2_run2,815000,1779282921.001740
approach4_mm2_run2,816000,1779282921.003184
approach4_mm2_run2,817000,1779282921.004622
approach4_mm2_run2,818000,1779282921.029356
approach4_mm2_run2,819000,1779282921.030797
approach4_mm2_run2,820000,1779282921.032229
approach4_mm2_run2,821000,1779282921.033662
approach4_mm2_run2,822000,1779282921.035147
approach4_mm2_run2,823000,1779282921.076233
approach4_mm2_run2,824000,1779282921.077664
approach4_mm2_run2,825000,1779282921.079100
approach4_mm2_run2,826000,1779282921.080530
approach4_mm2_run2,827000,1779282921.081968
approach4_mm2_run2,828000,1779282921.099135
approach4_mm2_run2,829000,1779282921.100571
approach4_mm2_run2,830000,1779282921.102043
approach4_mm2_run2,831000,1779282921.103492
approach4_mm2_run2,832000,1779282921.104963
approach4_mm2_run2,833000,1779282921.298510
approach4_mm2_run2,834000,1779282921.299931
approach4_mm2_run2,835000,1779282921.301412
approach4_mm2_run2,836000,1779282921.302877
approach4_mm2_run2,837000,1779282921.304309
approach4_mm2_run2,838000,1779282921.305774
approach4_mm2_run2,839000,1779282921.445048
approach4_mm2_run2,840000,1779282921.446486
approach4_mm2_run2,841000,1779282921.447915
approach4_mm2_run2,842000,1779282921.449343
approach4_mm2_run2,843000,1779282921.450793
approach4_mm2_run2,844000,1779282921.511744
approach4_mm2_run2,845000,1779282921.513162
approach4_mm2_run2,846000,1779282921.514597
approach4_mm2_run2,847000,1779282921.516045
approach4_mm2_run2,848000,1779282921.517470
approach4_mm2_run2,849000,1779282921.635781
approach4_mm2_run2,850000,1779282921.637199
approach4_mm2_run2,851000,1779282921.638645
approach4_mm2_run2,852000,1779282921.640079
approach4_mm2_run2,853000,1779282921.641510
approach4_mm2_run2,854000,1779282921.642962
approach4_mm2_run2,855000,1779282921.746632
approach4_mm2_run2,856000,1779282921.748062
approach4_mm2_run2,857000,1779282921.749489
approach4_mm2_run2,858000,1779282921.750933
approach4_mm2_run2,859000,1779282921.752367
approach4_mm2_run2,860000,1779282921.770884
approach4_mm2_run2,861000,1779282921.772309
approach4_mm2_run2,862000,1779282921.773736
approach4_mm2_run2,863000,1779282921.775214
approach4_mm2_run2,864000,1779282921.776653
approach4_mm2_run2,865000,1779282921.804577
approach4_mm2_run2,866000,1779282921.806022
approach4_mm2_run2,867000,1779282921.807455
approach4_mm2_run2,868000,1779282921.808881
approach4_mm2_run2,869000,1779282921.810309
approach4_mm2_run2,870000,1779282922.144991
approach4_mm2_run2,871000,1779282922.146425
approach4_mm2_run2,872000,1779282922.147849
approach4_mm2_run2,873000,1779282922.149274
approach4_mm2_run2,874000,1779282922.150714
approach4_mm2_run2,875000,1779282922.152143
approach4_mm2_run2,876000,1779282922.172397
approach4_mm2_run2,877000,1779282922.173898
approach4_mm2_run2,878000,1779282922.176057
approach4_mm2_run2,879000,1779282922.177626
approach4_mm2_run2,880000,1779282922.179059
approach4_mm2_run2,881000,1779282922.180484
approach4_mm2_run2,882000,1779282922.181911
approach4_mm2_run2,883000,1779282922.183356
approach4_mm2_run2,884000,1779282922.184845
approach4_mm2_run2,885000,1779282922.186341
approach4_mm2_run2,886000,1779282922.244009
approach4_mm2_run2,887000,1779282922.245456
approach4_mm2_run2,888000,1779282922.246903
approach4_mm2_run2,889000,1779282922.248336
approach4_mm2_run2,890000,1779282922.249771
approach4_mm2_run2,891000,1779282922.369886
approach4_mm2_run2,892000,1779282922.371330
approach4_mm2_run2,893000,1779282922.372758
approach4_mm2_run2,894000,1779282922.374188
approach4_mm2_run2,895000,1779282922.375663
approach4_mm2_run2,896000,1779282922.377100
approach4_mm2_run2,897000,1779282922.494199
approach4_mm2_run2,898000,1779282922.495701
approach4_mm2_run2,899000,1779282922.497135
approach4_mm2_run2,900000,1779282922.498569
approach4_mm2_run2,901000,1779282922.499995
approach4_mm2_run2,902000,1779282922.514554
approach4_mm2_run2,903000,1779282922.516000
approach4_mm2_run2,904000,1779282922.517421
approach4_mm2_run2,905000,1779282922.518855
approach4_mm2_run2,906000,1779282922.520285
approach4_mm2_run2,907000,1779282922.533889
approach4_mm2_run2,908000,1779282922.535358
approach4_mm2_run2,909000,1779282922.536782
approach4_mm2_run2,910000,1779282922.538209
approach4_mm2_run2,911000,1779282922.539649
approach4_mm2_run2,912000,1779282922.541085
approach4_mm2_run2,913000,1779282922.900239
approach4_mm2_run2,914000,1779282922.901871
approach4_mm2_run2,915000,1779282922.903760
approach4_mm2_run2,916000,1779282922.905270
approach4_mm2_run2,917000,1779282922.907670
approach4_mm2_run2,918000,1779282922.909091
approach4_mm2_run2,919000,1779282922.910542
approach4_mm2_run2,920000,1779282922.911968
approach4_mm2_run2,921000,1779282922.913397
approach4_mm2_run2,922000,1779282922.914871
approach4_mm2_run2,923000,1779282922.977839
approach4_mm2_run2,924000,1779282922.979261
approach4_mm2_run2,925000,1779282922.980681
approach4_mm2_run2,926000,1779282922.982101
approach4_mm2_run2,927000,1779282922.983542
approach4_mm2_run2,928000,1779282922.989104
approach4_mm2_run2,929000,1779282922.990564
approach4_mm2_run2,930000,1779282922.991985
approach4_mm2_run2,931000,1779282922.993404
approach4_mm2_run2,932000,1779282922.994865
approach4_mm2_run2,933000,1779282922.996302
approach4_mm2_run2,934000,1779282923.103100
approach4_mm2_run2,935000,1779282923.104521
approach4_mm2_run2,936000,1779282923.105968
approach4_mm2_run2,937000,1779282923.107407
approach4_mm2_run2,938000,1779282923.108841
approach4_mm2_run2,939000,1779282923.241506
approach4_mm2_run2,940000,1779282923.242937
approach4_mm2_run2,941000,1779282923.244361
approach4_mm2_run2,942000,1779282923.245815
approach4_mm2_run2,943000,1779282923.247259
approach4_mm2_run2,944000,1779282923.263636
approach4_mm2_run2,945000,1779282923.265080
approach4_mm2_run2,946000,1779282923.266510
approach4_mm2_run2,947000,1779282923.267927
approach4_mm2_run2,948000,1779282923.269346
approach4_mm2_run2,949000,1779282923.270786
approach4_mm2_run2,950000,1779282923.277927
approach4_mm2_run2,951000,1779282923.279358
approach4_mm2_run2,952000,1779282923.280780
approach4_mm2_run2,953000,1779282923.282208
approach4_mm2_run2,954000,1779282923.283649
approach4_mm2_run2,955000,1779282923.627174
approach4_mm2_run2,956000,1779282923.628592
approach4_mm2_run2,957000,1779282923.630013
approach4_mm2_run2,958000,1779282923.631520
approach4_mm2_run2,959000,1779282923.633658
approach4_mm2_run2,960000,1779282923.636077
approach4_mm2_run2,961000,1779282923.637585
approach4_mm2_run2,962000,1779282923.639085
approach4_mm2_run2,963000,1779282923.640561
approach4_mm2_run2,964000,1779282923.642043
approach4_mm2_run2,965000,1779282923.708904
approach4_mm2_run2,966000,1779282923.710364
approach4_mm2_run2,967000,1779282923.711823
approach4_mm2_run2,968000,1779282923.713275
approach4_mm2_run2,969000,1779282923.714746
approach4_mm2_run2,970000,1779282923.716238
approach4_mm2_run2,971000,1779282923.835983
approach4_mm2_run2,972000,1779282923.837974
approach4_mm2_run2,973000,1779282923.839757
approach4_mm2_run2,974000,1779282923.841214
approach4_mm2_run2,975000,1779282923.842684
approach4_mm2_run2,976000,1779282923.844122
approach4_mm2_run2,977000,1779282923.845587
approach4_mm2_run2,978000,1779282923.847044
approach4_mm2_run2,979000,1779282923.848496
approach4_mm2_run2,980000,1779282923.849953
approach4_mm2_run2,981000,1779282923.987236
approach4_mm2_run2,982000,1779282923.988688
approach4_mm2_run2,983000,1779282923.990221
approach4_mm2_run2,984000,1779282923.992020
approach4_mm2_run2,985000,1779282923.994160
approach4_mm2_run2,986000,1779282923.995693
approach4_mm2_run2,987000,1779282923.997142
approach4_mm2_run2,988000,1779282923.998605
approach4_mm2_run2,989000,1779282924.000059
approach4_mm2_run2,990000,1779282924.001518
approach4_mm2_run2,991000,1779282924.002997
approach4_mm2_run2,992000,1779282924.019751
approach4_mm2_run2,993000,1779282924.021209
approach4_mm2_run2,994000,1779282924.022680
approach4_mm2_run2,995000,1779282924.024144
approach4_mm2_run2,996000,1779282924.025634
approach4_mm2_run2,997000,1779282924.355759
approach4_mm2_run2,998000,1779282924.357209
approach4_mm2_run2,999000,1779282924.358757
approach4_mm2_run2,1000000,1779282924.360588
approach4_mm2_run2,1001000,1779282924.362667
approach4_mm2_run2,1002000,1779282924.364128
approach4_mm2_run2,1003000,1779282924.365614
approach4_mm2_run2,1004000,1779282924.367086
approach4_mm2_run2,1005000,1779282924.368546
approach4_mm2_run2,1006000,1779282924.370013
approach4_mm2_run2,1007000,1779282924.371498
approach4_mm2_run2,1008000,1779282924.442796
approach4_mm2_run2,1009000,1779282924.444253
approach4_mm2_run2,1010000,1779282924.445735
approach4_mm2_run2,1011000,1779282924.447212
approach4_mm2_run2,1012000,1779282924.448683
approach4_mm2_run2,1013000,1779282924.567758
approach4_mm2_run2,1014000,1779282924.569236
approach4_mm2_run2,1015000,1779282924.570721
approach4_mm2_run2,1016000,1779282924.572194
approach4_mm2_run2,1017000,1779282924.573676
approach4_mm2_run2,1018000,1779282924.685169
approach4_mm2_run2,1019000,1779282924.686630
approach4_mm2_run2,1020000,1779282924.688087
approach4_mm2_run2,1021000,1779282924.689542
approach4_mm2_run2,1022000,1779282924.691015
approach4_mm2_run2,1023000,1779282924.723115
approach4_mm2_run2,1024000,1779282924.724613
approach4_mm2_run2,1025000,1779282924.726106
approach4_mm2_run2,1026000,1779282924.727581
approach4_mm2_run2,1027000,1779282924.729045
approach4_mm2_run2,1028000,1779282924.730529
approach4_mm2_run2,1029000,1779282924.735275
approach4_mm2_run2,1030000,1779282924.736716
approach4_mm2_run2,1031000,1779282924.738157
approach4_mm2_run2,1032000,1779282924.739613
approach4_mm2_run2,1033000,1779282924.741063
approach4_mm2_run2,1034000,1779282924.764025
approach4_mm2_run2,1035000,1779282924.765505
approach4_mm2_run2,1036000,1779282924.766985
approach4_mm2_run2,1037000,1779282924.768453
approach4_mm2_run2,1038000,1779282924.769926
approach4_mm2_run2,1039000,1779282925.082154
approach4_mm2_run2,1040000,1779282925.083627
approach4_mm2_run2,1041000,1779282925.085111
approach4_mm2_run2,1042000,1779282925.086578
approach4_mm2_run2,1043000,1779282925.088090
approach4_mm2_run2,1044000,1779282925.090338
approach4_mm2_run2,1045000,1779282925.092007
approach4_mm2_run2,1046000,1779282925.093466
approach4_mm2_run2,1047000,1779282925.094949
approach4_mm2_run2,1048000,1779282925.096402
approach4_mm2_run2,1049000,1779282925.097862
approach4_mm2_run2,1050000,1779282925.175571
approach4_mm2_run2,1051000,1779282925.177037
approach4_mm2_run2,1052000,1779282925.178517
approach4_mm2_run2,1053000,1779282925.179986
approach4_mm2_run2,1054000,1779282925.181465
approach4_mm2_run2,1055000,1779282925.301360
approach4_mm2_run2,1056000,1779282925.302828
approach4_mm2_run2,1057000,1779282925.304287
approach4_mm2_run2,1058000,1779282925.305770
approach4_mm2_run2,1059000,1779282925.307240
approach4_mm2_run2,1060000,1779282925.482594
approach4_mm2_run2,1061000,1779282925.484051
approach4_mm2_run2,1062000,1779282925.485533
approach4_mm2_run2,1063000,1779282925.487009
approach4_mm2_run2,1064000,1779282925.488475
approach4_mm2_run2,1065000,1779282925.489953
approach4_mm2_run2,1066000,1779282925.508345
approach4_mm2_run2,1067000,1779282925.509799
approach4_mm2_run2,1068000,1779282925.511272
approach4_mm2_run2,1069000,1779282925.512736
approach4_mm2_run2,1070000,1779282925.514208
approach4_mm2_run2,1071000,1779282925.529765
approach4_mm2_run2,1072000,1779282925.531225
approach4_mm2_run2,1073000,1779282925.532677
approach4_mm2_run2,1074000,1779282925.534137
approach4_mm2_run2,1075000,1779282925.535628
approach4_mm2_run2,1076000,1779282925.802051
approach4_mm2_run2,1077000,1779282925.803507
approach4_mm2_run2,1078000,1779282925.804987
approach4_mm2_run2,1079000,1779282925.806454
approach4_mm2_run2,1080000,1779282925.807917
approach4_mm2_run2,1081000,1779282925.809420
approach4_mm2_run2,1082000,1779282925.812825
approach4_mm2_run2,1083000,1779282925.814282
approach4_mm2_run2,1084000,1779282925.815780
approach4_mm2_run2,1085000,1779282925.817514
approach4_mm2_run2,1086000,1779282925.819643
approach4_mm2_run2,1087000,1779282925.821148
approach4_mm2_run2,1088000,1779282925.822637
approach4_mm2_run2,1089000,1779282925.824092
approach4_mm2_run2,1090000,1779282925.825570
approach4_mm2_run2,1091000,1779282925.827059
approach4_mm2_run2,1092000,1779282925.907849
approach4_mm2_run2,1093000,1779282925.909306
approach4_mm2_run2,1094000,1779282925.910777
approach4_mm2_run2,1095000,1779282925.912236
approach4_mm2_run2,1096000,1779282925.913703
approach4_mm2_run2,1097000,1779282926.033133
approach4_mm2_run2,1098000,1779282926.034598
approach4_mm2_run2,1099000,1779282926.036083
approach4_mm2_run2,1100000,1779282926.037541
approach4_mm2_run2,1101000,1779282926.039021
approach4_mm2_run2,1102000,1779282926.040492
approach4_mm2_run2,1103000,1779282926.229268
approach4_mm2_run2,1104000,1779282926.230734
approach4_mm2_run2,1105000,1779282926.232190
approach4_mm2_run2,1106000,1779282926.233647
approach4_mm2_run2,1107000,1779282926.235147
approach4_mm2_run2,1108000,1779282926.267305
approach4_mm2_run2,1109000,1779282926.268761
approach4_mm2_run2,1110000,1779282926.270217
approach4_mm2_run2,1111000,1779282926.271685
approach4_mm2_run2,1112000,1779282926.273151
approach4_mm2_run2,1113000,1779282926.375202
approach4_mm2_run2,1114000,1779282926.376652
approach4_mm2_run2,1115000,1779282926.378104
approach4_mm2_run2,1116000,1779282926.379571
approach4_mm2_run2,1117000,1779282926.381030
approach4_mm2_run2,1118000,1779282926.530306
approach4_mm2_run2,1119000,1779282926.531772
approach4_mm2_run2,1120000,1779282926.533223
approach4_mm2_run2,1121000,1779282926.534691
approach4_mm2_run2,1122000,1779282926.536217
approach4_mm2_run2,1123000,1779282926.538093
approach4_mm2_run2,1124000,1779282926.540192
approach4_mm2_run2,1125000,1779282926.541641
approach4_mm2_run2,1126000,1779282926.543102
approach4_mm2_run2,1127000,1779282926.544638
approach4_mm2_run2,1128000,1779282926.546876
approach4_mm2_run2,1129000,1779282926.548543
approach4_mm2_run2,1130000,1779282926.549984
approach4_mm2_run2,1131000,1779282926.551450
approach4_mm2_run2,1132000,1779282926.552944
approach4_mm2_run2,1133000,1779282926.554454
approach4_mm2_run2,1134000,1779282926.643845
approach4_mm2_run2,1135000,1779282926.645310
approach4_mm2_run2,1136000,1779282926.646768
approach4_mm2_run2,1137000,1779282926.648219
approach4_mm2_run2,1138000,1779282926.649679
approach4_mm2_run2,1139000,1779282926.651163
approach4_mm2_run2,1140000,1779282926.766903
approach4_mm2_run2,1141000,1779282926.768363
approach4_mm2_run2,1142000,1779282926.769822
approach4_mm2_run2,1143000,1779282926.771302
approach4_mm2_run2,1144000,1779282926.772779
approach4_mm2_run2,1145000,1779282927.011795
approach4_mm2_run2,1146000,1779282927.013257
approach4_mm2_run2,1147000,1779282927.014728
approach4_mm2_run2,1148000,1779282927.016209
approach4_mm2_run2,1149000,1779282927.017681
approach4_mm2_run2,1150000,1779282927.174988
approach4_mm2_run2,1151000,1779282927.176447
approach4_mm2_run2,1152000,1779282927.177884
approach4_mm2_run2,1153000,1779282927.179346
approach4_mm2_run2,1154000,1779282927.180810
approach4_mm2_run2,1155000,1779282927.218904
approach4_mm2_run2,1156000,1779282927.220359
approach4_mm2_run2,1157000,1779282927.221814
approach4_mm2_run2,1158000,1779282927.223282
approach4_mm2_run2,1159000,1779282927.224746
approach4_mm2_run2,1160000,1779282927.226244
approach4_mm2_run2,1161000,1779282927.263375
approach4_mm2_run2,1162000,1779282927.264869
approach4_mm2_run2,1163000,1779282927.266529
approach4_mm2_run2,1164000,1779282927.268809
approach4_mm2_run2,1165000,1779282927.270265
approach4_mm2_run2,1166000,1779282927.271744
approach4_mm2_run2,1167000,1779282927.273286
approach4_mm2_run2,1168000,1779282927.275672
approach4_mm2_run2,1169000,1779282927.277225
approach4_mm2_run2,1170000,1779282927.278693
approach4_mm2_run2,1171000,1779282927.280153
approach4_mm2_run2,1172000,1779282927.281621
approach4_mm2_run2,1173000,1779282927.283087
approach4_mm2_run2,1174000,1779282927.284533
approach4_mm2_run2,1175000,1779282927.286034
approach4_mm2_run2,1176000,1779282927.287521
approach4_mm2_run2,1177000,1779282927.376438
approach4_mm2_run2,1178000,1779282927.377892
approach4_mm2_run2,1179000,1779282927.379359
approach4_mm2_run2,1180000,1779282927.380817
approach4_mm2_run2,1181000,1779282927.382280
approach4_mm2_run2,1182000,1779282927.501689
approach4_mm2_run2,1183000,1779282927.503147
approach4_mm2_run2,1184000,1779282927.504589
approach4_mm2_run2,1185000,1779282927.506099
approach4_mm2_run2,1186000,1779282927.507581
approach4_mm2_run2,1187000,1779282927.755366
approach4_mm2_run2,1188000,1779282927.756822
approach4_mm2_run2,1189000,1779282927.758282
approach4_mm2_run2,1190000,1779282927.759757
approach4_mm2_run2,1191000,1779282927.761228
approach4_mm2_run2,1192000,1779282927.922437
approach4_mm2_run2,1193000,1779282927.923880
approach4_mm2_run2,1194000,1779282927.925354
approach4_mm2_run2,1195000,1779282927.926819
approach4_mm2_run2,1196000,1779282927.928263
approach4_mm2_run2,1197000,1779282927.929708
approach4_mm2_run2,1198000,1779282927.990084
approach4_mm2_run2,1199000,1779282927.991546
approach4_mm2_run2,1200000,1779282927.993041
approach4_mm2_run2,1201000,1779282927.995285
approach4_mm2_run2,1202000,1779282927.996861
approach4_mm2_run2,1203000,1779282927.998303
approach4_mm2_run2,1204000,1779282927.999761
approach4_mm2_run2,1205000,1779282928.001216
approach4_mm2_run2,1206000,1779282928.002727
approach4_mm2_run2,1207000,1779282928.004571
approach4_mm2_run2,1208000,1779282928.006671
approach4_mm2_run2,1209000,1779282928.008131
approach4_mm2_run2,1210000,1779282928.009585
approach4_mm2_run2,1211000,1779282928.011048
approach4_mm2_run2,1212000,1779282928.012506
approach4_mm2_run2,1213000,1779282928.014019
approach4_mm2_run2,1214000,1779282928.067555
approach4_mm2_run2,1215000,1779282928.069005
approach4_mm2_run2,1216000,1779282928.070469
approach4_mm2_run2,1217000,1779282928.071930
approach4_mm2_run2,1218000,1779282928.073394
approach4_mm2_run2,1219000,1779282928.108404
approach4_mm2_run2,1220000,1779282928.109843
approach4_mm2_run2,1221000,1779282928.111303
approach4_mm2_run2,1222000,1779282928.112761
approach4_mm2_run2,1223000,1779282928.114221
approach4_mm2_run2,1224000,1779282928.234170
approach4_mm2_run2,1225000,1779282928.235670
approach4_mm2_run2,1226000,1779282928.237136
approach4_mm2_run2,1227000,1779282928.238615
approach4_mm2_run2,1228000,1779282928.240083
approach4_mm2_run2,1229000,1779282928.512856
approach4_mm2_run2,1230000,1779282928.514324
approach4_mm2_run2,1231000,1779282928.515817
approach4_mm2_run2,1232000,1779282928.517278
approach4_mm2_run2,1233000,1779282928.518750
approach4_mm2_run2,1234000,1779282928.520221
approach4_mm2_run2,1235000,1779282928.672661
approach4_mm2_run2,1236000,1779282928.674117
approach4_mm2_run2,1237000,1779282928.675610
approach4_mm2_run2,1238000,1779282928.677069
approach4_mm2_run2,1239000,1779282928.678545
approach4_mm2_run2,1240000,1779282928.718691
approach4_mm2_run2,1241000,1779282928.720168
approach4_mm2_run2,1242000,1779282928.721809
approach4_mm2_run2,1243000,1779282928.724000
approach4_mm2_run2,1244000,1779282928.725479
approach4_mm2_run2,1245000,1779282928.726946
approach4_mm2_run2,1246000,1779282928.728402
approach4_mm2_run2,1247000,1779282928.729867
approach4_mm2_run2,1248000,1779282928.731364
approach4_mm2_run2,1249000,1779282928.733097
approach4_mm2_run2,1250000,1779282928.735296
approach4_mm2_run2,1251000,1779282928.736756
approach4_mm2_run2,1252000,1779282928.738220
approach4_mm2_run2,1253000,1779282928.739694
approach4_mm2_run2,1254000,1779282928.741163
approach4_mm2_run2,1255000,1779282928.742649
approach4_mm2_run2,1256000,1779282928.841548
approach4_mm2_run2,1257000,1779282928.843016
approach4_mm2_run2,1258000,1779282928.844472
approach4_mm2_run2,1259000,1779282928.845958
approach4_mm2_run2,1260000,1779282928.847438
approach4_mm2_run2,1261000,1779282928.911288
approach4_mm2_run2,1262000,1779282928.912748
approach4_mm2_run2,1263000,1779282928.914189
approach4_mm2_run2,1264000,1779282928.915690
approach4_mm2_run2,1265000,1779282928.917155
approach4_mm2_run2,1266000,1779282928.967621
approach4_mm2_run2,1267000,1779282928.969084
approach4_mm2_run2,1268000,1779282928.970560
approach4_mm2_run2,1269000,1779282928.972031
approach4_mm2_run2,1270000,1779282928.973498
approach4_mm2_run2,1271000,1779282928.975004
approach4_mm2_run2,1272000,1779282929.259483
approach4_mm2_run2,1273000,1779282929.260928
approach4_mm2_run2,1274000,1779282929.262385
approach4_mm2_run2,1275000,1779282929.263858
approach4_mm2_run2,1276000,1779282929.265414
approach4_mm2_run2,1277000,1779282929.418606
approach4_mm2_run2,1278000,1779282929.420076
approach4_mm2_run2,1279000,1779282929.421552
approach4_mm2_run2,1280000,1779282929.423039
approach4_mm2_run2,1281000,1779282929.424516
approach4_mm2_run2,1282000,1779282929.449170
approach4_mm2_run2,1283000,1779282929.450664
approach4_mm2_run2,1284000,1779282929.452633
approach4_mm2_run2,1285000,1779282929.454401
approach4_mm2_run2,1286000,1779282929.455872
approach4_mm2_run2,1287000,1779282929.457317
approach4_mm2_run2,1288000,1779282929.458776
approach4_mm2_run2,1289000,1779282929.460263
approach4_mm2_run2,1290000,1779282929.462633
approach4_mm2_run2,1291000,1779282929.464150
approach4_mm2_run2,1292000,1779282929.465651
approach4_mm2_run2,1293000,1779282929.467117
approach4_mm2_run2,1294000,1779282929.468561
approach4_mm2_run2,1295000,1779282929.470009
approach4_mm2_run2,1296000,1779282929.471476
approach4_mm2_run2,1297000,1779282929.472943
approach4_mm2_run2,1298000,1779282929.573597
approach4_mm2_run2,1299000,1779282929.575097
approach4_mm2_run2,1300000,1779282929.576554
approach4_mm2_run2,1301000,1779282929.578012
approach4_mm2_run2,1302000,1779282929.579491
approach4_mm2_run2,1303000,1779282929.700789
approach4_mm2_run2,1304000,1779282929.702257
approach4_mm2_run2,1305000,1779282929.703735
approach4_mm2_run2,1306000,1779282929.705229
approach4_mm2_run2,1307000,1779282929.706712
approach4_mm2_run2,1308000,1779282929.708192
approach4_mm2_run2,1309000,1779282929.758590
approach4_mm2_run2,1310000,1779282929.760049
approach4_mm2_run2,1311000,1779282929.761508
approach4_mm2_run2,1312000,1779282929.762972
approach4_mm2_run2,1313000,1779282929.764425
approach4_mm2_run2,1314000,1779282930.003841
approach4_mm2_run2,1315000,1779282930.005341
approach4_mm2_run2,1316000,1779282930.006824
approach4_mm2_run2,1317000,1779282930.008281
approach4_mm2_run2,1318000,1779282930.009744
approach4_mm2_run2,1319000,1779282930.165977
approach4_mm2_run2,1320000,1779282930.167458
approach4_mm2_run2,1321000,1779282930.168957
approach4_mm2_run2,1322000,1779282930.170457
approach4_mm2_run2,1323000,1779282930.171913
approach4_mm2_run2,1324000,1779282930.178074
approach4_mm2_run2,1325000,1779282930.179555
approach4_mm2_run2,1326000,1779282930.181255
approach4_mm2_run2,1327000,1779282930.183280
approach4_mm2_run2,1328000,1779282930.184738
approach4_mm2_run2,1329000,1779282930.186218
approach4_mm2_run2,1330000,1779282930.187696
approach4_mm2_run2,1331000,1779282930.189159
approach4_mm2_run2,1332000,1779282930.191152
approach4_mm2_run2,1333000,1779282930.193071
approach4_mm2_run2,1334000,1779282930.194545
approach4_mm2_run2,1335000,1779282930.196039
approach4_mm2_run2,1336000,1779282930.197513
approach4_mm2_run2,1337000,1779282930.198993
approach4_mm2_run2,1338000,1779282930.200465
approach4_mm2_run2,1339000,1779282930.201987
approach4_mm2_run2,1340000,1779282930.432671
approach4_mm2_run2,1341000,1779282930.434138
approach4_mm2_run2,1342000,1779282930.435645
approach4_mm2_run2,1343000,1779282930.437112
approach4_mm2_run2,1344000,1779282930.438591
approach4_mm2_run2,1345000,1779282930.440067
approach4_mm2_run2,1346000,1779282930.480920
approach4_mm2_run2,1347000,1779282930.482393
approach4_mm2_run2,1348000,1779282930.483855
approach4_mm2_run2,1349000,1779282930.485343
approach4_mm2_run2,1350000,1779282930.486825
approach4_mm2_run2,1351000,1779282930.602788
approach4_mm2_run2,1352000,1779282930.604231
approach4_mm2_run2,1353000,1779282930.605723
approach4_mm2_run2,1354000,1779282930.607210
approach4_mm2_run2,1355000,1779282930.608689
approach4_mm2_run2,1356000,1779282930.745532
approach4_mm2_run2,1357000,1779282930.747000
approach4_mm2_run2,1358000,1779282930.748462
approach4_mm2_run2,1359000,1779282930.749929
approach4_mm2_run2,1360000,1779282930.751415
approach4_mm2_run2,1361000,1779282930.906147
approach4_mm2_run2,1362000,1779282930.907711
approach4_mm2_run2,1363000,1779282930.910035
approach4_mm2_run2,1364000,1779282930.911496
approach4_mm2_run2,1365000,1779282930.912994
approach4_mm2_run2,1366000,1779282930.914993
approach4_mm2_run2,1367000,1779282930.917031
approach4_mm2_run2,1368000,1779282930.918694
approach4_mm2_run2,1369000,1779282930.921176
approach4_mm2_run2,1370000,1779282930.922654
approach4_mm2_run2,1371000,1779282930.924119
approach4_mm2_run2,1372000,1779282930.925608
approach4_mm2_run2,1373000,1779282930.927086
approach4_mm2_run2,1374000,1779282930.928554
approach4_mm2_run2,1375000,1779282930.930020
approach4_mm2_run2,1376000,1779282930.931485
approach4_mm2_run2,1377000,1779282930.932934
approach4_mm2_run2,1378000,1779282930.934431
approach4_mm2_run2,1379000,1779282930.935920
approach4_mm2_run2,1380000,1779282930.937390
approach4_mm2_run2,1381000,1779282930.938870
approach4_mm2_run2,1382000,1779282931.164866
approach4_mm2_run2,1383000,1779282931.166337
approach4_mm2_run2,1384000,1779282931.167804
approach4_mm2_run2,1385000,1779282931.169272
approach4_mm2_run2,1386000,1779282931.170755
approach4_mm2_run2,1387000,1779282931.172235
approach4_mm2_run2,1388000,1779282931.388399
approach4_mm2_run2,1389000,1779282931.389851
approach4_mm2_run2,1390000,1779282931.391315
approach4_mm2_run2,1391000,1779282931.392776
approach4_mm2_run2,1392000,1779282931.394248
approach4_mm2_run2,1393000,1779282931.504015
approach4_mm2_run2,1394000,1779282931.505506
approach4_mm2_run2,1395000,1779282931.506977
approach4_mm2_run2,1396000,1779282931.508438
approach4_mm2_run2,1397000,1779282931.509900
approach4_mm2_run2,1398000,1779282931.637137
approach4_mm2_run2,1399000,1779282931.638654
approach4_mm2_run2,1400000,1779282931.640520
approach4_mm2_run2,1401000,1779282931.642480
approach4_mm2_run2,1402000,1779282931.643986
approach4_mm2_run2,1403000,1779282931.645540
approach4_mm2_run2,1404000,1779282931.647543
approach4_mm2_run2,1405000,1779282931.649450
approach4_mm2_run2,1406000,1779282931.650928
approach4_mm2_run2,1407000,1779282931.652385
approach4_mm2_run2,1408000,1779282931.653845
approach4_mm2_run2,1409000,1779282931.655349
approach4_mm2_run2,1410000,1779282931.656825
approach4_mm2_run2,1411000,1779282931.658991
approach4_mm2_run2,1412000,1779282931.660841
approach4_mm2_run2,1413000,1779282931.662299
approach4_mm2_run2,1414000,1779282931.663769
approach4_mm2_run2,1415000,1779282931.665253
approach4_mm2_run2,1416000,1779282931.666720
approach4_mm2_run2,1417000,1779282931.668181
approach4_mm2_run2,1418000,1779282931.669661
approach4_mm2_run2,1419000,1779282931.794975
approach4_mm2_run2,1420000,1779282931.796433
approach4_mm2_run2,1421000,1779282931.797896
approach4_mm2_run2,1422000,1779282931.799366
approach4_mm2_run2,1423000,1779282931.800829
approach4_mm2_run2,1424000,1779282931.802301
approach4_mm2_run2,1425000,1779282931.900339
approach4_mm2_run2,1426000,1779282931.901805
approach4_mm2_run2,1427000,1779282931.903282
approach4_mm2_run2,1428000,1779282931.904745
approach4_mm2_run2,1429000,1779282931.906255
approach4_mm2_run2,1430000,1779282932.120811
approach4_mm2_run2,1431000,1779282932.122278
approach4_mm2_run2,1432000,1779282932.123746
approach4_mm2_run2,1433000,1779282932.125230
approach4_mm2_run2,1434000,1779282932.126706
approach4_mm2_run2,1435000,1779282932.249674
approach4_mm2_run2,1436000,1779282932.251136
approach4_mm2_run2,1437000,1779282932.252591
approach4_mm2_run2,1438000,1779282932.254048
approach4_mm2_run2,1439000,1779282932.255533
approach4_mm2_run2,1440000,1779282932.256993
approach4_mm2_run2,1441000,1779282932.366142
approach4_mm2_run2,1442000,1779282932.367608
approach4_mm2_run2,1443000,1779282932.369062
approach4_mm2_run2,1444000,1779282932.370531
approach4_mm2_run2,1445000,1779282932.371985
approach4_mm2_run2,1446000,1779282932.376643
approach4_mm2_run2,1447000,1779282932.378114
approach4_mm2_run2,1448000,1779282932.379590
approach4_mm2_run2,1449000,1779282932.381054
approach4_mm2_run2,1450000,1779282932.382540
approach4_mm2_run2,1451000,1779282932.408032
approach4_mm2_run2,1452000,1779282932.409493
approach4_mm2_run2,1453000,1779282932.410965
approach4_mm2_run2,1454000,1779282932.412432
approach4_mm2_run2,1455000,1779282932.413901
approach4_mm2_run2,1456000,1779282932.631471
approach4_mm2_run2,1457000,1779282932.632922
approach4_mm2_run2,1458000,1779282932.634387
approach4_mm2_run2,1459000,1779282932.635890
approach4_mm2_run2,1460000,1779282932.637416
approach4_mm2_run2,1461000,1779282932.639238
approach4_mm2_run2,1462000,1779282932.641521
approach4_mm2_run2,1463000,1779282932.642993
approach4_mm2_run2,1464000,1779282932.644463
approach4_mm2_run2,1465000,1779282932.645999
approach4_mm2_run2,1466000,1779282932.647501
approach4_mm2_run2,1467000,1779282932.708816
approach4_mm2_run2,1468000,1779282932.710279
approach4_mm2_run2,1469000,1779282932.711755
approach4_mm2_run2,1470000,1779282932.713227
approach4_mm2_run2,1471000,1779282932.714710
approach4_mm2_run2,1472000,1779282932.852412
approach4_mm2_run2,1473000,1779282932.853868
approach4_mm2_run2,1474000,1779282932.855364
approach4_mm2_run2,1475000,1779282932.856823
approach4_mm2_run2,1476000,1779282932.858287
approach4_mm2_run2,1477000,1779282932.993955
approach4_mm2_run2,1478000,1779282932.995462
approach4_mm2_run2,1479000,1779282932.996931
approach4_mm2_run2,1480000,1779282932.998414
approach4_mm2_run2,1481000,1779282932.999909
approach4_mm2_run2,1482000,1779282933.001401
approach4_mm2_run2,1483000,1779282933.093604
approach4_mm2_run2,1484000,1779282933.095087
approach4_mm2_run2,1485000,1779282933.096547
approach4_mm2_run2,1486000,1779282933.098005
approach4_mm2_run2,1487000,1779282933.099485
approach4_mm2_run2,1488000,1779282933.104891
approach4_mm2_run2,1489000,1779282933.106359
approach4_mm2_run2,1490000,1779282933.107830
approach4_mm2_run2,1491000,1779282933.109293
approach4_mm2_run2,1492000,1779282933.110769
approach4_mm2_run2,1493000,1779282933.154662
approach4_mm2_run2,1494000,1779282933.156142
approach4_mm2_run2,1495000,1779282933.157605
approach4_mm2_run2,1496000,1779282933.159082
approach4_mm2_run2,1497000,1779282933.160543
approach4_mm2_run2,1498000,1779282933.162009
approach4_mm2_run2,1499000,1779282933.364786
approach4_mm2_run2,1500000,1779282933.366278
approach4_mm2_run2,1501000,1779282933.367785
approach4_mm2_run2,1502000,1779282933.369253
approach4_mm2_run2,1503000,1779282933.370739
approach4_mm2_run2,1504000,1779282933.437169
approach4_mm2_run2,1505000,1779282933.438639
approach4_mm2_run2,1506000,1779282933.440097
approach4_mm2_run2,1507000,1779282933.441561
approach4_mm2_run2,1508000,1779282933.443041
approach4_mm2_run2,1509000,1779282933.486181
approach4_mm2_run2,1510000,1779282933.487637
approach4_mm2_run2,1511000,1779282933.489092
approach4_mm2_run2,1512000,1779282933.490560
approach4_mm2_run2,1513000,1779282933.492018
approach4_mm2_run2,1514000,1779282933.584956
approach4_mm2_run2,1515000,1779282933.586422
approach4_mm2_run2,1516000,1779282933.587876
approach4_mm2_run2,1517000,1779282933.589328
approach4_mm2_run2,1518000,1779282933.590799
approach4_mm2_run2,1519000,1779282933.592268
approach4_mm2_run2,1520000,1779282933.821884
approach4_mm2_run2,1521000,1779282933.823355
approach4_mm2_run2,1522000,1779282933.824851
approach4_mm2_run2,1523000,1779282933.826356
approach4_mm2_run2,1524000,1779282933.827824
approach4_mm2_run2,1525000,1779282933.902691
approach4_mm2_run2,1526000,1779282933.904152
approach4_mm2_run2,1527000,1779282933.905636
approach4_mm2_run2,1528000,1779282933.907160
approach4_mm2_run2,1529000,1779282933.908645
approach4_mm2_run2,1530000,1779282934.097299
approach4_mm2_run2,1531000,1779282934.098814
approach4_mm2_run2,1532000,1779282934.100845
approach4_mm2_run2,1533000,1779282934.102591
approach4_mm2_run2,1534000,1779282934.104048
approach4_mm2_run2,1535000,1779282934.105534
approach4_mm2_run2,1536000,1779282934.107008
approach4_mm2_run2,1537000,1779282934.108471
approach4_mm2_run2,1538000,1779282934.109936
approach4_mm2_run2,1539000,1779282934.111417
approach4_mm2_run2,1540000,1779282934.112894
approach4_mm2_run2,1541000,1779282934.165174
approach4_mm2_run2,1542000,1779282934.166645
approach4_mm2_run2,1543000,1779282934.168102
approach4_mm2_run2,1544000,1779282934.169563
approach4_mm2_run2,1545000,1779282934.171047
approach4_mm2_run2,1546000,1779282934.181418
approach4_mm2_run2,1547000,1779282934.182887
approach4_mm2_run2,1548000,1779282934.184358
approach4_mm2_run2,1549000,1779282934.185862
approach4_mm2_run2,1550000,1779282934.187336
approach4_mm2_run2,1551000,1779282934.317699
approach4_mm2_run2,1552000,1779282934.319158
approach4_mm2_run2,1553000,1779282934.320651
approach4_mm2_run2,1554000,1779282934.322138
approach4_mm2_run2,1555000,1779282934.323610
approach4_mm2_run2,1556000,1779282934.325099
approach4_mm2_run2,1557000,1779282934.331691
approach4_mm2_run2,1558000,1779282934.333148
approach4_mm2_run2,1559000,1779282934.334615
approach4_mm2_run2,1560000,1779282934.336079
approach4_mm2_run2,1561000,1779282934.337531
approach4_mm2_run2,1562000,1779282934.551188
approach4_mm2_run2,1563000,1779282934.552641
approach4_mm2_run2,1564000,1779282934.554095
approach4_mm2_run2,1565000,1779282934.555587
approach4_mm2_run2,1566000,1779282934.557044
approach4_mm2_run2,1567000,1779282934.650567
approach4_mm2_run2,1568000,1779282934.652021
approach4_mm2_run2,1569000,1779282934.653480
approach4_mm2_run2,1570000,1779282934.654967
approach4_mm2_run2,1571000,1779282934.656423
approach4_mm2_run2,1572000,1779282934.831057
approach4_mm2_run2,1573000,1779282934.832529
approach4_mm2_run2,1574000,1779282934.833996
approach4_mm2_run2,1575000,1779282934.835497
approach4_mm2_run2,1576000,1779282934.836964
approach4_mm2_run2,1577000,1779282934.838448
approach4_mm2_run2,1578000,1779282934.845583
approach4_mm2_run2,1579000,1779282934.847052
approach4_mm2_run2,1580000,1779282934.848511
approach4_mm2_run2,1581000,1779282934.849966
approach4_mm2_run2,1582000,1779282934.851446
approach4_mm2_run2,1583000,1779282934.891649
approach4_mm2_run2,1584000,1779282934.893106
approach4_mm2_run2,1585000,1779282934.894582
approach4_mm2_run2,1586000,1779282934.896071
approach4_mm2_run2,1587000,1779282934.897540
approach4_mm2_run2,1588000,1779282934.910136
approach4_mm2_run2,1589000,1779282934.911607
approach4_mm2_run2,1590000,1779282934.913079
approach4_mm2_run2,1591000,1779282934.914609
approach4_mm2_run2,1592000,1779282934.916118
approach4_mm2_run2,1593000,1779282934.917595
approach4_mm2_run2,1594000,1779282935.051257
approach4_mm2_run2,1595000,1779282935.052698
approach4_mm2_run2,1596000,1779282935.054144
approach4_mm2_run2,1597000,1779282935.055635
approach4_mm2_run2,1598000,1779282935.057102
approach4_mm2_run2,1599000,1779282935.176651
approach4_mm2_run2,1600000,1779282935.178106
approach4_mm2_run2,1601000,1779282935.179573
approach4_mm2_run2,1602000,1779282935.181028
approach4_mm2_run2,1603000,1779282935.182499
approach4_mm2_run2,1604000,1779282935.278383
approach4_mm2_run2,1605000,1779282935.279837
approach4_mm2_run2,1606000,1779282935.281295
approach4_mm2_run2,1607000,1779282935.282771
approach4_mm2_run2,1608000,1779282935.284249
approach4_mm2_run2,1609000,1779282935.394231
approach4_mm2_run2,1610000,1779282935.395714
approach4_mm2_run2,1611000,1779282935.397162
approach4_mm2_run2,1612000,1779282935.398634
approach4_mm2_run2,1613000,1779282935.400085
approach4_mm2_run2,1614000,1779282935.401567
approach4_mm2_run2,1615000,1779282935.565004
approach4_mm2_run2,1616000,1779282935.566481
approach4_mm2_run2,1617000,1779282935.567938
approach4_mm2_run2,1618000,1779282935.569396
approach4_mm2_run2,1619000,1779282935.570875
approach4_mm2_run2,1620000,1779282935.595073
approach4_mm2_run2,1621000,1779282935.596539
approach4_mm2_run2,1622000,1779282935.598008
approach4_mm2_run2,1623000,1779282935.599476
approach4_mm2_run2,1624000,1779282935.600932
approach4_mm2_run2,1625000,1779282935.620333
approach4_mm2_run2,1626000,1779282935.621783
approach4_mm2_run2,1627000,1779282935.623244
approach4_mm2_run2,1628000,1779282935.624700
approach4_mm2_run2,1629000,1779282935.626175
approach4_mm2_run2,1630000,1779282935.627652
approach4_mm2_run2,1631000,1779282935.639974
approach4_mm2_run2,1632000,1779282935.641428
approach4_mm2_run2,1633000,1779282935.642894
approach4_mm2_run2,1634000,1779282935.644360
approach4_mm2_run2,1635000,1779282935.645852
approach4_mm2_run2,1636000,1779282935.784320
approach4_mm2_run2,1637000,1779282935.785813
approach4_mm2_run2,1638000,1779282935.787277
approach4_mm2_run2,1639000,1779282935.788720
approach4_mm2_run2,1640000,1779282935.790174
approach4_mm2_run2,1641000,1779282936.008302
approach4_mm2_run2,1642000,1779282936.009761
approach4_mm2_run2,1643000,1779282936.011231
approach4_mm2_run2,1644000,1779282936.012690
approach4_mm2_run2,1645000,1779282936.014149
approach4_mm2_run2,1646000,1779282936.022077
approach4_mm2_run2,1647000,1779282936.023542
approach4_mm2_run2,1648000,1779282936.025014
approach4_mm2_run2,1649000,1779282936.026484
approach4_mm2_run2,1650000,1779282936.027956
approach4_mm2_run2,1651000,1779282936.029441
approach4_mm2_run2,1652000,1779282936.148103
approach4_mm2_run2,1653000,1779282936.149561
approach4_mm2_run2,1654000,1779282936.151076
approach4_mm2_run2,1655000,1779282936.152569
approach4_mm2_run2,1656000,1779282936.154058
approach4_mm2_run2,1657000,1779282936.341650
approach4_mm2_run2,1658000,1779282936.343127
approach4_mm2_run2,1659000,1779282936.344599
approach4_mm2_run2,1660000,1779282936.346158
approach4_mm2_run2,1661000,1779282936.347773
approach4_mm2_run2,1662000,1779282936.350154
approach4_mm2_run2,1663000,1779282936.351616
approach4_mm2_run2,1664000,1779282936.353066
approach4_mm2_run2,1665000,1779282936.354530
approach4_mm2_run2,1666000,1779282936.356026
approach4_mm2_run2,1667000,1779282936.367054
approach4_mm2_run2,1668000,1779282936.368517
approach4_mm2_run2,1669000,1779282936.369976
approach4_mm2_run2,1670000,1779282936.371447
approach4_mm2_run2,1671000,1779282936.372928
approach4_mm2_run2,1672000,1779282936.374425
approach4_mm2_run2,1673000,1779282936.518633
approach4_mm2_run2,1674000,1779282936.520073
approach4_mm2_run2,1675000,1779282936.521512
approach4_mm2_run2,1676000,1779282936.522969
approach4_mm2_run2,1677000,1779282936.524436
approach4_mm2_run2,1678000,1779282936.646235
approach4_mm2_run2,1679000,1779282936.647702
approach4_mm2_run2,1680000,1779282936.649162
approach4_mm2_run2,1681000,1779282936.650633
approach4_mm2_run2,1682000,1779282936.652092
approach4_mm2_run2,1683000,1779282936.737430
approach4_mm2_run2,1684000,1779282936.738893
approach4_mm2_run2,1685000,1779282936.740349
approach4_mm2_run2,1686000,1779282936.741807
approach4_mm2_run2,1687000,1779282936.743275
approach4_mm2_run2,1688000,1779282936.744733
approach4_mm2_run2,1689000,1779282936.871927
approach4_mm2_run2,1690000,1779282936.873382
approach4_mm2_run2,1691000,1779282936.874865
approach4_mm2_run2,1692000,1779282936.876323
approach4_mm2_run2,1693000,1779282936.877787
approach4_mm2_run2,1694000,1779282936.891868
approach4_mm2_run2,1695000,1779282936.893332
approach4_mm2_run2,1696000,1779282936.894831
approach4_mm2_run2,1697000,1779282936.896282
approach4_mm2_run2,1698000,1779282936.897739
approach4_mm2_run2,1699000,1779282937.077399
approach4_mm2_run2,1700000,1779282937.078866
approach4_mm2_run2,1701000,1779282937.080322
approach4_mm2_run2,1702000,1779282937.081776
approach4_mm2_run2,1703000,1779282937.083248
approach4_mm2_run2,1704000,1779282937.089219
approach4_mm2_run2,1705000,1779282937.090681
approach4_mm2_run2,1706000,1779282937.092141
approach4_mm2_run2,1707000,1779282937.093664
approach4_mm2_run2,1708000,1779282937.095934
approach4_mm2_run2,1709000,1779282937.097519
approach4_mm2_run2,1710000,1779282937.098983
approach4_mm2_run2,1711000,1779282937.100445
approach4_mm2_run2,1712000,1779282937.101909
approach4_mm2_run2,1713000,1779282937.103386
approach4_mm2_run2,1714000,1779282937.104878
approach4_mm2_run2,1715000,1779282937.251214
approach4_mm2_run2,1716000,1779282937.252671
approach4_mm2_run2,1717000,1779282937.254172
approach4_mm2_run2,1718000,1779282937.255680
approach4_mm2_run2,1719000,1779282937.257139
approach4_mm2_run2,1720000,1779282937.378556
approach4_mm2_run2,1721000,1779282937.380013
approach4_mm2_run2,1722000,1779282937.381480
approach4_mm2_run2,1723000,1779282937.382950
approach4_mm2_run2,1724000,1779282937.384413
approach4_mm2_run2,1725000,1779282937.385907
approach4_mm2_run2,1726000,1779282937.468133
approach4_mm2_run2,1727000,1779282937.469584
approach4_mm2_run2,1728000,1779282937.471049
approach4_mm2_run2,1729000,1779282937.472507
approach4_mm2_run2,1730000,1779282937.473970
approach4_mm2_run2,1731000,1779282937.638349
approach4_mm2_run2,1732000,1779282937.639816
approach4_mm2_run2,1733000,1779282937.641280
approach4_mm2_run2,1734000,1779282937.642767
approach4_mm2_run2,1735000,1779282937.644236
approach4_mm2_run2,1736000,1779282937.715549
approach4_mm2_run2,1737000,1779282937.716986
approach4_mm2_run2,1738000,1779282937.718435
approach4_mm2_run2,1739000,1779282937.719889
approach4_mm2_run2,1740000,1779282937.721368
approach4_mm2_run2,1741000,1779282937.804871
approach4_mm2_run2,1742000,1779282937.806330
approach4_mm2_run2,1743000,1779282937.807783
approach4_mm2_run2,1744000,1779282937.809228
approach4_mm2_run2,1745000,1779282937.810694
approach4_mm2_run2,1746000,1779282937.812156
approach4_mm2_run2,1747000,1779282937.827946
approach4_mm2_run2,1748000,1779282937.829410
approach4_mm2_run2,1749000,1779282937.830892
approach4_mm2_run2,1750000,1779282937.832355
approach4_mm2_run2,1751000,1779282937.833867
approach4_mm2_run2,1752000,1779282937.837322
approach4_mm2_run2,1753000,1779282937.838787
approach4_mm2_run2,1754000,1779282937.840244
approach4_mm2_run2,1755000,1779282937.841700
approach4_mm2_run2,1756000,1779282937.843174
approach4_mm2_run2,1757000,1779282937.983546
approach4_mm2_run2,1758000,1779282937.985023
approach4_mm2_run2,1759000,1779282937.986487
approach4_mm2_run2,1760000,1779282937.987948
approach4_mm2_run2,1761000,1779282937.989411
approach4_mm2_run2,1762000,1779282938.111216
approach4_mm2_run2,1763000,1779282938.112677
approach4_mm2_run2,1764000,1779282938.114136
approach4_mm2_run2,1765000,1779282938.115641
approach4_mm2_run2,1766000,1779282938.117110
approach4_mm2_run2,1767000,1779282938.118602
approach4_mm2_run2,1768000,1779282938.196571
approach4_mm2_run2,1769000,1779282938.198016
approach4_mm2_run2,1770000,1779282938.199476
approach4_mm2_run2,1771000,1779282938.200936
approach4_mm2_run2,1772000,1779282938.202420
approach4_mm2_run2,1773000,1779282938.387344
approach4_mm2_run2,1774000,1779282938.388801
approach4_mm2_run2,1775000,1779282938.390255
approach4_mm2_run2,1776000,1779282938.391730
approach4_mm2_run2,1777000,1779282938.393196
approach4_mm2_run2,1778000,1779282938.532151
approach4_mm2_run2,1779000,1779282938.533610
approach4_mm2_run2,1780000,1779282938.535154
approach4_mm2_run2,1781000,1779282938.536634
approach4_mm2_run2,1782000,1779282938.538100
approach4_mm2_run2,1783000,1779282938.539592
approach4_mm2_run2,1784000,1779282938.555782
approach4_mm2_run2,1785000,1779282938.557241
approach4_mm2_run2,1786000,1779282938.558770
approach4_mm2_run2,1787000,1779282938.560750
approach4_mm2_run2,1788000,1779282938.562691
approach4_mm2_run2,1789000,1779282938.564147
approach4_mm2_run2,1790000,1779282938.565620
approach4_mm2_run2,1791000,1779282938.567077
approach4_mm2_run2,1792000,1779282938.568522
approach4_mm2_run2,1793000,1779282938.569974
approach4_mm2_run2,1794000,1779282938.585327
approach4_mm2_run2,1795000,1779282938.586798
approach4_mm2_run2,1796000,1779282938.588279
approach4_mm2_run2,1797000,1779282938.589745
approach4_mm2_run2,1798000,1779282938.591225
approach4_mm2_run2,1799000,1779282938.715903
approach4_mm2_run2,1800000,1779282938.717355
approach4_mm2_run2,1801000,1779282938.718821
approach4_mm2_run2,1802000,1779282938.720292
approach4_mm2_run2,1803000,1779282938.721773
approach4_mm2_run2,1804000,1779282938.723284
approach4_mm2_run2,1805000,1779282938.845882
approach4_mm2_run2,1806000,1779282938.847352
approach4_mm2_run2,1807000,1779282938.848817
approach4_mm2_run2,1808000,1779282938.850281
approach4_mm2_run2,1809000,1779282938.851768
approach4_mm2_run2,1810000,1779282938.926398
approach4_mm2_run2,1811000,1779282938.927850
approach4_mm2_run2,1812000,1779282938.929305
approach4_mm2_run2,1813000,1779282938.930769
approach4_mm2_run2,1814000,1779282938.932226
approach4_mm2_run2,1815000,1779282939.134687
approach4_mm2_run2,1816000,1779282939.136171
approach4_mm2_run2,1817000,1779282939.137630
approach4_mm2_run2,1818000,1779282939.139101
approach4_mm2_run2,1819000,1779282939.140561
approach4_mm2_run2,1820000,1779282939.142029
approach4_mm2_run2,1821000,1779282939.261287
approach4_mm2_run2,1822000,1779282939.262755
approach4_mm2_run2,1823000,1779282939.264207
approach4_mm2_run2,1824000,1779282939.265694
approach4_mm2_run2,1825000,1779282939.267172
approach4_mm2_run2,1826000,1779282939.286664
approach4_mm2_run2,1827000,1779282939.288147
approach4_mm2_run2,1828000,1779282939.289627
approach4_mm2_run2,1829000,1779282939.291119
approach4_mm2_run2,1830000,1779282939.292608
approach4_mm2_run2,1831000,1779282939.333331
approach4_mm2_run2,1832000,1779282939.334803
approach4_mm2_run2,1833000,1779282939.336288
approach4_mm2_run2,1834000,1779282939.337757
approach4_mm2_run2,1835000,1779282939.339232
approach4_mm2_run2,1836000,1779282939.406033
approach4_mm2_run2,1837000,1779282939.407485
approach4_mm2_run2,1838000,1779282939.408933
approach4_mm2_run2,1839000,1779282939.410388
approach4_mm2_run2,1840000,1779282939.411848
approach4_mm2_run2,1841000,1779282939.413316
approach4_mm2_run2,1842000,1779282939.450053
approach4_mm2_run2,1843000,1779282939.451576
approach4_mm2_run2,1844000,1779282939.453063
approach4_mm2_run2,1845000,1779282939.454547
approach4_mm2_run2,1846000,1779282939.456044
approach4_mm2_run2,1847000,1779282939.578073
approach4_mm2_run2,1848000,1779282939.579537
approach4_mm2_run2,1849000,1779282939.581003
approach4_mm2_run2,1850000,1779282939.582484
approach4_mm2_run2,1851000,1779282939.583946
approach4_mm2_run2,1852000,1779282939.656219
approach4_mm2_run2,1853000,1779282939.657676
approach4_mm2_run2,1854000,1779282939.659143
approach4_mm2_run2,1855000,1779282939.660603
approach4_mm2_run2,1856000,1779282939.662060
approach4_mm2_run2,1857000,1779282939.880839
approach4_mm2_run2,1858000,1779282939.882298
approach4_mm2_run2,1859000,1779282939.883762
approach4_mm2_run2,1860000,1779282939.885282
approach4_mm2_run2,1861000,1779282939.886749
approach4_mm2_run2,1862000,1779282939.888204
approach4_mm2_run2,1863000,1779282939.988100
approach4_mm2_run2,1864000,1779282939.989547
approach4_mm2_run2,1865000,1779282939.991007
approach4_mm2_run2,1866000,1779282939.992467
approach4_mm2_run2,1867000,1779282939.993924
approach4_mm2_run2,1868000,1779282940.013920
approach4_mm2_run2,1869000,1779282940.015406
approach4_mm2_run2,1870000,1779282940.016856
approach4_mm2_run2,1871000,1779282940.018312
approach4_mm2_run2,1872000,1779282940.019792
approach4_mm2_run2,1873000,1779282940.080623
approach4_mm2_run2,1874000,1779282940.082085
approach4_mm2_run2,1875000,1779282940.083564
approach4_mm2_run2,1876000,1779282940.085053
approach4_mm2_run2,1877000,1779282940.086537
approach4_mm2_run2,1878000,1779282940.088005
approach4_mm2_run2,1879000,1779282940.183003
approach4_mm2_run2,1880000,1779282940.184456
approach4_mm2_run2,1881000,1779282940.185939
approach4_mm2_run2,1882000,1779282940.187411
approach4_mm2_run2,1883000,1779282940.188874
approach4_mm2_run2,1884000,1779282940.252266
approach4_mm2_run2,1885000,1779282940.253727
approach4_mm2_run2,1886000,1779282940.255211
approach4_mm2_run2,1887000,1779282940.256655
approach4_mm2_run2,1888000,1779282940.258112
approach4_mm2_run2,1889000,1779282940.311500
approach4_mm2_run2,1890000,1779282940.312947
approach4_mm2_run2,1891000,1779282940.314405
approach4_mm2_run2,1892000,1779282940.315900
approach4_mm2_run2,1893000,1779282940.317364
approach4_mm2_run2,1894000,1779282940.626074
approach4_mm2_run2,1895000,1779282940.627539
approach4_mm2_run2,1896000,1779282940.629006
approach4_mm2_run2,1897000,1779282940.630488
approach4_mm2_run2,1898000,1779282940.631956
approach4_mm2_run2,1899000,1779282940.633431
approach4_mm2_run2,1900000,1779282940.715409
approach4_mm2_run2,1901000,1779282940.716866
approach4_mm2_run2,1902000,1779282940.718326
approach4_mm2_run2,1903000,1779282940.719794
approach4_mm2_run2,1904000,1779282940.721257
approach4_mm2_run2,1905000,1779282940.735333
approach4_mm2_run2,1906000,1779282940.736829
approach4_mm2_run2,1907000,1779282940.738345
approach4_mm2_run2,1908000,1779282940.739910
approach4_mm2_run2,1909000,1779282940.742254
approach4_mm2_run2,1910000,1779282940.743716
approach4_mm2_run2,1911000,1779282940.745185
approach4_mm2_run2,1912000,1779282940.746645
approach4_mm2_run2,1913000,1779282940.748111
approach4_mm2_run2,1914000,1779282940.749579
approach4_mm2_run2,1915000,1779282940.751065
approach4_mm2_run2,1916000,1779282940.829029
approach4_mm2_run2,1917000,1779282940.830515
approach4_mm2_run2,1918000,1779282940.831979
approach4_mm2_run2,1919000,1779282940.833448
approach4_mm2_run2,1920000,1779282940.834962
approach4_mm2_run2,1921000,1779282940.914572
approach4_mm2_run2,1922000,1779282940.916063
approach4_mm2_run2,1923000,1779282940.917534
approach4_mm2_run2,1924000,1779282940.919005
approach4_mm2_run2,1925000,1779282940.920471
approach4_mm2_run2,1926000,1779282941.042867
approach4_mm2_run2,1927000,1779282941.044320
approach4_mm2_run2,1928000,1779282941.045795
approach4_mm2_run2,1929000,1779282941.047260
approach4_mm2_run2,1930000,1779282941.048713
approach4_mm2_run2,1931000,1779282941.096724
approach4_mm2_run2,1932000,1779282941.098176
approach4_mm2_run2,1933000,1779282941.099642
approach4_mm2_run2,1934000,1779282941.101099
approach4_mm2_run2,1935000,1779282941.102567
approach4_mm2_run2,1936000,1779282941.104030
approach4_mm2_run2,1937000,1779282941.380196
approach4_mm2_run2,1938000,1779282941.381654
approach4_mm2_run2,1939000,1779282941.383117
approach4_mm2_run2,1940000,1779282941.384565
approach4_mm2_run2,1941000,1779282941.386052
approach4_mm2_run2,1942000,1779282941.442530
approach4_mm2_run2,1943000,1779282941.443966
approach4_mm2_run2,1944000,1779282941.445429
approach4_mm2_run2,1945000,1779282941.446890
approach4_mm2_run2,1946000,1779282941.448348
approach4_mm2_run2,1947000,1779282941.463232
approach4_mm2_run2,1948000,1779282941.464712
approach4_mm2_run2,1949000,1779282941.466211
approach4_mm2_run2,1950000,1779282941.467759
approach4_mm2_run2,1951000,1779282941.470138
approach4_mm2_run2,1952000,1779282941.471603
approach4_mm2_run2,1953000,1779282941.473064
approach4_mm2_run2,1954000,1779282941.474536
approach4_mm2_run2,1955000,1779282941.476015
approach4_mm2_run2,1956000,1779282941.477481
approach4_mm2_run2,1957000,1779282941.478966
approach4_mm2_run2,1958000,1779282941.578443
approach4_mm2_run2,1959000,1779282941.579895
approach4_mm2_run2,1960000,1779282941.581352
approach4_mm2_run2,1961000,1779282941.582822
approach4_mm2_run2,1962000,1779282941.584286
approach4_mm2_run2,1963000,1779282941.647662
approach4_mm2_run2,1964000,1779282941.649113
approach4_mm2_run2,1965000,1779282941.650580
approach4_mm2_run2,1966000,1779282941.652036
approach4_mm2_run2,1967000,1779282941.653491
approach4_mm2_run2,1968000,1779282941.774678
approach4_mm2_run2,1969000,1779282941.776212
approach4_mm2_run2,1970000,1779282941.777706
approach4_mm2_run2,1971000,1779282941.779195
approach4_mm2_run2,1972000,1779282941.780671
approach4_mm2_run2,1973000,1779282941.782176
approach4_mm2_run2,1974000,1779282941.944498
approach4_mm2_run2,1975000,1779282941.945979
approach4_mm2_run2,1976000,1779282941.947438
approach4_mm2_run2,1977000,1779282941.948881
approach4_mm2_run2,1978000,1779282941.950344
approach4_mm2_run2,1979000,1779282942.123284
approach4_mm2_run2,1980000,1779282942.124743
approach4_mm2_run2,1981000,1779282942.126222
approach4_mm2_run2,1982000,1779282942.127688
approach4_mm2_run2,1983000,1779282942.129142
approach4_mm2_run2,1984000,1779282942.169491
approach4_mm2_run2,1985000,1779282942.170947
approach4_mm2_run2,1986000,1779282942.172409
approach4_mm2_run2,1987000,1779282942.173870
approach4_mm2_run2,1988000,1779282942.175365
approach4_mm2_run2,1989000,1779282942.191997
approach4_mm2_run2,1990000,1779282942.193452
approach4_mm2_run2,1991000,1779282942.194956
approach4_mm2_run2,1992000,1779282942.196429
approach4_mm2_run2,1993000,1779282942.198623
approach4_mm2_run2,1994000,1779282942.200249
approach4_mm2_run2,1995000,1779282942.201705
approach4_mm2_run2,1996000,1779282942.203166
approach4_mm2_run2,1997000,1779282942.204611
approach4_mm2_run2,1998000,1779282942.206079
approach4_mm2_run2,1999000,1779282942.207557
approach4_mm2_run2,2000000,1779282942.323681
approach4_mm2_run2,2001000,1779282942.325200
approach4_mm2_run2,2002000,1779282942.326679
approach4_mm2_run2,2003000,1779282942.328146
approach4_mm2_run2,2004000,1779282942.329614
approach4_mm2_run2,2005000,1779282942.380797
approach4_mm2_run2,2006000,1779282942.382254
approach4_mm2_run2,2007000,1779282942.383722
approach4_mm2_run2,2008000,1779282942.385197
approach4_mm2_run2,2009000,1779282942.386675
approach4_mm2_run2,2010000,1779282942.388143
approach4_mm2_run2,2011000,1779282942.509027
approach4_mm2_run2,2012000,1779282942.510496
approach4_mm2_run2,2013000,1779282942.511957
approach4_mm2_run2,2014000,1779282942.513418
approach4_mm2_run2,2015000,1779282942.514919
approach4_mm2_run2,2016000,1779282942.791740
approach4_mm2_run2,2017000,1779282942.793200
approach4_mm2_run2,2018000,1779282942.794675
approach4_mm2_run2,2019000,1779282942.796167
approach4_mm2_run2,2020000,1779282942.797632
approach4_mm2_run2,2021000,1779282942.865684
approach4_mm2_run2,2022000,1779282942.867144
approach4_mm2_run2,2023000,1779282942.868602
approach4_mm2_run2,2024000,1779282942.870062
approach4_mm2_run2,2025000,1779282942.871526
approach4_mm2_run2,2026000,1779282942.897273
approach4_mm2_run2,2027000,1779282942.898736
approach4_mm2_run2,2028000,1779282942.900193
approach4_mm2_run2,2029000,1779282942.901649
approach4_mm2_run2,2030000,1779282942.903120
approach4_mm2_run2,2031000,1779282942.904587
approach4_mm2_run2,2032000,1779282942.922334
approach4_mm2_run2,2033000,1779282942.923831
approach4_mm2_run2,2034000,1779282942.925339
approach4_mm2_run2,2035000,1779282942.927643
approach4_mm2_run2,2036000,1779282942.929183
approach4_mm2_run2,2037000,1779282942.930654
approach4_mm2_run2,2038000,1779282942.932113
approach4_mm2_run2,2039000,1779282942.933573
approach4_mm2_run2,2040000,1779282942.935056
approach4_mm2_run2,2041000,1779282942.936513
approach4_mm2_run2,2042000,1779282943.070215
approach4_mm2_run2,2043000,1779282943.071686
approach4_mm2_run2,2044000,1779282943.073140
approach4_mm2_run2,2045000,1779282943.074612
approach4_mm2_run2,2046000,1779282943.076112
approach4_mm2_run2,2047000,1779282943.077579
approach4_mm2_run2,2048000,1779282943.116803
approach4_mm2_run2,2049000,1779282943.118275
approach4_mm2_run2,2050000,1779282943.119748
approach4_mm2_run2,2051000,1779282943.121206
approach4_mm2_run2,2052000,1779282943.122687
approach4_mm2_run2,2053000,1779282943.242496
approach4_mm2_run2,2054000,1779282943.243959
approach4_mm2_run2,2055000,1779282943.245445
approach4_mm2_run2,2056000,1779282943.246923
approach4_mm2_run2,2057000,1779282943.248394
approach4_mm2_run2,2058000,1779282943.635966
approach4_mm2_run2,2059000,1779282943.637426
approach4_mm2_run2,2060000,1779282943.638896
approach4_mm2_run2,2061000,1779282943.640358
approach4_mm2_run2,2062000,1779282943.641824
approach4_mm2_run2,2063000,1779282943.653452
approach4_mm2_run2,2064000,1779282943.654965
approach4_mm2_run2,2065000,1779282943.656525
approach4_mm2_run2,2066000,1779282943.658754
approach4_mm2_run2,2067000,1779282943.660202
approach4_mm2_run2,2068000,1779282943.661656
approach4_mm2_run2,2069000,1779282943.663121
approach4_mm2_run2,2070000,1779282943.664577
approach4_mm2_run2,2071000,1779282943.666060
approach4_mm2_run2,2072000,1779282943.667541
approach4_mm2_run2,2073000,1779282943.669010
approach4_mm2_run2,2074000,1779282943.817805
approach4_mm2_run2,2075000,1779282943.819276
approach4_mm2_run2,2076000,1779282943.820735
approach4_mm2_run2,2077000,1779282943.822224
approach4_mm2_run2,2078000,1779282943.823701
approach4_mm2_run2,2079000,1779282943.847036
approach4_mm2_run2,2080000,1779282943.848491
approach4_mm2_run2,2081000,1779282943.849951
approach4_mm2_run2,2082000,1779282943.851411
approach4_mm2_run2,2083000,1779282943.852865
approach4_mm2_run2,2084000,1779282943.960325
approach4_mm2_run2,2085000,1779282943.961792
approach4_mm2_run2,2086000,1779282943.963250
approach4_mm2_run2,2087000,1779282943.964707
approach4_mm2_run2,2088000,1779282943.966194
approach4_mm2_run2,2089000,1779282943.967681
approach4_mm2_run2,2090000,1779282943.972119
approach4_mm2_run2,2091000,1779282943.973605
approach4_mm2_run2,2092000,1779282943.976051
approach4_mm2_run2,2093000,1779282943.977506
approach4_mm2_run2,2094000,1779282943.978979
approach4_mm2_run2,2095000,1779282943.980483
approach4_mm2_run2,2096000,1779282943.981972
approach4_mm2_run2,2097000,1779282943.983448
approach4_mm2_run2,2098000,1779282943.984938
approach4_mm2_run2,2099000,1779282943.986419
approach4_mm2_run2,2100000,1779282944.380468
approach4_mm2_run2,2101000,1779282944.381962
approach4_mm2_run2,2102000,1779282944.384025
approach4_mm2_run2,2103000,1779282944.385759
approach4_mm2_run2,2104000,1779282944.387218
approach4_mm2_run2,2105000,1779282944.388665
approach4_mm2_run2,2106000,1779282944.390119
approach4_mm2_run2,2107000,1779282944.391586
approach4_mm2_run2,2108000,1779282944.393040
approach4_mm2_run2,2109000,1779282944.394510
approach4_mm2_run2,2110000,1779282944.395984
approach4_mm2_run2,2111000,1779282944.482503
approach4_mm2_run2,2112000,1779282944.483971
approach4_mm2_run2,2113000,1779282944.485454
approach4_mm2_run2,2114000,1779282944.486926
approach4_mm2_run2,2115000,1779282944.488388
approach4_mm2_run2,2116000,1779282944.566444
approach4_mm2_run2,2117000,1779282944.567904
approach4_mm2_run2,2118000,1779282944.569358
approach4_mm2_run2,2119000,1779282944.570830
approach4_mm2_run2,2120000,1779282944.572289
approach4_mm2_run2,2121000,1779282944.698864
approach4_mm2_run2,2122000,1779282944.700318
approach4_mm2_run2,2123000,1779282944.701847
approach4_mm2_run2,2124000,1779282944.703968
approach4_mm2_run2,2125000,1779282944.705799
approach4_mm2_run2,2126000,1779282944.707731
approach4_mm2_run2,2127000,1779282944.709620
approach4_mm2_run2,2128000,1779282944.711087
approach4_mm2_run2,2129000,1779282944.712535
approach4_mm2_run2,2130000,1779282944.713975
approach4_mm2_run2,2131000,1779282944.715475
approach4_mm2_run2,2132000,1779282944.716934
approach4_mm2_run2,2133000,1779282944.718399
approach4_mm2_run2,2134000,1779282944.719864
approach4_mm2_run2,2135000,1779282944.721331
approach4_mm2_run2,2136000,1779282944.722815
approach4_mm2_run2,2137000,1779282944.926515
approach4_mm2_run2,2138000,1779282944.927970
approach4_mm2_run2,2139000,1779282944.929429
approach4_mm2_run2,2140000,1779282944.930902
approach4_mm2_run2,2141000,1779282944.932363
approach4_mm2_run2,2142000,1779282944.933828
approach4_mm2_run2,2143000,1779282945.109694
approach4_mm2_run2,2144000,1779282945.111871
approach4_mm2_run2,2145000,1779282945.113466
approach4_mm2_run2,2146000,1779282945.114963
approach4_mm2_run2,2147000,1779282945.116417
approach4_mm2_run2,2148000,1779282945.117873
approach4_mm2_run2,2149000,1779282945.119337
approach4_mm2_run2,2150000,1779282945.120789
approach4_mm2_run2,2151000,1779282945.122239
approach4_mm2_run2,2152000,1779282945.123717
approach4_mm2_run2,2153000,1779282945.312203
approach4_mm2_run2,2154000,1779282945.313668
approach4_mm2_run2,2155000,1779282945.315168
approach4_mm2_run2,2156000,1779282945.316630
approach4_mm2_run2,2157000,1779282945.318094
approach4_mm2_run2,2158000,1779282945.326280
approach4_mm2_run2,2159000,1779282945.327764
approach4_mm2_run2,2160000,1779282945.329225
approach4_mm2_run2,2161000,1779282945.330688
approach4_mm2_run2,2162000,1779282945.332133
approach4_mm2_run2,2163000,1779282945.333588
approach4_mm2_run2,2164000,1779282945.427199
approach4_mm2_run2,2165000,1779282945.428655
approach4_mm2_run2,2166000,1779282945.430109
approach4_mm2_run2,2167000,1779282945.431580
approach4_mm2_run2,2168000,1779282945.433047
approach4_mm2_run2,2169000,1779282945.443768
approach4_mm2_run2,2170000,1779282945.445271
approach4_mm2_run2,2171000,1779282945.446880
approach4_mm2_run2,2172000,1779282945.449122
approach4_mm2_run2,2173000,1779282945.450596
approach4_mm2_run2,2174000,1779282945.452055
approach4_mm2_run2,2175000,1779282945.453516
approach4_mm2_run2,2176000,1779282945.455001
approach4_mm2_run2,2177000,1779282945.456462
approach4_mm2_run2,2178000,1779282945.457929
approach4_mm2_run2,2179000,1779282945.459414
approach4_mm2_run2,2180000,1779282945.662464
approach4_mm2_run2,2181000,1779282945.663925
approach4_mm2_run2,2182000,1779282945.665415
approach4_mm2_run2,2183000,1779282945.666899
approach4_mm2_run2,2184000,1779282945.668368
approach4_mm2_run2,2185000,1779282945.839857
approach4_mm2_run2,2186000,1779282945.841734
approach4_mm2_run2,2187000,1779282945.843634
approach4_mm2_run2,2188000,1779282945.845115
approach4_mm2_run2,2189000,1779282945.846582
approach4_mm2_run2,2190000,1779282945.848038
approach4_mm2_run2,2191000,1779282945.849492
approach4_mm2_run2,2192000,1779282945.850967
approach4_mm2_run2,2193000,1779282945.852427
approach4_mm2_run2,2194000,1779282945.853886
approach4_mm2_run2,2195000,1779282946.060440
approach4_mm2_run2,2196000,1779282946.061893
approach4_mm2_run2,2197000,1779282946.063365
approach4_mm2_run2,2198000,1779282946.064860
approach4_mm2_run2,2199000,1779282946.066327
approach4_mm2_run2,2200000,1779282946.067810
approach4_mm2_run2,2201000,1779282946.154896
approach4_mm2_run2,2202000,1779282946.156353
approach4_mm2_run2,2203000,1779282946.157807
approach4_mm2_run2,2204000,1779282946.159277
approach4_mm2_run2,2205000,1779282946.160737
approach4_mm2_run2,2206000,1779282946.173140
approach4_mm2_run2,2207000,1779282946.175107
approach4_mm2_run2,2208000,1779282946.176972
approach4_mm2_run2,2209000,1779282946.178438
approach4_mm2_run2,2210000,1779282946.179896
approach4_mm2_run2,2211000,1779282946.181355
approach4_mm2_run2,2212000,1779282946.182827
approach4_mm2_run2,2213000,1779282946.184291
approach4_mm2_run2,2214000,1779282946.185773
approach4_mm2_run2,2215000,1779282946.187255
approach4_mm2_run2,2216000,1779282946.191429
approach4_mm2_run2,2217000,1779282946.192886
approach4_mm2_run2,2218000,1779282946.194354
approach4_mm2_run2,2219000,1779282946.195828
approach4_mm2_run2,2220000,1779282946.197286
approach4_mm2_run2,2221000,1779282946.198808
approach4_mm2_run2,2222000,1779282946.394765
approach4_mm2_run2,2223000,1779282946.396251
approach4_mm2_run2,2224000,1779282946.397709
approach4_mm2_run2,2225000,1779282946.399183
approach4_mm2_run2,2226000,1779282946.400643
approach4_mm2_run2,2227000,1779282946.566577
approach4_mm2_run2,2228000,1779282946.568032
approach4_mm2_run2,2229000,1779282946.569611
approach4_mm2_run2,2230000,1779282946.571852
approach4_mm2_run2,2231000,1779282946.573453
approach4_mm2_run2,2232000,1779282946.574947
approach4_mm2_run2,2233000,1779282946.576399
approach4_mm2_run2,2234000,1779282946.577860
approach4_mm2_run2,2235000,1779282946.579327
approach4_mm2_run2,2236000,1779282946.580788
approach4_mm2_run2,2237000,1779282946.582271
approach4_mm2_run2,2238000,1779282946.809438
approach4_mm2_run2,2239000,1779282946.810911
approach4_mm2_run2,2240000,1779282946.812371
approach4_mm2_run2,2241000,1779282946.813832
approach4_mm2_run2,2242000,1779282946.815333
approach4_mm2_run2,2243000,1779282946.884569
approach4_mm2_run2,2244000,1779282946.886045
approach4_mm2_run2,2245000,1779282946.887511
approach4_mm2_run2,2246000,1779282946.888966
approach4_mm2_run2,2247000,1779282946.890436
approach4_mm2_run2,2248000,1779282946.906905
approach4_mm2_run2,2249000,1779282946.908373
approach4_mm2_run2,2250000,1779282946.909838
approach4_mm2_run2,2251000,1779282946.911305
approach4_mm2_run2,2252000,1779282946.912760
approach4_mm2_run2,2253000,1779282946.937490
approach4_mm2_run2,2254000,1779282946.938950
approach4_mm2_run2,2255000,1779282946.940407
approach4_mm2_run2,2256000,1779282946.941864
approach4_mm2_run2,2257000,1779282946.943334
approach4_mm2_run2,2258000,1779282946.944799
approach4_mm2_run2,2259000,1779282947.018053
approach4_mm2_run2,2260000,1779282947.019530
approach4_mm2_run2,2261000,1779282947.020991
approach4_mm2_run2,2262000,1779282947.022466
approach4_mm2_run2,2263000,1779282947.023937
approach4_mm2_run2,2264000,1779282947.127145
approach4_mm2_run2,2265000,1779282947.128602
approach4_mm2_run2,2266000,1779282947.130062
approach4_mm2_run2,2267000,1779282947.131541
approach4_mm2_run2,2268000,1779282947.133007
approach4_mm2_run2,2269000,1779282947.294928
approach4_mm2_run2,2270000,1779282947.296429
approach4_mm2_run2,2271000,1779282947.298361
approach4_mm2_run2,2272000,1779282947.300211
approach4_mm2_run2,2273000,1779282947.301668
approach4_mm2_run2,2274000,1779282947.303135
approach4_mm2_run2,2275000,1779282947.304580
approach4_mm2_run2,2276000,1779282947.306047
approach4_mm2_run2,2277000,1779282947.307516
approach4_mm2_run2,2278000,1779282947.308984
approach4_mm2_run2,2279000,1779282947.310465
approach4_mm2_run2,2280000,1779282947.553942
approach4_mm2_run2,2281000,1779282947.555433
approach4_mm2_run2,2282000,1779282947.556881
approach4_mm2_run2,2283000,1779282947.558334
approach4_mm2_run2,2284000,1779282947.559857
approach4_mm2_run2,2285000,1779282947.611932
approach4_mm2_run2,2286000,1779282947.613386
approach4_mm2_run2,2287000,1779282947.614878
approach4_mm2_run2,2288000,1779282947.616340
approach4_mm2_run2,2289000,1779282947.617812
approach4_mm2_run2,2290000,1779282947.641911
approach4_mm2_run2,2291000,1779282947.643379
approach4_mm2_run2,2292000,1779282947.644868
approach4_mm2_run2,2293000,1779282947.646336
approach4_mm2_run2,2294000,1779282947.647817
approach4_mm2_run2,2295000,1779282947.649298
approach4_mm2_run2,2296000,1779282947.683486
approach4_mm2_run2,2297000,1779282947.684958
approach4_mm2_run2,2298000,1779282947.686417
approach4_mm2_run2,2299000,1779282947.687882
approach4_mm2_run2,2300000,1779282947.689353
approach4_mm2_run2,2301000,1779282947.859990
approach4_mm2_run2,2302000,1779282947.861506
approach4_mm2_run2,2303000,1779282947.863468
approach4_mm2_run2,2304000,1779282947.865313
approach4_mm2_run2,2305000,1779282947.866784
approach4_mm2_run2,2306000,1779282947.868241
approach4_mm2_run2,2307000,1779282947.869691
approach4_mm2_run2,2308000,1779282947.871154
approach4_mm2_run2,2309000,1779282947.872606
approach4_mm2_run2,2310000,1779282947.874070
approach4_mm2_run2,2311000,1779282948.023563
approach4_mm2_run2,2312000,1779282948.025054
approach4_mm2_run2,2313000,1779282948.026519
approach4_mm2_run2,2314000,1779282948.027976
approach4_mm2_run2,2315000,1779282948.029435
approach4_mm2_run2,2316000,1779282948.030918
approach4_mm2_run2,2317000,1779282948.302805
approach4_mm2_run2,2318000,1779282948.304262
approach4_mm2_run2,2319000,1779282948.305751
approach4_mm2_run2,2320000,1779282948.307226
approach4_mm2_run2,2321000,1779282948.308688
approach4_mm2_run2,2322000,1779282948.340407
approach4_mm2_run2,2323000,1779282948.341863
approach4_mm2_run2,2324000,1779282948.343325
approach4_mm2_run2,2325000,1779282948.344781
approach4_mm2_run2,2326000,1779282948.346267
approach4_mm2_run2,2327000,1779282948.373880
approach4_mm2_run2,2328000,1779282948.375383
approach4_mm2_run2,2329000,1779282948.377432
approach4_mm2_run2,2330000,1779282948.379114
approach4_mm2_run2,2331000,1779282948.380578
approach4_mm2_run2,2332000,1779282948.382041
approach4_mm2_run2,2333000,1779282948.383507
approach4_mm2_run2,2334000,1779282948.384979
approach4_mm2_run2,2335000,1779282948.386449
approach4_mm2_run2,2336000,1779282948.387911
approach4_mm2_run2,2337000,1779282948.389383
approach4_mm2_run2,2338000,1779282948.426198
approach4_mm2_run2,2339000,1779282948.427670
approach4_mm2_run2,2340000,1779282948.429129
approach4_mm2_run2,2341000,1779282948.430605
approach4_mm2_run2,2342000,1779282948.432072
approach4_mm2_run2,2343000,1779282948.592358
approach4_mm2_run2,2344000,1779282948.593803
approach4_mm2_run2,2345000,1779282948.595293
approach4_mm2_run2,2346000,1779282948.596774
approach4_mm2_run2,2347000,1779282948.598287
approach4_mm2_run2,2348000,1779282948.753670
approach4_mm2_run2,2349000,1779282948.755157
approach4_mm2_run2,2350000,1779282948.756630
approach4_mm2_run2,2351000,1779282948.758127
approach4_mm2_run2,2352000,1779282948.759611
approach4_mm2_run2,2353000,1779282948.761080
approach4_mm2_run2,2354000,1779282949.049881
approach4_mm2_run2,2355000,1779282949.051393
approach4_mm2_run2,2356000,1779282949.053561
approach4_mm2_run2,2357000,1779282949.055147
approach4_mm2_run2,2358000,1779282949.056652
approach4_mm2_run2,2359000,1779282949.058150
approach4_mm2_run2,2360000,1779282949.059639
approach4_mm2_run2,2361000,1779282949.061094
approach4_mm2_run2,2362000,1779282949.062566
approach4_mm2_run2,2363000,1779282949.064030
approach4_mm2_run2,2364000,1779282949.067473
approach4_mm2_run2,2365000,1779282949.068931
approach4_mm2_run2,2366000,1779282949.070400
approach4_mm2_run2,2367000,1779282949.071862
approach4_mm2_run2,2368000,1779282949.073372
approach4_mm2_run2,2369000,1779282949.074902
approach4_mm2_run2,2370000,1779282949.106001
approach4_mm2_run2,2371000,1779282949.107964
approach4_mm2_run2,2372000,1779282949.109784
approach4_mm2_run2,2373000,1779282949.111251
approach4_mm2_run2,2374000,1779282949.112710
approach4_mm2_run2,2375000,1779282949.114170
approach4_mm2_run2,2376000,1779282949.115668
approach4_mm2_run2,2377000,1779282949.117128
approach4_mm2_run2,2378000,1779282949.118605
approach4_mm2_run2,2379000,1779282949.120074
approach4_mm2_run2,2380000,1779282949.169406
approach4_mm2_run2,2381000,1779282949.170872
approach4_mm2_run2,2382000,1779282949.172329
approach4_mm2_run2,2383000,1779282949.173794
approach4_mm2_run2,2384000,1779282949.175296
approach4_mm2_run2,2385000,1779282949.324664
approach4_mm2_run2,2386000,1779282949.326144
approach4_mm2_run2,2387000,1779282949.327610
approach4_mm2_run2,2388000,1779282949.329067
approach4_mm2_run2,2389000,1779282949.330540
approach4_mm2_run2,2390000,1779282949.332003
approach4_mm2_run2,2391000,1779282949.484901
approach4_mm2_run2,2392000,1779282949.486400
approach4_mm2_run2,2393000,1779282949.487860
approach4_mm2_run2,2394000,1779282949.489318
approach4_mm2_run2,2395000,1779282949.490789
approach4_mm2_run2,2396000,1779282949.794663
approach4_mm2_run2,2397000,1779282949.796188
approach4_mm2_run2,2398000,1779282949.798168
approach4_mm2_run2,2399000,1779282949.799967
approach4_mm2_run2,2400000,1779282949.801424
approach4_mm2_run2,2401000,1779282949.802898
approach4_mm2_run2,2402000,1779282949.804358
approach4_mm2_run2,2403000,1779282949.805841
approach4_mm2_run2,2404000,1779282949.807315
approach4_mm2_run2,2405000,1779282949.808778
approach4_mm2_run2,2406000,1779282949.810248
approach4_mm2_run2,2407000,1779282949.834201
approach4_mm2_run2,2408000,1779282949.835717
approach4_mm2_run2,2409000,1779282949.837420
approach4_mm2_run2,2410000,1779282949.839656
approach4_mm2_run2,2411000,1779282949.841143
approach4_mm2_run2,2412000,1779282949.842614
approach4_mm2_run2,2413000,1779282949.844076
approach4_mm2_run2,2414000,1779282949.845565
approach4_mm2_run2,2415000,1779282949.847037
approach4_mm2_run2,2416000,1779282949.848509
approach4_mm2_run2,2417000,1779282949.902175
approach4_mm2_run2,2418000,1779282949.903628
approach4_mm2_run2,2419000,1779282949.905109
approach4_mm2_run2,2420000,1779282949.906574
approach4_mm2_run2,2421000,1779282949.908037
approach4_mm2_run2,2422000,1779282949.915544
approach4_mm2_run2,2423000,1779282949.916980
approach4_mm2_run2,2424000,1779282949.918428
approach4_mm2_run2,2425000,1779282949.919883
approach4_mm2_run2,2426000,1779282949.921342
approach4_mm2_run2,2427000,1779282949.922827
approach4_mm2_run2,2428000,1779282950.058650
approach4_mm2_run2,2429000,1779282950.060107
approach4_mm2_run2,2430000,1779282950.061560
approach4_mm2_run2,2431000,1779282950.063028
approach4_mm2_run2,2432000,1779282950.064512
approach4_mm2_run2,2433000,1779282950.214987
approach4_mm2_run2,2434000,1779282950.216464
approach4_mm2_run2,2435000,1779282950.217919
approach4_mm2_run2,2436000,1779282950.219386
approach4_mm2_run2,2437000,1779282950.220850
approach4_mm2_run2,2438000,1779282950.523417
approach4_mm2_run2,2439000,1779282950.524908
approach4_mm2_run2,2440000,1779282950.526374
approach4_mm2_run2,2441000,1779282950.527828
approach4_mm2_run2,2442000,1779282950.529287
approach4_mm2_run2,2443000,1779282950.561609
approach4_mm2_run2,2444000,1779282950.563092
approach4_mm2_run2,2445000,1779282950.564607
approach4_mm2_run2,2446000,1779282950.566106
approach4_mm2_run2,2447000,1779282950.567601
approach4_mm2_run2,2448000,1779282950.569351
approach4_mm2_run2,2449000,1779282950.571563
approach4_mm2_run2,2450000,1779282950.573019
approach4_mm2_run2,2451000,1779282950.574488
approach4_mm2_run2,2452000,1779282950.575969
approach4_mm2_run2,2453000,1779282950.577438
approach4_mm2_run2,2454000,1779282950.660189
approach4_mm2_run2,2455000,1779282950.661637
approach4_mm2_run2,2456000,1779282950.663093
approach4_mm2_run2,2457000,1779282950.664536
approach4_mm2_run2,2458000,1779282950.666007
approach4_mm2_run2,2459000,1779282950.747787
approach4_mm2_run2,2460000,1779282950.749244
approach4_mm2_run2,2461000,1779282950.750715
approach4_mm2_run2,2462000,1779282950.752166
approach4_mm2_run2,2463000,1779282950.753623
approach4_mm2_run2,2464000,1779282950.755121
approach4_mm2_run2,2465000,1779282950.791115
approach4_mm2_run2,2466000,1779282950.792583
approach4_mm2_run2,2467000,1779282950.794048
approach4_mm2_run2,2468000,1779282950.795546
approach4_mm2_run2,2469000,1779282950.797001
approach4_mm2_run2,2470000,1779282950.889315
approach4_mm2_run2,2471000,1779282950.890796
approach4_mm2_run2,2472000,1779282950.892259
approach4_mm2_run2,2473000,1779282950.893772
approach4_mm2_run2,2474000,1779282950.895299
approach4_mm2_run2,2475000,1779282950.943656
approach4_mm2_run2,2476000,1779282950.945132
approach4_mm2_run2,2477000,1779282950.946601
approach4_mm2_run2,2478000,1779282950.948054
approach4_mm2_run2,2479000,1779282950.949530
approach4_mm2_run2,2480000,1779282951.253282
approach4_mm2_run2,2481000,1779282951.254746
approach4_mm2_run2,2482000,1779282951.256235
approach4_mm2_run2,2483000,1779282951.257703
approach4_mm2_run2,2484000,1779282951.259177
approach4_mm2_run2,2485000,1779282951.260648
approach4_mm2_run2,2486000,1779282951.290810
approach4_mm2_run2,2487000,1779282951.292276
approach4_mm2_run2,2488000,1779282951.293742
approach4_mm2_run2,2489000,1779282951.295247
approach4_mm2_run2,2490000,1779282951.296731
approach4_mm2_run2,2491000,1779282951.307353
approach4_mm2_run2,2492000,1779282951.308809
approach4_mm2_run2,2493000,1779282951.310267
approach4_mm2_run2,2494000,1779282951.311737
approach4_mm2_run2,2495000,1779282951.313205
approach4_mm2_run2,2496000,1779282951.399097
approach4_mm2_run2,2497000,1779282951.400556
approach4_mm2_run2,2498000,1779282951.402015
approach4_mm2_run2,2499000,1779282951.403480
approach4_mm2_run2,2500000,1779282951.404967
approach4_mm2_run2,2501000,1779282951.406470
approach4_mm2_run2,2502000,1779282951.523231
approach4_mm2_run2,2503000,1779282951.524682
approach4_mm2_run2,2504000,1779282951.526162
approach4_mm2_run2,2505000,1779282951.527633
approach4_mm2_run2,2506000,1779282951.529097
approach4_mm2_run2,2507000,1779282951.593253
approach4_mm2_run2,2508000,1779282951.594710
approach4_mm2_run2,2509000,1779282951.596179
approach4_mm2_run2,2510000,1779282951.597629
approach4_mm2_run2,2511000,1779282951.599097
approach4_mm2_run2,2512000,1779282951.636868
approach4_mm2_run2,2513000,1779282951.638314
approach4_mm2_run2,2514000,1779282951.639781
approach4_mm2_run2,2515000,1779282951.641237
approach4_mm2_run2,2516000,1779282951.642710
approach4_mm2_run2,2517000,1779282951.671263
approach4_mm2_run2,2518000,1779282951.672709
approach4_mm2_run2,2519000,1779282951.674160
approach4_mm2_run2,2520000,1779282951.675648
approach4_mm2_run2,2521000,1779282951.677103
approach4_mm2_run2,2522000,1779282951.678577
approach4_mm2_run2,2523000,1779282951.981236
approach4_mm2_run2,2524000,1779282951.982703
approach4_mm2_run2,2525000,1779282951.984155
approach4_mm2_run2,2526000,1779282951.985641
approach4_mm2_run2,2527000,1779282951.987118
approach4_mm2_run2,2528000,1779282952.021951
approach4_mm2_run2,2529000,1779282952.023429
approach4_mm2_run2,2530000,1779282952.024928
approach4_mm2_run2,2531000,1779282952.026405
approach4_mm2_run2,2532000,1779282952.027883
approach4_mm2_run2,2533000,1779282952.040265
approach4_mm2_run2,2534000,1779282952.041724
approach4_mm2_run2,2535000,1779282952.043202
approach4_mm2_run2,2536000,1779282952.044707
approach4_mm2_run2,2537000,1779282952.046226
approach4_mm2_run2,2538000,1779282952.047707
approach4_mm2_run2,2539000,1779282952.143074
approach4_mm2_run2,2540000,1779282952.144514
approach4_mm2_run2,2541000,1779282952.145983
approach4_mm2_run2,2542000,1779282952.147449
approach4_mm2_run2,2543000,1779282952.148913
approach4_mm2_run2,2544000,1779282952.255482
approach4_mm2_run2,2545000,1779282952.256944
approach4_mm2_run2,2546000,1779282952.258412
approach4_mm2_run2,2547000,1779282952.259876
approach4_mm2_run2,2548000,1779282952.261371
approach4_mm2_run2,2549000,1779282952.385143
approach4_mm2_run2,2550000,1779282952.386617
approach4_mm2_run2,2551000,1779282952.388075
approach4_mm2_run2,2552000,1779282952.389534
approach4_mm2_run2,2553000,1779282952.391017
approach4_mm2_run2,2554000,1779282952.401292
approach4_mm2_run2,2555000,1779282952.402739
approach4_mm2_run2,2556000,1779282952.404195
approach4_mm2_run2,2557000,1779282952.405680
approach4_mm2_run2,2558000,1779282952.407147
approach4_mm2_run2,2559000,1779282952.408600
approach4_mm2_run2,2560000,1779282952.438832
approach4_mm2_run2,2561000,1779282952.440289
approach4_mm2_run2,2562000,1779282952.441754
approach4_mm2_run2,2563000,1779282952.443231
approach4_mm2_run2,2564000,1779282952.444707
approach4_mm2_run2,2565000,1779282952.710133
approach4_mm2_run2,2566000,1779282952.711609
approach4_mm2_run2,2567000,1779282952.713079
approach4_mm2_run2,2568000,1779282952.714562
approach4_mm2_run2,2569000,1779282952.716068
approach4_mm2_run2,2570000,1779282952.748709
approach4_mm2_run2,2571000,1779282952.750179
approach4_mm2_run2,2572000,1779282952.751660
approach4_mm2_run2,2573000,1779282952.753139
approach4_mm2_run2,2574000,1779282952.754636
approach4_mm2_run2,2575000,1779282952.771376
approach4_mm2_run2,2576000,1779282952.772850
approach4_mm2_run2,2577000,1779282952.774323
approach4_mm2_run2,2578000,1779282952.775822
approach4_mm2_run2,2579000,1779282952.777294
approach4_mm2_run2,2580000,1779282952.778793
approach4_mm2_run2,2581000,1779282952.887376
approach4_mm2_run2,2582000,1779282952.888845
approach4_mm2_run2,2583000,1779282952.890314
approach4_mm2_run2,2584000,1779282952.891797
approach4_mm2_run2,2585000,1779282952.893298
approach4_mm2_run2,2586000,1779282952.988266
approach4_mm2_run2,2587000,1779282952.989729
approach4_mm2_run2,2588000,1779282952.991210
approach4_mm2_run2,2589000,1779282952.992689
approach4_mm2_run2,2590000,1779282952.994176
approach4_mm2_run2,2591000,1779282953.128950
approach4_mm2_run2,2592000,1779282953.130487
approach4_mm2_run2,2593000,1779282953.132591
approach4_mm2_run2,2594000,1779282953.134235
approach4_mm2_run2,2595000,1779282953.135734
approach4_mm2_run2,2596000,1779282953.137199
approach4_mm2_run2,2597000,1779282953.138680
approach4_mm2_run2,2598000,1779282953.140169
approach4_mm2_run2,2599000,1779282953.141684
approach4_mm2_run2,2600000,1779282953.143189
approach4_mm2_run2,2601000,1779282953.144669
approach4_mm2_run2,2602000,1779282953.283448
approach4_mm2_run2,2603000,1779282953.284955
approach4_mm2_run2,2604000,1779282953.286430
approach4_mm2_run2,2605000,1779282953.287899
approach4_mm2_run2,2606000,1779282953.289370
approach4_mm2_run2,2607000,1779282953.436064
approach4_mm2_run2,2608000,1779282953.437529
approach4_mm2_run2,2609000,1779282953.439005
approach4_mm2_run2,2610000,1779282953.440474
approach4_mm2_run2,2611000,1779282953.441944
approach4_mm2_run2,2612000,1779282953.476152
approach4_mm2_run2,2613000,1779282953.477622
approach4_mm2_run2,2614000,1779282953.479102
approach4_mm2_run2,2615000,1779282953.480586
approach4_mm2_run2,2616000,1779282953.482080
approach4_mm2_run2,2617000,1779282953.483576
approach4_mm2_run2,2618000,1779282953.504323
approach4_mm2_run2,2619000,1779282953.505816
approach4_mm2_run2,2620000,1779282953.507294
approach4_mm2_run2,2621000,1779282953.508769
approach4_mm2_run2,2622000,1779282953.510258
approach4_mm2_run2,2623000,1779282953.631648
approach4_mm2_run2,2624000,1779282953.633117
approach4_mm2_run2,2625000,1779282953.634598
approach4_mm2_run2,2626000,1779282953.636081
approach4_mm2_run2,2627000,1779282953.637546
approach4_mm2_run2,2628000,1779282953.720293
approach4_mm2_run2,2629000,1779282953.721756
approach4_mm2_run2,2630000,1779282953.723233
approach4_mm2_run2,2631000,1779282953.724699
approach4_mm2_run2,2632000,1779282953.726198
approach4_mm2_run2,2633000,1779282953.727685
approach4_mm2_run2,2634000,1779282953.859593
approach4_mm2_run2,2635000,1779282953.861057
approach4_mm2_run2,2636000,1779282953.862532
approach4_mm2_run2,2637000,1779282953.863998
approach4_mm2_run2,2638000,1779282953.865499
approach4_mm2_run2,2639000,1779282953.880067
approach4_mm2_run2,2640000,1779282953.881540
approach4_mm2_run2,2641000,1779282953.883026
approach4_mm2_run2,2642000,1779282953.884500
approach4_mm2_run2,2643000,1779282953.886000
approach4_mm2_run2,2644000,1779282954.128882
approach4_mm2_run2,2645000,1779282954.130353
approach4_mm2_run2,2646000,1779282954.131819
approach4_mm2_run2,2647000,1779282954.133284
approach4_mm2_run2,2648000,1779282954.134766
approach4_mm2_run2,2649000,1779282954.163215
approach4_mm2_run2,2650000,1779282954.164679
approach4_mm2_run2,2651000,1779282954.166162
approach4_mm2_run2,2652000,1779282954.167645
approach4_mm2_run2,2653000,1779282954.169116
approach4_mm2_run2,2654000,1779282954.170609
approach4_mm2_run2,2655000,1779282954.205730
approach4_mm2_run2,2656000,1779282954.207207
approach4_mm2_run2,2657000,1779282954.208676
approach4_mm2_run2,2658000,1779282954.210156
approach4_mm2_run2,2659000,1779282954.211641
approach4_mm2_run2,2660000,1779282954.236457
approach4_mm2_run2,2661000,1779282954.237926
approach4_mm2_run2,2662000,1779282954.239476
approach4_mm2_run2,2663000,1779282954.241009
approach4_mm2_run2,2664000,1779282954.242529
approach4_mm2_run2,2665000,1779282954.379579
approach4_mm2_run2,2666000,1779282954.381046
approach4_mm2_run2,2667000,1779282954.382523
approach4_mm2_run2,2668000,1779282954.383992
approach4_mm2_run2,2669000,1779282954.385498
approach4_mm2_run2,2670000,1779282954.387002
approach4_mm2_run2,2671000,1779282954.454895
approach4_mm2_run2,2672000,1779282954.456367
approach4_mm2_run2,2673000,1779282954.457837
approach4_mm2_run2,2674000,1779282954.459323
approach4_mm2_run2,2675000,1779282954.460794
approach4_mm2_run2,2676000,1779282954.588524
approach4_mm2_run2,2677000,1779282954.589996
approach4_mm2_run2,2678000,1779282954.591480
approach4_mm2_run2,2679000,1779282954.592955
approach4_mm2_run2,2680000,1779282954.594440
approach4_mm2_run2,2681000,1779282954.626919
approach4_mm2_run2,2682000,1779282954.628391
approach4_mm2_run2,2683000,1779282954.629866
approach4_mm2_run2,2684000,1779282954.631357
approach4_mm2_run2,2685000,1779282954.632835
approach4_mm2_run2,2686000,1779282954.890723
approach4_mm2_run2,2687000,1779282954.892208
approach4_mm2_run2,2688000,1779282954.893710
approach4_mm2_run2,2689000,1779282954.895241
approach4_mm2_run2,2690000,1779282954.896713
approach4_mm2_run2,2691000,1779282954.898193
approach4_mm2_run2,2692000,1779282954.934421
approach4_mm2_run2,2693000,1779282954.935927
approach4_mm2_run2,2694000,1779282954.937415
approach4_mm2_run2,2695000,1779282954.938912
approach4_mm2_run2,2696000,1779282954.940400
approach4_mm2_run2,2697000,1779282954.969724
approach4_mm2_run2,2698000,1779282954.971198
approach4_mm2_run2,2699000,1779282954.972661
approach4_mm2_run2,2700000,1779282954.974193
approach4_mm2_run2,2701000,1779282954.976322
approach4_mm2_run2,2702000,1779282954.978080
approach4_mm2_run2,2703000,1779282954.979557
approach4_mm2_run2,2704000,1779282954.981028
approach4_mm2_run2,2705000,1779282954.982505
approach4_mm2_run2,2706000,1779282954.983976
approach4_mm2_run2,2707000,1779282955.185859
approach4_mm2_run2,2708000,1779282955.187337
approach4_mm2_run2,2709000,1779282955.188802
approach4_mm2_run2,2710000,1779282955.190269
approach4_mm2_run2,2711000,1779282955.191752
approach4_mm2_run2,2712000,1779282955.193237
approach4_mm2_run2,2713000,1779282955.316926
approach4_mm2_run2,2714000,1779282955.318401
approach4_mm2_run2,2715000,1779282955.319867
approach4_mm2_run2,2716000,1779282955.321336
approach4_mm2_run2,2717000,1779282955.322823
approach4_mm2_run2,2718000,1779282955.374601
approach4_mm2_run2,2719000,1779282955.376090
approach4_mm2_run2,2720000,1779282955.377560
approach4_mm2_run2,2721000,1779282955.379037
approach4_mm2_run2,2722000,1779282955.380512
approach4_mm2_run2,2723000,1779282955.463762
approach4_mm2_run2,2724000,1779282955.465258
approach4_mm2_run2,2725000,1779282955.466801
approach4_mm2_run2,2726000,1779282955.468295
approach4_mm2_run2,2727000,1779282955.469765
approach4_mm2_run2,2728000,1779282955.471256
approach4_mm2_run2,2729000,1779282955.618254
approach4_mm2_run2,2730000,1779282955.619728
approach4_mm2_run2,2731000,1779282955.621190
approach4_mm2_run2,2732000,1779282955.622670
approach4_mm2_run2,2733000,1779282955.624140
approach4_mm2_run2,2734000,1779282955.665734
approach4_mm2_run2,2735000,1779282955.667214
approach4_mm2_run2,2736000,1779282955.668685
approach4_mm2_run2,2737000,1779282955.670159
approach4_mm2_run2,2738000,1779282955.671652
approach4_mm2_run2,2739000,1779282955.704877
approach4_mm2_run2,2740000,1779282955.706365
approach4_mm2_run2,2741000,1779282955.707825
approach4_mm2_run2,2742000,1779282955.709300
approach4_mm2_run2,2743000,1779282955.710779
approach4_mm2_run2,2744000,1779282955.820176
approach4_mm2_run2,2745000,1779282955.821644
approach4_mm2_run2,2746000,1779282955.823121
approach4_mm2_run2,2747000,1779282955.824580
approach4_mm2_run2,2748000,1779282955.826070
approach4_mm2_run2,2749000,1779282955.827554
approach4_mm2_run2,2750000,1779282955.924442
approach4_mm2_run2,2751000,1779282955.925941
approach4_mm2_run2,2752000,1779282955.927425
approach4_mm2_run2,2753000,1779282955.928902
approach4_mm2_run2,2754000,1779282955.930396
approach4_mm2_run2,2755000,1779282956.123737
approach4_mm2_run2,2756000,1779282956.125245
approach4_mm2_run2,2757000,1779282956.126743
approach4_mm2_run2,2758000,1779282956.128224
approach4_mm2_run2,2759000,1779282956.129711
approach4_mm2_run2,2760000,1779282956.210366
approach4_mm2_run2,2761000,1779282956.211823
approach4_mm2_run2,2762000,1779282956.213282
approach4_mm2_run2,2763000,1779282956.214758
approach4_mm2_run2,2764000,1779282956.216257
approach4_mm2_run2,2765000,1779282956.217737
approach4_mm2_run2,2766000,1779282956.347374
approach4_mm2_run2,2767000,1779282956.348840
approach4_mm2_run2,2768000,1779282956.350305
approach4_mm2_run2,2769000,1779282956.351785
approach4_mm2_run2,2770000,1779282956.353262
approach4_mm2_run2,2771000,1779282956.392394
approach4_mm2_run2,2772000,1779282956.394257
approach4_mm2_run2,2773000,1779282956.396192
approach4_mm2_run2,2774000,1779282956.397645
approach4_mm2_run2,2775000,1779282956.399124
approach4_mm2_run2,2776000,1779282956.400590
approach4_mm2_run2,2777000,1779282956.402061
approach4_mm2_run2,2778000,1779282956.403545
approach4_mm2_run2,2779000,1779282956.405041
approach4_mm2_run2,2780000,1779282956.406522
approach4_mm2_run2,2781000,1779282956.435614
approach4_mm2_run2,2782000,1779282956.437082
approach4_mm2_run2,2783000,1779282956.438560
approach4_mm2_run2,2784000,1779282956.440016
approach4_mm2_run2,2785000,1779282956.441472
approach4_mm2_run2,2786000,1779282956.442949
approach4_mm2_run2,2787000,1779282956.655005
approach4_mm2_run2,2788000,1779282956.656532
approach4_mm2_run2,2789000,1779282956.658023
approach4_mm2_run2,2790000,1779282956.659508
approach4_mm2_run2,2791000,1779282956.660983
approach4_mm2_run2,2792000,1779282956.667755
approach4_mm2_run2,2793000,1779282956.669226
approach4_mm2_run2,2794000,1779282956.670707
approach4_mm2_run2,2795000,1779282956.672183
approach4_mm2_run2,2796000,1779282956.673656
approach4_mm2_run2,2797000,1779282956.868536
approach4_mm2_run2,2798000,1779282956.870016
approach4_mm2_run2,2799000,1779282956.871509
approach4_mm2_run2,2800000,1779282956.872991
approach4_mm2_run2,2801000,1779282956.874482
approach4_mm2_run2,2802000,1779282956.875983
approach4_mm2_run2,2803000,1779282956.954670
approach4_mm2_run2,2804000,1779282956.956155
approach4_mm2_run2,2805000,1779282956.957623
approach4_mm2_run2,2806000,1779282956.959098
approach4_mm2_run2,2807000,1779282956.960577
approach4_mm2_run2,2808000,1779282957.121586
approach4_mm2_run2,2809000,1779282957.123226
approach4_mm2_run2,2810000,1779282957.125370
approach4_mm2_run2,2811000,1779282957.126849
approach4_mm2_run2,2812000,1779282957.128314
approach4_mm2_run2,2813000,1779282957.129776
approach4_mm2_run2,2814000,1779282957.131246
approach4_mm2_run2,2815000,1779282957.132705
approach4_mm2_run2,2816000,1779282957.134170
approach4_mm2_run2,2817000,1779282957.135669
approach4_mm2_run2,2818000,1779282957.168177
approach4_mm2_run2,2819000,1779282957.169654
approach4_mm2_run2,2820000,1779282957.171139
approach4_mm2_run2,2821000,1779282957.172614
approach4_mm2_run2,2822000,1779282957.174093
approach4_mm2_run2,2823000,1779282957.175613
approach4_mm2_run2,2824000,1779282957.390364
approach4_mm2_run2,2825000,1779282957.391832
approach4_mm2_run2,2826000,1779282957.393295
approach4_mm2_run2,2827000,1779282957.394778
approach4_mm2_run2,2828000,1779282957.396273
approach4_mm2_run2,2829000,1779282957.421955
approach4_mm2_run2,2830000,1779282957.423431
approach4_mm2_run2,2831000,1779282957.424910
approach4_mm2_run2,2832000,1779282957.426370
approach4_mm2_run2,2833000,1779282957.427846
approach4_mm2_run2,2834000,1779282957.512064
approach4_mm2_run2,2835000,1779282957.513530
approach4_mm2_run2,2836000,1779282957.515032
approach4_mm2_run2,2837000,1779282957.516490
approach4_mm2_run2,2838000,1779282957.517955
approach4_mm2_run2,2839000,1779282957.620183
approach4_mm2_run2,2840000,1779282957.621665
approach4_mm2_run2,2841000,1779282957.623159
approach4_mm2_run2,2842000,1779282957.624644
approach4_mm2_run2,2843000,1779282957.626154
approach4_mm2_run2,2844000,1779282957.627663
approach4_mm2_run2,2845000,1779282957.698870
approach4_mm2_run2,2846000,1779282957.700341
approach4_mm2_run2,2847000,1779282957.701813
approach4_mm2_run2,2848000,1779282957.703297
approach4_mm2_run2,2849000,1779282957.704784
approach4_mm2_run2,2850000,1779282957.849542
approach4_mm2_run2,2851000,1779282957.851089
approach4_mm2_run2,2852000,1779282957.853162
approach4_mm2_run2,2853000,1779282957.854916
approach4_mm2_run2,2854000,1779282957.856392
approach4_mm2_run2,2855000,1779282957.857868
approach4_mm2_run2,2856000,1779282957.859344
approach4_mm2_run2,2857000,1779282957.860811
approach4_mm2_run2,2858000,1779282957.862279
approach4_mm2_run2,2859000,1779282957.863768
approach4_mm2_run2,2860000,1779282957.865267
approach4_mm2_run2,2861000,1779282958.121237
approach4_mm2_run2,2862000,1779282958.122717
approach4_mm2_run2,2863000,1779282958.124192
approach4_mm2_run2,2864000,1779282958.125687
approach4_mm2_run2,2865000,1779282958.127180
approach4_mm2_run2,2866000,1779282958.150227
approach4_mm2_run2,2867000,1779282958.151695
approach4_mm2_run2,2868000,1779282958.153168
approach4_mm2_run2,2869000,1779282958.154646
approach4_mm2_run2,2870000,1779282958.156137
approach4_mm2_run2,2871000,1779282958.249110
approach4_mm2_run2,2872000,1779282958.250592
approach4_mm2_run2,2873000,1779282958.252068
approach4_mm2_run2,2874000,1779282958.253542
approach4_mm2_run2,2875000,1779282958.255059
approach4_mm2_run2,2876000,1779282958.356782
approach4_mm2_run2,2877000,1779282958.358246
approach4_mm2_run2,2878000,1779282958.359729
approach4_mm2_run2,2879000,1779282958.361197
approach4_mm2_run2,2880000,1779282958.362754
approach4_mm2_run2,2881000,1779282958.364849
approach4_mm2_run2,2882000,1779282958.366716
approach4_mm2_run2,2883000,1779282958.368180
approach4_mm2_run2,2884000,1779282958.369643
approach4_mm2_run2,2885000,1779282958.371124
approach4_mm2_run2,2886000,1779282958.372589
approach4_mm2_run2,2887000,1779282958.442033
approach4_mm2_run2,2888000,1779282958.443496
approach4_mm2_run2,2889000,1779282958.444971
approach4_mm2_run2,2890000,1779282958.446438
approach4_mm2_run2,2891000,1779282958.447906
approach4_mm2_run2,2892000,1779282958.577539
approach4_mm2_run2,2893000,1779282958.579080
approach4_mm2_run2,2894000,1779282958.581329
approach4_mm2_run2,2895000,1779282958.582804
approach4_mm2_run2,2896000,1779282958.584266
approach4_mm2_run2,2897000,1779282958.585756
approach4_mm2_run2,2898000,1779282958.587215
approach4_mm2_run2,2899000,1779282958.588651
approach4_mm2_run2,2900000,1779282958.590091
approach4_mm2_run2,2901000,1779282958.591557
approach4_mm2_run2,2902000,1779282958.593017
approach4_mm2_run2,2903000,1779282958.854621
approach4_mm2_run2,2904000,1779282958.856106
approach4_mm2_run2,2905000,1779282958.857566
approach4_mm2_run2,2906000,1779282958.859037
approach4_mm2_run2,2907000,1779282958.860498
approach4_mm2_run2,2908000,1779282958.877295
approach4_mm2_run2,2909000,1779282958.878759
approach4_mm2_run2,2910000,1779282958.880221
approach4_mm2_run2,2911000,1779282958.881681
approach4_mm2_run2,2912000,1779282958.883161
approach4_mm2_run2,2913000,1779282958.980927
approach4_mm2_run2,2914000,1779282958.982436
approach4_mm2_run2,2915000,1779282958.983925
approach4_mm2_run2,2916000,1779282958.985422
approach4_mm2_run2,2917000,1779282958.986908
approach4_mm2_run2,2918000,1779282958.988395
approach4_mm2_run2,2919000,1779282959.113933
approach4_mm2_run2,2920000,1779282959.115430
approach4_mm2_run2,2921000,1779282959.116889
approach4_mm2_run2,2922000,1779282959.118364
approach4_mm2_run2,2923000,1779282959.119843
approach4_mm2_run2,2924000,1779282959.188036
approach4_mm2_run2,2925000,1779282959.189492
approach4_mm2_run2,2926000,1779282959.190980
approach4_mm2_run2,2927000,1779282959.192442
approach4_mm2_run2,2928000,1779282959.193910
approach4_mm2_run2,2929000,1779282959.203600
approach4_mm2_run2,2930000,1779282959.205065
approach4_mm2_run2,2931000,1779282959.206537
approach4_mm2_run2,2932000,1779282959.208023
approach4_mm2_run2,2933000,1779282959.209522
approach4_mm2_run2,2934000,1779282959.211015
approach4_mm2_run2,2935000,1779282959.307205
approach4_mm2_run2,2936000,1779282959.308740
approach4_mm2_run2,2937000,1779282959.311026
approach4_mm2_run2,2938000,1779282959.312486
approach4_mm2_run2,2939000,1779282959.313944
approach4_mm2_run2,2940000,1779282959.315438
approach4_mm2_run2,2941000,1779282959.316904
approach4_mm2_run2,2942000,1779282959.318381
approach4_mm2_run2,2943000,1779282959.319837
approach4_mm2_run2,2944000,1779282959.321297
approach4_mm2_run2,2945000,1779282959.585819
approach4_mm2_run2,2946000,1779282959.587282
approach4_mm2_run2,2947000,1779282959.588757
approach4_mm2_run2,2948000,1779282959.590230
approach4_mm2_run2,2949000,1779282959.591722
approach4_mm2_run2,2950000,1779282959.604549
approach4_mm2_run2,2951000,1779282959.606042
approach4_mm2_run2,2952000,1779282959.607511
approach4_mm2_run2,2953000,1779282959.608982
approach4_mm2_run2,2954000,1779282959.610487
approach4_mm2_run2,2955000,1779282959.611981
approach4_mm2_run2,2956000,1779282959.715186
approach4_mm2_run2,2957000,1779282959.716647
approach4_mm2_run2,2958000,1779282959.718120
approach4_mm2_run2,2959000,1779282959.719612
approach4_mm2_run2,2960000,1779282959.721079
approach4_mm2_run2,2961000,1779282959.860591
approach4_mm2_run2,2962000,1779282959.862071
approach4_mm2_run2,2963000,1779282959.863573
approach4_mm2_run2,2964000,1779282959.865078
approach4_mm2_run2,2965000,1779282959.866552
approach4_mm2_run2,2966000,1779282959.933957
approach4_mm2_run2,2967000,1779282959.935465
approach4_mm2_run2,2968000,1779282959.936933
approach4_mm2_run2,2969000,1779282959.938417
approach4_mm2_run2,2970000,1779282959.939896
approach4_mm2_run2,2971000,1779282960.036172
approach4_mm2_run2,2972000,1779282960.037640
approach4_mm2_run2,2973000,1779282960.039388
approach4_mm2_run2,2974000,1779282960.041478
approach4_mm2_run2,2975000,1779282960.042943
approach4_mm2_run2,2976000,1779282960.044417
approach4_mm2_run2,2977000,1779282960.045968
approach4_mm2_run2,2978000,1779282960.047494
approach4_mm2_run2,2979000,1779282960.048982
approach4_mm2_run2,2980000,1779282960.051448
approach4_mm2_run2,2981000,1779282960.052897
approach4_mm2_run2,2982000,1779282960.054382
approach4_mm2_run2,2983000,1779282960.055882
approach4_mm2_run2,2984000,1779282960.057334
approach4_mm2_run2,2985000,1779282960.058816
approach4_mm2_run2,2986000,1779282960.060300
approach4_mm2_run2,2987000,1779282960.316952
approach4_mm2_run2,2988000,1779282960.318424
approach4_mm2_run2,2989000,1779282960.319875
approach4_mm2_run2,2990000,1779282960.321350
approach4_mm2_run2,2991000,1779282960.322851
approach4_mm2_run2,2992000,1779282960.324326
approach4_mm2_run2,2993000,1779282960.333501
approach4_mm2_run2,2994000,1779282960.335033
approach4_mm2_run2,2995000,1779282960.336492
approach4_mm2_run2,2996000,1779282960.337970
approach4_mm2_run2,2997000,1779282960.339459
approach4_mm2_run2,2998000,1779282960.446725
approach4_mm2_run2,2999000,1779282960.448216
approach4_mm2_run2,3000000,1779282960.449679
approach4_mm2_run2,3001000,1779282960.451213
approach4_mm2_run2,3002000,1779282960.452709
approach4_mm2_run2,3003000,1779282960.608119
approach4_mm2_run2,3004000,1779282960.609583
approach4_mm2_run2,3005000,1779282960.611076
approach4_mm2_run2,3006000,1779282960.612553
approach4_mm2_run2,3007000,1779282960.614015
approach4_mm2_run2,3008000,1779282960.674920
approach4_mm2_run2,3009000,1779282960.676399
approach4_mm2_run2,3010000,1779282960.677881
approach4_mm2_run2,3011000,1779282960.679368
approach4_mm2_run2,3012000,1779282960.680841
approach4_mm2_run2,3013000,1779282960.682319
approach4_mm2_run2,3014000,1779282960.763005
approach4_mm2_run2,3015000,1779282960.764542
approach4_mm2_run2,3016000,1779282960.766341
approach4_mm2_run2,3017000,1779282960.768405
approach4_mm2_run2,3018000,1779282960.769895
approach4_mm2_run2,3019000,1779282960.771375
approach4_mm2_run2,3020000,1779282960.772851
approach4_mm2_run2,3021000,1779282960.774337
approach4_mm2_run2,3022000,1779282960.775818
approach4_mm2_run2,3023000,1779282960.777305
approach4_mm2_run2,3024000,1779282960.895055
approach4_mm2_run2,3025000,1779282960.896512
approach4_mm2_run2,3026000,1779282960.897986
approach4_mm2_run2,3027000,1779282960.899485
approach4_mm2_run2,3028000,1779282960.900946
approach4_mm2_run2,3029000,1779282960.902461
approach4_mm2_run2,3030000,1779282961.050146
approach4_mm2_run2,3031000,1779282961.051632
approach4_mm2_run2,3032000,1779282961.053109
approach4_mm2_run2,3033000,1779282961.054585
approach4_mm2_run2,3034000,1779282961.056083
approach4_mm2_run2,3035000,1779282961.060763
approach4_mm2_run2,3036000,1779282961.062234
approach4_mm2_run2,3037000,1779282961.063724
approach4_mm2_run2,3038000,1779282961.065196
approach4_mm2_run2,3039000,1779282961.066706
approach4_mm2_run2,3040000,1779282961.178516
approach4_mm2_run2,3041000,1779282961.180029
approach4_mm2_run2,3042000,1779282961.181508
approach4_mm2_run2,3043000,1779282961.183011
approach4_mm2_run2,3044000,1779282961.184500
approach4_mm2_run2,3045000,1779282961.356047
approach4_mm2_run2,3046000,1779282961.357517
approach4_mm2_run2,3047000,1779282961.359003
approach4_mm2_run2,3048000,1779282961.360457
approach4_mm2_run2,3049000,1779282961.361945
approach4_mm2_run2,3050000,1779282961.363452
approach4_mm2_run2,3051000,1779282961.419709
approach4_mm2_run2,3052000,1779282961.421174
approach4_mm2_run2,3053000,1779282961.422663
approach4_mm2_run2,3054000,1779282961.424124
approach4_mm2_run2,3055000,1779282961.425631
approach4_mm2_run2,3056000,1779282961.491470
approach4_mm2_run2,3057000,1779282961.492995
approach4_mm2_run2,3058000,1779282961.494596
approach4_mm2_run2,3059000,1779282961.496861
approach4_mm2_run2,3060000,1779282961.498335
approach4_mm2_run2,3061000,1779282961.499805
approach4_mm2_run2,3062000,1779282961.501263
approach4_mm2_run2,3063000,1779282961.502760
approach4_mm2_run2,3064000,1779282961.504221
approach4_mm2_run2,3065000,1779282961.505716
approach4_mm2_run2,3066000,1779282961.507203
approach4_mm2_run2,3067000,1779282961.740601
approach4_mm2_run2,3068000,1779282961.742065
approach4_mm2_run2,3069000,1779282961.743538
approach4_mm2_run2,3070000,1779282961.745018
approach4_mm2_run2,3071000,1779282961.746509
approach4_mm2_run2,3072000,1779282961.782835
approach4_mm2_run2,3073000,1779282961.784311
approach4_mm2_run2,3074000,1779282961.785856
approach4_mm2_run2,3075000,1779282961.787909
approach4_mm2_run2,3076000,1779282961.789703
approach4_mm2_run2,3077000,1779282961.791183
approach4_mm2_run2,3078000,1779282961.792651
approach4_mm2_run2,3079000,1779282961.794114
approach4_mm2_run2,3080000,1779282961.795627
approach4_mm2_run2,3081000,1779282961.797117
approach4_mm2_run2,3082000,1779282961.910909
approach4_mm2_run2,3083000,1779282961.912368
approach4_mm2_run2,3084000,1779282961.913833
approach4_mm2_run2,3085000,1779282961.915343
approach4_mm2_run2,3086000,1779282961.916793
approach4_mm2_run2,3087000,1779282961.918272
approach4_mm2_run2,3088000,1779282962.103950
approach4_mm2_run2,3089000,1779282962.105438
approach4_mm2_run2,3090000,1779282962.106919
approach4_mm2_run2,3091000,1779282962.108383
approach4_mm2_run2,3092000,1779282962.109849
approach4_mm2_run2,3093000,1779282962.165704
approach4_mm2_run2,3094000,1779282962.167166
approach4_mm2_run2,3095000,1779282962.168612
approach4_mm2_run2,3096000,1779282962.170062
approach4_mm2_run2,3097000,1779282962.171541
approach4_mm2_run2,3098000,1779282962.219628
approach4_mm2_run2,3099000,1779282962.221082
approach4_mm2_run2,3100000,1779282962.222592
approach4_mm2_run2,3101000,1779282962.224633
approach4_mm2_run2,3102000,1779282962.226415
approach4_mm2_run2,3103000,1779282962.227924
approach4_mm2_run2,3104000,1779282962.229403
approach4_mm2_run2,3105000,1779282962.230873
approach4_mm2_run2,3106000,1779282962.232331
approach4_mm2_run2,3107000,1779282962.233789
approach4_mm2_run2,3108000,1779282962.235304
approach4_mm2_run2,3109000,1779282962.516558
approach4_mm2_run2,3110000,1779282962.518029
approach4_mm2_run2,3111000,1779282962.519509
approach4_mm2_run2,3112000,1779282962.520987
approach4_mm2_run2,3113000,1779282962.522480
approach4_mm2_run2,3114000,1779282962.586327
approach4_mm2_run2,3115000,1779282962.587796
approach4_mm2_run2,3116000,1779282962.589262
approach4_mm2_run2,3117000,1779282962.590746
approach4_mm2_run2,3118000,1779282962.592205
approach4_mm2_run2,3119000,1779282962.643130
approach4_mm2_run2,3120000,1779282962.644607
approach4_mm2_run2,3121000,1779282962.646104
approach4_mm2_run2,3122000,1779282962.647587
approach4_mm2_run2,3123000,1779282962.649042
approach4_mm2_run2,3124000,1779282962.650516
approach4_mm2_run2,3125000,1779282962.855910
approach4_mm2_run2,3126000,1779282962.858168
approach4_mm2_run2,3127000,1779282962.859686
approach4_mm2_run2,3128000,1779282962.861161
approach4_mm2_run2,3129000,1779282962.862644
approach4_mm2_run2,3130000,1779282962.864107
approach4_mm2_run2,3131000,1779282962.865574
approach4_mm2_run2,3132000,1779282962.867059
approach4_mm2_run2,3133000,1779282962.868531
approach4_mm2_run2,3134000,1779282962.870004
approach4_mm2_run2,3135000,1779282962.910204
approach4_mm2_run2,3136000,1779282962.911674
approach4_mm2_run2,3137000,1779282962.913138
approach4_mm2_run2,3138000,1779282962.914644
approach4_mm2_run2,3139000,1779282962.916153
approach4_mm2_run2,3140000,1779282962.951517
approach4_mm2_run2,3141000,1779282962.952960
approach4_mm2_run2,3142000,1779282962.954432
approach4_mm2_run2,3143000,1779282962.955916
approach4_mm2_run2,3144000,1779282962.957376
approach4_mm2_run2,3145000,1779282962.958861
approach4_mm2_run2,3146000,1779282963.244403
approach4_mm2_run2,3147000,1779282963.245892
approach4_mm2_run2,3148000,1779282963.247374
approach4_mm2_run2,3149000,1779282963.248843
approach4_mm2_run2,3150000,1779282963.250319
approach4_mm2_run2,3151000,1779282963.296941
approach4_mm2_run2,3152000,1779282963.298419
approach4_mm2_run2,3153000,1779282963.299899
approach4_mm2_run2,3154000,1779282963.301369
approach4_mm2_run2,3155000,1779282963.302857
approach4_mm2_run2,3156000,1779282963.377269
approach4_mm2_run2,3157000,1779282963.378751
approach4_mm2_run2,3158000,1779282963.380220
approach4_mm2_run2,3159000,1779282963.381703
approach4_mm2_run2,3160000,1779282963.383198
approach4_mm2_run2,3161000,1779282963.384689
approach4_mm2_run2,3162000,1779282963.432992
approach4_mm2_run2,3163000,1779282963.434467
approach4_mm2_run2,3164000,1779282963.435956
approach4_mm2_run2,3165000,1779282963.437420
approach4_mm2_run2,3166000,1779282963.438962
approach4_mm2_run2,3167000,1779282963.588617
approach4_mm2_run2,3168000,1779282963.590086
approach4_mm2_run2,3169000,1779282963.591562
approach4_mm2_run2,3170000,1779282963.593032
approach4_mm2_run2,3171000,1779282963.594523
approach4_mm2_run2,3172000,1779282963.650892
approach4_mm2_run2,3173000,1779282963.652354
approach4_mm2_run2,3174000,1779282963.653818
approach4_mm2_run2,3175000,1779282963.655327
approach4_mm2_run2,3176000,1779282963.656800
approach4_mm2_run2,3177000,1779282963.681504
approach4_mm2_run2,3178000,1779282963.682974
approach4_mm2_run2,3179000,1779282963.684431
approach4_mm2_run2,3180000,1779282963.685928
approach4_mm2_run2,3181000,1779282963.687420
approach4_mm2_run2,3182000,1779282963.688893
approach4_mm2_run2,3183000,1779282963.944675
approach4_mm2_run2,3184000,1779282963.946177
approach4_mm2_run2,3185000,1779282963.947664
approach4_mm2_run2,3186000,1779282963.949144
approach4_mm2_run2,3187000,1779282963.950639
approach4_mm2_run2,3188000,1779282963.971555
approach4_mm2_run2,3189000,1779282963.973020
approach4_mm2_run2,3190000,1779282963.974486
approach4_mm2_run2,3191000,1779282963.975968
approach4_mm2_run2,3192000,1779282963.977431
approach4_mm2_run2,3193000,1779282964.027407
approach4_mm2_run2,3194000,1779282964.028862
approach4_mm2_run2,3195000,1779282964.030328
approach4_mm2_run2,3196000,1779282964.031814
approach4_mm2_run2,3197000,1779282964.033284
approach4_mm2_run2,3198000,1779282964.109507
approach4_mm2_run2,3199000,1779282964.110993
approach4_mm2_run2,3200000,1779282964.112470
approach4_mm2_run2,3201000,1779282964.113938
approach4_mm2_run2,3202000,1779282964.115461
approach4_mm2_run2,3203000,1779282964.116948
approach4_mm2_run2,3204000,1779282964.278910
approach4_mm2_run2,3205000,1779282964.280399
approach4_mm2_run2,3206000,1779282964.281881
approach4_mm2_run2,3207000,1779282964.283365
approach4_mm2_run2,3208000,1779282964.284866
approach4_mm2_run2,3209000,1779282964.320731
approach4_mm2_run2,3210000,1779282964.322194
approach4_mm2_run2,3211000,1779282964.323684
approach4_mm2_run2,3212000,1779282964.325172
approach4_mm2_run2,3213000,1779282964.326654
approach4_mm2_run2,3214000,1779282964.391620
approach4_mm2_run2,3215000,1779282964.393082
approach4_mm2_run2,3216000,1779282964.394563
approach4_mm2_run2,3217000,1779282964.396069
approach4_mm2_run2,3218000,1779282964.397563
approach4_mm2_run2,3219000,1779282964.399045
approach4_mm2_run2,3220000,1779282964.410262
approach4_mm2_run2,3221000,1779282964.411739
approach4_mm2_run2,3222000,1779282964.413206
approach4_mm2_run2,3223000,1779282964.414693
approach4_mm2_run2,3224000,1779282964.416195
approach4_mm2_run2,3225000,1779282964.692229
approach4_mm2_run2,3226000,1779282964.693697
approach4_mm2_run2,3227000,1779282964.695198
approach4_mm2_run2,3228000,1779282964.696735
approach4_mm2_run2,3229000,1779282964.698616
approach4_mm2_run2,3230000,1779282964.700747
approach4_mm2_run2,3231000,1779282964.702198
approach4_mm2_run2,3232000,1779282964.703674
approach4_mm2_run2,3233000,1779282964.705150
approach4_mm2_run2,3234000,1779282964.706627
approach4_mm2_run2,3235000,1779282964.753966
approach4_mm2_run2,3236000,1779282964.755463
approach4_mm2_run2,3237000,1779282964.756932
approach4_mm2_run2,3238000,1779282964.758410
approach4_mm2_run2,3239000,1779282964.759886
approach4_mm2_run2,3240000,1779282964.761372
approach4_mm2_run2,3241000,1779282964.842359
approach4_mm2_run2,3242000,1779282964.843822
approach4_mm2_run2,3243000,1779282964.845340
approach4_mm2_run2,3244000,1779282964.846840
approach4_mm2_run2,3245000,1779282964.848350
approach4_mm2_run2,3246000,1779282965.052843
approach4_mm2_run2,3247000,1779282965.054312
approach4_mm2_run2,3248000,1779282965.055819
approach4_mm2_run2,3249000,1779282965.057287
approach4_mm2_run2,3250000,1779282965.058776
approach4_mm2_run2,3251000,1779282965.125237
approach4_mm2_run2,3252000,1779282965.126716
approach4_mm2_run2,3253000,1779282965.128176
approach4_mm2_run2,3254000,1779282965.129638
approach4_mm2_run2,3255000,1779282965.131119
approach4_mm2_run2,3256000,1779282965.132582
approach4_mm2_run2,3257000,1779282965.137160
approach4_mm2_run2,3258000,1779282965.139353
approach4_mm2_run2,3259000,1779282965.141004
approach4_mm2_run2,3260000,1779282965.142474
approach4_mm2_run2,3261000,1779282965.143932
approach4_mm2_run2,3262000,1779282965.145416
approach4_mm2_run2,3263000,1779282965.146904
approach4_mm2_run2,3264000,1779282965.148364
approach4_mm2_run2,3265000,1779282965.149825
approach4_mm2_run2,3266000,1779282965.151303
approach4_mm2_run2,3267000,1779282965.426965
approach4_mm2_run2,3268000,1779282965.428427
approach4_mm2_run2,3269000,1779282965.429899
approach4_mm2_run2,3270000,1779282965.431377
approach4_mm2_run2,3271000,1779282965.432852
approach4_mm2_run2,3272000,1779282965.438170
approach4_mm2_run2,3273000,1779282965.439643
approach4_mm2_run2,3274000,1779282965.441111
approach4_mm2_run2,3275000,1779282965.442587
approach4_mm2_run2,3276000,1779282965.444060
approach4_mm2_run2,3277000,1779282965.445565
approach4_mm2_run2,3278000,1779282965.485286
approach4_mm2_run2,3279000,1779282965.486771
approach4_mm2_run2,3280000,1779282965.488249
approach4_mm2_run2,3281000,1779282965.489724
approach4_mm2_run2,3282000,1779282965.491217
approach4_mm2_run2,3283000,1779282965.578944
approach4_mm2_run2,3284000,1779282965.580419
approach4_mm2_run2,3285000,1779282965.581891
approach4_mm2_run2,3286000,1779282965.583385
approach4_mm2_run2,3287000,1779282965.584894
approach4_mm2_run2,3288000,1779282965.786162
approach4_mm2_run2,3289000,1779282965.787629
approach4_mm2_run2,3290000,1779282965.789096
approach4_mm2_run2,3291000,1779282965.790580
approach4_mm2_run2,3292000,1779282965.792109
approach4_mm2_run2,3293000,1779282965.793612
approach4_mm2_run2,3294000,1779282965.867845
approach4_mm2_run2,3295000,1779282965.869319
approach4_mm2_run2,3296000,1779282965.870791
approach4_mm2_run2,3297000,1779282965.872260
approach4_mm2_run2,3298000,1779282965.873732
approach4_mm2_run2,3299000,1779282965.882077
approach4_mm2_run2,3300000,1779282965.883552
approach4_mm2_run2,3301000,1779282965.885041
approach4_mm2_run2,3302000,1779282965.886523
approach4_mm2_run2,3303000,1779282965.887999
approach4_mm2_run2,3304000,1779282965.969007
approach4_mm2_run2,3305000,1779282965.970491
approach4_mm2_run2,3306000,1779282965.971953
approach4_mm2_run2,3307000,1779282965.973427
approach4_mm2_run2,3308000,1779282965.974942
approach4_mm2_run2,3309000,1779282966.154883
approach4_mm2_run2,3310000,1779282966.156372
approach4_mm2_run2,3311000,1779282966.157839
approach4_mm2_run2,3312000,1779282966.159316
approach4_mm2_run2,3313000,1779282966.160787
approach4_mm2_run2,3314000,1779282966.162257
approach4_mm2_run2,3315000,1779282966.189359
approach4_mm2_run2,3316000,1779282966.190826
approach4_mm2_run2,3317000,1779282966.192292
approach4_mm2_run2,3318000,1779282966.193773
approach4_mm2_run2,3319000,1779282966.195287
approach4_mm2_run2,3320000,1779282966.213117
approach4_mm2_run2,3321000,1779282966.214602
approach4_mm2_run2,3322000,1779282966.216099
approach4_mm2_run2,3323000,1779282966.217576
approach4_mm2_run2,3324000,1779282966.219072
approach4_mm2_run2,3325000,1779282966.311433
approach4_mm2_run2,3326000,1779282966.312904
approach4_mm2_run2,3327000,1779282966.314389
approach4_mm2_run2,3328000,1779282966.315895
approach4_mm2_run2,3329000,1779282966.317367
approach4_mm2_run2,3330000,1779282966.517824
approach4_mm2_run2,3331000,1779282966.519296
approach4_mm2_run2,3332000,1779282966.520758
approach4_mm2_run2,3333000,1779282966.522231
approach4_mm2_run2,3334000,1779282966.523726
approach4_mm2_run2,3335000,1779282966.525226
approach4_mm2_run2,3336000,1779282966.597072
approach4_mm2_run2,3337000,1779282966.598547
approach4_mm2_run2,3338000,1779282966.600012
approach4_mm2_run2,3339000,1779282966.601477
approach4_mm2_run2,3340000,1779282966.602948
approach4_mm2_run2,3341000,1779282966.627775
approach4_mm2_run2,3342000,1779282966.629228
approach4_mm2_run2,3343000,1779282966.630704
approach4_mm2_run2,3344000,1779282966.632168
approach4_mm2_run2,3345000,1779282966.633637
approach4_mm2_run2,3346000,1779282966.814722
approach4_mm2_run2,3347000,1779282966.816197
approach4_mm2_run2,3348000,1779282966.817645
approach4_mm2_run2,3349000,1779282966.819117
approach4_mm2_run2,3350000,1779282966.820576
approach4_mm2_run2,3351000,1779282966.822040
approach4_mm2_run2,3352000,1779282966.884425
approach4_mm2_run2,3353000,1779282966.885906
approach4_mm2_run2,3354000,1779282966.887393
approach4_mm2_run2,3355000,1779282966.888921
approach4_mm2_run2,3356000,1779282966.890434
approach4_mm2_run2,3357000,1779282966.936035
approach4_mm2_run2,3358000,1779282966.937496
approach4_mm2_run2,3359000,1779282966.939007
approach4_mm2_run2,3360000,1779282966.940542
approach4_mm2_run2,3361000,1779282966.942963
approach4_mm2_run2,3362000,1779282966.944434
approach4_mm2_run2,3363000,1779282966.945907
approach4_mm2_run2,3364000,1779282966.947399
approach4_mm2_run2,3365000,1779282966.948864
approach4_mm2_run2,3366000,1779282966.950346
approach4_mm2_run2,3367000,1779282967.043415
approach4_mm2_run2,3368000,1779282967.044901
approach4_mm2_run2,3369000,1779282967.046362
approach4_mm2_run2,3370000,1779282967.047837
approach4_mm2_run2,3371000,1779282967.049298
approach4_mm2_run2,3372000,1779282967.050808
approach4_mm2_run2,3373000,1779282967.251092
approach4_mm2_run2,3374000,1779282967.252566
approach4_mm2_run2,3375000,1779282967.254035
approach4_mm2_run2,3376000,1779282967.255549
approach4_mm2_run2,3377000,1779282967.257014
approach4_mm2_run2,3378000,1779282967.325359
approach4_mm2_run2,3379000,1779282967.326840
approach4_mm2_run2,3380000,1779282967.328302
approach4_mm2_run2,3381000,1779282967.329763
approach4_mm2_run2,3382000,1779282967.331242
approach4_mm2_run2,3383000,1779282967.373256
approach4_mm2_run2,3384000,1779282967.374718
approach4_mm2_run2,3385000,1779282967.376187
approach4_mm2_run2,3386000,1779282967.377665
approach4_mm2_run2,3387000,1779282967.379145
approach4_mm2_run2,3388000,1779282967.380609
approach4_mm2_run2,3389000,1779282967.613166
approach4_mm2_run2,3390000,1779282967.614635
approach4_mm2_run2,3391000,1779282967.616119
approach4_mm2_run2,3392000,1779282967.617582
approach4_mm2_run2,3393000,1779282967.619070
approach4_mm2_run2,3394000,1779282967.659722
approach4_mm2_run2,3395000,1779282967.661187
approach4_mm2_run2,3396000,1779282967.662663
approach4_mm2_run2,3397000,1779282967.664127
approach4_mm2_run2,3398000,1779282967.665600
approach4_mm2_run2,3399000,1779282967.670461
approach4_mm2_run2,3400000,1779282967.671925
approach4_mm2_run2,3401000,1779282967.673393
approach4_mm2_run2,3402000,1779282967.674868
approach4_mm2_run2,3403000,1779282967.676334
approach4_mm2_run2,3404000,1779282967.684375
approach4_mm2_run2,3405000,1779282967.685877
approach4_mm2_run2,3406000,1779282967.687358
approach4_mm2_run2,3407000,1779282967.688824
approach4_mm2_run2,3408000,1779282967.690293
approach4_mm2_run2,3409000,1779282967.691783
approach4_mm2_run2,3410000,1779282967.779282
approach4_mm2_run2,3411000,1779282967.780756
approach4_mm2_run2,3412000,1779282967.782224
approach4_mm2_run2,3413000,1779282967.783700
approach4_mm2_run2,3414000,1779282967.785212
approach4_mm2_run2,3415000,1779282967.984710
approach4_mm2_run2,3416000,1779282967.986205
approach4_mm2_run2,3417000,1779282967.987692
approach4_mm2_run2,3418000,1779282967.989210
approach4_mm2_run2,3419000,1779282967.990711
approach4_mm2_run2,3420000,1779282968.055731
approach4_mm2_run2,3421000,1779282968.057198
approach4_mm2_run2,3422000,1779282968.058681
approach4_mm2_run2,3423000,1779282968.060145
approach4_mm2_run2,3424000,1779282968.061618
approach4_mm2_run2,3425000,1779282968.118429
approach4_mm2_run2,3426000,1779282968.119895
approach4_mm2_run2,3427000,1779282968.121339
approach4_mm2_run2,3428000,1779282968.122803
approach4_mm2_run2,3429000,1779282968.124281
approach4_mm2_run2,3430000,1779282968.125771
approach4_mm2_run2,3431000,1779282968.340168
approach4_mm2_run2,3432000,1779282968.341630
approach4_mm2_run2,3433000,1779282968.343110
approach4_mm2_run2,3434000,1779282968.344565
approach4_mm2_run2,3435000,1779282968.346064
approach4_mm2_run2,3436000,1779282968.399980
approach4_mm2_run2,3437000,1779282968.401445
approach4_mm2_run2,3438000,1779282968.402922
approach4_mm2_run2,3439000,1779282968.404392
approach4_mm2_run2,3440000,1779282968.405888
approach4_mm2_run2,3441000,1779282968.428255
approach4_mm2_run2,3442000,1779282968.429720
approach4_mm2_run2,3443000,1779282968.431205
approach4_mm2_run2,3444000,1779282968.432683
approach4_mm2_run2,3445000,1779282968.434155
approach4_mm2_run2,3446000,1779282968.435668
approach4_mm2_run2,3447000,1779282968.506774
approach4_mm2_run2,3448000,1779282968.508269
approach4_mm2_run2,3449000,1779282968.510644
approach4_mm2_run2,3450000,1779282968.512108
approach4_mm2_run2,3451000,1779282968.513577
approach4_mm2_run2,3452000,1779282968.515075
approach4_mm2_run2,3453000,1779282968.516540
approach4_mm2_run2,3454000,1779282968.518009
approach4_mm2_run2,3455000,1779282968.519489
approach4_mm2_run2,3456000,1779282968.520956
approach4_mm2_run2,3457000,1779282968.716022
approach4_mm2_run2,3458000,1779282968.717504
approach4_mm2_run2,3459000,1779282968.718983
approach4_mm2_run2,3460000,1779282968.720453
approach4_mm2_run2,3461000,1779282968.721927
approach4_mm2_run2,3462000,1779282968.784900
approach4_mm2_run2,3463000,1779282968.786360
approach4_mm2_run2,3464000,1779282968.787831
approach4_mm2_run2,3465000,1779282968.789288
approach4_mm2_run2,3466000,1779282968.790762
approach4_mm2_run2,3467000,1779282968.792234
approach4_mm2_run2,3468000,1779282968.865836
approach4_mm2_run2,3469000,1779282968.867313
approach4_mm2_run2,3470000,1779282968.868777
approach4_mm2_run2,3471000,1779282968.870236
approach4_mm2_run2,3472000,1779282968.871718
approach4_mm2_run2,3473000,1779282969.068143
approach4_mm2_run2,3474000,1779282969.069615
approach4_mm2_run2,3475000,1779282969.071098
approach4_mm2_run2,3476000,1779282969.072574
approach4_mm2_run2,3477000,1779282969.074028
approach4_mm2_run2,3478000,1779282969.127665
approach4_mm2_run2,3479000,1779282969.129134
approach4_mm2_run2,3480000,1779282969.130639
approach4_mm2_run2,3481000,1779282969.132156
approach4_mm2_run2,3482000,1779282969.133651
approach4_mm2_run2,3483000,1779282969.135164
approach4_mm2_run2,3484000,1779282969.178859
approach4_mm2_run2,3485000,1779282969.180336
approach4_mm2_run2,3486000,1779282969.181811
approach4_mm2_run2,3487000,1779282969.183288
approach4_mm2_run2,3488000,1779282969.184763
approach4_mm2_run2,3489000,1779282969.242693
approach4_mm2_run2,3490000,1779282969.244166
approach4_mm2_run2,3491000,1779282969.245658
approach4_mm2_run2,3492000,1779282969.247146
approach4_mm2_run2,3493000,1779282969.248623
approach4_mm2_run2,3494000,1779282969.350974
approach4_mm2_run2,3495000,1779282969.352441
approach4_mm2_run2,3496000,1779282969.353895
approach4_mm2_run2,3497000,1779282969.355397
approach4_mm2_run2,3498000,1779282969.356880
approach4_mm2_run2,3499000,1779282969.447962
approach4_mm2_run2,3500000,1779282969.449432
approach4_mm2_run2,3501000,1779282969.450948
approach4_mm2_run2,3502000,1779282969.452413
approach4_mm2_run2,3503000,1779282969.453895
approach4_mm2_run2,3504000,1779282969.455426
approach4_mm2_run2,3505000,1779282969.513720
approach4_mm2_run2,3506000,1779282969.515229
approach4_mm2_run2,3507000,1779282969.516686
approach4_mm2_run2,3508000,1779282969.518150
approach4_mm2_run2,3509000,1779282969.519632
approach4_mm2_run2,3510000,1779282969.607567
approach4_mm2_run2,3511000,1779282969.609042
approach4_mm2_run2,3512000,1779282969.610520
approach4_mm2_run2,3513000,1779282969.611993
approach4_mm2_run2,3514000,1779282969.613472
approach4_mm2_run2,3515000,1779282969.796759
approach4_mm2_run2,3516000,1779282969.798225
approach4_mm2_run2,3517000,1779282969.799705
approach4_mm2_run2,3518000,1779282969.801171
approach4_mm2_run2,3519000,1779282969.802634
approach4_mm2_run2,3520000,1779282969.858794
approach4_mm2_run2,3521000,1779282969.860259
approach4_mm2_run2,3522000,1779282969.861719
approach4_mm2_run2,3523000,1779282969.863208
approach4_mm2_run2,3524000,1779282969.864672
approach4_mm2_run2,3525000,1779282969.866166
approach4_mm2_run2,3526000,1779282969.924641
approach4_mm2_run2,3527000,1779282969.926126
approach4_mm2_run2,3528000,1779282969.927607
approach4_mm2_run2,3529000,1779282969.929093
approach4_mm2_run2,3530000,1779282969.930615
approach4_mm2_run2,3531000,1779282969.973863
approach4_mm2_run2,3532000,1779282969.975370
approach4_mm2_run2,3533000,1779282969.976817
approach4_mm2_run2,3534000,1779282969.978296
approach4_mm2_run2,3535000,1779282969.979784
approach4_mm2_run2,3536000,1779282970.180436
approach4_mm2_run2,3537000,1779282970.181911
approach4_mm2_run2,3538000,1779282970.183375
approach4_mm2_run2,3539000,1779282970.184855
approach4_mm2_run2,3540000,1779282970.186303
approach4_mm2_run2,3541000,1779282970.187789
approach4_mm2_run2,3542000,1779282970.242948
approach4_mm2_run2,3543000,1779282970.244415
approach4_mm2_run2,3544000,1779282970.245966
approach4_mm2_run2,3545000,1779282970.247482
approach4_mm2_run2,3546000,1779282970.248969
approach4_mm2_run2,3547000,1779282970.352425
approach4_mm2_run2,3548000,1779282970.353906
approach4_mm2_run2,3549000,1779282970.355415
approach4_mm2_run2,3550000,1779282970.356877
approach4_mm2_run2,3551000,1779282970.358352
approach4_mm2_run2,3552000,1779282970.523929
approach4_mm2_run2,3553000,1779282970.525424
approach4_mm2_run2,3554000,1779282970.526911
approach4_mm2_run2,3555000,1779282970.528383
approach4_mm2_run2,3556000,1779282970.529872
approach4_mm2_run2,3557000,1779282970.541235
approach4_mm2_run2,3558000,1779282970.542712
approach4_mm2_run2,3559000,1779282970.544180
approach4_mm2_run2,3560000,1779282970.545666
approach4_mm2_run2,3561000,1779282970.547150
approach4_mm2_run2,3562000,1779282970.548611
approach4_mm2_run2,3563000,1779282970.586365
approach4_mm2_run2,3564000,1779282970.587840
approach4_mm2_run2,3565000,1779282970.589315
approach4_mm2_run2,3566000,1779282970.590805
approach4_mm2_run2,3567000,1779282970.592291
approach4_mm2_run2,3568000,1779282970.672320
approach4_mm2_run2,3569000,1779282970.673796
approach4_mm2_run2,3570000,1779282970.675288
approach4_mm2_run2,3571000,1779282970.676751
approach4_mm2_run2,3572000,1779282970.678224
approach4_mm2_run2,3573000,1779282970.911588
approach4_mm2_run2,3574000,1779282970.913054
approach4_mm2_run2,3575000,1779282970.914527
approach4_mm2_run2,3576000,1779282970.916014
approach4_mm2_run2,3577000,1779282970.917473
approach4_mm2_run2,3578000,1779282970.918950
approach4_mm2_run2,3579000,1779282970.971273
approach4_mm2_run2,3580000,1779282970.972732
approach4_mm2_run2,3581000,1779282970.974184
approach4_mm2_run2,3582000,1779282970.975684
approach4_mm2_run2,3583000,1779282970.977143
approach4_mm2_run2,3584000,1779282971.056237
approach4_mm2_run2,3585000,1779282971.057717
approach4_mm2_run2,3586000,1779282971.059205
approach4_mm2_run2,3587000,1779282971.060686
approach4_mm2_run2,3588000,1779282971.062171
approach4_mm2_run2,3589000,1779282971.096572
approach4_mm2_run2,3590000,1779282971.098036
approach4_mm2_run2,3591000,1779282971.099510
approach4_mm2_run2,3592000,1779282971.100981
approach4_mm2_run2,3593000,1779282971.102473
approach4_mm2_run2,3594000,1779282971.251222
approach4_mm2_run2,3595000,1779282971.252688
approach4_mm2_run2,3596000,1779282971.254150
approach4_mm2_run2,3597000,1779282971.255662
approach4_mm2_run2,3598000,1779282971.257126
approach4_mm2_run2,3599000,1779282971.258621
approach4_mm2_run2,3600000,1779282971.314396
approach4_mm2_run2,3601000,1779282971.315893
approach4_mm2_run2,3602000,1779282971.317369
approach4_mm2_run2,3603000,1779282971.318864
approach4_mm2_run2,3604000,1779282971.320350
approach4_mm2_run2,3605000,1779282971.393777
approach4_mm2_run2,3606000,1779282971.395290
approach4_mm2_run2,3607000,1779282971.396795
approach4_mm2_run2,3608000,1779282971.398277
approach4_mm2_run2,3609000,1779282971.399767
approach4_mm2_run2,3610000,1779282971.420614
approach4_mm2_run2,3611000,1779282971.422086
approach4_mm2_run2,3612000,1779282971.423573
approach4_mm2_run2,3613000,1779282971.425072
approach4_mm2_run2,3614000,1779282971.426564
approach4_mm2_run2,3615000,1779282971.643251
approach4_mm2_run2,3616000,1779282971.644694
approach4_mm2_run2,3617000,1779282971.646158
approach4_mm2_run2,3618000,1779282971.647621
approach4_mm2_run2,3619000,1779282971.649077
approach4_mm2_run2,3620000,1779282971.650554
approach4_mm2_run2,3621000,1779282971.700048
approach4_mm2_run2,3622000,1779282971.701517
approach4_mm2_run2,3623000,1779282971.702989
approach4_mm2_run2,3624000,1779282971.704470
approach4_mm2_run2,3625000,1779282971.705966
approach4_mm2_run2,3626000,1779282971.788937
approach4_mm2_run2,3627000,1779282971.790419
approach4_mm2_run2,3628000,1779282971.791889
approach4_mm2_run2,3629000,1779282971.793366
approach4_mm2_run2,3630000,1779282971.794888
approach4_mm2_run2,3631000,1779282971.841195
approach4_mm2_run2,3632000,1779282971.842664
approach4_mm2_run2,3633000,1779282971.844119
approach4_mm2_run2,3634000,1779282971.845598
approach4_mm2_run2,3635000,1779282971.847097
approach4_mm2_run2,3636000,1779282971.848577
approach4_mm2_run2,3637000,1779282971.979211
approach4_mm2_run2,3638000,1779282971.980675
approach4_mm2_run2,3639000,1779282971.982133
approach4_mm2_run2,3640000,1779282971.983613
approach4_mm2_run2,3641000,1779282971.985114
approach4_mm2_run2,3642000,1779282972.042885
approach4_mm2_run2,3643000,1779282972.044353
approach4_mm2_run2,3644000,1779282972.045859
approach4_mm2_run2,3645000,1779282972.047341
approach4_mm2_run2,3646000,1779282972.048816
approach4_mm2_run2,3647000,1779282972.168701
approach4_mm2_run2,3648000,1779282972.170175
approach4_mm2_run2,3649000,1779282972.171663
approach4_mm2_run2,3650000,1779282972.173131
approach4_mm2_run2,3651000,1779282972.174627
approach4_mm2_run2,3652000,1779282972.235784
approach4_mm2_run2,3653000,1779282972.237259
approach4_mm2_run2,3654000,1779282972.238727
approach4_mm2_run2,3655000,1779282972.240197
approach4_mm2_run2,3656000,1779282972.241667
approach4_mm2_run2,3657000,1779282972.243157
approach4_mm2_run2,3658000,1779282972.392735
approach4_mm2_run2,3659000,1779282972.394202
approach4_mm2_run2,3660000,1779282972.395707
approach4_mm2_run2,3661000,1779282972.397171
approach4_mm2_run2,3662000,1779282972.398669
approach4_mm2_run2,3663000,1779282972.428657
approach4_mm2_run2,3664000,1779282972.430129
approach4_mm2_run2,3665000,1779282972.431597
approach4_mm2_run2,3666000,1779282972.433068
approach4_mm2_run2,3667000,1779282972.434555
approach4_mm2_run2,3668000,1779282972.521348
approach4_mm2_run2,3669000,1779282972.522827
approach4_mm2_run2,3670000,1779282972.524340
approach4_mm2_run2,3671000,1779282972.525853
approach4_mm2_run2,3672000,1779282972.527332
approach4_mm2_run2,3673000,1779282972.528801
approach4_mm2_run2,3674000,1779282972.708256
approach4_mm2_run2,3675000,1779282972.709727
approach4_mm2_run2,3676000,1779282972.711214
approach4_mm2_run2,3677000,1779282972.712691
approach4_mm2_run2,3678000,1779282972.714175
approach4_mm2_run2,3679000,1779282972.771676
approach4_mm2_run2,3680000,1779282972.773149
approach4_mm2_run2,3681000,1779282972.774629
approach4_mm2_run2,3682000,1779282972.776116
approach4_mm2_run2,3683000,1779282972.777585
approach4_mm2_run2,3684000,1779282972.915779
approach4_mm2_run2,3685000,1779282972.917251
approach4_mm2_run2,3686000,1779282972.918724
approach4_mm2_run2,3687000,1779282972.920200
approach4_mm2_run2,3688000,1779282972.921661
approach4_mm2_run2,3689000,1779282972.926351
approach4_mm2_run2,3690000,1779282972.927821
approach4_mm2_run2,3691000,1779282972.929282
approach4_mm2_run2,3692000,1779282972.930756
approach4_mm2_run2,3693000,1779282972.932217
approach4_mm2_run2,3694000,1779282972.933700
approach4_mm2_run2,3695000,1779282973.081733
approach4_mm2_run2,3696000,1779282973.083211
approach4_mm2_run2,3697000,1779282973.084675
approach4_mm2_run2,3698000,1779282973.086170
approach4_mm2_run2,3699000,1779282973.087653
approach4_mm2_run2,3700000,1779282973.126790
approach4_mm2_run2,3701000,1779282973.128245
approach4_mm2_run2,3702000,1779282973.129704
approach4_mm2_run2,3703000,1779282973.131177
approach4_mm2_run2,3704000,1779282973.132636
approach4_mm2_run2,3705000,1779282973.156107
approach4_mm2_run2,3706000,1779282973.157570
approach4_mm2_run2,3707000,1779282973.159041
approach4_mm2_run2,3708000,1779282973.160530
approach4_mm2_run2,3709000,1779282973.161997
approach4_mm2_run2,3710000,1779282973.253896
approach4_mm2_run2,3711000,1779282973.255405
approach4_mm2_run2,3712000,1779282973.256882
approach4_mm2_run2,3713000,1779282973.258359
approach4_mm2_run2,3714000,1779282973.259843
approach4_mm2_run2,3715000,1779282973.261318
approach4_mm2_run2,3716000,1779282973.439310
approach4_mm2_run2,3717000,1779282973.440771
approach4_mm2_run2,3718000,1779282973.442254
approach4_mm2_run2,3719000,1779282973.443734
approach4_mm2_run2,3720000,1779282973.445229
approach4_mm2_run2,3721000,1779282973.499457
approach4_mm2_run2,3722000,1779282973.500926
approach4_mm2_run2,3723000,1779282973.502391
approach4_mm2_run2,3724000,1779282973.503864
approach4_mm2_run2,3725000,1779282973.505359
approach4_mm2_run2,3726000,1779282973.663004
approach4_mm2_run2,3727000,1779282973.664476
approach4_mm2_run2,3728000,1779282973.665964
approach4_mm2_run2,3729000,1779282973.667549
approach4_mm2_run2,3730000,1779282973.669244
approach4_mm2_run2,3731000,1779282973.671566
approach4_mm2_run2,3732000,1779282973.673018
approach4_mm2_run2,3733000,1779282973.674533
approach4_mm2_run2,3734000,1779282973.676032
approach4_mm2_run2,3735000,1779282973.677491
approach4_mm2_run2,3736000,1779282973.678968
approach4_mm2_run2,3737000,1779282973.857633
approach4_mm2_run2,3738000,1779282973.859099
approach4_mm2_run2,3739000,1779282973.860554
approach4_mm2_run2,3740000,1779282973.862008
approach4_mm2_run2,3741000,1779282973.863485
approach4_mm2_run2,3742000,1779282973.926264
approach4_mm2_run2,3743000,1779282973.927723
approach4_mm2_run2,3744000,1779282973.929178
approach4_mm2_run2,3745000,1779282973.930650
approach4_mm2_run2,3746000,1779282973.932122
approach4_mm2_run2,3747000,1779282973.988146
approach4_mm2_run2,3748000,1779282973.989606
approach4_mm2_run2,3749000,1779282973.991082
approach4_mm2_run2,3750000,1779282973.992576
approach4_mm2_run2,3751000,1779282973.994044
approach4_mm2_run2,3752000,1779282973.995576
approach4_mm2_run2,3753000,1779282974.164905
approach4_mm2_run2,3754000,1779282974.166369
approach4_mm2_run2,3755000,1779282974.167844
approach4_mm2_run2,3756000,1779282974.169306
approach4_mm2_run2,3757000,1779282974.170784
approach4_mm2_run2,3758000,1779282974.228348
approach4_mm2_run2,3759000,1779282974.229869
approach4_mm2_run2,3760000,1779282974.232081
approach4_mm2_run2,3761000,1779282974.233716
approach4_mm2_run2,3762000,1779282974.235215
approach4_mm2_run2,3763000,1779282974.236688
approach4_mm2_run2,3764000,1779282974.238156
approach4_mm2_run2,3765000,1779282974.239638
approach4_mm2_run2,3766000,1779282974.241096
approach4_mm2_run2,3767000,1779282974.242585
approach4_mm2_run2,3768000,1779282974.244060
approach4_mm2_run2,3769000,1779282974.411497
approach4_mm2_run2,3770000,1779282974.412999
approach4_mm2_run2,3771000,1779282974.415370
approach4_mm2_run2,3772000,1779282974.416836
approach4_mm2_run2,3773000,1779282974.418305
approach4_mm2_run2,3774000,1779282974.419775
approach4_mm2_run2,3775000,1779282974.421232
approach4_mm2_run2,3776000,1779282974.422701
approach4_mm2_run2,3777000,1779282974.424165
approach4_mm2_run2,3778000,1779282974.425652
approach4_mm2_run2,3779000,1779282974.591068
approach4_mm2_run2,3780000,1779282974.592508
approach4_mm2_run2,3781000,1779282974.593949
approach4_mm2_run2,3782000,1779282974.595448
approach4_mm2_run2,3783000,1779282974.596902
approach4_mm2_run2,3784000,1779282974.721402
approach4_mm2_run2,3785000,1779282974.722875
approach4_mm2_run2,3786000,1779282974.724337
approach4_mm2_run2,3787000,1779282974.725828
approach4_mm2_run2,3788000,1779282974.727307
approach4_mm2_run2,3789000,1779282974.728781
approach4_mm2_run2,3790000,1779282974.772660
approach4_mm2_run2,3791000,1779282974.774138
approach4_mm2_run2,3792000,1779282974.775636
approach4_mm2_run2,3793000,1779282974.777098
approach4_mm2_run2,3794000,1779282974.778583
approach4_mm2_run2,3795000,1779282974.892390
approach4_mm2_run2,3796000,1779282974.893900
approach4_mm2_run2,3797000,1779282974.895434
approach4_mm2_run2,3798000,1779282974.896907
approach4_mm2_run2,3799000,1779282974.898401
approach4_mm2_run2,3800000,1779282974.956847
approach4_mm2_run2,3801000,1779282974.958306
approach4_mm2_run2,3802000,1779282974.959837
approach4_mm2_run2,3803000,1779282974.962048
approach4_mm2_run2,3804000,1779282974.963670
approach4_mm2_run2,3805000,1779282974.965150
approach4_mm2_run2,3806000,1779282974.966622
approach4_mm2_run2,3807000,1779282974.968089
approach4_mm2_run2,3808000,1779282974.969550
approach4_mm2_run2,3809000,1779282974.971027
approach4_mm2_run2,3810000,1779282974.972502
approach4_mm2_run2,3811000,1779282975.157737
approach4_mm2_run2,3812000,1779282975.159682
approach4_mm2_run2,3813000,1779282975.161560
approach4_mm2_run2,3814000,1779282975.163048
approach4_mm2_run2,3815000,1779282975.164515
approach4_mm2_run2,3816000,1779282975.166006
approach4_mm2_run2,3817000,1779282975.167470
approach4_mm2_run2,3818000,1779282975.168948
approach4_mm2_run2,3819000,1779282975.170474
approach4_mm2_run2,3820000,1779282975.171945
approach4_mm2_run2,3821000,1779282975.453879
approach4_mm2_run2,3822000,1779282975.455383
approach4_mm2_run2,3823000,1779282975.456845
approach4_mm2_run2,3824000,1779282975.458308
approach4_mm2_run2,3825000,1779282975.459787
approach4_mm2_run2,3826000,1779282975.461261
approach4_mm2_run2,3827000,1779282975.620337
approach4_mm2_run2,3828000,1779282975.622157
approach4_mm2_run2,3829000,1779282975.624129
approach4_mm2_run2,3830000,1779282975.625600
approach4_mm2_run2,3831000,1779282975.627065
approach4_mm2_run2,3832000,1779282975.628525
approach4_mm2_run2,3833000,1779282975.629982
approach4_mm2_run2,3834000,1779282975.631469
approach4_mm2_run2,3835000,1779282975.632957
approach4_mm2_run2,3836000,1779282975.634473
approach4_mm2_run2,3837000,1779282975.665314
approach4_mm2_run2,3838000,1779282975.666787
approach4_mm2_run2,3839000,1779282975.668249
approach4_mm2_run2,3840000,1779282975.669707
approach4_mm2_run2,3841000,1779282975.671182
approach4_mm2_run2,3842000,1779282975.686235
approach4_mm2_run2,3843000,1779282975.687728
approach4_mm2_run2,3844000,1779282975.689671
approach4_mm2_run2,3845000,1779282975.691494
approach4_mm2_run2,3846000,1779282975.692960
approach4_mm2_run2,3847000,1779282975.694433
approach4_mm2_run2,3848000,1779282975.695909
approach4_mm2_run2,3849000,1779282975.697366
approach4_mm2_run2,3850000,1779282975.698835
approach4_mm2_run2,3851000,1779282975.700295
approach4_mm2_run2,3852000,1779282975.701758
approach4_mm2_run2,3853000,1779282975.904376
approach4_mm2_run2,3854000,1779282975.906325
approach4_mm2_run2,3855000,1779282975.908289
approach4_mm2_run2,3856000,1779282975.909772
approach4_mm2_run2,3857000,1779282975.911267
approach4_mm2_run2,3858000,1779282975.912740
approach4_mm2_run2,3859000,1779282975.914255
approach4_mm2_run2,3860000,1779282975.915786
approach4_mm2_run2,3861000,1779282975.917257
approach4_mm2_run2,3862000,1779282975.918754
approach4_mm2_run2,3863000,1779282975.920238
approach4_mm2_run2,3864000,1779282976.187530
approach4_mm2_run2,3865000,1779282976.189016
approach4_mm2_run2,3866000,1779282976.190500
approach4_mm2_run2,3867000,1779282976.191985
approach4_mm2_run2,3868000,1779282976.193469
approach4_mm2_run2,3869000,1779282976.351125
approach4_mm2_run2,3870000,1779282976.352582
approach4_mm2_run2,3871000,1779282976.354059
approach4_mm2_run2,3872000,1779282976.355578
approach4_mm2_run2,3873000,1779282976.357064
approach4_mm2_run2,3874000,1779282976.398093
approach4_mm2_run2,3875000,1779282976.399583
approach4_mm2_run2,3876000,1779282976.401055
approach4_mm2_run2,3877000,1779282976.402548
approach4_mm2_run2,3878000,1779282976.404031
approach4_mm2_run2,3879000,1779282976.413013
approach4_mm2_run2,3880000,1779282976.414490
approach4_mm2_run2,3881000,1779282976.415988
approach4_mm2_run2,3882000,1779282976.417509
approach4_mm2_run2,3883000,1779282976.419883
approach4_mm2_run2,3884000,1779282976.421327
approach4_mm2_run2,3885000,1779282976.422794
approach4_mm2_run2,3886000,1779282976.424256
approach4_mm2_run2,3887000,1779282976.425732
approach4_mm2_run2,3888000,1779282976.427216
approach4_mm2_run2,3889000,1779282976.428694
approach4_mm2_run2,3890000,1779282976.464066
approach4_mm2_run2,3891000,1779282976.465540
approach4_mm2_run2,3892000,1779282976.467028
approach4_mm2_run2,3893000,1779282976.468506
approach4_mm2_run2,3894000,1779282976.469975
approach4_mm2_run2,3895000,1779282976.647702
approach4_mm2_run2,3896000,1779282976.649183
approach4_mm2_run2,3897000,1779282976.650982
approach4_mm2_run2,3898000,1779282976.652988
approach4_mm2_run2,3899000,1779282976.654512
approach4_mm2_run2,3900000,1779282976.656019
approach4_mm2_run2,3901000,1779282976.657492
approach4_mm2_run2,3902000,1779282976.658983
approach4_mm2_run2,3903000,1779282976.660449
approach4_mm2_run2,3904000,1779282976.661924
approach4_mm2_run2,3905000,1779282976.663429
approach4_mm2_run2,3906000,1779282976.920293
approach4_mm2_run2,3907000,1779282976.921776
approach4_mm2_run2,3908000,1779282976.923257
approach4_mm2_run2,3909000,1779282976.924737
approach4_mm2_run2,3910000,1779282976.926254
approach4_mm2_run2,3911000,1779282977.078056
approach4_mm2_run2,3912000,1779282977.079538
approach4_mm2_run2,3913000,1779282977.081005
approach4_mm2_run2,3914000,1779282977.082474
approach4_mm2_run2,3915000,1779282977.083951
approach4_mm2_run2,3916000,1779282977.130582
approach4_mm2_run2,3917000,1779282977.132041
approach4_mm2_run2,3918000,1779282977.133508
approach4_mm2_run2,3919000,1779282977.135018
approach4_mm2_run2,3920000,1779282977.136486
approach4_mm2_run2,3921000,1779282977.137997
approach4_mm2_run2,3922000,1779282977.142582
approach4_mm2_run2,3923000,1779282977.144060
approach4_mm2_run2,3924000,1779282977.145592
approach4_mm2_run2,3925000,1779282977.147813
approach4_mm2_run2,3926000,1779282977.149464
approach4_mm2_run2,3927000,1779282977.150961
approach4_mm2_run2,3928000,1779282977.152413
approach4_mm2_run2,3929000,1779282977.153873
approach4_mm2_run2,3930000,1779282977.155375
approach4_mm2_run2,3931000,1779282977.156853
approach4_mm2_run2,3932000,1779282977.309786
approach4_mm2_run2,3933000,1779282977.311274
approach4_mm2_run2,3934000,1779282977.312739
approach4_mm2_run2,3935000,1779282977.314185
approach4_mm2_run2,3936000,1779282977.315683
approach4_mm2_run2,3937000,1779282977.391873
approach4_mm2_run2,3938000,1779282977.393353
approach4_mm2_run2,3939000,1779282977.394857
approach4_mm2_run2,3940000,1779282977.396329
approach4_mm2_run2,3941000,1779282977.397805
approach4_mm2_run2,3942000,1779282977.399299
approach4_mm2_run2,3943000,1779282977.403458
approach4_mm2_run2,3944000,1779282977.404946
approach4_mm2_run2,3945000,1779282977.406433
approach4_mm2_run2,3946000,1779282977.407913
approach4_mm2_run2,3947000,1779282977.409382
approach4_mm2_run2,3948000,1779282977.651805
approach4_mm2_run2,3949000,1779282977.653286
approach4_mm2_run2,3950000,1779282977.654774
approach4_mm2_run2,3951000,1779282977.656275
approach4_mm2_run2,3952000,1779282977.657726
approach4_mm2_run2,3953000,1779282977.863022
approach4_mm2_run2,3954000,1779282977.864460
approach4_mm2_run2,3955000,1779282977.865960
approach4_mm2_run2,3956000,1779282977.867477
approach4_mm2_run2,3957000,1779282977.869127
approach4_mm2_run2,3958000,1779282977.871522
approach4_mm2_run2,3959000,1779282977.873008
approach4_mm2_run2,3960000,1779282977.874546
approach4_mm2_run2,3961000,1779282977.877007
approach4_mm2_run2,3962000,1779282977.878506
approach4_mm2_run2,3963000,1779282977.879983
approach4_mm2_run2,3964000,1779282977.881460
approach4_mm2_run2,3965000,1779282977.882929
approach4_mm2_run2,3966000,1779282977.884394
approach4_mm2_run2,3967000,1779282977.885883
approach4_mm2_run2,3968000,1779282977.887368
approach4_mm2_run2,3969000,1779282978.135620
approach4_mm2_run2,3970000,1779282978.137088
approach4_mm2_run2,3971000,1779282978.138573
approach4_mm2_run2,3972000,1779282978.140025
approach4_mm2_run2,3973000,1779282978.141491
approach4_mm2_run2,3974000,1779282978.148470
approach4_mm2_run2,3975000,1779282978.149979
approach4_mm2_run2,3976000,1779282978.152179
approach4_mm2_run2,3977000,1779282978.153860
approach4_mm2_run2,3978000,1779282978.155917
approach4_mm2_run2,3979000,1779282978.157706
approach4_mm2_run2,3980000,1779282978.159181
approach4_mm2_run2,3981000,1779282978.160631
approach4_mm2_run2,3982000,1779282978.162078
approach4_mm2_run2,3983000,1779282978.163553
approach4_mm2_run2,3984000,1779282978.165037
approach4_mm2_run2,3985000,1779282978.166558
approach4_mm2_run2,3986000,1779282978.168042
approach4_mm2_run2,3987000,1779282978.169510
approach4_mm2_run2,3988000,1779282978.170987
approach4_mm2_run2,3989000,1779282978.172452
approach4_mm2_run2,3990000,1779282978.384275
approach4_mm2_run2,3991000,1779282978.385774
approach4_mm2_run2,3992000,1779282978.387257
approach4_mm2_run2,3993000,1779282978.388720
approach4_mm2_run2,3994000,1779282978.390185
approach4_mm2_run2,3995000,1779282978.391680
approach4_mm2_run2,3996000,1779282978.597012
approach4_mm2_run2,3997000,1779282978.598491
approach4_mm2_run2,3998000,1779282978.599965
approach4_mm2_run2,3999000,1779282978.601418
approach4_mm2_run2,4000000,1779282978.602916
approach4_mm2_run2,4001000,1779282978.607511
approach4_mm2_run2,4002000,1779282978.608977
approach4_mm2_run2,4003000,1779282978.610458
approach4_mm2_run2,4004000,1779282978.611924
approach4_mm2_run2,4005000,1779282978.613389
approach4_mm2_run2,4006000,1779282978.879705
approach4_mm2_run2,4007000,1779282978.881205
approach4_mm2_run2,4008000,1779282978.882994
approach4_mm2_run2,4009000,1779282978.885074
approach4_mm2_run2,4010000,1779282978.886571
approach4_mm2_run2,4011000,1779282978.888047
approach4_mm2_run2,4012000,1779282978.889520
approach4_mm2_run2,4013000,1779282978.890993
approach4_mm2_run2,4014000,1779282978.892468
approach4_mm2_run2,4015000,1779282978.893938
approach4_mm2_run2,4016000,1779282978.895455
approach4_mm2_run2,4017000,1779282978.949548
approach4_mm2_run2,4018000,1779282978.951023
approach4_mm2_run2,4019000,1779282978.952492
approach4_mm2_run2,4020000,1779282978.953966
approach4_mm2_run2,4021000,1779282978.955475
approach4_mm2_run2,4022000,1779282979.000683
approach4_mm2_run2,4023000,1779282979.002140
approach4_mm2_run2,4024000,1779282979.003630
approach4_mm2_run2,4025000,1779282979.005131
approach4_mm2_run2,4026000,1779282979.006624
approach4_mm2_run2,4027000,1779282979.117365
approach4_mm2_run2,4028000,1779282979.118850
approach4_mm2_run2,4029000,1779282979.120317
approach4_mm2_run2,4030000,1779282979.121781
approach4_mm2_run2,4031000,1779282979.123252
approach4_mm2_run2,4032000,1779282979.244425
approach4_mm2_run2,4033000,1779282979.245926
approach4_mm2_run2,4034000,1779282979.247403
approach4_mm2_run2,4035000,1779282979.248880
approach4_mm2_run2,4036000,1779282979.250367
approach4_mm2_run2,4037000,1779282979.251851
approach4_mm2_run2,4038000,1779282979.330451
approach4_mm2_run2,4039000,1779282979.331907
approach4_mm2_run2,4040000,1779282979.333553
approach4_mm2_run2,4041000,1779282979.335408
approach4_mm2_run2,4042000,1779282979.336915
approach4_mm2_run2,4043000,1779282979.339689
approach4_mm2_run2,4044000,1779282979.341158
approach4_mm2_run2,4045000,1779282979.342639
approach4_mm2_run2,4046000,1779282979.344103
approach4_mm2_run2,4047000,1779282979.345628
approach4_mm2_run2,4048000,1779282979.608204
approach4_mm2_run2,4049000,1779282979.609689
approach4_mm2_run2,4050000,1779282979.611166
approach4_mm2_run2,4051000,1779282979.612633
approach4_mm2_run2,4052000,1779282979.614101
approach4_mm2_run2,4053000,1779282979.615601
approach4_mm2_run2,4054000,1779282979.627040
approach4_mm2_run2,4055000,1779282979.628488
approach4_mm2_run2,4056000,1779282979.629961
approach4_mm2_run2,4057000,1779282979.631435
approach4_mm2_run2,4058000,1779282979.632915
approach4_mm2_run2,4059000,1779282979.676807
approach4_mm2_run2,4060000,1779282979.678273
approach4_mm2_run2,4061000,1779282979.679750
approach4_mm2_run2,4062000,1779282979.681228
approach4_mm2_run2,4063000,1779282979.682725
approach4_mm2_run2,4064000,1779282979.845515
approach4_mm2_run2,4065000,1779282979.847009
approach4_mm2_run2,4066000,1779282979.848528
approach4_mm2_run2,4067000,1779282979.850706
approach4_mm2_run2,4068000,1779282979.852315
approach4_mm2_run2,4069000,1779282979.853777
approach4_mm2_run2,4070000,1779282979.855297
approach4_mm2_run2,4071000,1779282979.856779
approach4_mm2_run2,4072000,1779282979.858267
approach4_mm2_run2,4073000,1779282979.859756
approach4_mm2_run2,4074000,1779282979.861242
approach4_mm2_run2,4075000,1779282979.992322
approach4_mm2_run2,4076000,1779282979.993787
approach4_mm2_run2,4077000,1779282979.995294
approach4_mm2_run2,4078000,1779282979.996761
approach4_mm2_run2,4079000,1779282979.998228
approach4_mm2_run2,4080000,1779282980.061976
approach4_mm2_run2,4081000,1779282980.063523
approach4_mm2_run2,4082000,1779282980.065664
approach4_mm2_run2,4083000,1779282980.067344
approach4_mm2_run2,4084000,1779282980.068784
approach4_mm2_run2,4085000,1779282980.070247
approach4_mm2_run2,4086000,1779282980.071720
approach4_mm2_run2,4087000,1779282980.073177
approach4_mm2_run2,4088000,1779282980.074651
approach4_mm2_run2,4089000,1779282980.076146
approach4_mm2_run2,4090000,1779282980.077615
approach4_mm2_run2,4091000,1779282980.336809
approach4_mm2_run2,4092000,1779282980.338284
approach4_mm2_run2,4093000,1779282980.339754
approach4_mm2_run2,4094000,1779282980.341211
approach4_mm2_run2,4095000,1779282980.342699
approach4_mm2_run2,4096000,1779282980.369907
approach4_mm2_run2,4097000,1779282980.371378
approach4_mm2_run2,4098000,1779282980.372837
approach4_mm2_run2,4099000,1779282980.374299
approach4_mm2_run2,4100000,1779282980.375815
approach4_mm2_run2,4101000,1779282980.404528
approach4_mm2_run2,4102000,1779282980.406017
approach4_mm2_run2,4103000,1779282980.407493
approach4_mm2_run2,4104000,1779282980.408941
approach4_mm2_run2,4105000,1779282980.410422
approach4_mm2_run2,4106000,1779282980.581910
approach4_mm2_run2,4107000,1779282980.583386
approach4_mm2_run2,4108000,1779282980.584852
approach4_mm2_run2,4109000,1779282980.586329
approach4_mm2_run2,4110000,1779282980.587810
approach4_mm2_run2,4111000,1779282980.589330
approach4_mm2_run2,4112000,1779282980.690836
approach4_mm2_run2,4113000,1779282980.692316
approach4_mm2_run2,4114000,1779282980.693782
approach4_mm2_run2,4115000,1779282980.695291
approach4_mm2_run2,4116000,1779282980.696755
approach4_mm2_run2,4117000,1779282980.736799
approach4_mm2_run2,4118000,1779282980.738274
approach4_mm2_run2,4119000,1779282980.739773
approach4_mm2_run2,4120000,1779282980.741266
approach4_mm2_run2,4121000,1779282980.742753
approach4_mm2_run2,4122000,1779282980.794695
approach4_mm2_run2,4123000,1779282980.796201
approach4_mm2_run2,4124000,1779282980.797792
approach4_mm2_run2,4125000,1779282980.800007
approach4_mm2_run2,4126000,1779282980.801454
approach4_mm2_run2,4127000,1779282980.802940
approach4_mm2_run2,4128000,1779282980.804419
approach4_mm2_run2,4129000,1779282980.805897
approach4_mm2_run2,4130000,1779282980.807370
approach4_mm2_run2,4131000,1779282980.808852
approach4_mm2_run2,4132000,1779282980.810330
approach4_mm2_run2,4133000,1779282981.064502
approach4_mm2_run2,4134000,1779282981.066000
approach4_mm2_run2,4135000,1779282981.067486
approach4_mm2_run2,4136000,1779282981.068943
approach4_mm2_run2,4137000,1779282981.070421
approach4_mm2_run2,4138000,1779282981.113504
approach4_mm2_run2,4139000,1779282981.114992
approach4_mm2_run2,4140000,1779282981.116462
approach4_mm2_run2,4141000,1779282981.117942
approach4_mm2_run2,4142000,1779282981.119418
approach4_mm2_run2,4143000,1779282981.133440
approach4_mm2_run2,4144000,1779282981.134940
approach4_mm2_run2,4145000,1779282981.136412
approach4_mm2_run2,4146000,1779282981.137878
approach4_mm2_run2,4147000,1779282981.139348
approach4_mm2_run2,4148000,1779282981.140834
approach4_mm2_run2,4149000,1779282981.315791
approach4_mm2_run2,4150000,1779282981.317251
approach4_mm2_run2,4151000,1779282981.318736
approach4_mm2_run2,4152000,1779282981.320241
approach4_mm2_run2,4153000,1779282981.321695
approach4_mm2_run2,4154000,1779282981.480613
approach4_mm2_run2,4155000,1779282981.482088
approach4_mm2_run2,4156000,1779282981.483562
approach4_mm2_run2,4157000,1779282981.485067
approach4_mm2_run2,4158000,1779282981.486556
approach4_mm2_run2,4159000,1779282981.522310
approach4_mm2_run2,4160000,1779282981.523787
approach4_mm2_run2,4161000,1779282981.525520
approach4_mm2_run2,4162000,1779282981.527847
approach4_mm2_run2,4163000,1779282981.529314
approach4_mm2_run2,4164000,1779282981.530785
approach4_mm2_run2,4165000,1779282981.532254
approach4_mm2_run2,4166000,1779282981.533814
approach4_mm2_run2,4167000,1779282981.536069
approach4_mm2_run2,4168000,1779282981.537803
approach4_mm2_run2,4169000,1779282981.539289
approach4_mm2_run2,4170000,1779282981.540756
approach4_mm2_run2,4171000,1779282981.542221
approach4_mm2_run2,4172000,1779282981.543695
approach4_mm2_run2,4173000,1779282981.545176
approach4_mm2_run2,4174000,1779282981.546709
approach4_mm2_run2,4175000,1779282981.790456
approach4_mm2_run2,4176000,1779282981.791913
approach4_mm2_run2,4177000,1779282981.793362
approach4_mm2_run2,4178000,1779282981.794866
approach4_mm2_run2,4179000,1779282981.796337
approach4_mm2_run2,4180000,1779282981.858441
approach4_mm2_run2,4181000,1779282981.859934
approach4_mm2_run2,4182000,1779282981.861873
approach4_mm2_run2,4183000,1779282981.863739
approach4_mm2_run2,4184000,1779282981.865223
approach4_mm2_run2,4185000,1779282981.866699
approach4_mm2_run2,4186000,1779282981.868154
approach4_mm2_run2,4187000,1779282981.869622
approach4_mm2_run2,4188000,1779282981.871104
approach4_mm2_run2,4189000,1779282981.872579
approach4_mm2_run2,4190000,1779282981.874048
approach4_mm2_run2,4191000,1779282982.049265
approach4_mm2_run2,4192000,1779282982.050729
approach4_mm2_run2,4193000,1779282982.052190
approach4_mm2_run2,4194000,1779282982.053660
approach4_mm2_run2,4195000,1779282982.055186
approach4_mm2_run2,4196000,1779282982.225963
approach4_mm2_run2,4197000,1779282982.227448
approach4_mm2_run2,4198000,1779282982.228925
approach4_mm2_run2,4199000,1779282982.230400
approach4_mm2_run2,4200000,1779282982.231881
approach4_mm2_run2,4201000,1779282982.250999
approach4_mm2_run2,4202000,1779282982.252452
approach4_mm2_run2,4203000,1779282982.253910
approach4_mm2_run2,4204000,1779282982.255402
approach4_mm2_run2,4205000,1779282982.256949
approach4_mm2_run2,4206000,1779282982.258522
approach4_mm2_run2,4207000,1779282982.260899
approach4_mm2_run2,4208000,1779282982.262372
approach4_mm2_run2,4209000,1779282982.263862
approach4_mm2_run2,4210000,1779282982.265382
approach4_mm2_run2,4211000,1779282982.266885
approach4_mm2_run2,4212000,1779282982.382988
approach4_mm2_run2,4213000,1779282982.384456
approach4_mm2_run2,4214000,1779282982.385946
approach4_mm2_run2,4215000,1779282982.387419
approach4_mm2_run2,4216000,1779282982.388916
approach4_mm2_run2,4217000,1779282982.517101
approach4_mm2_run2,4218000,1779282982.518579
approach4_mm2_run2,4219000,1779282982.520036
approach4_mm2_run2,4220000,1779282982.521516
approach4_mm2_run2,4221000,1779282982.522992
approach4_mm2_run2,4222000,1779282982.524475
approach4_mm2_run2,4223000,1779282982.591117
approach4_mm2_run2,4224000,1779282982.592564
approach4_mm2_run2,4225000,1779282982.594028
approach4_mm2_run2,4226000,1779282982.595542
approach4_mm2_run2,4227000,1779282982.597010
approach4_mm2_run2,4228000,1779282982.604301
approach4_mm2_run2,4229000,1779282982.605789
approach4_mm2_run2,4230000,1779282982.607255
approach4_mm2_run2,4231000,1779282982.608715
approach4_mm2_run2,4232000,1779282982.610187
approach4_mm2_run2,4233000,1779282982.781383
approach4_mm2_run2,4234000,1779282982.782859
approach4_mm2_run2,4235000,1779282982.784326
approach4_mm2_run2,4236000,1779282982.785822
approach4_mm2_run2,4237000,1779282982.787362
approach4_mm2_run2,4238000,1779282982.972964
approach4_mm2_run2,4239000,1779282982.974446
approach4_mm2_run2,4240000,1779282982.975966
approach4_mm2_run2,4241000,1779282982.977462
approach4_mm2_run2,4242000,1779282982.979604
approach4_mm2_run2,4243000,1779282982.981368
approach4_mm2_run2,4244000,1779282982.982844
approach4_mm2_run2,4245000,1779282982.984308
approach4_mm2_run2,4246000,1779282982.985795
approach4_mm2_run2,4247000,1779282982.987261
approach4_mm2_run2,4248000,1779282982.988743
approach4_mm2_run2,4249000,1779282982.993547
approach4_mm2_run2,4250000,1779282982.995057
approach4_mm2_run2,4251000,1779282982.996514
approach4_mm2_run2,4252000,1779282982.997973
approach4_mm2_run2,4253000,1779282982.999468
approach4_mm2_run2,4254000,1779282983.229391
approach4_mm2_run2,4255000,1779282983.230868
approach4_mm2_run2,4256000,1779282983.232328
approach4_mm2_run2,4257000,1779282983.233793
approach4_mm2_run2,4258000,1779282983.235304
approach4_mm2_run2,4259000,1779282983.247100
approach4_mm2_run2,4260000,1779282983.248569
approach4_mm2_run2,4261000,1779282983.250048
approach4_mm2_run2,4262000,1779282983.251518
approach4_mm2_run2,4263000,1779282983.252983
approach4_mm2_run2,4264000,1779282983.254470
approach4_mm2_run2,4265000,1779282983.322586
approach4_mm2_run2,4266000,1779282983.324057
approach4_mm2_run2,4267000,1779282983.325549
approach4_mm2_run2,4268000,1779282983.327037
approach4_mm2_run2,4269000,1779282983.328519
approach4_mm2_run2,4270000,1779282983.345099
approach4_mm2_run2,4271000,1779282983.346578
approach4_mm2_run2,4272000,1779282983.348033
approach4_mm2_run2,4273000,1779282983.349497
approach4_mm2_run2,4274000,1779282983.350972
approach4_mm2_run2,4275000,1779282983.515226
approach4_mm2_run2,4276000,1779282983.516718
approach4_mm2_run2,4277000,1779282983.518215
approach4_mm2_run2,4278000,1779282983.519703
approach4_mm2_run2,4279000,1779282983.521188
approach4_mm2_run2,4280000,1779282983.522690
approach4_mm2_run2,4281000,1779282983.710085
approach4_mm2_run2,4282000,1779282983.711580
approach4_mm2_run2,4283000,1779282983.713074
approach4_mm2_run2,4284000,1779282983.714591
approach4_mm2_run2,4285000,1779282983.716127
approach4_mm2_run2,4286000,1779282983.718650
approach4_mm2_run2,4287000,1779282983.720144
approach4_mm2_run2,4288000,1779282983.721598
approach4_mm2_run2,4289000,1779282983.723071
approach4_mm2_run2,4290000,1779282983.724747
approach4_mm2_run2,4291000,1779282983.728301
approach4_mm2_run2,4292000,1779282983.729781
approach4_mm2_run2,4293000,1779282983.731270
approach4_mm2_run2,4294000,1779282983.732759
approach4_mm2_run2,4295000,1779282983.734246
approach4_mm2_run2,4296000,1779282983.973742
approach4_mm2_run2,4297000,1779282983.975257
approach4_mm2_run2,4298000,1779282983.976746
approach4_mm2_run2,4299000,1779282983.978219
approach4_mm2_run2,4300000,1779282983.979764
approach4_mm2_run2,4301000,1779282983.981276
approach4_mm2_run2,4302000,1779282984.050029
approach4_mm2_run2,4303000,1779282984.051528
approach4_mm2_run2,4304000,1779282984.053021
approach4_mm2_run2,4305000,1779282984.054524
approach4_mm2_run2,4306000,1779282984.056055
approach4_mm2_run2,4307000,1779282984.075204
approach4_mm2_run2,4308000,1779282984.076680
approach4_mm2_run2,4309000,1779282984.078152
approach4_mm2_run2,4310000,1779282984.079649
approach4_mm2_run2,4311000,1779282984.081126
approach4_mm2_run2,4312000,1779282984.086449
approach4_mm2_run2,4313000,1779282984.087942
approach4_mm2_run2,4314000,1779282984.089433
approach4_mm2_run2,4315000,1779282984.090924
approach4_mm2_run2,4316000,1779282984.092409
approach4_mm2_run2,4317000,1779282984.093923
approach4_mm2_run2,4318000,1779282984.248492
approach4_mm2_run2,4319000,1779282984.249973
approach4_mm2_run2,4320000,1779282984.251472
approach4_mm2_run2,4321000,1779282984.252970
approach4_mm2_run2,4322000,1779282984.254488
approach4_mm2_run2,4323000,1779282984.436815
approach4_mm2_run2,4324000,1779282984.438286
approach4_mm2_run2,4325000,1779282984.439789
approach4_mm2_run2,4326000,1779282984.441280
approach4_mm2_run2,4327000,1779282984.442763
approach4_mm2_run2,4328000,1779282984.459033
approach4_mm2_run2,4329000,1779282984.460553
approach4_mm2_run2,4330000,1779282984.462847
approach4_mm2_run2,4331000,1779282984.464329
approach4_mm2_run2,4332000,1779282984.465853
approach4_mm2_run2,4333000,1779282984.467355
approach4_mm2_run2,4334000,1779282984.468829
approach4_mm2_run2,4335000,1779282984.470349
approach4_mm2_run2,4336000,1779282984.471837
approach4_mm2_run2,4337000,1779282984.473319
approach4_mm2_run2,4338000,1779282984.474854
approach4_mm2_run2,4339000,1779282984.703313
approach4_mm2_run2,4340000,1779282984.704834
approach4_mm2_run2,4341000,1779282984.706336
approach4_mm2_run2,4342000,1779282984.707827
approach4_mm2_run2,4343000,1779282984.709323
approach4_mm2_run2,4344000,1779282984.777282
approach4_mm2_run2,4345000,1779282984.778775
approach4_mm2_run2,4346000,1779282984.780241
approach4_mm2_run2,4347000,1779282984.781732
approach4_mm2_run2,4348000,1779282984.783226
approach4_mm2_run2,4349000,1779282984.828535
approach4_mm2_run2,4350000,1779282984.830026
approach4_mm2_run2,4351000,1779282984.831505
approach4_mm2_run2,4352000,1779282984.832989
approach4_mm2_run2,4353000,1779282984.834489
approach4_mm2_run2,4354000,1779282984.836034
approach4_mm2_run2,4355000,1779282984.919624
approach4_mm2_run2,4356000,1779282984.921105
approach4_mm2_run2,4357000,1779282984.922603
approach4_mm2_run2,4358000,1779282984.924090
approach4_mm2_run2,4359000,1779282984.925606
approach4_mm2_run2,4360000,1779282984.981380
approach4_mm2_run2,4361000,1779282984.982874
approach4_mm2_run2,4362000,1779282984.984374
approach4_mm2_run2,4363000,1779282984.985945
approach4_mm2_run2,4364000,1779282984.987470
approach4_mm2_run2,4365000,1779282985.165338
approach4_mm2_run2,4366000,1779282985.166844
approach4_mm2_run2,4367000,1779282985.168334
approach4_mm2_run2,4368000,1779282985.169829
approach4_mm2_run2,4369000,1779282985.171322
approach4_mm2_run2,4370000,1779282985.190731
approach4_mm2_run2,4371000,1779282985.192212
approach4_mm2_run2,4372000,1779282985.193699
approach4_mm2_run2,4373000,1779282985.195205
approach4_mm2_run2,4374000,1779282985.196705
approach4_mm2_run2,4375000,1779282985.198201
approach4_mm2_run2,4376000,1779282985.208941
approach4_mm2_run2,4377000,1779282985.210446
approach4_mm2_run2,4378000,1779282985.211935
approach4_mm2_run2,4379000,1779282985.213386
approach4_mm2_run2,4380000,1779282985.214943
approach4_mm2_run2,4381000,1779282985.431183
approach4_mm2_run2,4382000,1779282985.432661
approach4_mm2_run2,4383000,1779282985.434140
approach4_mm2_run2,4384000,1779282985.435668
approach4_mm2_run2,4385000,1779282985.437172
approach4_mm2_run2,4386000,1779282985.504967
approach4_mm2_run2,4387000,1779282985.506475
approach4_mm2_run2,4388000,1779282985.507971
approach4_mm2_run2,4389000,1779282985.509457
approach4_mm2_run2,4390000,1779282985.510948
approach4_mm2_run2,4391000,1779282985.574636
approach4_mm2_run2,4392000,1779282985.576148
approach4_mm2_run2,4393000,1779282985.577623
approach4_mm2_run2,4394000,1779282985.579133
approach4_mm2_run2,4395000,1779282985.580624
approach4_mm2_run2,4396000,1779282985.582103
approach4_mm2_run2,4397000,1779282985.716687
approach4_mm2_run2,4398000,1779282985.718174
approach4_mm2_run2,4399000,1779282985.719664
approach4_mm2_run2,4400000,1779282985.721173
approach4_mm2_run2,4401000,1779282985.722693
approach4_mm2_run2,4402000,1779282985.764033
approach4_mm2_run2,4403000,1779282985.765567
approach4_mm2_run2,4404000,1779282985.767060
approach4_mm2_run2,4405000,1779282985.768547
approach4_mm2_run2,4406000,1779282985.770031
approach4_mm2_run2,4407000,1779282985.893985
approach4_mm2_run2,4408000,1779282985.895522
approach4_mm2_run2,4409000,1779282985.897008
approach4_mm2_run2,4410000,1779282985.898511
approach4_mm2_run2,4411000,1779282985.899986
approach4_mm2_run2,4412000,1779282985.901495
approach4_mm2_run2,4413000,1779282985.926124
approach4_mm2_run2,4414000,1779282985.927626
approach4_mm2_run2,4415000,1779282985.929116
approach4_mm2_run2,4416000,1779282985.930616
approach4_mm2_run2,4417000,1779282985.932108
approach4_mm2_run2,4418000,1779282985.954173
approach4_mm2_run2,4419000,1779282985.955716
approach4_mm2_run2,4420000,1779282985.957257
approach4_mm2_run2,4421000,1779282985.958746
approach4_mm2_run2,4422000,1779282985.960240
approach4_mm2_run2,4423000,1779282986.158169
approach4_mm2_run2,4424000,1779282986.159675
approach4_mm2_run2,4425000,1779282986.161158
approach4_mm2_run2,4426000,1779282986.162691
approach4_mm2_run2,4427000,1779282986.164199
approach4_mm2_run2,4428000,1779282986.233119
approach4_mm2_run2,4429000,1779282986.234625
approach4_mm2_run2,4430000,1779282986.236136
approach4_mm2_run2,4431000,1779282986.237626
approach4_mm2_run2,4432000,1779282986.239124
approach4_mm2_run2,4433000,1779282986.240604
approach4_mm2_run2,4434000,1779282986.324370
approach4_mm2_run2,4435000,1779282986.325909
approach4_mm2_run2,4436000,1779282986.327412
approach4_mm2_run2,4437000,1779282986.328885
approach4_mm2_run2,4438000,1779282986.330387
approach4_mm2_run2,4439000,1779282986.447509
approach4_mm2_run2,4440000,1779282986.448977
approach4_mm2_run2,4441000,1779282986.450487
approach4_mm2_run2,4442000,1779282986.451985
approach4_mm2_run2,4443000,1779282986.453492
approach4_mm2_run2,4444000,1779282986.608715
approach4_mm2_run2,4445000,1779282986.610195
approach4_mm2_run2,4446000,1779282986.611688
approach4_mm2_run2,4447000,1779282986.613152
approach4_mm2_run2,4448000,1779282986.614662
approach4_mm2_run2,4449000,1779282986.616201
approach4_mm2_run2,4450000,1779282986.623788
approach4_mm2_run2,4451000,1779282986.625301
approach4_mm2_run2,4452000,1779282986.626780
approach4_mm2_run2,4453000,1779282986.628258
approach4_mm2_run2,4454000,1779282986.629738
approach4_mm2_run2,4455000,1779282986.658412
approach4_mm2_run2,4456000,1779282986.659894
approach4_mm2_run2,4457000,1779282986.661374
approach4_mm2_run2,4458000,1779282986.662840
approach4_mm2_run2,4459000,1779282986.664338
approach4_mm2_run2,4460000,1779282986.698949
approach4_mm2_run2,4461000,1779282986.700495
approach4_mm2_run2,4462000,1779282986.701959
approach4_mm2_run2,4463000,1779282986.703449
approach4_mm2_run2,4464000,1779282986.704959
approach4_mm2_run2,4465000,1779282986.884696
approach4_mm2_run2,4466000,1779282986.886198
approach4_mm2_run2,4467000,1779282986.887678
approach4_mm2_run2,4468000,1779282986.889182
approach4_mm2_run2,4469000,1779282986.890656
approach4_mm2_run2,4470000,1779282986.892146
approach4_mm2_run2,4471000,1779282986.963340
approach4_mm2_run2,4472000,1779282986.964849
approach4_mm2_run2,4473000,1779282986.966353
approach4_mm2_run2,4474000,1779282986.967846
approach4_mm2_run2,4475000,1779282986.969317
approach4_mm2_run2,4476000,1779282987.182463
approach4_mm2_run2,4477000,1779282987.183940
approach4_mm2_run2,4478000,1779282987.185489
approach4_mm2_run2,4479000,1779282987.186975
approach4_mm2_run2,4480000,1779282987.188481
approach4_mm2_run2,4481000,1779282987.350986
approach4_mm2_run2,4482000,1779282987.352477
approach4_mm2_run2,4483000,1779282987.353974
approach4_mm2_run2,4484000,1779282987.355492
approach4_mm2_run2,4485000,1779282987.356979
approach4_mm2_run2,4486000,1779282987.390138
approach4_mm2_run2,4487000,1779282987.391625
approach4_mm2_run2,4488000,1779282987.393114
approach4_mm2_run2,4489000,1779282987.394666
approach4_mm2_run2,4490000,1779282987.396197
approach4_mm2_run2,4491000,1779282987.397701
approach4_mm2_run2,4492000,1779282987.409712
approach4_mm2_run2,4493000,1779282987.411221
approach4_mm2_run2,4494000,1779282987.412702
approach4_mm2_run2,4495000,1779282987.414193
approach4_mm2_run2,4496000,1779282987.415708
approach4_mm2_run2,4497000,1779282987.442865
approach4_mm2_run2,4498000,1779282987.444360
approach4_mm2_run2,4499000,1779282987.445872
approach4_mm2_run2,4500000,1779282987.447364
approach4_mm2_run2,4501000,1779282987.448872
approach4_mm2_run2,4502000,1779282987.455749
approach4_mm2_run2,4503000,1779282987.457216
approach4_mm2_run2,4504000,1779282987.458714
approach4_mm2_run2,4505000,1779282987.460171
approach4_mm2_run2,4506000,1779282987.461659
approach4_mm2_run2,4507000,1779282987.463170
approach4_mm2_run2,4508000,1779282987.614050
approach4_mm2_run2,4509000,1779282987.615571
approach4_mm2_run2,4510000,1779282987.617068
approach4_mm2_run2,4511000,1779282987.618561
approach4_mm2_run2,4512000,1779282987.620044
approach4_mm2_run2,4513000,1779282987.691154
approach4_mm2_run2,4514000,1779282987.692666
approach4_mm2_run2,4515000,1779282987.694150
approach4_mm2_run2,4516000,1779282987.695693
approach4_mm2_run2,4517000,1779282987.697175
approach4_mm2_run2,4518000,1779282987.912843
approach4_mm2_run2,4519000,1779282987.914350
approach4_mm2_run2,4520000,1779282987.915886
approach4_mm2_run2,4521000,1779282987.917356
approach4_mm2_run2,4522000,1779282987.918866
approach4_mm2_run2,4523000,1779282988.081546
approach4_mm2_run2,4524000,1779282988.083031
approach4_mm2_run2,4525000,1779282988.084515
approach4_mm2_run2,4526000,1779282988.086015
approach4_mm2_run2,4527000,1779282988.087521
approach4_mm2_run2,4528000,1779282988.088999
approach4_mm2_run2,4529000,1779282988.123672
approach4_mm2_run2,4530000,1779282988.125207
approach4_mm2_run2,4531000,1779282988.126695
approach4_mm2_run2,4532000,1779282988.128164
approach4_mm2_run2,4533000,1779282988.129670
approach4_mm2_run2,4534000,1779282988.155483
approach4_mm2_run2,4535000,1779282988.156953
approach4_mm2_run2,4536000,1779282988.158449
approach4_mm2_run2,4537000,1779282988.159923
approach4_mm2_run2,4538000,1779282988.161397
approach4_mm2_run2,4539000,1779282988.190424
approach4_mm2_run2,4540000,1779282988.191924
approach4_mm2_run2,4541000,1779282988.193404
approach4_mm2_run2,4542000,1779282988.194945
approach4_mm2_run2,4543000,1779282988.196440
approach4_mm2_run2,4544000,1779282988.197940
approach4_mm2_run2,4545000,1779282988.303348
approach4_mm2_run2,4546000,1779282988.304883
approach4_mm2_run2,4547000,1779282988.306368
approach4_mm2_run2,4548000,1779282988.307842
approach4_mm2_run2,4549000,1779282988.309325
approach4_mm2_run2,4550000,1779282988.341563
approach4_mm2_run2,4551000,1779282988.343048
approach4_mm2_run2,4552000,1779282988.344567
approach4_mm2_run2,4553000,1779282988.346111
approach4_mm2_run2,4554000,1779282988.347618
approach4_mm2_run2,4555000,1779282988.419252
approach4_mm2_run2,4556000,1779282988.420761
approach4_mm2_run2,4557000,1779282988.422247
approach4_mm2_run2,4558000,1779282988.423743
approach4_mm2_run2,4559000,1779282988.425286
approach4_mm2_run2,4560000,1779282988.645736
approach4_mm2_run2,4561000,1779282988.647256
approach4_mm2_run2,4562000,1779282988.648755
approach4_mm2_run2,4563000,1779282988.650243
approach4_mm2_run2,4564000,1779282988.651745
approach4_mm2_run2,4565000,1779282988.653255
approach4_mm2_run2,4566000,1779282988.814705
approach4_mm2_run2,4567000,1779282988.816228
approach4_mm2_run2,4568000,1779282988.817705
approach4_mm2_run2,4569000,1779282988.819217
approach4_mm2_run2,4570000,1779282988.820705
approach4_mm2_run2,4571000,1779282988.855756
approach4_mm2_run2,4572000,1779282988.857239
approach4_mm2_run2,4573000,1779282988.858728
approach4_mm2_run2,4574000,1779282988.860217
approach4_mm2_run2,4575000,1779282988.861712
approach4_mm2_run2,4576000,1779282988.897092
approach4_mm2_run2,4577000,1779282988.898574
approach4_mm2_run2,4578000,1779282988.900075
approach4_mm2_run2,4579000,1779282988.901559
approach4_mm2_run2,4580000,1779282988.903081
approach4_mm2_run2,4581000,1779282988.904579
approach4_mm2_run2,4582000,1779282988.938084
approach4_mm2_run2,4583000,1779282988.939595
approach4_mm2_run2,4584000,1779282988.941082
approach4_mm2_run2,4585000,1779282988.942587
approach4_mm2_run2,4586000,1779282988.944078
approach4_mm2_run2,4587000,1779282989.068922
approach4_mm2_run2,4588000,1779282989.070390
approach4_mm2_run2,4589000,1779282989.071869
approach4_mm2_run2,4590000,1779282989.073338
approach4_mm2_run2,4591000,1779282989.074894
approach4_mm2_run2,4592000,1779282989.147681
approach4_mm2_run2,4593000,1779282989.149253
approach4_mm2_run2,4594000,1779282989.151597
approach4_mm2_run2,4595000,1779282989.153090
approach4_mm2_run2,4596000,1779282989.154581
approach4_mm2_run2,4597000,1779282989.156103
approach4_mm2_run2,4598000,1779282989.157592
approach4_mm2_run2,4599000,1779282989.159070
approach4_mm2_run2,4600000,1779282989.160563
approach4_mm2_run2,4601000,1779282989.162049
approach4_mm2_run2,4602000,1779282989.163552
approach4_mm2_run2,4603000,1779282989.379259
approach4_mm2_run2,4604000,1779282989.380752
approach4_mm2_run2,4605000,1779282989.382252
approach4_mm2_run2,4606000,1779282989.383750
approach4_mm2_run2,4607000,1779282989.385261
approach4_mm2_run2,4608000,1779282989.541111
approach4_mm2_run2,4609000,1779282989.542635
approach4_mm2_run2,4610000,1779282989.544115
approach4_mm2_run2,4611000,1779282989.545627
approach4_mm2_run2,4612000,1779282989.547129
approach4_mm2_run2,4613000,1779282989.588022
approach4_mm2_run2,4614000,1779282989.589508
approach4_mm2_run2,4615000,1779282989.591053
approach4_mm2_run2,4616000,1779282989.592564
approach4_mm2_run2,4617000,1779282989.594045
approach4_mm2_run2,4618000,1779282989.639994
approach4_mm2_run2,4619000,1779282989.641466
approach4_mm2_run2,4620000,1779282989.642952
approach4_mm2_run2,4621000,1779282989.644446
approach4_mm2_run2,4622000,1779282989.645958
approach4_mm2_run2,4623000,1779282989.647474
approach4_mm2_run2,4624000,1779282989.682406
approach4_mm2_run2,4625000,1779282989.683884
approach4_mm2_run2,4626000,1779282989.685393
approach4_mm2_run2,4627000,1779282989.686888
approach4_mm2_run2,4628000,1779282989.688369
approach4_mm2_run2,4629000,1779282989.796855
approach4_mm2_run2,4630000,1779282989.798343
approach4_mm2_run2,4631000,1779282989.799809
approach4_mm2_run2,4632000,1779282989.801294
approach4_mm2_run2,4633000,1779282989.802806
approach4_mm2_run2,4634000,1779282989.875926
approach4_mm2_run2,4635000,1779282989.877431
approach4_mm2_run2,4636000,1779282989.878913
approach4_mm2_run2,4637000,1779282989.880397
approach4_mm2_run2,4638000,1779282989.881890
approach4_mm2_run2,4639000,1779282989.883385
approach4_mm2_run2,4640000,1779282989.995282
approach4_mm2_run2,4641000,1779282989.996747
approach4_mm2_run2,4642000,1779282989.998219
approach4_mm2_run2,4643000,1779282989.999714
approach4_mm2_run2,4644000,1779282990.001197
approach4_mm2_run2,4645000,1779282990.111360
approach4_mm2_run2,4646000,1779282990.112857
approach4_mm2_run2,4647000,1779282990.114347
approach4_mm2_run2,4648000,1779282990.115881
approach4_mm2_run2,4649000,1779282990.117378
approach4_mm2_run2,4650000,1779282990.269826
approach4_mm2_run2,4651000,1779282990.271341
approach4_mm2_run2,4652000,1779282990.272833
approach4_mm2_run2,4653000,1779282990.274305
approach4_mm2_run2,4654000,1779282990.275841
approach4_mm2_run2,4655000,1779282990.321209
approach4_mm2_run2,4656000,1779282990.322720
approach4_mm2_run2,4657000,1779282990.324197
approach4_mm2_run2,4658000,1779282990.325715
approach4_mm2_run2,4659000,1779282990.327220
approach4_mm2_run2,4660000,1779282990.328695
approach4_mm2_run2,4661000,1779282990.387454
approach4_mm2_run2,4662000,1779282990.388943
approach4_mm2_run2,4663000,1779282990.390440
approach4_mm2_run2,4664000,1779282990.391931
approach4_mm2_run2,4665000,1779282990.393433
approach4_mm2_run2,4666000,1779282990.425492
approach4_mm2_run2,4667000,1779282990.427016
approach4_mm2_run2,4668000,1779282990.428553
approach4_mm2_run2,4669000,1779282990.430032
approach4_mm2_run2,4670000,1779282990.431541
approach4_mm2_run2,4671000,1779282990.604577
approach4_mm2_run2,4672000,1779282990.606113
approach4_mm2_run2,4673000,1779282990.607592
approach4_mm2_run2,4674000,1779282990.609094
approach4_mm2_run2,4675000,1779282990.610608
approach4_mm2_run2,4676000,1779282990.612094
approach4_mm2_run2,4677000,1779282990.838450
approach4_mm2_run2,4678000,1779282990.839988
approach4_mm2_run2,4679000,1779282990.841489
approach4_mm2_run2,4680000,1779282990.842973
approach4_mm2_run2,4681000,1779282990.844481
approach4_mm2_run2,4682000,1779282990.855299
approach4_mm2_run2,4683000,1779282990.856765
approach4_mm2_run2,4684000,1779282990.858234
approach4_mm2_run2,4685000,1779282990.859720
approach4_mm2_run2,4686000,1779282990.861201
approach4_mm2_run2,4687000,1779282990.997289
approach4_mm2_run2,4688000,1779282990.998773
approach4_mm2_run2,4689000,1779282991.000232
approach4_mm2_run2,4690000,1779282991.001705
approach4_mm2_run2,4691000,1779282991.003186
approach4_mm2_run2,4692000,1779282991.056133
approach4_mm2_run2,4693000,1779282991.057605
approach4_mm2_run2,4694000,1779282991.059079
approach4_mm2_run2,4695000,1779282991.060568
approach4_mm2_run2,4696000,1779282991.062044
approach4_mm2_run2,4697000,1779282991.063549
approach4_mm2_run2,4698000,1779282991.130154
approach4_mm2_run2,4699000,1779282991.131629
approach4_mm2_run2,4700000,1779282991.133096
approach4_mm2_run2,4701000,1779282991.134580
approach4_mm2_run2,4702000,1779282991.136074
approach4_mm2_run2,4703000,1779282991.171844
approach4_mm2_run2,4704000,1779282991.173312
approach4_mm2_run2,4705000,1779282991.174787
approach4_mm2_run2,4706000,1779282991.176280
approach4_mm2_run2,4707000,1779282991.177752
approach4_mm2_run2,4708000,1779282991.190192
approach4_mm2_run2,4709000,1779282991.191658
approach4_mm2_run2,4710000,1779282991.193142
approach4_mm2_run2,4711000,1779282991.194619
approach4_mm2_run2,4712000,1779282991.196117
approach4_mm2_run2,4713000,1779282991.332325
approach4_mm2_run2,4714000,1779282991.333787
approach4_mm2_run2,4715000,1779282991.335289
approach4_mm2_run2,4716000,1779282991.336744
approach4_mm2_run2,4717000,1779282991.338213
approach4_mm2_run2,4718000,1779282991.339713
approach4_mm2_run2,4719000,1779282991.582582
approach4_mm2_run2,4720000,1779282991.584049
approach4_mm2_run2,4721000,1779282991.585537
approach4_mm2_run2,4722000,1779282991.587014
approach4_mm2_run2,4723000,1779282991.588484
approach4_mm2_run2,4724000,1779282991.683294
approach4_mm2_run2,4725000,1779282991.684732
approach4_mm2_run2,4726000,1779282991.686226
approach4_mm2_run2,4727000,1779282991.687712
approach4_mm2_run2,4728000,1779282991.689173
approach4_mm2_run2,4729000,1779282991.725537
approach4_mm2_run2,4730000,1779282991.727004
approach4_mm2_run2,4731000,1779282991.728465
approach4_mm2_run2,4732000,1779282991.729936
approach4_mm2_run2,4733000,1779282991.731409
approach4_mm2_run2,4734000,1779282991.732900
approach4_mm2_run2,4735000,1779282991.788422
approach4_mm2_run2,4736000,1779282991.789898
approach4_mm2_run2,4737000,1779282991.791371
approach4_mm2_run2,4738000,1779282991.792833
approach4_mm2_run2,4739000,1779282991.794282
approach4_mm2_run2,4740000,1779282991.875468
approach4_mm2_run2,4741000,1779282991.876982
approach4_mm2_run2,4742000,1779282991.878484
approach4_mm2_run2,4743000,1779282991.879962
approach4_mm2_run2,4744000,1779282991.881444
approach4_mm2_run2,4745000,1779282991.918029
approach4_mm2_run2,4746000,1779282991.919537
approach4_mm2_run2,4747000,1779282991.921043
approach4_mm2_run2,4748000,1779282991.923417
approach4_mm2_run2,4749000,1779282991.924908
approach4_mm2_run2,4750000,1779282991.926379
approach4_mm2_run2,4751000,1779282991.927829
approach4_mm2_run2,4752000,1779282991.929295
approach4_mm2_run2,4753000,1779282991.930773
approach4_mm2_run2,4754000,1779282991.932240
approach4_mm2_run2,4755000,1779282991.933699
approach4_mm2_run2,4756000,1779282992.062566
approach4_mm2_run2,4757000,1779282992.064032
approach4_mm2_run2,4758000,1779282992.065552
approach4_mm2_run2,4759000,1779282992.067029
approach4_mm2_run2,4760000,1779282992.068497
approach4_mm2_run2,4761000,1779282992.309820
approach4_mm2_run2,4762000,1779282992.311289
approach4_mm2_run2,4763000,1779282992.312756
approach4_mm2_run2,4764000,1779282992.314212
approach4_mm2_run2,4765000,1779282992.315725
approach4_mm2_run2,4766000,1779282992.454866
approach4_mm2_run2,4767000,1779282992.456334
approach4_mm2_run2,4768000,1779282992.457794
approach4_mm2_run2,4769000,1779282992.459279
approach4_mm2_run2,4770000,1779282992.460737
approach4_mm2_run2,4771000,1779282992.462212
approach4_mm2_run2,4772000,1779282992.521232
approach4_mm2_run2,4773000,1779282992.522696
approach4_mm2_run2,4774000,1779282992.524166
approach4_mm2_run2,4775000,1779282992.525682
approach4_mm2_run2,4776000,1779282992.527558
approach4_mm2_run2,4777000,1779282992.529654
approach4_mm2_run2,4778000,1779282992.531127
approach4_mm2_run2,4779000,1779282992.532590
approach4_mm2_run2,4780000,1779282992.534066
approach4_mm2_run2,4781000,1779282992.535581
approach4_mm2_run2,4782000,1779282992.619847
approach4_mm2_run2,4783000,1779282992.621310
approach4_mm2_run2,4784000,1779282992.622777
approach4_mm2_run2,4785000,1779282992.624235
approach4_mm2_run2,4786000,1779282992.625723
approach4_mm2_run2,4787000,1779282992.655478
approach4_mm2_run2,4788000,1779282992.656941
approach4_mm2_run2,4789000,1779282992.658422
approach4_mm2_run2,4790000,1779282992.659898
approach4_mm2_run2,4791000,1779282992.661386
approach4_mm2_run2,4792000,1779282992.662886
approach4_mm2_run2,4793000,1779282992.793018
approach4_mm2_run2,4794000,1779282992.794509
approach4_mm2_run2,4795000,1779282992.796004
approach4_mm2_run2,4796000,1779282992.797479
approach4_mm2_run2,4797000,1779282992.798961
approach4_mm2_run2,4798000,1779282993.002980
approach4_mm2_run2,4799000,1779282993.004453
approach4_mm2_run2,4800000,1779282993.005963
approach4_mm2_run2,4801000,1779282993.007451
approach4_mm2_run2,4802000,1779282993.008939
approach4_mm2_run2,4803000,1779282993.036272
approach4_mm2_run2,4804000,1779282993.037787
approach4_mm2_run2,4805000,1779282993.039284
approach4_mm2_run2,4806000,1779282993.040763
approach4_mm2_run2,4807000,1779282993.042221
approach4_mm2_run2,4808000,1779282993.043706
approach4_mm2_run2,4809000,1779282993.182969
approach4_mm2_run2,4810000,1779282993.184444
approach4_mm2_run2,4811000,1779282993.185949
approach4_mm2_run2,4812000,1779282993.187441
approach4_mm2_run2,4813000,1779282993.188909
approach4_mm2_run2,4814000,1779282993.252281
approach4_mm2_run2,4815000,1779282993.253736
approach4_mm2_run2,4816000,1779282993.255246
approach4_mm2_run2,4817000,1779282993.256718
approach4_mm2_run2,4818000,1779282993.258203
approach4_mm2_run2,4819000,1779282993.365963
approach4_mm2_run2,4820000,1779282993.367431
approach4_mm2_run2,4821000,1779282993.368893
approach4_mm2_run2,4822000,1779282993.370373
approach4_mm2_run2,4823000,1779282993.371843
approach4_mm2_run2,4824000,1779282993.374787
approach4_mm2_run2,4825000,1779282993.376276
approach4_mm2_run2,4826000,1779282993.377780
approach4_mm2_run2,4827000,1779282993.379270
approach4_mm2_run2,4828000,1779282993.380731
approach4_mm2_run2,4829000,1779282993.382207
approach4_mm2_run2,4830000,1779282993.390888
approach4_mm2_run2,4831000,1779282993.392363
approach4_mm2_run2,4832000,1779282993.393840
approach4_mm2_run2,4833000,1779282993.395341
approach4_mm2_run2,4834000,1779282993.396806
approach4_mm2_run2,4835000,1779282993.521939
approach4_mm2_run2,4836000,1779282993.523406
approach4_mm2_run2,4837000,1779282993.524902
approach4_mm2_run2,4838000,1779282993.526394
approach4_mm2_run2,4839000,1779282993.527856
approach4_mm2_run2,4840000,1779282993.747459
approach4_mm2_run2,4841000,1779282993.748926
approach4_mm2_run2,4842000,1779282993.750401
approach4_mm2_run2,4843000,1779282993.751864
approach4_mm2_run2,4844000,1779282993.753325
approach4_mm2_run2,4845000,1779282993.780481
approach4_mm2_run2,4846000,1779282993.781949
approach4_mm2_run2,4847000,1779282993.783426
approach4_mm2_run2,4848000,1779282993.784951
approach4_mm2_run2,4849000,1779282993.786469
approach4_mm2_run2,4850000,1779282993.787938
approach4_mm2_run2,4851000,1779282993.910776
approach4_mm2_run2,4852000,1779282993.912237
approach4_mm2_run2,4853000,1779282993.913707
approach4_mm2_run2,4854000,1779282993.915217
approach4_mm2_run2,4855000,1779282993.916695
approach4_mm2_run2,4856000,1779282994.107886
approach4_mm2_run2,4857000,1779282994.109344
approach4_mm2_run2,4858000,1779282994.110816
approach4_mm2_run2,4859000,1779282994.112274
approach4_mm2_run2,4860000,1779282994.113738
approach4_mm2_run2,4861000,1779282994.121471
approach4_mm2_run2,4862000,1779282994.122940
approach4_mm2_run2,4863000,1779282994.124423
approach4_mm2_run2,4864000,1779282994.125908
approach4_mm2_run2,4865000,1779282994.127399
approach4_mm2_run2,4866000,1779282994.128875
approach4_mm2_run2,4867000,1779282994.221556
approach4_mm2_run2,4868000,1779282994.223046
approach4_mm2_run2,4869000,1779282994.224500
approach4_mm2_run2,4870000,1779282994.225996
approach4_mm2_run2,4871000,1779282994.227481
approach4_mm2_run2,4872000,1779282994.249637
approach4_mm2_run2,4873000,1779282994.251113
approach4_mm2_run2,4874000,1779282994.252575
approach4_mm2_run2,4875000,1779282994.254037
approach4_mm2_run2,4876000,1779282994.255544
approach4_mm2_run2,4877000,1779282994.332468
approach4_mm2_run2,4878000,1779282994.333930
approach4_mm2_run2,4879000,1779282994.335436
approach4_mm2_run2,4880000,1779282994.336903
approach4_mm2_run2,4881000,1779282994.338371
approach4_mm2_run2,4882000,1779282994.491130
approach4_mm2_run2,4883000,1779282994.492599
approach4_mm2_run2,4884000,1779282994.494076
approach4_mm2_run2,4885000,1779282994.495608
approach4_mm2_run2,4886000,1779282994.497074
approach4_mm2_run2,4887000,1779282994.498573
approach4_mm2_run2,4888000,1779282994.509437
approach4_mm2_run2,4889000,1779282994.510924
approach4_mm2_run2,4890000,1779282994.512395
approach4_mm2_run2,4891000,1779282994.513849
approach4_mm2_run2,4892000,1779282994.515365
approach4_mm2_run2,4893000,1779282994.639336
approach4_mm2_run2,4894000,1779282994.640786
approach4_mm2_run2,4895000,1779282994.642221
approach4_mm2_run2,4896000,1779282994.643694
approach4_mm2_run2,4897000,1779282994.645191
approach4_mm2_run2,4898000,1779282994.855521
approach4_mm2_run2,4899000,1779282994.857096
approach4_mm2_run2,4900000,1779282994.859309
approach4_mm2_run2,4901000,1779282994.860913
approach4_mm2_run2,4902000,1779282994.862378
approach4_mm2_run2,4903000,1779282994.863844
approach4_mm2_run2,4904000,1779282994.865325
approach4_mm2_run2,4905000,1779282994.866790
approach4_mm2_run2,4906000,1779282994.868261
approach4_mm2_run2,4907000,1779282994.869743
approach4_mm2_run2,4908000,1779282994.871253
approach4_mm2_run2,4909000,1779282994.977475
approach4_mm2_run2,4910000,1779282994.978964
approach4_mm2_run2,4911000,1779282994.980431
approach4_mm2_run2,4912000,1779282994.981904
approach4_mm2_run2,4913000,1779282994.983407
approach4_mm2_run2,4914000,1779282995.067585
approach4_mm2_run2,4915000,1779282995.069165
approach4_mm2_run2,4916000,1779282995.071359
approach4_mm2_run2,4917000,1779282995.072812
approach4_mm2_run2,4918000,1779282995.074270
approach4_mm2_run2,4919000,1779282995.075775
approach4_mm2_run2,4920000,1779282995.077229
approach4_mm2_run2,4921000,1779282995.078719
approach4_mm2_run2,4922000,1779282995.080197
approach4_mm2_run2,4923000,1779282995.081663
approach4_mm2_run2,4924000,1779282995.083166
approach4_mm2_run2,4925000,1779282995.236954
approach4_mm2_run2,4926000,1779282995.238741
approach4_mm2_run2,4927000,1779282995.240736
approach4_mm2_run2,4928000,1779282995.242205
approach4_mm2_run2,4929000,1779282995.243691
approach4_mm2_run2,4930000,1779282995.245222
approach4_mm2_run2,4931000,1779282995.246737
approach4_mm2_run2,4932000,1779282995.248237
approach4_mm2_run2,4933000,1779282995.249723
approach4_mm2_run2,4934000,1779282995.251215
approach4_mm2_run2,4935000,1779282995.589363
approach4_mm2_run2,4936000,1779282995.590840
approach4_mm2_run2,4937000,1779282995.592311
approach4_mm2_run2,4938000,1779282995.593870
approach4_mm2_run2,4939000,1779282995.596120
approach4_mm2_run2,4940000,1779282995.597856
approach4_mm2_run2,4941000,1779282995.599331
approach4_mm2_run2,4942000,1779282995.600789
approach4_mm2_run2,4943000,1779282995.602244
approach4_mm2_run2,4944000,1779282995.603723
approach4_mm2_run2,4945000,1779282995.605220
approach4_mm2_run2,4946000,1779282995.707395
approach4_mm2_run2,4947000,1779282995.708872
approach4_mm2_run2,4948000,1779282995.710343
approach4_mm2_run2,4949000,1779282995.711808
approach4_mm2_run2,4950000,1779282995.713272
approach4_mm2_run2,4951000,1779282995.718523
approach4_mm2_run2,4952000,1779282995.719972
approach4_mm2_run2,4953000,1779282995.721423
approach4_mm2_run2,4954000,1779282995.722885
approach4_mm2_run2,4955000,1779282995.724340
approach4_mm2_run2,4956000,1779282995.802384
approach4_mm2_run2,4957000,1779282995.803835
approach4_mm2_run2,4958000,1779282995.805322
approach4_mm2_run2,4959000,1779282995.806796
approach4_mm2_run2,4960000,1779282995.808254
approach4_mm2_run2,4961000,1779282995.809725
approach4_mm2_run2,4962000,1779282995.913716
approach4_mm2_run2,4963000,1779282995.915207
approach4_mm2_run2,4964000,1779282995.916657
approach4_mm2_run2,4965000,1779282995.918117
approach4_mm2_run2,4966000,1779282995.919589
approach4_mm2_run2,4967000,1779282995.963005
approach4_mm2_run2,4968000,1779282995.964454
approach4_mm2_run2,4969000,1779282995.965923
approach4_mm2_run2,4970000,1779282995.967386
approach4_mm2_run2,4971000,1779282995.968845
approach4_mm2_run2,4972000,1779282995.983645
approach4_mm2_run2,4973000,1779282995.985118
approach4_mm2_run2,4974000,1779282995.986586
approach4_mm2_run2,4975000,1779282995.988041
approach4_mm2_run2,4976000,1779282995.989507
approach4_mm2_run2,4977000,1779282996.320248
approach4_mm2_run2,4978000,1779282996.321706
approach4_mm2_run2,4979000,1779282996.323176
approach4_mm2_run2,4980000,1779282996.324633
approach4_mm2_run2,4981000,1779282996.326128
approach4_mm2_run2,4982000,1779282996.327604
approach4_mm2_run2,4983000,1779282996.343296
approach4_mm2_run2,4984000,1779282996.344752
approach4_mm2_run2,4985000,1779282996.346225
approach4_mm2_run2,4986000,1779282996.347698
approach4_mm2_run2,4987000,1779282996.349166
approach4_mm2_run2,4988000,1779282996.435705
approach4_mm2_run2,4989000,1779282996.437166
approach4_mm2_run2,4990000,1779282996.438644
approach4_mm2_run2,4991000,1779282996.440111
approach4_mm2_run2,4992000,1779282996.441583
approach4_mm2_run2,4993000,1779282996.449489
approach4_mm2_run2,4994000,1779282996.450960
approach4_mm2_run2,4995000,1779282996.452409
approach4_mm2_run2,4996000,1779282996.453863
approach4_mm2_run2,4997000,1779282996.455348
approach4_mm2_run2,4998000,1779282996.456803
approach4_mm2_run2,4999000,1779282996.536223
approach4_mm2_run2,5000000,1779282996.537680
approach4_mm2_run2,5001000,1779282996.539179
approach4_mm2_run2,5002000,1779282996.540643
approach4_mm2_run2,5003000,1779282996.542114
approach4_mm2_run2,5004000,1779282996.690139
approach4_mm2_run2,5005000,1779282996.691606
approach4_mm2_run2,5006000,1779282996.693061
approach4_mm2_run2,5007000,1779282996.694532
approach4_mm2_run2,5008000,1779282996.696027
approach4_mm2_run2,5009000,1779282996.726405
approach4_mm2_run2,5010000,1779282996.727879
approach4_mm2_run2,5011000,1779282996.729339
approach4_mm2_run2,5012000,1779282996.730814
approach4_mm2_run2,5013000,1779282996.732282
approach4_mm2_run2,5014000,1779282997.052445
approach4_mm2_run2,5015000,1779282997.053908
approach4_mm2_run2,5016000,1779282997.055428
approach4_mm2_run2,5017000,1779282997.056898
approach4_mm2_run2,5018000,1779282997.058380
approach4_mm2_run2,5019000,1779282997.059857
approach4_mm2_run2,5020000,1779282997.087159
approach4_mm2_run2,5021000,1779282997.088614
approach4_mm2_run2,5022000,1779282997.090073
approach4_mm2_run2,5023000,1779282997.091549
approach4_mm2_run2,5024000,1779282997.093019
approach4_mm2_run2,5025000,1779282997.103802
approach4_mm2_run2,5026000,1779282997.105276
approach4_mm2_run2,5027000,1779282997.106740
approach4_mm2_run2,5028000,1779282997.108192
approach4_mm2_run2,5029000,1779282997.109656
approach4_mm2_run2,5030000,1779282997.163129
approach4_mm2_run2,5031000,1779282997.164590
approach4_mm2_run2,5032000,1779282997.166070
approach4_mm2_run2,5033000,1779282997.167552
approach4_mm2_run2,5034000,1779282997.169021
approach4_mm2_run2,5035000,1779282997.170510
approach4_mm2_run2,5036000,1779282997.178945
approach4_mm2_run2,5037000,1779282997.180400
approach4_mm2_run2,5038000,1779282997.181854
approach4_mm2_run2,5039000,1779282997.183320
approach4_mm2_run2,5040000,1779282997.184783
approach4_mm2_run2,5041000,1779282997.268907
approach4_mm2_run2,5042000,1779282997.270368
approach4_mm2_run2,5043000,1779282997.271828
approach4_mm2_run2,5044000,1779282997.273290
approach4_mm2_run2,5045000,1779282997.274769
approach4_mm2_run2,5046000,1779282997.417478
approach4_mm2_run2,5047000,1779282997.418956
approach4_mm2_run2,5048000,1779282997.420423
approach4_mm2_run2,5049000,1779282997.421900
approach4_mm2_run2,5050000,1779282997.423386
approach4_mm2_run2,5051000,1779282997.476048
approach4_mm2_run2,5052000,1779282997.477503
approach4_mm2_run2,5053000,1779282997.478973
approach4_mm2_run2,5054000,1779282997.480436
approach4_mm2_run2,5055000,1779282997.481900
approach4_mm2_run2,5056000,1779282997.483453
approach4_mm2_run2,5057000,1779282997.785630
approach4_mm2_run2,5058000,1779282997.787107
approach4_mm2_run2,5059000,1779282997.788558
approach4_mm2_run2,5060000,1779282997.790014
approach4_mm2_run2,5061000,1779282997.791497
approach4_mm2_run2,5062000,1779282997.833025
approach4_mm2_run2,5063000,1779282997.834487
approach4_mm2_run2,5064000,1779282997.835966
approach4_mm2_run2,5065000,1779282997.837420
approach4_mm2_run2,5066000,1779282997.838898
approach4_mm2_run2,5067000,1779282997.891388
approach4_mm2_run2,5068000,1779282997.892854
approach4_mm2_run2,5069000,1779282997.894333
approach4_mm2_run2,5070000,1779282997.895821
approach4_mm2_run2,5071000,1779282997.897287
approach4_mm2_run2,5072000,1779282997.907161
approach4_mm2_run2,5073000,1779282997.908627
approach4_mm2_run2,5074000,1779282997.910084
approach4_mm2_run2,5075000,1779282997.911554
approach4_mm2_run2,5076000,1779282997.913012
approach4_mm2_run2,5077000,1779282997.914490
approach4_mm2_run2,5078000,1779282997.949534
approach4_mm2_run2,5079000,1779282997.951025
approach4_mm2_run2,5080000,1779282997.952500
approach4_mm2_run2,5081000,1779282997.953964
approach4_mm2_run2,5082000,1779282997.955469
approach4_mm2_run2,5083000,1779282998.003786
approach4_mm2_run2,5084000,1779282998.005284
approach4_mm2_run2,5085000,1779282998.006749
approach4_mm2_run2,5086000,1779282998.008233
approach4_mm2_run2,5087000,1779282998.009739
approach4_mm2_run2,5088000,1779282998.144488
approach4_mm2_run2,5089000,1779282998.145976
approach4_mm2_run2,5090000,1779282998.147439
approach4_mm2_run2,5091000,1779282998.148892
approach4_mm2_run2,5092000,1779282998.150361
approach4_mm2_run2,5093000,1779282998.151821
approach4_mm2_run2,5094000,1779282998.220743
approach4_mm2_run2,5095000,1779282998.222192
approach4_mm2_run2,5096000,1779282998.223664
approach4_mm2_run2,5097000,1779282998.225152
approach4_mm2_run2,5098000,1779282998.226632
approach4_mm2_run2,5099000,1779282998.517970
approach4_mm2_run2,5100000,1779282998.519439
approach4_mm2_run2,5101000,1779282998.520899
approach4_mm2_run2,5102000,1779282998.522371
approach4_mm2_run2,5103000,1779282998.523842
approach4_mm2_run2,5104000,1779282998.574555
approach4_mm2_run2,5105000,1779282998.576040
approach4_mm2_run2,5106000,1779282998.577500
approach4_mm2_run2,5107000,1779282998.578975
approach4_mm2_run2,5108000,1779282998.580441
approach4_mm2_run2,5109000,1779282998.619396
approach4_mm2_run2,5110000,1779282998.620839
approach4_mm2_run2,5111000,1779282998.622295
approach4_mm2_run2,5112000,1779282998.623757
approach4_mm2_run2,5113000,1779282998.625248
approach4_mm2_run2,5114000,1779282998.626729
approach4_mm2_run2,5115000,1779282998.636243
approach4_mm2_run2,5116000,1779282998.637697
approach4_mm2_run2,5117000,1779282998.639165
approach4_mm2_run2,5118000,1779282998.640625
approach4_mm2_run2,5119000,1779282998.642133
approach4_mm2_run2,5120000,1779282998.735388
approach4_mm2_run2,5121000,1779282998.736845
approach4_mm2_run2,5122000,1779282998.738312
approach4_mm2_run2,5123000,1779282998.739784
approach4_mm2_run2,5124000,1779282998.741264
approach4_mm2_run2,5125000,1779282998.793073
approach4_mm2_run2,5126000,1779282998.794522
approach4_mm2_run2,5127000,1779282998.796004
approach4_mm2_run2,5128000,1779282998.797482
approach4_mm2_run2,5129000,1779282998.798950
approach4_mm2_run2,5130000,1779282998.800408
approach4_mm2_run2,5131000,1779282998.871728
approach4_mm2_run2,5132000,1779282998.873181
approach4_mm2_run2,5133000,1779282998.874646
approach4_mm2_run2,5134000,1779282998.876142
approach4_mm2_run2,5135000,1779282998.877610
approach4_mm2_run2,5136000,1779282998.965503
approach4_mm2_run2,5137000,1779282998.966969
approach4_mm2_run2,5138000,1779282998.968424
approach4_mm2_run2,5139000,1779282998.969885
approach4_mm2_run2,5140000,1779282998.971367
approach4_mm2_run2,5141000,1779282999.250553
approach4_mm2_run2,5142000,1779282999.252016
approach4_mm2_run2,5143000,1779282999.253477
approach4_mm2_run2,5144000,1779282999.254981
approach4_mm2_run2,5145000,1779282999.256450
approach4_mm2_run2,5146000,1779282999.320879
approach4_mm2_run2,5147000,1779282999.322342
approach4_mm2_run2,5148000,1779282999.323807
approach4_mm2_run2,5149000,1779282999.325294
approach4_mm2_run2,5150000,1779282999.326771
approach4_mm2_run2,5151000,1779282999.328231
approach4_mm2_run2,5152000,1779282999.348716
approach4_mm2_run2,5153000,1779282999.350167
approach4_mm2_run2,5154000,1779282999.351634
approach4_mm2_run2,5155000,1779282999.353096
approach4_mm2_run2,5156000,1779282999.354576
approach4_mm2_run2,5157000,1779282999.365090
approach4_mm2_run2,5158000,1779282999.366576
approach4_mm2_run2,5159000,1779282999.368062
approach4_mm2_run2,5160000,1779282999.369556
approach4_mm2_run2,5161000,1779282999.371042
approach4_mm2_run2,5162000,1779282999.466631
approach4_mm2_run2,5163000,1779282999.468084
approach4_mm2_run2,5164000,1779282999.469535
approach4_mm2_run2,5165000,1779282999.471008
approach4_mm2_run2,5166000,1779282999.472471
approach4_mm2_run2,5167000,1779282999.597229
approach4_mm2_run2,5168000,1779282999.598692
approach4_mm2_run2,5169000,1779282999.600147
approach4_mm2_run2,5170000,1779282999.601599
approach4_mm2_run2,5171000,1779282999.603070
approach4_mm2_run2,5172000,1779282999.604539
approach4_mm2_run2,5173000,1779282999.641431
approach4_mm2_run2,5174000,1779282999.642894
approach4_mm2_run2,5175000,1779282999.644345
approach4_mm2_run2,5176000,1779282999.645821
approach4_mm2_run2,5177000,1779282999.647285
approach4_mm2_run2,5178000,1779282999.708090
approach4_mm2_run2,5179000,1779282999.709550
approach4_mm2_run2,5180000,1779282999.711022
approach4_mm2_run2,5181000,1779282999.712479
approach4_mm2_run2,5182000,1779282999.714026
approach4_mm2_run2,5183000,1779282999.983973
approach4_mm2_run2,5184000,1779282999.985468
approach4_mm2_run2,5185000,1779282999.986954
approach4_mm2_run2,5186000,1779282999.988433
approach4_mm2_run2,5187000,1779282999.989921
approach4_mm2_run2,5188000,1779282999.991426
approach4_mm2_run2,5189000,1779283000.064202
approach4_mm2_run2,5190000,1779283000.065698
approach4_mm2_run2,5191000,1779283000.067177
approach4_mm2_run2,5192000,1779283000.068648
approach4_mm2_run2,5193000,1779283000.070128
approach4_mm2_run2,5194000,1779283000.093029
approach4_mm2_run2,5195000,1779283000.094502
approach4_mm2_run2,5196000,1779283000.095984
approach4_mm2_run2,5197000,1779283000.097483
approach4_mm2_run2,5198000,1779283000.098991
approach4_mm2_run2,5199000,1779283000.199582
approach4_mm2_run2,5200000,1779283000.201054
approach4_mm2_run2,5201000,1779283000.202538
approach4_mm2_run2,5202000,1779283000.204000
approach4_mm2_run2,5203000,1779283000.205493
approach4_mm2_run2,5204000,1779283000.323983
approach4_mm2_run2,5205000,1779283000.325480
approach4_mm2_run2,5206000,1779283000.326952
approach4_mm2_run2,5207000,1779283000.328413
approach4_mm2_run2,5208000,1779283000.329873
approach4_mm2_run2,5209000,1779283000.331360
approach4_mm2_run2,5210000,1779283000.423298
approach4_mm2_run2,5211000,1779283000.424770
approach4_mm2_run2,5212000,1779283000.426267
approach4_mm2_run2,5213000,1779283000.427754
approach4_mm2_run2,5214000,1779283000.429240
approach4_mm2_run2,5215000,1779283000.457196
approach4_mm2_run2,5216000,1779283000.458684
approach4_mm2_run2,5217000,1779283000.460160
approach4_mm2_run2,5218000,1779283000.461636
approach4_mm2_run2,5219000,1779283000.463128
approach4_mm2_run2,5220000,1779283000.486370
approach4_mm2_run2,5221000,1779283000.487840
approach4_mm2_run2,5222000,1779283000.489311
approach4_mm2_run2,5223000,1779283000.490795
approach4_mm2_run2,5224000,1779283000.492268
approach4_mm2_run2,5225000,1779283000.493747
approach4_mm2_run2,5226000,1779283000.717240
approach4_mm2_run2,5227000,1779283000.718723
approach4_mm2_run2,5228000,1779283000.720191
approach4_mm2_run2,5229000,1779283000.721663
approach4_mm2_run2,5230000,1779283000.723160
approach4_mm2_run2,5231000,1779283000.809792
approach4_mm2_run2,5232000,1779283000.811260
approach4_mm2_run2,5233000,1779283000.812718
approach4_mm2_run2,5234000,1779283000.814181
approach4_mm2_run2,5235000,1779283000.815690
approach4_mm2_run2,5236000,1779283000.821891
approach4_mm2_run2,5237000,1779283000.823345
approach4_mm2_run2,5238000,1779283000.824794
approach4_mm2_run2,5239000,1779283000.826269
approach4_mm2_run2,5240000,1779283000.827739
approach4_mm2_run2,5241000,1779283000.931396
approach4_mm2_run2,5242000,1779283000.932842
approach4_mm2_run2,5243000,1779283000.934303
approach4_mm2_run2,5244000,1779283000.935777
approach4_mm2_run2,5245000,1779283000.937268
approach4_mm2_run2,5246000,1779283000.938749
approach4_mm2_run2,5247000,1779283001.052350
approach4_mm2_run2,5248000,1779283001.053811
approach4_mm2_run2,5249000,1779283001.055325
approach4_mm2_run2,5250000,1779283001.056791
approach4_mm2_run2,5251000,1779283001.058258
approach4_mm2_run2,5252000,1779283001.158051
approach4_mm2_run2,5253000,1779283001.159517
approach4_mm2_run2,5254000,1779283001.160990
approach4_mm2_run2,5255000,1779283001.162499
approach4_mm2_run2,5256000,1779283001.163962
approach4_mm2_run2,5257000,1779283001.201348
approach4_mm2_run2,5258000,1779283001.202809
approach4_mm2_run2,5259000,1779283001.204261
approach4_mm2_run2,5260000,1779283001.205733
approach4_mm2_run2,5261000,1779283001.207204
approach4_mm2_run2,5262000,1779283001.331067
approach4_mm2_run2,5263000,1779283001.332523
approach4_mm2_run2,5264000,1779283001.333973
approach4_mm2_run2,5265000,1779283001.335470
approach4_mm2_run2,5266000,1779283001.336933
approach4_mm2_run2,5267000,1779283001.338415
approach4_mm2_run2,5268000,1779283001.449390
approach4_mm2_run2,5269000,1779283001.450869
approach4_mm2_run2,5270000,1779283001.452334
approach4_mm2_run2,5271000,1779283001.453797
approach4_mm2_run2,5272000,1779283001.455307
approach4_mm2_run2,5273000,1779283001.550084
approach4_mm2_run2,5274000,1779283001.551536
approach4_mm2_run2,5275000,1779283001.552979
approach4_mm2_run2,5276000,1779283001.554431
approach4_mm2_run2,5277000,1779283001.555928
approach4_mm2_run2,5278000,1779283001.667078
approach4_mm2_run2,5279000,1779283001.668522
approach4_mm2_run2,5280000,1779283001.669972
approach4_mm2_run2,5281000,1779283001.671448
approach4_mm2_run2,5282000,1779283001.672908
approach4_mm2_run2,5283000,1779283001.674381
approach4_mm2_run2,5284000,1779283001.781604
approach4_mm2_run2,5285000,1779283001.783074
approach4_mm2_run2,5286000,1779283001.784536
approach4_mm2_run2,5287000,1779283001.786029
approach4_mm2_run2,5288000,1779283001.787536
approach4_mm2_run2,5289000,1779283001.885707
approach4_mm2_run2,5290000,1779283001.887170
approach4_mm2_run2,5291000,1779283001.888632
approach4_mm2_run2,5292000,1779283001.890153
approach4_mm2_run2,5293000,1779283001.892335
approach4_mm2_run2,5294000,1779283001.894063
approach4_mm2_run2,5295000,1779283001.895537
approach4_mm2_run2,5296000,1779283001.896985
approach4_mm2_run2,5297000,1779283001.898438
approach4_mm2_run2,5298000,1779283001.899880
approach4_mm2_run2,5299000,1779283001.945450
approach4_mm2_run2,5300000,1779283001.946913
approach4_mm2_run2,5301000,1779283001.948369
approach4_mm2_run2,5302000,1779283001.949823
approach4_mm2_run2,5303000,1779283001.951286
approach4_mm2_run2,5304000,1779283001.952743
approach4_mm2_run2,5305000,1779283002.177301
approach4_mm2_run2,5306000,1779283002.178766
approach4_mm2_run2,5307000,1779283002.180208
approach4_mm2_run2,5308000,1779283002.181701
approach4_mm2_run2,5309000,1779283002.183188
approach4_mm2_run2,5310000,1779283002.279699
approach4_mm2_run2,5311000,1779283002.281153
approach4_mm2_run2,5312000,1779283002.282617
approach4_mm2_run2,5313000,1779283002.284068
approach4_mm2_run2,5314000,1779283002.285550
approach4_mm2_run2,5315000,1779283002.398121
approach4_mm2_run2,5316000,1779283002.399581
approach4_mm2_run2,5317000,1779283002.401032
approach4_mm2_run2,5318000,1779283002.402492
approach4_mm2_run2,5319000,1779283002.403952
approach4_mm2_run2,5320000,1779283002.405444
approach4_mm2_run2,5321000,1779283002.507443
approach4_mm2_run2,5322000,1779283002.508904
approach4_mm2_run2,5323000,1779283002.510377
approach4_mm2_run2,5324000,1779283002.511843
approach4_mm2_run2,5325000,1779283002.513325
approach4_mm2_run2,5326000,1779283002.535185
approach4_mm2_run2,5327000,1779283002.536649
approach4_mm2_run2,5328000,1779283002.538114
approach4_mm2_run2,5329000,1779283002.539593
approach4_mm2_run2,5330000,1779283002.541069
approach4_mm2_run2,5331000,1779283002.613896
approach4_mm2_run2,5332000,1779283002.615387
approach4_mm2_run2,5333000,1779283002.616854
approach4_mm2_run2,5334000,1779283002.618330
approach4_mm2_run2,5335000,1779283002.619782
approach4_mm2_run2,5336000,1779283002.636398
approach4_mm2_run2,5337000,1779283002.637854
approach4_mm2_run2,5338000,1779283002.639316
approach4_mm2_run2,5339000,1779283002.640775
approach4_mm2_run2,5340000,1779283002.642233
approach4_mm2_run2,5341000,1779283002.643714
approach4_mm2_run2,5342000,1779283002.688955
approach4_mm2_run2,5343000,1779283002.690416
approach4_mm2_run2,5344000,1779283002.691878
approach4_mm2_run2,5345000,1779283002.693341
approach4_mm2_run2,5346000,1779283002.694842
approach4_mm2_run2,5347000,1779283003.008765
approach4_mm2_run2,5348000,1779283003.010224
approach4_mm2_run2,5349000,1779283003.011695
approach4_mm2_run2,5350000,1779283003.013157
approach4_mm2_run2,5351000,1779283003.014635
approach4_mm2_run2,5352000,1779283003.021829
approach4_mm2_run2,5353000,1779283003.023283
approach4_mm2_run2,5354000,1779283003.024736
approach4_mm2_run2,5355000,1779283003.026214
approach4_mm2_run2,5356000,1779283003.027668
approach4_mm2_run2,5357000,1779283003.029114
approach4_mm2_run2,5358000,1779283003.131436
approach4_mm2_run2,5359000,1779283003.132889
approach4_mm2_run2,5360000,1779283003.134358
approach4_mm2_run2,5361000,1779283003.135850
approach4_mm2_run2,5362000,1779283003.137318
approach4_mm2_run2,5363000,1779283003.268186
approach4_mm2_run2,5364000,1779283003.269634
approach4_mm2_run2,5365000,1779283003.271091
approach4_mm2_run2,5366000,1779283003.272542
approach4_mm2_run2,5367000,1779283003.273999
approach4_mm2_run2,5368000,1779283003.342490
approach4_mm2_run2,5369000,1779283003.343954
approach4_mm2_run2,5370000,1779283003.345445
approach4_mm2_run2,5371000,1779283003.346970
approach4_mm2_run2,5372000,1779283003.348461
approach4_mm2_run2,5373000,1779283003.381315
approach4_mm2_run2,5374000,1779283003.382773
approach4_mm2_run2,5375000,1779283003.384222
approach4_mm2_run2,5376000,1779283003.385691
approach4_mm2_run2,5377000,1779283003.387158
approach4_mm2_run2,5378000,1779283003.388625
approach4_mm2_run2,5379000,1779283003.575416
approach4_mm2_run2,5380000,1779283003.576881
approach4_mm2_run2,5381000,1779283003.578359
approach4_mm2_run2,5382000,1779283003.579830
approach4_mm2_run2,5383000,1779283003.581304
approach4_mm2_run2,5384000,1779283003.737031
approach4_mm2_run2,5385000,1779283003.738490
approach4_mm2_run2,5386000,1779283003.739932
approach4_mm2_run2,5387000,1779283003.741376
approach4_mm2_run2,5388000,1779283003.742852
approach4_mm2_run2,5389000,1779283003.778501
approach4_mm2_run2,5390000,1779283003.779954
approach4_mm2_run2,5391000,1779283003.781409
approach4_mm2_run2,5392000,1779283003.782881
approach4_mm2_run2,5393000,1779283003.784347
approach4_mm2_run2,5394000,1779283003.862720
approach4_mm2_run2,5395000,1779283003.864191
approach4_mm2_run2,5396000,1779283003.865806
approach4_mm2_run2,5397000,1779283003.868011
approach4_mm2_run2,5398000,1779283003.869466
approach4_mm2_run2,5399000,1779283003.870928
approach4_mm2_run2,5400000,1779283003.872367
approach4_mm2_run2,5401000,1779283003.873804
approach4_mm2_run2,5402000,1779283003.875276
approach4_mm2_run2,5403000,1779283003.876723
approach4_mm2_run2,5404000,1779283003.878178
approach4_mm2_run2,5405000,1779283004.000248
approach4_mm2_run2,5406000,1779283004.001707
approach4_mm2_run2,5407000,1779283004.003183
approach4_mm2_run2,5408000,1779283004.004647
approach4_mm2_run2,5409000,1779283004.006140
approach4_mm2_run2,5410000,1779283004.070854
approach4_mm2_run2,5411000,1779283004.072319
approach4_mm2_run2,5412000,1779283004.073785
approach4_mm2_run2,5413000,1779283004.075286
approach4_mm2_run2,5414000,1779283004.076749
approach4_mm2_run2,5415000,1779283004.078223
approach4_mm2_run2,5416000,1779283004.125012
approach4_mm2_run2,5417000,1779283004.126478
approach4_mm2_run2,5418000,1779283004.127926
approach4_mm2_run2,5419000,1779283004.129375
approach4_mm2_run2,5420000,1779283004.130849
approach4_mm2_run2,5421000,1779283004.302632
approach4_mm2_run2,5422000,1779283004.304129
approach4_mm2_run2,5423000,1779283004.305650
approach4_mm2_run2,5424000,1779283004.307134
approach4_mm2_run2,5425000,1779283004.308607
approach4_mm2_run2,5426000,1779283004.465169
approach4_mm2_run2,5427000,1779283004.466625
approach4_mm2_run2,5428000,1779283004.468117
approach4_mm2_run2,5429000,1779283004.469612
approach4_mm2_run2,5430000,1779283004.471092
approach4_mm2_run2,5431000,1779283004.525161
approach4_mm2_run2,5432000,1779283004.526625
approach4_mm2_run2,5433000,1779283004.528085
approach4_mm2_run2,5434000,1779283004.529589
approach4_mm2_run2,5435000,1779283004.531079
approach4_mm2_run2,5436000,1779283004.532531
approach4_mm2_run2,5437000,1779283004.596362
approach4_mm2_run2,5438000,1779283004.597802
approach4_mm2_run2,5439000,1779283004.599265
approach4_mm2_run2,5440000,1779283004.600720
approach4_mm2_run2,5441000,1779283004.602185
approach4_mm2_run2,5442000,1779283004.712411
approach4_mm2_run2,5443000,1779283004.713865
approach4_mm2_run2,5444000,1779283004.715357
approach4_mm2_run2,5445000,1779283004.716811
approach4_mm2_run2,5446000,1779283004.718268
approach4_mm2_run2,5447000,1779283004.732689
approach4_mm2_run2,5448000,1779283004.734141
approach4_mm2_run2,5449000,1779283004.735662
approach4_mm2_run2,5450000,1779283004.737164
approach4_mm2_run2,5451000,1779283004.738649
approach4_mm2_run2,5452000,1779283004.740127
approach4_mm2_run2,5453000,1779283004.800798
approach4_mm2_run2,5454000,1779283004.802267
approach4_mm2_run2,5455000,1779283004.803746
approach4_mm2_run2,5456000,1779283004.805264
approach4_mm2_run2,5457000,1779283004.806748
approach4_mm2_run2,5458000,1779283004.870317
approach4_mm2_run2,5459000,1779283004.871772
approach4_mm2_run2,5460000,1779283004.873222
approach4_mm2_run2,5461000,1779283004.874686
approach4_mm2_run2,5462000,1779283004.876164
approach4_mm2_run2,5463000,1779283005.029720
approach4_mm2_run2,5464000,1779283005.031182
approach4_mm2_run2,5465000,1779283005.032633
approach4_mm2_run2,5466000,1779283005.034087
approach4_mm2_run2,5467000,1779283005.035586
approach4_mm2_run2,5468000,1779283005.196241
approach4_mm2_run2,5469000,1779283005.197688
approach4_mm2_run2,5470000,1779283005.199140
approach4_mm2_run2,5471000,1779283005.200582
approach4_mm2_run2,5472000,1779283005.202049
approach4_mm2_run2,5473000,1779283005.203520
approach4_mm2_run2,5474000,1779283005.271377
approach4_mm2_run2,5475000,1779283005.272841
approach4_mm2_run2,5476000,1779283005.274316
approach4_mm2_run2,5477000,1779283005.275809
approach4_mm2_run2,5478000,1779283005.277287
approach4_mm2_run2,5479000,1779283005.331764
approach4_mm2_run2,5480000,1779283005.333216
approach4_mm2_run2,5481000,1779283005.334680
approach4_mm2_run2,5482000,1779283005.336160
approach4_mm2_run2,5483000,1779283005.337627
approach4_mm2_run2,5484000,1779283005.468346
approach4_mm2_run2,5485000,1779283005.469801
approach4_mm2_run2,5486000,1779283005.471278
approach4_mm2_run2,5487000,1779283005.472741
approach4_mm2_run2,5488000,1779283005.474208
approach4_mm2_run2,5489000,1779283005.528905
approach4_mm2_run2,5490000,1779283005.530370
approach4_mm2_run2,5491000,1779283005.531837
approach4_mm2_run2,5492000,1779283005.533303
approach4_mm2_run2,5493000,1779283005.534781
approach4_mm2_run2,5494000,1779283005.536273
approach4_mm2_run2,5495000,1779283005.558417
approach4_mm2_run2,5496000,1779283005.559897
approach4_mm2_run2,5497000,1779283005.561378
approach4_mm2_run2,5498000,1779283005.562852
approach4_mm2_run2,5499000,1779283005.564322
approach4_mm2_run2,5500000,1779283005.615070
approach4_mm2_run2,5501000,1779283005.616553
approach4_mm2_run2,5502000,1779283005.618013
approach4_mm2_run2,5503000,1779283005.619473
approach4_mm2_run2,5504000,1779283005.620926
approach4_mm2_run2,5505000,1779283005.757359
approach4_mm2_run2,5506000,1779283005.758833
approach4_mm2_run2,5507000,1779283005.760299
approach4_mm2_run2,5508000,1779283005.761769
approach4_mm2_run2,5509000,1779283005.763253
approach4_mm2_run2,5510000,1779283005.764730
approach4_mm2_run2,5511000,1779283005.926943
approach4_mm2_run2,5512000,1779283005.928400
approach4_mm2_run2,5513000,1779283005.929862
approach4_mm2_run2,5514000,1779283005.931349
approach4_mm2_run2,5515000,1779283005.932819
approach4_mm2_run2,5516000,1779283006.016415
approach4_mm2_run2,5517000,1779283006.017879
approach4_mm2_run2,5518000,1779283006.019351
approach4_mm2_run2,5519000,1779283006.020819
approach4_mm2_run2,5520000,1779283006.022308
approach4_mm2_run2,5521000,1779283006.062676
approach4_mm2_run2,5522000,1779283006.064124
approach4_mm2_run2,5523000,1779283006.065610
approach4_mm2_run2,5524000,1779283006.067077
approach4_mm2_run2,5525000,1779283006.068536
approach4_mm2_run2,5526000,1779283006.198869
approach4_mm2_run2,5527000,1779283006.200329
approach4_mm2_run2,5528000,1779283006.201789
approach4_mm2_run2,5529000,1779283006.203261
approach4_mm2_run2,5530000,1779283006.204723
approach4_mm2_run2,5531000,1779283006.206212
approach4_mm2_run2,5532000,1779283006.257515
approach4_mm2_run2,5533000,1779283006.258980
approach4_mm2_run2,5534000,1779283006.260433
approach4_mm2_run2,5535000,1779283006.261885
approach4_mm2_run2,5536000,1779283006.263356
approach4_mm2_run2,5537000,1779283006.358457
approach4_mm2_run2,5538000,1779283006.359957
approach4_mm2_run2,5539000,1779283006.361459
approach4_mm2_run2,5540000,1779283006.362953
approach4_mm2_run2,5541000,1779283006.364416
approach4_mm2_run2,5542000,1779283006.404787
approach4_mm2_run2,5543000,1779283006.406256
approach4_mm2_run2,5544000,1779283006.407717
approach4_mm2_run2,5545000,1779283006.409172
approach4_mm2_run2,5546000,1779283006.410644
approach4_mm2_run2,5547000,1779283006.412116
approach4_mm2_run2,5548000,1779283006.485776
approach4_mm2_run2,5549000,1779283006.487239
approach4_mm2_run2,5550000,1779283006.488683
approach4_mm2_run2,5551000,1779283006.490134
approach4_mm2_run2,5552000,1779283006.491615
approach4_mm2_run2,5553000,1779283006.655808
approach4_mm2_run2,5554000,1779283006.657259
approach4_mm2_run2,5555000,1779283006.658731
approach4_mm2_run2,5556000,1779283006.660188
approach4_mm2_run2,5557000,1779283006.661651
approach4_mm2_run2,5558000,1779283006.762118
approach4_mm2_run2,5559000,1779283006.763585
approach4_mm2_run2,5560000,1779283006.765112
approach4_mm2_run2,5561000,1779283006.766606
approach4_mm2_run2,5562000,1779283006.768059
approach4_mm2_run2,5563000,1779283006.794154
approach4_mm2_run2,5564000,1779283006.795630
approach4_mm2_run2,5565000,1779283006.797089
approach4_mm2_run2,5566000,1779283006.798567
approach4_mm2_run2,5567000,1779283006.800029
approach4_mm2_run2,5568000,1779283006.801495
approach4_mm2_run2,5569000,1779283006.931670
approach4_mm2_run2,5570000,1779283006.933134
approach4_mm2_run2,5571000,1779283006.934610
approach4_mm2_run2,5572000,1779283006.936101
approach4_mm2_run2,5573000,1779283006.937558
approach4_mm2_run2,5574000,1779283006.986781
approach4_mm2_run2,5575000,1779283006.988239
approach4_mm2_run2,5576000,1779283006.989700
approach4_mm2_run2,5577000,1779283006.991182
approach4_mm2_run2,5578000,1779283006.992653
approach4_mm2_run2,5579000,1779283007.101212
approach4_mm2_run2,5580000,1779283007.102671
approach4_mm2_run2,5581000,1779283007.104115
approach4_mm2_run2,5582000,1779283007.105591
approach4_mm2_run2,5583000,1779283007.107060
approach4_mm2_run2,5584000,1779283007.212157
approach4_mm2_run2,5585000,1779283007.213612
approach4_mm2_run2,5586000,1779283007.215110
approach4_mm2_run2,5587000,1779283007.216566
approach4_mm2_run2,5588000,1779283007.218028
approach4_mm2_run2,5589000,1779283007.219499
approach4_mm2_run2,5590000,1779283007.250993
approach4_mm2_run2,5591000,1779283007.252432
approach4_mm2_run2,5592000,1779283007.253868
approach4_mm2_run2,5593000,1779283007.255355
approach4_mm2_run2,5594000,1779283007.256824
approach4_mm2_run2,5595000,1779283007.506694
approach4_mm2_run2,5596000,1779283007.508153
approach4_mm2_run2,5597000,1779283007.509611
approach4_mm2_run2,5598000,1779283007.511082
approach4_mm2_run2,5599000,1779283007.512554
approach4_mm2_run2,5600000,1779283007.526997
approach4_mm2_run2,5601000,1779283007.528452
approach4_mm2_run2,5602000,1779283007.529907
approach4_mm2_run2,5603000,1779283007.531377
approach4_mm2_run2,5604000,1779283007.532841
approach4_mm2_run2,5605000,1779283007.534323
approach4_mm2_run2,5606000,1779283007.664382
approach4_mm2_run2,5607000,1779283007.665875
approach4_mm2_run2,5608000,1779283007.667340
approach4_mm2_run2,5609000,1779283007.668782
approach4_mm2_run2,5610000,1779283007.670235
approach4_mm2_run2,5611000,1779283007.715272
approach4_mm2_run2,5612000,1779283007.716726
approach4_mm2_run2,5613000,1779283007.718182
approach4_mm2_run2,5614000,1779283007.719653
approach4_mm2_run2,5615000,1779283007.721121
approach4_mm2_run2,5616000,1779283007.729391
approach4_mm2_run2,5617000,1779283007.730853
approach4_mm2_run2,5618000,1779283007.732308
approach4_mm2_run2,5619000,1779283007.733766
approach4_mm2_run2,5620000,1779283007.735260
approach4_mm2_run2,5621000,1779283007.846184
approach4_mm2_run2,5622000,1779283007.847644
approach4_mm2_run2,5623000,1779283007.849148
approach4_mm2_run2,5624000,1779283007.850638
approach4_mm2_run2,5625000,1779283007.852087
approach4_mm2_run2,5626000,1779283007.853545
approach4_mm2_run2,5627000,1779283007.941207
approach4_mm2_run2,5628000,1779283007.942677
approach4_mm2_run2,5629000,1779283007.944130
approach4_mm2_run2,5630000,1779283007.945612
approach4_mm2_run2,5631000,1779283007.947086
approach4_mm2_run2,5632000,1779283008.095534
approach4_mm2_run2,5633000,1779283008.096995
approach4_mm2_run2,5634000,1779283008.098470
approach4_mm2_run2,5635000,1779283008.099926
approach4_mm2_run2,5636000,1779283008.101404
approach4_mm2_run2,5637000,1779283008.251406
approach4_mm2_run2,5638000,1779283008.252862
approach4_mm2_run2,5639000,1779283008.254327
approach4_mm2_run2,5640000,1779283008.255810
approach4_mm2_run2,5641000,1779283008.257292
approach4_mm2_run2,5642000,1779283008.258979
approach4_mm2_run2,5643000,1779283008.261222
approach4_mm2_run2,5644000,1779283008.262678
approach4_mm2_run2,5645000,1779283008.264125
approach4_mm2_run2,5646000,1779283008.265590
approach4_mm2_run2,5647000,1779283008.267061
approach4_mm2_run2,5648000,1779283008.397015
approach4_mm2_run2,5649000,1779283008.398486
approach4_mm2_run2,5650000,1779283008.399952
approach4_mm2_run2,5651000,1779283008.401417
approach4_mm2_run2,5652000,1779283008.402900
approach4_mm2_run2,5653000,1779283008.443428
approach4_mm2_run2,5654000,1779283008.444900
approach4_mm2_run2,5655000,1779283008.446368
approach4_mm2_run2,5656000,1779283008.447837
approach4_mm2_run2,5657000,1779283008.449308
approach4_mm2_run2,5658000,1779283008.457978
approach4_mm2_run2,5659000,1779283008.459432
approach4_mm2_run2,5660000,1779283008.460882
approach4_mm2_run2,5661000,1779283008.462344
approach4_mm2_run2,5662000,1779283008.463802
approach4_mm2_run2,5663000,1779283008.465288
approach4_mm2_run2,5664000,1779283008.592467
approach4_mm2_run2,5665000,1779283008.593919
approach4_mm2_run2,5666000,1779283008.595412
approach4_mm2_run2,5667000,1779283008.596864
approach4_mm2_run2,5668000,1779283008.598342
approach4_mm2_run2,5669000,1779283008.668538
approach4_mm2_run2,5670000,1779283008.670001
approach4_mm2_run2,5671000,1779283008.671471
approach4_mm2_run2,5672000,1779283008.672926
approach4_mm2_run2,5673000,1779283008.674403
approach4_mm2_run2,5674000,1779283008.933767
approach4_mm2_run2,5675000,1779283008.935243
approach4_mm2_run2,5676000,1779283008.936690
approach4_mm2_run2,5677000,1779283008.938138
approach4_mm2_run2,5678000,1779283008.939607
approach4_mm2_run2,5679000,1779283008.941071
approach4_mm2_run2,5680000,1779283008.994240
approach4_mm2_run2,5681000,1779283008.996376
approach4_mm2_run2,5682000,1779283008.997994
approach4_mm2_run2,5683000,1779283008.999462
approach4_mm2_run2,5684000,1779283009.000916
approach4_mm2_run2,5685000,1779283009.002385
approach4_mm2_run2,5686000,1779283009.003880
approach4_mm2_run2,5687000,1779283009.005373
approach4_mm2_run2,5688000,1779283009.006833
approach4_mm2_run2,5689000,1779283009.008315
approach4_mm2_run2,5690000,1779283009.129089
approach4_mm2_run2,5691000,1779283009.130559
approach4_mm2_run2,5692000,1779283009.132014
approach4_mm2_run2,5693000,1779283009.133472
approach4_mm2_run2,5694000,1779283009.134981
approach4_mm2_run2,5695000,1779283009.170386
approach4_mm2_run2,5696000,1779283009.171850
approach4_mm2_run2,5697000,1779283009.173313
approach4_mm2_run2,5698000,1779283009.174787
approach4_mm2_run2,5699000,1779283009.176269
approach4_mm2_run2,5700000,1779283009.177741
approach4_mm2_run2,5701000,1779283009.189237
approach4_mm2_run2,5702000,1779283009.190702
approach4_mm2_run2,5703000,1779283009.192164
approach4_mm2_run2,5704000,1779283009.193620
approach4_mm2_run2,5705000,1779283009.195113
approach4_mm2_run2,5706000,1779283009.337337
approach4_mm2_run2,5707000,1779283009.338803
approach4_mm2_run2,5708000,1779283009.340255
approach4_mm2_run2,5709000,1779283009.341711
approach4_mm2_run2,5710000,1779283009.343182
approach4_mm2_run2,5711000,1779283009.395843
approach4_mm2_run2,5712000,1779283009.397298
approach4_mm2_run2,5713000,1779283009.398768
approach4_mm2_run2,5714000,1779283009.400224
approach4_mm2_run2,5715000,1779283009.401689
approach4_mm2_run2,5716000,1779283009.725640
approach4_mm2_run2,5717000,1779283009.727098
approach4_mm2_run2,5718000,1779283009.728549
approach4_mm2_run2,5719000,1779283009.729999
approach4_mm2_run2,5720000,1779283009.731470
approach4_mm2_run2,5721000,1779283009.732940
approach4_mm2_run2,5722000,1779283009.744618
approach4_mm2_run2,5723000,1779283009.746092
approach4_mm2_run2,5724000,1779283009.747556
approach4_mm2_run2,5725000,1779283009.749013
approach4_mm2_run2,5726000,1779283009.750490
approach4_mm2_run2,5727000,1779283009.773508
approach4_mm2_run2,5728000,1779283009.774993
approach4_mm2_run2,5729000,1779283009.776444
approach4_mm2_run2,5730000,1779283009.777894
approach4_mm2_run2,5731000,1779283009.779366
approach4_mm2_run2,5732000,1779283009.861283
approach4_mm2_run2,5733000,1779283009.862756
approach4_mm2_run2,5734000,1779283009.864220
approach4_mm2_run2,5735000,1779283009.865712
approach4_mm2_run2,5736000,1779283009.867195
approach4_mm2_run2,5737000,1779283009.868671
approach4_mm2_run2,5738000,1779283009.902547
approach4_mm2_run2,5739000,1779283009.903998
approach4_mm2_run2,5740000,1779283009.905473
approach4_mm2_run2,5741000,1779283009.906942
approach4_mm2_run2,5742000,1779283009.908404
approach4_mm2_run2,5743000,1779283009.915416
approach4_mm2_run2,5744000,1779283009.916866
approach4_mm2_run2,5745000,1779283009.918328
approach4_mm2_run2,5746000,1779283009.919776
approach4_mm2_run2,5747000,1779283009.921230
approach4_mm2_run2,5748000,1779283010.078471
approach4_mm2_run2,5749000,1779283010.079977
approach4_mm2_run2,5750000,1779283010.081458
approach4_mm2_run2,5751000,1779283010.082943
approach4_mm2_run2,5752000,1779283010.084419
approach4_mm2_run2,5753000,1779283010.123036
approach4_mm2_run2,5754000,1779283010.124499
approach4_mm2_run2,5755000,1779283010.125981
approach4_mm2_run2,5756000,1779283010.127451
approach4_mm2_run2,5757000,1779283010.128915
approach4_mm2_run2,5758000,1779283010.130397
approach4_mm2_run2,5759000,1779283010.459144
approach4_mm2_run2,5760000,1779283010.460601
approach4_mm2_run2,5761000,1779283010.462056
approach4_mm2_run2,5762000,1779283010.463523
approach4_mm2_run2,5763000,1779283010.465014
approach4_mm2_run2,5764000,1779283010.488675
approach4_mm2_run2,5765000,1779283010.490138
approach4_mm2_run2,5766000,1779283010.491627
approach4_mm2_run2,5767000,1779283010.493100
approach4_mm2_run2,5768000,1779283010.494588
approach4_mm2_run2,5769000,1779283010.593291
approach4_mm2_run2,5770000,1779283010.594766
approach4_mm2_run2,5771000,1779283010.596263
approach4_mm2_run2,5772000,1779283010.597729
approach4_mm2_run2,5773000,1779283010.599215
approach4_mm2_run2,5774000,1779283010.600686
approach4_mm2_run2,5775000,1779283010.609649
approach4_mm2_run2,5776000,1779283010.611115
approach4_mm2_run2,5777000,1779283010.612567
approach4_mm2_run2,5778000,1779283010.614022
approach4_mm2_run2,5779000,1779283010.615505
approach4_mm2_run2,5780000,1779283010.631275
approach4_mm2_run2,5781000,1779283010.632740
approach4_mm2_run2,5782000,1779283010.634203
approach4_mm2_run2,5783000,1779283010.635701
approach4_mm2_run2,5784000,1779283010.637178
approach4_mm2_run2,5785000,1779283010.643002
approach4_mm2_run2,5786000,1779283010.644460
approach4_mm2_run2,5787000,1779283010.645940
approach4_mm2_run2,5788000,1779283010.647416
approach4_mm2_run2,5789000,1779283010.648885
approach4_mm2_run2,5790000,1779283010.817688
approach4_mm2_run2,5791000,1779283010.819144
approach4_mm2_run2,5792000,1779283010.820599
approach4_mm2_run2,5793000,1779283010.822052
approach4_mm2_run2,5794000,1779283010.823509
approach4_mm2_run2,5795000,1779283010.824985
approach4_mm2_run2,5796000,1779283010.851791
approach4_mm2_run2,5797000,1779283010.853253
approach4_mm2_run2,5798000,1779283010.854731
approach4_mm2_run2,5799000,1779283010.856221
approach4_mm2_run2,5800000,1779283010.857688
approach4_mm2_run2,5801000,1779283011.194796
approach4_mm2_run2,5802000,1779283011.196276
approach4_mm2_run2,5803000,1779283011.197733
approach4_mm2_run2,5804000,1779283011.199214
approach4_mm2_run2,5805000,1779283011.200688
approach4_mm2_run2,5806000,1779283011.234527
approach4_mm2_run2,5807000,1779283011.236006
approach4_mm2_run2,5808000,1779283011.237460
approach4_mm2_run2,5809000,1779283011.238927
approach4_mm2_run2,5810000,1779283011.240383
approach4_mm2_run2,5811000,1779283011.326142
approach4_mm2_run2,5812000,1779283011.327650
approach4_mm2_run2,5813000,1779283011.329134
approach4_mm2_run2,5814000,1779283011.330614
approach4_mm2_run2,5815000,1779283011.332077
approach4_mm2_run2,5816000,1779283011.333546
approach4_mm2_run2,5817000,1779283011.360912
approach4_mm2_run2,5818000,1779283011.362379
approach4_mm2_run2,5819000,1779283011.363841
approach4_mm2_run2,5820000,1779283011.365328
approach4_mm2_run2,5821000,1779283011.366807
approach4_mm2_run2,5822000,1779283011.372631
approach4_mm2_run2,5823000,1779283011.374087
approach4_mm2_run2,5824000,1779283011.375564
approach4_mm2_run2,5825000,1779283011.377015
approach4_mm2_run2,5826000,1779283011.378484
approach4_mm2_run2,5827000,1779283011.447927
approach4_mm2_run2,5828000,1779283011.449371
approach4_mm2_run2,5829000,1779283011.450842
approach4_mm2_run2,5830000,1779283011.452286
approach4_mm2_run2,5831000,1779283011.453731
approach4_mm2_run2,5832000,1779283011.455230
approach4_mm2_run2,5833000,1779283011.564699
approach4_mm2_run2,5834000,1779283011.566162
approach4_mm2_run2,5835000,1779283011.567629
approach4_mm2_run2,5836000,1779283011.569089
approach4_mm2_run2,5837000,1779283011.570567
approach4_mm2_run2,5838000,1779283011.580029
approach4_mm2_run2,5839000,1779283011.581491
approach4_mm2_run2,5840000,1779283011.582963
approach4_mm2_run2,5841000,1779283011.584427
approach4_mm2_run2,5842000,1779283011.585911
approach4_mm2_run2,5843000,1779283011.924592
approach4_mm2_run2,5844000,1779283011.926078
approach4_mm2_run2,5845000,1779283011.927545
approach4_mm2_run2,5846000,1779283011.929007
approach4_mm2_run2,5847000,1779283011.930490
approach4_mm2_run2,5848000,1779283011.979060
approach4_mm2_run2,5849000,1779283011.980519
approach4_mm2_run2,5850000,1779283011.981982
approach4_mm2_run2,5851000,1779283011.983447
approach4_mm2_run2,5852000,1779283011.984918
approach4_mm2_run2,5853000,1779283011.986380
approach4_mm2_run2,5854000,1779283012.061223
approach4_mm2_run2,5855000,1779283012.062698
approach4_mm2_run2,5856000,1779283012.064159
approach4_mm2_run2,5857000,1779283012.065651
approach4_mm2_run2,5858000,1779283012.067131
approach4_mm2_run2,5859000,1779283012.088443
approach4_mm2_run2,5860000,1779283012.089921
approach4_mm2_run2,5861000,1779283012.091384
approach4_mm2_run2,5862000,1779283012.092839
approach4_mm2_run2,5863000,1779283012.094309
approach4_mm2_run2,5864000,1779283012.100266
approach4_mm2_run2,5865000,1779283012.101723
approach4_mm2_run2,5866000,1779283012.103199
approach4_mm2_run2,5867000,1779283012.104669
approach4_mm2_run2,5868000,1779283012.106156
approach4_mm2_run2,5869000,1779283012.107640
approach4_mm2_run2,5870000,1779283012.286562
approach4_mm2_run2,5871000,1779283012.288028
approach4_mm2_run2,5872000,1779283012.289488
approach4_mm2_run2,5873000,1779283012.290967
approach4_mm2_run2,5874000,1779283012.292441
approach4_mm2_run2,5875000,1779283012.307883
approach4_mm2_run2,5876000,1779283012.309734
approach4_mm2_run2,5877000,1779283012.311608
approach4_mm2_run2,5878000,1779283012.313118
approach4_mm2_run2,5879000,1779283012.314641
approach4_mm2_run2,5880000,1779283012.316123
approach4_mm2_run2,5881000,1779283012.317624
approach4_mm2_run2,5882000,1779283012.319116
approach4_mm2_run2,5883000,1779283012.320581
approach4_mm2_run2,5884000,1779283012.322054
approach4_mm2_run2,5885000,1779283012.656588
approach4_mm2_run2,5886000,1779283012.658046
approach4_mm2_run2,5887000,1779283012.659519
approach4_mm2_run2,5888000,1779283012.660975
approach4_mm2_run2,5889000,1779283012.662449
approach4_mm2_run2,5890000,1779283012.663920
approach4_mm2_run2,5891000,1779283012.728551
approach4_mm2_run2,5892000,1779283012.730013
approach4_mm2_run2,5893000,1779283012.731472
approach4_mm2_run2,5894000,1779283012.732916
approach4_mm2_run2,5895000,1779283012.734377
approach4_mm2_run2,5896000,1779283012.794235
approach4_mm2_run2,5897000,1779283012.795722
approach4_mm2_run2,5898000,1779283012.797185
approach4_mm2_run2,5899000,1779283012.798659
approach4_mm2_run2,5900000,1779283012.800132
approach4_mm2_run2,5901000,1779283012.816621
approach4_mm2_run2,5902000,1779283012.818080
approach4_mm2_run2,5903000,1779283012.819543
approach4_mm2_run2,5904000,1779283012.820993
approach4_mm2_run2,5905000,1779283012.822463
approach4_mm2_run2,5906000,1779283012.832493
approach4_mm2_run2,5907000,1779283012.833961
approach4_mm2_run2,5908000,1779283012.835467
approach4_mm2_run2,5909000,1779283012.836933
approach4_mm2_run2,5910000,1779283012.838401
approach4_mm2_run2,5911000,1779283012.839878
approach4_mm2_run2,5912000,1779283013.037440
approach4_mm2_run2,5913000,1779283013.038936
approach4_mm2_run2,5914000,1779283013.040413
approach4_mm2_run2,5915000,1779283013.041896
approach4_mm2_run2,5916000,1779283013.043387
approach4_mm2_run2,5917000,1779283013.052932
approach4_mm2_run2,5918000,1779283013.054417
approach4_mm2_run2,5919000,1779283013.055914
approach4_mm2_run2,5920000,1779283013.057379
approach4_mm2_run2,5921000,1779283013.058859
approach4_mm2_run2,5922000,1779283013.120054
approach4_mm2_run2,5923000,1779283013.121525
approach4_mm2_run2,5924000,1779283013.123001
approach4_mm2_run2,5925000,1779283013.124479
approach4_mm2_run2,5926000,1779283013.125983
approach4_mm2_run2,5927000,1779283013.127482
approach4_mm2_run2,5928000,1779283013.390675
approach4_mm2_run2,5929000,1779283013.392158
approach4_mm2_run2,5930000,1779283013.393615
approach4_mm2_run2,5931000,1779283013.395158
approach4_mm2_run2,5932000,1779283013.396648
approach4_mm2_run2,5933000,1779283013.471151
approach4_mm2_run2,5934000,1779283013.472632
approach4_mm2_run2,5935000,1779283013.474097
approach4_mm2_run2,5936000,1779283013.475621
approach4_mm2_run2,5937000,1779283013.477109
approach4_mm2_run2,5938000,1779283013.526063
approach4_mm2_run2,5939000,1779283013.527573
approach4_mm2_run2,5940000,1779283013.529043
approach4_mm2_run2,5941000,1779283013.530532
approach4_mm2_run2,5942000,1779283013.531995
approach4_mm2_run2,5943000,1779283013.544478
approach4_mm2_run2,5944000,1779283013.545963
approach4_mm2_run2,5945000,1779283013.547441
approach4_mm2_run2,5946000,1779283013.548898
approach4_mm2_run2,5947000,1779283013.550395
approach4_mm2_run2,5948000,1779283013.551883
approach4_mm2_run2,5949000,1779283013.559475
approach4_mm2_run2,5950000,1779283013.560947
approach4_mm2_run2,5951000,1779283013.562420
approach4_mm2_run2,5952000,1779283013.563881
approach4_mm2_run2,5953000,1779283013.565381
approach4_mm2_run2,5954000,1779283013.764046
approach4_mm2_run2,5955000,1779283013.765576
approach4_mm2_run2,5956000,1779283013.767055
approach4_mm2_run2,5957000,1779283013.768525
approach4_mm2_run2,5958000,1779283013.769977
approach4_mm2_run2,5959000,1779283013.799281
approach4_mm2_run2,5960000,1779283013.800756
approach4_mm2_run2,5961000,1779283013.802220
approach4_mm2_run2,5962000,1779283013.803706
approach4_mm2_run2,5963000,1779283013.805213
approach4_mm2_run2,5964000,1779283013.806703
approach4_mm2_run2,5965000,1779283013.957810
approach4_mm2_run2,5966000,1779283013.959293
approach4_mm2_run2,5967000,1779283013.960757
approach4_mm2_run2,5968000,1779283013.962211
approach4_mm2_run2,5969000,1779283013.963701
approach4_mm2_run2,5970000,1779283014.123366
approach4_mm2_run2,5971000,1779283014.124862
approach4_mm2_run2,5972000,1779283014.126337
approach4_mm2_run2,5973000,1779283014.127812
approach4_mm2_run2,5974000,1779283014.129287
approach4_mm2_run2,5975000,1779283014.214983
approach4_mm2_run2,5976000,1779283014.216460
approach4_mm2_run2,5977000,1779283014.217938
approach4_mm2_run2,5978000,1779283014.219422
approach4_mm2_run2,5979000,1779283014.220883
approach4_mm2_run2,5980000,1779283014.258480
approach4_mm2_run2,5981000,1779283014.259949
approach4_mm2_run2,5982000,1779283014.261418
approach4_mm2_run2,5983000,1779283014.262913
approach4_mm2_run2,5984000,1779283014.264366
approach4_mm2_run2,5985000,1779283014.265860
approach4_mm2_run2,5986000,1779283014.274725
approach4_mm2_run2,5987000,1779283014.276232
approach4_mm2_run2,5988000,1779283014.277710
approach4_mm2_run2,5989000,1779283014.279201
approach4_mm2_run2,5990000,1779283014.280686
approach4_mm2_run2,5991000,1779283014.287505
approach4_mm2_run2,5992000,1779283014.288965
approach4_mm2_run2,5993000,1779283014.290448
approach4_mm2_run2,5994000,1779283014.291903
approach4_mm2_run2,5995000,1779283014.293373
approach4_mm2_run2,5996000,1779283014.491587
approach4_mm2_run2,5997000,1779283014.493043
approach4_mm2_run2,5998000,1779283014.494554
approach4_mm2_run2,5999000,1779283014.496080
approach4_mm2_run2,6000000,1779283014.497560
approach4_mm2_run2,6001000,1779283014.499144
approach4_mm2_run2,6002000,1779283014.547867
approach4_mm2_run2,6003000,1779283014.549323
approach4_mm2_run2,6004000,1779283014.550790
approach4_mm2_run2,6005000,1779283014.552272
approach4_mm2_run2,6006000,1779283014.553767
approach4_mm2_run2,6007000,1779283014.742938
approach4_mm2_run2,6008000,1779283014.744423
approach4_mm2_run2,6009000,1779283014.745943
approach4_mm2_run2,6010000,1779283014.794716
approach4_mm2_run2,6011000,1779283014.796217
approach4_mm2_run2,6012000,1779283014.797690
approach4_mm2_run2,6013000,1779283014.799176
approach4_mm2_run2,6014000,1779283014.800647
approach4_mm2_run2,6015000,1779283014.959779
approach4_mm2_run2,6016000,1779283014.961255
approach4_mm2_run2,6017000,1779283014.962747
approach4_mm2_run2,6018000,1779283014.964235
approach4_mm2_run2,6019000,1779283014.965743
approach4_mm2_run2,6020000,1779283014.967233
approach4_mm2_run2,6021000,1779283014.991442
approach4_mm2_run2,6022000,1779283014.992903
approach4_mm2_run2,6023000,1779283014.994370
approach4_mm2_run2,6024000,1779283014.995876
approach4_mm2_run2,6025000,1779283014.997404
approach4_mm2_run2,6026000,1779283015.017126
approach4_mm2_run2,6027000,1779283015.018598
approach4_mm2_run2,6028000,1779283015.020065
approach4_mm2_run2,6029000,1779283015.021531
approach4_mm2_run2,6030000,1779283015.023017
approach4_mm2_run2,6031000,1779283015.203799
approach4_mm2_run2,6032000,1779283015.205303
approach4_mm2_run2,6033000,1779283015.206791
approach4_mm2_run2,6034000,1779283015.208250
approach4_mm2_run2,6035000,1779283015.209722
approach4_mm2_run2,6036000,1779283015.211220
approach4_mm2_run2,6037000,1779283015.220187
approach4_mm2_run2,6038000,1779283015.221650
approach4_mm2_run2,6039000,1779283015.223122
approach4_mm2_run2,6040000,1779283015.224602
approach4_mm2_run2,6041000,1779283015.226117
approach4_mm2_run2,6042000,1779283015.289714
approach4_mm2_run2,6043000,1779283015.291195
approach4_mm2_run2,6044000,1779283015.292663
approach4_mm2_run2,6045000,1779283015.294124
approach4_mm2_run2,6046000,1779283015.295640
approach4_mm2_run2,6047000,1779283015.471611
approach4_mm2_run2,6048000,1779283015.473090
approach4_mm2_run2,6049000,1779283015.474574
approach4_mm2_run2,6050000,1779283015.476066
approach4_mm2_run2,6051000,1779283015.477560
approach4_mm2_run2,6052000,1779283015.627622
approach4_mm2_run2,6053000,1779283015.629088
approach4_mm2_run2,6054000,1779283015.630565
approach4_mm2_run2,6055000,1779283015.632020
approach4_mm2_run2,6056000,1779283015.633511
approach4_mm2_run2,6057000,1779283015.635045
approach4_mm2_run2,6058000,1779283015.708233
approach4_mm2_run2,6059000,1779283015.709699
approach4_mm2_run2,6060000,1779283015.711172
approach4_mm2_run2,6061000,1779283015.712644
approach4_mm2_run2,6062000,1779283015.714113
approach4_mm2_run2,6063000,1779283015.724539
approach4_mm2_run2,6064000,1779283015.726090
approach4_mm2_run2,6065000,1779283015.727604
approach4_mm2_run2,6066000,1779283015.729072
approach4_mm2_run2,6067000,1779283015.730561
approach4_mm2_run2,6068000,1779283015.745888
approach4_mm2_run2,6069000,1779283015.747360
approach4_mm2_run2,6070000,1779283015.748830
approach4_mm2_run2,6071000,1779283015.750289
approach4_mm2_run2,6072000,1779283015.751764
approach4_mm2_run2,6073000,1779283015.753237
approach4_mm2_run2,6074000,1779283015.938982
approach4_mm2_run2,6075000,1779283015.940444
approach4_mm2_run2,6076000,1779283015.941912
approach4_mm2_run2,6077000,1779283015.943425
approach4_mm2_run2,6078000,1779283015.945028
approach4_mm2_run2,6079000,1779283015.947530
approach4_mm2_run2,6080000,1779283015.949000
approach4_mm2_run2,6081000,1779283015.950490
approach4_mm2_run2,6082000,1779283015.951951
approach4_mm2_run2,6083000,1779283015.953430
approach4_mm2_run2,6084000,1779283016.031465
approach4_mm2_run2,6085000,1779283016.032932
approach4_mm2_run2,6086000,1779283016.034405
approach4_mm2_run2,6087000,1779283016.035920
approach4_mm2_run2,6088000,1779283016.037398
approach4_mm2_run2,6089000,1779283016.200611
approach4_mm2_run2,6090000,1779283016.202094
approach4_mm2_run2,6091000,1779283016.203584
approach4_mm2_run2,6092000,1779283016.205090
approach4_mm2_run2,6093000,1779283016.206569
approach4_mm2_run2,6094000,1779283016.208028
approach4_mm2_run2,6095000,1779283016.451504
approach4_mm2_run2,6096000,1779283016.452975
approach4_mm2_run2,6097000,1779283016.454553
approach4_mm2_run2,6098000,1779283016.456272
approach4_mm2_run2,6099000,1779283016.458612
approach4_mm2_run2,6100000,1779283016.460092
approach4_mm2_run2,6101000,1779283016.461783
approach4_mm2_run2,6102000,1779283016.464191
approach4_mm2_run2,6103000,1779283016.465702
approach4_mm2_run2,6104000,1779283016.467171
approach4_mm2_run2,6105000,1779283016.468637
approach4_mm2_run2,6106000,1779283016.470084
approach4_mm2_run2,6107000,1779283016.471567
approach4_mm2_run2,6108000,1779283016.473087
approach4_mm2_run2,6109000,1779283016.475518
approach4_mm2_run2,6110000,1779283016.477110
approach4_mm2_run2,6111000,1779283016.478584
approach4_mm2_run2,6112000,1779283016.480043
approach4_mm2_run2,6113000,1779283016.481497
approach4_mm2_run2,6114000,1779283016.482958
approach4_mm2_run2,6115000,1779283016.484430
approach4_mm2_run2,6116000,1779283016.671558
approach4_mm2_run2,6117000,1779283016.673305
approach4_mm2_run2,6118000,1779283016.675462
approach4_mm2_run2,6119000,1779283016.676939
approach4_mm2_run2,6120000,1779283016.678419
approach4_mm2_run2,6121000,1779283016.679878
approach4_mm2_run2,6122000,1779283016.681320
approach4_mm2_run2,6123000,1779283016.682788
approach4_mm2_run2,6124000,1779283016.684267
approach4_mm2_run2,6125000,1779283016.685772
approach4_mm2_run2,6126000,1779283016.780123
approach4_mm2_run2,6127000,1779283016.781580
approach4_mm2_run2,6128000,1779283016.783081
approach4_mm2_run2,6129000,1779283016.784552
approach4_mm2_run2,6130000,1779283016.786067
approach4_mm2_run2,6131000,1779283016.787565
approach4_mm2_run2,6132000,1779283016.931543
approach4_mm2_run2,6133000,1779283016.933001
approach4_mm2_run2,6134000,1779283016.934485
approach4_mm2_run2,6135000,1779283016.936000
approach4_mm2_run2,6136000,1779283016.937490
approach4_mm2_run2,6137000,1779283017.191514
approach4_mm2_run2,6138000,1779283017.192991
approach4_mm2_run2,6139000,1779283017.194533
approach4_mm2_run2,6140000,1779283017.196519
approach4_mm2_run2,6141000,1779283017.198498
approach4_mm2_run2,6142000,1779283017.199974
approach4_mm2_run2,6143000,1779283017.201468
approach4_mm2_run2,6144000,1779283017.202993
approach4_mm2_run2,6145000,1779283017.205228
approach4_mm2_run2,6146000,1779283017.206965
approach4_mm2_run2,6147000,1779283017.208433
approach4_mm2_run2,6148000,1779283017.209892
approach4_mm2_run2,6149000,1779283017.211364
approach4_mm2_run2,6150000,1779283017.212828
approach4_mm2_run2,6151000,1779283017.214296
approach4_mm2_run2,6152000,1779283017.215804
approach4_mm2_run2,6153000,1779283017.301378
approach4_mm2_run2,6154000,1779283017.302863
approach4_mm2_run2,6155000,1779283017.304344
approach4_mm2_run2,6156000,1779283017.305847
approach4_mm2_run2,6157000,1779283017.307348
approach4_mm2_run2,6158000,1779283017.402426
approach4_mm2_run2,6159000,1779283017.403908
approach4_mm2_run2,6160000,1779283017.406373
approach4_mm2_run2,6161000,1779283017.407844
approach4_mm2_run2,6162000,1779283017.409316
approach4_mm2_run2,6163000,1779283017.410783
approach4_mm2_run2,6164000,1779283017.412250
approach4_mm2_run2,6165000,1779283017.413705
approach4_mm2_run2,6166000,1779283017.415213
approach4_mm2_run2,6167000,1779283017.416688
approach4_mm2_run2,6168000,1779283017.418161
approach4_mm2_run2,6169000,1779283017.525537
approach4_mm2_run2,6170000,1779283017.527015
approach4_mm2_run2,6171000,1779283017.528467
approach4_mm2_run2,6172000,1779283017.529938
approach4_mm2_run2,6173000,1779283017.531429
approach4_mm2_run2,6174000,1779283017.923327
approach4_mm2_run2,6175000,1779283017.924800
approach4_mm2_run2,6176000,1779283017.926319
approach4_mm2_run2,6177000,1779283017.927786
approach4_mm2_run2,6178000,1779283017.929352
approach4_mm2_run2,6179000,1779283017.932265
approach4_mm2_run2,6180000,1779283017.933712
approach4_mm2_run2,6181000,1779283017.935214
approach4_mm2_run2,6182000,1779283017.936687
approach4_mm2_run2,6183000,1779283017.938167
approach4_mm2_run2,6184000,1779283017.941798
approach4_mm2_run2,6185000,1779283017.943262
approach4_mm2_run2,6186000,1779283017.944731
approach4_mm2_run2,6187000,1779283017.946215
approach4_mm2_run2,6188000,1779283017.947708
approach4_mm2_run2,6189000,1779283017.949178
approach4_mm2_run2,6190000,1779283018.003712
approach4_mm2_run2,6191000,1779283018.005222
approach4_mm2_run2,6192000,1779283018.006693
approach4_mm2_run2,6193000,1779283018.008166
approach4_mm2_run2,6194000,1779283018.009650
approach4_mm2_run2,6195000,1779283018.130191
approach4_mm2_run2,6196000,1779283018.131660
approach4_mm2_run2,6197000,1779283018.133194
approach4_mm2_run2,6198000,1779283018.135105
approach4_mm2_run2,6199000,1779283018.137158
approach4_mm2_run2,6200000,1779283018.138936
approach4_mm2_run2,6201000,1779283018.141105
approach4_mm2_run2,6202000,1779283018.142575
approach4_mm2_run2,6203000,1779283018.144052
approach4_mm2_run2,6204000,1779283018.145543
approach4_mm2_run2,6205000,1779283018.147032
approach4_mm2_run2,6206000,1779283018.148515
approach4_mm2_run2,6207000,1779283018.149999
approach4_mm2_run2,6208000,1779283018.151490
approach4_mm2_run2,6209000,1779283018.152976
approach4_mm2_run2,6210000,1779283018.154474
approach4_mm2_run2,6211000,1779283018.266409
approach4_mm2_run2,6212000,1779283018.267876
approach4_mm2_run2,6213000,1779283018.269332
approach4_mm2_run2,6214000,1779283018.270818
approach4_mm2_run2,6215000,1779283018.272289
approach4_mm2_run2,6216000,1779283018.655244
approach4_mm2_run2,6217000,1779283018.656707
approach4_mm2_run2,6218000,1779283018.658372
approach4_mm2_run2,6219000,1779283018.660681
approach4_mm2_run2,6220000,1779283018.662145
approach4_mm2_run2,6221000,1779283018.663633
approach4_mm2_run2,6222000,1779283018.665134
approach4_mm2_run2,6223000,1779283018.666607
approach4_mm2_run2,6224000,1779283018.668081
approach4_mm2_run2,6225000,1779283018.669559
approach4_mm2_run2,6226000,1779283018.671060
approach4_mm2_run2,6227000,1779283018.689595
approach4_mm2_run2,6228000,1779283018.691070
approach4_mm2_run2,6229000,1779283018.692529
approach4_mm2_run2,6230000,1779283018.694022
approach4_mm2_run2,6231000,1779283018.695529
approach4_mm2_run2,6232000,1779283018.734576
approach4_mm2_run2,6233000,1779283018.736089
approach4_mm2_run2,6234000,1779283018.737570
approach4_mm2_run2,6235000,1779283018.739059
approach4_mm2_run2,6236000,1779283018.740530
approach4_mm2_run2,6237000,1779283018.857987
approach4_mm2_run2,6238000,1779283018.859465
approach4_mm2_run2,6239000,1779283018.860934
approach4_mm2_run2,6240000,1779283018.862420
approach4_mm2_run2,6241000,1779283018.863903
approach4_mm2_run2,6242000,1779283018.868373
approach4_mm2_run2,6243000,1779283018.869838
approach4_mm2_run2,6244000,1779283018.871307
approach4_mm2_run2,6245000,1779283018.872790
approach4_mm2_run2,6246000,1779283018.874299
approach4_mm2_run2,6247000,1779283018.875807
approach4_mm2_run2,6248000,1779283018.972135
approach4_mm2_run2,6249000,1779283018.973599
approach4_mm2_run2,6250000,1779283018.975120
approach4_mm2_run2,6251000,1779283018.976609
approach4_mm2_run2,6252000,1779283018.978097
approach4_mm2_run2,6253000,1779283019.009402
approach4_mm2_run2,6254000,1779283019.010899
approach4_mm2_run2,6255000,1779283019.012375
approach4_mm2_run2,6256000,1779283019.013846
approach4_mm2_run2,6257000,1779283019.015379
approach4_mm2_run2,6258000,1779283019.389479
approach4_mm2_run2,6259000,1779283019.390977
approach4_mm2_run2,6260000,1779283019.392777
approach4_mm2_run2,6261000,1779283019.394764
approach4_mm2_run2,6262000,1779283019.396266
approach4_mm2_run2,6263000,1779283019.397732
approach4_mm2_run2,6264000,1779283019.399218
approach4_mm2_run2,6265000,1779283019.400689
approach4_mm2_run2,6266000,1779283019.402171
approach4_mm2_run2,6267000,1779283019.403669
approach4_mm2_run2,6268000,1779283019.405185
approach4_mm2_run2,6269000,1779283019.434160
approach4_mm2_run2,6270000,1779283019.435695
approach4_mm2_run2,6271000,1779283019.437171
approach4_mm2_run2,6272000,1779283019.438666
approach4_mm2_run2,6273000,1779283019.440151
approach4_mm2_run2,6274000,1779283019.463348
approach4_mm2_run2,6275000,1779283019.464843
approach4_mm2_run2,6276000,1779283019.466337
approach4_mm2_run2,6277000,1779283019.467812
approach4_mm2_run2,6278000,1779283019.469284
approach4_mm2_run2,6279000,1779283019.588068
approach4_mm2_run2,6280000,1779283019.589527
approach4_mm2_run2,6281000,1779283019.591007
approach4_mm2_run2,6282000,1779283019.592484
approach4_mm2_run2,6283000,1779283019.593965
approach4_mm2_run2,6284000,1779283019.595507
approach4_mm2_run2,6285000,1779283019.602760
approach4_mm2_run2,6286000,1779283019.604219
approach4_mm2_run2,6287000,1779283019.605736
approach4_mm2_run2,6288000,1779283019.607216
approach4_mm2_run2,6289000,1779283019.608701
approach4_mm2_run2,6290000,1779283019.758157
approach4_mm2_run2,6291000,1779283019.759644
approach4_mm2_run2,6292000,1779283019.761112
approach4_mm2_run2,6293000,1779283019.762613
approach4_mm2_run2,6294000,1779283019.764083
approach4_mm2_run2,6295000,1779283019.805756
approach4_mm2_run2,6296000,1779283019.807244
approach4_mm2_run2,6297000,1779283019.808712
approach4_mm2_run2,6298000,1779283019.810189
approach4_mm2_run2,6299000,1779283019.811671
approach4_mm2_run2,6300000,1779283019.813138
approach4_mm2_run2,6301000,1779283020.120248
approach4_mm2_run2,6302000,1779283020.121970
approach4_mm2_run2,6303000,1779283020.124051
approach4_mm2_run2,6304000,1779283020.125553
approach4_mm2_run2,6305000,1779283020.127053
approach4_mm2_run2,6306000,1779283020.128539
approach4_mm2_run2,6307000,1779283020.130022
approach4_mm2_run2,6308000,1779283020.131511
approach4_mm2_run2,6309000,1779283020.132996
approach4_mm2_run2,6310000,1779283020.134482
approach4_mm2_run2,6311000,1779283020.179214
approach4_mm2_run2,6312000,1779283020.180679
approach4_mm2_run2,6313000,1779283020.182150
approach4_mm2_run2,6314000,1779283020.183624
approach4_mm2_run2,6315000,1779283020.185113
approach4_mm2_run2,6316000,1779283020.190856
approach4_mm2_run2,6317000,1779283020.192334
approach4_mm2_run2,6318000,1779283020.193793
approach4_mm2_run2,6319000,1779283020.195300
approach4_mm2_run2,6320000,1779283020.196765
approach4_mm2_run2,6321000,1779283020.198254
approach4_mm2_run2,6322000,1779283020.315366
approach4_mm2_run2,6323000,1779283020.316822
approach4_mm2_run2,6324000,1779283020.318275
approach4_mm2_run2,6325000,1779283020.319782
approach4_mm2_run2,6326000,1779283020.321259
approach4_mm2_run2,6327000,1779283020.335346
approach4_mm2_run2,6328000,1779283020.336812
approach4_mm2_run2,6329000,1779283020.338292
approach4_mm2_run2,6330000,1779283020.339748
approach4_mm2_run2,6331000,1779283020.341228
approach4_mm2_run2,6332000,1779283020.640511
approach4_mm2_run2,6333000,1779283020.641998
approach4_mm2_run2,6334000,1779283020.643474
approach4_mm2_run2,6335000,1779283020.644989
approach4_mm2_run2,6336000,1779283020.646482
approach4_mm2_run2,6337000,1779283020.647969
approach4_mm2_run2,6338000,1779283020.841107
approach4_mm2_run2,6339000,1779283020.842608
approach4_mm2_run2,6340000,1779283020.844170
approach4_mm2_run2,6341000,1779283020.846313
approach4_mm2_run2,6342000,1779283020.848147
approach4_mm2_run2,6343000,1779283020.849630
approach4_mm2_run2,6344000,1779283020.851115
approach4_mm2_run2,6345000,1779283020.853070
approach4_mm2_run2,6346000,1779283020.854668
approach4_mm2_run2,6347000,1779283020.856665
approach4_mm2_run2,6348000,1779283020.858664
approach4_mm2_run2,6349000,1779283020.860126
approach4_mm2_run2,6350000,1779283020.861587
approach4_mm2_run2,6351000,1779283020.863061
approach4_mm2_run2,6352000,1779283020.864523
approach4_mm2_run2,6353000,1779283020.920063
approach4_mm2_run2,6354000,1779283020.921585
approach4_mm2_run2,6355000,1779283020.923571
approach4_mm2_run2,6356000,1779283020.925392
approach4_mm2_run2,6357000,1779283020.926872
approach4_mm2_run2,6358000,1779283020.928339
approach4_mm2_run2,6359000,1779283020.929799
approach4_mm2_run2,6360000,1779283020.931270
approach4_mm2_run2,6361000,1779283020.932728
approach4_mm2_run2,6362000,1779283020.934189
approach4_mm2_run2,6363000,1779283020.935690
approach4_mm2_run2,6364000,1779283021.043603
approach4_mm2_run2,6365000,1779283021.045073
approach4_mm2_run2,6366000,1779283021.046528
approach4_mm2_run2,6367000,1779283021.047994
approach4_mm2_run2,6368000,1779283021.049463
approach4_mm2_run2,6369000,1779283021.067039
approach4_mm2_run2,6370000,1779283021.068506
approach4_mm2_run2,6371000,1779283021.069970
approach4_mm2_run2,6372000,1779283021.071446
approach4_mm2_run2,6373000,1779283021.072922
approach4_mm2_run2,6374000,1779283021.473287
approach4_mm2_run2,6375000,1779283021.474756
approach4_mm2_run2,6376000,1779283021.476249
approach4_mm2_run2,6377000,1779283021.477708
approach4_mm2_run2,6378000,1779283021.479190
approach4_mm2_run2,6379000,1779283021.480660
approach4_mm2_run2,6380000,1779283021.576393
approach4_mm2_run2,6381000,1779283021.577844
approach4_mm2_run2,6382000,1779283021.579311
approach4_mm2_run2,6383000,1779283021.580770
approach4_mm2_run2,6384000,1779283021.582272
approach4_mm2_run2,6385000,1779283021.585631
approach4_mm2_run2,6386000,1779283021.587116
approach4_mm2_run2,6387000,1779283021.588711
approach4_mm2_run2,6388000,1779283021.591058
approach4_mm2_run2,6389000,1779283021.592520
approach4_mm2_run2,6390000,1779283021.593983
approach4_mm2_run2,6391000,1779283021.595473
approach4_mm2_run2,6392000,1779283021.596930
approach4_mm2_run2,6393000,1779283021.598399
approach4_mm2_run2,6394000,1779283021.599864
approach4_mm2_run2,6395000,1779283021.601339
approach4_mm2_run2,6396000,1779283021.649321
approach4_mm2_run2,6397000,1779283021.650788
approach4_mm2_run2,6398000,1779283021.652248
approach4_mm2_run2,6399000,1779283021.653709
approach4_mm2_run2,6400000,1779283021.655216
approach4_mm2_run2,6401000,1779283021.671529
approach4_mm2_run2,6402000,1779283021.672984
approach4_mm2_run2,6403000,1779283021.674447
approach4_mm2_run2,6404000,1779283021.675935
approach4_mm2_run2,6405000,1779283021.677406
approach4_mm2_run2,6406000,1779283021.770267
approach4_mm2_run2,6407000,1779283021.771725
approach4_mm2_run2,6408000,1779283021.773179
approach4_mm2_run2,6409000,1779283021.774648
approach4_mm2_run2,6410000,1779283021.776138
approach4_mm2_run2,6411000,1779283021.799353
approach4_mm2_run2,6412000,1779283021.800812
approach4_mm2_run2,6413000,1779283021.802273
approach4_mm2_run2,6414000,1779283021.803765
approach4_mm2_run2,6415000,1779283021.805257
approach4_mm2_run2,6416000,1779283021.806751
approach4_mm2_run2,6417000,1779283022.128802
approach4_mm2_run2,6418000,1779283022.130270
approach4_mm2_run2,6419000,1779283022.131793
approach4_mm2_run2,6420000,1779283022.264969
approach4_mm2_run2,6421000,1779283022.307822
approach4_mm2_run2,6422000,1779283022.309354
approach4_mm2_run2,6423000,1779283022.311387
approach4_mm2_run2,6424000,1779283022.313089
approach4_mm2_run2,6425000,1779283022.314559
approach4_mm2_run2,6426000,1779283022.316057
approach4_mm2_run2,6427000,1779283022.317505
approach4_mm2_run2,6428000,1779283022.319019
approach4_mm2_run2,6429000,1779283022.321034
approach4_mm2_run2,6430000,1779283022.323015
approach4_mm2_run2,6431000,1779283022.324475
approach4_mm2_run2,6432000,1779283022.325967
approach4_mm2_run2,6433000,1779283022.327645
approach4_mm2_run2,6434000,1779283022.330008
approach4_mm2_run2,6435000,1779283022.331483
approach4_mm2_run2,6436000,1779283022.332948
approach4_mm2_run2,6437000,1779283022.334420
approach4_mm2_run2,6438000,1779283022.335890
approach4_mm2_run2,6439000,1779283022.337334
approach4_mm2_run2,6440000,1779283022.338801
approach4_mm2_run2,6441000,1779283022.340267
approach4_mm2_run2,6442000,1779283022.411514
approach4_mm2_run2,6443000,1779283022.412982
approach4_mm2_run2,6444000,1779283022.414453
approach4_mm2_run2,6445000,1779283022.415941
approach4_mm2_run2,6446000,1779283022.417407
approach4_mm2_run2,6447000,1779283022.418896
approach4_mm2_run2,6448000,1779283022.498238
approach4_mm2_run2,6449000,1779283022.499702
approach4_mm2_run2,6450000,1779283022.501157
approach4_mm2_run2,6451000,1779283022.502627
approach4_mm2_run2,6452000,1779283022.504110
approach4_mm2_run2,6453000,1779283022.532690
approach4_mm2_run2,6454000,1779283022.534143
approach4_mm2_run2,6455000,1779283022.535642
approach4_mm2_run2,6456000,1779283022.537103
approach4_mm2_run2,6457000,1779283022.538592
approach4_mm2_run2,6458000,1779283022.863449
approach4_mm2_run2,6459000,1779283022.864961
approach4_mm2_run2,6460000,1779283022.866432
approach4_mm2_run2,6461000,1779283022.867894
approach4_mm2_run2,6462000,1779283023.034911
approach4_mm2_run2,6463000,1779283023.036364
approach4_mm2_run2,6464000,1779283023.037816
approach4_mm2_run2,6465000,1779283023.039279
approach4_mm2_run2,6466000,1779283023.040738
approach4_mm2_run2,6467000,1779283023.042201
approach4_mm2_run2,6468000,1779283023.053958
approach4_mm2_run2,6469000,1779283023.055460
approach4_mm2_run2,6470000,1779283023.056921
approach4_mm2_run2,6471000,1779283023.058400
approach4_mm2_run2,6472000,1779283023.059873
approach4_mm2_run2,6473000,1779283023.072018
approach4_mm2_run2,6474000,1779283023.073472
approach4_mm2_run2,6475000,1779283023.074955
approach4_mm2_run2,6476000,1779283023.076406
approach4_mm2_run2,6477000,1779283023.077864
approach4_mm2_run2,6478000,1779283023.147468
approach4_mm2_run2,6479000,1779283023.148929
approach4_mm2_run2,6480000,1779283023.150579
approach4_mm2_run2,6481000,1779283023.152722
approach4_mm2_run2,6482000,1779283023.154163
approach4_mm2_run2,6483000,1779283023.155649
approach4_mm2_run2,6484000,1779283023.157114
approach4_mm2_run2,6485000,1779283023.158595
approach4_mm2_run2,6486000,1779283023.160070
approach4_mm2_run2,6487000,1779283023.161546
approach4_mm2_run2,6488000,1779283023.163043
approach4_mm2_run2,6489000,1779283023.227181
approach4_mm2_run2,6490000,1779283023.228632
approach4_mm2_run2,6491000,1779283023.230086
approach4_mm2_run2,6492000,1779283023.231554
approach4_mm2_run2,6493000,1779283023.233025
approach4_mm2_run2,6494000,1779283023.265695
approach4_mm2_run2,6495000,1779283023.267161
approach4_mm2_run2,6496000,1779283023.268631
approach4_mm2_run2,6497000,1779283023.270101
approach4_mm2_run2,6498000,1779283023.271582
approach4_mm2_run2,6499000,1779283023.368880
approach4_mm2_run2,6500000,1779283023.370336
approach4_mm2_run2,6501000,1779283023.371825
approach4_mm2_run2,6502000,1779283023.373296
approach4_mm2_run2,6503000,1779283023.666831
approach4_mm2_run2,6504000,1779283023.668304
approach4_mm2_run2,6505000,1779283023.764578
approach4_mm2_run2,6506000,1779283023.766065
approach4_mm2_run2,6507000,1779283023.767527
approach4_mm2_run2,6508000,1779283023.768977
approach4_mm2_run2,6509000,1779283023.770449
approach4_mm2_run2,6510000,1779283023.785356
approach4_mm2_run2,6511000,1779283023.786830
approach4_mm2_run2,6512000,1779283023.788293
approach4_mm2_run2,6513000,1779283023.789763
approach4_mm2_run2,6514000,1779283023.791245
approach4_mm2_run2,6515000,1779283023.792722
approach4_mm2_run2,6516000,1779283023.818122
approach4_mm2_run2,6517000,1779283023.819584
approach4_mm2_run2,6518000,1779283023.821041
approach4_mm2_run2,6519000,1779283023.822539
approach4_mm2_run2,6520000,1779283023.824020
approach4_mm2_run2,6521000,1779283023.896509
approach4_mm2_run2,6522000,1779283023.897985
approach4_mm2_run2,6523000,1779283023.899454
approach4_mm2_run2,6524000,1779283023.900913
approach4_mm2_run2,6525000,1779283023.902388
approach4_mm2_run2,6526000,1779283023.952947
approach4_mm2_run2,6527000,1779283023.954405
approach4_mm2_run2,6528000,1779283023.955892
approach4_mm2_run2,6529000,1779283023.957347
approach4_mm2_run2,6530000,1779283023.958814
approach4_mm2_run2,6531000,1779283023.960276
approach4_mm2_run2,6532000,1779283023.983888
approach4_mm2_run2,6533000,1779283023.985367
approach4_mm2_run2,6534000,1779283023.986836
approach4_mm2_run2,6535000,1779283023.988299
approach4_mm2_run2,6536000,1779283023.989765
approach4_mm2_run2,6537000,1779283023.998128
approach4_mm2_run2,6538000,1779283023.999597
approach4_mm2_run2,6539000,1779283024.001057
approach4_mm2_run2,6540000,1779283024.002531
approach4_mm2_run2,6541000,1779283024.004005
approach4_mm2_run2,6542000,1779283024.057321
approach4_mm2_run2,6543000,1779283024.058800
approach4_mm2_run2,6544000,1779283024.060276
approach4_mm2_run2,6545000,1779283024.519551
approach4_mm2_run2,6546000,1779283024.521011
approach4_mm2_run2,6547000,1779283024.522486
approach4_mm2_run2,6548000,1779283024.523948
approach4_mm2_run2,6549000,1779283024.525447
approach4_mm2_run2,6550000,1779283024.559409
approach4_mm2_run2,6551000,1779283024.560867
approach4_mm2_run2,6552000,1779283024.562357
approach4_mm2_run2,6553000,1779283024.563815
approach4_mm2_run2,6554000,1779283024.565309
approach4_mm2_run2,6555000,1779283024.566789
approach4_mm2_run2,6556000,1779283024.640433
approach4_mm2_run2,6557000,1779283024.641902
approach4_mm2_run2,6558000,1779283024.643379
approach4_mm2_run2,6559000,1779283024.644866
approach4_mm2_run2,6560000,1779283024.646378
approach4_mm2_run2,6561000,1779283024.684518
approach4_mm2_run2,6562000,1779283024.685998
approach4_mm2_run2,6563000,1779283024.687469
approach4_mm2_run2,6564000,1779283024.688934
approach4_mm2_run2,6565000,1779283024.690423
approach4_mm2_run2,6566000,1779283024.693203
approach4_mm2_run2,6567000,1779283024.694671
approach4_mm2_run2,6568000,1779283024.696143
approach4_mm2_run2,6569000,1779283024.697610
approach4_mm2_run2,6570000,1779283024.699085
approach4_mm2_run2,6571000,1779283024.734296
approach4_mm2_run2,6572000,1779283024.735791
approach4_mm2_run2,6573000,1779283024.737258
approach4_mm2_run2,6574000,1779283024.738734
approach4_mm2_run2,6575000,1779283024.740205
approach4_mm2_run2,6576000,1779283024.818197
approach4_mm2_run2,6577000,1779283024.819656
approach4_mm2_run2,6578000,1779283024.821108
approach4_mm2_run2,6579000,1779283024.822577
approach4_mm2_run2,6580000,1779283024.824072
approach4_mm2_run2,6581000,1779283024.839876
approach4_mm2_run2,6582000,1779283024.841313
approach4_mm2_run2,6583000,1779283024.842767
approach4_mm2_run2,6584000,1779283024.844219
approach4_mm2_run2,6585000,1779283024.845711
approach4_mm2_run2,6586000,1779283024.847183
approach4_mm2_run2,6587000,1779283024.879791
approach4_mm2_run2,6588000,1779283025.253944
approach4_mm2_run2,6589000,1779283025.255448
approach4_mm2_run2,6590000,1779283025.256918
approach4_mm2_run2,6591000,1779283025.258398
approach4_mm2_run2,6592000,1779283025.259875
approach4_mm2_run2,6593000,1779283025.302937
approach4_mm2_run2,6594000,1779283025.304388
approach4_mm2_run2,6595000,1779283025.305895
approach4_mm2_run2,6596000,1779283025.307378
approach4_mm2_run2,6597000,1779283025.308888
approach4_mm2_run2,6598000,1779283025.383812
approach4_mm2_run2,6599000,1779283025.385307
approach4_mm2_run2,6600000,1779283025.386780
approach4_mm2_run2,6601000,1779283025.388239
approach4_mm2_run2,6602000,1779283025.389699
approach4_mm2_run2,6603000,1779283025.391180
approach4_mm2_run2,6604000,1779283025.410989
approach4_mm2_run2,6605000,1779283025.412453
approach4_mm2_run2,6606000,1779283025.413916
approach4_mm2_run2,6607000,1779283025.415410
approach4_mm2_run2,6608000,1779283025.416874
approach4_mm2_run2,6609000,1779283025.465914
approach4_mm2_run2,6610000,1779283025.467373
approach4_mm2_run2,6611000,1779283025.468827
approach4_mm2_run2,6612000,1779283025.470299
approach4_mm2_run2,6613000,1779283025.471766
approach4_mm2_run2,6614000,1779283025.519562
approach4_mm2_run2,6615000,1779283025.521025
approach4_mm2_run2,6616000,1779283025.522502
approach4_mm2_run2,6617000,1779283025.523975
approach4_mm2_run2,6618000,1779283025.525478
approach4_mm2_run2,6619000,1779283025.571314
approach4_mm2_run2,6620000,1779283025.572774
approach4_mm2_run2,6621000,1779283025.574232
approach4_mm2_run2,6622000,1779283025.575728
approach4_mm2_run2,6623000,1779283025.577190
approach4_mm2_run2,6624000,1779283025.650916
approach4_mm2_run2,6625000,1779283025.652370
approach4_mm2_run2,6626000,1779283025.653828
approach4_mm2_run2,6627000,1779283025.655323
approach4_mm2_run2,6628000,1779283025.656774
approach4_mm2_run2,6629000,1779283025.658235
approach4_mm2_run2,6630000,1779283025.986836
approach4_mm2_run2,6631000,1779283025.988300
approach4_mm2_run2,6632000,1779283025.989769
approach4_mm2_run2,6633000,1779283025.991248
approach4_mm2_run2,6634000,1779283025.992730
approach4_mm2_run2,6635000,1779283026.047171
approach4_mm2_run2,6636000,1779283026.048631
approach4_mm2_run2,6637000,1779283026.050089
approach4_mm2_run2,6638000,1779283026.051559
approach4_mm2_run2,6639000,1779283026.053026
approach4_mm2_run2,6640000,1779283026.127594
approach4_mm2_run2,6641000,1779283026.129046
approach4_mm2_run2,6642000,1779283026.130507
approach4_mm2_run2,6643000,1779283026.131957
approach4_mm2_run2,6644000,1779283026.133412
approach4_mm2_run2,6645000,1779283026.138894
approach4_mm2_run2,6646000,1779283026.140356
approach4_mm2_run2,6647000,1779283026.141816
approach4_mm2_run2,6648000,1779283026.143290
approach4_mm2_run2,6649000,1779283026.144746
approach4_mm2_run2,6650000,1779283026.146247
approach4_mm2_run2,6651000,1779283026.249175
approach4_mm2_run2,6652000,1779283026.250643
approach4_mm2_run2,6653000,1779283026.252099
approach4_mm2_run2,6654000,1779283026.253562
approach4_mm2_run2,6655000,1779283026.255068
approach4_mm2_run2,6656000,1779283026.301028
approach4_mm2_run2,6657000,1779283026.302494
approach4_mm2_run2,6658000,1779283026.303947
approach4_mm2_run2,6659000,1779283026.305440
approach4_mm2_run2,6660000,1779283026.306917
approach4_mm2_run2,6661000,1779283026.486772
approach4_mm2_run2,6662000,1779283026.488227
approach4_mm2_run2,6663000,1779283026.489685
approach4_mm2_run2,6664000,1779283026.491153
approach4_mm2_run2,6665000,1779283026.492607
approach4_mm2_run2,6666000,1779283026.531085
approach4_mm2_run2,6667000,1779283026.532542
approach4_mm2_run2,6668000,1779283026.534002
approach4_mm2_run2,6669000,1779283026.535496
approach4_mm2_run2,6670000,1779283026.536961
approach4_mm2_run2,6671000,1779283026.538451
approach4_mm2_run2,6672000,1779283026.717709
approach4_mm2_run2,6673000,1779283026.719183
approach4_mm2_run2,6674000,1779283026.720641
approach4_mm2_run2,6675000,1779283026.722101
approach4_mm2_run2,6676000,1779283026.723589
approach4_mm2_run2,6677000,1779283026.789855
approach4_mm2_run2,6678000,1779283026.791311
approach4_mm2_run2,6679000,1779283026.792763
approach4_mm2_run2,6680000,1779283026.794222
approach4_mm2_run2,6681000,1779283026.795724
approach4_mm2_run2,6682000,1779283026.865445
approach4_mm2_run2,6683000,1779283026.866992
approach4_mm2_run2,6684000,1779283026.868975
approach4_mm2_run2,6685000,1779283026.870754
approach4_mm2_run2,6686000,1779283026.872203
approach4_mm2_run2,6687000,1779283026.873656
approach4_mm2_run2,6688000,1779283026.875149
approach4_mm2_run2,6689000,1779283026.876607
approach4_mm2_run2,6690000,1779283026.878064
approach4_mm2_run2,6691000,1779283026.879538
approach4_mm2_run2,6692000,1779283026.881011
approach4_mm2_run2,6693000,1779283026.988084
approach4_mm2_run2,6694000,1779283026.989535
approach4_mm2_run2,6695000,1779283026.991014
approach4_mm2_run2,6696000,1779283026.992464
approach4_mm2_run2,6697000,1779283026.993930
approach4_mm2_run2,6698000,1779283027.028488
approach4_mm2_run2,6699000,1779283027.029936
approach4_mm2_run2,6700000,1779283027.031392
approach4_mm2_run2,6701000,1779283027.032837
approach4_mm2_run2,6702000,1779283027.034296
approach4_mm2_run2,6703000,1779283027.263194
approach4_mm2_run2,6704000,1779283027.264645
approach4_mm2_run2,6705000,1779283027.266118
approach4_mm2_run2,6706000,1779283027.267582
approach4_mm2_run2,6707000,1779283027.269037
approach4_mm2_run2,6708000,1779283027.270518
approach4_mm2_run2,6709000,1779283027.324975
approach4_mm2_run2,6710000,1779283027.326452
approach4_mm2_run2,6711000,1779283027.327917
approach4_mm2_run2,6712000,1779283027.329369
approach4_mm2_run2,6713000,1779283027.330841
approach4_mm2_run2,6714000,1779283027.449539
approach4_mm2_run2,6715000,1779283027.451005
approach4_mm2_run2,6716000,1779283027.452460
approach4_mm2_run2,6717000,1779283027.453917
approach4_mm2_run2,6718000,1779283027.455422
approach4_mm2_run2,6719000,1779283027.538428
approach4_mm2_run2,6720000,1779283027.539881
approach4_mm2_run2,6721000,1779283027.541332
approach4_mm2_run2,6722000,1779283027.542803
approach4_mm2_run2,6723000,1779283027.544262
approach4_mm2_run2,6724000,1779283027.545753
approach4_mm2_run2,6725000,1779283027.593105
approach4_mm2_run2,6726000,1779283027.594567
approach4_mm2_run2,6727000,1779283027.596039
approach4_mm2_run2,6728000,1779283027.597487
approach4_mm2_run2,6729000,1779283027.598955
approach4_mm2_run2,6730000,1779283027.612232
approach4_mm2_run2,6731000,1779283027.613685
approach4_mm2_run2,6732000,1779283027.615167
approach4_mm2_run2,6733000,1779283027.616627
approach4_mm2_run2,6734000,1779283027.618096
approach4_mm2_run2,6735000,1779283027.716139
approach4_mm2_run2,6736000,1779283027.717580
approach4_mm2_run2,6737000,1779283027.719039
approach4_mm2_run2,6738000,1779283027.720495
approach4_mm2_run2,6739000,1779283027.721955
approach4_mm2_run2,6740000,1779283027.757042
approach4_mm2_run2,6741000,1779283027.758498
approach4_mm2_run2,6742000,1779283027.759944
approach4_mm2_run2,6743000,1779283027.761389
approach4_mm2_run2,6744000,1779283027.762857
approach4_mm2_run2,6745000,1779283027.764335
approach4_mm2_run2,6746000,1779283027.996183
approach4_mm2_run2,6747000,1779283027.997631
approach4_mm2_run2,6748000,1779283027.999095
approach4_mm2_run2,6749000,1779283028.000554
approach4_mm2_run2,6750000,1779283028.002018
approach4_mm2_run2,6751000,1779283028.182079
approach4_mm2_run2,6752000,1779283028.183543
approach4_mm2_run2,6753000,1779283028.185026
approach4_mm2_run2,6754000,1779283028.186499
approach4_mm2_run2,6755000,1779283028.187961
approach4_mm2_run2,6756000,1779283028.283031
approach4_mm2_run2,6757000,1779283028.284465
approach4_mm2_run2,6758000,1779283028.285956
approach4_mm2_run2,6759000,1779283028.287421
approach4_mm2_run2,6760000,1779283028.288877
approach4_mm2_run2,6761000,1779283028.320210
approach4_mm2_run2,6762000,1779283028.321666
approach4_mm2_run2,6763000,1779283028.323127
approach4_mm2_run2,6764000,1779283028.324575
approach4_mm2_run2,6765000,1779283028.326044
approach4_mm2_run2,6766000,1779283028.327530
approach4_mm2_run2,6767000,1779283028.357163
approach4_mm2_run2,6768000,1779283028.358628
approach4_mm2_run2,6769000,1779283028.360080
approach4_mm2_run2,6770000,1779283028.361536
approach4_mm2_run2,6771000,1779283028.363018
approach4_mm2_run2,6772000,1779283028.443905
approach4_mm2_run2,6773000,1779283028.445375
approach4_mm2_run2,6774000,1779283028.446857
approach4_mm2_run2,6775000,1779283028.448316
approach4_mm2_run2,6776000,1779283028.449780
approach4_mm2_run2,6777000,1779283028.486074
approach4_mm2_run2,6778000,1779283028.487523
approach4_mm2_run2,6779000,1779283028.488968
approach4_mm2_run2,6780000,1779283028.490427
approach4_mm2_run2,6781000,1779283028.491885
approach4_mm2_run2,6782000,1779283028.493348
approach4_mm2_run2,6783000,1779283028.509194
approach4_mm2_run2,6784000,1779283028.510654
approach4_mm2_run2,6785000,1779283028.512104
approach4_mm2_run2,6786000,1779283028.513557
approach4_mm2_run2,6787000,1779283028.515055
approach4_mm2_run2,6788000,1779283028.728140
approach4_mm2_run2,6789000,1779283028.729599
approach4_mm2_run2,6790000,1779283028.731065
approach4_mm2_run2,6791000,1779283028.732522
approach4_mm2_run2,6792000,1779283028.733992
approach4_mm2_run2,6793000,1779283028.915976
approach4_mm2_run2,6794000,1779283028.917440
approach4_mm2_run2,6795000,1779283028.918911
approach4_mm2_run2,6796000,1779283028.920372
approach4_mm2_run2,6797000,1779283028.921876
approach4_mm2_run2,6798000,1779283029.025942
approach4_mm2_run2,6799000,1779283029.027402
approach4_mm2_run2,6800000,1779283029.028858
approach4_mm2_run2,6801000,1779283029.030326
approach4_mm2_run2,6802000,1779283029.031786
approach4_mm2_run2,6803000,1779283029.033251
approach4_mm2_run2,6804000,1779283029.101171
approach4_mm2_run2,6805000,1779283029.102644
approach4_mm2_run2,6806000,1779283029.104095
approach4_mm2_run2,6807000,1779283029.105583
approach4_mm2_run2,6808000,1779283029.107084
approach4_mm2_run2,6809000,1779283029.174191
approach4_mm2_run2,6810000,1779283029.175678
approach4_mm2_run2,6811000,1779283029.177136
approach4_mm2_run2,6812000,1779283029.178612
approach4_mm2_run2,6813000,1779283029.180075
approach4_mm2_run2,6814000,1779283029.214566
approach4_mm2_run2,6815000,1779283029.216033
approach4_mm2_run2,6816000,1779283029.217477
approach4_mm2_run2,6817000,1779283029.218936
approach4_mm2_run2,6818000,1779283029.220392
approach4_mm2_run2,6819000,1779283029.221851
approach4_mm2_run2,6820000,1779283029.353972
approach4_mm2_run2,6821000,1779283029.355488
approach4_mm2_run2,6822000,1779283029.356945
approach4_mm2_run2,6823000,1779283029.358418
approach4_mm2_run2,6824000,1779283029.359872
approach4_mm2_run2,6825000,1779283029.398527
approach4_mm2_run2,6826000,1779283029.399981
approach4_mm2_run2,6827000,1779283029.401435
approach4_mm2_run2,6828000,1779283029.402902
approach4_mm2_run2,6829000,1779283029.404367
approach4_mm2_run2,6830000,1779283029.448083
approach4_mm2_run2,6831000,1779283029.449549
approach4_mm2_run2,6832000,1779283029.459820
approach4_mm2_run2,6833000,1779283029.461269
approach4_mm2_run2,6834000,1779283029.462730
approach4_mm2_run2,6835000,1779283029.464184
approach4_mm2_run2,6836000,1779283029.465672
approach4_mm2_run2,6837000,1779283029.645840
approach4_mm2_run2,6838000,1779283029.647307
approach4_mm2_run2,6839000,1779283029.648766
approach4_mm2_run2,6840000,1779283029.650231
approach4_mm2_run2,6841000,1779283029.651708
approach4_mm2_run2,6842000,1779283029.653182
approach4_mm2_run2,6843000,1779283029.772415
approach4_mm2_run2,6844000,1779283029.773902
approach4_mm2_run2,6845000,1779283029.775407
approach4_mm2_run2,6846000,1779283029.776865
approach4_mm2_run2,6847000,1779283029.778341
approach4_mm2_run2,6848000,1779283029.843204
approach4_mm2_run2,6849000,1779283029.844660
approach4_mm2_run2,6850000,1779283029.846140
approach4_mm2_run2,6851000,1779283029.847605
approach4_mm2_run2,6852000,1779283029.849065
approach4_mm2_run2,6853000,1779283029.944177
approach4_mm2_run2,6854000,1779283029.945637
approach4_mm2_run2,6855000,1779283029.947094
approach4_mm2_run2,6856000,1779283029.948550
approach4_mm2_run2,6857000,1779283029.950004
approach4_mm2_run2,6858000,1779283029.951474
approach4_mm2_run2,6859000,1779283030.128561
approach4_mm2_run2,6860000,1779283030.130017
approach4_mm2_run2,6861000,1779283030.131486
approach4_mm2_run2,6862000,1779283030.132942
approach4_mm2_run2,6863000,1779283030.134421
approach4_mm2_run2,6864000,1779283030.192727
approach4_mm2_run2,6865000,1779283030.194176
approach4_mm2_run2,6866000,1779283030.195667
approach4_mm2_run2,6867000,1779283030.197135
approach4_mm2_run2,6868000,1779283030.198620
approach4_mm2_run2,6869000,1779283030.209071
approach4_mm2_run2,6870000,1779283030.210538
approach4_mm2_run2,6871000,1779283030.211998
approach4_mm2_run2,6872000,1779283030.213461
approach4_mm2_run2,6873000,1779283030.214962
approach4_mm2_run2,6874000,1779283030.382362
approach4_mm2_run2,6875000,1779283030.383826
approach4_mm2_run2,6876000,1779283030.385316
approach4_mm2_run2,6877000,1779283030.386815
approach4_mm2_run2,6878000,1779283030.388279
approach4_mm2_run2,6879000,1779283030.389752
approach4_mm2_run2,6880000,1779283030.516255
approach4_mm2_run2,6881000,1779283030.517715
approach4_mm2_run2,6882000,1779283030.519186
approach4_mm2_run2,6883000,1779283030.520643
approach4_mm2_run2,6884000,1779283030.522126
approach4_mm2_run2,6885000,1779283030.672139
approach4_mm2_run2,6886000,1779283030.673584
approach4_mm2_run2,6887000,1779283030.675076
approach4_mm2_run2,6888000,1779283030.676524
approach4_mm2_run2,6889000,1779283030.677978
approach4_mm2_run2,6890000,1779283030.855181
approach4_mm2_run2,6891000,1779283030.856637
approach4_mm2_run2,6892000,1779283030.858095
approach4_mm2_run2,6893000,1779283030.859563
approach4_mm2_run2,6894000,1779283030.861021
approach4_mm2_run2,6895000,1779283030.932483
approach4_mm2_run2,6896000,1779283030.933953
approach4_mm2_run2,6897000,1779283030.935447
approach4_mm2_run2,6898000,1779283030.936900
approach4_mm2_run2,6899000,1779283030.938499
approach4_mm2_run2,6900000,1779283030.940564
approach4_mm2_run2,6901000,1779283030.942538
approach4_mm2_run2,6902000,1779283030.944004
approach4_mm2_run2,6903000,1779283030.945500
approach4_mm2_run2,6904000,1779283030.946988
approach4_mm2_run2,6905000,1779283030.948467
approach4_mm2_run2,6906000,1779283031.025873
approach4_mm2_run2,6907000,1779283031.027339
approach4_mm2_run2,6908000,1779283031.028794
approach4_mm2_run2,6909000,1779283031.030260
approach4_mm2_run2,6910000,1779283031.031738
approach4_mm2_run2,6911000,1779283031.113491
approach4_mm2_run2,6912000,1779283031.114997
approach4_mm2_run2,6913000,1779283031.116463
approach4_mm2_run2,6914000,1779283031.117930
approach4_mm2_run2,6915000,1779283031.119417
approach4_mm2_run2,6916000,1779283031.120898
approach4_mm2_run2,6917000,1779283031.261996
approach4_mm2_run2,6918000,1779283031.263476
approach4_mm2_run2,6919000,1779283031.264965
approach4_mm2_run2,6920000,1779283031.266448
approach4_mm2_run2,6921000,1779283031.267922
approach4_mm2_run2,6922000,1779283031.367965
approach4_mm2_run2,6923000,1779283031.369418
approach4_mm2_run2,6924000,1779283031.370888
approach4_mm2_run2,6925000,1779283031.372350
approach4_mm2_run2,6926000,1779283031.401744
approach4_mm2_run2,6927000,1779283031.403209
approach4_mm2_run2,6928000,1779283031.404673
approach4_mm2_run2,6929000,1779283031.406160
approach4_mm2_run2,6930000,1779283031.407640
approach4_mm2_run2,6931000,1779283031.582823
approach4_mm2_run2,6932000,1779283031.584285
approach4_mm2_run2,6933000,1779283031.585778
approach4_mm2_run2,6934000,1779283031.587251
approach4_mm2_run2,6935000,1779283031.588721
approach4_mm2_run2,6936000,1779283031.590192
approach4_mm2_run2,6937000,1779283031.673483
approach4_mm2_run2,6938000,1779283031.675527
approach4_mm2_run2,6939000,1779283031.677310
approach4_mm2_run2,6940000,1779283031.678790
approach4_mm2_run2,6941000,1779283031.680251
approach4_mm2_run2,6942000,1779283031.681714
approach4_mm2_run2,6943000,1779283031.683178
approach4_mm2_run2,6944000,1779283031.684647
approach4_mm2_run2,6945000,1779283031.686143
approach4_mm2_run2,6946000,1779283031.687625
approach4_mm2_run2,6947000,1779283031.792812
approach4_mm2_run2,6948000,1779283031.794286
approach4_mm2_run2,6949000,1779283031.795804
approach4_mm2_run2,6950000,1779283031.846549
approach4_mm2_run2,6951000,1779283031.848018
approach4_mm2_run2,6952000,1779283031.849486
approach4_mm2_run2,6953000,1779283031.850984
approach4_mm2_run2,6954000,1779283031.852452
approach4_mm2_run2,6955000,1779283031.853920
approach4_mm2_run2,6956000,1779283031.861701
approach4_mm2_run2,6957000,1779283031.863204
approach4_mm2_run2,6958000,1779283031.864662
approach4_mm2_run2,6959000,1779283031.866147
approach4_mm2_run2,6960000,1779283031.867632
approach4_mm2_run2,6961000,1779283032.002849
approach4_mm2_run2,6962000,1779283032.004310
approach4_mm2_run2,6963000,1779283032.005818
approach4_mm2_run2,6964000,1779283032.007283
approach4_mm2_run2,6965000,1779283032.008741
approach4_mm2_run2,6966000,1779283032.112895
approach4_mm2_run2,6967000,1779283032.114373
approach4_mm2_run2,6968000,1779283032.115877
approach4_mm2_run2,6969000,1779283032.131906
approach4_mm2_run2,6970000,1779283032.133365
approach4_mm2_run2,6971000,1779283032.134882
approach4_mm2_run2,6972000,1779283032.136348
approach4_mm2_run2,6973000,1779283032.137817
approach4_mm2_run2,6974000,1779283032.313024
approach4_mm2_run2,6975000,1779283032.314533
approach4_mm2_run2,6976000,1779283032.316026
approach4_mm2_run2,6977000,1779283032.317477
approach4_mm2_run2,6978000,1779283032.318972
approach4_mm2_run2,6979000,1779283032.355761
approach4_mm2_run2,6980000,1779283032.357236
approach4_mm2_run2,6981000,1779283032.405747
approach4_mm2_run2,6982000,1779283032.407242
approach4_mm2_run2,6983000,1779283032.408705
approach4_mm2_run2,6984000,1779283032.410169
approach4_mm2_run2,6985000,1779283032.411656
approach4_mm2_run2,6986000,1779283032.418622
approach4_mm2_run2,6987000,1779283032.420076
approach4_mm2_run2,6988000,1779283032.421539
approach4_mm2_run2,6989000,1779283032.423039
approach4_mm2_run2,6990000,1779283032.424514
approach4_mm2_run2,6991000,1779283032.579692
approach4_mm2_run2,6992000,1779283032.581161
approach4_mm2_run2,6993000,1779283032.582666
approach4_mm2_run2,6994000,1779283032.584129
approach4_mm2_run2,6995000,1779283032.585631
approach4_mm2_run2,6996000,1779283032.587125
approach4_mm2_run2,6997000,1779283032.697778
approach4_mm2_run2,6998000,1779283032.699254
approach4_mm2_run2,6999000,1779283032.700715
approach4_mm2_run2,7000000,1779283032.702176
approach4_mm2_run2,7001000,1779283032.703718
approach4_mm2_run2,7002000,1779283032.752533
approach4_mm2_run2,7003000,1779283032.753976
approach4_mm2_run2,7004000,1779283032.755527
approach4_mm2_run2,7005000,1779283032.756989
approach4_mm2_run2,7006000,1779283032.758467
approach4_mm2_run2,7007000,1779283032.861278
approach4_mm2_run2,7008000,1779283032.862769
approach4_mm2_run2,7009000,1779283032.864213
approach4_mm2_run2,7010000,1779283032.865714
approach4_mm2_run2,7011000,1779283032.867185
approach4_mm2_run2,7012000,1779283032.868668
approach4_mm2_run2,7013000,1779283033.041038
approach4_mm2_run2,7014000,1779283033.042547
approach4_mm2_run2,7015000,1779283033.044008
approach4_mm2_run2,7016000,1779283033.045503
approach4_mm2_run2,7017000,1779283033.046993
approach4_mm2_run2,7018000,1779283033.117215
approach4_mm2_run2,7019000,1779283033.118705
approach4_mm2_run2,7020000,1779283033.120186
approach4_mm2_run2,7021000,1779283033.137376
approach4_mm2_run2,7022000,1779283033.138862
approach4_mm2_run2,7023000,1779283033.140316
approach4_mm2_run2,7024000,1779283033.141775
approach4_mm2_run2,7025000,1779283033.143259
approach4_mm2_run2,7026000,1779283033.161710
approach4_mm2_run2,7027000,1779283033.163206
approach4_mm2_run2,7028000,1779283033.164670
approach4_mm2_run2,7029000,1779283033.166164
approach4_mm2_run2,7030000,1779283033.167648
approach4_mm2_run2,7031000,1779283033.340853
approach4_mm2_run2,7032000,1779283033.342345
approach4_mm2_run2,7033000,1779283033.493493
approach4_mm2_run2,7034000,1779283033.494997
approach4_mm2_run2,7035000,1779283033.496465
approach4_mm2_run2,7036000,1779283033.497933
approach4_mm2_run2,7037000,1779283033.499418
approach4_mm2_run2,7038000,1779283033.532531
approach4_mm2_run2,7039000,1779283033.534275
approach4_mm2_run2,7040000,1779283033.535765
approach4_mm2_run2,7041000,1779283033.537225
approach4_mm2_run2,7042000,1779283033.538698
approach4_mm2_run2,7043000,1779283033.540162
approach4_mm2_run2,7044000,1779283033.541642
approach4_mm2_run2,7045000,1779283033.590072
approach4_mm2_run2,7046000,1779283033.591541
approach4_mm2_run2,7047000,1779283033.592997
approach4_mm2_run2,7048000,1779283033.594459
approach4_mm2_run2,7049000,1779283033.595952
approach4_mm2_run2,7050000,1779283033.663152
approach4_mm2_run2,7051000,1779283033.664605
approach4_mm2_run2,7052000,1779283033.666108
approach4_mm2_run2,7053000,1779283033.667583
approach4_mm2_run2,7054000,1779283033.669040
approach4_mm2_run2,7055000,1779283033.670520
approach4_mm2_run2,7056000,1779283033.739740
approach4_mm2_run2,7057000,1779283033.768491
approach4_mm2_run2,7058000,1779283033.769954
approach4_mm2_run2,7059000,1779283033.771437
approach4_mm2_run2,7060000,1779283033.772897
approach4_mm2_run2,7061000,1779283033.774371
approach4_mm2_run2,7062000,1779283033.868912
approach4_mm2_run2,7063000,1779283033.870402
approach4_mm2_run2,7064000,1779283033.871869
approach4_mm2_run2,7065000,1779283033.873337
approach4_mm2_run2,7066000,1779283033.874806
approach4_mm2_run2,7067000,1779283033.876316
approach4_mm2_run2,7068000,1779283033.904485
approach4_mm2_run2,7069000,1779283033.905973
approach4_mm2_run2,7070000,1779283033.907458
approach4_mm2_run2,7071000,1779283033.908931
approach4_mm2_run2,7072000,1779283033.910419
approach4_mm2_run2,7073000,1779283034.084680
approach4_mm2_run2,7074000,1779283034.086190
approach4_mm2_run2,7075000,1779283034.239081
approach4_mm2_run2,7076000,1779283034.240544
approach4_mm2_run2,7077000,1779283034.242012
approach4_mm2_run2,7078000,1779283034.243490
approach4_mm2_run2,7079000,1779283034.244998
approach4_mm2_run2,7080000,1779283034.246489
approach4_mm2_run2,7081000,1779283034.319319
approach4_mm2_run2,7082000,1779283034.320784
approach4_mm2_run2,7083000,1779283034.322266
approach4_mm2_run2,7084000,1779283034.323746
approach4_mm2_run2,7085000,1779283034.325251
approach4_mm2_run2,7086000,1779283034.371622
approach4_mm2_run2,7087000,1779283034.373087
approach4_mm2_run2,7088000,1779283034.374563
approach4_mm2_run2,7089000,1779283034.376055
approach4_mm2_run2,7090000,1779283034.377508
approach4_mm2_run2,7091000,1779283034.396888
approach4_mm2_run2,7092000,1779283034.398364
approach4_mm2_run2,7093000,1779283034.399845
approach4_mm2_run2,7094000,1779283034.401321
approach4_mm2_run2,7095000,1779283034.402804
approach4_mm2_run2,7096000,1779283034.495363
approach4_mm2_run2,7097000,1779283034.496827
approach4_mm2_run2,7098000,1779283034.498281
approach4_mm2_run2,7099000,1779283034.499753
approach4_mm2_run2,7100000,1779283034.501228
approach4_mm2_run2,7101000,1779283034.502724
approach4_mm2_run2,7102000,1779283034.567689
approach4_mm2_run2,7103000,1779283034.569196
approach4_mm2_run2,7104000,1779283034.570712
approach4_mm2_run2,7105000,1779283034.602504
approach4_mm2_run2,7106000,1779283034.603960
approach4_mm2_run2,7107000,1779283034.605446
approach4_mm2_run2,7108000,1779283034.606936
approach4_mm2_run2,7109000,1779283034.608402
approach4_mm2_run2,7110000,1779283034.609874
approach4_mm2_run2,7111000,1779283034.650452
approach4_mm2_run2,7112000,1779283034.651907
approach4_mm2_run2,7113000,1779283034.653355
approach4_mm2_run2,7114000,1779283034.654860
approach4_mm2_run2,7115000,1779283034.656340
approach4_mm2_run2,7116000,1779283034.981383
approach4_mm2_run2,7117000,1779283034.982872
approach4_mm2_run2,7118000,1779283034.984344
approach4_mm2_run2,7119000,1779283034.985843
approach4_mm2_run2,7120000,1779283034.987342
approach4_mm2_run2,7121000,1779283035.047535
approach4_mm2_run2,7122000,1779283035.048998
approach4_mm2_run2,7123000,1779283035.050476
approach4_mm2_run2,7124000,1779283035.051930
approach4_mm2_run2,7125000,1779283035.053393
approach4_mm2_run2,7126000,1779283035.129543
approach4_mm2_run2,7127000,1779283035.131029
approach4_mm2_run2,7128000,1779283035.132505
approach4_mm2_run2,7129000,1779283035.133981
approach4_mm2_run2,7130000,1779283035.135516
approach4_mm2_run2,7131000,1779283035.137010
approach4_mm2_run2,7132000,1779283035.205000
approach4_mm2_run2,7133000,1779283035.206469
approach4_mm2_run2,7134000,1779283035.207923
approach4_mm2_run2,7135000,1779283035.209378
approach4_mm2_run2,7136000,1779283035.210862
approach4_mm2_run2,7137000,1779283035.223630
approach4_mm2_run2,7138000,1779283035.225110
approach4_mm2_run2,7139000,1779283035.226575
approach4_mm2_run2,7140000,1779283035.228036
approach4_mm2_run2,7141000,1779283035.229510
approach4_mm2_run2,7142000,1779283035.296693
approach4_mm2_run2,7143000,1779283035.298152
approach4_mm2_run2,7144000,1779283035.299625
approach4_mm2_run2,7145000,1779283035.301088
approach4_mm2_run2,7146000,1779283035.302565
approach4_mm2_run2,7147000,1779283035.334037
approach4_mm2_run2,7148000,1779283035.335533
approach4_mm2_run2,7149000,1779283035.336999
approach4_mm2_run2,7150000,1779283035.338470
approach4_mm2_run2,7151000,1779283035.339941
approach4_mm2_run2,7152000,1779283035.341418
approach4_mm2_run2,7153000,1779283035.391017
approach4_mm2_run2,7154000,1779283035.392480
approach4_mm2_run2,7155000,1779283035.393940
approach4_mm2_run2,7156000,1779283035.395434
approach4_mm2_run2,7157000,1779283035.396923
approach4_mm2_run2,7158000,1779283035.776308
approach4_mm2_run2,7159000,1779283035.777773
approach4_mm2_run2,7160000,1779283035.779252
approach4_mm2_run2,7161000,1779283035.780717
approach4_mm2_run2,7162000,1779283035.782177
approach4_mm2_run2,7163000,1779283035.862213
approach4_mm2_run2,7164000,1779283035.863685
approach4_mm2_run2,7165000,1779283035.865179
approach4_mm2_run2,7166000,1779283035.866658
approach4_mm2_run2,7167000,1779283035.868142
approach4_mm2_run2,7168000,1779283035.869631
approach4_mm2_run2,7169000,1779283035.951581
approach4_mm2_run2,7170000,1779283035.953054
approach4_mm2_run2,7171000,1779283035.954523
approach4_mm2_run2,7172000,1779283035.956022
approach4_mm2_run2,7173000,1779283035.957503
approach4_mm2_run2,7174000,1779283036.027770
approach4_mm2_run2,7175000,1779283036.029227
approach4_mm2_run2,7176000,1779283036.030693
approach4_mm2_run2,7177000,1779283036.032146
approach4_mm2_run2,7178000,1779283036.033626
approach4_mm2_run2,7179000,1779283036.038972
approach4_mm2_run2,7180000,1779283036.040439
approach4_mm2_run2,7181000,1779283036.041908
approach4_mm2_run2,7182000,1779283036.043381
approach4_mm2_run2,7183000,1779283036.044871
approach4_mm2_run2,7184000,1779283036.066053
approach4_mm2_run2,7185000,1779283036.067606
approach4_mm2_run2,7186000,1779283036.069992
approach4_mm2_run2,7187000,1779283036.071565
approach4_mm2_run2,7188000,1779283036.073035
approach4_mm2_run2,7189000,1779283036.074513
approach4_mm2_run2,7190000,1779283036.076000
approach4_mm2_run2,7191000,1779283036.077460
approach4_mm2_run2,7192000,1779283036.078952
approach4_mm2_run2,7193000,1779283036.080416
approach4_mm2_run2,7194000,1779283036.081894
approach4_mm2_run2,7195000,1779283036.134714
approach4_mm2_run2,7196000,1779283036.136208
approach4_mm2_run2,7197000,1779283036.137673
approach4_mm2_run2,7198000,1779283036.139146
approach4_mm2_run2,7199000,1779283036.140658
approach4_mm2_run2,7200000,1779283036.503633
approach4_mm2_run2,7201000,1779283036.505121
approach4_mm2_run2,7202000,1779283036.506603
approach4_mm2_run2,7203000,1779283036.508064
approach4_mm2_run2,7204000,1779283036.509530
approach4_mm2_run2,7205000,1779283036.511012
approach4_mm2_run2,7206000,1779283036.595819
approach4_mm2_run2,7207000,1779283036.597291
approach4_mm2_run2,7208000,1779283036.598764
approach4_mm2_run2,7209000,1779283036.600239
approach4_mm2_run2,7210000,1779283036.601726
approach4_mm2_run2,7211000,1779283036.679478
approach4_mm2_run2,7212000,1779283036.680965
approach4_mm2_run2,7213000,1779283036.682470
approach4_mm2_run2,7214000,1779283036.683958
approach4_mm2_run2,7215000,1779283036.685510
approach4_mm2_run2,7216000,1779283036.756031
approach4_mm2_run2,7217000,1779283036.757518
approach4_mm2_run2,7218000,1779283036.758997
approach4_mm2_run2,7219000,1779283036.760509
approach4_mm2_run2,7220000,1779283036.761997
approach4_mm2_run2,7221000,1779283036.800766
approach4_mm2_run2,7222000,1779283036.802231
approach4_mm2_run2,7223000,1779283036.803735
approach4_mm2_run2,7224000,1779283036.805267
approach4_mm2_run2,7225000,1779283036.806787
approach4_mm2_run2,7226000,1779283036.808280
approach4_mm2_run2,7227000,1779283036.814843
approach4_mm2_run2,7228000,1779283036.816348
approach4_mm2_run2,7229000,1779283036.817833
approach4_mm2_run2,7230000,1779283036.819311
approach4_mm2_run2,7231000,1779283036.820807
approach4_mm2_run2,7232000,1779283036.875482
approach4_mm2_run2,7233000,1779283036.877268
approach4_mm2_run2,7234000,1779283036.879511
approach4_mm2_run2,7235000,1779283036.881001
approach4_mm2_run2,7236000,1779283036.882486
approach4_mm2_run2,7237000,1779283036.883980
approach4_mm2_run2,7238000,1779283036.885503
approach4_mm2_run2,7239000,1779283036.886976
approach4_mm2_run2,7240000,1779283036.888438
approach4_mm2_run2,7241000,1779283036.889980
approach4_mm2_run2,7242000,1779283037.231518
approach4_mm2_run2,7243000,1779283037.233011
approach4_mm2_run2,7244000,1779283037.234503
approach4_mm2_run2,7245000,1779283037.236018
approach4_mm2_run2,7246000,1779283037.237520
approach4_mm2_run2,7247000,1779283037.239033
approach4_mm2_run2,7248000,1779283037.328141
approach4_mm2_run2,7249000,1779283037.329648
approach4_mm2_run2,7250000,1779283037.331156
approach4_mm2_run2,7251000,1779283037.332646
approach4_mm2_run2,7252000,1779283037.334151
approach4_mm2_run2,7253000,1779283037.406860
approach4_mm2_run2,7254000,1779283037.408360
approach4_mm2_run2,7255000,1779283037.409845
approach4_mm2_run2,7256000,1779283037.411341
approach4_mm2_run2,7257000,1779283037.412826
approach4_mm2_run2,7258000,1779283037.484454
approach4_mm2_run2,7259000,1779283037.485943
approach4_mm2_run2,7260000,1779283037.487480
approach4_mm2_run2,7261000,1779283037.488957
approach4_mm2_run2,7262000,1779283037.490456
approach4_mm2_run2,7263000,1779283037.491977
approach4_mm2_run2,7264000,1779283037.532959
approach4_mm2_run2,7265000,1779283037.534470
approach4_mm2_run2,7266000,1779283037.536001
approach4_mm2_run2,7267000,1779283037.537470
approach4_mm2_run2,7268000,1779283037.538985
approach4_mm2_run2,7269000,1779283037.557315
approach4_mm2_run2,7270000,1779283037.558800
approach4_mm2_run2,7271000,1779283037.560277
approach4_mm2_run2,7272000,1779283037.561753
approach4_mm2_run2,7273000,1779283037.563256
approach4_mm2_run2,7274000,1779283037.620038
approach4_mm2_run2,7275000,1779283037.621533
approach4_mm2_run2,7276000,1779283037.623046
approach4_mm2_run2,7277000,1779283037.624514
approach4_mm2_run2,7278000,1779283037.626077
approach4_mm2_run2,7279000,1779283037.712634
approach4_mm2_run2,7280000,1779283037.714112
approach4_mm2_run2,7281000,1779283037.715657
approach4_mm2_run2,7282000,1779283037.717124
approach4_mm2_run2,7283000,1779283037.718612
approach4_mm2_run2,7284000,1779283037.720107
approach4_mm2_run2,7285000,1779283037.962307
approach4_mm2_run2,7286000,1779283037.963774
approach4_mm2_run2,7287000,1779283037.965257
approach4_mm2_run2,7288000,1779283037.966719
approach4_mm2_run2,7289000,1779283037.968184
approach4_mm2_run2,7290000,1779283038.061259
approach4_mm2_run2,7291000,1779283038.062732
approach4_mm2_run2,7292000,1779283038.064193
approach4_mm2_run2,7293000,1779283038.065688
approach4_mm2_run2,7294000,1779283038.067173
approach4_mm2_run2,7295000,1779283038.133808
approach4_mm2_run2,7296000,1779283038.135307
approach4_mm2_run2,7297000,1779283038.136763
approach4_mm2_run2,7298000,1779283038.138222
approach4_mm2_run2,7299000,1779283038.139695
approach4_mm2_run2,7300000,1779283038.141168
approach4_mm2_run2,7301000,1779283038.213894
approach4_mm2_run2,7302000,1779283038.215393
approach4_mm2_run2,7303000,1779283038.216848
approach4_mm2_run2,7304000,1779283038.218313
approach4_mm2_run2,7305000,1779283038.219793
approach4_mm2_run2,7306000,1779283038.264396
approach4_mm2_run2,7307000,1779283038.265892
approach4_mm2_run2,7308000,1779283038.267373
approach4_mm2_run2,7309000,1779283038.268842
approach4_mm2_run2,7310000,1779283038.270333
approach4_mm2_run2,7311000,1779283038.300285
approach4_mm2_run2,7312000,1779283038.301741
approach4_mm2_run2,7313000,1779283038.303209
approach4_mm2_run2,7314000,1779283038.304668
approach4_mm2_run2,7315000,1779283038.306166
approach4_mm2_run2,7316000,1779283038.364092
approach4_mm2_run2,7317000,1779283038.365622
approach4_mm2_run2,7318000,1779283038.367134
approach4_mm2_run2,7319000,1779283038.368596
approach4_mm2_run2,7320000,1779283038.370075
approach4_mm2_run2,7321000,1779283038.371593
approach4_mm2_run2,7322000,1779283038.545774
approach4_mm2_run2,7323000,1779283038.547263
approach4_mm2_run2,7324000,1779283038.548727
approach4_mm2_run2,7325000,1779283038.550211
approach4_mm2_run2,7326000,1779283038.551697
approach4_mm2_run2,7327000,1779283038.691238
approach4_mm2_run2,7328000,1779283038.692702
approach4_mm2_run2,7329000,1779283038.694180
approach4_mm2_run2,7330000,1779283038.695716
approach4_mm2_run2,7331000,1779283038.697175
approach4_mm2_run2,7332000,1779283038.793732
approach4_mm2_run2,7333000,1779283038.795255
approach4_mm2_run2,7334000,1779283038.796718
approach4_mm2_run2,7335000,1779283038.798202
approach4_mm2_run2,7336000,1779283038.799692
approach4_mm2_run2,7337000,1779283038.801182
approach4_mm2_run2,7338000,1779283038.862130
approach4_mm2_run2,7339000,1779283038.863617
approach4_mm2_run2,7340000,1779283038.865129
approach4_mm2_run2,7341000,1779283038.866660
approach4_mm2_run2,7342000,1779283038.868151
approach4_mm2_run2,7343000,1779283038.942598
approach4_mm2_run2,7344000,1779283038.944094
approach4_mm2_run2,7345000,1779283038.945620
approach4_mm2_run2,7346000,1779283038.947144
approach4_mm2_run2,7347000,1779283038.948617
approach4_mm2_run2,7348000,1779283039.047046
approach4_mm2_run2,7349000,1779283039.048535
approach4_mm2_run2,7350000,1779283039.050024
approach4_mm2_run2,7351000,1779283039.051535
approach4_mm2_run2,7352000,1779283039.053005
approach4_mm2_run2,7353000,1779283039.106158
approach4_mm2_run2,7354000,1779283039.107644
approach4_mm2_run2,7355000,1779283039.109122
approach4_mm2_run2,7356000,1779283039.110602
approach4_mm2_run2,7357000,1779283039.112073
approach4_mm2_run2,7358000,1779283039.113565
approach4_mm2_run2,7359000,1779283039.355624
approach4_mm2_run2,7360000,1779283039.357110
approach4_mm2_run2,7361000,1779283039.358604
approach4_mm2_run2,7362000,1779283039.360102
approach4_mm2_run2,7363000,1779283039.361595
approach4_mm2_run2,7364000,1779283039.383821
approach4_mm2_run2,7365000,1779283039.385344
approach4_mm2_run2,7366000,1779283039.386845
approach4_mm2_run2,7367000,1779283039.388310
approach4_mm2_run2,7368000,1779283039.389796
approach4_mm2_run2,7369000,1779283039.419380
approach4_mm2_run2,7370000,1779283039.420866
approach4_mm2_run2,7371000,1779283039.422347
approach4_mm2_run2,7372000,1779283039.423822
approach4_mm2_run2,7373000,1779283039.425352
approach4_mm2_run2,7374000,1779283039.526023
approach4_mm2_run2,7375000,1779283039.527517
approach4_mm2_run2,7376000,1779283039.529023
approach4_mm2_run2,7377000,1779283039.530541
approach4_mm2_run2,7378000,1779283039.532027
approach4_mm2_run2,7379000,1779283039.533520
approach4_mm2_run2,7380000,1779283039.589334
approach4_mm2_run2,7381000,1779283039.590838
approach4_mm2_run2,7382000,1779283039.592317
approach4_mm2_run2,7383000,1779283039.593802
approach4_mm2_run2,7384000,1779283039.595348
approach4_mm2_run2,7385000,1779283039.670313
approach4_mm2_run2,7386000,1779283039.671795
approach4_mm2_run2,7387000,1779283039.673275
approach4_mm2_run2,7388000,1779283039.674795
approach4_mm2_run2,7389000,1779283039.676322
approach4_mm2_run2,7390000,1779283039.790029
approach4_mm2_run2,7391000,1779283039.791524
approach4_mm2_run2,7392000,1779283039.793016
approach4_mm2_run2,7393000,1779283039.794490
approach4_mm2_run2,7394000,1779283039.796029
approach4_mm2_run2,7395000,1779283039.797518
approach4_mm2_run2,7396000,1779283039.850313
approach4_mm2_run2,7397000,1779283039.851784
approach4_mm2_run2,7398000,1779283039.853268
approach4_mm2_run2,7399000,1779283039.854771
approach4_mm2_run2,7400000,1779283039.856294
approach4_mm2_run2,7401000,1779283040.087511
approach4_mm2_run2,7402000,1779283040.089019
approach4_mm2_run2,7403000,1779283040.090523
approach4_mm2_run2,7404000,1779283040.092031
approach4_mm2_run2,7405000,1779283040.093539
approach4_mm2_run2,7406000,1779283040.149395
approach4_mm2_run2,7407000,1779283040.150881
approach4_mm2_run2,7408000,1779283040.152364
approach4_mm2_run2,7409000,1779283040.153844
approach4_mm2_run2,7410000,1779283040.155387
approach4_mm2_run2,7411000,1779283040.219473
approach4_mm2_run2,7412000,1779283040.220943
approach4_mm2_run2,7413000,1779283040.222415
approach4_mm2_run2,7414000,1779283040.223884
approach4_mm2_run2,7415000,1779283040.225388
approach4_mm2_run2,7416000,1779283040.226878
approach4_mm2_run2,7417000,1779283040.260216
approach4_mm2_run2,7418000,1779283040.261690
approach4_mm2_run2,7419000,1779283040.263175
approach4_mm2_run2,7420000,1779283040.264649
approach4_mm2_run2,7421000,1779283040.266161
approach4_mm2_run2,7422000,1779283040.316752
approach4_mm2_run2,7423000,1779283040.318213
approach4_mm2_run2,7424000,1779283040.319677
approach4_mm2_run2,7425000,1779283040.321135
approach4_mm2_run2,7426000,1779283040.322609
approach4_mm2_run2,7427000,1779283040.398192
approach4_mm2_run2,7428000,1779283040.399668
approach4_mm2_run2,7429000,1779283040.401117
approach4_mm2_run2,7430000,1779283040.402592
approach4_mm2_run2,7431000,1779283040.404062
approach4_mm2_run2,7432000,1779283040.405566
approach4_mm2_run2,7433000,1779283040.537271
approach4_mm2_run2,7434000,1779283040.538754
approach4_mm2_run2,7435000,1779283040.540229
approach4_mm2_run2,7436000,1779283040.541692
approach4_mm2_run2,7437000,1779283040.543182
approach4_mm2_run2,7438000,1779283040.591451
approach4_mm2_run2,7439000,1779283040.592914
approach4_mm2_run2,7440000,1779283040.594389
approach4_mm2_run2,7441000,1779283040.595892
approach4_mm2_run2,7442000,1779283040.597375
approach4_mm2_run2,7443000,1779283040.820099
approach4_mm2_run2,7444000,1779283040.821579
approach4_mm2_run2,7445000,1779283040.823056
approach4_mm2_run2,7446000,1779283040.824532
approach4_mm2_run2,7447000,1779283040.826047
approach4_mm2_run2,7448000,1779283040.878424
approach4_mm2_run2,7449000,1779283040.879891
approach4_mm2_run2,7450000,1779283040.881339
approach4_mm2_run2,7451000,1779283040.882827
approach4_mm2_run2,7452000,1779283040.884298
approach4_mm2_run2,7453000,1779283040.885798
approach4_mm2_run2,7454000,1779283040.992643
approach4_mm2_run2,7455000,1779283040.994119
approach4_mm2_run2,7456000,1779283040.995628
approach4_mm2_run2,7457000,1779283040.997093
approach4_mm2_run2,7458000,1779283040.998590
approach4_mm2_run2,7459000,1779283041.127693
approach4_mm2_run2,7460000,1779283041.129152
approach4_mm2_run2,7461000,1779283041.130629
approach4_mm2_run2,7462000,1779283041.132098
approach4_mm2_run2,7463000,1779283041.133571
approach4_mm2_run2,7464000,1779283041.279469
approach4_mm2_run2,7465000,1779283041.280941
approach4_mm2_run2,7466000,1779283041.282398
approach4_mm2_run2,7467000,1779283041.283873
approach4_mm2_run2,7468000,1779283041.285378
approach4_mm2_run2,7469000,1779283041.336297
approach4_mm2_run2,7470000,1779283041.337757
approach4_mm2_run2,7471000,1779283041.339237
approach4_mm2_run2,7472000,1779283041.340677
approach4_mm2_run2,7473000,1779283041.342136
approach4_mm2_run2,7474000,1779283041.343622
approach4_mm2_run2,7475000,1779283041.383739
approach4_mm2_run2,7476000,1779283041.385232
approach4_mm2_run2,7477000,1779283041.386717
approach4_mm2_run2,7478000,1779283041.388181
approach4_mm2_run2,7479000,1779283041.389643
approach4_mm2_run2,7480000,1779283041.397046
approach4_mm2_run2,7481000,1779283041.398505
approach4_mm2_run2,7482000,1779283041.399944
approach4_mm2_run2,7483000,1779283041.401400
approach4_mm2_run2,7484000,1779283041.402874
approach4_mm2_run2,7485000,1779283041.552503
approach4_mm2_run2,7486000,1779283041.553951
approach4_mm2_run2,7487000,1779283041.555466
approach4_mm2_run2,7488000,1779283041.556932
approach4_mm2_run2,7489000,1779283041.558409
approach4_mm2_run2,7490000,1779283041.559876
approach4_mm2_run2,7491000,1779283041.608897
approach4_mm2_run2,7492000,1779283041.610348
approach4_mm2_run2,7493000,1779283041.611808
approach4_mm2_run2,7494000,1779283041.613271
approach4_mm2_run2,7495000,1779283041.614751
approach4_mm2_run2,7496000,1779283041.726845
approach4_mm2_run2,7497000,1779283041.728312
approach4_mm2_run2,7498000,1779283041.729764
approach4_mm2_run2,7499000,1779283041.731248
approach4_mm2_run2,7500000,1779283041.732725
approach4_mm2_run2,7501000,1779283041.855594
approach4_mm2_run2,7502000,1779283041.857057
approach4_mm2_run2,7503000,1779283041.858529
approach4_mm2_run2,7504000,1779283041.859997
approach4_mm2_run2,7505000,1779283041.861473
approach4_mm2_run2,7506000,1779283042.024367
approach4_mm2_run2,7507000,1779283042.025865
approach4_mm2_run2,7508000,1779283042.027338
approach4_mm2_run2,7509000,1779283042.028802
approach4_mm2_run2,7510000,1779283042.030273
approach4_mm2_run2,7511000,1779283042.031753
approach4_mm2_run2,7512000,1779283042.081155
approach4_mm2_run2,7513000,1779283042.082626
approach4_mm2_run2,7514000,1779283042.084106
approach4_mm2_run2,7515000,1779283042.085598
approach4_mm2_run2,7516000,1779283042.087092
approach4_mm2_run2,7517000,1779283042.110799
approach4_mm2_run2,7518000,1779283042.112242
approach4_mm2_run2,7519000,1779283042.113706
approach4_mm2_run2,7520000,1779283042.115206
approach4_mm2_run2,7521000,1779283042.116663
approach4_mm2_run2,7522000,1779283042.241654
approach4_mm2_run2,7523000,1779283042.243122
approach4_mm2_run2,7524000,1779283042.244579
approach4_mm2_run2,7525000,1779283042.246068
approach4_mm2_run2,7526000,1779283042.247536
approach4_mm2_run2,7527000,1779283042.249029
approach4_mm2_run2,7528000,1779283042.286196
approach4_mm2_run2,7529000,1779283042.287670
approach4_mm2_run2,7530000,1779283042.289148
approach4_mm2_run2,7531000,1779283042.290617
approach4_mm2_run2,7532000,1779283042.292092
approach4_mm2_run2,7533000,1779283042.459200
approach4_mm2_run2,7534000,1779283042.460660
approach4_mm2_run2,7535000,1779283042.462124
approach4_mm2_run2,7536000,1779283042.463603
approach4_mm2_run2,7537000,1779283042.465112
approach4_mm2_run2,7538000,1779283042.583853
approach4_mm2_run2,7539000,1779283042.585353
approach4_mm2_run2,7540000,1779283042.586835
approach4_mm2_run2,7541000,1779283042.588308
approach4_mm2_run2,7542000,1779283042.589785
approach4_mm2_run2,7543000,1779283042.682074
approach4_mm2_run2,7544000,1779283042.683534
approach4_mm2_run2,7545000,1779283042.685011
approach4_mm2_run2,7546000,1779283042.686480
approach4_mm2_run2,7547000,1779283042.687945
approach4_mm2_run2,7548000,1779283042.689408
approach4_mm2_run2,7549000,1779283042.768781
approach4_mm2_run2,7550000,1779283042.770250
approach4_mm2_run2,7551000,1779283042.771723
approach4_mm2_run2,7552000,1779283042.773184
approach4_mm2_run2,7553000,1779283042.774647
approach4_mm2_run2,7554000,1779283042.823405
approach4_mm2_run2,7555000,1779283042.824879
approach4_mm2_run2,7556000,1779283042.826342
approach4_mm2_run2,7557000,1779283042.827810
approach4_mm2_run2,7558000,1779283042.829285
approach4_mm2_run2,7559000,1779283042.836883
approach4_mm2_run2,7560000,1779283042.838353
approach4_mm2_run2,7561000,1779283042.839812
approach4_mm2_run2,7562000,1779283042.841271
approach4_mm2_run2,7563000,1779283042.842755
approach4_mm2_run2,7564000,1779283043.017622
approach4_mm2_run2,7565000,1779283043.019085
approach4_mm2_run2,7566000,1779283043.020552
approach4_mm2_run2,7567000,1779283043.022018
approach4_mm2_run2,7568000,1779283043.023481
approach4_mm2_run2,7569000,1779283043.024982
approach4_mm2_run2,7570000,1779283043.087795
approach4_mm2_run2,7571000,1779283043.089257
approach4_mm2_run2,7572000,1779283043.090734
approach4_mm2_run2,7573000,1779283043.092188
approach4_mm2_run2,7574000,1779283043.093664
approach4_mm2_run2,7575000,1779283043.191992
approach4_mm2_run2,7576000,1779283043.193449
approach4_mm2_run2,7577000,1779283043.194970
approach4_mm2_run2,7578000,1779283043.196464
approach4_mm2_run2,7579000,1779283043.197933
approach4_mm2_run2,7580000,1779283043.311739
approach4_mm2_run2,7581000,1779283043.313195
approach4_mm2_run2,7582000,1779283043.314683
approach4_mm2_run2,7583000,1779283043.316173
approach4_mm2_run2,7584000,1779283043.317664
approach4_mm2_run2,7585000,1779283043.319156
approach4_mm2_run2,7586000,1779283043.415508
approach4_mm2_run2,7587000,1779283043.416967
approach4_mm2_run2,7588000,1779283043.418429
approach4_mm2_run2,7589000,1779283043.419882
approach4_mm2_run2,7590000,1779283043.421354
approach4_mm2_run2,7591000,1779283043.510416
approach4_mm2_run2,7592000,1779283043.511879
approach4_mm2_run2,7593000,1779283043.513344
approach4_mm2_run2,7594000,1779283043.514843
approach4_mm2_run2,7595000,1779283043.516310
approach4_mm2_run2,7596000,1779283043.564619
approach4_mm2_run2,7597000,1779283043.566208
approach4_mm2_run2,7598000,1779283043.568638
approach4_mm2_run2,7599000,1779283043.570107
approach4_mm2_run2,7600000,1779283043.571577
approach4_mm2_run2,7601000,1779283043.573042
approach4_mm2_run2,7602000,1779283043.574515
approach4_mm2_run2,7603000,1779283043.575995
approach4_mm2_run2,7604000,1779283043.577461
approach4_mm2_run2,7605000,1779283043.578949
approach4_mm2_run2,7606000,1779283043.580432
approach4_mm2_run2,7607000,1779283043.751397
approach4_mm2_run2,7608000,1779283043.752856
approach4_mm2_run2,7609000,1779283043.754336
approach4_mm2_run2,7610000,1779283043.755833
approach4_mm2_run2,7611000,1779283043.757307
approach4_mm2_run2,7612000,1779283043.925711
approach4_mm2_run2,7613000,1779283043.927245
approach4_mm2_run2,7614000,1779283043.929514
approach4_mm2_run2,7615000,1779283043.931211
approach4_mm2_run2,7616000,1779283043.932700
approach4_mm2_run2,7617000,1779283043.934154
approach4_mm2_run2,7618000,1779283043.935666
approach4_mm2_run2,7619000,1779283043.937135
approach4_mm2_run2,7620000,1779283043.938614
approach4_mm2_run2,7621000,1779283043.940061
approach4_mm2_run2,7622000,1779283043.941561
approach4_mm2_run2,7623000,1779283044.042263
approach4_mm2_run2,7624000,1779283044.043756
approach4_mm2_run2,7625000,1779283044.045268
approach4_mm2_run2,7626000,1779283044.046749
approach4_mm2_run2,7627000,1779283044.048236
approach4_mm2_run2,7628000,1779283044.143875
approach4_mm2_run2,7629000,1779283044.145365
approach4_mm2_run2,7630000,1779283044.146831
approach4_mm2_run2,7631000,1779283044.148293
approach4_mm2_run2,7632000,1779283044.149781
approach4_mm2_run2,7633000,1779283044.253672
approach4_mm2_run2,7634000,1779283044.255164
approach4_mm2_run2,7635000,1779283044.256626
approach4_mm2_run2,7636000,1779283044.258084
approach4_mm2_run2,7637000,1779283044.259561
approach4_mm2_run2,7638000,1779283044.292608
approach4_mm2_run2,7639000,1779283044.294069
approach4_mm2_run2,7640000,1779283044.295576
approach4_mm2_run2,7641000,1779283044.297026
approach4_mm2_run2,7642000,1779283044.298520
approach4_mm2_run2,7643000,1779283044.299985
approach4_mm2_run2,7644000,1779283044.312340
approach4_mm2_run2,7645000,1779283044.313796
approach4_mm2_run2,7646000,1779283044.315285
approach4_mm2_run2,7647000,1779283044.316761
approach4_mm2_run2,7648000,1779283044.318256
approach4_mm2_run2,7649000,1779283044.483438
approach4_mm2_run2,7650000,1779283044.484930
approach4_mm2_run2,7651000,1779283044.486401
approach4_mm2_run2,7652000,1779283044.487877
approach4_mm2_run2,7653000,1779283044.489360
approach4_mm2_run2,7654000,1779283044.656497
approach4_mm2_run2,7655000,1779283044.657967
approach4_mm2_run2,7656000,1779283044.659463
approach4_mm2_run2,7657000,1779283044.660932
approach4_mm2_run2,7658000,1779283044.662415
approach4_mm2_run2,7659000,1779283044.663895
approach4_mm2_run2,7660000,1779283044.759993
approach4_mm2_run2,7661000,1779283044.761454
approach4_mm2_run2,7662000,1779283044.762927
approach4_mm2_run2,7663000,1779283044.764392
approach4_mm2_run2,7664000,1779283044.765888
approach4_mm2_run2,7665000,1779283044.772585
approach4_mm2_run2,7666000,1779283044.774052
approach4_mm2_run2,7667000,1779283044.775546
approach4_mm2_run2,7668000,1779283044.777014
approach4_mm2_run2,7669000,1779283044.778518
approach4_mm2_run2,7670000,1779283044.871995
approach4_mm2_run2,7671000,1779283044.873448
approach4_mm2_run2,7672000,1779283044.874952
approach4_mm2_run2,7673000,1779283044.876417
approach4_mm2_run2,7674000,1779283044.877872
approach4_mm2_run2,7675000,1779283045.002484
approach4_mm2_run2,7676000,1779283045.003946
approach4_mm2_run2,7677000,1779283045.005447
approach4_mm2_run2,7678000,1779283045.006923
approach4_mm2_run2,7679000,1779283045.008370
approach4_mm2_run2,7680000,1779283045.009844
approach4_mm2_run2,7681000,1779283045.020480
approach4_mm2_run2,7682000,1779283045.021942
approach4_mm2_run2,7683000,1779283045.023414
approach4_mm2_run2,7684000,1779283045.024886
approach4_mm2_run2,7685000,1779283045.026373
approach4_mm2_run2,7686000,1779283045.052914
approach4_mm2_run2,7687000,1779283045.054386
approach4_mm2_run2,7688000,1779283045.055866
approach4_mm2_run2,7689000,1779283045.057315
approach4_mm2_run2,7690000,1779283045.058790
approach4_mm2_run2,7691000,1779283045.218074
approach4_mm2_run2,7692000,1779283045.219534
approach4_mm2_run2,7693000,1779283045.220998
approach4_mm2_run2,7694000,1779283045.222481
approach4_mm2_run2,7695000,1779283045.223938
approach4_mm2_run2,7696000,1779283045.388498
approach4_mm2_run2,7697000,1779283045.389956
approach4_mm2_run2,7698000,1779283045.391422
approach4_mm2_run2,7699000,1779283045.392897
approach4_mm2_run2,7700000,1779283045.394376
approach4_mm2_run2,7701000,1779283045.395886
approach4_mm2_run2,7702000,1779283045.501121
approach4_mm2_run2,7703000,1779283045.502616
approach4_mm2_run2,7704000,1779283045.504070
approach4_mm2_run2,7705000,1779283045.505558
approach4_mm2_run2,7706000,1779283045.507032
approach4_mm2_run2,7707000,1779283045.594873
approach4_mm2_run2,7708000,1779283045.596315
approach4_mm2_run2,7709000,1779283045.597817
approach4_mm2_run2,7710000,1779283045.599575
approach4_mm2_run2,7711000,1779283045.601754
approach4_mm2_run2,7712000,1779283045.603224
approach4_mm2_run2,7713000,1779283045.604679
approach4_mm2_run2,7714000,1779283045.606156
approach4_mm2_run2,7715000,1779283045.607616
approach4_mm2_run2,7716000,1779283045.609074
approach4_mm2_run2,7717000,1779283045.610547
approach4_mm2_run2,7718000,1779283045.745156
approach4_mm2_run2,7719000,1779283045.747425
approach4_mm2_run2,7720000,1779283045.749119
approach4_mm2_run2,7721000,1779283045.750609
approach4_mm2_run2,7722000,1779283045.752085
approach4_mm2_run2,7723000,1779283045.753552
approach4_mm2_run2,7724000,1779283045.755066
approach4_mm2_run2,7725000,1779283045.756554
approach4_mm2_run2,7726000,1779283045.758040
approach4_mm2_run2,7727000,1779283045.759536
approach4_mm2_run2,7728000,1779283045.792145
approach4_mm2_run2,7729000,1779283045.793608
approach4_mm2_run2,7730000,1779283045.795109
approach4_mm2_run2,7731000,1779283045.796570
approach4_mm2_run2,7732000,1779283045.798030
approach4_mm2_run2,7733000,1779283045.950262
approach4_mm2_run2,7734000,1779283045.951730
approach4_mm2_run2,7735000,1779283045.953179
approach4_mm2_run2,7736000,1779283045.954646
approach4_mm2_run2,7737000,1779283045.956157
approach4_mm2_run2,7738000,1779283045.957629
approach4_mm2_run2,7739000,1779283046.121574
approach4_mm2_run2,7740000,1779283046.123046
approach4_mm2_run2,7741000,1779283046.124515
approach4_mm2_run2,7742000,1779283046.126007
approach4_mm2_run2,7743000,1779283046.127501
approach4_mm2_run2,7744000,1779283046.228897
approach4_mm2_run2,7745000,1779283046.230376
approach4_mm2_run2,7746000,1779283046.231838
approach4_mm2_run2,7747000,1779283046.233300
approach4_mm2_run2,7748000,1779283046.234789
approach4_mm2_run2,7749000,1779283046.329297
approach4_mm2_run2,7750000,1779283046.330754
approach4_mm2_run2,7751000,1779283046.332211
approach4_mm2_run2,7752000,1779283046.333677
approach4_mm2_run2,7753000,1779283046.335181
approach4_mm2_run2,7754000,1779283046.336654
approach4_mm2_run2,7755000,1779283046.431102
approach4_mm2_run2,7756000,1779283046.432558
approach4_mm2_run2,7757000,1779283046.434025
approach4_mm2_run2,7758000,1779283046.435529
approach4_mm2_run2,7759000,1779283046.436996
approach4_mm2_run2,7760000,1779283046.473737
approach4_mm2_run2,7761000,1779283046.475224
approach4_mm2_run2,7762000,1779283046.476676
approach4_mm2_run2,7763000,1779283046.478137
approach4_mm2_run2,7764000,1779283046.479611
approach4_mm2_run2,7765000,1779283046.488944
approach4_mm2_run2,7766000,1779283046.490415
approach4_mm2_run2,7767000,1779283046.491873
approach4_mm2_run2,7768000,1779283046.493335
approach4_mm2_run2,7769000,1779283046.494806
approach4_mm2_run2,7770000,1779283046.535824
approach4_mm2_run2,7771000,1779283046.537291
approach4_mm2_run2,7772000,1779283046.538755
approach4_mm2_run2,7773000,1779283046.540210
approach4_mm2_run2,7774000,1779283046.541672
approach4_mm2_run2,7775000,1779283046.543163
approach4_mm2_run2,7776000,1779283046.684387
approach4_mm2_run2,7777000,1779283046.685894
approach4_mm2_run2,7778000,1779283046.687377
approach4_mm2_run2,7779000,1779283046.688834
approach4_mm2_run2,7780000,1779283046.690320
approach4_mm2_run2,7781000,1779283046.853457
approach4_mm2_run2,7782000,1779283046.854964
approach4_mm2_run2,7783000,1779283046.856420
approach4_mm2_run2,7784000,1779283046.857891
approach4_mm2_run2,7785000,1779283046.859377
approach4_mm2_run2,7786000,1779283046.956197
approach4_mm2_run2,7787000,1779283046.957665
approach4_mm2_run2,7788000,1779283046.959144
approach4_mm2_run2,7789000,1779283046.960620
approach4_mm2_run2,7790000,1779283046.962090
approach4_mm2_run2,7791000,1779283047.057934
approach4_mm2_run2,7792000,1779283047.059394
approach4_mm2_run2,7793000,1779283047.060858
approach4_mm2_run2,7794000,1779283047.062338
approach4_mm2_run2,7795000,1779283047.063795
approach4_mm2_run2,7796000,1779283047.065309
approach4_mm2_run2,7797000,1779283047.200983
approach4_mm2_run2,7798000,1779283047.202473
approach4_mm2_run2,7799000,1779283047.203910
approach4_mm2_run2,7800000,1779283047.205400
approach4_mm2_run2,7801000,1779283047.206897
approach4_mm2_run2,7802000,1779283047.232436
approach4_mm2_run2,7803000,1779283047.233896
approach4_mm2_run2,7804000,1779283047.235382
approach4_mm2_run2,7805000,1779283047.236840
approach4_mm2_run2,7806000,1779283047.238311
approach4_mm2_run2,7807000,1779283047.267591
approach4_mm2_run2,7808000,1779283047.269038
approach4_mm2_run2,7809000,1779283047.270507
approach4_mm2_run2,7810000,1779283047.271976
approach4_mm2_run2,7811000,1779283047.273446
approach4_mm2_run2,7812000,1779283047.274941
approach4_mm2_run2,7813000,1779283047.283014
approach4_mm2_run2,7814000,1779283047.284495
approach4_mm2_run2,7815000,1779283047.286013
approach4_mm2_run2,7816000,1779283047.287499
approach4_mm2_run2,7817000,1779283047.289000
approach4_mm2_run2,7818000,1779283047.419118
approach4_mm2_run2,7819000,1779283047.420602
approach4_mm2_run2,7820000,1779283047.422081
approach4_mm2_run2,7821000,1779283047.423558
approach4_mm2_run2,7822000,1779283047.425090
approach4_mm2_run2,7823000,1779283047.586103
approach4_mm2_run2,7824000,1779283047.587586
approach4_mm2_run2,7825000,1779283047.589073
approach4_mm2_run2,7826000,1779283047.590566
approach4_mm2_run2,7827000,1779283047.592047
approach4_mm2_run2,7828000,1779283047.683294
approach4_mm2_run2,7829000,1779283047.684783
approach4_mm2_run2,7830000,1779283047.686325
approach4_mm2_run2,7831000,1779283047.687834
approach4_mm2_run2,7832000,1779283047.689318
approach4_mm2_run2,7833000,1779283047.690832
approach4_mm2_run2,7834000,1779283047.788264
approach4_mm2_run2,7835000,1779283047.789759
approach4_mm2_run2,7836000,1779283047.791248
approach4_mm2_run2,7837000,1779283047.792734
approach4_mm2_run2,7838000,1779283047.794202
approach4_mm2_run2,7839000,1779283047.928596
approach4_mm2_run2,7840000,1779283047.930069
approach4_mm2_run2,7841000,1779283047.931567
approach4_mm2_run2,7842000,1779283047.933043
approach4_mm2_run2,7843000,1779283047.934535
approach4_mm2_run2,7844000,1779283047.980409
approach4_mm2_run2,7845000,1779283047.981888
approach4_mm2_run2,7846000,1779283047.983387
approach4_mm2_run2,7847000,1779283047.984893
approach4_mm2_run2,7848000,1779283047.986409
approach4_mm2_run2,7849000,1779283047.987899
approach4_mm2_run2,7850000,1779283048.025887
approach4_mm2_run2,7851000,1779283048.027386
approach4_mm2_run2,7852000,1779283048.028866
approach4_mm2_run2,7853000,1779283048.030343
approach4_mm2_run2,7854000,1779283048.031827
approach4_mm2_run2,7855000,1779283048.103182
approach4_mm2_run2,7856000,1779283048.104661
approach4_mm2_run2,7857000,1779283048.106181
approach4_mm2_run2,7858000,1779283048.107663
approach4_mm2_run2,7859000,1779283048.109153
approach4_mm2_run2,7860000,1779283048.149952
approach4_mm2_run2,7861000,1779283048.151450
approach4_mm2_run2,7862000,1779283048.152937
approach4_mm2_run2,7863000,1779283048.154416
approach4_mm2_run2,7864000,1779283048.155943
approach4_mm2_run2,7865000,1779283048.319606
approach4_mm2_run2,7866000,1779283048.321084
approach4_mm2_run2,7867000,1779283048.322574
approach4_mm2_run2,7868000,1779283048.324084
approach4_mm2_run2,7869000,1779283048.325583
approach4_mm2_run2,7870000,1779283048.327109
approach4_mm2_run2,7871000,1779283048.414120
approach4_mm2_run2,7872000,1779283048.415661
approach4_mm2_run2,7873000,1779283048.417179
approach4_mm2_run2,7874000,1779283048.418680
approach4_mm2_run2,7875000,1779283048.420155
approach4_mm2_run2,7876000,1779283048.516643
approach4_mm2_run2,7877000,1779283048.518118
approach4_mm2_run2,7878000,1779283048.519611
approach4_mm2_run2,7879000,1779283048.521071
approach4_mm2_run2,7880000,1779283048.522585
approach4_mm2_run2,7881000,1779283048.655295
approach4_mm2_run2,7882000,1779283048.656771
approach4_mm2_run2,7883000,1779283048.658230
approach4_mm2_run2,7884000,1779283048.659739
approach4_mm2_run2,7885000,1779283048.661202
approach4_mm2_run2,7886000,1779283048.720661
approach4_mm2_run2,7887000,1779283048.722121
approach4_mm2_run2,7888000,1779283048.723616
approach4_mm2_run2,7889000,1779283048.725132
approach4_mm2_run2,7890000,1779283048.726623
approach4_mm2_run2,7891000,1779283048.728104
approach4_mm2_run2,7892000,1779283048.767042
approach4_mm2_run2,7893000,1779283048.768517
approach4_mm2_run2,7894000,1779283048.770005
approach4_mm2_run2,7895000,1779283048.771488
approach4_mm2_run2,7896000,1779283048.772992
approach4_mm2_run2,7897000,1779283048.882180
approach4_mm2_run2,7898000,1779283048.883679
approach4_mm2_run2,7899000,1779283048.885169
approach4_mm2_run2,7900000,1779283048.886676
approach4_mm2_run2,7901000,1779283048.888165
approach4_mm2_run2,7902000,1779283048.938991
approach4_mm2_run2,7903000,1779283048.940467
approach4_mm2_run2,7904000,1779283048.941948
approach4_mm2_run2,7905000,1779283048.943432
approach4_mm2_run2,7906000,1779283048.944944
approach4_mm2_run2,7907000,1779283048.946450
approach4_mm2_run2,7908000,1779283049.053626
approach4_mm2_run2,7909000,1779283049.055166
approach4_mm2_run2,7910000,1779283049.056664
approach4_mm2_run2,7911000,1779283049.058145
approach4_mm2_run2,7912000,1779283049.059645
approach4_mm2_run2,7913000,1779283049.141189
approach4_mm2_run2,7914000,1779283049.142663
approach4_mm2_run2,7915000,1779283049.144167
approach4_mm2_run2,7916000,1779283049.145693
approach4_mm2_run2,7917000,1779283049.147209
approach4_mm2_run2,7918000,1779283049.244520
approach4_mm2_run2,7919000,1779283049.246037
approach4_mm2_run2,7920000,1779283049.247517
approach4_mm2_run2,7921000,1779283049.249006
approach4_mm2_run2,7922000,1779283049.250496
approach4_mm2_run2,7923000,1779283049.381973
approach4_mm2_run2,7924000,1779283049.383462
approach4_mm2_run2,7925000,1779283049.384964
approach4_mm2_run2,7926000,1779283049.386435
approach4_mm2_run2,7927000,1779283049.387919
approach4_mm2_run2,7928000,1779283049.389402
approach4_mm2_run2,7929000,1779283049.468561
approach4_mm2_run2,7930000,1779283049.470040
approach4_mm2_run2,7931000,1779283049.471525
approach4_mm2_run2,7932000,1779283049.473019
approach4_mm2_run2,7933000,1779283049.474520
approach4_mm2_run2,7934000,1779283049.510521
approach4_mm2_run2,7935000,1779283049.511998
approach4_mm2_run2,7936000,1779283049.513482
approach4_mm2_run2,7937000,1779283049.515084
approach4_mm2_run2,7938000,1779283049.516566
approach4_mm2_run2,7939000,1779283049.614297
approach4_mm2_run2,7940000,1779283049.615832
approach4_mm2_run2,7941000,1779283049.617321
approach4_mm2_run2,7942000,1779283049.618816
approach4_mm2_run2,7943000,1779283049.620305
approach4_mm2_run2,7944000,1779283049.621805
approach4_mm2_run2,7945000,1779283049.773947
approach4_mm2_run2,7946000,1779283049.775482
approach4_mm2_run2,7947000,1779283049.776969
approach4_mm2_run2,7948000,1779283049.778425
approach4_mm2_run2,7949000,1779283049.779907
approach4_mm2_run2,7950000,1779283049.785471
approach4_mm2_run2,7951000,1779283049.786966
approach4_mm2_run2,7952000,1779283049.788428
approach4_mm2_run2,7953000,1779283049.789918
approach4_mm2_run2,7954000,1779283049.791400
approach4_mm2_run2,7955000,1779283049.869908
approach4_mm2_run2,7956000,1779283049.871400
approach4_mm2_run2,7957000,1779283049.872893
approach4_mm2_run2,7958000,1779283049.874387
approach4_mm2_run2,7959000,1779283049.875920
approach4_mm2_run2,7960000,1779283049.974667
approach4_mm2_run2,7961000,1779283049.976163
approach4_mm2_run2,7962000,1779283049.977639
approach4_mm2_run2,7963000,1779283049.979132
approach4_mm2_run2,7964000,1779283049.980608
approach4_mm2_run2,7965000,1779283049.982061
approach4_mm2_run2,7966000,1779283050.124560
approach4_mm2_run2,7967000,1779283050.126077
approach4_mm2_run2,7968000,1779283050.127554
approach4_mm2_run2,7969000,1779283050.129046
approach4_mm2_run2,7970000,1779283050.130554
approach4_mm2_run2,7971000,1779283050.209541
approach4_mm2_run2,7972000,1779283050.211027
approach4_mm2_run2,7973000,1779283050.212514
approach4_mm2_run2,7974000,1779283050.214006
approach4_mm2_run2,7975000,1779283050.215541
approach4_mm2_run2,7976000,1779283050.254065
approach4_mm2_run2,7977000,1779283050.255607
approach4_mm2_run2,7978000,1779283050.257078
approach4_mm2_run2,7979000,1779283050.258579
approach4_mm2_run2,7980000,1779283050.260064
approach4_mm2_run2,7981000,1779283050.346742
approach4_mm2_run2,7982000,1779283050.348229
approach4_mm2_run2,7983000,1779283050.349698
approach4_mm2_run2,7984000,1779283050.351193
approach4_mm2_run2,7985000,1779283050.352674
approach4_mm2_run2,7986000,1779283050.354157
approach4_mm2_run2,7987000,1779283050.517943
approach4_mm2_run2,7988000,1779283050.519438
approach4_mm2_run2,7989000,1779283050.520935
approach4_mm2_run2,7990000,1779283050.522422
approach4_mm2_run2,7991000,1779283050.523919
approach4_mm2_run2,7992000,1779283050.598311
approach4_mm2_run2,7993000,1779283050.599789
approach4_mm2_run2,7994000,1779283050.601284
approach4_mm2_run2,7995000,1779283050.602772
approach4_mm2_run2,7996000,1779283050.604260
approach4_mm2_run2,7997000,1779283050.608768
approach4_mm2_run2,7998000,1779283050.610236
approach4_mm2_run2,7999000,1779283050.611712
approach4_mm2_run2,8000000,1779283050.613193
approach4_mm2_run2,8001000,1779283050.614714
approach4_mm2_run2,8002000,1779283050.616236
approach4_mm2_run2,8003000,1779283050.704210
approach4_mm2_run2,8004000,1779283050.705727
approach4_mm2_run2,8005000,1779283050.707228
approach4_mm2_run2,8006000,1779283050.708694
approach4_mm2_run2,8007000,1779283050.710192
approach4_mm2_run2,8008000,1779283050.852661
approach4_mm2_run2,8009000,1779283050.854146
approach4_mm2_run2,8010000,1779283050.855670
approach4_mm2_run2,8011000,1779283050.857157
approach4_mm2_run2,8012000,1779283050.858654
approach4_mm2_run2,8013000,1779283050.957023
approach4_mm2_run2,8014000,1779283050.958521
approach4_mm2_run2,8015000,1779283050.960001
approach4_mm2_run2,8016000,1779283050.961460
approach4_mm2_run2,8017000,1779283050.962931
approach4_mm2_run2,8018000,1779283050.998441
approach4_mm2_run2,8019000,1779283050.999923
approach4_mm2_run2,8020000,1779283051.001392
approach4_mm2_run2,8021000,1779283051.002896
approach4_mm2_run2,8022000,1779283051.004382
approach4_mm2_run2,8023000,1779283051.005925
approach4_mm2_run2,8024000,1779283051.083277
approach4_mm2_run2,8025000,1779283051.084773
approach4_mm2_run2,8026000,1779283051.086282
approach4_mm2_run2,8027000,1779283051.087787
approach4_mm2_run2,8028000,1779283051.089283
approach4_mm2_run2,8029000,1779283051.253021
approach4_mm2_run2,8030000,1779283051.254526
approach4_mm2_run2,8031000,1779283051.256041
approach4_mm2_run2,8032000,1779283051.257517
approach4_mm2_run2,8033000,1779283051.259022
approach4_mm2_run2,8034000,1779283051.326360
approach4_mm2_run2,8035000,1779283051.327844
approach4_mm2_run2,8036000,1779283051.329312
approach4_mm2_run2,8037000,1779283051.330821
approach4_mm2_run2,8038000,1779283051.332306
approach4_mm2_run2,8039000,1779283051.333809
approach4_mm2_run2,8040000,1779283051.433438
approach4_mm2_run2,8041000,1779283051.434972
approach4_mm2_run2,8042000,1779283051.436454
approach4_mm2_run2,8043000,1779283051.437924
approach4_mm2_run2,8044000,1779283051.439417
approach4_mm2_run2,8045000,1779283051.449720
approach4_mm2_run2,8046000,1779283051.451210
approach4_mm2_run2,8047000,1779283051.452687
approach4_mm2_run2,8048000,1779283051.454178
approach4_mm2_run2,8049000,1779283051.455720
approach4_mm2_run2,8050000,1779283051.579403
approach4_mm2_run2,8051000,1779283051.580887
approach4_mm2_run2,8052000,1779283051.582370
approach4_mm2_run2,8053000,1779283051.583860
approach4_mm2_run2,8054000,1779283051.585371
approach4_mm2_run2,8055000,1779283051.697459
approach4_mm2_run2,8056000,1779283051.698969
approach4_mm2_run2,8057000,1779283051.700442
approach4_mm2_run2,8058000,1779283051.701939
approach4_mm2_run2,8059000,1779283051.703442
approach4_mm2_run2,8060000,1779283051.704976
approach4_mm2_run2,8061000,1779283051.741160
approach4_mm2_run2,8062000,1779283051.742685
approach4_mm2_run2,8063000,1779283051.744149
approach4_mm2_run2,8064000,1779283051.745655
approach4_mm2_run2,8065000,1779283051.747169
approach4_mm2_run2,8066000,1779283051.814053
approach4_mm2_run2,8067000,1779283051.815593
approach4_mm2_run2,8068000,1779283051.817064
approach4_mm2_run2,8069000,1779283051.818562
approach4_mm2_run2,8070000,1779283051.820064
approach4_mm2_run2,8071000,1779283051.983960
approach4_mm2_run2,8072000,1779283051.985495
approach4_mm2_run2,8073000,1779283051.986990
approach4_mm2_run2,8074000,1779283051.988469
approach4_mm2_run2,8075000,1779283051.989927
approach4_mm2_run2,8076000,1779283052.054455
approach4_mm2_run2,8077000,1779283052.055950
approach4_mm2_run2,8078000,1779283052.057417
approach4_mm2_run2,8079000,1779283052.058933
approach4_mm2_run2,8080000,1779283052.060416
approach4_mm2_run2,8081000,1779283052.061909
approach4_mm2_run2,8082000,1779283052.161602
approach4_mm2_run2,8083000,1779283052.163090
approach4_mm2_run2,8084000,1779283052.164563
approach4_mm2_run2,8085000,1779283052.166062
approach4_mm2_run2,8086000,1779283052.167554
approach4_mm2_run2,8087000,1779283052.284510
approach4_mm2_run2,8088000,1779283052.286028
approach4_mm2_run2,8089000,1779283052.287498
approach4_mm2_run2,8090000,1779283052.288981
approach4_mm2_run2,8091000,1779283052.290463
approach4_mm2_run2,8092000,1779283052.442625
approach4_mm2_run2,8093000,1779283052.444091
approach4_mm2_run2,8094000,1779283052.445601
approach4_mm2_run2,8095000,1779283052.447120
approach4_mm2_run2,8096000,1779283052.448597
approach4_mm2_run2,8097000,1779283052.450106
approach4_mm2_run2,8098000,1779283052.483427
approach4_mm2_run2,8099000,1779283052.484938
approach4_mm2_run2,8100000,1779283052.486439
approach4_mm2_run2,8101000,1779283052.487906
approach4_mm2_run2,8102000,1779283052.489400
approach4_mm2_run2,8103000,1779283052.546661
approach4_mm2_run2,8104000,1779283052.548133
approach4_mm2_run2,8105000,1779283052.549604
approach4_mm2_run2,8106000,1779283052.551088
approach4_mm2_run2,8107000,1779283052.552572
approach4_mm2_run2,8108000,1779283052.652652
approach4_mm2_run2,8109000,1779283052.654141
approach4_mm2_run2,8110000,1779283052.655665
approach4_mm2_run2,8111000,1779283052.657143
approach4_mm2_run2,8112000,1779283052.658647
approach4_mm2_run2,8113000,1779283052.718092
approach4_mm2_run2,8114000,1779283052.719585
approach4_mm2_run2,8115000,1779283052.721068
approach4_mm2_run2,8116000,1779283052.722558
approach4_mm2_run2,8117000,1779283052.724033
approach4_mm2_run2,8118000,1779283052.725563
approach4_mm2_run2,8119000,1779283052.784714
approach4_mm2_run2,8120000,1779283052.786203
approach4_mm2_run2,8121000,1779283052.787718
approach4_mm2_run2,8122000,1779283052.789199
approach4_mm2_run2,8123000,1779283052.790714
approach4_mm2_run2,8124000,1779283052.890753
approach4_mm2_run2,8125000,1779283052.892224
approach4_mm2_run2,8126000,1779283052.893705
approach4_mm2_run2,8127000,1779283052.895242
approach4_mm2_run2,8128000,1779283052.896707
approach4_mm2_run2,8129000,1779283053.117987
approach4_mm2_run2,8130000,1779283053.119469
approach4_mm2_run2,8131000,1779283053.120945
approach4_mm2_run2,8132000,1779283053.122512
approach4_mm2_run2,8133000,1779283053.123985
approach4_mm2_run2,8134000,1779283053.125515
approach4_mm2_run2,8135000,1779283053.189135
approach4_mm2_run2,8136000,1779283053.190617
approach4_mm2_run2,8137000,1779283053.192104
approach4_mm2_run2,8138000,1779283053.193569
approach4_mm2_run2,8139000,1779283053.195101
approach4_mm2_run2,8140000,1779283053.227342
approach4_mm2_run2,8141000,1779283053.228826
approach4_mm2_run2,8142000,1779283053.230317
approach4_mm2_run2,8143000,1779283053.231790
approach4_mm2_run2,8144000,1779283053.233295
approach4_mm2_run2,8145000,1779283053.277725
approach4_mm2_run2,8146000,1779283053.279232
approach4_mm2_run2,8147000,1779283053.280700
approach4_mm2_run2,8148000,1779283053.282196
approach4_mm2_run2,8149000,1779283053.283705
approach4_mm2_run2,8150000,1779283053.381213
approach4_mm2_run2,8151000,1779283053.382715
approach4_mm2_run2,8152000,1779283053.384188
approach4_mm2_run2,8153000,1779283053.385701
approach4_mm2_run2,8154000,1779283053.387222
approach4_mm2_run2,8155000,1779283053.388723
approach4_mm2_run2,8156000,1779283053.450119
approach4_mm2_run2,8157000,1779283053.451618
approach4_mm2_run2,8158000,1779283053.453116
approach4_mm2_run2,8159000,1779283053.454624
approach4_mm2_run2,8160000,1779283053.456157
approach4_mm2_run2,8161000,1779283053.514553
approach4_mm2_run2,8162000,1779283053.516074
approach4_mm2_run2,8163000,1779283053.517543
approach4_mm2_run2,8164000,1779283053.519043
approach4_mm2_run2,8165000,1779283053.520515
approach4_mm2_run2,8166000,1779283053.621504
approach4_mm2_run2,8167000,1779283053.622982
approach4_mm2_run2,8168000,1779283053.624457
approach4_mm2_run2,8169000,1779283053.625966
approach4_mm2_run2,8170000,1779283053.627478
approach4_mm2_run2,8171000,1779283053.934766
approach4_mm2_run2,8172000,1779283053.936268
approach4_mm2_run2,8173000,1779283053.937749
approach4_mm2_run2,8174000,1779283053.939222
approach4_mm2_run2,8175000,1779283053.940694
approach4_mm2_run2,8176000,1779283053.942194
approach4_mm2_run2,8177000,1779283053.953932
approach4_mm2_run2,8178000,1779283053.955436
approach4_mm2_run2,8179000,1779283053.956897
approach4_mm2_run2,8180000,1779283053.958378
approach4_mm2_run2,8181000,1779283053.959861
approach4_mm2_run2,8182000,1779283053.967199
approach4_mm2_run2,8183000,1779283053.968646
approach4_mm2_run2,8184000,1779283053.970095
approach4_mm2_run2,8185000,1779283053.971611
approach4_mm2_run2,8186000,1779283053.973100
approach4_mm2_run2,8187000,1779283054.011608
approach4_mm2_run2,8188000,1779283054.013069
approach4_mm2_run2,8189000,1779283054.014553
approach4_mm2_run2,8190000,1779283054.016066
approach4_mm2_run2,8191000,1779283054.017538
approach4_mm2_run2,8192000,1779283054.019039
approach4_mm2_run2,8193000,1779283054.108957
approach4_mm2_run2,8194000,1779283054.110473
approach4_mm2_run2,8195000,1779283054.111939
approach4_mm2_run2,8196000,1779283054.113421
approach4_mm2_run2,8197000,1779283054.114955
approach4_mm2_run2,8198000,1779283054.183011
approach4_mm2_run2,8199000,1779283054.184496
approach4_mm2_run2,8200000,1779283054.186033
approach4_mm2_run2,8201000,1779283054.187527
approach4_mm2_run2,8202000,1779283054.189020
approach4_mm2_run2,8203000,1779283054.243431
approach4_mm2_run2,8204000,1779283054.244961
approach4_mm2_run2,8205000,1779283054.246456
approach4_mm2_run2,8206000,1779283054.247942
approach4_mm2_run2,8207000,1779283054.249436
approach4_mm2_run2,8208000,1779283054.349478
approach4_mm2_run2,8209000,1779283054.350961
approach4_mm2_run2,8210000,1779283054.352439
approach4_mm2_run2,8211000,1779283054.353909
approach4_mm2_run2,8212000,1779283054.355444
approach4_mm2_run2,8213000,1779283054.356916
approach4_mm2_run2,8214000,1779283054.676481
approach4_mm2_run2,8215000,1779283054.677976
approach4_mm2_run2,8216000,1779283054.679457
approach4_mm2_run2,8217000,1779283054.680931
approach4_mm2_run2,8218000,1779283054.682428
approach4_mm2_run2,8219000,1779283054.713578
approach4_mm2_run2,8220000,1779283054.715116
approach4_mm2_run2,8221000,1779283054.716569
approach4_mm2_run2,8222000,1779283054.718048
approach4_mm2_run2,8223000,1779283054.719558
approach4_mm2_run2,8224000,1779283054.744706
approach4_mm2_run2,8225000,1779283054.746196
approach4_mm2_run2,8226000,1779283054.747696
approach4_mm2_run2,8227000,1779283054.749161
approach4_mm2_run2,8228000,1779283054.750653
approach4_mm2_run2,8229000,1779283054.752144
approach4_mm2_run2,8230000,1779283054.788097
approach4_mm2_run2,8231000,1779283054.789566
approach4_mm2_run2,8232000,1779283054.791050
approach4_mm2_run2,8233000,1779283054.792514
approach4_mm2_run2,8234000,1779283054.794007
approach4_mm2_run2,8235000,1779283054.836318
approach4_mm2_run2,8236000,1779283054.837773
approach4_mm2_run2,8237000,1779283054.839288
approach4_mm2_run2,8238000,1779283054.840751
approach4_mm2_run2,8239000,1779283054.842228
approach4_mm2_run2,8240000,1779283054.916437
approach4_mm2_run2,8241000,1779283054.917910
approach4_mm2_run2,8242000,1779283054.919404
approach4_mm2_run2,8243000,1779283054.920900
approach4_mm2_run2,8244000,1779283054.922398
approach4_mm2_run2,8245000,1779283054.970866
approach4_mm2_run2,8246000,1779283054.972342
approach4_mm2_run2,8247000,1779283054.973841
approach4_mm2_run2,8248000,1779283054.975387
approach4_mm2_run2,8249000,1779283054.976887
approach4_mm2_run2,8250000,1779283054.978416
approach4_mm2_run2,8251000,1779283055.081372
approach4_mm2_run2,8252000,1779283055.082850
approach4_mm2_run2,8253000,1779283055.084332
approach4_mm2_run2,8254000,1779283055.085838
approach4_mm2_run2,8255000,1779283055.087341
approach4_mm2_run2,8256000,1779283055.423126
approach4_mm2_run2,8257000,1779283055.424590
approach4_mm2_run2,8258000,1779283055.426079
approach4_mm2_run2,8259000,1779283055.427572
approach4_mm2_run2,8260000,1779283055.429075
approach4_mm2_run2,8261000,1779283055.455909
approach4_mm2_run2,8262000,1779283055.457378
approach4_mm2_run2,8263000,1779283055.458884
approach4_mm2_run2,8264000,1779283055.460349
approach4_mm2_run2,8265000,1779283055.461845
approach4_mm2_run2,8266000,1779283055.477188
approach4_mm2_run2,8267000,1779283055.478667
approach4_mm2_run2,8268000,1779283055.480160
approach4_mm2_run2,8269000,1779283055.481620
approach4_mm2_run2,8270000,1779283055.483133
approach4_mm2_run2,8271000,1779283055.484673
approach4_mm2_run2,8272000,1779283055.564513
approach4_mm2_run2,8273000,1779283055.566006
approach4_mm2_run2,8274000,1779283055.567497
approach4_mm2_run2,8275000,1779283055.568982
approach4_mm2_run2,8276000,1779283055.570483
approach4_mm2_run2,8277000,1779283055.648458
approach4_mm2_run2,8278000,1779283055.649934
approach4_mm2_run2,8279000,1779283055.651422
approach4_mm2_run2,8280000,1779283055.652909
approach4_mm2_run2,8281000,1779283055.654395
approach4_mm2_run2,8282000,1779283055.699621
approach4_mm2_run2,8283000,1779283055.701098
approach4_mm2_run2,8284000,1779283055.702611
approach4_mm2_run2,8285000,1779283055.704100
approach4_mm2_run2,8286000,1779283055.705624
approach4_mm2_run2,8287000,1779283055.707128
approach4_mm2_run2,8288000,1779283055.807672
approach4_mm2_run2,8289000,1779283055.809171
approach4_mm2_run2,8290000,1779283055.810675
approach4_mm2_run2,8291000,1779283055.812153
approach4_mm2_run2,8292000,1779283055.813616
approach4_mm2_run2,8293000,1779283055.963949
approach4_mm2_run2,8294000,1779283055.965459
approach4_mm2_run2,8295000,1779283055.966960
approach4_mm2_run2,8296000,1779283055.968430
approach4_mm2_run2,8297000,1779283055.969916
approach4_mm2_run2,8298000,1779283056.165545
approach4_mm2_run2,8299000,1779283056.167033
approach4_mm2_run2,8300000,1779283056.168507
approach4_mm2_run2,8301000,1779283056.169988
approach4_mm2_run2,8302000,1779283056.171492
approach4_mm2_run2,8303000,1779283056.197881
approach4_mm2_run2,8304000,1779283056.199378
approach4_mm2_run2,8305000,1779283056.200840
approach4_mm2_run2,8306000,1779283056.202341
approach4_mm2_run2,8307000,1779283056.203808
approach4_mm2_run2,8308000,1779283056.205363
approach4_mm2_run2,8309000,1779283056.210823
approach4_mm2_run2,8310000,1779283056.212318
approach4_mm2_run2,8311000,1779283056.213795
approach4_mm2_run2,8312000,1779283056.215300
approach4_mm2_run2,8313000,1779283056.216787
approach4_mm2_run2,8314000,1779283056.291476
approach4_mm2_run2,8315000,1779283056.292960
approach4_mm2_run2,8316000,1779283056.294433
approach4_mm2_run2,8317000,1779283056.295954
approach4_mm2_run2,8318000,1779283056.297446
approach4_mm2_run2,8319000,1779283056.381028
approach4_mm2_run2,8320000,1779283056.382526
approach4_mm2_run2,8321000,1779283056.384014
approach4_mm2_run2,8322000,1779283056.385514
approach4_mm2_run2,8323000,1779283056.387029
approach4_mm2_run2,8324000,1779283056.388522
approach4_mm2_run2,8325000,1779283056.431397
approach4_mm2_run2,8326000,1779283056.432881
approach4_mm2_run2,8327000,1779283056.434367
approach4_mm2_run2,8328000,1779283056.435905
approach4_mm2_run2,8329000,1779283056.437403
approach4_mm2_run2,8330000,1779283056.535564
approach4_mm2_run2,8331000,1779283056.537051
approach4_mm2_run2,8332000,1779283056.538536
approach4_mm2_run2,8333000,1779283056.540030
approach4_mm2_run2,8334000,1779283056.541522
approach4_mm2_run2,8335000,1779283056.805075
approach4_mm2_run2,8336000,1779283056.806555
approach4_mm2_run2,8337000,1779283056.808037
approach4_mm2_run2,8338000,1779283056.809514
approach4_mm2_run2,8339000,1779283056.811012
approach4_mm2_run2,8340000,1779283056.908468
approach4_mm2_run2,8341000,1779283056.909939
approach4_mm2_run2,8342000,1779283056.911426
approach4_mm2_run2,8343000,1779283056.912884
approach4_mm2_run2,8344000,1779283056.914378
approach4_mm2_run2,8345000,1779283056.915915
approach4_mm2_run2,8346000,1779283056.942634
approach4_mm2_run2,8347000,1779283056.944955
approach4_mm2_run2,8348000,1779283056.946606
approach4_mm2_run2,8349000,1779283056.948107
approach4_mm2_run2,8350000,1779283056.949576
approach4_mm2_run2,8351000,1779283056.951085
approach4_mm2_run2,8352000,1779283056.952556
approach4_mm2_run2,8353000,1779283056.954046
approach4_mm2_run2,8354000,1779283056.955570
approach4_mm2_run2,8355000,1779283056.957064
approach4_mm2_run2,8356000,1779283057.017988
approach4_mm2_run2,8357000,1779283057.019476
approach4_mm2_run2,8358000,1779283057.020948
approach4_mm2_run2,8359000,1779283057.022454
approach4_mm2_run2,8360000,1779283057.023935
approach4_mm2_run2,8361000,1779283057.112209
approach4_mm2_run2,8362000,1779283057.113691
approach4_mm2_run2,8363000,1779283057.115227
approach4_mm2_run2,8364000,1779283057.116713
approach4_mm2_run2,8365000,1779283057.118183
approach4_mm2_run2,8366000,1779283057.119688
approach4_mm2_run2,8367000,1779283057.157797
approach4_mm2_run2,8368000,1779283057.159305
approach4_mm2_run2,8369000,1779283057.160790
approach4_mm2_run2,8370000,1779283057.162263
approach4_mm2_run2,8371000,1779283057.163776
approach4_mm2_run2,8372000,1779283057.263589
approach4_mm2_run2,8373000,1779283057.265095
approach4_mm2_run2,8374000,1779283057.266596
approach4_mm2_run2,8375000,1779283057.268086
approach4_mm2_run2,8376000,1779283057.269569
approach4_mm2_run2,8377000,1779283057.650625
approach4_mm2_run2,8378000,1779283057.652139
approach4_mm2_run2,8379000,1779283057.653902
approach4_mm2_run2,8380000,1779283057.656203
approach4_mm2_run2,8381000,1779283057.657659
approach4_mm2_run2,8382000,1779283057.659126
approach4_mm2_run2,8383000,1779283057.660569
approach4_mm2_run2,8384000,1779283057.662014
approach4_mm2_run2,8385000,1779283057.663480
approach4_mm2_run2,8386000,1779283057.664965
approach4_mm2_run2,8387000,1779283057.666438
approach4_mm2_run2,8388000,1779283057.675725
approach4_mm2_run2,8389000,1779283057.677171
approach4_mm2_run2,8390000,1779283057.678628
approach4_mm2_run2,8391000,1779283057.680084
approach4_mm2_run2,8392000,1779283057.681551
approach4_mm2_run2,8393000,1779283057.685867
approach4_mm2_run2,8394000,1779283057.687324
approach4_mm2_run2,8395000,1779283057.688776
approach4_mm2_run2,8396000,1779283057.690243
approach4_mm2_run2,8397000,1779283057.691714
approach4_mm2_run2,8398000,1779283057.745048
approach4_mm2_run2,8399000,1779283057.746513
approach4_mm2_run2,8400000,1779283057.747973
approach4_mm2_run2,8401000,1779283057.749432
approach4_mm2_run2,8402000,1779283057.750913
approach4_mm2_run2,8403000,1779283057.752388
approach4_mm2_run2,8404000,1779283057.830438
approach4_mm2_run2,8405000,1779283057.849139
approach4_mm2_run2,8406000,1779283057.850603
approach4_mm2_run2,8407000,1779283057.852062
approach4_mm2_run2,8408000,1779283057.853524
approach4_mm2_run2,8409000,1779283057.855032
approach4_mm2_run2,8410000,1779283057.886045
approach4_mm2_run2,8411000,1779283057.887511
approach4_mm2_run2,8412000,1779283057.888985
approach4_mm2_run2,8413000,1779283057.890460
approach4_mm2_run2,8414000,1779283057.891928
approach4_mm2_run2,8415000,1779283057.990873
approach4_mm2_run2,8416000,1779283057.992321
approach4_mm2_run2,8417000,1779283057.993773
approach4_mm2_run2,8418000,1779283057.995269
approach4_mm2_run2,8419000,1779283057.996727
approach4_mm2_run2,8420000,1779283057.998239
approach4_mm2_run2,8421000,1779283058.397253
approach4_mm2_run2,8422000,1779283058.398717
approach4_mm2_run2,8423000,1779283058.400167
approach4_mm2_run2,8424000,1779283058.401622
approach4_mm2_run2,8425000,1779283058.403097
approach4_mm2_run2,8426000,1779283058.411465
approach4_mm2_run2,8427000,1779283058.412906
approach4_mm2_run2,8428000,1779283058.414358
approach4_mm2_run2,8429000,1779283058.415846
approach4_mm2_run2,8430000,1779283058.417313
approach4_mm2_run2,8431000,1779283058.474983
approach4_mm2_run2,8432000,1779283058.476435
approach4_mm2_run2,8433000,1779283058.477885
approach4_mm2_run2,8434000,1779283058.479353
approach4_mm2_run2,8435000,1779283058.480813
approach4_mm2_run2,8436000,1779283058.494260
approach4_mm2_run2,8437000,1779283058.495741
approach4_mm2_run2,8438000,1779283058.497200
approach4_mm2_run2,8439000,1779283058.498672
approach4_mm2_run2,8440000,1779283058.500132
approach4_mm2_run2,8441000,1779283058.501603
approach4_mm2_run2,8442000,1779283058.580794
approach4_mm2_run2,8443000,1779283058.582247
approach4_mm2_run2,8444000,1779283058.583713
approach4_mm2_run2,8445000,1779283058.585195
approach4_mm2_run2,8446000,1779283058.586677
approach4_mm2_run2,8447000,1779283058.614489
approach4_mm2_run2,8448000,1779283058.615975
approach4_mm2_run2,8449000,1779283058.617433
approach4_mm2_run2,8450000,1779283058.618908
approach4_mm2_run2,8451000,1779283058.620371
approach4_mm2_run2,8452000,1779283058.719926
approach4_mm2_run2,8453000,1779283058.721375
approach4_mm2_run2,8454000,1779283058.722836
approach4_mm2_run2,8455000,1779283058.724288
approach4_mm2_run2,8456000,1779283058.725767
approach4_mm2_run2,8457000,1779283058.727267
approach4_mm2_run2,8458000,1779283059.140095
approach4_mm2_run2,8459000,1779283059.142169
approach4_mm2_run2,8460000,1779283059.143826
approach4_mm2_run2,8461000,1779283059.145311
approach4_mm2_run2,8462000,1779283059.146799
approach4_mm2_run2,8463000,1779283059.148274
approach4_mm2_run2,8464000,1779283059.149746
approach4_mm2_run2,8465000,1779283059.151227
approach4_mm2_run2,8466000,1779283059.152701
approach4_mm2_run2,8467000,1779283059.154180
approach4_mm2_run2,8468000,1779283059.201082
approach4_mm2_run2,8469000,1779283059.202546
approach4_mm2_run2,8470000,1779283059.203998
approach4_mm2_run2,8471000,1779283059.205494
approach4_mm2_run2,8472000,1779283059.206975
approach4_mm2_run2,8473000,1779283059.310901
approach4_mm2_run2,8474000,1779283059.312362
approach4_mm2_run2,8475000,1779283059.313863
approach4_mm2_run2,8476000,1779283059.315384
approach4_mm2_run2,8477000,1779283059.316851
approach4_mm2_run2,8478000,1779283059.318333
approach4_mm2_run2,8479000,1779283059.328555
approach4_mm2_run2,8480000,1779283059.330009
approach4_mm2_run2,8481000,1779283059.331484
approach4_mm2_run2,8482000,1779283059.333014
approach4_mm2_run2,8483000,1779283059.334548
approach4_mm2_run2,8484000,1779283059.341859
approach4_mm2_run2,8485000,1779283059.343320
approach4_mm2_run2,8486000,1779283059.344775
approach4_mm2_run2,8487000,1779283059.346251
approach4_mm2_run2,8488000,1779283059.347785
approach4_mm2_run2,8489000,1779283059.876446
approach4_mm2_run2,8490000,1779283059.877899
approach4_mm2_run2,8491000,1779283059.879364
approach4_mm2_run2,8492000,1779283059.880818
approach4_mm2_run2,8493000,1779283059.882277
approach4_mm2_run2,8494000,1779283059.883759
approach4_mm2_run2,8495000,1779283059.889329
approach4_mm2_run2,8496000,1779283059.890779
approach4_mm2_run2,8497000,1779283059.892231
approach4_mm2_run2,8498000,1779283059.893687
approach4_mm2_run2,8499000,1779283059.895190
approach4_mm2_run2,8500000,1779283059.929090
approach4_mm2_run2,8501000,1779283059.930578
approach4_mm2_run2,8502000,1779283059.932031
approach4_mm2_run2,8503000,1779283059.933490
approach4_mm2_run2,8504000,1779283059.934985
approach4_mm2_run2,8505000,1779283060.043353
approach4_mm2_run2,8506000,1779283060.044838
approach4_mm2_run2,8507000,1779283060.046312
approach4_mm2_run2,8508000,1779283060.047785
approach4_mm2_run2,8509000,1779283060.049258
approach4_mm2_run2,8510000,1779283060.069675
approach4_mm2_run2,8511000,1779283060.071139
approach4_mm2_run2,8512000,1779283060.072601
approach4_mm2_run2,8513000,1779283060.074067
approach4_mm2_run2,8514000,1779283060.075564
approach4_mm2_run2,8515000,1779283060.077033
approach4_mm2_run2,8516000,1779283060.163933
approach4_mm2_run2,8517000,1779283060.165408
approach4_mm2_run2,8518000,1779283060.166873
approach4_mm2_run2,8519000,1779283060.168324
approach4_mm2_run2,8520000,1779283060.169781
approach4_mm2_run2,8521000,1779283060.606782
approach4_mm2_run2,8522000,1779283060.608252
approach4_mm2_run2,8523000,1779283060.609701
approach4_mm2_run2,8524000,1779283060.611169
approach4_mm2_run2,8525000,1779283060.612631
approach4_mm2_run2,8526000,1779283060.629172
approach4_mm2_run2,8527000,1779283060.630635
approach4_mm2_run2,8528000,1779283060.632091
approach4_mm2_run2,8529000,1779283060.633548
approach4_mm2_run2,8530000,1779283060.635049
approach4_mm2_run2,8531000,1779283060.655893
approach4_mm2_run2,8532000,1779283060.657346
approach4_mm2_run2,8533000,1779283060.658808
approach4_mm2_run2,8534000,1779283060.660259
approach4_mm2_run2,8535000,1779283060.661712
approach4_mm2_run2,8536000,1779283060.663189
approach4_mm2_run2,8537000,1779283060.777414
approach4_mm2_run2,8538000,1779283060.778900
approach4_mm2_run2,8539000,1779283060.780358
approach4_mm2_run2,8540000,1779283060.781822
approach4_mm2_run2,8541000,1779283060.783303
approach4_mm2_run2,8542000,1779283060.800166
approach4_mm2_run2,8543000,1779283060.801617
approach4_mm2_run2,8544000,1779283060.803090
approach4_mm2_run2,8545000,1779283060.804554
approach4_mm2_run2,8546000,1779283060.806056
approach4_mm2_run2,8547000,1779283060.994997
approach4_mm2_run2,8548000,1779283060.996449
approach4_mm2_run2,8549000,1779283060.997899
approach4_mm2_run2,8550000,1779283060.999369
approach4_mm2_run2,8551000,1779283061.000830
approach4_mm2_run2,8552000,1779283061.002297
approach4_mm2_run2,8553000,1779283061.339226
approach4_mm2_run2,8554000,1779283061.340682
approach4_mm2_run2,8555000,1779283061.342138
approach4_mm2_run2,8556000,1779283061.343607
approach4_mm2_run2,8557000,1779283061.345100
approach4_mm2_run2,8558000,1779283061.376504
approach4_mm2_run2,8559000,1779283061.377957
approach4_mm2_run2,8560000,1779283061.379419
approach4_mm2_run2,8561000,1779283061.380871
approach4_mm2_run2,8562000,1779283061.382410
approach4_mm2_run2,8563000,1779283061.384977
approach4_mm2_run2,8564000,1779283061.386450
approach4_mm2_run2,8565000,1779283061.387917
approach4_mm2_run2,8566000,1779283061.389384
approach4_mm2_run2,8567000,1779283061.390864
approach4_mm2_run2,8568000,1779283061.509821
approach4_mm2_run2,8569000,1779283061.511289
approach4_mm2_run2,8570000,1779283061.512751
approach4_mm2_run2,8571000,1779283061.514211
approach4_mm2_run2,8572000,1779283061.515720
approach4_mm2_run2,8573000,1779283061.517198
approach4_mm2_run2,8574000,1779283061.528387
approach4_mm2_run2,8575000,1779283061.529842
approach4_mm2_run2,8576000,1779283061.531315
approach4_mm2_run2,8577000,1779283061.532779
approach4_mm2_run2,8578000,1779283061.534246
approach4_mm2_run2,8579000,1779283061.841830
approach4_mm2_run2,8580000,1779283061.843298
approach4_mm2_run2,8581000,1779283061.844752
approach4_mm2_run2,8582000,1779283061.846239
approach4_mm2_run2,8583000,1779283061.847718
approach4_mm2_run2,8584000,1779283062.070892
approach4_mm2_run2,8585000,1779283062.072355
approach4_mm2_run2,8586000,1779283062.073807
approach4_mm2_run2,8587000,1779283062.075300
approach4_mm2_run2,8588000,1779283062.076761
approach4_mm2_run2,8589000,1779283062.078228
approach4_mm2_run2,8590000,1779283062.113300
approach4_mm2_run2,8591000,1779283062.114791
approach4_mm2_run2,8592000,1779283062.116288
approach4_mm2_run2,8593000,1779283062.118626
approach4_mm2_run2,8594000,1779283062.120091
approach4_mm2_run2,8595000,1779283062.121555
approach4_mm2_run2,8596000,1779283062.123022
approach4_mm2_run2,8597000,1779283062.124477
approach4_mm2_run2,8598000,1779283062.125958
approach4_mm2_run2,8599000,1779283062.127442
approach4_mm2_run2,8600000,1779283062.242914
approach4_mm2_run2,8601000,1779283062.244384
approach4_mm2_run2,8602000,1779283062.245871
approach4_mm2_run2,8603000,1779283062.247343
approach4_mm2_run2,8604000,1779283062.248822
approach4_mm2_run2,8605000,1779283062.255466
approach4_mm2_run2,8606000,1779283062.256922
approach4_mm2_run2,8607000,1779283062.258392
approach4_mm2_run2,8608000,1779283062.259858
approach4_mm2_run2,8609000,1779283062.261333
approach4_mm2_run2,8610000,1779283062.262833
approach4_mm2_run2,8611000,1779283062.676631
approach4_mm2_run2,8612000,1779283062.678088
approach4_mm2_run2,8613000,1779283062.679557
approach4_mm2_run2,8614000,1779283062.681015
approach4_mm2_run2,8615000,1779283062.682494
approach4_mm2_run2,8616000,1779283062.804273
approach4_mm2_run2,8617000,1779283062.805758
approach4_mm2_run2,8618000,1779283062.807247
approach4_mm2_run2,8619000,1779283062.808707
approach4_mm2_run2,8620000,1779283062.810175
approach4_mm2_run2,8621000,1779283062.841766
approach4_mm2_run2,8622000,1779283062.843228
approach4_mm2_run2,8623000,1779283062.844686
approach4_mm2_run2,8624000,1779283062.846195
approach4_mm2_run2,8625000,1779283062.847666
approach4_mm2_run2,8626000,1779283062.864744
approach4_mm2_run2,8627000,1779283062.866216
approach4_mm2_run2,8628000,1779283062.867692
approach4_mm2_run2,8629000,1779283062.869157
approach4_mm2_run2,8630000,1779283062.870638
approach4_mm2_run2,8631000,1779283062.872123
approach4_mm2_run2,8632000,1779283062.976984
approach4_mm2_run2,8633000,1779283062.978462
approach4_mm2_run2,8634000,1779283062.979929
approach4_mm2_run2,8635000,1779283062.981506
approach4_mm2_run2,8636000,1779283062.983885
approach4_mm2_run2,8637000,1779283062.985381
approach4_mm2_run2,8638000,1779283062.986845
approach4_mm2_run2,8639000,1779283062.988305
approach4_mm2_run2,8640000,1779283062.989769
approach4_mm2_run2,8641000,1779283062.991254
approach4_mm2_run2,8642000,1779283063.508991
approach4_mm2_run2,8643000,1779283063.510455
approach4_mm2_run2,8644000,1779283063.511910
approach4_mm2_run2,8645000,1779283063.513366
approach4_mm2_run2,8646000,1779283063.514860
approach4_mm2_run2,8647000,1779283063.516320
approach4_mm2_run2,8648000,1779283063.541351
approach4_mm2_run2,8649000,1779283063.542825
approach4_mm2_run2,8650000,1779283063.544285
approach4_mm2_run2,8651000,1779283063.545768
approach4_mm2_run2,8652000,1779283063.547253
approach4_mm2_run2,8653000,1779283063.570533
approach4_mm2_run2,8654000,1779283063.571986
approach4_mm2_run2,8655000,1779283063.573438
approach4_mm2_run2,8656000,1779283063.574927
approach4_mm2_run2,8657000,1779283063.576392
approach4_mm2_run2,8658000,1779283063.604115
approach4_mm2_run2,8659000,1779283063.605588
approach4_mm2_run2,8660000,1779283063.607090
approach4_mm2_run2,8661000,1779283063.608551
approach4_mm2_run2,8662000,1779283063.610011
approach4_mm2_run2,8663000,1779283063.707457
approach4_mm2_run2,8664000,1779283063.708945
approach4_mm2_run2,8665000,1779283063.710568
approach4_mm2_run2,8666000,1779283063.712716
approach4_mm2_run2,8667000,1779283063.714170
approach4_mm2_run2,8668000,1779283063.715666
approach4_mm2_run2,8669000,1779283063.717126
approach4_mm2_run2,8670000,1779283063.718598
approach4_mm2_run2,8671000,1779283063.720059
approach4_mm2_run2,8672000,1779283063.721522
approach4_mm2_run2,8673000,1779283063.723008
approach4_mm2_run2,8674000,1779283064.273270
approach4_mm2_run2,8675000,1779283064.274739
approach4_mm2_run2,8676000,1779283064.276214
approach4_mm2_run2,8677000,1779283064.277667
approach4_mm2_run2,8678000,1779283064.279145
approach4_mm2_run2,8679000,1779283064.297444
approach4_mm2_run2,8680000,1779283064.298908
approach4_mm2_run2,8681000,1779283064.300360
approach4_mm2_run2,8682000,1779283064.301814
approach4_mm2_run2,8683000,1779283064.303278
approach4_mm2_run2,8684000,1779283064.304739
approach4_mm2_run2,8685000,1779283064.350527
approach4_mm2_run2,8686000,1779283064.352643
approach4_mm2_run2,8687000,1779283064.354252
approach4_mm2_run2,8688000,1779283064.355754
approach4_mm2_run2,8689000,1779283064.357216
approach4_mm2_run2,8690000,1779283064.358690
approach4_mm2_run2,8691000,1779283064.360138
approach4_mm2_run2,8692000,1779283064.361588
approach4_mm2_run2,8693000,1779283064.363061
approach4_mm2_run2,8694000,1779283064.364527
approach4_mm2_run2,8695000,1779283064.439994
approach4_mm2_run2,8696000,1779283064.441453
approach4_mm2_run2,8697000,1779283064.442928
approach4_mm2_run2,8698000,1779283064.444399
approach4_mm2_run2,8699000,1779283064.445909
approach4_mm2_run2,8700000,1779283064.791795
approach4_mm2_run2,8701000,1779283064.793257
approach4_mm2_run2,8702000,1779283064.794736
approach4_mm2_run2,8703000,1779283064.796226
approach4_mm2_run2,8704000,1779283064.797693
approach4_mm2_run2,8705000,1779283064.799181
approach4_mm2_run2,8706000,1779283065.004954
approach4_mm2_run2,8707000,1779283065.006425
approach4_mm2_run2,8708000,1779283065.007900
approach4_mm2_run2,8709000,1779283065.009358
approach4_mm2_run2,8710000,1779283065.010832
approach4_mm2_run2,8711000,1779283065.092233
approach4_mm2_run2,8712000,1779283065.093683
approach4_mm2_run2,8713000,1779283065.095174
approach4_mm2_run2,8714000,1779283065.096627
approach4_mm2_run2,8715000,1779283065.098087
approach4_mm2_run2,8716000,1779283065.175458
approach4_mm2_run2,8717000,1779283065.176912
approach4_mm2_run2,8718000,1779283065.178386
approach4_mm2_run2,8719000,1779283065.180521
approach4_mm2_run2,8720000,1779283065.182069
approach4_mm2_run2,8721000,1779283065.184262
approach4_mm2_run2,8722000,1779283065.186042
approach4_mm2_run2,8723000,1779283065.187506
approach4_mm2_run2,8724000,1779283065.188957
approach4_mm2_run2,8725000,1779283065.190425
approach4_mm2_run2,8726000,1779283065.191884
approach4_mm2_run2,8727000,1779283065.356641
approach4_mm2_run2,8728000,1779283065.358103
approach4_mm2_run2,8729000,1779283065.359569
approach4_mm2_run2,8730000,1779283065.361026
approach4_mm2_run2,8731000,1779283065.362506
approach4_mm2_run2,8732000,1779283065.520894
approach4_mm2_run2,8733000,1779283065.522357
approach4_mm2_run2,8734000,1779283065.523822
approach4_mm2_run2,8735000,1779283065.525318
approach4_mm2_run2,8736000,1779283065.526807
approach4_mm2_run2,8737000,1779283065.738272
approach4_mm2_run2,8738000,1779283065.739732
approach4_mm2_run2,8739000,1779283065.741189
approach4_mm2_run2,8740000,1779283065.742664
approach4_mm2_run2,8741000,1779283065.744128
approach4_mm2_run2,8742000,1779283065.745630
approach4_mm2_run2,8743000,1779283065.839829
approach4_mm2_run2,8744000,1779283065.841280
approach4_mm2_run2,8745000,1779283065.842743
approach4_mm2_run2,8746000,1779283065.844198
approach4_mm2_run2,8747000,1779283065.845695
approach4_mm2_run2,8748000,1779283066.026504
approach4_mm2_run2,8749000,1779283066.027962
approach4_mm2_run2,8750000,1779283066.029417
approach4_mm2_run2,8751000,1779283066.030884
approach4_mm2_run2,8752000,1779283066.032344
approach4_mm2_run2,8753000,1779283066.081972
approach4_mm2_run2,8754000,1779283066.083426
approach4_mm2_run2,8755000,1779283066.084901
approach4_mm2_run2,8756000,1779283066.086369
approach4_mm2_run2,8757000,1779283066.087833
approach4_mm2_run2,8758000,1779283066.249175
approach4_mm2_run2,8759000,1779283066.250638
approach4_mm2_run2,8760000,1779283066.252096
approach4_mm2_run2,8761000,1779283066.253602
approach4_mm2_run2,8762000,1779283066.255558
approach4_mm2_run2,8763000,1779283066.257536
approach4_mm2_run2,8764000,1779283066.259005
approach4_mm2_run2,8765000,1779283066.260465
approach4_mm2_run2,8766000,1779283066.261926
approach4_mm2_run2,8767000,1779283066.263392
approach4_mm2_run2,8768000,1779283066.264874
approach4_mm2_run2,8769000,1779283066.470105
approach4_mm2_run2,8770000,1779283066.471562
approach4_mm2_run2,8771000,1779283066.473017
approach4_mm2_run2,8772000,1779283066.474490
approach4_mm2_run2,8773000,1779283066.475976
approach4_mm2_run2,8774000,1779283066.581203
approach4_mm2_run2,8775000,1779283066.582672
approach4_mm2_run2,8776000,1779283066.584130
approach4_mm2_run2,8777000,1779283066.585619
approach4_mm2_run2,8778000,1779283066.587094
approach4_mm2_run2,8779000,1779283066.588567
approach4_mm2_run2,8780000,1779283066.809406
approach4_mm2_run2,8781000,1779283066.810876
approach4_mm2_run2,8782000,1779283066.812332
approach4_mm2_run2,8783000,1779283066.813794
approach4_mm2_run2,8784000,1779283066.815307
approach4_mm2_run2,8785000,1779283066.862238
approach4_mm2_run2,8786000,1779283066.863698
approach4_mm2_run2,8787000,1779283066.865172
approach4_mm2_run2,8788000,1779283066.866646
approach4_mm2_run2,8789000,1779283066.868108
approach4_mm2_run2,8790000,1779283066.977750
approach4_mm2_run2,8791000,1779283066.979212
approach4_mm2_run2,8792000,1779283066.980670
approach4_mm2_run2,8793000,1779283066.982129
approach4_mm2_run2,8794000,1779283066.983608
approach4_mm2_run2,8795000,1779283066.988506
approach4_mm2_run2,8796000,1779283066.989971
approach4_mm2_run2,8797000,1779283066.991446
approach4_mm2_run2,8798000,1779283066.992905
approach4_mm2_run2,8799000,1779283066.994379
approach4_mm2_run2,8800000,1779283066.995881
approach4_mm2_run2,8801000,1779283067.204619
approach4_mm2_run2,8802000,1779283067.206101
approach4_mm2_run2,8803000,1779283067.207569
approach4_mm2_run2,8804000,1779283067.209044
approach4_mm2_run2,8805000,1779283067.210517
approach4_mm2_run2,8806000,1779283067.327827
approach4_mm2_run2,8807000,1779283067.329282
approach4_mm2_run2,8808000,1779283067.330752
approach4_mm2_run2,8809000,1779283067.332215
approach4_mm2_run2,8810000,1779283067.333686
approach4_mm2_run2,8811000,1779283067.491243
approach4_mm2_run2,8812000,1779283067.492706
approach4_mm2_run2,8813000,1779283067.494172
approach4_mm2_run2,8814000,1779283067.495677
approach4_mm2_run2,8815000,1779283067.497144
approach4_mm2_run2,8816000,1779283067.706274
approach4_mm2_run2,8817000,1779283067.707735
approach4_mm2_run2,8818000,1779283067.709189
approach4_mm2_run2,8819000,1779283067.710656
approach4_mm2_run2,8820000,1779283067.712113
approach4_mm2_run2,8821000,1779283067.720968
approach4_mm2_run2,8822000,1779283067.722436
approach4_mm2_run2,8823000,1779283067.723903
approach4_mm2_run2,8824000,1779283067.725391
approach4_mm2_run2,8825000,1779283067.726874
approach4_mm2_run2,8826000,1779283067.728352
approach4_mm2_run2,8827000,1779283067.936460
approach4_mm2_run2,8828000,1779283067.937912
approach4_mm2_run2,8829000,1779283067.939373
approach4_mm2_run2,8830000,1779283067.940821
approach4_mm2_run2,8831000,1779283067.942276
approach4_mm2_run2,8832000,1779283068.043071
approach4_mm2_run2,8833000,1779283068.044526
approach4_mm2_run2,8834000,1779283068.046006
approach4_mm2_run2,8835000,1779283068.047473
approach4_mm2_run2,8836000,1779283068.048921
approach4_mm2_run2,8837000,1779283068.172799
approach4_mm2_run2,8838000,1779283068.174261
approach4_mm2_run2,8839000,1779283068.175764
approach4_mm2_run2,8840000,1779283068.177239
approach4_mm2_run2,8841000,1779283068.435045
approach4_mm2_run2,8842000,1779283068.436500
approach4_mm2_run2,8843000,1779283068.437955
approach4_mm2_run2,8844000,1779283068.439424
approach4_mm2_run2,8845000,1779283068.440889
approach4_mm2_run2,8846000,1779283068.454027
approach4_mm2_run2,8847000,1779283068.455524
approach4_mm2_run2,8848000,1779283068.456991
approach4_mm2_run2,8849000,1779283068.458470
approach4_mm2_run2,8850000,1779283068.459941
approach4_mm2_run2,8851000,1779283068.667550
approach4_mm2_run2,8852000,1779283068.669004
approach4_mm2_run2,8853000,1779283068.670484
approach4_mm2_run2,8854000,1779283068.671946
approach4_mm2_run2,8855000,1779283068.673409
approach4_mm2_run2,8856000,1779283068.674922
approach4_mm2_run2,8857000,1779283068.879193
approach4_mm2_run2,8858000,1779283068.880647
approach4_mm2_run2,8859000,1779283068.882102
approach4_mm2_run2,8860000,1779283068.883561
approach4_mm2_run2,8861000,1779283068.885039
approach4_mm2_run2,8862000,1779283069.163234
approach4_mm2_run2,8863000,1779283069.164687
approach4_mm2_run2,8864000,1779283069.166179
approach4_mm2_run2,8865000,1779283069.167667
approach4_mm2_run2,8866000,1779283069.169156
approach4_mm2_run2,8867000,1779283069.187063
approach4_mm2_run2,8868000,1779283069.188541
approach4_mm2_run2,8869000,1779283069.190019
approach4_mm2_run2,8870000,1779283069.191508
approach4_mm2_run2,8871000,1779283069.192989
approach4_mm2_run2,8872000,1779283069.398722
approach4_mm2_run2,8873000,1779283069.400182
approach4_mm2_run2,8874000,1779283069.401637
approach4_mm2_run2,8875000,1779283069.403101
approach4_mm2_run2,8876000,1779283069.404557
approach4_mm2_run2,8877000,1779283069.406054
approach4_mm2_run2,8878000,1779283069.714139
approach4_mm2_run2,8879000,1779283069.715630
approach4_mm2_run2,8880000,1779283069.717085
approach4_mm2_run2,8881000,1779283069.718557
approach4_mm2_run2,8882000,1779283069.720023
approach4_mm2_run2,8883000,1779283069.894875
approach4_mm2_run2,8884000,1779283069.896333
approach4_mm2_run2,8885000,1779283069.897793
approach4_mm2_run2,8886000,1779283069.899265
approach4_mm2_run2,8887000,1779283069.900734
approach4_mm2_run2,8888000,1779283069.919286
approach4_mm2_run2,8889000,1779283069.920734
approach4_mm2_run2,8890000,1779283069.922186
approach4_mm2_run2,8891000,1779283069.923666
approach4_mm2_run2,8892000,1779283069.925159
approach4_mm2_run2,8893000,1779283069.926654
approach4_mm2_run2,8894000,1779283070.133742
approach4_mm2_run2,8895000,1779283070.135246
approach4_mm2_run2,8896000,1779283070.136706
approach4_mm2_run2,8897000,1779283070.138173
approach4_mm2_run2,8898000,1779283070.139664
approach4_mm2_run2,8899000,1779283070.549625
approach4_mm2_run2,8900000,1779283070.551102
approach4_mm2_run2,8901000,1779283070.552547
approach4_mm2_run2,8902000,1779283070.553994
approach4_mm2_run2,8903000,1779283070.555487
approach4_mm2_run2,8904000,1779283070.621444
approach4_mm2_run2,8905000,1779283070.622904
approach4_mm2_run2,8906000,1779283070.624370
approach4_mm2_run2,8907000,1779283070.625866
approach4_mm2_run2,8908000,1779283070.627344
approach4_mm2_run2,8909000,1779283070.653878
approach4_mm2_run2,8910000,1779283070.655369
approach4_mm2_run2,8911000,1779283070.656833
approach4_mm2_run2,8912000,1779283070.658306
approach4_mm2_run2,8913000,1779283070.659778
approach4_mm2_run2,8914000,1779283070.661259
approach4_mm2_run2,8915000,1779283070.864655
approach4_mm2_run2,8916000,1779283070.866150
approach4_mm2_run2,8917000,1779283070.867625
approach4_mm2_run2,8918000,1779283070.869087
approach4_mm2_run2,8919000,1779283070.870570
approach4_mm2_run2,8920000,1779283071.349238
approach4_mm2_run2,8921000,1779283071.350705
approach4_mm2_run2,8922000,1779283071.352161
approach4_mm2_run2,8923000,1779283071.353612
approach4_mm2_run2,8924000,1779283071.355113
approach4_mm2_run2,8925000,1779283071.384502
approach4_mm2_run2,8926000,1779283071.386038
approach4_mm2_run2,8927000,1779283071.388458
approach4_mm2_run2,8928000,1779283071.389973
approach4_mm2_run2,8929000,1779283071.391461
approach4_mm2_run2,8930000,1779283071.392932
approach4_mm2_run2,8931000,1779283071.394423
approach4_mm2_run2,8932000,1779283071.395919
approach4_mm2_run2,8933000,1779283071.397394
approach4_mm2_run2,8934000,1779283071.398885
approach4_mm2_run2,8935000,1779283071.400374
approach4_mm2_run2,8936000,1779283071.891605
approach4_mm2_run2,8937000,1779283071.893059
approach4_mm2_run2,8938000,1779283071.894532
approach4_mm2_run2,8939000,1779283071.896017
approach4_mm2_run2,8940000,1779283071.897488
approach4_mm2_run2,8941000,1779283072.077647
approach4_mm2_run2,8942000,1779283072.079123
approach4_mm2_run2,8943000,1779283072.080582
approach4_mm2_run2,8944000,1779283072.082043
approach4_mm2_run2,8945000,1779283072.083524
approach4_mm2_run2,8946000,1779283072.119212
approach4_mm2_run2,8947000,1779283072.120673
approach4_mm2_run2,8948000,1779283072.122131
approach4_mm2_run2,8949000,1779283072.123599
approach4_mm2_run2,8950000,1779283072.125094
approach4_mm2_run2,8951000,1779283072.222554
approach4_mm2_run2,8952000,1779283072.224007
approach4_mm2_run2,8953000,1779283072.225495
approach4_mm2_run2,8954000,1779283072.226962
approach4_mm2_run2,8955000,1779283072.228416
approach4_mm2_run2,8956000,1779283072.229876
approach4_mm2_run2,8957000,1779283072.806797
approach4_mm2_run2,8958000,1779283072.808257
approach4_mm2_run2,8959000,1779283072.809717
approach4_mm2_run2,8960000,1779283072.811210
approach4_mm2_run2,8961000,1779283072.812677
approach4_mm2_run2,8962000,1779283072.852643
approach4_mm2_run2,8963000,1779283072.854118
approach4_mm2_run2,8964000,1779283072.855607
approach4_mm2_run2,8965000,1779283072.857059
approach4_mm2_run2,8966000,1779283072.858530
approach4_mm2_run2,8967000,1779283073.056288
approach4_mm2_run2,8968000,1779283073.057733
approach4_mm2_run2,8969000,1779283073.059192
approach4_mm2_run2,8970000,1779283073.060647
approach4_mm2_run2,8971000,1779283073.062106
approach4_mm2_run2,8972000,1779283073.468356
approach4_mm2_run2,8973000,1779283073.469811
approach4_mm2_run2,8974000,1779283073.471284
approach4_mm2_run2,8975000,1779283073.472745
approach4_mm2_run2,8976000,1779283073.474209
approach4_mm2_run2,8977000,1779283073.584897
approach4_mm2_run2,8978000,1779283073.586362
approach4_mm2_run2,8979000,1779283073.587829
approach4_mm2_run2,8980000,1779283073.589284
approach4_mm2_run2,8981000,1779283073.590761
approach4_mm2_run2,8982000,1779283073.890181
approach4_mm2_run2,8983000,1779283073.891638
approach4_mm2_run2,8984000,1779283073.893086
approach4_mm2_run2,8985000,1779283073.894552
approach4_mm2_run2,8986000,1779283073.896030
approach4_mm2_run2,8987000,1779283073.897484
approach4_mm2_run2,8988000,1779283074.319644
approach4_mm2_run2,8989000,1779283074.321099
approach4_mm2_run2,8990000,1779283074.322566
approach4_mm2_run2,8991000,1779283074.324026
approach4_mm2_run2,8992000,1779283074.325527
approach4_mm2_run2,8993000,1779283074.726313
approach4_mm2_run2,8994000,1779283074.727764
approach4_mm2_run2,8995000,1779283074.729213
approach4_mm2_run2,8996000,1779283074.730678
approach4_mm2_run2,8997000,1779283074.732137
approach4_mm2_run2,8998000,1779283075.049624
approach4_mm2_run2,8999000,1779283075.051093
approach4_mm2_run2,9000000,1779283075.052552
approach4_mm2_run2,9001000,1779283075.054041
approach4_mm2_run2,9002000,1779283075.055543
approach4_mm2_run2,9003000,1779283075.057013
approach4_mm2_run2,9004000,1779283075.562287
approach4_mm2_run2,9005000,1779283075.563753
approach4_mm2_run2,9006000,1779283075.565233
approach4_mm2_run2,9007000,1779283075.566702
approach4_mm2_run2,9008000,1779283075.568176
approach4_mm2_run2,9009000,1779283075.783267
approach4_mm2_run2,9010000,1779283075.784719
approach4_mm2_run2,9011000,1779283075.786195
approach4_mm2_run2,9012000,1779283075.787668
approach4_mm2_run2,9013000,1779283075.789138
approach4_mm2_run2,9014000,1779283076.398125
approach4_mm2_run2,9015000,1779283076.399584
approach4_mm2_run2,9016000,1779283076.401034
approach4_mm2_run2,9017000,1779283076.402502
approach4_mm2_run2,9018000,1779283076.403963
approach4_mm2_run2,9019000,1779283076.514408
approach4_mm2_run2,9020000,1779283076.515902
approach4_mm2_run2,9021000,1779283076.517366
approach4_mm2_run2,9022000,1779283076.518846
approach4_mm2_run2,9023000,1779283076.520311
approach4_mm2_run2,9024000,1779283076.521786
approach4_mm2_run2,9025000,1779283077.236007
approach4_mm2_run2,9026000,1779283077.237470
approach4_mm2_run2,9027000,1779283077.238928
approach4_mm2_run2,9028000,1779283077.240381
approach4_mm2_run2,9029000,1779283077.241839
approach4_mm2_run2,9030000,1779283077.247369
approach4_mm2_run2,9031000,1779283077.248831
approach4_mm2_run2,9032000,1779283077.250291
approach4_mm2_run2,9033000,1779283077.251771
approach4_mm2_run2,9034000,1779283077.253241
approach4_mm2_run2,9035000,1779283077.980031
approach4_mm2_run2,9036000,1779283077.981493
approach4_mm2_run2,9037000,1779283077.982965
approach4_mm2_run2,9038000,1779283077.984424
approach4_mm2_run2,9039000,1779283077.985923
approach4_mm2_run2,9040000,1779283077.987421
approach4_mm2_run2,9041000,1779283078.070039
approach4_mm2_run2,9042000,1779283078.071524
approach4_mm2_run2,9043000,1779283078.072980
approach4_mm2_run2,9044000,1779283078.074450
approach4_mm2_run2,9045000,1779283078.075951
approach4_mm2_run2,9046000,1779283078.906279
approach4_mm2_run2,9047000,1779283078.907750
approach4_mm2_run2,9048000,1779283078.909201
approach4_mm2_run2,9049000,1779283078.910673
approach4_mm2_run2,9050000,1779283078.912139
approach4_mm2_run2,9051000,1779283079.064756
approach4_mm2_run2,9052000,1779283079.066237
approach4_mm2_run2,9053000,1779283079.067715
approach4_mm2_run2,9054000,1779283079.069205
approach4_mm2_run2,9055000,1779283079.070689
approach4_mm2_run2,9056000,1779283079.738561
approach4_mm2_run2,9057000,1779283079.740013
approach4_mm2_run2,9058000,1779283079.741468
approach4_mm2_run2,9059000,1779283079.742942
approach4_mm2_run2,9060000,1779283079.744401
approach4_mm2_run2,9061000,1779283079.745892
approach4_mm2_run2,9062000,1779283079.796998
approach4_mm2_run2,9063000,1779283079.798468
approach4_mm2_run2,9064000,1779283079.799934
approach4_mm2_run2,9065000,1779283079.801401
approach4_mm2_run2,9066000,1779283079.802893
approach4_mm2_run2,9067000,1779283080.531677
approach4_mm2_run2,9068000,1779283080.533138
approach4_mm2_run2,9069000,1779283080.534615
approach4_mm2_run2,9070000,1779283080.536108
approach4_mm2_run2,9071000,1779283080.537576
approach4_mm2_run2,9072000,1779283080.574137
approach4_mm2_run2,9073000,1779283080.575636
approach4_mm2_run2,9074000,1779283080.577092
approach4_mm2_run2,9075000,1779283080.578566
approach4_mm2_run2,9076000,1779283080.580033
approach4_mm2_run2,9077000,1779283081.263691
approach4_mm2_run2,9078000,1779283081.265177
approach4_mm2_run2,9079000,1779283081.266656
approach4_mm2_run2,9080000,1779283081.268117
approach4_mm2_run2,9081000,1779283081.269578
approach4_mm2_run2,9082000,1779283081.271054
approach4_mm2_run2,9083000,1779283081.410710
approach4_mm2_run2,9084000,1779283081.412170
approach4_mm2_run2,9085000,1779283081.413653
approach4_mm2_run2,9086000,1779283081.415155
approach4_mm2_run2,9087000,1779283081.416615
approach4_mm2_run2,9088000,1779283081.996624
approach4_mm2_run2,9089000,1779283081.998108
approach4_mm2_run2,9090000,1779283081.999592
approach4_mm2_run2,9091000,1779283082.001055
approach4_mm2_run2,9092000,1779283082.002538
approach4_mm2_run2,9093000,1779283082.247325
approach4_mm2_run2,9094000,1779283082.248786
approach4_mm2_run2,9095000,1779283082.250240
approach4_mm2_run2,9096000,1779283082.251708
approach4_mm2_run2,9097000,1779283082.253172
approach4_mm2_run2,9098000,1779283082.254655
approach4_mm2_run2,9099000,1779283082.729796
approach4_mm2_run2,9100000,1779283082.731277
approach4_mm2_run2,9101000,1779283082.732748
approach4_mm2_run2,9102000,1779283082.734222
approach4_mm2_run2,9103000,1779283082.735747
approach4_mm2_run2,9104000,1779283083.080287
approach4_mm2_run2,9105000,1779283083.081761
approach4_mm2_run2,9106000,1779283083.083228
approach4_mm2_run2,9107000,1779283083.084682
approach4_mm2_run2,9108000,1779283083.086172
approach4_mm2_run2,9109000,1779283083.461616
approach4_mm2_run2,9110000,1779283083.463083
approach4_mm2_run2,9111000,1779283083.464547
approach4_mm2_run2,9112000,1779283083.466046
approach4_mm2_run2,9113000,1779283083.467533
approach4_mm2_run2,9114000,1779283083.916745
approach4_mm2_run2,9115000,1779283083.918197
approach4_mm2_run2,9116000,1779283083.919659
approach4_mm2_run2,9117000,1779283083.921111
approach4_mm2_run2,9118000,1779283083.922575
approach4_mm2_run2,9119000,1779283083.924038
approach4_mm2_run2,9120000,1779283084.194142
approach4_mm2_run2,9121000,1779283084.195640
approach4_mm2_run2,9122000,1779283084.197101
approach4_mm2_run2,9123000,1779283084.198581
approach4_mm2_run2,9124000,1779283084.200048
approach4_mm2_run2,9125000,1779283084.750897
approach4_mm2_run2,9126000,1779283084.752351
approach4_mm2_run2,9127000,1779283084.753804
approach4_mm2_run2,9128000,1779283084.755298
approach4_mm2_run2,9129000,1779283084.756762
approach4_mm2_run2,9130000,1779283084.925703
approach4_mm2_run2,9131000,1779283084.927168
approach4_mm2_run2,9132000,1779283084.928622
approach4_mm2_run2,9133000,1779283084.930078
approach4_mm2_run2,9134000,1779283084.931556
approach4_mm2_run2,9135000,1779283084.933028
approach4_mm2_run2,9136000,1779283085.587687
approach4_mm2_run2,9137000,1779283085.589139
approach4_mm2_run2,9138000,1779283085.590605
approach4_mm2_run2,9139000,1779283085.592066
approach4_mm2_run2,9140000,1779283085.593532
approach4_mm2_run2,9141000,1779283085.658981
approach4_mm2_run2,9142000,1779283085.660438
approach4_mm2_run2,9143000,1779283085.661894
approach4_mm2_run2,9144000,1779283085.663368
approach4_mm2_run2,9145000,1779283085.664859
approach4_mm2_run2,9146000,1779283086.391161
approach4_mm2_run2,9147000,1779283086.392620
approach4_mm2_run2,9148000,1779283086.394078
approach4_mm2_run2,9149000,1779283086.395582
approach4_mm2_run2,9150000,1779283086.397047
approach4_mm2_run2,9151000,1779283086.420939
approach4_mm2_run2,9152000,1779283086.422414
approach4_mm2_run2,9153000,1779283086.423870
approach4_mm2_run2,9154000,1779283086.425358
approach4_mm2_run2,9155000,1779283086.426837
approach4_mm2_run2,9156000,1779283086.428303
approach4_mm2_run2,9157000,1779283087.124370
approach4_mm2_run2,9158000,1779283087.125855
approach4_mm2_run2,9159000,1779283087.127333
approach4_mm2_run2,9160000,1779283087.128794
approach4_mm2_run2,9161000,1779283087.130261
approach4_mm2_run2,9162000,1779283087.259478
approach4_mm2_run2,9163000,1779283087.260931
approach4_mm2_run2,9164000,1779283087.262398
approach4_mm2_run2,9165000,1779283087.263857
approach4_mm2_run2,9166000,1779283087.265350
approach4_mm2_run2,9167000,1779283087.856544
approach4_mm2_run2,9168000,1779283087.858027
approach4_mm2_run2,9169000,1779283087.859500
approach4_mm2_run2,9170000,1779283087.860958
approach4_mm2_run2,9171000,1779283087.862430
approach4_mm2_run2,9172000,1779283088.447114
approach4_mm2_run2,9173000,1779283088.448566
approach4_mm2_run2,9174000,1779283088.450017
approach4_mm2_run2,9175000,1779283088.451483
approach4_mm2_run2,9176000,1779283088.452941
approach4_mm2_run2,9177000,1779283088.454421
approach4_mm2_run2,9178000,1779283088.589588
approach4_mm2_run2,9179000,1779283088.591069
approach4_mm2_run2,9180000,1779283088.592532
approach4_mm2_run2,9181000,1779283088.593996
approach4_mm2_run2,9182000,1779283088.595509
approach4_mm2_run2,9183000,1779283089.281973
approach4_mm2_run2,9184000,1779283089.283436
approach4_mm2_run2,9185000,1779283089.284912
approach4_mm2_run2,9186000,1779283089.286373
approach4_mm2_run2,9187000,1779283089.287843
approach4_mm2_run2,9188000,1779283089.675464
approach4_mm2_run2,9189000,1779283089.676926
approach4_mm2_run2,9190000,1779283089.678403
approach4_mm2_run2,9191000,1779283089.679869
approach4_mm2_run2,9192000,1779283089.681338
approach4_mm2_run2,9193000,1779283089.682830
approach4_mm2_run2,9194000,1779283090.118427
approach4_mm2_run2,9195000,1779283090.119876
approach4_mm2_run2,9196000,1779283090.121326
approach4_mm2_run2,9197000,1779283090.122799
approach4_mm2_run2,9198000,1779283090.124263
approach4_mm2_run2,9199000,1779283090.406903
approach4_mm2_run2,9200000,1779283090.408369
approach4_mm2_run2,9201000,1779283090.409835
approach4_mm2_run2,9202000,1779283090.411308
approach4_mm2_run2,9203000,1779283090.412771
approach4_mm2_run2,9204000,1779283090.952376
approach4_mm2_run2,9205000,1779283090.953828
approach4_mm2_run2,9206000,1779283090.955320
approach4_mm2_run2,9207000,1779283090.956776
approach4_mm2_run2,9208000,1779283090.958238
approach4_mm2_run2,9209000,1779283091.006125
approach4_mm2_run2,9210000,1779283091.007585
approach4_mm2_run2,9211000,1779283091.009039
approach4_mm2_run2,9212000,1779283091.010504
approach4_mm2_run2,9213000,1779283091.011964
approach4_mm2_run2,9214000,1779283091.794180
approach4_mm2_run2,9215000,1779283091.795692
approach4_mm2_run2,9216000,1779283091.797141
approach4_mm2_run2,9217000,1779283091.798605
approach4_mm2_run2,9218000,1779283091.800066
approach4_mm2_run2,9219000,1779283092.625520
approach4_mm2_run2,9220000,1779283092.626987
approach4_mm2_run2,9221000,1779283092.628439
approach4_mm2_run2,9222000,1779283092.629891
approach4_mm2_run2,9223000,1779283092.631366
approach4_mm2_run2,9224000,1779283093.462559
approach4_mm2_run2,9225000,1779283093.464009
approach4_mm2_run2,9226000,1779283093.465497
approach4_mm2_run2,9227000,1779283093.466958
approach4_mm2_run2,9228000,1779283093.468414
approach4_mm2_run2,9229000,1779283093.469880
approach4_mm2_run2,9230000,1779283094.296125
approach4_mm2_run2,9231000,1779283094.297593
approach4_mm2_run2,9232000,1779283094.299056
approach4_mm2_run2,9233000,1779283094.300507
approach4_mm2_run2,9234000,1779283094.301966
approach4_mm2_run2,9235000,1779283095.131948
approach4_mm2_run2,9236000,1779283095.133396
approach4_mm2_run2,9237000,1779283095.134887
approach4_mm2_run2,9238000,1779283095.136341
approach4_mm2_run2,9239000,1779283095.137800
approach4_mm2_run2,9240000,1779283095.967447
approach4_mm2_run2,9241000,1779283095.968898
approach4_mm2_run2,9242000,1779283095.970362
approach4_mm2_run2,9243000,1779283095.971817
approach4_mm2_run2,9244000,1779283095.973280
approach4_mm2_run2,9245000,1779283096.804508
approach4_mm2_run2,9246000,1779283096.805992
approach4_mm2_run2,9247000,1779283096.807471
approach4_mm2_run2,9248000,1779283096.808937
approach4_mm2_run2,9249000,1779283096.810420
approach4_mm2_run2,9250000,1779283096.811898
approach4_mm2_run2,9251000,1779283097.640212
approach4_mm2_run2,9252000,1779283097.641678
approach4_mm2_run2,9253000,1779283097.643150
approach4_mm2_run2,9254000,1779283097.644605
approach4_mm2_run2,9255000,1779283097.646095
approach4_mm2_run2,9256000,1779283098.478647
approach4_mm2_run2,9257000,1779283098.480099
approach4_mm2_run2,9258000,1779283098.481548
approach4_mm2_run2,9259000,1779283098.483014
approach4_mm2_run2,9260000,1779283098.484476
approach4_mm2_run2,9261000,1779283099.311668
approach4_mm2_run2,9262000,1779283099.313133
approach4_mm2_run2,9263000,1779283099.314600
approach4_mm2_run2,9264000,1779283099.316074
approach4_mm2_run2,9265000,1779283099.317523
approach4_mm2_run2,9266000,1779283099.318995
approach4_mm2_run2,9267000,1779283100.147313
approach4_mm2_run2,9268000,1779283100.148764
approach4_mm2_run2,9269000,1779283100.150215
approach4_mm2_run2,9270000,1779283100.151689
approach4_mm2_run2,9271000,1779283100.153155
approach4_mm2_run2,9272000,1779283100.981100
approach4_mm2_run2,9273000,1779283100.982567
approach4_mm2_run2,9274000,1779283100.984037
approach4_mm2_run2,9275000,1779283100.985561
approach4_mm2_run2,9276000,1779283100.987053
approach4_mm2_run2,9277000,1779283101.819774
approach4_mm2_run2,9278000,1779283101.821269
approach4_mm2_run2,9279000,1779283101.822765
approach4_mm2_run2,9280000,1779283101.824218
approach4_mm2_run2,9281000,1779283101.825714
approach4_mm2_run2,9282000,1779283102.662770
approach4_mm2_run2,9283000,1779283102.664220
approach4_mm2_run2,9284000,1779283102.665699
approach4_mm2_run2,9285000,1779283102.667165
approach4_mm2_run2,9286000,1779283102.668619
approach4_mm2_run2,9287000,1779283102.670081
approach4_mm2_run2,9288000,1779283103.508276
approach4_mm2_run2,9289000,1779283103.509729
approach4_mm2_run2,9290000,1779283103.511193
approach4_mm2_run2,9291000,1779283103.512644
approach4_mm2_run2,9292000,1779283103.514102
approach4_mm2_run2,9293000,1779283104.342775
approach4_mm2_run2,9294000,1779283104.344244
approach4_mm2_run2,9295000,1779283104.345736
approach4_mm2_run2,9296000,1779283104.347203
approach4_mm2_run2,9297000,1779283104.348662
approach4_mm2_run2,9298000,1779283105.528337
approach4_mm2_run2,9299000,1779283105.529797
approach4_mm2_run2,9300000,1779283105.531262
approach4_mm2_run2,9301000,1779283105.532715
approach4_mm2_run2,9302000,1779283105.534173
approach4_mm2_run2,9303000,1779283106.365751
approach4_mm2_run2,9304000,1779283106.367208
approach4_mm2_run2,9305000,1779283106.368650
approach4_mm2_run2,9306000,1779283106.370094
approach4_mm2_run2,9307000,1779283106.371563
approach4_mm2_run2,9308000,1779283106.373024
approach4_mm2_run2,9309000,1779283107.200158
approach4_mm2_run2,9310000,1779283107.201608
approach4_mm2_run2,9311000,1779283107.203072
approach4_mm2_run2,9312000,1779283107.204530
approach4_mm2_run2,9313000,1779283107.206035
approach4_mm2_run2,9314000,1779283107.838345
approach4_mm2_run2,9315000,1779283107.839808
approach4_mm2_run2,9316000,1779283107.841269
approach4_mm2_run2,9317000,1779283107.842752
