run_id,record_index,wall_clock_s
approach5_skyhost_run3,1000,1779282157.342077
approach5_skyhost_run3,2000,1779282157.349536
approach5_skyhost_run3,3000,1779282157.849968
approach5_skyhost_run3,4000,1779282157.853980
approach5_skyhost_run3,5000,1779282157.859590
approach5_skyhost_run3,6000,1779282157.863850
approach5_skyhost_run3,7000,1779282157.865724
approach5_skyhost_run3,8000,1779282157.958169
approach5_skyhost_run3,9000,1779282157.959907
approach5_skyhost_run3,10000,1779282157.961661
approach5_skyhost_run3,11000,1779282157.968455
approach5_skyhost_run3,12000,1779282157.970182
approach5_skyhost_run3,13000,1779282158.082405
approach5_skyhost_run3,14000,1779282158.084162
approach5_skyhost_run3,15000,1779282158.093606
approach5_skyhost_run3,16000,1779282158.095343
approach5_skyhost_run3,17000,1779282158.097089
approach5_skyhost_run3,18000,1779282158.098835
approach5_skyhost_run3,19000,1779282158.155177
approach5_skyhost_run3,20000,1779282158.160246
approach5_skyhost_run3,21000,1779282158.165120
approach5_skyhost_run3,22000,1779282158.169754
approach5_skyhost_run3,23000,1779282158.181792
approach5_skyhost_run3,24000,1779282158.183513
approach5_skyhost_run3,25000,1779282158.185256
approach5_skyhost_run3,26000,1779282158.191981
approach5_skyhost_run3,27000,1779282158.360167
approach5_skyhost_run3,28000,1779282158.361904
approach5_skyhost_run3,29000,1779282158.363726
approach5_skyhost_run3,30000,1779282158.365670
approach5_skyhost_run3,31000,1779282158.373589
approach5_skyhost_run3,32000,1779282158.375769
approach5_skyhost_run3,33000,1779282158.377538
approach5_skyhost_run3,34000,1779282158.379506
approach5_skyhost_run3,35000,1779282158.381536
approach5_skyhost_run3,36000,1779282158.383362
approach5_skyhost_run3,37000,1779282158.386417
approach5_skyhost_run3,38000,1779282158.388145
approach5_skyhost_run3,39000,1779282158.389883
approach5_skyhost_run3,40000,1779282158.391645
approach5_skyhost_run3,41000,1779282158.395515
approach5_skyhost_run3,42000,1779282158.463230
approach5_skyhost_run3,43000,1779282158.465018
approach5_skyhost_run3,44000,1779282158.578627
approach5_skyhost_run3,45000,1779282158.580374
approach5_skyhost_run3,46000,1779282158.582124
approach5_skyhost_run3,47000,1779282158.583926
approach5_skyhost_run3,48000,1779282158.587273
approach5_skyhost_run3,49000,1779282158.696731
approach5_skyhost_run3,50000,1779282158.698476
approach5_skyhost_run3,51000,1779282158.700214
approach5_skyhost_run3,52000,1779282158.701968
approach5_skyhost_run3,53000,1779282158.723998
approach5_skyhost_run3,54000,1779282158.792554
approach5_skyhost_run3,55000,1779282158.794338
approach5_skyhost_run3,56000,1779282158.796128
approach5_skyhost_run3,57000,1779282158.797890
approach5_skyhost_run3,58000,1779282158.880820
approach5_skyhost_run3,59000,1779282158.882589
approach5_skyhost_run3,60000,1779282158.885550
approach5_skyhost_run3,61000,1779282158.896197
approach5_skyhost_run3,62000,1779282158.897937
approach5_skyhost_run3,63000,1779282158.899702
approach5_skyhost_run3,64000,1779282158.901447
approach5_skyhost_run3,65000,1779282158.919235
approach5_skyhost_run3,66000,1779282158.921072
approach5_skyhost_run3,67000,1779282158.922844
approach5_skyhost_run3,68000,1779282158.924602
approach5_skyhost_run3,69000,1779282158.988546
approach5_skyhost_run3,70000,1779282158.990296
approach5_skyhost_run3,71000,1779282158.992061
approach5_skyhost_run3,72000,1779282158.993813
approach5_skyhost_run3,73000,1779282158.996733
approach5_skyhost_run3,74000,1779282159.033907
approach5_skyhost_run3,75000,1779282159.035713
approach5_skyhost_run3,76000,1779282159.037454
approach5_skyhost_run3,77000,1779282159.039221
approach5_skyhost_run3,78000,1779282159.053902
approach5_skyhost_run3,79000,1779282159.055686
approach5_skyhost_run3,80000,1779282159.057466
approach5_skyhost_run3,81000,1779282159.059252
approach5_skyhost_run3,82000,1779282159.139529
approach5_skyhost_run3,83000,1779282159.141293
approach5_skyhost_run3,84000,1779282159.210939
approach5_skyhost_run3,85000,1779282159.212695
approach5_skyhost_run3,86000,1779282159.214469
approach5_skyhost_run3,87000,1779282159.216374
approach5_skyhost_run3,88000,1779282159.218956
approach5_skyhost_run3,89000,1779282159.232496
approach5_skyhost_run3,90000,1779282159.234246
approach5_skyhost_run3,91000,1779282159.236026
approach5_skyhost_run3,92000,1779282159.237782
approach5_skyhost_run3,93000,1779282159.310912
approach5_skyhost_run3,94000,1779282159.312646
approach5_skyhost_run3,95000,1779282159.314442
approach5_skyhost_run3,96000,1779282159.318321
approach5_skyhost_run3,97000,1779282159.320077
approach5_skyhost_run3,98000,1779282159.330257
approach5_skyhost_run3,99000,1779282159.332015
approach5_skyhost_run3,100000,1779282159.333765
approach5_skyhost_run3,101000,1779282159.335556
approach5_skyhost_run3,102000,1779282159.406427
approach5_skyhost_run3,103000,1779282159.408177
approach5_skyhost_run3,104000,1779282159.409925
approach5_skyhost_run3,105000,1779282159.411689
approach5_skyhost_run3,106000,1779282159.415708
approach5_skyhost_run3,107000,1779282159.417463
approach5_skyhost_run3,108000,1779282159.427365
approach5_skyhost_run3,109000,1779282159.429110
approach5_skyhost_run3,110000,1779282159.430895
approach5_skyhost_run3,111000,1779282159.432661
approach5_skyhost_run3,112000,1779282159.515255
approach5_skyhost_run3,113000,1779282159.517796
approach5_skyhost_run3,114000,1779282159.519567
approach5_skyhost_run3,115000,1779282159.521314
approach5_skyhost_run3,116000,1779282159.523079
approach5_skyhost_run3,117000,1779282159.524858
approach5_skyhost_run3,118000,1779282159.535948
approach5_skyhost_run3,119000,1779282159.537687
approach5_skyhost_run3,120000,1779282159.539453
approach5_skyhost_run3,121000,1779282159.541216
approach5_skyhost_run3,122000,1779282159.627254
approach5_skyhost_run3,123000,1779282159.629012
approach5_skyhost_run3,124000,1779282159.671761
approach5_skyhost_run3,125000,1779282159.673514
approach5_skyhost_run3,126000,1779282159.675300
approach5_skyhost_run3,127000,1779282159.677044
approach5_skyhost_run3,128000,1779282159.685007
approach5_skyhost_run3,129000,1779282159.705683
approach5_skyhost_run3,130000,1779282159.707444
approach5_skyhost_run3,131000,1779282159.709188
approach5_skyhost_run3,132000,1779282159.710946
approach5_skyhost_run3,133000,1779282159.721115
approach5_skyhost_run3,134000,1779282159.809731
approach5_skyhost_run3,135000,1779282159.811500
approach5_skyhost_run3,136000,1779282159.813261
approach5_skyhost_run3,137000,1779282159.815057
approach5_skyhost_run3,138000,1779282159.823111
approach5_skyhost_run3,139000,1779282159.860238
approach5_skyhost_run3,140000,1779282159.861988
approach5_skyhost_run3,141000,1779282159.863756
approach5_skyhost_run3,142000,1779282159.865539
approach5_skyhost_run3,143000,1779282159.881881
approach5_skyhost_run3,144000,1779282159.883669
approach5_skyhost_run3,145000,1779282159.885442
approach5_skyhost_run3,146000,1779282159.887205
approach5_skyhost_run3,147000,1779282159.970825
approach5_skyhost_run3,148000,1779282159.972584
approach5_skyhost_run3,149000,1779282160.015733
approach5_skyhost_run3,150000,1779282160.017487
approach5_skyhost_run3,151000,1779282160.019260
approach5_skyhost_run3,152000,1779282160.021019
approach5_skyhost_run3,153000,1779282160.030866
approach5_skyhost_run3,154000,1779282160.119784
approach5_skyhost_run3,155000,1779282160.121562
approach5_skyhost_run3,156000,1779282160.123348
approach5_skyhost_run3,157000,1779282160.125116
approach5_skyhost_run3,158000,1779282160.133018
approach5_skyhost_run3,159000,1779282160.222159
approach5_skyhost_run3,160000,1779282160.223912
approach5_skyhost_run3,161000,1779282160.225683
approach5_skyhost_run3,162000,1779282160.227459
approach5_skyhost_run3,163000,1779282160.234766
approach5_skyhost_run3,164000,1779282160.317305
approach5_skyhost_run3,165000,1779282160.319070
approach5_skyhost_run3,166000,1779282160.320823
approach5_skyhost_run3,167000,1779282160.322589
approach5_skyhost_run3,168000,1779282160.337589
approach5_skyhost_run3,169000,1779282160.339342
approach5_skyhost_run3,170000,1779282160.341094
approach5_skyhost_run3,171000,1779282160.342853
approach5_skyhost_run3,172000,1779282160.428131
approach5_skyhost_run3,173000,1779282160.430815
approach5_skyhost_run3,174000,1779282160.432564
approach5_skyhost_run3,175000,1779282160.434326
approach5_skyhost_run3,176000,1779282160.436107
approach5_skyhost_run3,177000,1779282160.437852
approach5_skyhost_run3,178000,1779282160.440598
approach5_skyhost_run3,179000,1779282160.532348
approach5_skyhost_run3,180000,1779282160.534098
approach5_skyhost_run3,181000,1779282160.535901
approach5_skyhost_run3,182000,1779282160.537670
approach5_skyhost_run3,183000,1779282160.545779
approach5_skyhost_run3,184000,1779282160.632226
approach5_skyhost_run3,185000,1779282160.633981
approach5_skyhost_run3,186000,1779282160.635787
approach5_skyhost_run3,187000,1779282160.637552
approach5_skyhost_run3,188000,1779282160.650468
approach5_skyhost_run3,189000,1779282160.739993
approach5_skyhost_run3,190000,1779282160.741754
approach5_skyhost_run3,191000,1779282160.743513
approach5_skyhost_run3,192000,1779282160.745294
approach5_skyhost_run3,193000,1779282160.754268
approach5_skyhost_run3,194000,1779282160.837679
approach5_skyhost_run3,195000,1779282160.839443
approach5_skyhost_run3,196000,1779282160.841200
approach5_skyhost_run3,197000,1779282160.842972
approach5_skyhost_run3,198000,1779282160.853132
approach5_skyhost_run3,199000,1779282160.952992
approach5_skyhost_run3,200000,1779282160.954747
approach5_skyhost_run3,201000,1779282160.956542
approach5_skyhost_run3,202000,1779282160.958308
approach5_skyhost_run3,203000,1779282160.990036
approach5_skyhost_run3,204000,1779282161.056396
approach5_skyhost_run3,205000,1779282161.058149
approach5_skyhost_run3,206000,1779282161.059961
approach5_skyhost_run3,207000,1779282161.061737
approach5_skyhost_run3,208000,1779282161.069634
approach5_skyhost_run3,209000,1779282161.161278
approach5_skyhost_run3,210000,1779282161.163033
approach5_skyhost_run3,211000,1779282161.164785
approach5_skyhost_run3,212000,1779282161.166584
approach5_skyhost_run3,213000,1779282161.175764
approach5_skyhost_run3,214000,1779282161.248190
approach5_skyhost_run3,215000,1779282161.249939
approach5_skyhost_run3,216000,1779282161.251702
approach5_skyhost_run3,217000,1779282161.253469
approach5_skyhost_run3,218000,1779282161.263347
approach5_skyhost_run3,219000,1779282161.393594
approach5_skyhost_run3,220000,1779282161.395363
approach5_skyhost_run3,221000,1779282161.397161
approach5_skyhost_run3,222000,1779282161.398941
approach5_skyhost_run3,223000,1779282161.407422
approach5_skyhost_run3,224000,1779282161.455370
approach5_skyhost_run3,225000,1779282161.457115
approach5_skyhost_run3,226000,1779282161.458878
approach5_skyhost_run3,227000,1779282161.460639
approach5_skyhost_run3,228000,1779282161.468638
approach5_skyhost_run3,229000,1779282161.555837
approach5_skyhost_run3,230000,1779282161.557600
approach5_skyhost_run3,231000,1779282161.559360
approach5_skyhost_run3,232000,1779282161.561110
approach5_skyhost_run3,233000,1779282161.570882
approach5_skyhost_run3,234000,1779282161.653995
approach5_skyhost_run3,235000,1779282161.655787
approach5_skyhost_run3,236000,1779282161.657543
approach5_skyhost_run3,237000,1779282161.759394
approach5_skyhost_run3,238000,1779282161.761145
approach5_skyhost_run3,239000,1779282161.762919
approach5_skyhost_run3,240000,1779282161.764675
approach5_skyhost_run3,241000,1779282161.781167
approach5_skyhost_run3,242000,1779282161.912282
approach5_skyhost_run3,243000,1779282161.914032
approach5_skyhost_run3,244000,1779282161.915826
approach5_skyhost_run3,245000,1779282161.917570
approach5_skyhost_run3,246000,1779282161.941278
approach5_skyhost_run3,247000,1779282162.014638
approach5_skyhost_run3,248000,1779282162.016428
approach5_skyhost_run3,249000,1779282162.018191
approach5_skyhost_run3,250000,1779282162.019951
approach5_skyhost_run3,251000,1779282162.031648
approach5_skyhost_run3,252000,1779282162.080743
approach5_skyhost_run3,253000,1779282162.082499
approach5_skyhost_run3,254000,1779282162.084244
approach5_skyhost_run3,255000,1779282162.086028
approach5_skyhost_run3,256000,1779282162.093995
approach5_skyhost_run3,257000,1779282162.168923
approach5_skyhost_run3,258000,1779282162.170694
approach5_skyhost_run3,259000,1779282162.172458
approach5_skyhost_run3,260000,1779282162.174331
approach5_skyhost_run3,261000,1779282162.183895
approach5_skyhost_run3,262000,1779282162.273295
approach5_skyhost_run3,263000,1779282162.275091
approach5_skyhost_run3,264000,1779282162.276852
approach5_skyhost_run3,265000,1779282162.278629
approach5_skyhost_run3,266000,1779282162.288269
approach5_skyhost_run3,267000,1779282162.373723
approach5_skyhost_run3,268000,1779282162.375517
approach5_skyhost_run3,269000,1779282162.377301
approach5_skyhost_run3,270000,1779282162.379087
approach5_skyhost_run3,271000,1779282162.388052
approach5_skyhost_run3,272000,1779282162.426336
approach5_skyhost_run3,273000,1779282162.428085
approach5_skyhost_run3,274000,1779282162.429845
approach5_skyhost_run3,275000,1779282162.431631
approach5_skyhost_run3,276000,1779282162.446237
approach5_skyhost_run3,277000,1779282162.448009
approach5_skyhost_run3,278000,1779282162.449769
approach5_skyhost_run3,279000,1779282162.451549
approach5_skyhost_run3,280000,1779282162.531030
approach5_skyhost_run3,281000,1779282162.532778
approach5_skyhost_run3,282000,1779282162.579844
approach5_skyhost_run3,283000,1779282162.581570
approach5_skyhost_run3,284000,1779282162.583359
approach5_skyhost_run3,285000,1779282162.585140
approach5_skyhost_run3,286000,1779282162.593085
approach5_skyhost_run3,287000,1779282162.723358
approach5_skyhost_run3,288000,1779282162.725130
approach5_skyhost_run3,289000,1779282162.726880
approach5_skyhost_run3,290000,1779282162.728627
approach5_skyhost_run3,291000,1779282162.738790
approach5_skyhost_run3,292000,1779282162.796641
approach5_skyhost_run3,293000,1779282162.798410
approach5_skyhost_run3,294000,1779282162.800163
approach5_skyhost_run3,295000,1779282162.801922
approach5_skyhost_run3,296000,1779282162.818022
approach5_skyhost_run3,297000,1779282162.819769
approach5_skyhost_run3,298000,1779282162.821511
approach5_skyhost_run3,299000,1779282162.823273
approach5_skyhost_run3,300000,1779282162.875249
approach5_skyhost_run3,301000,1779282162.876981
approach5_skyhost_run3,302000,1779282162.878731
approach5_skyhost_run3,303000,1779282162.880467
approach5_skyhost_run3,304000,1779282162.894533
approach5_skyhost_run3,305000,1779282162.896294
approach5_skyhost_run3,306000,1779282162.898045
approach5_skyhost_run3,307000,1779282162.899822
approach5_skyhost_run3,308000,1779282162.908060
approach5_skyhost_run3,309000,1779282162.909823
approach5_skyhost_run3,310000,1779282162.947828
approach5_skyhost_run3,311000,1779282162.949564
approach5_skyhost_run3,312000,1779282162.951314
approach5_skyhost_run3,313000,1779282162.953069
approach5_skyhost_run3,314000,1779282162.986066
approach5_skyhost_run3,315000,1779282162.987815
approach5_skyhost_run3,316000,1779282163.004786
approach5_skyhost_run3,317000,1779282163.006568
approach5_skyhost_run3,318000,1779282163.008355
approach5_skyhost_run3,319000,1779282163.039022
approach5_skyhost_run3,320000,1779282163.040768
approach5_skyhost_run3,321000,1779282163.042529
approach5_skyhost_run3,322000,1779282163.092928
approach5_skyhost_run3,323000,1779282163.094690
approach5_skyhost_run3,324000,1779282163.096468
approach5_skyhost_run3,325000,1779282163.098235
approach5_skyhost_run3,326000,1779282163.107697
approach5_skyhost_run3,327000,1779282163.204602
approach5_skyhost_run3,328000,1779282163.206395
approach5_skyhost_run3,329000,1779282163.208166
approach5_skyhost_run3,330000,1779282163.295678
approach5_skyhost_run3,331000,1779282163.297414
approach5_skyhost_run3,332000,1779282163.299208
approach5_skyhost_run3,333000,1779282163.300965
approach5_skyhost_run3,334000,1779282163.311189
approach5_skyhost_run3,335000,1779282163.313275
approach5_skyhost_run3,336000,1779282163.315078
approach5_skyhost_run3,337000,1779282163.343350
approach5_skyhost_run3,338000,1779282163.345113
approach5_skyhost_run3,339000,1779282163.346877
approach5_skyhost_run3,340000,1779282163.348641
approach5_skyhost_run3,341000,1779282163.364635
approach5_skyhost_run3,342000,1779282163.366397
approach5_skyhost_run3,343000,1779282163.368144
approach5_skyhost_run3,344000,1779282163.369896
approach5_skyhost_run3,345000,1779282163.455511
approach5_skyhost_run3,346000,1779282163.457241
approach5_skyhost_run3,347000,1779282163.501261
approach5_skyhost_run3,348000,1779282163.503018
approach5_skyhost_run3,349000,1779282163.504769
approach5_skyhost_run3,350000,1779282163.506566
approach5_skyhost_run3,351000,1779282163.559708
approach5_skyhost_run3,352000,1779282163.606489
approach5_skyhost_run3,353000,1779282163.608236
approach5_skyhost_run3,354000,1779282163.609986
approach5_skyhost_run3,355000,1779282163.611763
approach5_skyhost_run3,356000,1779282163.620366
approach5_skyhost_run3,357000,1779282163.652759
approach5_skyhost_run3,358000,1779282163.654509
approach5_skyhost_run3,359000,1779282163.656280
approach5_skyhost_run3,360000,1779282163.658033
approach5_skyhost_run3,361000,1779282163.671971
approach5_skyhost_run3,362000,1779282163.673724
approach5_skyhost_run3,363000,1779282163.675508
approach5_skyhost_run3,364000,1779282163.677259
approach5_skyhost_run3,365000,1779282163.758999
approach5_skyhost_run3,366000,1779282163.760761
approach5_skyhost_run3,367000,1779282163.808924
approach5_skyhost_run3,368000,1779282163.810689
approach5_skyhost_run3,369000,1779282163.812459
approach5_skyhost_run3,370000,1779282163.814234
approach5_skyhost_run3,371000,1779282163.825220
approach5_skyhost_run3,372000,1779282163.912269
approach5_skyhost_run3,373000,1779282163.914033
approach5_skyhost_run3,374000,1779282163.915838
approach5_skyhost_run3,375000,1779282163.917587
approach5_skyhost_run3,376000,1779282163.929772
approach5_skyhost_run3,377000,1779282164.015699
approach5_skyhost_run3,378000,1779282164.017447
approach5_skyhost_run3,379000,1779282164.019212
approach5_skyhost_run3,380000,1779282164.020965
approach5_skyhost_run3,381000,1779282164.030460
approach5_skyhost_run3,382000,1779282164.120385
approach5_skyhost_run3,383000,1779282164.122142
approach5_skyhost_run3,384000,1779282164.123905
approach5_skyhost_run3,385000,1779282164.125694
approach5_skyhost_run3,386000,1779282164.135157
approach5_skyhost_run3,387000,1779282164.222428
approach5_skyhost_run3,388000,1779282164.224186
approach5_skyhost_run3,389000,1779282164.225979
approach5_skyhost_run3,390000,1779282164.227752
approach5_skyhost_run3,391000,1779282164.237451
approach5_skyhost_run3,392000,1779282164.317314
approach5_skyhost_run3,393000,1779282164.319103
approach5_skyhost_run3,394000,1779282164.338841
approach5_skyhost_run3,395000,1779282164.340686
approach5_skyhost_run3,396000,1779282164.342466
approach5_skyhost_run3,397000,1779282164.422219
approach5_skyhost_run3,398000,1779282164.423972
approach5_skyhost_run3,399000,1779282164.425757
approach5_skyhost_run3,400000,1779282164.427539
approach5_skyhost_run3,401000,1779282164.442004
approach5_skyhost_run3,402000,1779282164.443754
approach5_skyhost_run3,403000,1779282164.445532
approach5_skyhost_run3,404000,1779282164.447302
approach5_skyhost_run3,405000,1779282164.528635
approach5_skyhost_run3,406000,1779282164.530560
approach5_skyhost_run3,407000,1779282164.532992
approach5_skyhost_run3,408000,1779282164.534743
approach5_skyhost_run3,409000,1779282164.536490
approach5_skyhost_run3,410000,1779282164.538281
approach5_skyhost_run3,411000,1779282164.591690
approach5_skyhost_run3,412000,1779282164.634947
approach5_skyhost_run3,413000,1779282164.636697
approach5_skyhost_run3,414000,1779282164.638457
approach5_skyhost_run3,415000,1779282164.640202
approach5_skyhost_run3,416000,1779282164.649058
approach5_skyhost_run3,417000,1779282164.783579
approach5_skyhost_run3,418000,1779282164.785345
approach5_skyhost_run3,419000,1779282164.787102
approach5_skyhost_run3,420000,1779282164.788840
approach5_skyhost_run3,421000,1779282164.798215
approach5_skyhost_run3,422000,1779282164.834016
approach5_skyhost_run3,423000,1779282164.835804
approach5_skyhost_run3,424000,1779282164.837561
approach5_skyhost_run3,425000,1779282164.839342
approach5_skyhost_run3,426000,1779282164.856383
approach5_skyhost_run3,427000,1779282164.858129
approach5_skyhost_run3,428000,1779282164.859902
approach5_skyhost_run3,429000,1779282164.861673
approach5_skyhost_run3,430000,1779282164.941705
approach5_skyhost_run3,431000,1779282164.943474
approach5_skyhost_run3,432000,1779282164.945683
approach5_skyhost_run3,433000,1779282164.947471
approach5_skyhost_run3,434000,1779282164.949214
approach5_skyhost_run3,435000,1779282164.950971
approach5_skyhost_run3,436000,1779282164.957021
approach5_skyhost_run3,437000,1779282165.046023
approach5_skyhost_run3,438000,1779282165.047767
approach5_skyhost_run3,439000,1779282165.049504
approach5_skyhost_run3,440000,1779282165.051253
approach5_skyhost_run3,441000,1779282165.058708
approach5_skyhost_run3,442000,1779282165.148434
approach5_skyhost_run3,443000,1779282165.150178
approach5_skyhost_run3,444000,1779282165.151937
approach5_skyhost_run3,445000,1779282165.153686
approach5_skyhost_run3,446000,1779282165.163575
approach5_skyhost_run3,447000,1779282165.252532
approach5_skyhost_run3,448000,1779282165.254278
approach5_skyhost_run3,449000,1779282165.256066
approach5_skyhost_run3,450000,1779282165.257825
approach5_skyhost_run3,451000,1779282165.264711
approach5_skyhost_run3,452000,1779282165.353499
approach5_skyhost_run3,453000,1779282165.355284
approach5_skyhost_run3,454000,1779282165.357027
approach5_skyhost_run3,455000,1779282165.358797
approach5_skyhost_run3,456000,1779282165.364716
approach5_skyhost_run3,457000,1779282165.456759
approach5_skyhost_run3,458000,1779282165.458562
approach5_skyhost_run3,459000,1779282165.460326
approach5_skyhost_run3,460000,1779282165.462071
approach5_skyhost_run3,461000,1779282165.470698
approach5_skyhost_run3,462000,1779282165.558225
approach5_skyhost_run3,463000,1779282165.559981
approach5_skyhost_run3,464000,1779282165.561732
approach5_skyhost_run3,465000,1779282165.563504
approach5_skyhost_run3,466000,1779282165.574023
approach5_skyhost_run3,467000,1779282165.710211
approach5_skyhost_run3,468000,1779282165.711975
approach5_skyhost_run3,469000,1779282165.713726
approach5_skyhost_run3,470000,1779282165.715525
approach5_skyhost_run3,471000,1779282165.719503
approach5_skyhost_run3,472000,1779282165.764079
approach5_skyhost_run3,473000,1779282165.765895
approach5_skyhost_run3,474000,1779282165.767660
approach5_skyhost_run3,475000,1779282165.769418
approach5_skyhost_run3,476000,1779282165.776658
approach5_skyhost_run3,477000,1779282165.866703
approach5_skyhost_run3,478000,1779282165.868453
approach5_skyhost_run3,479000,1779282165.870202
approach5_skyhost_run3,480000,1779282165.871976
approach5_skyhost_run3,481000,1779282165.879983
approach5_skyhost_run3,482000,1779282165.969017
approach5_skyhost_run3,483000,1779282165.970774
approach5_skyhost_run3,484000,1779282165.972515
approach5_skyhost_run3,485000,1779282165.974260
approach5_skyhost_run3,486000,1779282165.984933
approach5_skyhost_run3,487000,1779282166.067780
approach5_skyhost_run3,488000,1779282166.069517
approach5_skyhost_run3,489000,1779282166.071282
approach5_skyhost_run3,490000,1779282166.073050
approach5_skyhost_run3,491000,1779282166.091012
approach5_skyhost_run3,492000,1779282166.092748
approach5_skyhost_run3,493000,1779282166.094505
approach5_skyhost_run3,494000,1779282166.096288
approach5_skyhost_run3,495000,1779282166.175034
approach5_skyhost_run3,496000,1779282166.176825
approach5_skyhost_run3,497000,1779282166.178675
approach5_skyhost_run3,498000,1779282166.180870
approach5_skyhost_run3,499000,1779282166.182644
approach5_skyhost_run3,500000,1779282166.184402
approach5_skyhost_run3,501000,1779282166.188901
approach5_skyhost_run3,502000,1779282166.273001
approach5_skyhost_run3,503000,1779282166.274753
approach5_skyhost_run3,504000,1779282166.276523
approach5_skyhost_run3,505000,1779282166.278270
approach5_skyhost_run3,506000,1779282166.290935
approach5_skyhost_run3,507000,1779282166.292671
approach5_skyhost_run3,508000,1779282166.294425
approach5_skyhost_run3,509000,1779282166.296211
approach5_skyhost_run3,510000,1779282166.377412
approach5_skyhost_run3,511000,1779282166.379332
approach5_skyhost_run3,512000,1779282166.381767
approach5_skyhost_run3,513000,1779282166.383525
approach5_skyhost_run3,514000,1779282166.385305
approach5_skyhost_run3,515000,1779282166.387069
approach5_skyhost_run3,516000,1779282166.399826
approach5_skyhost_run3,517000,1779282166.484703
approach5_skyhost_run3,518000,1779282166.486488
approach5_skyhost_run3,519000,1779282166.488232
approach5_skyhost_run3,520000,1779282166.490036
approach5_skyhost_run3,521000,1779282166.499590
approach5_skyhost_run3,522000,1779282166.522160
approach5_skyhost_run3,523000,1779282166.523906
approach5_skyhost_run3,524000,1779282166.525668
approach5_skyhost_run3,525000,1779282166.527429
approach5_skyhost_run3,526000,1779282166.612425
approach5_skyhost_run3,527000,1779282166.614189
approach5_skyhost_run3,528000,1779282166.615993
approach5_skyhost_run3,529000,1779282166.691514
approach5_skyhost_run3,530000,1779282166.693246
approach5_skyhost_run3,531000,1779282166.695020
approach5_skyhost_run3,532000,1779282166.696779
approach5_skyhost_run3,533000,1779282166.703282
approach5_skyhost_run3,534000,1779282166.794684
approach5_skyhost_run3,535000,1779282166.796443
approach5_skyhost_run3,536000,1779282166.798230
approach5_skyhost_run3,537000,1779282166.800019
approach5_skyhost_run3,538000,1779282166.811180
approach5_skyhost_run3,539000,1779282166.896153
approach5_skyhost_run3,540000,1779282166.897894
approach5_skyhost_run3,541000,1779282166.899659
approach5_skyhost_run3,542000,1779282166.901467
approach5_skyhost_run3,543000,1779282166.910494
approach5_skyhost_run3,544000,1779282166.999402
approach5_skyhost_run3,545000,1779282167.001145
approach5_skyhost_run3,546000,1779282167.002910
approach5_skyhost_run3,547000,1779282167.004675
approach5_skyhost_run3,548000,1779282167.014079
approach5_skyhost_run3,549000,1779282167.099492
approach5_skyhost_run3,550000,1779282167.101247
approach5_skyhost_run3,551000,1779282167.103011
approach5_skyhost_run3,552000,1779282167.104768
approach5_skyhost_run3,553000,1779282167.114919
approach5_skyhost_run3,554000,1779282167.252104
approach5_skyhost_run3,555000,1779282167.253851
approach5_skyhost_run3,556000,1779282167.255647
approach5_skyhost_run3,557000,1779282167.257410
approach5_skyhost_run3,558000,1779282167.270284
approach5_skyhost_run3,559000,1779282167.308002
approach5_skyhost_run3,560000,1779282167.309751
approach5_skyhost_run3,561000,1779282167.311511
approach5_skyhost_run3,562000,1779282167.313272
approach5_skyhost_run3,563000,1779282167.321121
approach5_skyhost_run3,564000,1779282167.409972
approach5_skyhost_run3,565000,1779282167.411727
approach5_skyhost_run3,566000,1779282167.413484
approach5_skyhost_run3,567000,1779282167.415291
approach5_skyhost_run3,568000,1779282167.424781
approach5_skyhost_run3,569000,1779282167.515368
approach5_skyhost_run3,570000,1779282167.517120
approach5_skyhost_run3,571000,1779282167.518888
approach5_skyhost_run3,572000,1779282167.520645
approach5_skyhost_run3,573000,1779282167.525256
approach5_skyhost_run3,574000,1779282167.616225
approach5_skyhost_run3,575000,1779282167.617984
approach5_skyhost_run3,576000,1779282167.619765
approach5_skyhost_run3,577000,1779282167.621539
approach5_skyhost_run3,578000,1779282167.628389
approach5_skyhost_run3,579000,1779282167.720465
approach5_skyhost_run3,580000,1779282167.722219
approach5_skyhost_run3,581000,1779282167.723990
approach5_skyhost_run3,582000,1779282167.725784
approach5_skyhost_run3,583000,1779282167.735496
approach5_skyhost_run3,584000,1779282167.867633
approach5_skyhost_run3,585000,1779282167.869379
approach5_skyhost_run3,586000,1779282167.871141
approach5_skyhost_run3,587000,1779282167.872902
approach5_skyhost_run3,588000,1779282167.882053
approach5_skyhost_run3,589000,1779282167.921042
approach5_skyhost_run3,590000,1779282167.922809
approach5_skyhost_run3,591000,1779282167.924561
approach5_skyhost_run3,592000,1779282167.926363
approach5_skyhost_run3,593000,1779282167.937144
approach5_skyhost_run3,594000,1779282168.036133
approach5_skyhost_run3,595000,1779282168.037884
approach5_skyhost_run3,596000,1779282168.039665
approach5_skyhost_run3,597000,1779282168.041445
approach5_skyhost_run3,598000,1779282168.069286
approach5_skyhost_run3,599000,1779282168.118270
approach5_skyhost_run3,600000,1779282168.120019
approach5_skyhost_run3,601000,1779282168.121768
approach5_skyhost_run3,602000,1779282168.123540
approach5_skyhost_run3,603000,1779282168.137659
approach5_skyhost_run3,604000,1779282168.139418
approach5_skyhost_run3,605000,1779282168.141173
approach5_skyhost_run3,606000,1779282168.142942
approach5_skyhost_run3,607000,1779282168.223596
approach5_skyhost_run3,608000,1779282168.225542
approach5_skyhost_run3,609000,1779282168.228287
approach5_skyhost_run3,610000,1779282168.230029
approach5_skyhost_run3,611000,1779282168.231788
approach5_skyhost_run3,612000,1779282168.233572
approach5_skyhost_run3,613000,1779282168.244170
approach5_skyhost_run3,614000,1779282168.331348
approach5_skyhost_run3,615000,1779282168.333095
approach5_skyhost_run3,616000,1779282168.334884
approach5_skyhost_run3,617000,1779282168.336640
approach5_skyhost_run3,618000,1779282168.345195
approach5_skyhost_run3,619000,1779282168.433085
approach5_skyhost_run3,620000,1779282168.434867
approach5_skyhost_run3,621000,1779282168.436631
approach5_skyhost_run3,622000,1779282168.438409
approach5_skyhost_run3,623000,1779282168.493046
approach5_skyhost_run3,624000,1779282168.535426
approach5_skyhost_run3,625000,1779282168.537183
approach5_skyhost_run3,626000,1779282168.538946
approach5_skyhost_run3,627000,1779282168.540701
approach5_skyhost_run3,628000,1779282168.551358
approach5_skyhost_run3,629000,1779282168.630032
approach5_skyhost_run3,630000,1779282168.631787
approach5_skyhost_run3,631000,1779282168.633555
approach5_skyhost_run3,632000,1779282168.635361
approach5_skyhost_run3,633000,1779282168.650090
approach5_skyhost_run3,634000,1779282168.651845
approach5_skyhost_run3,635000,1779282168.653592
approach5_skyhost_run3,636000,1779282168.655404
approach5_skyhost_run3,637000,1779282168.736928
approach5_skyhost_run3,638000,1779282168.738800
approach5_skyhost_run3,639000,1779282168.743256
approach5_skyhost_run3,640000,1779282168.745033
approach5_skyhost_run3,641000,1779282168.746813
approach5_skyhost_run3,642000,1779282168.748562
approach5_skyhost_run3,643000,1779282168.758084
approach5_skyhost_run3,644000,1779282168.844784
approach5_skyhost_run3,645000,1779282168.846576
approach5_skyhost_run3,646000,1779282168.848369
approach5_skyhost_run3,647000,1779282168.850151
approach5_skyhost_run3,648000,1779282168.860327
approach5_skyhost_run3,649000,1779282168.948710
approach5_skyhost_run3,650000,1779282168.950477
approach5_skyhost_run3,651000,1779282168.952223
approach5_skyhost_run3,652000,1779282168.953981
approach5_skyhost_run3,653000,1779282168.962355
approach5_skyhost_run3,654000,1779282169.050749
approach5_skyhost_run3,655000,1779282169.052504
approach5_skyhost_run3,656000,1779282169.054256
approach5_skyhost_run3,657000,1779282169.056051
approach5_skyhost_run3,658000,1779282169.112773
approach5_skyhost_run3,659000,1779282169.199944
approach5_skyhost_run3,660000,1779282169.201696
approach5_skyhost_run3,661000,1779282169.203429
approach5_skyhost_run3,662000,1779282169.205269
approach5_skyhost_run3,663000,1779282169.213140
approach5_skyhost_run3,664000,1779282169.269929
approach5_skyhost_run3,665000,1779282169.271689
approach5_skyhost_run3,666000,1779282169.273448
approach5_skyhost_run3,667000,1779282169.275255
approach5_skyhost_run3,668000,1779282169.294600
approach5_skyhost_run3,669000,1779282169.358864
approach5_skyhost_run3,670000,1779282169.360600
approach5_skyhost_run3,671000,1779282169.362357
approach5_skyhost_run3,672000,1779282169.364110
approach5_skyhost_run3,673000,1779282169.373346
approach5_skyhost_run3,674000,1779282169.461410
approach5_skyhost_run3,675000,1779282169.463175
approach5_skyhost_run3,676000,1779282169.464970
approach5_skyhost_run3,677000,1779282169.466747
approach5_skyhost_run3,678000,1779282169.472018
approach5_skyhost_run3,679000,1779282169.562388
approach5_skyhost_run3,680000,1779282169.564140
approach5_skyhost_run3,681000,1779282169.565922
approach5_skyhost_run3,682000,1779282169.567702
approach5_skyhost_run3,683000,1779282169.578082
approach5_skyhost_run3,684000,1779282169.665659
approach5_skyhost_run3,685000,1779282169.667421
approach5_skyhost_run3,686000,1779282169.669173
approach5_skyhost_run3,687000,1779282169.670943
approach5_skyhost_run3,688000,1779282169.681398
approach5_skyhost_run3,689000,1779282169.770629
approach5_skyhost_run3,690000,1779282169.772379
approach5_skyhost_run3,691000,1779282169.774130
approach5_skyhost_run3,692000,1779282169.775929
approach5_skyhost_run3,693000,1779282169.786033
approach5_skyhost_run3,694000,1779282169.872350
approach5_skyhost_run3,695000,1779282169.874100
approach5_skyhost_run3,696000,1779282169.875891
approach5_skyhost_run3,697000,1779282169.877654
approach5_skyhost_run3,698000,1779282169.886211
approach5_skyhost_run3,699000,1779282169.917328
approach5_skyhost_run3,700000,1779282169.919102
approach5_skyhost_run3,701000,1779282169.920862
approach5_skyhost_run3,702000,1779282169.922646
approach5_skyhost_run3,703000,1779282169.938115
approach5_skyhost_run3,704000,1779282169.939881
approach5_skyhost_run3,705000,1779282169.941639
approach5_skyhost_run3,706000,1779282169.943413
approach5_skyhost_run3,707000,1779282170.029258
approach5_skyhost_run3,708000,1779282170.031023
approach5_skyhost_run3,709000,1779282170.134144
approach5_skyhost_run3,710000,1779282170.135947
approach5_skyhost_run3,711000,1779282170.137706
approach5_skyhost_run3,712000,1779282170.139478
approach5_skyhost_run3,713000,1779282170.148468
approach5_skyhost_run3,714000,1779282170.220104
approach5_skyhost_run3,715000,1779282170.221854
approach5_skyhost_run3,716000,1779282170.223632
approach5_skyhost_run3,717000,1779282170.225422
approach5_skyhost_run3,718000,1779282170.233781
approach5_skyhost_run3,719000,1779282170.282998
approach5_skyhost_run3,720000,1779282170.284751
approach5_skyhost_run3,721000,1779282170.286553
approach5_skyhost_run3,722000,1779282170.288316
approach5_skyhost_run3,723000,1779282170.297179
approach5_skyhost_run3,724000,1779282170.384902
approach5_skyhost_run3,725000,1779282170.386704
approach5_skyhost_run3,726000,1779282170.388462
approach5_skyhost_run3,727000,1779282170.390219
approach5_skyhost_run3,728000,1779282170.399401
approach5_skyhost_run3,729000,1779282170.487532
approach5_skyhost_run3,730000,1779282170.489282
approach5_skyhost_run3,731000,1779282170.491058
approach5_skyhost_run3,732000,1779282170.492835
approach5_skyhost_run3,733000,1779282170.503625
approach5_skyhost_run3,734000,1779282170.589370
approach5_skyhost_run3,735000,1779282170.591126
approach5_skyhost_run3,736000,1779282170.592882
approach5_skyhost_run3,737000,1779282170.594652
approach5_skyhost_run3,738000,1779282170.604726
approach5_skyhost_run3,739000,1779282170.692819
approach5_skyhost_run3,740000,1779282170.694589
approach5_skyhost_run3,741000,1779282170.696370
approach5_skyhost_run3,742000,1779282170.698137
approach5_skyhost_run3,743000,1779282170.707155
approach5_skyhost_run3,744000,1779282170.809156
approach5_skyhost_run3,745000,1779282170.810919
approach5_skyhost_run3,746000,1779282170.812687
approach5_skyhost_run3,747000,1779282170.814469
approach5_skyhost_run3,748000,1779282170.842479
approach5_skyhost_run3,749000,1779282170.844273
approach5_skyhost_run3,750000,1779282170.846051
approach5_skyhost_run3,751000,1779282170.847810
approach5_skyhost_run3,752000,1779282170.849566
approach5_skyhost_run3,753000,1779282170.862122
approach5_skyhost_run3,754000,1779282170.863882
approach5_skyhost_run3,755000,1779282170.865663
approach5_skyhost_run3,756000,1779282170.867441
approach5_skyhost_run3,757000,1779282170.949712
approach5_skyhost_run3,758000,1779282170.951488
approach5_skyhost_run3,759000,1779282171.001869
approach5_skyhost_run3,760000,1779282171.003641
approach5_skyhost_run3,761000,1779282171.005441
approach5_skyhost_run3,762000,1779282171.007220
approach5_skyhost_run3,763000,1779282171.015192
approach5_skyhost_run3,764000,1779282171.104132
approach5_skyhost_run3,765000,1779282171.105913
approach5_skyhost_run3,766000,1779282171.107670
approach5_skyhost_run3,767000,1779282171.109432
approach5_skyhost_run3,768000,1779282171.117288
approach5_skyhost_run3,769000,1779282171.245622
approach5_skyhost_run3,770000,1779282171.247399
approach5_skyhost_run3,771000,1779282171.249169
approach5_skyhost_run3,772000,1779282171.250989
approach5_skyhost_run3,773000,1779282171.259535
approach5_skyhost_run3,774000,1779282171.309786
approach5_skyhost_run3,775000,1779282171.311545
approach5_skyhost_run3,776000,1779282171.313297
approach5_skyhost_run3,777000,1779282171.315095
approach5_skyhost_run3,778000,1779282171.323603
approach5_skyhost_run3,779000,1779282171.403099
approach5_skyhost_run3,780000,1779282171.404887
approach5_skyhost_run3,781000,1779282171.406670
approach5_skyhost_run3,782000,1779282171.408427
approach5_skyhost_run3,783000,1779282171.424989
approach5_skyhost_run3,784000,1779282171.426746
approach5_skyhost_run3,785000,1779282171.428496
approach5_skyhost_run3,786000,1779282171.430255
approach5_skyhost_run3,787000,1779282171.514660
approach5_skyhost_run3,788000,1779282171.517055
approach5_skyhost_run3,789000,1779282171.518863
approach5_skyhost_run3,790000,1779282171.520598
approach5_skyhost_run3,791000,1779282171.522345
approach5_skyhost_run3,792000,1779282171.524092
approach5_skyhost_run3,793000,1779282171.531135
approach5_skyhost_run3,794000,1779282171.616996
approach5_skyhost_run3,795000,1779282171.618763
approach5_skyhost_run3,796000,1779282171.620502
approach5_skyhost_run3,797000,1779282171.622256
approach5_skyhost_run3,798000,1779282171.632632
approach5_skyhost_run3,799000,1779282171.732361
approach5_skyhost_run3,800000,1779282171.734092
approach5_skyhost_run3,801000,1779282171.735886
approach5_skyhost_run3,802000,1779282171.737631
approach5_skyhost_run3,803000,1779282171.765960
approach5_skyhost_run3,804000,1779282171.814327
approach5_skyhost_run3,805000,1779282171.816115
approach5_skyhost_run3,806000,1779282171.817878
approach5_skyhost_run3,807000,1779282171.819656
approach5_skyhost_run3,808000,1779282171.834323
approach5_skyhost_run3,809000,1779282171.836110
approach5_skyhost_run3,810000,1779282171.837865
approach5_skyhost_run3,811000,1779282171.839635
approach5_skyhost_run3,812000,1779282171.925707
approach5_skyhost_run3,813000,1779282171.928080
approach5_skyhost_run3,814000,1779282171.929822
approach5_skyhost_run3,815000,1779282171.931581
approach5_skyhost_run3,816000,1779282171.933321
approach5_skyhost_run3,817000,1779282171.935106
approach5_skyhost_run3,818000,1779282171.983683
approach5_skyhost_run3,819000,1779282172.010112
approach5_skyhost_run3,820000,1779282172.134614
approach5_skyhost_run3,821000,1779282172.136393
approach5_skyhost_run3,822000,1779282172.138146
approach5_skyhost_run3,823000,1779282172.139910
approach5_skyhost_run3,824000,1779282172.147664
approach5_skyhost_run3,825000,1779282172.232826
approach5_skyhost_run3,826000,1779282172.234620
approach5_skyhost_run3,827000,1779282172.236436
approach5_skyhost_run3,828000,1779282172.238209
approach5_skyhost_run3,829000,1779282172.249539
approach5_skyhost_run3,830000,1779282172.348957
approach5_skyhost_run3,831000,1779282172.350715
approach5_skyhost_run3,832000,1779282172.352480
approach5_skyhost_run3,833000,1779282172.354257
approach5_skyhost_run3,834000,1779282172.372860
approach5_skyhost_run3,835000,1779282172.437748
approach5_skyhost_run3,836000,1779282172.439516
approach5_skyhost_run3,837000,1779282172.441266
approach5_skyhost_run3,838000,1779282172.443045
approach5_skyhost_run3,839000,1779282172.466956
approach5_skyhost_run3,840000,1779282172.542534
approach5_skyhost_run3,841000,1779282172.544298
approach5_skyhost_run3,842000,1779282172.546081
approach5_skyhost_run3,843000,1779282172.547843
approach5_skyhost_run3,844000,1779282172.555501
approach5_skyhost_run3,845000,1779282172.643679
approach5_skyhost_run3,846000,1779282172.645437
approach5_skyhost_run3,847000,1779282172.647191
approach5_skyhost_run3,848000,1779282172.648940
approach5_skyhost_run3,849000,1779282172.658921
approach5_skyhost_run3,850000,1779282172.826993
approach5_skyhost_run3,851000,1779282172.828774
approach5_skyhost_run3,852000,1779282172.830546
approach5_skyhost_run3,853000,1779282172.832317
approach5_skyhost_run3,854000,1779282172.850746
approach5_skyhost_run3,855000,1779282172.852493
approach5_skyhost_run3,856000,1779282172.854239
approach5_skyhost_run3,857000,1779282172.856052
approach5_skyhost_run3,858000,1779282172.859536
approach5_skyhost_run3,859000,1779282172.907284
approach5_skyhost_run3,860000,1779282173.002424
approach5_skyhost_run3,861000,1779282173.004160
approach5_skyhost_run3,862000,1779282173.005932
approach5_skyhost_run3,863000,1779282173.007691
approach5_skyhost_run3,864000,1779282173.022760
approach5_skyhost_run3,865000,1779282173.024516
approach5_skyhost_run3,866000,1779282173.026293
approach5_skyhost_run3,867000,1779282173.028042
approach5_skyhost_run3,868000,1779282173.056213
approach5_skyhost_run3,869000,1779282173.057953
approach5_skyhost_run3,870000,1779282173.059708
approach5_skyhost_run3,871000,1779282173.061464
approach5_skyhost_run3,872000,1779282173.071354
approach5_skyhost_run3,873000,1779282173.115726
approach5_skyhost_run3,874000,1779282173.117485
approach5_skyhost_run3,875000,1779282173.157177
approach5_skyhost_run3,876000,1779282173.158912
approach5_skyhost_run3,877000,1779282173.160644
approach5_skyhost_run3,878000,1779282173.162402
approach5_skyhost_run3,879000,1779282173.171842
approach5_skyhost_run3,880000,1779282173.305907
approach5_skyhost_run3,881000,1779282173.307648
approach5_skyhost_run3,882000,1779282173.309389
approach5_skyhost_run3,883000,1779282173.311156
approach5_skyhost_run3,884000,1779282173.318774
approach5_skyhost_run3,885000,1779282173.377569
approach5_skyhost_run3,886000,1779282173.379326
approach5_skyhost_run3,887000,1779282173.381079
approach5_skyhost_run3,888000,1779282173.382861
approach5_skyhost_run3,889000,1779282173.390133
approach5_skyhost_run3,890000,1779282173.465387
approach5_skyhost_run3,891000,1779282173.467160
approach5_skyhost_run3,892000,1779282173.468917
approach5_skyhost_run3,893000,1779282173.470692
approach5_skyhost_run3,894000,1779282173.481926
approach5_skyhost_run3,895000,1779282173.569945
approach5_skyhost_run3,896000,1779282173.571695
approach5_skyhost_run3,897000,1779282173.573458
approach5_skyhost_run3,898000,1779282173.575305
approach5_skyhost_run3,899000,1779282173.583199
approach5_skyhost_run3,900000,1779282173.674595
approach5_skyhost_run3,901000,1779282173.676366
approach5_skyhost_run3,902000,1779282173.678116
approach5_skyhost_run3,903000,1779282173.679876
approach5_skyhost_run3,904000,1779282173.687270
approach5_skyhost_run3,905000,1779282173.775536
approach5_skyhost_run3,906000,1779282173.777289
approach5_skyhost_run3,907000,1779282173.779058
approach5_skyhost_run3,908000,1779282173.780828
approach5_skyhost_run3,909000,1779282173.789488
approach5_skyhost_run3,910000,1779282173.833081
approach5_skyhost_run3,911000,1779282173.834871
approach5_skyhost_run3,912000,1779282173.836622
approach5_skyhost_run3,913000,1779282173.838360
approach5_skyhost_run3,914000,1779282173.851613
approach5_skyhost_run3,915000,1779282173.853370
approach5_skyhost_run3,916000,1779282173.855155
approach5_skyhost_run3,917000,1779282173.856911
approach5_skyhost_run3,918000,1779282173.938667
approach5_skyhost_run3,919000,1779282173.940408
approach5_skyhost_run3,920000,1779282173.979984
approach5_skyhost_run3,921000,1779282173.981727
approach5_skyhost_run3,922000,1779282173.983490
approach5_skyhost_run3,923000,1779282173.985283
approach5_skyhost_run3,924000,1779282173.993676
approach5_skyhost_run3,925000,1779282174.082958
approach5_skyhost_run3,926000,1779282174.084698
approach5_skyhost_run3,927000,1779282174.086485
approach5_skyhost_run3,928000,1779282174.088231
approach5_skyhost_run3,929000,1779282174.097810
approach5_skyhost_run3,930000,1779282174.185206
approach5_skyhost_run3,931000,1779282174.186948
approach5_skyhost_run3,932000,1779282174.188693
approach5_skyhost_run3,933000,1779282174.190456
approach5_skyhost_run3,934000,1779282174.198992
approach5_skyhost_run3,935000,1779282174.288462
approach5_skyhost_run3,936000,1779282174.290198
approach5_skyhost_run3,937000,1779282174.291962
approach5_skyhost_run3,938000,1779282174.293721
approach5_skyhost_run3,939000,1779282174.305221
approach5_skyhost_run3,940000,1779282174.390379
approach5_skyhost_run3,941000,1779282174.392130
approach5_skyhost_run3,942000,1779282174.393878
approach5_skyhost_run3,943000,1779282174.395673
approach5_skyhost_run3,944000,1779282174.404976
approach5_skyhost_run3,945000,1779282174.493765
approach5_skyhost_run3,946000,1779282174.495533
approach5_skyhost_run3,947000,1779282174.497274
approach5_skyhost_run3,948000,1779282174.499037
approach5_skyhost_run3,949000,1779282174.507155
approach5_skyhost_run3,950000,1779282174.640534
approach5_skyhost_run3,951000,1779282174.642419
approach5_skyhost_run3,952000,1779282174.645661
approach5_skyhost_run3,953000,1779282174.647445
approach5_skyhost_run3,954000,1779282174.649218
approach5_skyhost_run3,955000,1779282174.651005
approach5_skyhost_run3,956000,1779282174.653016
approach5_skyhost_run3,957000,1779282174.654774
approach5_skyhost_run3,958000,1779282174.656575
approach5_skyhost_run3,959000,1779282174.660819
approach5_skyhost_run3,960000,1779282174.663477
approach5_skyhost_run3,961000,1779282174.665292
approach5_skyhost_run3,962000,1779282174.667073
approach5_skyhost_run3,963000,1779282174.747535
approach5_skyhost_run3,964000,1779282174.749274
approach5_skyhost_run3,965000,1779282174.803362
approach5_skyhost_run3,966000,1779282174.805132
approach5_skyhost_run3,967000,1779282174.806893
approach5_skyhost_run3,968000,1779282174.808647
approach5_skyhost_run3,969000,1779282174.816650
approach5_skyhost_run3,970000,1779282174.849951
approach5_skyhost_run3,971000,1779282174.851702
approach5_skyhost_run3,972000,1779282174.853442
approach5_skyhost_run3,973000,1779282174.855235
approach5_skyhost_run3,974000,1779282174.872397
approach5_skyhost_run3,975000,1779282174.874141
approach5_skyhost_run3,976000,1779282174.875903
approach5_skyhost_run3,977000,1779282174.877683
approach5_skyhost_run3,978000,1779282174.962923
approach5_skyhost_run3,979000,1779282174.964667
approach5_skyhost_run3,980000,1779282175.051976
approach5_skyhost_run3,981000,1779282175.053714
approach5_skyhost_run3,982000,1779282175.055488
approach5_skyhost_run3,983000,1779282175.057236
approach5_skyhost_run3,984000,1779282175.067886
approach5_skyhost_run3,985000,1779282175.092212
approach5_skyhost_run3,986000,1779282175.093952
approach5_skyhost_run3,987000,1779282175.095730
approach5_skyhost_run3,988000,1779282175.097483
approach5_skyhost_run3,989000,1779282175.113225
approach5_skyhost_run3,990000,1779282175.114989
approach5_skyhost_run3,991000,1779282175.116719
approach5_skyhost_run3,992000,1779282175.118477
approach5_skyhost_run3,993000,1779282175.203142
approach5_skyhost_run3,994000,1779282175.204908
approach5_skyhost_run3,995000,1779282175.214552
approach5_skyhost_run3,996000,1779282175.216307
approach5_skyhost_run3,997000,1779282175.218057
approach5_skyhost_run3,998000,1779282175.219819
approach5_skyhost_run3,999000,1779282175.228770
approach5_skyhost_run3,1000000,1779282175.314358
approach5_skyhost_run3,1001000,1779282175.316149
approach5_skyhost_run3,1002000,1779282175.317891
approach5_skyhost_run3,1003000,1779282175.319661
approach5_skyhost_run3,1004000,1779282175.332207
approach5_skyhost_run3,1005000,1779282175.418171
approach5_skyhost_run3,1006000,1779282175.419920
approach5_skyhost_run3,1007000,1779282175.421659
approach5_skyhost_run3,1008000,1779282175.423420
approach5_skyhost_run3,1009000,1779282175.433110
approach5_skyhost_run3,1010000,1779282175.522919
approach5_skyhost_run3,1011000,1779282175.524648
approach5_skyhost_run3,1012000,1779282175.526427
approach5_skyhost_run3,1013000,1779282175.528168
approach5_skyhost_run3,1014000,1779282175.536989
approach5_skyhost_run3,1015000,1779282175.637717
approach5_skyhost_run3,1016000,1779282175.639473
approach5_skyhost_run3,1017000,1779282175.641222
approach5_skyhost_run3,1018000,1779282175.642983
approach5_skyhost_run3,1019000,1779282175.663412
approach5_skyhost_run3,1020000,1779282175.727559
approach5_skyhost_run3,1021000,1779282175.729294
approach5_skyhost_run3,1022000,1779282175.731051
approach5_skyhost_run3,1023000,1779282175.732796
approach5_skyhost_run3,1024000,1779282175.740632
approach5_skyhost_run3,1025000,1779282175.831401
approach5_skyhost_run3,1026000,1779282175.833133
approach5_skyhost_run3,1027000,1779282175.834903
approach5_skyhost_run3,1028000,1779282175.836660
approach5_skyhost_run3,1029000,1779282175.846718
approach5_skyhost_run3,1030000,1779282175.932850
approach5_skyhost_run3,1031000,1779282175.934602
approach5_skyhost_run3,1032000,1779282175.936391
approach5_skyhost_run3,1033000,1779282175.938158
approach5_skyhost_run3,1034000,1779282175.946625
approach5_skyhost_run3,1035000,1779282176.081109
approach5_skyhost_run3,1036000,1779282176.082851
approach5_skyhost_run3,1037000,1779282176.084578
approach5_skyhost_run3,1038000,1779282176.086367
approach5_skyhost_run3,1039000,1779282176.093575
approach5_skyhost_run3,1040000,1779282176.149050
approach5_skyhost_run3,1041000,1779282176.150798
approach5_skyhost_run3,1042000,1779282176.152529
approach5_skyhost_run3,1043000,1779282176.154266
approach5_skyhost_run3,1044000,1779282176.219749
approach5_skyhost_run3,1045000,1779282176.282261
approach5_skyhost_run3,1046000,1779282176.284007
approach5_skyhost_run3,1047000,1779282176.285774
approach5_skyhost_run3,1048000,1779282176.287534
approach5_skyhost_run3,1049000,1779282176.298683
approach5_skyhost_run3,1050000,1779282176.341993
approach5_skyhost_run3,1051000,1779282176.343741
approach5_skyhost_run3,1052000,1779282176.345507
approach5_skyhost_run3,1053000,1779282176.347268
approach5_skyhost_run3,1054000,1779282176.355816
approach5_skyhost_run3,1055000,1779282176.445024
approach5_skyhost_run3,1056000,1779282176.446773
approach5_skyhost_run3,1057000,1779282176.448519
approach5_skyhost_run3,1058000,1779282176.450273
approach5_skyhost_run3,1059000,1779282176.460761
approach5_skyhost_run3,1060000,1779282176.547947
approach5_skyhost_run3,1061000,1779282176.549680
approach5_skyhost_run3,1062000,1779282176.551432
approach5_skyhost_run3,1063000,1779282176.553181
approach5_skyhost_run3,1064000,1779282176.564066
approach5_skyhost_run3,1065000,1779282176.650449
approach5_skyhost_run3,1066000,1779282176.652184
approach5_skyhost_run3,1067000,1779282176.653919
approach5_skyhost_run3,1068000,1779282176.655719
approach5_skyhost_run3,1069000,1779282176.663543
approach5_skyhost_run3,1070000,1779282176.753866
approach5_skyhost_run3,1071000,1779282176.755644
approach5_skyhost_run3,1072000,1779282176.757389
approach5_skyhost_run3,1073000,1779282176.759151
approach5_skyhost_run3,1074000,1779282176.796206
approach5_skyhost_run3,1075000,1779282176.797946
approach5_skyhost_run3,1076000,1779282176.799698
approach5_skyhost_run3,1077000,1779282176.801445
approach5_skyhost_run3,1078000,1779282176.810935
approach5_skyhost_run3,1079000,1779282176.815136
approach5_skyhost_run3,1080000,1779282176.816888
approach5_skyhost_run3,1081000,1779282176.818649
approach5_skyhost_run3,1082000,1779282176.820411
approach5_skyhost_run3,1083000,1779282176.900271
approach5_skyhost_run3,1084000,1779282176.902168
approach5_skyhost_run3,1085000,1779282176.904028
approach5_skyhost_run3,1086000,1779282176.906347
approach5_skyhost_run3,1087000,1779282176.908119
approach5_skyhost_run3,1088000,1779282176.909876
approach5_skyhost_run3,1089000,1779282176.919778
approach5_skyhost_run3,1090000,1779282176.921507
approach5_skyhost_run3,1091000,1779282176.923255
approach5_skyhost_run3,1092000,1779282176.925036
approach5_skyhost_run3,1093000,1779282177.010536
approach5_skyhost_run3,1094000,1779282177.012280
approach5_skyhost_run3,1095000,1779282177.059179
approach5_skyhost_run3,1096000,1779282177.060921
approach5_skyhost_run3,1097000,1779282177.062673
approach5_skyhost_run3,1098000,1779282177.064421
approach5_skyhost_run3,1099000,1779282177.121374
approach5_skyhost_run3,1100000,1779282177.163584
approach5_skyhost_run3,1101000,1779282177.165344
approach5_skyhost_run3,1102000,1779282177.167092
approach5_skyhost_run3,1103000,1779282177.168872
approach5_skyhost_run3,1104000,1779282177.177294
approach5_skyhost_run3,1105000,1779282177.199722
approach5_skyhost_run3,1106000,1779282177.201453
approach5_skyhost_run3,1107000,1779282177.203202
approach5_skyhost_run3,1108000,1779282177.204970
approach5_skyhost_run3,1109000,1779282177.289266
approach5_skyhost_run3,1110000,1779282177.291028
approach5_skyhost_run3,1111000,1779282177.292781
approach5_skyhost_run3,1112000,1779282177.368576
approach5_skyhost_run3,1113000,1779282177.370312
approach5_skyhost_run3,1114000,1779282177.372064
approach5_skyhost_run3,1115000,1779282177.373815
approach5_skyhost_run3,1116000,1779282177.381832
approach5_skyhost_run3,1117000,1779282177.512871
approach5_skyhost_run3,1118000,1779282177.514627
approach5_skyhost_run3,1119000,1779282177.516404
approach5_skyhost_run3,1120000,1779282177.518178
approach5_skyhost_run3,1121000,1779282177.525269
approach5_skyhost_run3,1122000,1779282177.571959
approach5_skyhost_run3,1123000,1779282177.573701
approach5_skyhost_run3,1124000,1779282177.575488
approach5_skyhost_run3,1125000,1779282177.577247
approach5_skyhost_run3,1126000,1779282177.587785
approach5_skyhost_run3,1127000,1779282177.618474
approach5_skyhost_run3,1128000,1779282177.620233
approach5_skyhost_run3,1129000,1779282177.621993
approach5_skyhost_run3,1130000,1779282177.623759
approach5_skyhost_run3,1131000,1779282177.638508
approach5_skyhost_run3,1132000,1779282177.640242
approach5_skyhost_run3,1133000,1779282177.641980
approach5_skyhost_run3,1134000,1779282177.723572
approach5_skyhost_run3,1135000,1779282177.725348
approach5_skyhost_run3,1136000,1779282177.727107
approach5_skyhost_run3,1137000,1779282177.780331
approach5_skyhost_run3,1138000,1779282177.782068
approach5_skyhost_run3,1139000,1779282177.783826
approach5_skyhost_run3,1140000,1779282177.785605
approach5_skyhost_run3,1141000,1779282177.793413
approach5_skyhost_run3,1142000,1779282177.927547
approach5_skyhost_run3,1143000,1779282177.931013
approach5_skyhost_run3,1144000,1779282177.932771
approach5_skyhost_run3,1145000,1779282177.934542
approach5_skyhost_run3,1146000,1779282177.936324
approach5_skyhost_run3,1147000,1779282177.938116
approach5_skyhost_run3,1148000,1779282177.939938
approach5_skyhost_run3,1149000,1779282177.942204
approach5_skyhost_run3,1150000,1779282177.944210
approach5_skyhost_run3,1151000,1779282177.947084
approach5_skyhost_run3,1152000,1779282177.948823
approach5_skyhost_run3,1153000,1779282177.950577
approach5_skyhost_run3,1154000,1779282178.037649
approach5_skyhost_run3,1155000,1779282178.039402
approach5_skyhost_run3,1156000,1779282178.041152
approach5_skyhost_run3,1157000,1779282178.087825
approach5_skyhost_run3,1158000,1779282178.089576
approach5_skyhost_run3,1159000,1779282178.091345
approach5_skyhost_run3,1160000,1779282178.093103
approach5_skyhost_run3,1161000,1779282178.101774
approach5_skyhost_run3,1162000,1779282178.190013
approach5_skyhost_run3,1163000,1779282178.191777
approach5_skyhost_run3,1164000,1779282178.193518
approach5_skyhost_run3,1165000,1779282178.195309
approach5_skyhost_run3,1166000,1779282178.212845
approach5_skyhost_run3,1167000,1779282178.243289
approach5_skyhost_run3,1168000,1779282178.245056
approach5_skyhost_run3,1169000,1779282178.246811
approach5_skyhost_run3,1170000,1779282178.248563
approach5_skyhost_run3,1171000,1779282178.263958
approach5_skyhost_run3,1172000,1779282178.265735
approach5_skyhost_run3,1173000,1779282178.267503
approach5_skyhost_run3,1174000,1779282178.349799
approach5_skyhost_run3,1175000,1779282178.351561
approach5_skyhost_run3,1176000,1779282178.353320
approach5_skyhost_run3,1177000,1779282178.451006
approach5_skyhost_run3,1178000,1779282178.452752
approach5_skyhost_run3,1179000,1779282178.454520
approach5_skyhost_run3,1180000,1779282178.456326
approach5_skyhost_run3,1181000,1779282178.470839
approach5_skyhost_run3,1182000,1779282178.472589
approach5_skyhost_run3,1183000,1779282178.474352
approach5_skyhost_run3,1184000,1779282178.489204
approach5_skyhost_run3,1185000,1779282178.490961
approach5_skyhost_run3,1186000,1779282178.492700
approach5_skyhost_run3,1187000,1779282178.494462
approach5_skyhost_run3,1188000,1779282178.508492
approach5_skyhost_run3,1189000,1779282178.510232
approach5_skyhost_run3,1190000,1779282178.511994
approach5_skyhost_run3,1191000,1779282178.513750
approach5_skyhost_run3,1192000,1779282178.554794
approach5_skyhost_run3,1193000,1779282178.556556
approach5_skyhost_run3,1194000,1779282178.594135
approach5_skyhost_run3,1195000,1779282178.595948
approach5_skyhost_run3,1196000,1779282178.597719
approach5_skyhost_run3,1197000,1779282178.602692
approach5_skyhost_run3,1198000,1779282178.604428
approach5_skyhost_run3,1199000,1779282178.606197
approach5_skyhost_run3,1200000,1779282178.607955
approach5_skyhost_run3,1201000,1779282178.619190
approach5_skyhost_run3,1202000,1779282178.697807
approach5_skyhost_run3,1203000,1779282178.699552
approach5_skyhost_run3,1204000,1779282178.701301
approach5_skyhost_run3,1205000,1779282178.703079
approach5_skyhost_run3,1206000,1779282178.717494
approach5_skyhost_run3,1207000,1779282178.719264
approach5_skyhost_run3,1208000,1779282178.721006
approach5_skyhost_run3,1209000,1779282178.783451
approach5_skyhost_run3,1210000,1779282178.785226
approach5_skyhost_run3,1211000,1779282178.786985
approach5_skyhost_run3,1212000,1779282178.788738
approach5_skyhost_run3,1213000,1779282178.803385
approach5_skyhost_run3,1214000,1779282178.806083
approach5_skyhost_run3,1215000,1779282178.807838
approach5_skyhost_run3,1216000,1779282178.809583
approach5_skyhost_run3,1217000,1779282178.811349
approach5_skyhost_run3,1218000,1779282178.813109
approach5_skyhost_run3,1219000,1779282178.888601
approach5_skyhost_run3,1220000,1779282178.890368
approach5_skyhost_run3,1221000,1779282178.892132
approach5_skyhost_run3,1222000,1779282178.899941
approach5_skyhost_run3,1223000,1779282178.901685
approach5_skyhost_run3,1224000,1779282178.903452
approach5_skyhost_run3,1225000,1779282178.905241
approach5_skyhost_run3,1226000,1779282178.918966
approach5_skyhost_run3,1227000,1779282178.920707
approach5_skyhost_run3,1228000,1779282178.922473
approach5_skyhost_run3,1229000,1779282179.004054
approach5_skyhost_run3,1230000,1779282179.005837
approach5_skyhost_run3,1231000,1779282179.007607
approach5_skyhost_run3,1232000,1779282179.017915
approach5_skyhost_run3,1233000,1779282179.019666
approach5_skyhost_run3,1234000,1779282179.021417
approach5_skyhost_run3,1235000,1779282179.023184
approach5_skyhost_run3,1236000,1779282179.051227
approach5_skyhost_run3,1237000,1779282179.164860
approach5_skyhost_run3,1238000,1779282179.166613
approach5_skyhost_run3,1239000,1779282179.168363
approach5_skyhost_run3,1240000,1779282179.170121
approach5_skyhost_run3,1241000,1779282179.182820
approach5_skyhost_run3,1242000,1779282179.184561
approach5_skyhost_run3,1243000,1779282179.186340
approach5_skyhost_run3,1244000,1779282179.220406
approach5_skyhost_run3,1245000,1779282179.222152
approach5_skyhost_run3,1246000,1779282179.223900
approach5_skyhost_run3,1247000,1779282179.225674
approach5_skyhost_run3,1248000,1779282179.235848
approach5_skyhost_run3,1249000,1779282179.267731
approach5_skyhost_run3,1250000,1779282179.269486
approach5_skyhost_run3,1251000,1779282179.271260
approach5_skyhost_run3,1252000,1779282179.322851
approach5_skyhost_run3,1253000,1779282179.324598
approach5_skyhost_run3,1254000,1779282179.326382
approach5_skyhost_run3,1255000,1779282179.328131
approach5_skyhost_run3,1256000,1779282179.339632
approach5_skyhost_run3,1257000,1779282179.369185
approach5_skyhost_run3,1258000,1779282179.370938
approach5_skyhost_run3,1259000,1779282179.372690
approach5_skyhost_run3,1260000,1779282179.374465
approach5_skyhost_run3,1261000,1779282179.390359
approach5_skyhost_run3,1262000,1779282179.392096
approach5_skyhost_run3,1263000,1779282179.393837
approach5_skyhost_run3,1264000,1779282179.471949
approach5_skyhost_run3,1265000,1779282179.473687
approach5_skyhost_run3,1266000,1779282179.475491
approach5_skyhost_run3,1267000,1779282179.477247
approach5_skyhost_run3,1268000,1779282179.480058
approach5_skyhost_run3,1269000,1779282179.481810
approach5_skyhost_run3,1270000,1779282179.483669
approach5_skyhost_run3,1271000,1779282179.493794
approach5_skyhost_run3,1272000,1779282179.495569
approach5_skyhost_run3,1273000,1779282179.497314
approach5_skyhost_run3,1274000,1779282179.575555
approach5_skyhost_run3,1275000,1779282179.577767
approach5_skyhost_run3,1276000,1779282179.579567
approach5_skyhost_run3,1277000,1779282179.581319
approach5_skyhost_run3,1278000,1779282179.583074
approach5_skyhost_run3,1279000,1779282179.584841
approach5_skyhost_run3,1280000,1779282179.586683
approach5_skyhost_run3,1281000,1779282179.596976
approach5_skyhost_run3,1282000,1779282179.598738
approach5_skyhost_run3,1283000,1779282179.600488
approach5_skyhost_run3,1284000,1779282179.681813
approach5_skyhost_run3,1285000,1779282179.683575
approach5_skyhost_run3,1286000,1779282179.685354
approach5_skyhost_run3,1287000,1779282179.738446
approach5_skyhost_run3,1288000,1779282179.740185
approach5_skyhost_run3,1289000,1779282179.741931
approach5_skyhost_run3,1290000,1779282179.743701
approach5_skyhost_run3,1291000,1779282179.775184
approach5_skyhost_run3,1292000,1779282179.776961
approach5_skyhost_run3,1293000,1779282179.778718
approach5_skyhost_run3,1294000,1779282179.851378
approach5_skyhost_run3,1295000,1779282179.853120
approach5_skyhost_run3,1296000,1779282179.854938
approach5_skyhost_run3,1297000,1779282179.856726
approach5_skyhost_run3,1298000,1779282179.859333
approach5_skyhost_run3,1299000,1779282179.861071
approach5_skyhost_run3,1300000,1779282179.862963
approach5_skyhost_run3,1301000,1779282179.872056
approach5_skyhost_run3,1302000,1779282179.873799
approach5_skyhost_run3,1303000,1779282179.875592
approach5_skyhost_run3,1304000,1779282179.886429
approach5_skyhost_run3,1305000,1779282179.888166
approach5_skyhost_run3,1306000,1779282179.889912
approach5_skyhost_run3,1307000,1779282179.891684
approach5_skyhost_run3,1308000,1779282179.908679
approach5_skyhost_run3,1309000,1779282179.910427
approach5_skyhost_run3,1310000,1779282179.912181
approach5_skyhost_run3,1311000,1779282179.913935
approach5_skyhost_run3,1312000,1779282179.956581
approach5_skyhost_run3,1313000,1779282179.958343
approach5_skyhost_run3,1314000,1779282179.997965
approach5_skyhost_run3,1315000,1779282179.999729
approach5_skyhost_run3,1316000,1779282180.001487
approach5_skyhost_run3,1317000,1779282180.043699
approach5_skyhost_run3,1318000,1779282180.045474
approach5_skyhost_run3,1319000,1779282180.047237
approach5_skyhost_run3,1320000,1779282180.048992
approach5_skyhost_run3,1321000,1779282180.059602
approach5_skyhost_run3,1322000,1779282180.192280
approach5_skyhost_run3,1323000,1779282180.194016
approach5_skyhost_run3,1324000,1779282180.195805
approach5_skyhost_run3,1325000,1779282180.197569
approach5_skyhost_run3,1326000,1779282180.207921
approach5_skyhost_run3,1327000,1779282180.292303
approach5_skyhost_run3,1328000,1779282180.294039
approach5_skyhost_run3,1329000,1779282180.295830
approach5_skyhost_run3,1330000,1779282180.297590
approach5_skyhost_run3,1331000,1779282180.308151
approach5_skyhost_run3,1332000,1779282180.350465
approach5_skyhost_run3,1333000,1779282180.352208
approach5_skyhost_run3,1334000,1779282180.353945
approach5_skyhost_run3,1335000,1779282180.355736
approach5_skyhost_run3,1336000,1779282180.365066
approach5_skyhost_run3,1337000,1779282180.436840
approach5_skyhost_run3,1338000,1779282180.438622
approach5_skyhost_run3,1339000,1779282180.440424
approach5_skyhost_run3,1340000,1779282180.442203
approach5_skyhost_run3,1341000,1779282180.458312
approach5_skyhost_run3,1342000,1779282180.460068
approach5_skyhost_run3,1343000,1779282180.461823
approach5_skyhost_run3,1344000,1779282180.546402
approach5_skyhost_run3,1345000,1779282180.548315
approach5_skyhost_run3,1346000,1779282180.550305
approach5_skyhost_run3,1347000,1779282180.556998
approach5_skyhost_run3,1348000,1779282180.558755
approach5_skyhost_run3,1349000,1779282180.560504
approach5_skyhost_run3,1350000,1779282180.562262
approach5_skyhost_run3,1351000,1779282180.576478
approach5_skyhost_run3,1352000,1779282180.662290
approach5_skyhost_run3,1353000,1779282180.664058
approach5_skyhost_run3,1354000,1779282180.665833
approach5_skyhost_run3,1355000,1779282180.667641
approach5_skyhost_run3,1356000,1779282180.676359
approach5_skyhost_run3,1357000,1779282180.759684
approach5_skyhost_run3,1358000,1779282180.761433
approach5_skyhost_run3,1359000,1779282180.763204
approach5_skyhost_run3,1360000,1779282180.764995
approach5_skyhost_run3,1361000,1779282180.776556
approach5_skyhost_run3,1362000,1779282180.914758
approach5_skyhost_run3,1363000,1779282180.916547
approach5_skyhost_run3,1364000,1779282180.918324
approach5_skyhost_run3,1365000,1779282180.920097
approach5_skyhost_run3,1366000,1779282180.929269
approach5_skyhost_run3,1367000,1779282180.978567
approach5_skyhost_run3,1368000,1779282180.980319
approach5_skyhost_run3,1369000,1779282180.982074
approach5_skyhost_run3,1370000,1779282180.983850
approach5_skyhost_run3,1371000,1779282180.994400
approach5_skyhost_run3,1372000,1779282181.066875
approach5_skyhost_run3,1373000,1779282181.068625
approach5_skyhost_run3,1374000,1779282181.070384
approach5_skyhost_run3,1375000,1779282181.072148
approach5_skyhost_run3,1376000,1779282181.084528
approach5_skyhost_run3,1377000,1779282181.112559
approach5_skyhost_run3,1378000,1779282181.114307
approach5_skyhost_run3,1379000,1779282181.116102
approach5_skyhost_run3,1380000,1779282181.117861
approach5_skyhost_run3,1381000,1779282181.133369
approach5_skyhost_run3,1382000,1779282181.135164
approach5_skyhost_run3,1383000,1779282181.136919
approach5_skyhost_run3,1384000,1779282181.214117
approach5_skyhost_run3,1385000,1779282181.215922
approach5_skyhost_run3,1386000,1779282181.217974
approach5_skyhost_run3,1387000,1779282181.219837
approach5_skyhost_run3,1388000,1779282181.221580
approach5_skyhost_run3,1389000,1779282181.223330
approach5_skyhost_run3,1390000,1779282181.225116
approach5_skyhost_run3,1391000,1779282181.281489
approach5_skyhost_run3,1392000,1779282181.283240
approach5_skyhost_run3,1393000,1779282181.285019
approach5_skyhost_run3,1394000,1779282181.324052
approach5_skyhost_run3,1395000,1779282181.325848
approach5_skyhost_run3,1396000,1779282181.327631
approach5_skyhost_run3,1397000,1779282181.375974
approach5_skyhost_run3,1398000,1779282181.377714
approach5_skyhost_run3,1399000,1779282181.379473
approach5_skyhost_run3,1400000,1779282181.381232
approach5_skyhost_run3,1401000,1779282181.392382
approach5_skyhost_run3,1402000,1779282181.460181
approach5_skyhost_run3,1403000,1779282181.910837
approach5_skyhost_run3,1404000,1779282181.912576
approach5_skyhost_run3,1405000,1779282181.914323
approach5_skyhost_run3,1406000,1779282181.916102
approach5_skyhost_run3,1407000,1779282181.927306
approach5_skyhost_run3,1408000,1779282182.015273
approach5_skyhost_run3,1409000,1779282182.017025
approach5_skyhost_run3,1410000,1779282182.018791
approach5_skyhost_run3,1411000,1779282182.020548
approach5_skyhost_run3,1412000,1779282182.033377
approach5_skyhost_run3,1413000,1779282182.124446
approach5_skyhost_run3,1414000,1779282182.126216
approach5_skyhost_run3,1415000,1779282182.127970
approach5_skyhost_run3,1416000,1779282182.129719
approach5_skyhost_run3,1417000,1779282182.134975
approach5_skyhost_run3,1418000,1779282182.218511
approach5_skyhost_run3,1419000,1779282182.220269
approach5_skyhost_run3,1420000,1779282182.222030
approach5_skyhost_run3,1421000,1779282182.223816
approach5_skyhost_run3,1422000,1779282182.234581
approach5_skyhost_run3,1423000,1779282182.322380
approach5_skyhost_run3,1424000,1779282182.324137
approach5_skyhost_run3,1425000,1779282182.325930
approach5_skyhost_run3,1426000,1779282182.327707
approach5_skyhost_run3,1427000,1779282182.336849
approach5_skyhost_run3,1428000,1779282182.425910
approach5_skyhost_run3,1429000,1779282182.427683
approach5_skyhost_run3,1430000,1779282182.429445
approach5_skyhost_run3,1431000,1779282182.431227
approach5_skyhost_run3,1432000,1779282182.441052
approach5_skyhost_run3,1433000,1779282182.529942
approach5_skyhost_run3,1434000,1779282182.531712
approach5_skyhost_run3,1435000,1779282182.533477
approach5_skyhost_run3,1436000,1779282182.535282
approach5_skyhost_run3,1437000,1779282182.543600
approach5_skyhost_run3,1438000,1779282182.631646
approach5_skyhost_run3,1439000,1779282182.633401
approach5_skyhost_run3,1440000,1779282182.635195
approach5_skyhost_run3,1441000,1779282182.636953
approach5_skyhost_run3,1442000,1779282182.647482
approach5_skyhost_run3,1443000,1779282182.733537
approach5_skyhost_run3,1444000,1779282182.735325
approach5_skyhost_run3,1445000,1779282182.737075
approach5_skyhost_run3,1446000,1779282182.738842
approach5_skyhost_run3,1447000,1779282182.748369
approach5_skyhost_run3,1448000,1779282182.830869
approach5_skyhost_run3,1449000,1779282182.832618
approach5_skyhost_run3,1450000,1779282182.834380
approach5_skyhost_run3,1451000,1779282182.836162
approach5_skyhost_run3,1452000,1779282182.850575
approach5_skyhost_run3,1453000,1779282182.852323
approach5_skyhost_run3,1454000,1779282182.854073
approach5_skyhost_run3,1455000,1779282182.855872
approach5_skyhost_run3,1456000,1779282182.934039
approach5_skyhost_run3,1457000,1779282182.936151
approach5_skyhost_run3,1458000,1779282182.937906
approach5_skyhost_run3,1459000,1779282182.939675
approach5_skyhost_run3,1460000,1779282182.941428
approach5_skyhost_run3,1461000,1779282182.943205
approach5_skyhost_run3,1462000,1779282182.952948
approach5_skyhost_run3,1463000,1779282182.954706
approach5_skyhost_run3,1464000,1779282182.956493
approach5_skyhost_run3,1465000,1779282182.958303
approach5_skyhost_run3,1466000,1779282183.042275
approach5_skyhost_run3,1467000,1779282183.044422
approach5_skyhost_run3,1468000,1779282183.046197
approach5_skyhost_run3,1469000,1779282183.047950
approach5_skyhost_run3,1470000,1779282183.049695
approach5_skyhost_run3,1471000,1779282183.051473
approach5_skyhost_run3,1472000,1779282183.057987
approach5_skyhost_run3,1473000,1779282183.192430
approach5_skyhost_run3,1474000,1779282183.194181
approach5_skyhost_run3,1475000,1779282183.195978
approach5_skyhost_run3,1476000,1779282183.197745
approach5_skyhost_run3,1477000,1779282183.208165
approach5_skyhost_run3,1478000,1779282183.256387
approach5_skyhost_run3,1479000,1779282183.258139
approach5_skyhost_run3,1480000,1779282183.259910
approach5_skyhost_run3,1481000,1779282183.261704
approach5_skyhost_run3,1482000,1779282183.272473
approach5_skyhost_run3,1483000,1779282183.361871
approach5_skyhost_run3,1484000,1779282183.363619
approach5_skyhost_run3,1485000,1779282183.365393
approach5_skyhost_run3,1486000,1779282183.367153
approach5_skyhost_run3,1487000,1779282183.376203
approach5_skyhost_run3,1488000,1779282183.454650
approach5_skyhost_run3,1489000,1779282183.456416
approach5_skyhost_run3,1490000,1779282183.458162
approach5_skyhost_run3,1491000,1779282183.459925
approach5_skyhost_run3,1492000,1779282183.468376
approach5_skyhost_run3,1493000,1779282183.551813
approach5_skyhost_run3,1494000,1779282183.553552
approach5_skyhost_run3,1495000,1779282183.555333
approach5_skyhost_run3,1496000,1779282183.557083
approach5_skyhost_run3,1497000,1779282183.570773
approach5_skyhost_run3,1498000,1779282183.572518
approach5_skyhost_run3,1499000,1779282183.574267
approach5_skyhost_run3,1500000,1779282183.576052
approach5_skyhost_run3,1501000,1779282183.656724
approach5_skyhost_run3,1502000,1779282183.659029
approach5_skyhost_run3,1503000,1779282183.660932
approach5_skyhost_run3,1504000,1779282183.662680
approach5_skyhost_run3,1505000,1779282183.664422
approach5_skyhost_run3,1506000,1779282183.666199
approach5_skyhost_run3,1507000,1779282183.707630
approach5_skyhost_run3,1508000,1779282183.709377
approach5_skyhost_run3,1509000,1779282183.711139
approach5_skyhost_run3,1510000,1779282183.712889
approach5_skyhost_run3,1511000,1779282183.725799
approach5_skyhost_run3,1512000,1779282183.727731
approach5_skyhost_run3,1513000,1779282183.729467
approach5_skyhost_run3,1514000,1779282183.731222
approach5_skyhost_run3,1515000,1779282183.732962
approach5_skyhost_run3,1516000,1779282183.811708
approach5_skyhost_run3,1517000,1779282183.813460
approach5_skyhost_run3,1518000,1779282183.864614
approach5_skyhost_run3,1519000,1779282183.866411
approach5_skyhost_run3,1520000,1779282183.868172
approach5_skyhost_run3,1521000,1779282183.869940
approach5_skyhost_run3,1522000,1779282183.880809
approach5_skyhost_run3,1523000,1779282183.968658
approach5_skyhost_run3,1524000,1779282183.970412
approach5_skyhost_run3,1525000,1779282183.972156
approach5_skyhost_run3,1526000,1779282183.973911
approach5_skyhost_run3,1527000,1779282183.982933
approach5_skyhost_run3,1528000,1779282184.023948
approach5_skyhost_run3,1529000,1779282184.025740
approach5_skyhost_run3,1530000,1779282184.027502
approach5_skyhost_run3,1531000,1779282184.029252
approach5_skyhost_run3,1532000,1779282184.043661
approach5_skyhost_run3,1533000,1779282184.045418
approach5_skyhost_run3,1534000,1779282184.047172
approach5_skyhost_run3,1535000,1779282184.048923
approach5_skyhost_run3,1536000,1779282184.128740
approach5_skyhost_run3,1537000,1779282184.130500
approach5_skyhost_run3,1538000,1779282184.174039
approach5_skyhost_run3,1539000,1779282184.175819
approach5_skyhost_run3,1540000,1779282184.177572
approach5_skyhost_run3,1541000,1779282184.179346
approach5_skyhost_run3,1542000,1779282184.189245
approach5_skyhost_run3,1543000,1779282184.277627
approach5_skyhost_run3,1544000,1779282184.279378
approach5_skyhost_run3,1545000,1779282184.281168
approach5_skyhost_run3,1546000,1779282184.282934
approach5_skyhost_run3,1547000,1779282184.293062
approach5_skyhost_run3,1548000,1779282184.378134
approach5_skyhost_run3,1549000,1779282184.379883
approach5_skyhost_run3,1550000,1779282184.381627
approach5_skyhost_run3,1551000,1779282184.383394
approach5_skyhost_run3,1552000,1779282184.394750
approach5_skyhost_run3,1553000,1779282184.482880
approach5_skyhost_run3,1554000,1779282184.484619
approach5_skyhost_run3,1555000,1779282184.486399
approach5_skyhost_run3,1556000,1779282184.488149
approach5_skyhost_run3,1557000,1779282184.498959
approach5_skyhost_run3,1558000,1779282184.584569
approach5_skyhost_run3,1559000,1779282184.586359
approach5_skyhost_run3,1560000,1779282184.588104
approach5_skyhost_run3,1561000,1779282184.589857
approach5_skyhost_run3,1562000,1779282184.601813
approach5_skyhost_run3,1563000,1779282184.739521
approach5_skyhost_run3,1564000,1779282184.741264
approach5_skyhost_run3,1565000,1779282184.743024
approach5_skyhost_run3,1566000,1779282184.744778
approach5_skyhost_run3,1567000,1779282184.755018
approach5_skyhost_run3,1568000,1779282184.791849
approach5_skyhost_run3,1569000,1779282184.793610
approach5_skyhost_run3,1570000,1779282184.795405
approach5_skyhost_run3,1571000,1779282184.797160
approach5_skyhost_run3,1572000,1779282184.807103
approach5_skyhost_run3,1573000,1779282184.896294
approach5_skyhost_run3,1574000,1779282184.898026
approach5_skyhost_run3,1575000,1779282184.899781
approach5_skyhost_run3,1576000,1779282184.901527
approach5_skyhost_run3,1577000,1779282184.909963
approach5_skyhost_run3,1578000,1779282185.048618
approach5_skyhost_run3,1579000,1779282185.050372
approach5_skyhost_run3,1580000,1779282185.052122
approach5_skyhost_run3,1581000,1779282185.053881
approach5_skyhost_run3,1582000,1779282185.063792
approach5_skyhost_run3,1583000,1779282185.179133
approach5_skyhost_run3,1584000,1779282185.180888
approach5_skyhost_run3,1585000,1779282185.182656
approach5_skyhost_run3,1586000,1779282185.184407
approach5_skyhost_run3,1587000,1779282185.201624
approach5_skyhost_run3,1588000,1779282185.203380
approach5_skyhost_run3,1589000,1779282185.205157
approach5_skyhost_run3,1590000,1779282185.206922
approach5_skyhost_run3,1591000,1779282185.212623
approach5_skyhost_run3,1592000,1779282185.217004
approach5_skyhost_run3,1593000,1779282185.304939
approach5_skyhost_run3,1594000,1779282185.306699
approach5_skyhost_run3,1595000,1779282185.308447
approach5_skyhost_run3,1596000,1779282185.310195
approach5_skyhost_run3,1597000,1779282185.319899
approach5_skyhost_run3,1598000,1779282185.458632
approach5_skyhost_run3,1599000,1779282185.460373
approach5_skyhost_run3,1600000,1779282185.462123
approach5_skyhost_run3,1601000,1779282185.463881
approach5_skyhost_run3,1602000,1779282185.473065
approach5_skyhost_run3,1603000,1779282185.594895
approach5_skyhost_run3,1604000,1779282185.596635
approach5_skyhost_run3,1605000,1779282185.598391
approach5_skyhost_run3,1606000,1779282185.600147
approach5_skyhost_run3,1607000,1779282185.614680
approach5_skyhost_run3,1608000,1779282185.616656
approach5_skyhost_run3,1609000,1779282185.618463
approach5_skyhost_run3,1610000,1779282185.620210
approach5_skyhost_run3,1611000,1779282185.621958
approach5_skyhost_run3,1612000,1779282185.629838
approach5_skyhost_run3,1613000,1779282185.717381
approach5_skyhost_run3,1614000,1779282185.719148
approach5_skyhost_run3,1615000,1779282185.720902
approach5_skyhost_run3,1616000,1779282185.722679
approach5_skyhost_run3,1617000,1779282185.733178
approach5_skyhost_run3,1618000,1779282185.819491
approach5_skyhost_run3,1619000,1779282185.821233
approach5_skyhost_run3,1620000,1779282185.822994
approach5_skyhost_run3,1621000,1779282185.824751
approach5_skyhost_run3,1622000,1779282185.836357
approach5_skyhost_run3,1623000,1779282185.922227
approach5_skyhost_run3,1624000,1779282185.923982
approach5_skyhost_run3,1625000,1779282185.925754
approach5_skyhost_run3,1626000,1779282185.927525
approach5_skyhost_run3,1627000,1779282185.939802
approach5_skyhost_run3,1628000,1779282185.971197
approach5_skyhost_run3,1629000,1779282185.972953
approach5_skyhost_run3,1630000,1779282185.974720
approach5_skyhost_run3,1631000,1779282185.976510
approach5_skyhost_run3,1632000,1779282185.994211
approach5_skyhost_run3,1633000,1779282185.996001
approach5_skyhost_run3,1634000,1779282185.997767
approach5_skyhost_run3,1635000,1779282185.999539
approach5_skyhost_run3,1636000,1779282186.084359
approach5_skyhost_run3,1637000,1779282186.086133
approach5_skyhost_run3,1638000,1779282186.135617
approach5_skyhost_run3,1639000,1779282186.137358
approach5_skyhost_run3,1640000,1779282186.139108
approach5_skyhost_run3,1641000,1779282186.140856
approach5_skyhost_run3,1642000,1779282186.151143
approach5_skyhost_run3,1643000,1779282186.278025
approach5_skyhost_run3,1644000,1779282186.279792
approach5_skyhost_run3,1645000,1779282186.281552
approach5_skyhost_run3,1646000,1779282186.283329
approach5_skyhost_run3,1647000,1779282186.293702
approach5_skyhost_run3,1648000,1779282186.331380
approach5_skyhost_run3,1649000,1779282186.333142
approach5_skyhost_run3,1650000,1779282186.334941
approach5_skyhost_run3,1651000,1779282186.336701
approach5_skyhost_run3,1652000,1779282186.346029
approach5_skyhost_run3,1653000,1779282186.446924
approach5_skyhost_run3,1654000,1779282186.448709
approach5_skyhost_run3,1655000,1779282186.450487
approach5_skyhost_run3,1656000,1779282186.452237
approach5_skyhost_run3,1657000,1779282186.476102
approach5_skyhost_run3,1658000,1779282186.549637
approach5_skyhost_run3,1659000,1779282186.551389
approach5_skyhost_run3,1660000,1779282186.553164
approach5_skyhost_run3,1661000,1779282186.554961
approach5_skyhost_run3,1662000,1779282186.570252
approach5_skyhost_run3,1663000,1779282186.635352
approach5_skyhost_run3,1664000,1779282186.637092
approach5_skyhost_run3,1665000,1779282186.638844
approach5_skyhost_run3,1666000,1779282186.640616
approach5_skyhost_run3,1667000,1779282186.652664
approach5_skyhost_run3,1668000,1779282186.739020
approach5_skyhost_run3,1669000,1779282186.740758
approach5_skyhost_run3,1670000,1779282186.742509
approach5_skyhost_run3,1671000,1779282186.744308
approach5_skyhost_run3,1672000,1779282186.754526
approach5_skyhost_run3,1673000,1779282186.842811
approach5_skyhost_run3,1674000,1779282186.844562
approach5_skyhost_run3,1675000,1779282186.846360
approach5_skyhost_run3,1676000,1779282186.848118
approach5_skyhost_run3,1677000,1779282186.857249
approach5_skyhost_run3,1678000,1779282186.944420
approach5_skyhost_run3,1679000,1779282186.946188
approach5_skyhost_run3,1680000,1779282186.947944
approach5_skyhost_run3,1681000,1779282186.949697
approach5_skyhost_run3,1682000,1779282186.959965
approach5_skyhost_run3,1683000,1779282187.047283
approach5_skyhost_run3,1684000,1779282187.049029
approach5_skyhost_run3,1685000,1779282187.050800
approach5_skyhost_run3,1686000,1779282187.052573
approach5_skyhost_run3,1687000,1779282187.063128
approach5_skyhost_run3,1688000,1779282187.149164
approach5_skyhost_run3,1689000,1779282187.150910
approach5_skyhost_run3,1690000,1779282187.152653
approach5_skyhost_run3,1691000,1779282187.154415
approach5_skyhost_run3,1692000,1779282187.162970
approach5_skyhost_run3,1693000,1779282187.233732
approach5_skyhost_run3,1694000,1779282187.354420
approach5_skyhost_run3,1695000,1779282187.356207
approach5_skyhost_run3,1696000,1779282187.357956
approach5_skyhost_run3,1697000,1779282187.359732
approach5_skyhost_run3,1698000,1779282187.368944
approach5_skyhost_run3,1699000,1779282187.458018
approach5_skyhost_run3,1700000,1779282187.459765
approach5_skyhost_run3,1701000,1779282187.461506
approach5_skyhost_run3,1702000,1779282187.463271
approach5_skyhost_run3,1703000,1779282187.471576
approach5_skyhost_run3,1704000,1779282187.559889
approach5_skyhost_run3,1705000,1779282187.561624
approach5_skyhost_run3,1706000,1779282187.563372
approach5_skyhost_run3,1707000,1779282187.565149
approach5_skyhost_run3,1708000,1779282187.574268
approach5_skyhost_run3,1709000,1779282187.661344
approach5_skyhost_run3,1710000,1779282187.663113
approach5_skyhost_run3,1711000,1779282187.664887
approach5_skyhost_run3,1712000,1779282187.666646
approach5_skyhost_run3,1713000,1779282187.672171
approach5_skyhost_run3,1714000,1779282187.766119
approach5_skyhost_run3,1715000,1779282187.767868
approach5_skyhost_run3,1716000,1779282187.769610
approach5_skyhost_run3,1717000,1779282187.771415
approach5_skyhost_run3,1718000,1779282187.783943
approach5_skyhost_run3,1719000,1779282187.921251
approach5_skyhost_run3,1720000,1779282187.923002
approach5_skyhost_run3,1721000,1779282187.924738
approach5_skyhost_run3,1722000,1779282187.926524
approach5_skyhost_run3,1723000,1779282187.937080
approach5_skyhost_run3,1724000,1779282188.022159
approach5_skyhost_run3,1725000,1779282188.023912
approach5_skyhost_run3,1726000,1779282188.025696
approach5_skyhost_run3,1727000,1779282188.027465
approach5_skyhost_run3,1728000,1779282188.040875
approach5_skyhost_run3,1729000,1779282188.072795
approach5_skyhost_run3,1730000,1779282188.074543
approach5_skyhost_run3,1731000,1779282188.076298
approach5_skyhost_run3,1732000,1779282188.078041
approach5_skyhost_run3,1733000,1779282188.089970
approach5_skyhost_run3,1734000,1779282188.179642
approach5_skyhost_run3,1735000,1779282188.181380
approach5_skyhost_run3,1736000,1779282188.183136
approach5_skyhost_run3,1737000,1779282188.184906
approach5_skyhost_run3,1738000,1779282188.193090
approach5_skyhost_run3,1739000,1779282188.301271
approach5_skyhost_run3,1740000,1779282188.303022
approach5_skyhost_run3,1741000,1779282188.304769
approach5_skyhost_run3,1742000,1779282188.306566
approach5_skyhost_run3,1743000,1779282188.323335
approach5_skyhost_run3,1744000,1779282188.325087
approach5_skyhost_run3,1745000,1779282188.326837
approach5_skyhost_run3,1746000,1779282188.328581
approach5_skyhost_run3,1747000,1779282188.391150
approach5_skyhost_run3,1748000,1779282188.392889
approach5_skyhost_run3,1749000,1779282188.394647
approach5_skyhost_run3,1750000,1779282188.396421
approach5_skyhost_run3,1751000,1779282188.410969
approach5_skyhost_run3,1752000,1779282188.413196
approach5_skyhost_run3,1753000,1779282188.414979
approach5_skyhost_run3,1754000,1779282188.495254
approach5_skyhost_run3,1755000,1779282188.497001
approach5_skyhost_run3,1756000,1779282188.498762
approach5_skyhost_run3,1757000,1779282188.500511
approach5_skyhost_run3,1758000,1779282188.520031
approach5_skyhost_run3,1759000,1779282188.588033
approach5_skyhost_run3,1760000,1779282188.589793
approach5_skyhost_run3,1761000,1779282188.591559
approach5_skyhost_run3,1762000,1779282188.593311
approach5_skyhost_run3,1763000,1779282188.606190
approach5_skyhost_run3,1764000,1779282188.691216
approach5_skyhost_run3,1765000,1779282188.692952
approach5_skyhost_run3,1766000,1779282188.694713
approach5_skyhost_run3,1767000,1779282188.696482
approach5_skyhost_run3,1768000,1779282188.707537
approach5_skyhost_run3,1769000,1779282188.872173
approach5_skyhost_run3,1770000,1779282188.873922
approach5_skyhost_run3,1771000,1779282188.875714
approach5_skyhost_run3,1772000,1779282188.877480
approach5_skyhost_run3,1773000,1779282188.899661
approach5_skyhost_run3,1774000,1779282188.901605
approach5_skyhost_run3,1775000,1779282188.903354
approach5_skyhost_run3,1776000,1779282188.905120
approach5_skyhost_run3,1777000,1779282188.906882
approach5_skyhost_run3,1778000,1779282188.913361
approach5_skyhost_run3,1779000,1779282189.050234
approach5_skyhost_run3,1780000,1779282189.052031
approach5_skyhost_run3,1781000,1779282189.053797
approach5_skyhost_run3,1782000,1779282189.055582
approach5_skyhost_run3,1783000,1779282189.066590
approach5_skyhost_run3,1784000,1779282189.112889
approach5_skyhost_run3,1785000,1779282189.114625
approach5_skyhost_run3,1786000,1779282189.116389
approach5_skyhost_run3,1787000,1779282189.118134
approach5_skyhost_run3,1788000,1779282189.137041
approach5_skyhost_run3,1789000,1779282189.202899
approach5_skyhost_run3,1790000,1779282189.204647
approach5_skyhost_run3,1791000,1779282189.206419
approach5_skyhost_run3,1792000,1779282189.208160
approach5_skyhost_run3,1793000,1779282189.218923
approach5_skyhost_run3,1794000,1779282189.252195
approach5_skyhost_run3,1795000,1779282189.253924
approach5_skyhost_run3,1796000,1779282189.255693
approach5_skyhost_run3,1797000,1779282189.257483
approach5_skyhost_run3,1798000,1779282189.270173
approach5_skyhost_run3,1799000,1779282189.271920
approach5_skyhost_run3,1800000,1779282189.273664
approach5_skyhost_run3,1801000,1779282189.275455
approach5_skyhost_run3,1802000,1779282189.356428
approach5_skyhost_run3,1803000,1779282189.358180
approach5_skyhost_run3,1804000,1779282189.406713
approach5_skyhost_run3,1805000,1779282189.408468
approach5_skyhost_run3,1806000,1779282189.410219
approach5_skyhost_run3,1807000,1779282189.411995
approach5_skyhost_run3,1808000,1779282189.422480
approach5_skyhost_run3,1809000,1779282189.453185
approach5_skyhost_run3,1810000,1779282189.454957
approach5_skyhost_run3,1811000,1779282189.456713
approach5_skyhost_run3,1812000,1779282189.458483
approach5_skyhost_run3,1813000,1779282189.472399
approach5_skyhost_run3,1814000,1779282189.474129
approach5_skyhost_run3,1815000,1779282189.475896
approach5_skyhost_run3,1816000,1779282189.477640
approach5_skyhost_run3,1817000,1779282189.556807
approach5_skyhost_run3,1818000,1779282189.558853
approach5_skyhost_run3,1819000,1779282189.560767
approach5_skyhost_run3,1820000,1779282189.562523
approach5_skyhost_run3,1821000,1779282189.564262
approach5_skyhost_run3,1822000,1779282189.566040
approach5_skyhost_run3,1823000,1779282189.578263
approach5_skyhost_run3,1824000,1779282189.580011
approach5_skyhost_run3,1825000,1779282189.581753
approach5_skyhost_run3,1826000,1779282189.583511
approach5_skyhost_run3,1827000,1779282189.668528
approach5_skyhost_run3,1828000,1779282189.670269
approach5_skyhost_run3,1829000,1779282189.714443
approach5_skyhost_run3,1830000,1779282189.716209
approach5_skyhost_run3,1831000,1779282189.717959
approach5_skyhost_run3,1832000,1779282189.719724
approach5_skyhost_run3,1833000,1779282189.734273
approach5_skyhost_run3,1834000,1779282189.736047
approach5_skyhost_run3,1835000,1779282189.737799
approach5_skyhost_run3,1836000,1779282189.739572
approach5_skyhost_run3,1837000,1779282189.821239
approach5_skyhost_run3,1838000,1779282189.823396
approach5_skyhost_run3,1839000,1779282189.825196
approach5_skyhost_run3,1840000,1779282189.826992
approach5_skyhost_run3,1841000,1779282189.828819
approach5_skyhost_run3,1842000,1779282189.830578
approach5_skyhost_run3,1843000,1779282189.840242
approach5_skyhost_run3,1844000,1779282189.842046
approach5_skyhost_run3,1845000,1779282189.843838
approach5_skyhost_run3,1846000,1779282189.845621
approach5_skyhost_run3,1847000,1779282189.923851
approach5_skyhost_run3,1848000,1779282189.926157
approach5_skyhost_run3,1849000,1779282189.927930
approach5_skyhost_run3,1850000,1779282189.929719
approach5_skyhost_run3,1851000,1779282189.931512
approach5_skyhost_run3,1852000,1779282189.933304
approach5_skyhost_run3,1853000,1779282189.936627
approach5_skyhost_run3,1854000,1779282189.971235
approach5_skyhost_run3,1855000,1779282189.973002
approach5_skyhost_run3,1856000,1779282189.974831
approach5_skyhost_run3,1857000,1779282189.976608
approach5_skyhost_run3,1858000,1779282189.991693
approach5_skyhost_run3,1859000,1779282189.993470
approach5_skyhost_run3,1860000,1779282189.995338
approach5_skyhost_run3,1861000,1779282189.997097
approach5_skyhost_run3,1862000,1779282190.076280
approach5_skyhost_run3,1863000,1779282190.078054
approach5_skyhost_run3,1864000,1779282190.127971
approach5_skyhost_run3,1865000,1779282190.129715
approach5_skyhost_run3,1866000,1779282190.131465
approach5_skyhost_run3,1867000,1779282190.133213
approach5_skyhost_run3,1868000,1779282190.144143
approach5_skyhost_run3,1869000,1779282190.231947
approach5_skyhost_run3,1870000,1779282190.233698
approach5_skyhost_run3,1871000,1779282190.235484
approach5_skyhost_run3,1872000,1779282190.237226
approach5_skyhost_run3,1873000,1779282190.253241
approach5_skyhost_run3,1874000,1779282190.335537
approach5_skyhost_run3,1875000,1779282190.337280
approach5_skyhost_run3,1876000,1779282190.339047
approach5_skyhost_run3,1877000,1779282190.340793
approach5_skyhost_run3,1878000,1779282190.349173
approach5_skyhost_run3,1879000,1779282190.438888
approach5_skyhost_run3,1880000,1779282190.440655
approach5_skyhost_run3,1881000,1779282190.442420
approach5_skyhost_run3,1882000,1779282190.444190
approach5_skyhost_run3,1883000,1779282190.454649
approach5_skyhost_run3,1884000,1779282190.540173
approach5_skyhost_run3,1885000,1779282190.541925
approach5_skyhost_run3,1886000,1779282190.543685
approach5_skyhost_run3,1887000,1779282190.545465
approach5_skyhost_run3,1888000,1779282190.555330
approach5_skyhost_run3,1889000,1779282190.657436
approach5_skyhost_run3,1890000,1779282190.659199
approach5_skyhost_run3,1891000,1779282190.660950
approach5_skyhost_run3,1892000,1779282190.662709
approach5_skyhost_run3,1893000,1779282190.690132
approach5_skyhost_run3,1894000,1779282190.745993
approach5_skyhost_run3,1895000,1779282190.747750
approach5_skyhost_run3,1896000,1779282190.749501
approach5_skyhost_run3,1897000,1779282190.751265
approach5_skyhost_run3,1898000,1779282190.765715
approach5_skyhost_run3,1899000,1779282190.767483
approach5_skyhost_run3,1900000,1779282190.769240
approach5_skyhost_run3,1901000,1779282190.771013
approach5_skyhost_run3,1902000,1779282190.849884
approach5_skyhost_run3,1903000,1779282190.851648
approach5_skyhost_run3,1904000,1779282190.853409
approach5_skyhost_run3,1905000,1779282190.855394
approach5_skyhost_run3,1906000,1779282190.857524
approach5_skyhost_run3,1907000,1779282190.859294
approach5_skyhost_run3,1908000,1779282190.867602
approach5_skyhost_run3,1909000,1779282190.895863
approach5_skyhost_run3,1910000,1779282190.897593
approach5_skyhost_run3,1911000,1779282190.899335
approach5_skyhost_run3,1912000,1779282190.901079
approach5_skyhost_run3,1913000,1779282190.918291
approach5_skyhost_run3,1914000,1779282190.920045
approach5_skyhost_run3,1915000,1779282190.921794
approach5_skyhost_run3,1916000,1779282190.923560
approach5_skyhost_run3,1917000,1779282191.000700
approach5_skyhost_run3,1918000,1779282191.002449
approach5_skyhost_run3,1919000,1779282191.004186
approach5_skyhost_run3,1920000,1779282191.006133
approach5_skyhost_run3,1921000,1779282191.008231
approach5_skyhost_run3,1922000,1779282191.009965
approach5_skyhost_run3,1923000,1779282191.021036
approach5_skyhost_run3,1924000,1779282191.022790
approach5_skyhost_run3,1925000,1779282191.024534
approach5_skyhost_run3,1926000,1779282191.026304
approach5_skyhost_run3,1927000,1779282191.112379
approach5_skyhost_run3,1928000,1779282191.114125
approach5_skyhost_run3,1929000,1779282191.157198
approach5_skyhost_run3,1930000,1779282191.158960
approach5_skyhost_run3,1931000,1779282191.160706
approach5_skyhost_run3,1932000,1779282191.162471
approach5_skyhost_run3,1933000,1779282191.176255
approach5_skyhost_run3,1934000,1779282191.177994
approach5_skyhost_run3,1935000,1779282191.179743
approach5_skyhost_run3,1936000,1779282191.181496
approach5_skyhost_run3,1937000,1779282191.260210
approach5_skyhost_run3,1938000,1779282191.262505
approach5_skyhost_run3,1939000,1779282191.264252
approach5_skyhost_run3,1940000,1779282191.266025
approach5_skyhost_run3,1941000,1779282191.267788
approach5_skyhost_run3,1942000,1779282191.269540
approach5_skyhost_run3,1943000,1779282191.277096
approach5_skyhost_run3,1944000,1779282191.361943
approach5_skyhost_run3,1945000,1779282191.363709
approach5_skyhost_run3,1946000,1779282191.365469
approach5_skyhost_run3,1947000,1779282191.367234
approach5_skyhost_run3,1948000,1779282191.378258
approach5_skyhost_run3,1949000,1779282191.523301
approach5_skyhost_run3,1950000,1779282191.525083
approach5_skyhost_run3,1951000,1779282191.526842
approach5_skyhost_run3,1952000,1779282191.528594
approach5_skyhost_run3,1953000,1779282191.542877
approach5_skyhost_run3,1954000,1779282191.577906
approach5_skyhost_run3,1955000,1779282191.579652
approach5_skyhost_run3,1956000,1779282191.581395
approach5_skyhost_run3,1957000,1779282191.583163
approach5_skyhost_run3,1958000,1779282191.618292
approach5_skyhost_run3,1959000,1779282191.620044
approach5_skyhost_run3,1960000,1779282191.621788
approach5_skyhost_run3,1961000,1779282191.623557
approach5_skyhost_run3,1962000,1779282191.643139
approach5_skyhost_run3,1963000,1779282191.644907
approach5_skyhost_run3,1964000,1779282191.646667
approach5_skyhost_run3,1965000,1779282191.648420
approach5_skyhost_run3,1966000,1779282191.682949
approach5_skyhost_run3,1967000,1779282191.731577
approach5_skyhost_run3,1968000,1779282191.733321
approach5_skyhost_run3,1969000,1779282191.808148
approach5_skyhost_run3,1970000,1779282191.809913
approach5_skyhost_run3,1971000,1779282191.811661
approach5_skyhost_run3,1972000,1779282191.813412
approach5_skyhost_run3,1973000,1779282191.898525
approach5_skyhost_run3,1974000,1779282191.900246
approach5_skyhost_run3,1975000,1779282191.901989
approach5_skyhost_run3,1976000,1779282191.917494
approach5_skyhost_run3,1977000,1779282191.919251
approach5_skyhost_run3,1978000,1779282191.921002
approach5_skyhost_run3,1979000,1779282191.922769
approach5_skyhost_run3,1980000,1779282191.938189
approach5_skyhost_run3,1981000,1779282191.939926
approach5_skyhost_run3,1982000,1779282191.941661
approach5_skyhost_run3,1983000,1779282191.943415
approach5_skyhost_run3,1984000,1779282192.030602
approach5_skyhost_run3,1985000,1779282192.032337
approach5_skyhost_run3,1986000,1779282192.514336
approach5_skyhost_run3,1987000,1779282192.516102
approach5_skyhost_run3,1988000,1779282192.517833
approach5_skyhost_run3,1989000,1779282192.519599
approach5_skyhost_run3,1990000,1779282192.529284
approach5_skyhost_run3,1991000,1779282192.629338
approach5_skyhost_run3,1992000,1779282192.631087
approach5_skyhost_run3,1993000,1779282192.632829
approach5_skyhost_run3,1994000,1779282192.634592
approach5_skyhost_run3,1995000,1779282192.648998
approach5_skyhost_run3,1996000,1779282192.718352
approach5_skyhost_run3,1997000,1779282192.720084
approach5_skyhost_run3,1998000,1779282192.721827
approach5_skyhost_run3,1999000,1779282192.723595
approach5_skyhost_run3,2000000,1779282192.789502
approach5_skyhost_run3,2001000,1779282192.833236
approach5_skyhost_run3,2002000,1779282192.835012
approach5_skyhost_run3,2003000,1779282192.836759
approach5_skyhost_run3,2004000,1779282192.838527
approach5_skyhost_run3,2005000,1779282192.858307
approach5_skyhost_run3,2006000,1779282192.936709
approach5_skyhost_run3,2007000,1779282192.938463
approach5_skyhost_run3,2008000,1779282192.940208
approach5_skyhost_run3,2009000,1779282192.941957
approach5_skyhost_run3,2010000,1779282192.970666
approach5_skyhost_run3,2011000,1779282192.972537
approach5_skyhost_run3,2012000,1779282192.974471
approach5_skyhost_run3,2013000,1779282192.976243
approach5_skyhost_run3,2014000,1779282192.977990
approach5_skyhost_run3,2015000,1779282192.993101
approach5_skyhost_run3,2016000,1779282192.994865
approach5_skyhost_run3,2017000,1779282192.996602
approach5_skyhost_run3,2018000,1779282192.998365
approach5_skyhost_run3,2019000,1779282193.082690
approach5_skyhost_run3,2020000,1779282193.084440
approach5_skyhost_run3,2021000,1779282193.143580
approach5_skyhost_run3,2022000,1779282193.145337
approach5_skyhost_run3,2023000,1779282193.147091
approach5_skyhost_run3,2024000,1779282193.148848
approach5_skyhost_run3,2025000,1779282193.157810
approach5_skyhost_run3,2026000,1779282193.232358
approach5_skyhost_run3,2027000,1779282193.234102
approach5_skyhost_run3,2028000,1779282193.235886
approach5_skyhost_run3,2029000,1779282193.237641
approach5_skyhost_run3,2030000,1779282193.246917
approach5_skyhost_run3,2031000,1779282193.335476
approach5_skyhost_run3,2032000,1779282193.337254
approach5_skyhost_run3,2033000,1779282193.339030
approach5_skyhost_run3,2034000,1779282193.340784
approach5_skyhost_run3,2035000,1779282193.351869
approach5_skyhost_run3,2036000,1779282193.483557
approach5_skyhost_run3,2037000,1779282193.485319
approach5_skyhost_run3,2038000,1779282193.487072
approach5_skyhost_run3,2039000,1779282193.488826
approach5_skyhost_run3,2040000,1779282193.498813
approach5_skyhost_run3,2041000,1779282193.539865
approach5_skyhost_run3,2042000,1779282193.541602
approach5_skyhost_run3,2043000,1779282193.543354
approach5_skyhost_run3,2044000,1779282193.545129
approach5_skyhost_run3,2045000,1779282193.558760
approach5_skyhost_run3,2046000,1779282193.645469
approach5_skyhost_run3,2047000,1779282193.647215
approach5_skyhost_run3,2048000,1779282193.648952
approach5_skyhost_run3,2049000,1779282193.650740
approach5_skyhost_run3,2050000,1779282193.659522
approach5_skyhost_run3,2051000,1779282193.758826
approach5_skyhost_run3,2052000,1779282193.760589
approach5_skyhost_run3,2053000,1779282193.762353
approach5_skyhost_run3,2054000,1779282193.764107
approach5_skyhost_run3,2055000,1779282193.786791
approach5_skyhost_run3,2056000,1779282193.850356
approach5_skyhost_run3,2057000,1779282193.852096
approach5_skyhost_run3,2058000,1779282193.853844
approach5_skyhost_run3,2059000,1779282193.855635
approach5_skyhost_run3,2060000,1779282193.864296
approach5_skyhost_run3,2061000,1779282193.951854
approach5_skyhost_run3,2062000,1779282193.953591
approach5_skyhost_run3,2063000,1779282193.955366
approach5_skyhost_run3,2064000,1779282193.957119
approach5_skyhost_run3,2065000,1779282193.971087
approach5_skyhost_run3,2066000,1779282194.106547
approach5_skyhost_run3,2067000,1779282194.108299
approach5_skyhost_run3,2068000,1779282194.110060
approach5_skyhost_run3,2069000,1779282194.111829
approach5_skyhost_run3,2070000,1779282194.120153
approach5_skyhost_run3,2071000,1779282194.161556
approach5_skyhost_run3,2072000,1779282194.163311
approach5_skyhost_run3,2073000,1779282194.165094
approach5_skyhost_run3,2074000,1779282194.166860
approach5_skyhost_run3,2075000,1779282194.177983
approach5_skyhost_run3,2076000,1779282194.259410
approach5_skyhost_run3,2077000,1779282194.261154
approach5_skyhost_run3,2078000,1779282194.262912
approach5_skyhost_run3,2079000,1779282194.264666
approach5_skyhost_run3,2080000,1779282194.275023
approach5_skyhost_run3,2081000,1779282194.363398
approach5_skyhost_run3,2082000,1779282194.365154
approach5_skyhost_run3,2083000,1779282194.366906
approach5_skyhost_run3,2084000,1779282194.368663
approach5_skyhost_run3,2085000,1779282194.377860
approach5_skyhost_run3,2086000,1779282194.416092
approach5_skyhost_run3,2087000,1779282194.417841
approach5_skyhost_run3,2088000,1779282194.419612
approach5_skyhost_run3,2089000,1779282194.421372
approach5_skyhost_run3,2090000,1779282194.447960
approach5_skyhost_run3,2091000,1779282194.449698
approach5_skyhost_run3,2092000,1779282194.451454
approach5_skyhost_run3,2093000,1779282194.453204
approach5_skyhost_run3,2094000,1779282194.537393
approach5_skyhost_run3,2095000,1779282194.539193
approach5_skyhost_run3,2096000,1779282194.570485
approach5_skyhost_run3,2097000,1779282194.572221
approach5_skyhost_run3,2098000,1779282194.573966
approach5_skyhost_run3,2099000,1779282194.575749
approach5_skyhost_run3,2100000,1779282194.584942
approach5_skyhost_run3,2101000,1779282194.671445
approach5_skyhost_run3,2102000,1779282194.673182
approach5_skyhost_run3,2103000,1779282194.674961
approach5_skyhost_run3,2104000,1779282194.676713
approach5_skyhost_run3,2105000,1779282194.689115
approach5_skyhost_run3,2106000,1779282194.826430
approach5_skyhost_run3,2107000,1779282194.828155
approach5_skyhost_run3,2108000,1779282194.829885
approach5_skyhost_run3,2109000,1779282194.831640
approach5_skyhost_run3,2110000,1779282194.840645
approach5_skyhost_run3,2111000,1779282194.929120
approach5_skyhost_run3,2112000,1779282194.930905
approach5_skyhost_run3,2113000,1779282194.932649
approach5_skyhost_run3,2114000,1779282194.934406
approach5_skyhost_run3,2115000,1779282194.944228
approach5_skyhost_run3,2116000,1779282194.979624
approach5_skyhost_run3,2117000,1779282194.981358
approach5_skyhost_run3,2118000,1779282194.983108
approach5_skyhost_run3,2119000,1779282194.984873
approach5_skyhost_run3,2120000,1779282194.995944
approach5_skyhost_run3,2121000,1779282195.082972
approach5_skyhost_run3,2122000,1779282195.084703
approach5_skyhost_run3,2123000,1779282195.086482
approach5_skyhost_run3,2124000,1779282195.088235
approach5_skyhost_run3,2125000,1779282195.098886
approach5_skyhost_run3,2126000,1779282195.194459
approach5_skyhost_run3,2127000,1779282195.196218
approach5_skyhost_run3,2128000,1779282195.197961
approach5_skyhost_run3,2129000,1779282195.199719
approach5_skyhost_run3,2130000,1779282195.209465
approach5_skyhost_run3,2131000,1779282195.302423
approach5_skyhost_run3,2132000,1779282195.304159
approach5_skyhost_run3,2133000,1779282195.305930
approach5_skyhost_run3,2134000,1779282195.307706
approach5_skyhost_run3,2135000,1779282195.320175
approach5_skyhost_run3,2136000,1779282195.391409
approach5_skyhost_run3,2137000,1779282195.393148
approach5_skyhost_run3,2138000,1779282195.394921
approach5_skyhost_run3,2139000,1779282195.396666
approach5_skyhost_run3,2140000,1779282195.407285
approach5_skyhost_run3,2141000,1779282195.507406
approach5_skyhost_run3,2142000,1779282195.509141
approach5_skyhost_run3,2143000,1779282195.510892
approach5_skyhost_run3,2144000,1779282195.512639
approach5_skyhost_run3,2145000,1779282195.521763
approach5_skyhost_run3,2146000,1779282195.541542
approach5_skyhost_run3,2147000,1779282195.543294
approach5_skyhost_run3,2148000,1779282195.545072
approach5_skyhost_run3,2149000,1779282195.546845
approach5_skyhost_run3,2150000,1779282195.561434
approach5_skyhost_run3,2151000,1779282195.563191
approach5_skyhost_run3,2152000,1779282195.564971
approach5_skyhost_run3,2153000,1779282195.566743
approach5_skyhost_run3,2154000,1779282195.647610
approach5_skyhost_run3,2155000,1779282195.649357
approach5_skyhost_run3,2156000,1779282195.700961
approach5_skyhost_run3,2157000,1779282195.702709
approach5_skyhost_run3,2158000,1779282195.704493
approach5_skyhost_run3,2159000,1779282195.706283
approach5_skyhost_run3,2160000,1779282195.717102
approach5_skyhost_run3,2161000,1779282195.804132
approach5_skyhost_run3,2162000,1779282195.805889
approach5_skyhost_run3,2163000,1779282195.807637
approach5_skyhost_run3,2164000,1779282195.809388
approach5_skyhost_run3,2165000,1779282195.820580
approach5_skyhost_run3,2166000,1779282195.905346
approach5_skyhost_run3,2167000,1779282195.907093
approach5_skyhost_run3,2168000,1779282195.908833
approach5_skyhost_run3,2169000,1779282195.910587
approach5_skyhost_run3,2170000,1779282195.972174
approach5_skyhost_run3,2171000,1779282196.009726
approach5_skyhost_run3,2172000,1779282196.011473
approach5_skyhost_run3,2173000,1779282196.013217
approach5_skyhost_run3,2174000,1779282196.015001
approach5_skyhost_run3,2175000,1779282196.024204
approach5_skyhost_run3,2176000,1779282196.059837
approach5_skyhost_run3,2177000,1779282196.061575
approach5_skyhost_run3,2178000,1779282196.063331
approach5_skyhost_run3,2179000,1779282196.065099
approach5_skyhost_run3,2180000,1779282196.083259
approach5_skyhost_run3,2181000,1779282196.085011
approach5_skyhost_run3,2182000,1779282196.086761
approach5_skyhost_run3,2183000,1779282196.088504
approach5_skyhost_run3,2184000,1779282196.172802
approach5_skyhost_run3,2185000,1779282196.174555
approach5_skyhost_run3,2186000,1779282196.184983
approach5_skyhost_run3,2187000,1779282196.186737
approach5_skyhost_run3,2188000,1779282196.188493
approach5_skyhost_run3,2189000,1779282196.190246
approach5_skyhost_run3,2190000,1779282196.204316
approach5_skyhost_run3,2191000,1779282196.206069
approach5_skyhost_run3,2192000,1779282196.207817
approach5_skyhost_run3,2193000,1779282196.209566
approach5_skyhost_run3,2194000,1779282196.289465
approach5_skyhost_run3,2195000,1779282196.291230
approach5_skyhost_run3,2196000,1779282196.367255
approach5_skyhost_run3,2197000,1779282196.368998
approach5_skyhost_run3,2198000,1779282196.370756
approach5_skyhost_run3,2199000,1779282196.372498
approach5_skyhost_run3,2200000,1779282196.386905
approach5_skyhost_run3,2201000,1779282196.388643
approach5_skyhost_run3,2202000,1779282196.390395
approach5_skyhost_run3,2203000,1779282196.392142
approach5_skyhost_run3,2204000,1779282196.396814
approach5_skyhost_run3,2205000,1779282196.398564
approach5_skyhost_run3,2206000,1779282196.400302
approach5_skyhost_run3,2207000,1779282196.402049
approach5_skyhost_run3,2208000,1779282196.419286
approach5_skyhost_run3,2209000,1779282196.472257
approach5_skyhost_run3,2210000,1779282196.473995
approach5_skyhost_run3,2211000,1779282196.525164
approach5_skyhost_run3,2212000,1779282196.526911
approach5_skyhost_run3,2213000,1779282196.528651
approach5_skyhost_run3,2214000,1779282196.530411
approach5_skyhost_run3,2215000,1779282196.543453
approach5_skyhost_run3,2216000,1779282196.628195
approach5_skyhost_run3,2217000,1779282196.629975
approach5_skyhost_run3,2218000,1779282196.631732
approach5_skyhost_run3,2219000,1779282196.633484
approach5_skyhost_run3,2220000,1779282196.694731
approach5_skyhost_run3,2221000,1779282196.730666
approach5_skyhost_run3,2222000,1779282196.732424
approach5_skyhost_run3,2223000,1779282196.734164
approach5_skyhost_run3,2224000,1779282196.735949
approach5_skyhost_run3,2225000,1779282196.744988
approach5_skyhost_run3,2226000,1779282196.833669
approach5_skyhost_run3,2227000,1779282196.835455
approach5_skyhost_run3,2228000,1779282196.837191
approach5_skyhost_run3,2229000,1779282196.838951
approach5_skyhost_run3,2230000,1779282196.851490
approach5_skyhost_run3,2231000,1779282196.934227
approach5_skyhost_run3,2232000,1779282196.935996
approach5_skyhost_run3,2233000,1779282196.937733
approach5_skyhost_run3,2234000,1779282196.939490
approach5_skyhost_run3,2235000,1779282196.999321
approach5_skyhost_run3,2236000,1779282197.028741
approach5_skyhost_run3,2237000,1779282197.030483
approach5_skyhost_run3,2238000,1779282197.032256
approach5_skyhost_run3,2239000,1779282197.034006
approach5_skyhost_run3,2240000,1779282197.066201
approach5_skyhost_run3,2241000,1779282197.067946
approach5_skyhost_run3,2242000,1779282197.069685
approach5_skyhost_run3,2243000,1779282197.071456
approach5_skyhost_run3,2244000,1779282197.152873
approach5_skyhost_run3,2245000,1779282197.155077
approach5_skyhost_run3,2246000,1779282197.156812
approach5_skyhost_run3,2247000,1779282197.158557
approach5_skyhost_run3,2248000,1779282197.160293
approach5_skyhost_run3,2249000,1779282197.162034
approach5_skyhost_run3,2250000,1779282197.187259
approach5_skyhost_run3,2251000,1779282197.292755
approach5_skyhost_run3,2252000,1779282197.294502
approach5_skyhost_run3,2253000,1779282197.296287
approach5_skyhost_run3,2254000,1779282197.298042
approach5_skyhost_run3,2255000,1779282197.308257
approach5_skyhost_run3,2256000,1779282197.345237
approach5_skyhost_run3,2257000,1779282197.346986
approach5_skyhost_run3,2258000,1779282197.348734
approach5_skyhost_run3,2259000,1779282197.350497
approach5_skyhost_run3,2260000,1779282197.360072
approach5_skyhost_run3,2261000,1779282197.450146
approach5_skyhost_run3,2262000,1779282197.451889
approach5_skyhost_run3,2263000,1779282197.453631
approach5_skyhost_run3,2264000,1779282197.455424
approach5_skyhost_run3,2265000,1779282197.464601
approach5_skyhost_run3,2266000,1779282197.539352
approach5_skyhost_run3,2267000,1779282197.541091
approach5_skyhost_run3,2268000,1779282197.542853
approach5_skyhost_run3,2269000,1779282197.544605
approach5_skyhost_run3,2270000,1779282197.560619
approach5_skyhost_run3,2271000,1779282197.562358
approach5_skyhost_run3,2272000,1779282197.564106
approach5_skyhost_run3,2273000,1779282197.565879
approach5_skyhost_run3,2274000,1779282197.636640
approach5_skyhost_run3,2275000,1779282197.650159
approach5_skyhost_run3,2276000,1779282197.651921
approach5_skyhost_run3,2277000,1779282197.653680
approach5_skyhost_run3,2278000,1779282198.006353
approach5_skyhost_run3,2279000,1779282198.008096
approach5_skyhost_run3,2280000,1779282198.009842
approach5_skyhost_run3,2281000,1779282198.011602
approach5_skyhost_run3,2282000,1779282198.020234
approach5_skyhost_run3,2283000,1779282198.067970
approach5_skyhost_run3,2284000,1779282198.069756
approach5_skyhost_run3,2285000,1779282198.071531
approach5_skyhost_run3,2286000,1779282198.073272
approach5_skyhost_run3,2287000,1779282198.080462
approach5_skyhost_run3,2288000,1779282198.168813
approach5_skyhost_run3,2289000,1779282198.170556
approach5_skyhost_run3,2290000,1779282198.172296
approach5_skyhost_run3,2291000,1779282198.174049
approach5_skyhost_run3,2292000,1779282198.183508
approach5_skyhost_run3,2293000,1779282198.271796
approach5_skyhost_run3,2294000,1779282198.273540
approach5_skyhost_run3,2295000,1779282198.275322
approach5_skyhost_run3,2296000,1779282198.277069
approach5_skyhost_run3,2297000,1779282198.289765
approach5_skyhost_run3,2298000,1779282198.422118
approach5_skyhost_run3,2299000,1779282198.423869
approach5_skyhost_run3,2300000,1779282198.425761
approach5_skyhost_run3,2301000,1779282198.428022
approach5_skyhost_run3,2302000,1779282198.430183
approach5_skyhost_run3,2303000,1779282198.431942
approach5_skyhost_run3,2304000,1779282198.433825
approach5_skyhost_run3,2305000,1779282198.442077
approach5_skyhost_run3,2306000,1779282198.444082
approach5_skyhost_run3,2307000,1779282198.445844
approach5_skyhost_run3,2308000,1779282198.447598
approach5_skyhost_run3,2309000,1779282198.449343
approach5_skyhost_run3,2310000,1779282198.525772
approach5_skyhost_run3,2311000,1779282198.527519
approach5_skyhost_run3,2312000,1779282198.529262
approach5_skyhost_run3,2313000,1779282198.624208
approach5_skyhost_run3,2314000,1779282198.625977
approach5_skyhost_run3,2315000,1779282198.627743
approach5_skyhost_run3,2316000,1779282198.629510
approach5_skyhost_run3,2317000,1779282198.640265
approach5_skyhost_run3,2318000,1779282198.681789
approach5_skyhost_run3,2319000,1779282198.683546
approach5_skyhost_run3,2320000,1779282198.685308
approach5_skyhost_run3,2321000,1779282198.687068
approach5_skyhost_run3,2322000,1779282198.696284
approach5_skyhost_run3,2323000,1779282198.784208
approach5_skyhost_run3,2324000,1779282198.785980
approach5_skyhost_run3,2325000,1779282198.787739
approach5_skyhost_run3,2326000,1779282198.789500
approach5_skyhost_run3,2327000,1779282198.799410
approach5_skyhost_run3,2328000,1779282198.885343
approach5_skyhost_run3,2329000,1779282198.887100
approach5_skyhost_run3,2330000,1779282198.888852
approach5_skyhost_run3,2331000,1779282198.890622
approach5_skyhost_run3,2332000,1779282198.899678
approach5_skyhost_run3,2333000,1779282198.988123
approach5_skyhost_run3,2334000,1779282198.989853
approach5_skyhost_run3,2335000,1779282198.991606
approach5_skyhost_run3,2336000,1779282198.993360
approach5_skyhost_run3,2337000,1779282199.003999
approach5_skyhost_run3,2338000,1779282199.100053
approach5_skyhost_run3,2339000,1779282199.101811
approach5_skyhost_run3,2340000,1779282199.103585
approach5_skyhost_run3,2341000,1779282199.105371
approach5_skyhost_run3,2342000,1779282199.115863
approach5_skyhost_run3,2343000,1779282199.199353
approach5_skyhost_run3,2344000,1779282199.201095
approach5_skyhost_run3,2345000,1779282199.202855
approach5_skyhost_run3,2346000,1779282199.204610
approach5_skyhost_run3,2347000,1779282199.217916
approach5_skyhost_run3,2348000,1779282199.312550
approach5_skyhost_run3,2349000,1779282199.314300
approach5_skyhost_run3,2350000,1779282199.316113
approach5_skyhost_run3,2351000,1779282199.330978
approach5_skyhost_run3,2352000,1779282199.332728
approach5_skyhost_run3,2353000,1779282199.400133
approach5_skyhost_run3,2354000,1779282199.401879
approach5_skyhost_run3,2355000,1779282199.403645
approach5_skyhost_run3,2356000,1779282199.465802
approach5_skyhost_run3,2357000,1779282199.467584
approach5_skyhost_run3,2358000,1779282199.504301
approach5_skyhost_run3,2359000,1779282199.506069
approach5_skyhost_run3,2360000,1779282199.507847
approach5_skyhost_run3,2361000,1779282199.517912
approach5_skyhost_run3,2362000,1779282199.519679
approach5_skyhost_run3,2363000,1779282199.606302
approach5_skyhost_run3,2364000,1779282199.608076
approach5_skyhost_run3,2365000,1779282199.609822
approach5_skyhost_run3,2366000,1779282199.620575
approach5_skyhost_run3,2367000,1779282199.622328
approach5_skyhost_run3,2368000,1779282199.769135
approach5_skyhost_run3,2369000,1779282199.770887
approach5_skyhost_run3,2370000,1779282199.772629
approach5_skyhost_run3,2371000,1779282199.803890
approach5_skyhost_run3,2372000,1779282199.805769
approach5_skyhost_run3,2373000,1779282199.809600
approach5_skyhost_run3,2374000,1779282199.811353
approach5_skyhost_run3,2375000,1779282199.813097
approach5_skyhost_run3,2376000,1779282199.824534
approach5_skyhost_run3,2377000,1779282199.826331
approach5_skyhost_run3,2378000,1779282199.912162
approach5_skyhost_run3,2379000,1779282199.913905
approach5_skyhost_run3,2380000,1779282199.915721
approach5_skyhost_run3,2381000,1779282199.926246
approach5_skyhost_run3,2382000,1779282199.928010
approach5_skyhost_run3,2383000,1779282200.015262
approach5_skyhost_run3,2384000,1779282200.017004
approach5_skyhost_run3,2385000,1779282200.018769
approach5_skyhost_run3,2386000,1779282200.029077
approach5_skyhost_run3,2387000,1779282200.030853
approach5_skyhost_run3,2388000,1779282200.120131
approach5_skyhost_run3,2389000,1779282200.121879
approach5_skyhost_run3,2390000,1779282200.123644
approach5_skyhost_run3,2391000,1779282200.136194
approach5_skyhost_run3,2392000,1779282200.137950
approach5_skyhost_run3,2393000,1779282200.220093
approach5_skyhost_run3,2394000,1779282200.221845
approach5_skyhost_run3,2395000,1779282200.223611
approach5_skyhost_run3,2396000,1779282200.234915
approach5_skyhost_run3,2397000,1779282200.236676
approach5_skyhost_run3,2398000,1779282200.323588
approach5_skyhost_run3,2399000,1779282200.325356
approach5_skyhost_run3,2400000,1779282200.327121
approach5_skyhost_run3,2401000,1779282200.337642
approach5_skyhost_run3,2402000,1779282200.339415
approach5_skyhost_run3,2403000,1779282200.441671
approach5_skyhost_run3,2404000,1779282200.443430
approach5_skyhost_run3,2405000,1779282200.445205
approach5_skyhost_run3,2406000,1779282200.474845
approach5_skyhost_run3,2407000,1779282200.476592
approach5_skyhost_run3,2408000,1779282200.583043
approach5_skyhost_run3,2409000,1779282200.584787
approach5_skyhost_run3,2410000,1779282200.586627
approach5_skyhost_run3,2411000,1779282200.596389
approach5_skyhost_run3,2412000,1779282200.598137
approach5_skyhost_run3,2413000,1779282200.632286
approach5_skyhost_run3,2414000,1779282200.634028
approach5_skyhost_run3,2415000,1779282200.635812
approach5_skyhost_run3,2416000,1779282200.646627
approach5_skyhost_run3,2417000,1779282200.648376
approach5_skyhost_run3,2418000,1779282200.736265
approach5_skyhost_run3,2419000,1779282200.738008
approach5_skyhost_run3,2420000,1779282200.739763
approach5_skyhost_run3,2421000,1779282200.743691
approach5_skyhost_run3,2422000,1779282200.745464
approach5_skyhost_run3,2423000,1779282200.838651
approach5_skyhost_run3,2424000,1779282200.840387
approach5_skyhost_run3,2425000,1779282200.842133
approach5_skyhost_run3,2426000,1779282200.850948
approach5_skyhost_run3,2427000,1779282200.852724
approach5_skyhost_run3,2428000,1779282200.940571
approach5_skyhost_run3,2429000,1779282200.942314
approach5_skyhost_run3,2430000,1779282200.944074
approach5_skyhost_run3,2431000,1779282200.954073
approach5_skyhost_run3,2432000,1779282200.955852
approach5_skyhost_run3,2433000,1779282201.044695
approach5_skyhost_run3,2434000,1779282201.046472
approach5_skyhost_run3,2435000,1779282201.048216
approach5_skyhost_run3,2436000,1779282201.057129
approach5_skyhost_run3,2437000,1779282201.058897
approach5_skyhost_run3,2438000,1779282201.143024
approach5_skyhost_run3,2439000,1779282201.144769
approach5_skyhost_run3,2440000,1779282201.146549
approach5_skyhost_run3,2441000,1779282201.169346
approach5_skyhost_run3,2442000,1779282201.171091
approach5_skyhost_run3,2443000,1779282201.172840
approach5_skyhost_run3,2444000,1779282201.174608
approach5_skyhost_run3,2445000,1779282201.246908
approach5_skyhost_run3,2446000,1779282201.248640
approach5_skyhost_run3,2447000,1779282201.250393
approach5_skyhost_run3,2448000,1779282201.317935
approach5_skyhost_run3,2449000,1779282201.319694
approach5_skyhost_run3,2450000,1779282201.321450
approach5_skyhost_run3,2451000,1779282201.331869
approach5_skyhost_run3,2452000,1779282201.333618
approach5_skyhost_run3,2453000,1779282201.352398
approach5_skyhost_run3,2454000,1779282201.354142
approach5_skyhost_run3,2455000,1779282201.355934
approach5_skyhost_run3,2456000,1779282201.371085
approach5_skyhost_run3,2457000,1779282201.372836
approach5_skyhost_run3,2458000,1779282201.399695
approach5_skyhost_run3,2459000,1779282201.401438
approach5_skyhost_run3,2460000,1779282201.403198
approach5_skyhost_run3,2461000,1779282201.418041
approach5_skyhost_run3,2462000,1779282201.419780
approach5_skyhost_run3,2463000,1779282201.421520
approach5_skyhost_run3,2464000,1779282201.423280
approach5_skyhost_run3,2465000,1779282201.500160
approach5_skyhost_run3,2466000,1779282201.502003
approach5_skyhost_run3,2467000,1779282201.504103
approach5_skyhost_run3,2468000,1779282201.505971
approach5_skyhost_run3,2469000,1779282201.507715
approach5_skyhost_run3,2470000,1779282201.509453
approach5_skyhost_run3,2471000,1779282201.520862
approach5_skyhost_run3,2472000,1779282201.522617
approach5_skyhost_run3,2473000,1779282201.524395
approach5_skyhost_run3,2474000,1779282201.526174
approach5_skyhost_run3,2475000,1779282201.604871
approach5_skyhost_run3,2476000,1779282201.606631
approach5_skyhost_run3,2477000,1779282201.608376
approach5_skyhost_run3,2478000,1779282201.660736
approach5_skyhost_run3,2479000,1779282201.662482
approach5_skyhost_run3,2480000,1779282201.664232
approach5_skyhost_run3,2481000,1779282201.675879
approach5_skyhost_run3,2482000,1779282201.677631
approach5_skyhost_run3,2483000,1779282201.705434
approach5_skyhost_run3,2484000,1779282201.707187
approach5_skyhost_run3,2485000,1779282201.708934
approach5_skyhost_run3,2486000,1779282201.725387
approach5_skyhost_run3,2487000,1779282201.727128
approach5_skyhost_run3,2488000,1779282201.728869
approach5_skyhost_run3,2489000,1779282201.730623
approach5_skyhost_run3,2490000,1779282201.816295
approach5_skyhost_run3,2491000,1779282201.818043
approach5_skyhost_run3,2492000,1779282201.819800
approach5_skyhost_run3,2493000,1779282201.878075
approach5_skyhost_run3,2494000,1779282201.879822
approach5_skyhost_run3,2495000,1779282201.881564
approach5_skyhost_run3,2496000,1779282201.899076
approach5_skyhost_run3,2497000,1779282201.900838
approach5_skyhost_run3,2498000,1779282201.993253
approach5_skyhost_run3,2499000,1779282201.995029
approach5_skyhost_run3,2500000,1779282201.996783
approach5_skyhost_run3,2501000,1779282202.019736
approach5_skyhost_run3,2502000,1779282202.021470
approach5_skyhost_run3,2503000,1779282202.023217
approach5_skyhost_run3,2504000,1779282202.024984
approach5_skyhost_run3,2505000,1779282202.069231
approach5_skyhost_run3,2506000,1779282202.070986
approach5_skyhost_run3,2507000,1779282202.072717
approach5_skyhost_run3,2508000,1779282202.074465
approach5_skyhost_run3,2509000,1779282202.084949
approach5_skyhost_run3,2510000,1779282202.111255
approach5_skyhost_run3,2511000,1779282202.113002
approach5_skyhost_run3,2512000,1779282202.114765
approach5_skyhost_run3,2513000,1779282202.174543
approach5_skyhost_run3,2514000,1779282202.176302
approach5_skyhost_run3,2515000,1779282202.178044
approach5_skyhost_run3,2516000,1779282202.187091
approach5_skyhost_run3,2517000,1779282202.188847
approach5_skyhost_run3,2518000,1779282202.276416
approach5_skyhost_run3,2519000,1779282202.278162
approach5_skyhost_run3,2520000,1779282202.279920
approach5_skyhost_run3,2521000,1779282202.291164
approach5_skyhost_run3,2522000,1779282202.292920
approach5_skyhost_run3,2523000,1779282202.433379
approach5_skyhost_run3,2524000,1779282202.435158
approach5_skyhost_run3,2525000,1779282202.436900
approach5_skyhost_run3,2526000,1779282202.445820
approach5_skyhost_run3,2527000,1779282202.447583
approach5_skyhost_run3,2528000,1779282202.480348
approach5_skyhost_run3,2529000,1779282202.482107
approach5_skyhost_run3,2530000,1779282202.483879
approach5_skyhost_run3,2531000,1779282202.494485
approach5_skyhost_run3,2532000,1779282202.496252
approach5_skyhost_run3,2533000,1779282202.585473
approach5_skyhost_run3,2534000,1779282202.587226
approach5_skyhost_run3,2535000,1779282202.588976
approach5_skyhost_run3,2536000,1779282202.597140
approach5_skyhost_run3,2537000,1779282202.598935
approach5_skyhost_run3,2538000,1779282202.740851
approach5_skyhost_run3,2539000,1779282202.742610
approach5_skyhost_run3,2540000,1779282202.744357
approach5_skyhost_run3,2541000,1779282202.752758
approach5_skyhost_run3,2542000,1779282202.754524
approach5_skyhost_run3,2543000,1779282202.792980
approach5_skyhost_run3,2544000,1779282202.794734
approach5_skyhost_run3,2545000,1779282202.796534
approach5_skyhost_run3,2546000,1779282202.803388
approach5_skyhost_run3,2547000,1779282202.805160
approach5_skyhost_run3,2548000,1779282202.893263
approach5_skyhost_run3,2549000,1779282202.895046
approach5_skyhost_run3,2550000,1779282202.896797
approach5_skyhost_run3,2551000,1779282202.906556
approach5_skyhost_run3,2552000,1779282202.908303
approach5_skyhost_run3,2553000,1779282202.941331
approach5_skyhost_run3,2554000,1779282202.943089
approach5_skyhost_run3,2555000,1779282202.944855
approach5_skyhost_run3,2556000,1779282202.957792
approach5_skyhost_run3,2557000,1779282202.959533
approach5_skyhost_run3,2558000,1779282202.961280
approach5_skyhost_run3,2559000,1779282202.963048
approach5_skyhost_run3,2560000,1779282203.044456
approach5_skyhost_run3,2561000,1779282203.046227
approach5_skyhost_run3,2562000,1779282203.047995
approach5_skyhost_run3,2563000,1779282203.101794
approach5_skyhost_run3,2564000,1779282203.103546
approach5_skyhost_run3,2565000,1779282203.105319
approach5_skyhost_run3,2566000,1779282203.115298
approach5_skyhost_run3,2567000,1779282203.117046
approach5_skyhost_run3,2568000,1779282203.184268
approach5_skyhost_run3,2569000,1779282203.305059
approach5_skyhost_run3,2570000,1779282203.306808
approach5_skyhost_run3,2571000,1779282203.308548
approach5_skyhost_run3,2572000,1779282203.310295
approach5_skyhost_run3,2573000,1779282203.320210
approach5_skyhost_run3,2574000,1779282203.405684
approach5_skyhost_run3,2575000,1779282203.407434
approach5_skyhost_run3,2576000,1779282203.409179
approach5_skyhost_run3,2577000,1779282203.410943
approach5_skyhost_run3,2578000,1779282203.420733
approach5_skyhost_run3,2579000,1779282203.512426
approach5_skyhost_run3,2580000,1779282203.514171
approach5_skyhost_run3,2581000,1779282203.515955
approach5_skyhost_run3,2582000,1779282203.517710
approach5_skyhost_run3,2583000,1779282203.527615
approach5_skyhost_run3,2584000,1779282203.610531
approach5_skyhost_run3,2585000,1779282203.612268
approach5_skyhost_run3,2586000,1779282203.614011
approach5_skyhost_run3,2587000,1779282203.615804
approach5_skyhost_run3,2588000,1779282203.620485
approach5_skyhost_run3,2589000,1779282203.712464
approach5_skyhost_run3,2590000,1779282203.714211
approach5_skyhost_run3,2591000,1779282203.716005
approach5_skyhost_run3,2592000,1779282203.717781
approach5_skyhost_run3,2593000,1779282203.727625
approach5_skyhost_run3,2594000,1779282203.816910
approach5_skyhost_run3,2595000,1779282203.818655
approach5_skyhost_run3,2596000,1779282203.820400
approach5_skyhost_run3,2597000,1779282203.822156
approach5_skyhost_run3,2598000,1779282203.831250
approach5_skyhost_run3,2599000,1779282203.918633
approach5_skyhost_run3,2600000,1779282203.920391
approach5_skyhost_run3,2601000,1779282203.922134
approach5_skyhost_run3,2602000,1779282203.923908
approach5_skyhost_run3,2603000,1779282203.934971
approach5_skyhost_run3,2604000,1779282204.018386
approach5_skyhost_run3,2605000,1779282204.020124
approach5_skyhost_run3,2606000,1779282204.021864
approach5_skyhost_run3,2607000,1779282204.023630
approach5_skyhost_run3,2608000,1779282204.038096
approach5_skyhost_run3,2609000,1779282204.039846
approach5_skyhost_run3,2610000,1779282204.041588
approach5_skyhost_run3,2611000,1779282204.043353
approach5_skyhost_run3,2612000,1779282204.124631
approach5_skyhost_run3,2613000,1779282204.126413
approach5_skyhost_run3,2614000,1779282204.139338
approach5_skyhost_run3,2615000,1779282204.141067
approach5_skyhost_run3,2616000,1779282204.142855
approach5_skyhost_run3,2617000,1779282204.144608
approach5_skyhost_run3,2618000,1779282204.163685
approach5_skyhost_run3,2619000,1779282204.227184
approach5_skyhost_run3,2620000,1779282204.228919
approach5_skyhost_run3,2621000,1779282204.230679
approach5_skyhost_run3,2622000,1779282204.232430
approach5_skyhost_run3,2623000,1779282204.241741
approach5_skyhost_run3,2624000,1779282204.328947
approach5_skyhost_run3,2625000,1779282204.330701
approach5_skyhost_run3,2626000,1779282204.332441
approach5_skyhost_run3,2627000,1779282204.334197
approach5_skyhost_run3,2628000,1779282204.347685
approach5_skyhost_run3,2629000,1779282204.349421
approach5_skyhost_run3,2630000,1779282204.351172
approach5_skyhost_run3,2631000,1779282204.352923
approach5_skyhost_run3,2632000,1779282204.433921
approach5_skyhost_run3,2633000,1779282204.435966
approach5_skyhost_run3,2634000,1779282204.441020
approach5_skyhost_run3,2635000,1779282204.442763
approach5_skyhost_run3,2636000,1779282204.444507
approach5_skyhost_run3,2637000,1779282204.446286
approach5_skyhost_run3,2638000,1779282204.460360
approach5_skyhost_run3,2639000,1779282204.462101
approach5_skyhost_run3,2640000,1779282204.463860
approach5_skyhost_run3,2641000,1779282204.465631
approach5_skyhost_run3,2642000,1779282204.481419
approach5_skyhost_run3,2643000,1779282204.483160
approach5_skyhost_run3,2644000,1779282204.484923
approach5_skyhost_run3,2645000,1779282204.486679
approach5_skyhost_run3,2646000,1779282204.501341
approach5_skyhost_run3,2647000,1779282204.503085
approach5_skyhost_run3,2648000,1779282204.504836
approach5_skyhost_run3,2649000,1779282204.506587
approach5_skyhost_run3,2650000,1779282204.547441
approach5_skyhost_run3,2651000,1779282204.549192
approach5_skyhost_run3,2652000,1779282204.592332
approach5_skyhost_run3,2653000,1779282204.594082
approach5_skyhost_run3,2654000,1779282204.641150
approach5_skyhost_run3,2655000,1779282204.642924
approach5_skyhost_run3,2656000,1779282204.644666
approach5_skyhost_run3,2657000,1779282204.646454
approach5_skyhost_run3,2658000,1779282204.657763
approach5_skyhost_run3,2659000,1779282204.755178
approach5_skyhost_run3,2660000,1779282204.756918
approach5_skyhost_run3,2661000,1779282204.758677
approach5_skyhost_run3,2662000,1779282204.760471
approach5_skyhost_run3,2663000,1779282204.783151
approach5_skyhost_run3,2664000,1779282204.857092
approach5_skyhost_run3,2665000,1779282204.858845
approach5_skyhost_run3,2666000,1779282204.860585
approach5_skyhost_run3,2667000,1779282204.862341
approach5_skyhost_run3,2668000,1779282204.924520
approach5_skyhost_run3,2669000,1779282204.926292
approach5_skyhost_run3,2670000,1779282204.928049
approach5_skyhost_run3,2671000,1779282204.929797
approach5_skyhost_run3,2672000,1779282204.936633
approach5_skyhost_run3,2673000,1779282204.947532
approach5_skyhost_run3,2674000,1779282204.949266
approach5_skyhost_run3,2675000,1779282204.951020
approach5_skyhost_run3,2676000,1779282204.952775
approach5_skyhost_run3,2677000,1779282205.037251
approach5_skyhost_run3,2678000,1779282205.039004
approach5_skyhost_run3,2679000,1779282205.256101
approach5_skyhost_run3,2680000,1779282205.257834
approach5_skyhost_run3,2681000,1779282205.259583
approach5_skyhost_run3,2682000,1779282205.261323
approach5_skyhost_run3,2683000,1779282205.269519
approach5_skyhost_run3,2684000,1779282205.301375
approach5_skyhost_run3,2685000,1779282205.303119
approach5_skyhost_run3,2686000,1779282205.304873
approach5_skyhost_run3,2687000,1779282205.306631
approach5_skyhost_run3,2688000,1779282205.321558
approach5_skyhost_run3,2689000,1779282205.323303
approach5_skyhost_run3,2690000,1779282205.325059
approach5_skyhost_run3,2691000,1779282205.326820
approach5_skyhost_run3,2692000,1779282205.459228
approach5_skyhost_run3,2693000,1779282205.460966
approach5_skyhost_run3,2694000,1779282205.473688
approach5_skyhost_run3,2695000,1779282205.475461
approach5_skyhost_run3,2696000,1779282205.477202
approach5_skyhost_run3,2697000,1779282205.478960
approach5_skyhost_run3,2698000,1779282205.493695
approach5_skyhost_run3,2699000,1779282205.495467
approach5_skyhost_run3,2700000,1779282205.497218
approach5_skyhost_run3,2701000,1779282205.498995
approach5_skyhost_run3,2702000,1779282205.578987
approach5_skyhost_run3,2703000,1779282205.580743
approach5_skyhost_run3,2704000,1779282205.615729
approach5_skyhost_run3,2705000,1779282205.617465
approach5_skyhost_run3,2706000,1779282205.619217
approach5_skyhost_run3,2707000,1779282205.620966
approach5_skyhost_run3,2708000,1779282205.632372
approach5_skyhost_run3,2709000,1779282205.668350
approach5_skyhost_run3,2710000,1779282205.670098
approach5_skyhost_run3,2711000,1779282205.671854
approach5_skyhost_run3,2712000,1779282205.673604
approach5_skyhost_run3,2713000,1779282205.681694
approach5_skyhost_run3,2714000,1779282205.782929
approach5_skyhost_run3,2715000,1779282205.784665
approach5_skyhost_run3,2716000,1779282205.786454
approach5_skyhost_run3,2717000,1779282205.788216
approach5_skyhost_run3,2718000,1779282205.812049
approach5_skyhost_run3,2719000,1779282205.870937
approach5_skyhost_run3,2720000,1779282205.872676
approach5_skyhost_run3,2721000,1779282205.874428
approach5_skyhost_run3,2722000,1779282205.876204
approach5_skyhost_run3,2723000,1779282205.919108
approach5_skyhost_run3,2724000,1779282205.920849
approach5_skyhost_run3,2725000,1779282205.922646
approach5_skyhost_run3,2726000,1779282205.924413
approach5_skyhost_run3,2727000,1779282205.942170
approach5_skyhost_run3,2728000,1779282205.944101
approach5_skyhost_run3,2729000,1779282205.945853
approach5_skyhost_run3,2730000,1779282205.947595
approach5_skyhost_run3,2731000,1779282205.949339
approach5_skyhost_run3,2732000,1779282206.031609
approach5_skyhost_run3,2733000,1779282206.033359
approach5_skyhost_run3,2734000,1779282206.077125
approach5_skyhost_run3,2735000,1779282206.078878
approach5_skyhost_run3,2736000,1779282206.080615
approach5_skyhost_run3,2737000,1779282206.082370
approach5_skyhost_run3,2738000,1779282206.095010
approach5_skyhost_run3,2739000,1779282206.193329
approach5_skyhost_run3,2740000,1779282206.195105
approach5_skyhost_run3,2741000,1779282206.196838
approach5_skyhost_run3,2742000,1779282206.198627
approach5_skyhost_run3,2743000,1779282206.228422
approach5_skyhost_run3,2744000,1779282206.324407
approach5_skyhost_run3,2745000,1779282206.326199
approach5_skyhost_run3,2746000,1779282206.327981
approach5_skyhost_run3,2747000,1779282206.329760
approach5_skyhost_run3,2748000,1779282206.348164
approach5_skyhost_run3,2749000,1779282206.397876
approach5_skyhost_run3,2750000,1779282206.399618
approach5_skyhost_run3,2751000,1779282206.401356
approach5_skyhost_run3,2752000,1779282206.403111
approach5_skyhost_run3,2753000,1779282206.432567
approach5_skyhost_run3,2754000,1779282206.502259
approach5_skyhost_run3,2755000,1779282206.504000
approach5_skyhost_run3,2756000,1779282206.505773
approach5_skyhost_run3,2757000,1779282206.507529
approach5_skyhost_run3,2758000,1779282206.534636
approach5_skyhost_run3,2759000,1779282206.592417
approach5_skyhost_run3,2760000,1779282206.594157
approach5_skyhost_run3,2761000,1779282206.595937
approach5_skyhost_run3,2762000,1779282206.597692
approach5_skyhost_run3,2763000,1779282206.605963
approach5_skyhost_run3,2764000,1779282206.689513
approach5_skyhost_run3,2765000,1779282206.691260
approach5_skyhost_run3,2766000,1779282206.693008
approach5_skyhost_run3,2767000,1779282206.694770
approach5_skyhost_run3,2768000,1779282206.708681
approach5_skyhost_run3,2769000,1779282206.710430
approach5_skyhost_run3,2770000,1779282206.712173
approach5_skyhost_run3,2771000,1779282206.713924
approach5_skyhost_run3,2772000,1779282206.798375
approach5_skyhost_run3,2773000,1779282206.800590
approach5_skyhost_run3,2774000,1779282206.802328
approach5_skyhost_run3,2775000,1779282206.804055
approach5_skyhost_run3,2776000,1779282206.805816
approach5_skyhost_run3,2777000,1779282206.807584
approach5_skyhost_run3,2778000,1779282206.813149
approach5_skyhost_run3,2779000,1779282206.901180
approach5_skyhost_run3,2780000,1779282206.902983
approach5_skyhost_run3,2781000,1779282206.904745
approach5_skyhost_run3,2782000,1779282206.906538
approach5_skyhost_run3,2783000,1779282206.915985
approach5_skyhost_run3,2784000,1779282206.994017
approach5_skyhost_run3,2785000,1779282206.995786
approach5_skyhost_run3,2786000,1779282206.997527
approach5_skyhost_run3,2787000,1779282206.999288
approach5_skyhost_run3,2788000,1779282207.014381
approach5_skyhost_run3,2789000,1779282207.016160
approach5_skyhost_run3,2790000,1779282207.017904
approach5_skyhost_run3,2791000,1779282207.019673
approach5_skyhost_run3,2792000,1779282207.105651
approach5_skyhost_run3,2793000,1779282207.107841
approach5_skyhost_run3,2794000,1779282207.109576
approach5_skyhost_run3,2795000,1779282207.111331
approach5_skyhost_run3,2796000,1779282207.113074
approach5_skyhost_run3,2797000,1779282207.114860
approach5_skyhost_run3,2798000,1779282207.121084
approach5_skyhost_run3,2799000,1779282207.217664
approach5_skyhost_run3,2800000,1779282207.219411
approach5_skyhost_run3,2801000,1779282207.221149
approach5_skyhost_run3,2802000,1779282207.222908
approach5_skyhost_run3,2803000,1779282207.278718
approach5_skyhost_run3,2804000,1779282207.386387
approach5_skyhost_run3,2805000,1779282207.388155
approach5_skyhost_run3,2806000,1779282207.389898
approach5_skyhost_run3,2807000,1779282207.391662
approach5_skyhost_run3,2808000,1779282207.410264
approach5_skyhost_run3,2809000,1779282207.412018
approach5_skyhost_run3,2810000,1779282207.413766
approach5_skyhost_run3,2811000,1779282207.415555
approach5_skyhost_run3,2812000,1779282207.418484
approach5_skyhost_run3,2813000,1779282207.424972
approach5_skyhost_run3,2814000,1779282207.511391
approach5_skyhost_run3,2815000,1779282207.513130
approach5_skyhost_run3,2816000,1779282207.514913
approach5_skyhost_run3,2817000,1779282207.516670
approach5_skyhost_run3,2818000,1779282207.528460
approach5_skyhost_run3,2819000,1779282207.630045
approach5_skyhost_run3,2820000,1779282207.631790
approach5_skyhost_run3,2821000,1779282207.633538
approach5_skyhost_run3,2822000,1779282207.635340
approach5_skyhost_run3,2823000,1779282207.664152
approach5_skyhost_run3,2824000,1779282207.720018
approach5_skyhost_run3,2825000,1779282207.721758
approach5_skyhost_run3,2826000,1779282207.723515
approach5_skyhost_run3,2827000,1779282207.725293
approach5_skyhost_run3,2828000,1779282207.733778
approach5_skyhost_run3,2829000,1779282207.872265
approach5_skyhost_run3,2830000,1779282207.873998
approach5_skyhost_run3,2831000,1779282207.875826
approach5_skyhost_run3,2832000,1779282207.877588
approach5_skyhost_run3,2833000,1779282207.881689
approach5_skyhost_run3,2834000,1779282207.883457
approach5_skyhost_run3,2835000,1779282207.885260
approach5_skyhost_run3,2836000,1779282207.887293
approach5_skyhost_run3,2837000,1779282207.889048
approach5_skyhost_run3,2838000,1779282207.901745
approach5_skyhost_run3,2839000,1779282207.903503
approach5_skyhost_run3,2840000,1779282207.905276
approach5_skyhost_run3,2841000,1779282207.907045
approach5_skyhost_run3,2842000,1779282207.994095
approach5_skyhost_run3,2843000,1779282207.995904
approach5_skyhost_run3,2844000,1779282208.028183
approach5_skyhost_run3,2845000,1779282208.029931
approach5_skyhost_run3,2846000,1779282208.031696
approach5_skyhost_run3,2847000,1779282208.033450
approach5_skyhost_run3,2848000,1779282208.041252
approach5_skyhost_run3,2849000,1779282208.177407
approach5_skyhost_run3,2850000,1779282208.179164
approach5_skyhost_run3,2851000,1779282208.180955
approach5_skyhost_run3,2852000,1779282208.182741
approach5_skyhost_run3,2853000,1779282208.190845
approach5_skyhost_run3,2854000,1779282208.234164
approach5_skyhost_run3,2855000,1779282208.235958
approach5_skyhost_run3,2856000,1779282208.237705
approach5_skyhost_run3,2857000,1779282208.239477
approach5_skyhost_run3,2858000,1779282208.294265
approach5_skyhost_run3,2859000,1779282208.329717
approach5_skyhost_run3,2860000,1779282208.350821
approach5_skyhost_run3,2861000,1779282208.352564
approach5_skyhost_run3,2862000,1779282208.354305
approach5_skyhost_run3,2863000,1779282208.356098
approach5_skyhost_run3,2864000,1779282208.441703
approach5_skyhost_run3,2865000,1779282208.443470
approach5_skyhost_run3,2866000,1779282208.445254
approach5_skyhost_run3,2867000,1779282208.447023
approach5_skyhost_run3,2868000,1779282208.456918
approach5_skyhost_run3,2869000,1779282208.542405
approach5_skyhost_run3,2870000,1779282208.544151
approach5_skyhost_run3,2871000,1779282208.545928
approach5_skyhost_run3,2872000,1779282208.547696
approach5_skyhost_run3,2873000,1779282208.557285
approach5_skyhost_run3,2874000,1779282208.643116
approach5_skyhost_run3,2875000,1779282208.644886
approach5_skyhost_run3,2876000,1779282208.646650
approach5_skyhost_run3,2877000,1779282208.648402
approach5_skyhost_run3,2878000,1779282208.659063
approach5_skyhost_run3,2879000,1779282208.749734
approach5_skyhost_run3,2880000,1779282208.751485
approach5_skyhost_run3,2881000,1779282208.753235
approach5_skyhost_run3,2882000,1779282208.755032
approach5_skyhost_run3,2883000,1779282208.762697
approach5_skyhost_run3,2884000,1779282208.851643
approach5_skyhost_run3,2885000,1779282208.853389
approach5_skyhost_run3,2886000,1779282208.855186
approach5_skyhost_run3,2887000,1779282208.856956
approach5_skyhost_run3,2888000,1779282208.864241
approach5_skyhost_run3,2889000,1779282208.952289
approach5_skyhost_run3,2890000,1779282208.954037
approach5_skyhost_run3,2891000,1779282208.955838
approach5_skyhost_run3,2892000,1779282208.957608
approach5_skyhost_run3,2893000,1779282208.968158
approach5_skyhost_run3,2894000,1779282209.056538
approach5_skyhost_run3,2895000,1779282209.058279
approach5_skyhost_run3,2896000,1779282209.060034
approach5_skyhost_run3,2897000,1779282209.061782
approach5_skyhost_run3,2898000,1779282209.070033
approach5_skyhost_run3,2899000,1779282209.159840
approach5_skyhost_run3,2900000,1779282209.161581
approach5_skyhost_run3,2901000,1779282209.163338
approach5_skyhost_run3,2902000,1779282209.165119
approach5_skyhost_run3,2903000,1779282209.174357
approach5_skyhost_run3,2904000,1779282209.262363
approach5_skyhost_run3,2905000,1779282209.264106
approach5_skyhost_run3,2906000,1779282209.265883
approach5_skyhost_run3,2907000,1779282209.267661
approach5_skyhost_run3,2908000,1779282209.276608
approach5_skyhost_run3,2909000,1779282209.366281
approach5_skyhost_run3,2910000,1779282209.368040
approach5_skyhost_run3,2911000,1779282209.369794
approach5_skyhost_run3,2912000,1779282209.371573
approach5_skyhost_run3,2913000,1779282209.379448
approach5_skyhost_run3,2914000,1779282209.469322
approach5_skyhost_run3,2915000,1779282209.471097
approach5_skyhost_run3,2916000,1779282209.472858
approach5_skyhost_run3,2917000,1779282209.474636
approach5_skyhost_run3,2918000,1779282209.483902
approach5_skyhost_run3,2919000,1779282209.581514
approach5_skyhost_run3,2920000,1779282209.583273
approach5_skyhost_run3,2921000,1779282209.585061
approach5_skyhost_run3,2922000,1779282209.586839
approach5_skyhost_run3,2923000,1779282209.600370
approach5_skyhost_run3,2924000,1779282209.675001
approach5_skyhost_run3,2925000,1779282209.676743
approach5_skyhost_run3,2926000,1779282209.678501
approach5_skyhost_run3,2927000,1779282209.680251
approach5_skyhost_run3,2928000,1779282209.688745
approach5_skyhost_run3,2929000,1779282209.778407
approach5_skyhost_run3,2930000,1779282209.780149
approach5_skyhost_run3,2931000,1779282209.781937
approach5_skyhost_run3,2932000,1779282209.783714
approach5_skyhost_run3,2933000,1779282209.793943
approach5_skyhost_run3,2934000,1779282209.878635
approach5_skyhost_run3,2935000,1779282209.880384
approach5_skyhost_run3,2936000,1779282209.882137
approach5_skyhost_run3,2937000,1779282209.883910
approach5_skyhost_run3,2938000,1779282209.896128
approach5_skyhost_run3,2939000,1779282209.984217
approach5_skyhost_run3,2940000,1779282209.986004
approach5_skyhost_run3,2941000,1779282209.987773
approach5_skyhost_run3,2942000,1779282209.989541
approach5_skyhost_run3,2943000,1779282209.997281
approach5_skyhost_run3,2944000,1779282210.079829
approach5_skyhost_run3,2945000,1779282210.081587
approach5_skyhost_run3,2946000,1779282210.083357
approach5_skyhost_run3,2947000,1779282210.085146
approach5_skyhost_run3,2948000,1779282210.117522
approach5_skyhost_run3,2949000,1779282210.119284
approach5_skyhost_run3,2950000,1779282210.121042
approach5_skyhost_run3,2951000,1779282210.122826
approach5_skyhost_run3,2952000,1779282210.203218
approach5_skyhost_run3,2953000,1779282210.205350
approach5_skyhost_run3,2954000,1779282210.207114
approach5_skyhost_run3,2955000,1779282210.208861
approach5_skyhost_run3,2956000,1779282210.210620
approach5_skyhost_run3,2957000,1779282210.212389
approach5_skyhost_run3,2958000,1779282210.277836
approach5_skyhost_run3,2959000,1779282210.339524
approach5_skyhost_run3,2960000,1779282210.341267
approach5_skyhost_run3,2961000,1779282210.343035
approach5_skyhost_run3,2962000,1779282210.344800
approach5_skyhost_run3,2963000,1779282210.353638
approach5_skyhost_run3,2964000,1779282210.396045
approach5_skyhost_run3,2965000,1779282210.397789
approach5_skyhost_run3,2966000,1779282210.399557
approach5_skyhost_run3,2967000,1779282210.401318
approach5_skyhost_run3,2968000,1779282210.408543
approach5_skyhost_run3,2969000,1779282210.499460
approach5_skyhost_run3,2970000,1779282210.501212
approach5_skyhost_run3,2971000,1779282210.502979
approach5_skyhost_run3,2972000,1779282210.504729
approach5_skyhost_run3,2973000,1779282210.512983
approach5_skyhost_run3,2974000,1779282210.541572
approach5_skyhost_run3,2975000,1779282210.543324
approach5_skyhost_run3,2976000,1779282210.545103
approach5_skyhost_run3,2977000,1779282210.546924
approach5_skyhost_run3,2978000,1779282210.565098
approach5_skyhost_run3,2979000,1779282210.566852
approach5_skyhost_run3,2980000,1779282210.568598
approach5_skyhost_run3,2981000,1779282210.570356
approach5_skyhost_run3,2982000,1779282210.647974
approach5_skyhost_run3,2983000,1779282210.649723
approach5_skyhost_run3,2984000,1779282210.694645
approach5_skyhost_run3,2985000,1779282210.696434
approach5_skyhost_run3,2986000,1779282210.698200
approach5_skyhost_run3,2987000,1779282210.699977
approach5_skyhost_run3,2988000,1779282210.713335
approach5_skyhost_run3,2989000,1779282210.715111
approach5_skyhost_run3,2990000,1779282210.716856
approach5_skyhost_run3,2991000,1779282210.718618
approach5_skyhost_run3,2992000,1779282210.800385
approach5_skyhost_run3,2993000,1779282210.802232
approach5_skyhost_run3,2994000,1779282210.806145
approach5_skyhost_run3,2995000,1779282210.807909
approach5_skyhost_run3,2996000,1779282210.809667
approach5_skyhost_run3,2997000,1779282210.811436
approach5_skyhost_run3,2998000,1779282210.830103
approach5_skyhost_run3,2999000,1779282210.831848
approach5_skyhost_run3,3000000,1779282210.833595
approach5_skyhost_run3,3001000,1779282210.835413
approach5_skyhost_run3,3002000,1779282210.853190
approach5_skyhost_run3,3003000,1779282210.854958
approach5_skyhost_run3,3004000,1779282210.856694
approach5_skyhost_run3,3005000,1779282210.858451
approach5_skyhost_run3,3006000,1779282210.874195
approach5_skyhost_run3,3007000,1779282210.875965
approach5_skyhost_run3,3008000,1779282210.877709
approach5_skyhost_run3,3009000,1779282210.879471
approach5_skyhost_run3,3010000,1779282210.918833
approach5_skyhost_run3,3011000,1779282210.920580
approach5_skyhost_run3,3012000,1779282210.965344
approach5_skyhost_run3,3013000,1779282210.967102
approach5_skyhost_run3,3014000,1779282211.024704
approach5_skyhost_run3,3015000,1779282211.026483
approach5_skyhost_run3,3016000,1779282211.028238
approach5_skyhost_run3,3017000,1779282211.029996
approach5_skyhost_run3,3018000,1779282211.040464
approach5_skyhost_run3,3019000,1779282211.160153
approach5_skyhost_run3,3020000,1779282211.162009
approach5_skyhost_run3,3021000,1779282211.165129
approach5_skyhost_run3,3022000,1779282211.166885
approach5_skyhost_run3,3023000,1779282211.168621
approach5_skyhost_run3,3024000,1779282211.170366
approach5_skyhost_run3,3025000,1779282211.172120
approach5_skyhost_run3,3026000,1779282211.173936
approach5_skyhost_run3,3027000,1779282211.176013
approach5_skyhost_run3,3028000,1779282211.185825
approach5_skyhost_run3,3029000,1779282211.187577
approach5_skyhost_run3,3030000,1779282211.189324
approach5_skyhost_run3,3031000,1779282211.191088
approach5_skyhost_run3,3032000,1779282211.266740
approach5_skyhost_run3,3033000,1779282211.268488
approach5_skyhost_run3,3034000,1779282211.270238
approach5_skyhost_run3,3035000,1779282211.272013
approach5_skyhost_run3,3036000,1779282211.276624
approach5_skyhost_run3,3037000,1779282211.278407
approach5_skyhost_run3,3038000,1779282211.288204
approach5_skyhost_run3,3039000,1779282211.289948
approach5_skyhost_run3,3040000,1779282211.291749
approach5_skyhost_run3,3041000,1779282211.293522
approach5_skyhost_run3,3042000,1779282211.371437
approach5_skyhost_run3,3043000,1779282211.373182
approach5_skyhost_run3,3044000,1779282211.419205
approach5_skyhost_run3,3045000,1779282211.420954
approach5_skyhost_run3,3046000,1779282211.422725
approach5_skyhost_run3,3047000,1779282211.424480
approach5_skyhost_run3,3048000,1779282211.441580
approach5_skyhost_run3,3049000,1779282211.443336
approach5_skyhost_run3,3050000,1779282211.445103
approach5_skyhost_run3,3051000,1779282211.446872
approach5_skyhost_run3,3052000,1779282211.528470
approach5_skyhost_run3,3053000,1779282211.530864
approach5_skyhost_run3,3054000,1779282211.532593
approach5_skyhost_run3,3055000,1779282211.534356
approach5_skyhost_run3,3056000,1779282211.536116
approach5_skyhost_run3,3057000,1779282211.537886
approach5_skyhost_run3,3058000,1779282211.544184
approach5_skyhost_run3,3059000,1779282211.636772
approach5_skyhost_run3,3060000,1779282211.638541
approach5_skyhost_run3,3061000,1779282211.640283
approach5_skyhost_run3,3062000,1779282211.642032
approach5_skyhost_run3,3063000,1779282211.651624
approach5_skyhost_run3,3064000,1779282211.731663
approach5_skyhost_run3,3065000,1779282211.733402
approach5_skyhost_run3,3066000,1779282211.735188
approach5_skyhost_run3,3067000,1779282211.736937
approach5_skyhost_run3,3068000,1779282211.748086
approach5_skyhost_run3,3069000,1779282211.834294
approach5_skyhost_run3,3070000,1779282211.836063
approach5_skyhost_run3,3071000,1779282211.837800
approach5_skyhost_run3,3072000,1779282211.839575
approach5_skyhost_run3,3073000,1779282211.851216
approach5_skyhost_run3,3074000,1779282211.880105
approach5_skyhost_run3,3075000,1779282211.881846
approach5_skyhost_run3,3076000,1779282211.883620
approach5_skyhost_run3,3077000,1779282211.885420
approach5_skyhost_run3,3078000,1779282211.900892
approach5_skyhost_run3,3079000,1779282211.902651
approach5_skyhost_run3,3080000,1779282211.904424
approach5_skyhost_run3,3081000,1779282211.906204
approach5_skyhost_run3,3082000,1779282211.991539
approach5_skyhost_run3,3083000,1779282211.993287
approach5_skyhost_run3,3084000,1779282212.050885
approach5_skyhost_run3,3085000,1779282212.052630
approach5_skyhost_run3,3086000,1779282212.054393
approach5_skyhost_run3,3087000,1779282212.056184
approach5_skyhost_run3,3088000,1779282212.073888
approach5_skyhost_run3,3089000,1779282212.143119
approach5_skyhost_run3,3090000,1779282212.144882
approach5_skyhost_run3,3091000,1779282212.146652
approach5_skyhost_run3,3092000,1779282212.148409
approach5_skyhost_run3,3093000,1779282212.158665
approach5_skyhost_run3,3094000,1779282212.246350
approach5_skyhost_run3,3095000,1779282212.248096
approach5_skyhost_run3,3096000,1779282212.249849
approach5_skyhost_run3,3097000,1779282212.251626
approach5_skyhost_run3,3098000,1779282212.260825
approach5_skyhost_run3,3099000,1779282212.393209
approach5_skyhost_run3,3100000,1779282212.394989
approach5_skyhost_run3,3101000,1779282212.396732
approach5_skyhost_run3,3102000,1779282212.398494
approach5_skyhost_run3,3103000,1779282212.412417
approach5_skyhost_run3,3104000,1779282212.414284
approach5_skyhost_run3,3105000,1779282212.416059
approach5_skyhost_run3,3106000,1779282212.417801
approach5_skyhost_run3,3107000,1779282212.419564
approach5_skyhost_run3,3108000,1779282212.432245
approach5_skyhost_run3,3109000,1779282212.433986
approach5_skyhost_run3,3110000,1779282212.435769
approach5_skyhost_run3,3111000,1779282212.437536
approach5_skyhost_run3,3112000,1779282212.499007
approach5_skyhost_run3,3113000,1779282212.500750
approach5_skyhost_run3,3114000,1779282212.502496
approach5_skyhost_run3,3115000,1779282212.504239
approach5_skyhost_run3,3116000,1779282212.518914
approach5_skyhost_run3,3117000,1779282212.521336
approach5_skyhost_run3,3118000,1779282212.523099
approach5_skyhost_run3,3119000,1779282212.524853
approach5_skyhost_run3,3120000,1779282212.526638
approach5_skyhost_run3,3121000,1779282212.528390
approach5_skyhost_run3,3122000,1779282212.610291
approach5_skyhost_run3,3123000,1779282212.612051
approach5_skyhost_run3,3124000,1779282212.702945
approach5_skyhost_run3,3125000,1779282212.705086
approach5_skyhost_run3,3126000,1779282212.708167
approach5_skyhost_run3,3127000,1779282212.709903
approach5_skyhost_run3,3128000,1779282212.711655
approach5_skyhost_run3,3129000,1779282212.713398
approach5_skyhost_run3,3130000,1779282212.715185
approach5_skyhost_run3,3131000,1779282212.717027
approach5_skyhost_run3,3132000,1779282212.720246
approach5_skyhost_run3,3133000,1779282212.723966
approach5_skyhost_run3,3134000,1779282212.725723
approach5_skyhost_run3,3135000,1779282212.727473
approach5_skyhost_run3,3136000,1779282212.729215
approach5_skyhost_run3,3137000,1779282212.809710
approach5_skyhost_run3,3138000,1779282212.811467
approach5_skyhost_run3,3139000,1779282212.865350
approach5_skyhost_run3,3140000,1779282212.867102
approach5_skyhost_run3,3141000,1779282212.868843
approach5_skyhost_run3,3142000,1779282212.870607
approach5_skyhost_run3,3143000,1779282212.885192
approach5_skyhost_run3,3144000,1779282213.029103
approach5_skyhost_run3,3145000,1779282213.031227
approach5_skyhost_run3,3146000,1779282213.032961
approach5_skyhost_run3,3147000,1779282213.034709
approach5_skyhost_run3,3148000,1779282213.036481
approach5_skyhost_run3,3149000,1779282213.065653
approach5_skyhost_run3,3150000,1779282213.067404
approach5_skyhost_run3,3151000,1779282213.069146
approach5_skyhost_run3,3152000,1779282213.082193
approach5_skyhost_run3,3153000,1779282213.083949
approach5_skyhost_run3,3154000,1779282213.171233
approach5_skyhost_run3,3155000,1779282213.172968
approach5_skyhost_run3,3156000,1779282213.174721
approach5_skyhost_run3,3157000,1779282213.176509
approach5_skyhost_run3,3158000,1779282213.190556
approach5_skyhost_run3,3159000,1779282213.323925
approach5_skyhost_run3,3160000,1779282213.325707
approach5_skyhost_run3,3161000,1779282213.327466
approach5_skyhost_run3,3162000,1779282213.329217
approach5_skyhost_run3,3163000,1779282213.339075
approach5_skyhost_run3,3164000,1779282213.376247
approach5_skyhost_run3,3165000,1779282213.377987
approach5_skyhost_run3,3166000,1779282213.379802
approach5_skyhost_run3,3167000,1779282213.381570
approach5_skyhost_run3,3168000,1779282213.391049
approach5_skyhost_run3,3169000,1779282213.479667
approach5_skyhost_run3,3170000,1779282213.481413
approach5_skyhost_run3,3171000,1779282213.483177
approach5_skyhost_run3,3172000,1779282213.484962
approach5_skyhost_run3,3173000,1779282213.494761
approach5_skyhost_run3,3174000,1779282213.581720
approach5_skyhost_run3,3175000,1779282213.583471
approach5_skyhost_run3,3176000,1779282213.585237
approach5_skyhost_run3,3177000,1779282213.587001
approach5_skyhost_run3,3178000,1779282213.596776
approach5_skyhost_run3,3179000,1779282213.686064
approach5_skyhost_run3,3180000,1779282213.687807
approach5_skyhost_run3,3181000,1779282213.689546
approach5_skyhost_run3,3182000,1779282213.691296
approach5_skyhost_run3,3183000,1779282213.699528
approach5_skyhost_run3,3184000,1779282213.833575
approach5_skyhost_run3,3185000,1779282213.835360
approach5_skyhost_run3,3186000,1779282213.837118
approach5_skyhost_run3,3187000,1779282213.838888
approach5_skyhost_run3,3188000,1779282213.846309
approach5_skyhost_run3,3189000,1779282213.965462
approach5_skyhost_run3,3190000,1779282213.967218
approach5_skyhost_run3,3191000,1779282213.968965
approach5_skyhost_run3,3192000,1779282213.970726
approach5_skyhost_run3,3193000,1779282213.991216
approach5_skyhost_run3,3194000,1779282213.992955
approach5_skyhost_run3,3195000,1779282213.994710
approach5_skyhost_run3,3196000,1779282213.996503
approach5_skyhost_run3,3197000,1779282213.999857
approach5_skyhost_run3,3198000,1779282214.006338
approach5_skyhost_run3,3199000,1779282214.092875
approach5_skyhost_run3,3200000,1779282214.094639
approach5_skyhost_run3,3201000,1779282214.096424
approach5_skyhost_run3,3202000,1779282214.098177
approach5_skyhost_run3,3203000,1779282214.111533
approach5_skyhost_run3,3204000,1779282214.207590
approach5_skyhost_run3,3205000,1779282214.209344
approach5_skyhost_run3,3206000,1779282214.211116
approach5_skyhost_run3,3207000,1779282214.212883
approach5_skyhost_run3,3208000,1779282214.224804
approach5_skyhost_run3,3209000,1779282214.326900
approach5_skyhost_run3,3210000,1779282214.328655
approach5_skyhost_run3,3211000,1779282214.330429
approach5_skyhost_run3,3212000,1779282214.332183
approach5_skyhost_run3,3213000,1779282214.345502
approach5_skyhost_run3,3214000,1779282214.347426
approach5_skyhost_run3,3215000,1779282214.349259
approach5_skyhost_run3,3216000,1779282214.351176
approach5_skyhost_run3,3217000,1779282214.354058
approach5_skyhost_run3,3218000,1779282214.355862
approach5_skyhost_run3,3219000,1779282214.357677
approach5_skyhost_run3,3220000,1779282214.359495
approach5_skyhost_run3,3221000,1779282214.364531
approach5_skyhost_run3,3222000,1779282214.366306
approach5_skyhost_run3,3223000,1779282214.368068
approach5_skyhost_run3,3224000,1779282214.369830
approach5_skyhost_run3,3225000,1779282214.442980
approach5_skyhost_run3,3226000,1779282214.444764
approach5_skyhost_run3,3227000,1779282214.449867
approach5_skyhost_run3,3228000,1779282214.451626
approach5_skyhost_run3,3229000,1779282214.506550
approach5_skyhost_run3,3230000,1779282214.508304
approach5_skyhost_run3,3231000,1779282214.510043
approach5_skyhost_run3,3232000,1779282214.511802
approach5_skyhost_run3,3233000,1779282214.520635
approach5_skyhost_run3,3234000,1779282214.610519
approach5_skyhost_run3,3235000,1779282214.612256
approach5_skyhost_run3,3236000,1779282214.614005
approach5_skyhost_run3,3237000,1779282214.615807
approach5_skyhost_run3,3238000,1779282214.624496
approach5_skyhost_run3,3239000,1779282214.703314
approach5_skyhost_run3,3240000,1779282214.705082
approach5_skyhost_run3,3241000,1779282214.706846
approach5_skyhost_run3,3242000,1779282214.708602
approach5_skyhost_run3,3243000,1779282214.723182
approach5_skyhost_run3,3244000,1779282214.724946
approach5_skyhost_run3,3245000,1779282214.726694
approach5_skyhost_run3,3246000,1779282214.728472
approach5_skyhost_run3,3247000,1779282214.780085
approach5_skyhost_run3,3248000,1779282214.781823
approach5_skyhost_run3,3249000,1779282214.783583
approach5_skyhost_run3,3250000,1779282214.785372
approach5_skyhost_run3,3251000,1779282214.799339
approach5_skyhost_run3,3252000,1779282214.801084
approach5_skyhost_run3,3253000,1779282214.802835
approach5_skyhost_run3,3254000,1779282214.804578
approach5_skyhost_run3,3255000,1779282214.814377
approach5_skyhost_run3,3256000,1779282214.816148
approach5_skyhost_run3,3257000,1779282214.864155
approach5_skyhost_run3,3258000,1779282214.865917
approach5_skyhost_run3,3259000,1779282214.867669
approach5_skyhost_run3,3260000,1779282214.869422
approach5_skyhost_run3,3261000,1779282214.882746
approach5_skyhost_run3,3262000,1779282214.884613
approach5_skyhost_run3,3263000,1779282214.886562
approach5_skyhost_run3,3264000,1779282214.888492
approach5_skyhost_run3,3265000,1779282214.890697
approach5_skyhost_run3,3266000,1779282214.892446
approach5_skyhost_run3,3267000,1779282214.970431
approach5_skyhost_run3,3268000,1779282214.972174
approach5_skyhost_run3,3269000,1779282215.033361
approach5_skyhost_run3,3270000,1779282215.035145
approach5_skyhost_run3,3271000,1779282215.036892
approach5_skyhost_run3,3272000,1779282215.038660
approach5_skyhost_run3,3273000,1779282215.056873
approach5_skyhost_run3,3274000,1779282215.121485
approach5_skyhost_run3,3275000,1779282215.123238
approach5_skyhost_run3,3276000,1779282215.125002
approach5_skyhost_run3,3277000,1779282215.126775
approach5_skyhost_run3,3278000,1779282215.137933
approach5_skyhost_run3,3279000,1779282215.238244
approach5_skyhost_run3,3280000,1779282215.240011
approach5_skyhost_run3,3281000,1779282215.241762
approach5_skyhost_run3,3282000,1779282215.243530
approach5_skyhost_run3,3283000,1779282215.254695
approach5_skyhost_run3,3284000,1779282215.328180
approach5_skyhost_run3,3285000,1779282215.329926
approach5_skyhost_run3,3286000,1779282215.331687
approach5_skyhost_run3,3287000,1779282215.333440
approach5_skyhost_run3,3288000,1779282215.344780
approach5_skyhost_run3,3289000,1779282215.431690
approach5_skyhost_run3,3290000,1779282215.433430
approach5_skyhost_run3,3291000,1779282215.435218
approach5_skyhost_run3,3292000,1779282215.437019
approach5_skyhost_run3,3293000,1779282215.495149
approach5_skyhost_run3,3294000,1779282215.534972
approach5_skyhost_run3,3295000,1779282215.536718
approach5_skyhost_run3,3296000,1779282215.538480
approach5_skyhost_run3,3297000,1779282215.540228
approach5_skyhost_run3,3298000,1779282215.549445
approach5_skyhost_run3,3299000,1779282215.635894
approach5_skyhost_run3,3300000,1779282215.638419
approach5_skyhost_run3,3301000,1779282215.640227
approach5_skyhost_run3,3302000,1779282215.641964
approach5_skyhost_run3,3303000,1779282215.651716
approach5_skyhost_run3,3304000,1779282215.740062
approach5_skyhost_run3,3305000,1779282215.741793
approach5_skyhost_run3,3306000,1779282215.743540
approach5_skyhost_run3,3307000,1779282215.745317
approach5_skyhost_run3,3308000,1779282215.755875
approach5_skyhost_run3,3309000,1779282215.843648
approach5_skyhost_run3,3310000,1779282215.845418
approach5_skyhost_run3,3311000,1779282215.847181
approach5_skyhost_run3,3312000,1779282215.848932
approach5_skyhost_run3,3313000,1779282215.857240
approach5_skyhost_run3,3314000,1779282215.948520
approach5_skyhost_run3,3315000,1779282215.950257
approach5_skyhost_run3,3316000,1779282215.952005
approach5_skyhost_run3,3317000,1779282215.953749
approach5_skyhost_run3,3318000,1779282215.963416
approach5_skyhost_run3,3319000,1779282216.046412
approach5_skyhost_run3,3320000,1779282216.048150
approach5_skyhost_run3,3321000,1779282216.049891
approach5_skyhost_run3,3322000,1779282216.051662
approach5_skyhost_run3,3323000,1779282216.063508
approach5_skyhost_run3,3324000,1779282216.196591
approach5_skyhost_run3,3325000,1779282216.198516
approach5_skyhost_run3,3326000,1779282216.201602
approach5_skyhost_run3,3327000,1779282216.203365
approach5_skyhost_run3,3328000,1779282216.205131
approach5_skyhost_run3,3329000,1779282216.206970
approach5_skyhost_run3,3330000,1779282216.208903
approach5_skyhost_run3,3331000,1779282216.210815
approach5_skyhost_run3,3332000,1779282216.216299
approach5_skyhost_run3,3333000,1779282216.218244
approach5_skyhost_run3,3334000,1779282216.219993
approach5_skyhost_run3,3335000,1779282216.221728
approach5_skyhost_run3,3336000,1779282216.223481
approach5_skyhost_run3,3337000,1779282216.301469
approach5_skyhost_run3,3338000,1779282216.303236
approach5_skyhost_run3,3339000,1779282216.404455
approach5_skyhost_run3,3340000,1779282216.406221
approach5_skyhost_run3,3341000,1779282216.407970
approach5_skyhost_run3,3342000,1779282216.409718
approach5_skyhost_run3,3343000,1779282216.419858
approach5_skyhost_run3,3344000,1779282216.503137
approach5_skyhost_run3,3345000,1779282216.504997
approach5_skyhost_run3,3346000,1779282216.507185
approach5_skyhost_run3,3347000,1779282216.509738
approach5_skyhost_run3,3348000,1779282216.511509
approach5_skyhost_run3,3349000,1779282216.513257
approach5_skyhost_run3,3350000,1779282216.515042
approach5_skyhost_run3,3351000,1779282216.516799
approach5_skyhost_run3,3352000,1779282216.525481
approach5_skyhost_run3,3353000,1779282216.527442
approach5_skyhost_run3,3354000,1779282216.529189
approach5_skyhost_run3,3355000,1779282216.530988
approach5_skyhost_run3,3356000,1779282216.532755
approach5_skyhost_run3,3357000,1779282216.618456
approach5_skyhost_run3,3358000,1779282216.620221
approach5_skyhost_run3,3359000,1779282216.665640
approach5_skyhost_run3,3360000,1779282216.667387
approach5_skyhost_run3,3361000,1779282216.669131
approach5_skyhost_run3,3362000,1779282216.670903
approach5_skyhost_run3,3363000,1779282216.679248
approach5_skyhost_run3,3364000,1779282216.768233
approach5_skyhost_run3,3365000,1779282216.769977
approach5_skyhost_run3,3366000,1779282216.771731
approach5_skyhost_run3,3367000,1779282216.773484
approach5_skyhost_run3,3368000,1779282216.802967
approach5_skyhost_run3,3369000,1779282216.871180
approach5_skyhost_run3,3370000,1779282216.872916
approach5_skyhost_run3,3371000,1779282216.874679
approach5_skyhost_run3,3372000,1779282216.876499
approach5_skyhost_run3,3373000,1779282216.886994
approach5_skyhost_run3,3374000,1779282216.971782
approach5_skyhost_run3,3375000,1779282216.973515
approach5_skyhost_run3,3376000,1779282216.975302
approach5_skyhost_run3,3377000,1779282216.977051
approach5_skyhost_run3,3378000,1779282216.989698
approach5_skyhost_run3,3379000,1779282217.074189
approach5_skyhost_run3,3380000,1779282217.075957
approach5_skyhost_run3,3381000,1779282217.077693
approach5_skyhost_run3,3382000,1779282217.079450
approach5_skyhost_run3,3383000,1779282217.089906
approach5_skyhost_run3,3384000,1779282217.177849
approach5_skyhost_run3,3385000,1779282217.179598
approach5_skyhost_run3,3386000,1779282217.181346
approach5_skyhost_run3,3387000,1779282217.183117
approach5_skyhost_run3,3388000,1779282217.194280
approach5_skyhost_run3,3389000,1779282217.226546
approach5_skyhost_run3,3390000,1779282217.228286
approach5_skyhost_run3,3391000,1779282217.230038
approach5_skyhost_run3,3392000,1779282217.231805
approach5_skyhost_run3,3393000,1779282217.243314
approach5_skyhost_run3,3394000,1779282217.245085
approach5_skyhost_run3,3395000,1779282217.246840
approach5_skyhost_run3,3396000,1779282217.248590
approach5_skyhost_run3,3397000,1779282217.329344
approach5_skyhost_run3,3398000,1779282217.331098
approach5_skyhost_run3,3399000,1779282217.433759
approach5_skyhost_run3,3400000,1779282217.435540
approach5_skyhost_run3,3401000,1779282217.437280
approach5_skyhost_run3,3402000,1779282217.439039
approach5_skyhost_run3,3403000,1779282217.447926
approach5_skyhost_run3,3404000,1779282217.486850
approach5_skyhost_run3,3405000,1779282217.488582
approach5_skyhost_run3,3406000,1779282217.490331
approach5_skyhost_run3,3407000,1779282217.492091
approach5_skyhost_run3,3408000,1779282217.501523
approach5_skyhost_run3,3409000,1779282217.592955
approach5_skyhost_run3,3410000,1779282217.594711
approach5_skyhost_run3,3411000,1779282217.596492
approach5_skyhost_run3,3412000,1779282217.598249
approach5_skyhost_run3,3413000,1779282217.608273
approach5_skyhost_run3,3414000,1779282217.691741
approach5_skyhost_run3,3415000,1779282217.693477
approach5_skyhost_run3,3416000,1779282217.695260
approach5_skyhost_run3,3417000,1779282217.697016
approach5_skyhost_run3,3418000,1779282217.756711
approach5_skyhost_run3,3419000,1779282217.795964
approach5_skyhost_run3,3420000,1779282217.797700
approach5_skyhost_run3,3421000,1779282217.799449
approach5_skyhost_run3,3422000,1779282217.801187
approach5_skyhost_run3,3423000,1779282217.810966
approach5_skyhost_run3,3424000,1779282217.899022
approach5_skyhost_run3,3425000,1779282217.900767
approach5_skyhost_run3,3426000,1779282217.902533
approach5_skyhost_run3,3427000,1779282217.904298
approach5_skyhost_run3,3428000,1779282217.946012
approach5_skyhost_run3,3429000,1779282217.947765
approach5_skyhost_run3,3430000,1779282217.949509
approach5_skyhost_run3,3431000,1779282217.951270
approach5_skyhost_run3,3432000,1779282217.960869
approach5_skyhost_run3,3433000,1779282217.967329
approach5_skyhost_run3,3434000,1779282217.969063
approach5_skyhost_run3,3435000,1779282217.970855
approach5_skyhost_run3,3436000,1779282217.972606
approach5_skyhost_run3,3437000,1779282218.053397
approach5_skyhost_run3,3438000,1779282218.055182
approach5_skyhost_run3,3439000,1779282218.101854
approach5_skyhost_run3,3440000,1779282218.103602
approach5_skyhost_run3,3441000,1779282218.105362
approach5_skyhost_run3,3442000,1779282218.107119
approach5_skyhost_run3,3443000,1779282218.646806
approach5_skyhost_run3,3444000,1779282218.648540
approach5_skyhost_run3,3445000,1779282218.650277
approach5_skyhost_run3,3446000,1779282218.652036
approach5_skyhost_run3,3447000,1779282218.661231
approach5_skyhost_run3,3448000,1779282218.759692
approach5_skyhost_run3,3449000,1779282218.761432
approach5_skyhost_run3,3450000,1779282218.763187
approach5_skyhost_run3,3451000,1779282218.764968
approach5_skyhost_run3,3452000,1779282218.792167
approach5_skyhost_run3,3453000,1779282218.849273
approach5_skyhost_run3,3454000,1779282218.851029
approach5_skyhost_run3,3455000,1779282218.852777
approach5_skyhost_run3,3456000,1779282218.854539
approach5_skyhost_run3,3457000,1779282218.860270
approach5_skyhost_run3,3458000,1779282218.965388
approach5_skyhost_run3,3459000,1779282218.967136
approach5_skyhost_run3,3460000,1779282218.968869
approach5_skyhost_run3,3461000,1779282218.970626
approach5_skyhost_run3,3462000,1779282218.982462
approach5_skyhost_run3,3463000,1779282219.065572
approach5_skyhost_run3,3464000,1779282219.067317
approach5_skyhost_run3,3465000,1779282219.069056
approach5_skyhost_run3,3466000,1779282219.070819
approach5_skyhost_run3,3467000,1779282219.102751
approach5_skyhost_run3,3468000,1779282219.104830
approach5_skyhost_run3,3469000,1779282219.106574
approach5_skyhost_run3,3470000,1779282219.108309
approach5_skyhost_run3,3471000,1779282219.110045
approach5_skyhost_run3,3472000,1779282219.123206
approach5_skyhost_run3,3473000,1779282219.124986
approach5_skyhost_run3,3474000,1779282219.126755
approach5_skyhost_run3,3475000,1779282219.128499
approach5_skyhost_run3,3476000,1779282219.207961
approach5_skyhost_run3,3477000,1779282219.209706
approach5_skyhost_run3,3478000,1779282219.259544
approach5_skyhost_run3,3479000,1779282219.261317
approach5_skyhost_run3,3480000,1779282219.263078
approach5_skyhost_run3,3481000,1779282219.264907
approach5_skyhost_run3,3482000,1779282219.275125
approach5_skyhost_run3,3483000,1779282219.364430
approach5_skyhost_run3,3484000,1779282219.366198
approach5_skyhost_run3,3485000,1779282219.367954
approach5_skyhost_run3,3486000,1779282219.369735
approach5_skyhost_run3,3487000,1779282219.379759
approach5_skyhost_run3,3488000,1779282219.517416
approach5_skyhost_run3,3489000,1779282219.519162
approach5_skyhost_run3,3490000,1779282219.520902
approach5_skyhost_run3,3491000,1779282219.522669
approach5_skyhost_run3,3492000,1779282219.533222
approach5_skyhost_run3,3493000,1779282219.572406
approach5_skyhost_run3,3494000,1779282219.574137
approach5_skyhost_run3,3495000,1779282219.575912
approach5_skyhost_run3,3496000,1779282219.577667
approach5_skyhost_run3,3497000,1779282219.585713
approach5_skyhost_run3,3498000,1779282219.672594
approach5_skyhost_run3,3499000,1779282219.674342
approach5_skyhost_run3,3500000,1779282219.676116
approach5_skyhost_run3,3501000,1779282219.677886
approach5_skyhost_run3,3502000,1779282219.687804
approach5_skyhost_run3,3503000,1779282219.824258
approach5_skyhost_run3,3504000,1779282219.826032
approach5_skyhost_run3,3505000,1779282219.827794
approach5_skyhost_run3,3506000,1779282219.829543
approach5_skyhost_run3,3507000,1779282219.838820
approach5_skyhost_run3,3508000,1779282219.879342
approach5_skyhost_run3,3509000,1779282219.881070
approach5_skyhost_run3,3510000,1779282219.882820
approach5_skyhost_run3,3511000,1779282219.884614
approach5_skyhost_run3,3512000,1779282219.892963
approach5_skyhost_run3,3513000,1779282219.979841
approach5_skyhost_run3,3514000,1779282219.981574
approach5_skyhost_run3,3515000,1779282219.983323
approach5_skyhost_run3,3516000,1779282219.985096
approach5_skyhost_run3,3517000,1779282219.994982
approach5_skyhost_run3,3518000,1779282220.094737
approach5_skyhost_run3,3519000,1779282220.096507
approach5_skyhost_run3,3520000,1779282220.098253
approach5_skyhost_run3,3521000,1779282220.100018
approach5_skyhost_run3,3522000,1779282220.128028
approach5_skyhost_run3,3523000,1779282220.183323
approach5_skyhost_run3,3524000,1779282220.185074
approach5_skyhost_run3,3525000,1779282220.186818
approach5_skyhost_run3,3526000,1779282220.188552
approach5_skyhost_run3,3527000,1779282220.199768
approach5_skyhost_run3,3528000,1779282220.340205
approach5_skyhost_run3,3529000,1779282220.341944
approach5_skyhost_run3,3530000,1779282220.343691
approach5_skyhost_run3,3531000,1779282220.345466
approach5_skyhost_run3,3532000,1779282220.354209
approach5_skyhost_run3,3533000,1779282220.391150
approach5_skyhost_run3,3534000,1779282220.392871
approach5_skyhost_run3,3535000,1779282220.394616
approach5_skyhost_run3,3536000,1779282220.396385
approach5_skyhost_run3,3537000,1779282220.405366
approach5_skyhost_run3,3538000,1779282220.483356
approach5_skyhost_run3,3539000,1779282220.485122
approach5_skyhost_run3,3540000,1779282220.486878
approach5_skyhost_run3,3541000,1779282220.488624
approach5_skyhost_run3,3542000,1779282220.504489
approach5_skyhost_run3,3543000,1779282220.506254
approach5_skyhost_run3,3544000,1779282220.508057
approach5_skyhost_run3,3545000,1779282220.509830
approach5_skyhost_run3,3546000,1779282220.543826
approach5_skyhost_run3,3547000,1779282220.545583
approach5_skyhost_run3,3548000,1779282220.547326
approach5_skyhost_run3,3549000,1779282220.549072
approach5_skyhost_run3,3550000,1779282220.563155
approach5_skyhost_run3,3551000,1779282220.564909
approach5_skyhost_run3,3552000,1779282220.566664
approach5_skyhost_run3,3553000,1779282220.568421
approach5_skyhost_run3,3554000,1779282220.594747
approach5_skyhost_run3,3555000,1779282220.596524
approach5_skyhost_run3,3556000,1779282220.653595
approach5_skyhost_run3,3557000,1779282220.655383
approach5_skyhost_run3,3558000,1779282220.658437
approach5_skyhost_run3,3559000,1779282220.660169
approach5_skyhost_run3,3560000,1779282220.661900
approach5_skyhost_run3,3561000,1779282220.663682
approach5_skyhost_run3,3562000,1779282220.678102
approach5_skyhost_run3,3563000,1779282220.679843
approach5_skyhost_run3,3564000,1779282220.681578
approach5_skyhost_run3,3565000,1779282220.683341
approach5_skyhost_run3,3566000,1779282220.765139
approach5_skyhost_run3,3567000,1779282220.766892
approach5_skyhost_run3,3568000,1779282220.800408
approach5_skyhost_run3,3569000,1779282220.802140
approach5_skyhost_run3,3570000,1779282220.803881
approach5_skyhost_run3,3571000,1779282220.805647
approach5_skyhost_run3,3572000,1779282220.815402
approach5_skyhost_run3,3573000,1779282220.905882
approach5_skyhost_run3,3574000,1779282220.907622
approach5_skyhost_run3,3575000,1779282220.909353
approach5_skyhost_run3,3576000,1779282220.911114
approach5_skyhost_run3,3577000,1779282220.968753
approach5_skyhost_run3,3578000,1779282221.009456
approach5_skyhost_run3,3579000,1779282221.011205
approach5_skyhost_run3,3580000,1779282221.012948
approach5_skyhost_run3,3581000,1779282221.014710
approach5_skyhost_run3,3582000,1779282221.023438
approach5_skyhost_run3,3583000,1779282221.174094
approach5_skyhost_run3,3584000,1779282221.175863
approach5_skyhost_run3,3585000,1779282221.177600
approach5_skyhost_run3,3586000,1779282221.179357
approach5_skyhost_run3,3587000,1779282221.198987
approach5_skyhost_run3,3588000,1779282221.200716
approach5_skyhost_run3,3589000,1779282221.202463
approach5_skyhost_run3,3590000,1779282221.204207
approach5_skyhost_run3,3591000,1779282221.228270
approach5_skyhost_run3,3592000,1779282221.230006
approach5_skyhost_run3,3593000,1779282221.231761
approach5_skyhost_run3,3594000,1779282221.233512
approach5_skyhost_run3,3595000,1779282221.265380
approach5_skyhost_run3,3596000,1779282221.289680
approach5_skyhost_run3,3597000,1779282221.291431
approach5_skyhost_run3,3598000,1779282221.313846
approach5_skyhost_run3,3599000,1779282221.315618
approach5_skyhost_run3,3600000,1779282221.317364
approach5_skyhost_run3,3601000,1779282221.319119
approach5_skyhost_run3,3602000,1779282221.331245
approach5_skyhost_run3,3603000,1779282221.418999
approach5_skyhost_run3,3604000,1779282221.420730
approach5_skyhost_run3,3605000,1779282221.422479
approach5_skyhost_run3,3606000,1779282221.424221
approach5_skyhost_run3,3607000,1779282221.435820
approach5_skyhost_run3,3608000,1779282221.569567
approach5_skyhost_run3,3609000,1779282221.571309
approach5_skyhost_run3,3610000,1779282221.573057
approach5_skyhost_run3,3611000,1779282221.574845
approach5_skyhost_run3,3612000,1779282221.585480
approach5_skyhost_run3,3613000,1779282221.621998
approach5_skyhost_run3,3614000,1779282221.623739
approach5_skyhost_run3,3615000,1779282221.625504
approach5_skyhost_run3,3616000,1779282221.627259
approach5_skyhost_run3,3617000,1779282221.640813
approach5_skyhost_run3,3618000,1779282221.642558
approach5_skyhost_run3,3619000,1779282221.644304
approach5_skyhost_run3,3620000,1779282221.646088
approach5_skyhost_run3,3621000,1779282221.669984
approach5_skyhost_run3,3622000,1779282221.671735
approach5_skyhost_run3,3623000,1779282221.673470
approach5_skyhost_run3,3624000,1779282221.675292
approach5_skyhost_run3,3625000,1779282221.688747
approach5_skyhost_run3,3626000,1779282221.690490
approach5_skyhost_run3,3627000,1779282221.692227
approach5_skyhost_run3,3628000,1779282221.693975
approach5_skyhost_run3,3629000,1779282221.726207
approach5_skyhost_run3,3630000,1779282221.727977
approach5_skyhost_run3,3631000,1779282221.774146
approach5_skyhost_run3,3632000,1779282221.775939
approach5_skyhost_run3,3633000,1779282221.828935
approach5_skyhost_run3,3634000,1779282221.830683
approach5_skyhost_run3,3635000,1779282221.832429
approach5_skyhost_run3,3636000,1779282221.834185
approach5_skyhost_run3,3637000,1779282221.842726
approach5_skyhost_run3,3638000,1779282221.932020
approach5_skyhost_run3,3639000,1779282221.933756
approach5_skyhost_run3,3640000,1779282221.935539
approach5_skyhost_run3,3641000,1779282221.937297
approach5_skyhost_run3,3642000,1779282221.948013
approach5_skyhost_run3,3643000,1779282222.035398
approach5_skyhost_run3,3644000,1779282222.037142
approach5_skyhost_run3,3645000,1779282222.038902
approach5_skyhost_run3,3646000,1779282222.040652
approach5_skyhost_run3,3647000,1779282222.050433
approach5_skyhost_run3,3648000,1779282222.135659
approach5_skyhost_run3,3649000,1779282222.137396
approach5_skyhost_run3,3650000,1779282222.139148
approach5_skyhost_run3,3651000,1779282222.140892
approach5_skyhost_run3,3652000,1779282222.152535
approach5_skyhost_run3,3653000,1779282222.271554
approach5_skyhost_run3,3654000,1779282222.273292
approach5_skyhost_run3,3655000,1779282222.275071
approach5_skyhost_run3,3656000,1779282222.276819
approach5_skyhost_run3,3657000,1779282222.292096
approach5_skyhost_run3,3658000,1779282222.293835
approach5_skyhost_run3,3659000,1779282222.295608
approach5_skyhost_run3,3660000,1779282222.297352
approach5_skyhost_run3,3661000,1779282222.343124
approach5_skyhost_run3,3662000,1779282222.344898
approach5_skyhost_run3,3663000,1779282222.346675
approach5_skyhost_run3,3664000,1779282222.348436
approach5_skyhost_run3,3665000,1779282222.360498
approach5_skyhost_run3,3666000,1779282222.375980
approach5_skyhost_run3,3667000,1779282222.377723
approach5_skyhost_run3,3668000,1779282222.447005
approach5_skyhost_run3,3669000,1779282222.448759
approach5_skyhost_run3,3670000,1779282222.450558
approach5_skyhost_run3,3671000,1779282222.452322
approach5_skyhost_run3,3672000,1779282222.461496
approach5_skyhost_run3,3673000,1779282222.548779
approach5_skyhost_run3,3674000,1779282222.550519
approach5_skyhost_run3,3675000,1779282222.552251
approach5_skyhost_run3,3676000,1779282222.553993
approach5_skyhost_run3,3677000,1779282222.564672
approach5_skyhost_run3,3678000,1779282222.653112
approach5_skyhost_run3,3679000,1779282222.654886
approach5_skyhost_run3,3680000,1779282222.656642
approach5_skyhost_run3,3681000,1779282222.658414
approach5_skyhost_run3,3682000,1779282222.667827
approach5_skyhost_run3,3683000,1779282222.755761
approach5_skyhost_run3,3684000,1779282222.757488
approach5_skyhost_run3,3685000,1779282222.759232
approach5_skyhost_run3,3686000,1779282222.760969
approach5_skyhost_run3,3687000,1779282222.770066
approach5_skyhost_run3,3688000,1779282222.855555
approach5_skyhost_run3,3689000,1779282222.857290
approach5_skyhost_run3,3690000,1779282222.859039
approach5_skyhost_run3,3691000,1779282222.860788
approach5_skyhost_run3,3692000,1779282222.872521
approach5_skyhost_run3,3693000,1779282223.008712
approach5_skyhost_run3,3694000,1779282223.010467
approach5_skyhost_run3,3695000,1779282223.012221
approach5_skyhost_run3,3696000,1779282223.013976
approach5_skyhost_run3,3697000,1779282223.047116
approach5_skyhost_run3,3698000,1779282223.048847
approach5_skyhost_run3,3699000,1779282223.050601
approach5_skyhost_run3,3700000,1779282223.052345
approach5_skyhost_run3,3701000,1779282223.064775
approach5_skyhost_run3,3702000,1779282223.066538
approach5_skyhost_run3,3703000,1779282223.068276
approach5_skyhost_run3,3704000,1779282223.070022
approach5_skyhost_run3,3705000,1779282223.079350
approach5_skyhost_run3,3706000,1779282223.131601
approach5_skyhost_run3,3707000,1779282223.133354
approach5_skyhost_run3,3708000,1779282223.168606
approach5_skyhost_run3,3709000,1779282223.170357
approach5_skyhost_run3,3710000,1779282223.172101
approach5_skyhost_run3,3711000,1779282223.173854
approach5_skyhost_run3,3712000,1779282223.235456
approach5_skyhost_run3,3713000,1779282223.268803
approach5_skyhost_run3,3714000,1779282223.270548
approach5_skyhost_run3,3715000,1779282223.272286
approach5_skyhost_run3,3716000,1779282223.274029
approach5_skyhost_run3,3717000,1779282223.288581
approach5_skyhost_run3,3718000,1779282223.371249
approach5_skyhost_run3,3719000,1779282223.372986
approach5_skyhost_run3,3720000,1779282223.374743
approach5_skyhost_run3,3721000,1779282223.376523
approach5_skyhost_run3,3722000,1779282223.388084
approach5_skyhost_run3,3723000,1779282223.472250
approach5_skyhost_run3,3724000,1779282223.473987
approach5_skyhost_run3,3725000,1779282223.475775
approach5_skyhost_run3,3726000,1779282223.477534
approach5_skyhost_run3,3727000,1779282223.492906
approach5_skyhost_run3,3728000,1779282223.494650
approach5_skyhost_run3,3729000,1779282223.496413
approach5_skyhost_run3,3730000,1779282223.498161
approach5_skyhost_run3,3731000,1779282223.562567
approach5_skyhost_run3,3732000,1779282223.583314
approach5_skyhost_run3,3733000,1779282223.585128
approach5_skyhost_run3,3734000,1779282223.586915
approach5_skyhost_run3,3735000,1779282223.896742
approach5_skyhost_run3,3736000,1779282223.898495
approach5_skyhost_run3,3737000,1779282223.900237
approach5_skyhost_run3,3738000,1779282223.910571
approach5_skyhost_run3,3739000,1779282223.912328
approach5_skyhost_run3,3740000,1779282224.032044
approach5_skyhost_run3,3741000,1779282224.033783
approach5_skyhost_run3,3742000,1779282224.035573
approach5_skyhost_run3,3743000,1779282224.044657
approach5_skyhost_run3,3744000,1779282224.046442
approach5_skyhost_run3,3745000,1779282224.089738
approach5_skyhost_run3,3746000,1779282224.091494
approach5_skyhost_run3,3747000,1779282224.093253
approach5_skyhost_run3,3748000,1779282224.102582
approach5_skyhost_run3,3749000,1779282224.104332
approach5_skyhost_run3,3750000,1779282224.195014
approach5_skyhost_run3,3751000,1779282224.196754
approach5_skyhost_run3,3752000,1779282224.198507
approach5_skyhost_run3,3753000,1779282224.205870
approach5_skyhost_run3,3754000,1779282224.207641
approach5_skyhost_run3,3755000,1779282224.294166
approach5_skyhost_run3,3756000,1779282224.295943
approach5_skyhost_run3,3757000,1779282224.297690
approach5_skyhost_run3,3758000,1779282224.308043
approach5_skyhost_run3,3759000,1779282224.309789
approach5_skyhost_run3,3760000,1779282224.398237
approach5_skyhost_run3,3761000,1779282224.399978
approach5_skyhost_run3,3762000,1779282224.401713
approach5_skyhost_run3,3763000,1779282224.412341
approach5_skyhost_run3,3764000,1779282224.414086
approach5_skyhost_run3,3765000,1779282224.502603
approach5_skyhost_run3,3766000,1779282224.504347
approach5_skyhost_run3,3767000,1779282224.506139
approach5_skyhost_run3,3768000,1779282224.515485
approach5_skyhost_run3,3769000,1779282224.517242
approach5_skyhost_run3,3770000,1779282224.602167
approach5_skyhost_run3,3771000,1779282224.603930
approach5_skyhost_run3,3772000,1779282224.605716
approach5_skyhost_run3,3773000,1779282224.615006
approach5_skyhost_run3,3774000,1779282224.616759
approach5_skyhost_run3,3775000,1779282224.672700
approach5_skyhost_run3,3776000,1779282224.674448
approach5_skyhost_run3,3777000,1779282224.676213
approach5_skyhost_run3,3778000,1779282224.748565
approach5_skyhost_run3,3779000,1779282224.750308
approach5_skyhost_run3,3780000,1779282224.752052
approach5_skyhost_run3,3781000,1779282224.753795
approach5_skyhost_run3,3782000,1779282224.878728
approach5_skyhost_run3,3783000,1779282224.880470
approach5_skyhost_run3,3784000,1779282224.882215
approach5_skyhost_run3,3785000,1779282224.910802
approach5_skyhost_run3,3786000,1779282224.912558
approach5_skyhost_run3,3787000,1779282224.914302
approach5_skyhost_run3,3788000,1779282224.916096
approach5_skyhost_run3,3789000,1779282224.923735
approach5_skyhost_run3,3790000,1779282225.012601
approach5_skyhost_run3,3791000,1779282225.014354
approach5_skyhost_run3,3792000,1779282225.016123
approach5_skyhost_run3,3793000,1779282225.017869
approach5_skyhost_run3,3794000,1779282225.029897
approach5_skyhost_run3,3795000,1779282225.059527
approach5_skyhost_run3,3796000,1779282225.061300
approach5_skyhost_run3,3797000,1779282225.063064
approach5_skyhost_run3,3798000,1779282225.079341
approach5_skyhost_run3,3799000,1779282225.081079
approach5_skyhost_run3,3800000,1779282225.082822
approach5_skyhost_run3,3801000,1779282225.084559
approach5_skyhost_run3,3802000,1779282225.165074
approach5_skyhost_run3,3803000,1779282225.166834
approach5_skyhost_run3,3804000,1779282225.168582
approach5_skyhost_run3,3805000,1779282225.283363
approach5_skyhost_run3,3806000,1779282225.285140
approach5_skyhost_run3,3807000,1779282225.286897
approach5_skyhost_run3,3808000,1779282225.288649
approach5_skyhost_run3,3809000,1779282225.298480
approach5_skyhost_run3,3810000,1779282225.398226
approach5_skyhost_run3,3811000,1779282225.399989
approach5_skyhost_run3,3812000,1779282225.401732
approach5_skyhost_run3,3813000,1779282225.403543
approach5_skyhost_run3,3814000,1779282225.424374
approach5_skyhost_run3,3815000,1779282225.426143
approach5_skyhost_run3,3816000,1779282225.427912
approach5_skyhost_run3,3817000,1779282225.433721
approach5_skyhost_run3,3818000,1779282225.435558
approach5_skyhost_run3,3819000,1779282225.439678
approach5_skyhost_run3,3820000,1779282225.526755
approach5_skyhost_run3,3821000,1779282225.528490
approach5_skyhost_run3,3822000,1779282225.530231
approach5_skyhost_run3,3823000,1779282225.532008
approach5_skyhost_run3,3824000,1779282225.541392
approach5_skyhost_run3,3825000,1779282225.629964
approach5_skyhost_run3,3826000,1779282225.631718
approach5_skyhost_run3,3827000,1779282225.633461
approach5_skyhost_run3,3828000,1779282225.635253
approach5_skyhost_run3,3829000,1779282225.644844
approach5_skyhost_run3,3830000,1779282225.732084
approach5_skyhost_run3,3831000,1779282225.733829
approach5_skyhost_run3,3832000,1779282225.735641
approach5_skyhost_run3,3833000,1779282225.737400
approach5_skyhost_run3,3834000,1779282225.748278
approach5_skyhost_run3,3835000,1779282225.835387
approach5_skyhost_run3,3836000,1779282225.837127
approach5_skyhost_run3,3837000,1779282225.838879
approach5_skyhost_run3,3838000,1779282225.840624
approach5_skyhost_run3,3839000,1779282225.849697
approach5_skyhost_run3,3840000,1779282225.938761
approach5_skyhost_run3,3841000,1779282225.940503
approach5_skyhost_run3,3842000,1779282225.942249
approach5_skyhost_run3,3843000,1779282225.944032
approach5_skyhost_run3,3844000,1779282225.955440
approach5_skyhost_run3,3845000,1779282226.053634
approach5_skyhost_run3,3846000,1779282226.055419
approach5_skyhost_run3,3847000,1779282226.057170
approach5_skyhost_run3,3848000,1779282226.058935
approach5_skyhost_run3,3849000,1779282226.087570
approach5_skyhost_run3,3850000,1779282226.142434
approach5_skyhost_run3,3851000,1779282226.144189
approach5_skyhost_run3,3852000,1779282226.145970
approach5_skyhost_run3,3853000,1779282226.147742
approach5_skyhost_run3,3854000,1779282226.157693
approach5_skyhost_run3,3855000,1779282226.248415
approach5_skyhost_run3,3856000,1779282226.250155
approach5_skyhost_run3,3857000,1779282226.251914
approach5_skyhost_run3,3858000,1779282226.253666
approach5_skyhost_run3,3859000,1779282226.262000
approach5_skyhost_run3,3860000,1779282226.291941
approach5_skyhost_run3,3861000,1779282226.293674
approach5_skyhost_run3,3862000,1779282226.295452
approach5_skyhost_run3,3863000,1779282226.297206
approach5_skyhost_run3,3864000,1779282226.313481
approach5_skyhost_run3,3865000,1779282226.315247
approach5_skyhost_run3,3866000,1779282226.316999
approach5_skyhost_run3,3867000,1779282226.395798
approach5_skyhost_run3,3868000,1779282226.397550
approach5_skyhost_run3,3869000,1779282226.399309
approach5_skyhost_run3,3870000,1779282226.451900
approach5_skyhost_run3,3871000,1779282226.453629
approach5_skyhost_run3,3872000,1779282226.455404
approach5_skyhost_run3,3873000,1779282226.457153
approach5_skyhost_run3,3874000,1779282226.466693
approach5_skyhost_run3,3875000,1779282226.552533
approach5_skyhost_run3,3876000,1779282226.554305
approach5_skyhost_run3,3877000,1779282226.556096
approach5_skyhost_run3,3878000,1779282226.566535
approach5_skyhost_run3,3879000,1779282226.568293
approach5_skyhost_run3,3880000,1779282226.656272
approach5_skyhost_run3,3881000,1779282226.658011
approach5_skyhost_run3,3882000,1779282226.659765
approach5_skyhost_run3,3883000,1779282226.661511
approach5_skyhost_run3,3884000,1779282226.672168
approach5_skyhost_run3,3885000,1779282226.776780
approach5_skyhost_run3,3886000,1779282226.778528
approach5_skyhost_run3,3887000,1779282226.780273
approach5_skyhost_run3,3888000,1779282226.809141
approach5_skyhost_run3,3889000,1779282226.810905
approach5_skyhost_run3,3890000,1779282226.861110
approach5_skyhost_run3,3891000,1779282226.862858
approach5_skyhost_run3,3892000,1779282226.864598
approach5_skyhost_run3,3893000,1779282226.866380
approach5_skyhost_run3,3894000,1779282226.877990
approach5_skyhost_run3,3895000,1779282227.012467
approach5_skyhost_run3,3896000,1779282227.014208
approach5_skyhost_run3,3897000,1779282227.016001
approach5_skyhost_run3,3898000,1779282227.024583
approach5_skyhost_run3,3899000,1779282227.026377
approach5_skyhost_run3,3900000,1779282227.068085
approach5_skyhost_run3,3901000,1779282227.069818
approach5_skyhost_run3,3902000,1779282227.071566
approach5_skyhost_run3,3903000,1779282227.073313
approach5_skyhost_run3,3904000,1779282227.130084
approach5_skyhost_run3,3905000,1779282227.167517
approach5_skyhost_run3,3906000,1779282227.169254
approach5_skyhost_run3,3907000,1779282227.171010
approach5_skyhost_run3,3908000,1779282227.172757
approach5_skyhost_run3,3909000,1779282227.232421
approach5_skyhost_run3,3910000,1779282227.329449
approach5_skyhost_run3,3911000,1779282227.331202
approach5_skyhost_run3,3912000,1779282227.332934
approach5_skyhost_run3,3913000,1779282227.334686
approach5_skyhost_run3,3914000,1779282227.344238
approach5_skyhost_run3,3915000,1779282227.374452
approach5_skyhost_run3,3916000,1779282227.376214
approach5_skyhost_run3,3917000,1779282227.377954
approach5_skyhost_run3,3918000,1779282227.387565
approach5_skyhost_run3,3919000,1779282227.389323
approach5_skyhost_run3,3920000,1779282227.476815
approach5_skyhost_run3,3921000,1779282227.478570
approach5_skyhost_run3,3922000,1779282227.480362
approach5_skyhost_run3,3923000,1779282227.482136
approach5_skyhost_run3,3924000,1779282227.490810
approach5_skyhost_run3,3925000,1779282227.583014
approach5_skyhost_run3,3926000,1779282227.584755
approach5_skyhost_run3,3927000,1779282227.586529
approach5_skyhost_run3,3928000,1779282227.588276
approach5_skyhost_run3,3929000,1779282227.597807
approach5_skyhost_run3,3930000,1779282227.681636
approach5_skyhost_run3,3931000,1779282227.683392
approach5_skyhost_run3,3932000,1779282227.685170
approach5_skyhost_run3,3933000,1779282227.696393
approach5_skyhost_run3,3934000,1779282227.698144
approach5_skyhost_run3,3935000,1779282227.831652
approach5_skyhost_run3,3936000,1779282227.833382
approach5_skyhost_run3,3937000,1779282227.835169
approach5_skyhost_run3,3938000,1779282227.844655
approach5_skyhost_run3,3939000,1779282227.846466
approach5_skyhost_run3,3940000,1779282227.936972
approach5_skyhost_run3,3941000,1779282227.938721
approach5_skyhost_run3,3942000,1779282227.940464
approach5_skyhost_run3,3943000,1779282227.949168
approach5_skyhost_run3,3944000,1779282227.950929
approach5_skyhost_run3,3945000,1779282227.989864
approach5_skyhost_run3,3946000,1779282227.991609
approach5_skyhost_run3,3947000,1779282227.993360
approach5_skyhost_run3,3948000,1779282228.003294
approach5_skyhost_run3,3949000,1779282228.005171
approach5_skyhost_run3,3950000,1779282228.094411
approach5_skyhost_run3,3951000,1779282228.096225
approach5_skyhost_run3,3952000,1779282228.097999
approach5_skyhost_run3,3953000,1779282228.106577
approach5_skyhost_run3,3954000,1779282228.108366
approach5_skyhost_run3,3955000,1779282228.198024
approach5_skyhost_run3,3956000,1779282228.199779
approach5_skyhost_run3,3957000,1779282228.201524
approach5_skyhost_run3,3958000,1779282228.203286
approach5_skyhost_run3,3959000,1779282228.212367
approach5_skyhost_run3,3960000,1779282228.299412
approach5_skyhost_run3,3961000,1779282228.301158
approach5_skyhost_run3,3962000,1779282228.302923
approach5_skyhost_run3,3963000,1779282228.312988
approach5_skyhost_run3,3964000,1779282228.314742
approach5_skyhost_run3,3965000,1779282228.346707
approach5_skyhost_run3,3966000,1779282228.348439
approach5_skyhost_run3,3967000,1779282228.350178
approach5_skyhost_run3,3968000,1779282228.364704
approach5_skyhost_run3,3969000,1779282228.366463
approach5_skyhost_run3,3970000,1779282228.368212
approach5_skyhost_run3,3971000,1779282228.369965
approach5_skyhost_run3,3972000,1779282228.450485
approach5_skyhost_run3,3973000,1779282228.452228
approach5_skyhost_run3,3974000,1779282228.453969
approach5_skyhost_run3,3975000,1779282228.506555
approach5_skyhost_run3,3976000,1779282228.508282
approach5_skyhost_run3,3977000,1779282228.510026
approach5_skyhost_run3,3978000,1779282228.515976
approach5_skyhost_run3,3979000,1779282228.517730
approach5_skyhost_run3,3980000,1779282228.653847
approach5_skyhost_run3,3981000,1779282228.655631
approach5_skyhost_run3,3982000,1779282228.657373
approach5_skyhost_run3,3983000,1779282228.667902
approach5_skyhost_run3,3984000,1779282228.669655
approach5_skyhost_run3,3985000,1779282228.699677
approach5_skyhost_run3,3986000,1779282228.701424
approach5_skyhost_run3,3987000,1779282228.703179
approach5_skyhost_run3,3988000,1779282228.720556
approach5_skyhost_run3,3989000,1779282228.722294
approach5_skyhost_run3,3990000,1779282228.724040
approach5_skyhost_run3,3991000,1779282228.725813
approach5_skyhost_run3,3992000,1779282228.810866
approach5_skyhost_run3,3993000,1779282228.812608
approach5_skyhost_run3,3994000,1779282228.814376
approach5_skyhost_run3,3995000,1779282228.826210
approach5_skyhost_run3,3996000,1779282228.827951
approach5_skyhost_run3,3997000,1779282228.829694
approach5_skyhost_run3,3998000,1779282228.859040
approach5_skyhost_run3,3999000,1779282228.860788
approach5_skyhost_run3,4000000,1779282228.915643
approach5_skyhost_run3,4001000,1779282228.917418
approach5_skyhost_run3,4002000,1779282228.919217
approach5_skyhost_run3,4003000,1779282228.930367
approach5_skyhost_run3,4004000,1779282228.932130
approach5_skyhost_run3,4005000,1779282229.012532
approach5_skyhost_run3,4006000,1779282229.014268
approach5_skyhost_run3,4007000,1779282229.016053
approach5_skyhost_run3,4008000,1779282229.099626
approach5_skyhost_run3,4009000,1779282229.101370
approach5_skyhost_run3,4010000,1779282229.103129
approach5_skyhost_run3,4011000,1779282229.104907
approach5_skyhost_run3,4012000,1779282229.118664
approach5_skyhost_run3,4013000,1779282229.120394
approach5_skyhost_run3,4014000,1779282229.122127
approach5_skyhost_run3,4015000,1779282229.123885
approach5_skyhost_run3,4016000,1779282229.183593
approach5_skyhost_run3,4017000,1779282229.204365
approach5_skyhost_run3,4018000,1779282229.206123
approach5_skyhost_run3,4019000,1779282229.207881
approach5_skyhost_run3,4020000,1779282229.221517
approach5_skyhost_run3,4021000,1779282229.223267
approach5_skyhost_run3,4022000,1779282229.225039
approach5_skyhost_run3,4023000,1779282229.226818
approach5_skyhost_run3,4024000,1779282229.236827
approach5_skyhost_run3,4025000,1779282229.318015
approach5_skyhost_run3,4026000,1779282229.337244
approach5_skyhost_run3,4027000,1779282229.338998
approach5_skyhost_run3,4028000,1779282229.340749
approach5_skyhost_run3,4029000,1779282229.342516
approach5_skyhost_run3,4030000,1779282229.427807
approach5_skyhost_run3,4031000,1779282229.429542
approach5_skyhost_run3,4032000,1779282229.431302
approach5_skyhost_run3,4033000,1779282229.433051
approach5_skyhost_run3,4034000,1779282229.445787
approach5_skyhost_run3,4035000,1779282229.541883
approach5_skyhost_run3,4036000,1779282229.543633
approach5_skyhost_run3,4037000,1779282229.545410
approach5_skyhost_run3,4038000,1779282229.547187
approach5_skyhost_run3,4039000,1779282229.552865
approach5_skyhost_run3,4040000,1779282229.631271
approach5_skyhost_run3,4041000,1779282229.633028
approach5_skyhost_run3,4042000,1779282229.634788
approach5_skyhost_run3,4043000,1779282229.636566
approach5_skyhost_run3,4044000,1779282229.645630
approach5_skyhost_run3,4045000,1779282229.734568
approach5_skyhost_run3,4046000,1779282229.736337
approach5_skyhost_run3,4047000,1779282229.738091
approach5_skyhost_run3,4048000,1779282229.739891
approach5_skyhost_run3,4049000,1779282229.748851
approach5_skyhost_run3,4050000,1779282229.836271
approach5_skyhost_run3,4051000,1779282229.838009
approach5_skyhost_run3,4052000,1779282229.839760
approach5_skyhost_run3,4053000,1779282229.841506
approach5_skyhost_run3,4054000,1779282229.851038
approach5_skyhost_run3,4055000,1779282229.938820
approach5_skyhost_run3,4056000,1779282229.940552
approach5_skyhost_run3,4057000,1779282229.942297
approach5_skyhost_run3,4058000,1779282229.944059
approach5_skyhost_run3,4059000,1779282229.953194
approach5_skyhost_run3,4060000,1779282229.986872
approach5_skyhost_run3,4061000,1779282229.988598
approach5_skyhost_run3,4062000,1779282229.990345
approach5_skyhost_run3,4063000,1779282229.992098
approach5_skyhost_run3,4064000,1779282230.006557
approach5_skyhost_run3,4065000,1779282230.008327
approach5_skyhost_run3,4066000,1779282230.010066
approach5_skyhost_run3,4067000,1779282230.091550
approach5_skyhost_run3,4068000,1779282230.093299
approach5_skyhost_run3,4069000,1779282230.095091
approach5_skyhost_run3,4070000,1779282230.203601
approach5_skyhost_run3,4071000,1779282230.205376
approach5_skyhost_run3,4072000,1779282230.207130
approach5_skyhost_run3,4073000,1779282230.208883
approach5_skyhost_run3,4074000,1779282230.216502
approach5_skyhost_run3,4075000,1779282230.247960
approach5_skyhost_run3,4076000,1779282230.249718
approach5_skyhost_run3,4077000,1779282230.251482
approach5_skyhost_run3,4078000,1779282230.253227
approach5_skyhost_run3,4079000,1779282230.262871
approach5_skyhost_run3,4080000,1779282230.350104
approach5_skyhost_run3,4081000,1779282230.351872
approach5_skyhost_run3,4082000,1779282230.353614
approach5_skyhost_run3,4083000,1779282230.355399
approach5_skyhost_run3,4084000,1779282230.370011
approach5_skyhost_run3,4085000,1779282230.371766
approach5_skyhost_run3,4086000,1779282230.373514
approach5_skyhost_run3,4087000,1779282230.453171
approach5_skyhost_run3,4088000,1779282230.454958
approach5_skyhost_run3,4089000,1779282230.456718
approach5_skyhost_run3,4090000,1779282230.500992
approach5_skyhost_run3,4091000,1779282230.502736
approach5_skyhost_run3,4092000,1779282230.504479
approach5_skyhost_run3,4093000,1779282230.506260
approach5_skyhost_run3,4094000,1779282230.517816
approach5_skyhost_run3,4095000,1779282230.557002
approach5_skyhost_run3,4096000,1779282230.558759
approach5_skyhost_run3,4097000,1779282230.560505
approach5_skyhost_run3,4098000,1779282230.562252
approach5_skyhost_run3,4099000,1779282230.571654
approach5_skyhost_run3,4100000,1779282230.659367
approach5_skyhost_run3,4101000,1779282230.661093
approach5_skyhost_run3,4102000,1779282230.662845
approach5_skyhost_run3,4103000,1779282230.664596
approach5_skyhost_run3,4104000,1779282230.674524
approach5_skyhost_run3,4105000,1779282230.764922
approach5_skyhost_run3,4106000,1779282230.766670
approach5_skyhost_run3,4107000,1779282230.768410
approach5_skyhost_run3,4108000,1779282230.770154
approach5_skyhost_run3,4109000,1779282230.777516
approach5_skyhost_run3,4110000,1779282230.810058
approach5_skyhost_run3,4111000,1779282230.811847
approach5_skyhost_run3,4112000,1779282230.813603
approach5_skyhost_run3,4113000,1779282230.815391
approach5_skyhost_run3,4114000,1779282230.831127
approach5_skyhost_run3,4115000,1779282230.832915
approach5_skyhost_run3,4116000,1779282230.834669
approach5_skyhost_run3,4117000,1779282230.921410
approach5_skyhost_run3,4118000,1779282230.923170
approach5_skyhost_run3,4119000,1779282230.924957
approach5_skyhost_run3,4120000,1779282230.971814
approach5_skyhost_run3,4121000,1779282230.973560
approach5_skyhost_run3,4122000,1779282230.975338
approach5_skyhost_run3,4123000,1779282230.977081
approach5_skyhost_run3,4124000,1779282230.985578
approach5_skyhost_run3,4125000,1779282231.118366
approach5_skyhost_run3,4126000,1779282231.120110
approach5_skyhost_run3,4127000,1779282231.121844
approach5_skyhost_run3,4128000,1779282231.123636
approach5_skyhost_run3,4129000,1779282231.134402
approach5_skyhost_run3,4130000,1779282231.176047
approach5_skyhost_run3,4131000,1779282231.177778
approach5_skyhost_run3,4132000,1779282231.179525
approach5_skyhost_run3,4133000,1779282231.181271
approach5_skyhost_run3,4134000,1779282231.189641
approach5_skyhost_run3,4135000,1779282231.278250
approach5_skyhost_run3,4136000,1779282231.279999
approach5_skyhost_run3,4137000,1779282231.281736
approach5_skyhost_run3,4138000,1779282231.283496
approach5_skyhost_run3,4139000,1779282231.292053
approach5_skyhost_run3,4140000,1779282231.394088
approach5_skyhost_run3,4141000,1779282231.395854
approach5_skyhost_run3,4142000,1779282231.397584
approach5_skyhost_run3,4143000,1779282231.399333
approach5_skyhost_run3,4144000,1779282231.412915
approach5_skyhost_run3,4145000,1779282231.482441
approach5_skyhost_run3,4146000,1779282231.484187
approach5_skyhost_run3,4147000,1779282231.485959
approach5_skyhost_run3,4148000,1779282231.487733
approach5_skyhost_run3,4149000,1779282231.503738
approach5_skyhost_run3,4150000,1779282231.535102
approach5_skyhost_run3,4151000,1779282231.536847
approach5_skyhost_run3,4152000,1779282231.538603
approach5_skyhost_run3,4153000,1779282231.540344
approach5_skyhost_run3,4154000,1779282231.556435
approach5_skyhost_run3,4155000,1779282231.558167
approach5_skyhost_run3,4156000,1779282231.559913
approach5_skyhost_run3,4157000,1779282231.640492
approach5_skyhost_run3,4158000,1779282231.642231
approach5_skyhost_run3,4159000,1779282231.643997
approach5_skyhost_run3,4160000,1779282231.686973
approach5_skyhost_run3,4161000,1779282231.688715
approach5_skyhost_run3,4162000,1779282231.690467
approach5_skyhost_run3,4163000,1779282231.692217
approach5_skyhost_run3,4164000,1779282231.704936
approach5_skyhost_run3,4165000,1779282231.706691
approach5_skyhost_run3,4166000,1779282231.708440
approach5_skyhost_run3,4167000,1779282231.781080
approach5_skyhost_run3,4168000,1779282231.782850
approach5_skyhost_run3,4169000,1779282231.784650
approach5_skyhost_run3,4170000,1779282231.786544
approach5_skyhost_run3,4171000,1779282231.788849
approach5_skyhost_run3,4172000,1779282231.790601
approach5_skyhost_run3,4173000,1779282231.792407
approach5_skyhost_run3,4174000,1779282231.802583
approach5_skyhost_run3,4175000,1779282231.804332
approach5_skyhost_run3,4176000,1779282231.806099
approach5_skyhost_run3,4177000,1779282231.891993
approach5_skyhost_run3,4178000,1779282231.894837
approach5_skyhost_run3,4179000,1779282231.896569
approach5_skyhost_run3,4180000,1779282231.898294
approach5_skyhost_run3,4181000,1779282231.900044
approach5_skyhost_run3,4182000,1779282231.901780
approach5_skyhost_run3,4183000,1779282231.903543
approach5_skyhost_run3,4184000,1779282231.911342
approach5_skyhost_run3,4185000,1779282231.997929
approach5_skyhost_run3,4186000,1779282231.999697
approach5_skyhost_run3,4187000,1779282232.001428
approach5_skyhost_run3,4188000,1779282232.003185
approach5_skyhost_run3,4189000,1779282232.015483
approach5_skyhost_run3,4190000,1779282232.045217
approach5_skyhost_run3,4191000,1779282232.047039
approach5_skyhost_run3,4192000,1779282232.048771
approach5_skyhost_run3,4193000,1779282232.050524
approach5_skyhost_run3,4194000,1779282232.120243
approach5_skyhost_run3,4195000,1779282232.121978
approach5_skyhost_run3,4196000,1779282232.123734
approach5_skyhost_run3,4197000,1779282232.149146
approach5_skyhost_run3,4198000,1779282232.150895
approach5_skyhost_run3,4199000,1779282232.152643
approach5_skyhost_run3,4200000,1779282232.154406
approach5_skyhost_run3,4201000,1779282232.168554
approach5_skyhost_run3,4202000,1779282232.170288
approach5_skyhost_run3,4203000,1779282232.172040
approach5_skyhost_run3,4204000,1779282232.173783
approach5_skyhost_run3,4205000,1779282232.213478
approach5_skyhost_run3,4206000,1779282232.215259
approach5_skyhost_run3,4207000,1779282232.252735
approach5_skyhost_run3,4208000,1779282232.254474
approach5_skyhost_run3,4209000,1779282232.256247
approach5_skyhost_run3,4210000,1779282232.356006
approach5_skyhost_run3,4211000,1779282232.357750
approach5_skyhost_run3,4212000,1779282232.359518
approach5_skyhost_run3,4213000,1779282232.361274
approach5_skyhost_run3,4214000,1779282232.369240
approach5_skyhost_run3,4215000,1779282232.410302
approach5_skyhost_run3,4216000,1779282232.412047
approach5_skyhost_run3,4217000,1779282232.413789
approach5_skyhost_run3,4218000,1779282232.415569
approach5_skyhost_run3,4219000,1779282232.423629
approach5_skyhost_run3,4220000,1779282232.456340
approach5_skyhost_run3,4221000,1779282232.458075
approach5_skyhost_run3,4222000,1779282232.459831
approach5_skyhost_run3,4223000,1779282232.461574
approach5_skyhost_run3,4224000,1779282232.477046
approach5_skyhost_run3,4225000,1779282232.478794
approach5_skyhost_run3,4226000,1779282232.480541
approach5_skyhost_run3,4227000,1779282232.561195
approach5_skyhost_run3,4228000,1779282232.563398
approach5_skyhost_run3,4229000,1779282232.565206
approach5_skyhost_run3,4230000,1779282232.566962
approach5_skyhost_run3,4231000,1779282232.568697
approach5_skyhost_run3,4232000,1779282232.570444
approach5_skyhost_run3,4233000,1779282232.572188
approach5_skyhost_run3,4234000,1779282232.636877
approach5_skyhost_run3,4235000,1779282232.638616
approach5_skyhost_run3,4236000,1779282232.640341
approach5_skyhost_run3,4237000,1779282232.718716
approach5_skyhost_run3,4238000,1779282232.720464
approach5_skyhost_run3,4239000,1779282232.722195
approach5_skyhost_run3,4240000,1779282232.724083
approach5_skyhost_run3,4241000,1779282232.726234
approach5_skyhost_run3,4242000,1779282232.727974
approach5_skyhost_run3,4243000,1779282232.729701
approach5_skyhost_run3,4244000,1779282232.734927
approach5_skyhost_run3,4245000,1779282232.821784
approach5_skyhost_run3,4246000,1779282232.823562
approach5_skyhost_run3,4247000,1779282232.825331
approach5_skyhost_run3,4248000,1779282232.827082
approach5_skyhost_run3,4249000,1779282232.837176
approach5_skyhost_run3,4250000,1779282232.927886
approach5_skyhost_run3,4251000,1779282232.929618
approach5_skyhost_run3,4252000,1779282232.931401
approach5_skyhost_run3,4253000,1779282232.933133
approach5_skyhost_run3,4254000,1779282232.945399
approach5_skyhost_run3,4255000,1779282233.026898
approach5_skyhost_run3,4256000,1779282233.028635
approach5_skyhost_run3,4257000,1779282233.030385
approach5_skyhost_run3,4258000,1779282233.032129
approach5_skyhost_run3,4259000,1779282233.043277
approach5_skyhost_run3,4260000,1779282233.143543
approach5_skyhost_run3,4261000,1779282233.145314
approach5_skyhost_run3,4262000,1779282233.147059
approach5_skyhost_run3,4263000,1779282233.148798
approach5_skyhost_run3,4264000,1779282233.172480
approach5_skyhost_run3,4265000,1779282233.233876
approach5_skyhost_run3,4266000,1779282233.235650
approach5_skyhost_run3,4267000,1779282233.237389
approach5_skyhost_run3,4268000,1779282233.239153
approach5_skyhost_run3,4269000,1779282233.250108
approach5_skyhost_run3,4270000,1779282233.338038
approach5_skyhost_run3,4271000,1779282233.339784
approach5_skyhost_run3,4272000,1779282233.341527
approach5_skyhost_run3,4273000,1779282233.343298
approach5_skyhost_run3,4274000,1779282233.351908
approach5_skyhost_run3,4275000,1779282233.438144
approach5_skyhost_run3,4276000,1779282233.439893
approach5_skyhost_run3,4277000,1779282233.441641
approach5_skyhost_run3,4278000,1779282233.443398
approach5_skyhost_run3,4279000,1779282233.453986
approach5_skyhost_run3,4280000,1779282233.497878
approach5_skyhost_run3,4281000,1779282233.499622
approach5_skyhost_run3,4282000,1779282233.501361
approach5_skyhost_run3,4283000,1779282233.503116
approach5_skyhost_run3,4284000,1779282233.518047
approach5_skyhost_run3,4285000,1779282233.519789
approach5_skyhost_run3,4286000,1779282233.521528
approach5_skyhost_run3,4287000,1779282233.607728
approach5_skyhost_run3,4288000,1779282233.609471
approach5_skyhost_run3,4289000,1779282233.611221
approach5_skyhost_run3,4290000,1779282233.644110
approach5_skyhost_run3,4291000,1779282233.645864
approach5_skyhost_run3,4292000,1779282233.647618
approach5_skyhost_run3,4293000,1779282233.649366
approach5_skyhost_run3,4294000,1779282233.707373
approach5_skyhost_run3,4295000,1779282233.746171
approach5_skyhost_run3,4296000,1779282233.747905
approach5_skyhost_run3,4297000,1779282233.749634
approach5_skyhost_run3,4298000,1779282233.751380
approach5_skyhost_run3,4299000,1779282233.821542
approach5_skyhost_run3,4300000,1779282233.850491
approach5_skyhost_run3,4301000,1779282233.852232
approach5_skyhost_run3,4302000,1779282233.853969
approach5_skyhost_run3,4303000,1779282233.855747
approach5_skyhost_run3,4304000,1779282233.865296
approach5_skyhost_run3,4305000,1779282233.952164
approach5_skyhost_run3,4306000,1779282233.953899
approach5_skyhost_run3,4307000,1779282233.955679
approach5_skyhost_run3,4308000,1779282233.957422
approach5_skyhost_run3,4309000,1779282233.968464
approach5_skyhost_run3,4310000,1779282234.054401
approach5_skyhost_run3,4311000,1779282234.056158
approach5_skyhost_run3,4312000,1779282234.057892
approach5_skyhost_run3,4313000,1779282234.059646
approach5_skyhost_run3,4314000,1779282234.072535
approach5_skyhost_run3,4315000,1779282234.158169
approach5_skyhost_run3,4316000,1779282234.159910
approach5_skyhost_run3,4317000,1779282234.161684
approach5_skyhost_run3,4318000,1779282234.171350
approach5_skyhost_run3,4319000,1779282234.173100
approach5_skyhost_run3,4320000,1779282234.260806
approach5_skyhost_run3,4321000,1779282234.262565
approach5_skyhost_run3,4322000,1779282234.264318
approach5_skyhost_run3,4323000,1779282234.266102
approach5_skyhost_run3,4324000,1779282234.276747
approach5_skyhost_run3,4325000,1779282234.360321
approach5_skyhost_run3,4326000,1779282234.362073
approach5_skyhost_run3,4327000,1779282234.363832
approach5_skyhost_run3,4328000,1779282234.365612
approach5_skyhost_run3,4329000,1779282234.379832
approach5_skyhost_run3,4330000,1779282234.381570
approach5_skyhost_run3,4331000,1779282234.383332
approach5_skyhost_run3,4332000,1779282234.462937
approach5_skyhost_run3,4333000,1779282234.464921
approach5_skyhost_run3,4334000,1779282234.467315
approach5_skyhost_run3,4335000,1779282234.469045
approach5_skyhost_run3,4336000,1779282234.470793
approach5_skyhost_run3,4337000,1779282234.472549
approach5_skyhost_run3,4338000,1779282234.478257
approach5_skyhost_run3,4339000,1779282234.480025
approach5_skyhost_run3,4340000,1779282234.572512
approach5_skyhost_run3,4341000,1779282234.574260
approach5_skyhost_run3,4342000,1779282234.576050
approach5_skyhost_run3,4343000,1779282234.586104
approach5_skyhost_run3,4344000,1779282234.587880
approach5_skyhost_run3,4345000,1779282234.620902
approach5_skyhost_run3,4346000,1779282234.622648
approach5_skyhost_run3,4347000,1779282234.624392
approach5_skyhost_run3,4348000,1779282234.626174
approach5_skyhost_run3,4349000,1779282234.642874
approach5_skyhost_run3,4350000,1779282234.644600
approach5_skyhost_run3,4351000,1779282234.646365
approach5_skyhost_run3,4352000,1779282234.730166
approach5_skyhost_run3,4353000,1779282234.731926
approach5_skyhost_run3,4354000,1779282234.733678
approach5_skyhost_run3,4355000,1779282234.774966
approach5_skyhost_run3,4356000,1779282234.776723
approach5_skyhost_run3,4357000,1779282234.778478
approach5_skyhost_run3,4358000,1779282234.780232
approach5_skyhost_run3,4359000,1779282234.792243
approach5_skyhost_run3,4360000,1779282234.877404
approach5_skyhost_run3,4361000,1779282234.879154
approach5_skyhost_run3,4362000,1779282234.880888
approach5_skyhost_run3,4363000,1779282234.889904
approach5_skyhost_run3,4364000,1779282234.891674
approach5_skyhost_run3,4365000,1779282234.981025
approach5_skyhost_run3,4366000,1779282234.982770
approach5_skyhost_run3,4367000,1779282234.984511
approach5_skyhost_run3,4368000,1779282234.994770
approach5_skyhost_run3,4369000,1779282234.996544
approach5_skyhost_run3,4370000,1779282235.131537
approach5_skyhost_run3,4371000,1779282235.133282
approach5_skyhost_run3,4372000,1779282235.135073
approach5_skyhost_run3,4373000,1779282235.147906
approach5_skyhost_run3,4374000,1779282235.149663
approach5_skyhost_run3,4375000,1779282235.185049
approach5_skyhost_run3,4376000,1779282235.186819
approach5_skyhost_run3,4377000,1779282235.188594
approach5_skyhost_run3,4378000,1779282235.190357
approach5_skyhost_run3,4379000,1779282235.199150
approach5_skyhost_run3,4380000,1779282235.286544
approach5_skyhost_run3,4381000,1779282235.288279
approach5_skyhost_run3,4382000,1779282235.290010
approach5_skyhost_run3,4383000,1779282235.348625
approach5_skyhost_run3,4384000,1779282235.350394
approach5_skyhost_run3,4385000,1779282235.382819
approach5_skyhost_run3,4386000,1779282235.384557
approach5_skyhost_run3,4387000,1779282235.386330
approach5_skyhost_run3,4388000,1779282235.388081
approach5_skyhost_run3,4389000,1779282235.402178
approach5_skyhost_run3,4390000,1779282235.403921
approach5_skyhost_run3,4391000,1779282235.405683
approach5_skyhost_run3,4392000,1779282235.484593
approach5_skyhost_run3,4393000,1779282235.486361
approach5_skyhost_run3,4394000,1779282235.488180
approach5_skyhost_run3,4395000,1779282235.493020
approach5_skyhost_run3,4396000,1779282235.494760
approach5_skyhost_run3,4397000,1779282235.496513
approach5_skyhost_run3,4398000,1779282235.504952
approach5_skyhost_run3,4399000,1779282235.506708
approach5_skyhost_run3,4400000,1779282235.537917
approach5_skyhost_run3,4401000,1779282235.539668
approach5_skyhost_run3,4402000,1779282235.541414
approach5_skyhost_run3,4403000,1779282235.555602
approach5_skyhost_run3,4404000,1779282235.557343
approach5_skyhost_run3,4405000,1779282235.559091
approach5_skyhost_run3,4406000,1779282235.560836
approach5_skyhost_run3,4407000,1779282235.642344
approach5_skyhost_run3,4408000,1779282235.644087
approach5_skyhost_run3,4409000,1779282235.645863
approach5_skyhost_run3,4410000,1779282235.684393
approach5_skyhost_run3,4411000,1779282235.686142
approach5_skyhost_run3,4412000,1779282235.687884
approach5_skyhost_run3,4413000,1779282235.701797
approach5_skyhost_run3,4414000,1779282235.703538
approach5_skyhost_run3,4415000,1779282235.705284
approach5_skyhost_run3,4416000,1779282235.707028
approach5_skyhost_run3,4417000,1779282235.788970
approach5_skyhost_run3,4418000,1779282235.790783
approach5_skyhost_run3,4419000,1779282235.792581
approach5_skyhost_run3,4420000,1779282235.799179
approach5_skyhost_run3,4421000,1779282235.800922
approach5_skyhost_run3,4422000,1779282235.802678
approach5_skyhost_run3,4423000,1779282235.804425
approach5_skyhost_run3,4424000,1779282235.814970
approach5_skyhost_run3,4425000,1779282235.903407
approach5_skyhost_run3,4426000,1779282235.905204
approach5_skyhost_run3,4427000,1779282235.906970
approach5_skyhost_run3,4428000,1779282235.908710
approach5_skyhost_run3,4429000,1779282235.917272
approach5_skyhost_run3,4430000,1779282236.005738
approach5_skyhost_run3,4431000,1779282236.007484
approach5_skyhost_run3,4432000,1779282236.009218
approach5_skyhost_run3,4433000,1779282236.010971
approach5_skyhost_run3,4434000,1779282236.019418
approach5_skyhost_run3,4435000,1779282236.106632
approach5_skyhost_run3,4436000,1779282236.108371
approach5_skyhost_run3,4437000,1779282236.110108
approach5_skyhost_run3,4438000,1779282236.111867
approach5_skyhost_run3,4439000,1779282236.121315
approach5_skyhost_run3,4440000,1779282236.209434
approach5_skyhost_run3,4441000,1779282236.211178
approach5_skyhost_run3,4442000,1779282236.212901
approach5_skyhost_run3,4443000,1779282236.214692
approach5_skyhost_run3,4444000,1779282236.226456
approach5_skyhost_run3,4445000,1779282236.318362
approach5_skyhost_run3,4446000,1779282236.320096
approach5_skyhost_run3,4447000,1779282236.321843
approach5_skyhost_run3,4448000,1779282236.323605
approach5_skyhost_run3,4449000,1779282236.331103
approach5_skyhost_run3,4450000,1779282236.412833
approach5_skyhost_run3,4451000,1779282236.414581
approach5_skyhost_run3,4452000,1779282236.416345
approach5_skyhost_run3,4453000,1779282236.418088
approach5_skyhost_run3,4454000,1779282236.429689
approach5_skyhost_run3,4455000,1779282236.518242
approach5_skyhost_run3,4456000,1779282236.519987
approach5_skyhost_run3,4457000,1779282236.521727
approach5_skyhost_run3,4458000,1779282236.523489
approach5_skyhost_run3,4459000,1779282236.531511
approach5_skyhost_run3,4460000,1779282236.618983
approach5_skyhost_run3,4461000,1779282236.620713
approach5_skyhost_run3,4462000,1779282236.622463
approach5_skyhost_run3,4463000,1779282236.624222
approach5_skyhost_run3,4464000,1779282236.634628
approach5_skyhost_run3,4465000,1779282236.723492
approach5_skyhost_run3,4466000,1779282236.725272
approach5_skyhost_run3,4467000,1779282236.727030
approach5_skyhost_run3,4468000,1779282236.728775
approach5_skyhost_run3,4469000,1779282236.737104
approach5_skyhost_run3,4470000,1779282236.826689
approach5_skyhost_run3,4471000,1779282236.828412
approach5_skyhost_run3,4472000,1779282236.830139
approach5_skyhost_run3,4473000,1779282236.831898
approach5_skyhost_run3,4474000,1779282236.840166
approach5_skyhost_run3,4475000,1779282236.929309
approach5_skyhost_run3,4476000,1779282236.931061
approach5_skyhost_run3,4477000,1779282236.932801
approach5_skyhost_run3,4478000,1779282236.934560
approach5_skyhost_run3,4479000,1779282236.943088
approach5_skyhost_run3,4480000,1779282237.080701
approach5_skyhost_run3,4481000,1779282237.082456
approach5_skyhost_run3,4482000,1779282237.084209
approach5_skyhost_run3,4483000,1779282237.085991
approach5_skyhost_run3,4484000,1779282237.093726
approach5_skyhost_run3,4485000,1779282237.207793
approach5_skyhost_run3,4486000,1779282237.209540
approach5_skyhost_run3,4487000,1779282237.211297
approach5_skyhost_run3,4488000,1779282237.221040
approach5_skyhost_run3,4489000,1779282237.222841
approach5_skyhost_run3,4490000,1779282237.236737
approach5_skyhost_run3,4491000,1779282237.238483
approach5_skyhost_run3,4492000,1779282237.240226
approach5_skyhost_run3,4493000,1779282237.241975
approach5_skyhost_run3,4494000,1779282237.250290
approach5_skyhost_run3,4495000,1779282237.340692
approach5_skyhost_run3,4496000,1779282237.342445
approach5_skyhost_run3,4497000,1779282237.344190
approach5_skyhost_run3,4498000,1779282237.345973
approach5_skyhost_run3,4499000,1779282237.353865
approach5_skyhost_run3,4500000,1779282237.442478
approach5_skyhost_run3,4501000,1779282237.444236
approach5_skyhost_run3,4502000,1779282237.446000
approach5_skyhost_run3,4503000,1779282237.447756
approach5_skyhost_run3,4504000,1779282237.456628
approach5_skyhost_run3,4505000,1779282237.543615
approach5_skyhost_run3,4506000,1779282237.545401
approach5_skyhost_run3,4507000,1779282237.547164
approach5_skyhost_run3,4508000,1779282237.557589
approach5_skyhost_run3,4509000,1779282237.559345
approach5_skyhost_run3,4510000,1779282237.646067
approach5_skyhost_run3,4511000,1779282237.647828
approach5_skyhost_run3,4512000,1779282237.649582
approach5_skyhost_run3,4513000,1779282237.651356
approach5_skyhost_run3,4514000,1779282237.660675
approach5_skyhost_run3,4515000,1779282237.747857
approach5_skyhost_run3,4516000,1779282237.749591
approach5_skyhost_run3,4517000,1779282237.751344
approach5_skyhost_run3,4518000,1779282237.761985
approach5_skyhost_run3,4519000,1779282237.763746
approach5_skyhost_run3,4520000,1779282237.842717
approach5_skyhost_run3,4521000,1779282237.844444
approach5_skyhost_run3,4522000,1779282237.846206
approach5_skyhost_run3,4523000,1779282237.847966
approach5_skyhost_run3,4524000,1779282237.861516
approach5_skyhost_run3,4525000,1779282237.863268
approach5_skyhost_run3,4526000,1779282237.865037
approach5_skyhost_run3,4527000,1779282237.898196
approach5_skyhost_run3,4528000,1779282237.899942
approach5_skyhost_run3,4529000,1779282237.901683
approach5_skyhost_run3,4530000,1779282237.903438
approach5_skyhost_run3,4531000,1779282237.918653
approach5_skyhost_run3,4532000,1779282237.920385
approach5_skyhost_run3,4533000,1779282237.922119
approach5_skyhost_run3,4534000,1779282237.923866
approach5_skyhost_run3,4535000,1779282237.947268
approach5_skyhost_run3,4536000,1779282237.949002
approach5_skyhost_run3,4537000,1779282238.006495
approach5_skyhost_run3,4538000,1779282238.008233
approach5_skyhost_run3,4539000,1779282238.009973
approach5_skyhost_run3,4540000,1779282238.056602
approach5_skyhost_run3,4541000,1779282238.058339
approach5_skyhost_run3,4542000,1779282238.060082
approach5_skyhost_run3,4543000,1779282238.118318
approach5_skyhost_run3,4544000,1779282238.120094
approach5_skyhost_run3,4545000,1779282238.163182
approach5_skyhost_run3,4546000,1779282238.164975
approach5_skyhost_run3,4547000,1779282238.166759
approach5_skyhost_run3,4548000,1779282238.168510
approach5_skyhost_run3,4549000,1779282238.176312
approach5_skyhost_run3,4550000,1779282238.214492
approach5_skyhost_run3,4551000,1779282238.216247
approach5_skyhost_run3,4552000,1779282238.218033
approach5_skyhost_run3,4553000,1779282238.231330
approach5_skyhost_run3,4554000,1779282238.233091
approach5_skyhost_run3,4555000,1779282238.234870
approach5_skyhost_run3,4556000,1779282238.236635
approach5_skyhost_run3,4557000,1779282238.317383
approach5_skyhost_run3,4558000,1779282238.319145
approach5_skyhost_run3,4559000,1779282238.320891
approach5_skyhost_run3,4560000,1779282238.368693
approach5_skyhost_run3,4561000,1779282238.370438
approach5_skyhost_run3,4562000,1779282238.372175
approach5_skyhost_run3,4563000,1779282238.373914
approach5_skyhost_run3,4564000,1779282238.381477
approach5_skyhost_run3,4565000,1779282238.526371
approach5_skyhost_run3,4566000,1779282238.528103
approach5_skyhost_run3,4567000,1779282238.529839
approach5_skyhost_run3,4568000,1779282238.531593
approach5_skyhost_run3,4569000,1779282238.539741
approach5_skyhost_run3,4570000,1779282238.571928
approach5_skyhost_run3,4571000,1779282238.573652
approach5_skyhost_run3,4572000,1779282238.575425
approach5_skyhost_run3,4573000,1779282238.586441
approach5_skyhost_run3,4574000,1779282238.588200
approach5_skyhost_run3,4575000,1779282238.675291
approach5_skyhost_run3,4576000,1779282238.677016
approach5_skyhost_run3,4577000,1779282238.678761
approach5_skyhost_run3,4578000,1779282238.680504
approach5_skyhost_run3,4579000,1779282238.690187
approach5_skyhost_run3,4580000,1779282238.793628
approach5_skyhost_run3,4581000,1779282238.795407
approach5_skyhost_run3,4582000,1779282238.797149
approach5_skyhost_run3,4583000,1779282238.825144
approach5_skyhost_run3,4584000,1779282238.826910
approach5_skyhost_run3,4585000,1779282238.881664
approach5_skyhost_run3,4586000,1779282238.883415
approach5_skyhost_run3,4587000,1779282238.885182
approach5_skyhost_run3,4588000,1779282238.894076
approach5_skyhost_run3,4589000,1779282238.895867
approach5_skyhost_run3,4590000,1779282238.985047
approach5_skyhost_run3,4591000,1779282238.986797
approach5_skyhost_run3,4592000,1779282238.988538
approach5_skyhost_run3,4593000,1779282238.997490
approach5_skyhost_run3,4594000,1779282238.999255
approach5_skyhost_run3,4595000,1779282239.037619
approach5_skyhost_run3,4596000,1779282239.039365
approach5_skyhost_run3,4597000,1779282239.041106
approach5_skyhost_run3,4598000,1779282239.054659
approach5_skyhost_run3,4599000,1779282239.056426
approach5_skyhost_run3,4600000,1779282239.058161
approach5_skyhost_run3,4601000,1779282239.059910
approach5_skyhost_run3,4602000,1779282239.139905
approach5_skyhost_run3,4603000,1779282239.141645
approach5_skyhost_run3,4604000,1779282239.143398
approach5_skyhost_run3,4605000,1779282239.190897
approach5_skyhost_run3,4606000,1779282239.192636
approach5_skyhost_run3,4607000,1779282239.194389
approach5_skyhost_run3,4608000,1779282239.201512
approach5_skyhost_run3,4609000,1779282239.346268
approach5_skyhost_run3,4610000,1779282239.348020
approach5_skyhost_run3,4611000,1779282239.349761
approach5_skyhost_run3,4612000,1779282239.351523
approach5_skyhost_run3,4613000,1779282239.357708
approach5_skyhost_run3,4614000,1779282239.395969
approach5_skyhost_run3,4615000,1779282239.397746
approach5_skyhost_run3,4616000,1779282239.399519
approach5_skyhost_run3,4617000,1779282239.401266
approach5_skyhost_run3,4618000,1779282239.412170
approach5_skyhost_run3,4619000,1779282239.503799
approach5_skyhost_run3,4620000,1779282239.505557
approach5_skyhost_run3,4621000,1779282239.507304
approach5_skyhost_run3,4622000,1779282239.509049
approach5_skyhost_run3,4623000,1779282239.524750
approach5_skyhost_run3,4624000,1779282239.599979
approach5_skyhost_run3,4625000,1779282239.601714
approach5_skyhost_run3,4626000,1779282239.603466
approach5_skyhost_run3,4627000,1779282239.605238
approach5_skyhost_run3,4628000,1779282239.616983
approach5_skyhost_run3,4629000,1779282239.648052
approach5_skyhost_run3,4630000,1779282239.649787
approach5_skyhost_run3,4631000,1779282239.651533
approach5_skyhost_run3,4632000,1779282239.653315
approach5_skyhost_run3,4633000,1779282239.667131
approach5_skyhost_run3,4634000,1779282239.668860
approach5_skyhost_run3,4635000,1779282239.670603
approach5_skyhost_run3,4636000,1779282239.672347
approach5_skyhost_run3,4637000,1779282239.753741
approach5_skyhost_run3,4638000,1779282239.755526
approach5_skyhost_run3,4639000,1779282239.820569
approach5_skyhost_run3,4640000,1779282239.822337
approach5_skyhost_run3,4641000,1779282239.824076
approach5_skyhost_run3,4642000,1779282239.825860
approach5_skyhost_run3,4643000,1779282239.853442
approach5_skyhost_run3,4644000,1779282239.972185
approach5_skyhost_run3,4645000,1779282239.973915
approach5_skyhost_run3,4646000,1779282239.975690
approach5_skyhost_run3,4647000,1779282239.977432
approach5_skyhost_run3,4648000,1779282239.988157
approach5_skyhost_run3,4649000,1779282240.017216
approach5_skyhost_run3,4650000,1779282240.018964
approach5_skyhost_run3,4651000,1779282240.020704
approach5_skyhost_run3,4652000,1779282240.022470
approach5_skyhost_run3,4653000,1779282240.031129
approach5_skyhost_run3,4654000,1779282240.181670
approach5_skyhost_run3,4655000,1779282240.183420
approach5_skyhost_run3,4656000,1779282240.185193
approach5_skyhost_run3,4657000,1779282240.186948
approach5_skyhost_run3,4658000,1779282240.218389
approach5_skyhost_run3,4659000,1779282240.220311
approach5_skyhost_run3,4660000,1779282240.222041
approach5_skyhost_run3,4661000,1779282240.223787
approach5_skyhost_run3,4662000,1779282240.225551
approach5_skyhost_run3,4663000,1779282240.285101
approach5_skyhost_run3,4664000,1779282240.312635
approach5_skyhost_run3,4665000,1779282240.314411
approach5_skyhost_run3,4666000,1779282240.316168
approach5_skyhost_run3,4667000,1779282240.317909
approach5_skyhost_run3,4668000,1779282240.334092
approach5_skyhost_run3,4669000,1779282240.335867
approach5_skyhost_run3,4670000,1779282240.337616
approach5_skyhost_run3,4671000,1779282240.339417
approach5_skyhost_run3,4672000,1779282240.425915
approach5_skyhost_run3,4673000,1779282240.428030
approach5_skyhost_run3,4674000,1779282240.429764
approach5_skyhost_run3,4675000,1779282240.431518
approach5_skyhost_run3,4676000,1779282240.433256
approach5_skyhost_run3,4677000,1779282240.435033
approach5_skyhost_run3,4678000,1779282240.438751
approach5_skyhost_run3,4679000,1779282240.525110
approach5_skyhost_run3,4680000,1779282240.526865
approach5_skyhost_run3,4681000,1779282240.528609
approach5_skyhost_run3,4682000,1779282240.530370
approach5_skyhost_run3,4683000,1779282240.540975
approach5_skyhost_run3,4684000,1779282240.572854
approach5_skyhost_run3,4685000,1779282240.574600
approach5_skyhost_run3,4686000,1779282240.576351
approach5_skyhost_run3,4687000,1779282240.578091
approach5_skyhost_run3,4688000,1779282240.592820
approach5_skyhost_run3,4689000,1779282240.594565
approach5_skyhost_run3,4690000,1779282240.596325
approach5_skyhost_run3,4691000,1779282240.598059
approach5_skyhost_run3,4692000,1779282240.675334
approach5_skyhost_run3,4693000,1779282240.677065
approach5_skyhost_run3,4694000,1779282240.679380
approach5_skyhost_run3,4695000,1779282240.681156
approach5_skyhost_run3,4696000,1779282240.682900
approach5_skyhost_run3,4697000,1779282240.684640
approach5_skyhost_run3,4698000,1779282240.695442
approach5_skyhost_run3,4699000,1779282240.697182
approach5_skyhost_run3,4700000,1779282240.698939
approach5_skyhost_run3,4701000,1779282240.700687
approach5_skyhost_run3,4702000,1779282240.777872
approach5_skyhost_run3,4703000,1779282240.779830
approach5_skyhost_run3,4704000,1779282240.781901
approach5_skyhost_run3,4705000,1779282240.783952
approach5_skyhost_run3,4706000,1779282240.786105
approach5_skyhost_run3,4707000,1779282240.787889
approach5_skyhost_run3,4708000,1779282240.797612
approach5_skyhost_run3,4709000,1779282240.799360
approach5_skyhost_run3,4710000,1779282240.801102
approach5_skyhost_run3,4711000,1779282240.802860
approach5_skyhost_run3,4712000,1779282240.883436
approach5_skyhost_run3,4713000,1779282240.885199
approach5_skyhost_run3,4714000,1779282240.985034
approach5_skyhost_run3,4715000,1779282240.986782
approach5_skyhost_run3,4716000,1779282240.988516
approach5_skyhost_run3,4717000,1779282240.990258
approach5_skyhost_run3,4718000,1779282240.998889
approach5_skyhost_run3,4719000,1779282241.050704
approach5_skyhost_run3,4720000,1779282241.052444
approach5_skyhost_run3,4721000,1779282241.054186
approach5_skyhost_run3,4722000,1779282241.055965
approach5_skyhost_run3,4723000,1779282241.086990
approach5_skyhost_run3,4724000,1779282241.139405
approach5_skyhost_run3,4725000,1779282241.141138
approach5_skyhost_run3,4726000,1779282241.142889
approach5_skyhost_run3,4727000,1779282241.144633
approach5_skyhost_run3,4728000,1779282241.157021
approach5_skyhost_run3,4729000,1779282241.243782
approach5_skyhost_run3,4730000,1779282241.245541
approach5_skyhost_run3,4731000,1779282241.247295
approach5_skyhost_run3,4732000,1779282241.249052
approach5_skyhost_run3,4733000,1779282241.258055
approach5_skyhost_run3,4734000,1779282241.347778
approach5_skyhost_run3,4735000,1779282241.349514
approach5_skyhost_run3,4736000,1779282241.351261
approach5_skyhost_run3,4737000,1779282241.353001
approach5_skyhost_run3,4738000,1779282241.361886
approach5_skyhost_run3,4739000,1779282241.450942
approach5_skyhost_run3,4740000,1779282241.452683
approach5_skyhost_run3,4741000,1779282241.454482
approach5_skyhost_run3,4742000,1779282241.456271
approach5_skyhost_run3,4743000,1779282241.467403
approach5_skyhost_run3,4744000,1779282241.557561
approach5_skyhost_run3,4745000,1779282241.559308
approach5_skyhost_run3,4746000,1779282241.561041
approach5_skyhost_run3,4747000,1779282241.562792
approach5_skyhost_run3,4748000,1779282241.572293
approach5_skyhost_run3,4749000,1779282241.711015
approach5_skyhost_run3,4750000,1779282241.712750
approach5_skyhost_run3,4751000,1779282241.714498
approach5_skyhost_run3,4752000,1779282241.716264
approach5_skyhost_run3,4753000,1779282241.723239
approach5_skyhost_run3,4754000,1779282241.811552
approach5_skyhost_run3,4755000,1779282241.813277
approach5_skyhost_run3,4756000,1779282241.815049
approach5_skyhost_run3,4757000,1779282241.816793
approach5_skyhost_run3,4758000,1779282241.826087
approach5_skyhost_run3,4759000,1779282241.861080
approach5_skyhost_run3,4760000,1779282241.862813
approach5_skyhost_run3,4761000,1779282241.864543
approach5_skyhost_run3,4762000,1779282241.866328
approach5_skyhost_run3,4763000,1779282241.874875
approach5_skyhost_run3,4764000,1779282241.961303
approach5_skyhost_run3,4765000,1779282241.963053
approach5_skyhost_run3,4766000,1779282241.964790
approach5_skyhost_run3,4767000,1779282241.966585
approach5_skyhost_run3,4768000,1779282241.976711
approach5_skyhost_run3,4769000,1779282242.006758
approach5_skyhost_run3,4770000,1779282242.008504
approach5_skyhost_run3,4771000,1779282242.010251
approach5_skyhost_run3,4772000,1779282242.012022
approach5_skyhost_run3,4773000,1779282242.027516
approach5_skyhost_run3,4774000,1779282242.029255
approach5_skyhost_run3,4775000,1779282242.031015
approach5_skyhost_run3,4776000,1779282242.032760
approach5_skyhost_run3,4777000,1779282242.117863
approach5_skyhost_run3,4778000,1779282242.119621
approach5_skyhost_run3,4779000,1779282242.171829
approach5_skyhost_run3,4780000,1779282242.173566
approach5_skyhost_run3,4781000,1779282242.175344
approach5_skyhost_run3,4782000,1779282242.177086
approach5_skyhost_run3,4783000,1779282242.185188
approach5_skyhost_run3,4784000,1779282242.268652
approach5_skyhost_run3,4785000,1779282242.270389
approach5_skyhost_run3,4786000,1779282242.272120
approach5_skyhost_run3,4787000,1779282242.273860
approach5_skyhost_run3,4788000,1779282242.283698
approach5_skyhost_run3,4789000,1779282242.372163
approach5_skyhost_run3,4790000,1779282242.373894
approach5_skyhost_run3,4791000,1779282242.375666
approach5_skyhost_run3,4792000,1779282242.377408
approach5_skyhost_run3,4793000,1779282242.387904
approach5_skyhost_run3,4794000,1779282242.474859
approach5_skyhost_run3,4795000,1779282242.476604
approach5_skyhost_run3,4796000,1779282242.478368
approach5_skyhost_run3,4797000,1779282242.480136
approach5_skyhost_run3,4798000,1779282242.490566
approach5_skyhost_run3,4799000,1779282242.578807
approach5_skyhost_run3,4800000,1779282242.580542
approach5_skyhost_run3,4801000,1779282242.582278
approach5_skyhost_run3,4802000,1779282242.584045
approach5_skyhost_run3,4803000,1779282242.593196
approach5_skyhost_run3,4804000,1779282242.672395
approach5_skyhost_run3,4805000,1779282242.674133
approach5_skyhost_run3,4806000,1779282242.675946
approach5_skyhost_run3,4807000,1779282242.677696
approach5_skyhost_run3,4808000,1779282242.694230
approach5_skyhost_run3,4809000,1779282242.695991
approach5_skyhost_run3,4810000,1779282242.697726
approach5_skyhost_run3,4811000,1779282242.699515
approach5_skyhost_run3,4812000,1779282242.783287
approach5_skyhost_run3,4813000,1779282242.785383
approach5_skyhost_run3,4814000,1779282242.787701
approach5_skyhost_run3,4815000,1779282242.789438
approach5_skyhost_run3,4816000,1779282242.791196
approach5_skyhost_run3,4817000,1779282242.792947
approach5_skyhost_run3,4818000,1779282242.799378
approach5_skyhost_run3,4819000,1779282242.933982
approach5_skyhost_run3,4820000,1779282242.935982
approach5_skyhost_run3,4821000,1779282242.939324
approach5_skyhost_run3,4822000,1779282242.941058
approach5_skyhost_run3,4823000,1779282242.942799
approach5_skyhost_run3,4824000,1779282242.944527
approach5_skyhost_run3,4825000,1779282242.946509
approach5_skyhost_run3,4826000,1779282242.948554
approach5_skyhost_run3,4827000,1779282242.950295
approach5_skyhost_run3,4828000,1779282243.010506
approach5_skyhost_run3,4829000,1779282243.012244
approach5_skyhost_run3,4830000,1779282243.013981
approach5_skyhost_run3,4831000,1779282243.015764
approach5_skyhost_run3,4832000,1779282243.094520
approach5_skyhost_run3,4833000,1779282243.096278
approach5_skyhost_run3,4834000,1779282243.098204
approach5_skyhost_run3,4835000,1779282243.100339
approach5_skyhost_run3,4836000,1779282243.102083
approach5_skyhost_run3,4837000,1779282243.103829
approach5_skyhost_run3,4838000,1779282243.108551
approach5_skyhost_run3,4839000,1779282243.194352
approach5_skyhost_run3,4840000,1779282243.196114
approach5_skyhost_run3,4841000,1779282243.197860
approach5_skyhost_run3,4842000,1779282243.199629
approach5_skyhost_run3,4843000,1779282243.211388
approach5_skyhost_run3,4844000,1779282243.298506
approach5_skyhost_run3,4845000,1779282243.300244
approach5_skyhost_run3,4846000,1779282243.301985
approach5_skyhost_run3,4847000,1779282243.303745
approach5_skyhost_run3,4848000,1779282243.312970
approach5_skyhost_run3,4849000,1779282243.392614
approach5_skyhost_run3,4850000,1779282243.394368
approach5_skyhost_run3,4851000,1779282243.396167
approach5_skyhost_run3,4852000,1779282243.397933
approach5_skyhost_run3,4853000,1779282243.412332
approach5_skyhost_run3,4854000,1779282243.414090
approach5_skyhost_run3,4855000,1779282243.415903
approach5_skyhost_run3,4856000,1779282243.417665
approach5_skyhost_run3,4857000,1779282243.498551
approach5_skyhost_run3,4858000,1779282243.500314
approach5_skyhost_run3,4859000,1779282243.504151
approach5_skyhost_run3,4860000,1779282243.505965
approach5_skyhost_run3,4861000,1779282243.507735
approach5_skyhost_run3,4862000,1779282243.509485
approach5_skyhost_run3,4863000,1779282243.520899
approach5_skyhost_run3,4864000,1779282243.605274
approach5_skyhost_run3,4865000,1779282243.607048
approach5_skyhost_run3,4866000,1779282243.608806
approach5_skyhost_run3,4867000,1779282243.610614
approach5_skyhost_run3,4868000,1779282243.623334
approach5_skyhost_run3,4869000,1779282243.709883
approach5_skyhost_run3,4870000,1779282243.711636
approach5_skyhost_run3,4871000,1779282243.713377
approach5_skyhost_run3,4872000,1779282243.715165
approach5_skyhost_run3,4873000,1779282243.724362
approach5_skyhost_run3,4874000,1779282243.813307
approach5_skyhost_run3,4875000,1779282243.815080
approach5_skyhost_run3,4876000,1779282243.816821
approach5_skyhost_run3,4877000,1779282243.818583
approach5_skyhost_run3,4878000,1779282243.826907
approach5_skyhost_run3,4879000,1779282243.912738
approach5_skyhost_run3,4880000,1779282243.914476
approach5_skyhost_run3,4881000,1779282243.916246
approach5_skyhost_run3,4882000,1779282243.918001
approach5_skyhost_run3,4883000,1779282243.929143
approach5_skyhost_run3,4884000,1779282244.026283
approach5_skyhost_run3,4885000,1779282244.028022
approach5_skyhost_run3,4886000,1779282244.029752
approach5_skyhost_run3,4887000,1779282244.031508
approach5_skyhost_run3,4888000,1779282244.038972
approach5_skyhost_run3,4889000,1779282244.063541
approach5_skyhost_run3,4890000,1779282244.065299
approach5_skyhost_run3,4891000,1779282244.067051
approach5_skyhost_run3,4892000,1779282244.068801
approach5_skyhost_run3,4893000,1779282244.082525
approach5_skyhost_run3,4894000,1779282244.084261
approach5_skyhost_run3,4895000,1779282244.086025
approach5_skyhost_run3,4896000,1779282244.087783
approach5_skyhost_run3,4897000,1779282244.168217
approach5_skyhost_run3,4898000,1779282244.169956
approach5_skyhost_run3,4899000,1779282244.202662
approach5_skyhost_run3,4900000,1779282244.204412
approach5_skyhost_run3,4901000,1779282244.764944
approach5_skyhost_run3,4902000,1779282244.766693
approach5_skyhost_run3,4903000,1779282244.768434
approach5_skyhost_run3,4904000,1779282244.777996
approach5_skyhost_run3,4905000,1779282244.779752
approach5_skyhost_run3,4906000,1779282244.825471
approach5_skyhost_run3,4907000,1779282244.827216
approach5_skyhost_run3,4908000,1779282244.828947
approach5_skyhost_run3,4909000,1779282244.836243
approach5_skyhost_run3,4910000,1779282244.837980
approach5_skyhost_run3,4911000,1779282244.925379
approach5_skyhost_run3,4912000,1779282244.927118
approach5_skyhost_run3,4913000,1779282244.928847
approach5_skyhost_run3,4914000,1779282244.940459
approach5_skyhost_run3,4915000,1779282244.942192
approach5_skyhost_run3,4916000,1779282245.073596
approach5_skyhost_run3,4917000,1779282245.075368
approach5_skyhost_run3,4918000,1779282245.077106
approach5_skyhost_run3,4919000,1779282245.086125
approach5_skyhost_run3,4920000,1779282245.087882
approach5_skyhost_run3,4921000,1779282245.131928
approach5_skyhost_run3,4922000,1779282245.133707
approach5_skyhost_run3,4923000,1779282245.135504
approach5_skyhost_run3,4924000,1779282245.144120
approach5_skyhost_run3,4925000,1779282245.145883
approach5_skyhost_run3,4926000,1779282245.279203
approach5_skyhost_run3,4927000,1779282245.280933
approach5_skyhost_run3,4928000,1779282245.282678
approach5_skyhost_run3,4929000,1779282245.291302
approach5_skyhost_run3,4930000,1779282245.293078
approach5_skyhost_run3,4931000,1779282245.349583
approach5_skyhost_run3,4932000,1779282245.351317
approach5_skyhost_run3,4933000,1779282245.353053
approach5_skyhost_run3,4934000,1779282245.362063
approach5_skyhost_run3,4935000,1779282245.363797
approach5_skyhost_run3,4936000,1779282245.439182
approach5_skyhost_run3,4937000,1779282245.440910
approach5_skyhost_run3,4938000,1779282245.442658
approach5_skyhost_run3,4939000,1779282245.452303
approach5_skyhost_run3,4940000,1779282245.454046
approach5_skyhost_run3,4941000,1779282245.542531
approach5_skyhost_run3,4942000,1779282245.544259
approach5_skyhost_run3,4943000,1779282245.546020
approach5_skyhost_run3,4944000,1779282245.549734
approach5_skyhost_run3,4945000,1779282245.551481
approach5_skyhost_run3,4946000,1779282245.693603
approach5_skyhost_run3,4947000,1779282245.696935
approach5_skyhost_run3,4948000,1779282245.698674
approach5_skyhost_run3,4949000,1779282245.700403
approach5_skyhost_run3,4950000,1779282245.702124
approach5_skyhost_run3,4951000,1779282245.703861
approach5_skyhost_run3,4952000,1779282245.705707
approach5_skyhost_run3,4953000,1779282245.707659
approach5_skyhost_run3,4954000,1779282245.714325
approach5_skyhost_run3,4955000,1779282245.716077
approach5_skyhost_run3,4956000,1779282245.717809
approach5_skyhost_run3,4957000,1779282245.719563
approach5_skyhost_run3,4958000,1779282245.801203
approach5_skyhost_run3,4959000,1779282245.802943
approach5_skyhost_run3,4960000,1779282245.804697
approach5_skyhost_run3,4961000,1779282245.850485
approach5_skyhost_run3,4962000,1779282245.852219
approach5_skyhost_run3,4963000,1779282245.853964
approach5_skyhost_run3,4964000,1779282245.863650
approach5_skyhost_run3,4965000,1779282245.865416
approach5_skyhost_run3,4966000,1779282245.954263
approach5_skyhost_run3,4967000,1779282245.956040
approach5_skyhost_run3,4968000,1779282245.957785
approach5_skyhost_run3,4969000,1779282245.967135
approach5_skyhost_run3,4970000,1779282245.968879
approach5_skyhost_run3,4971000,1779282246.083280
approach5_skyhost_run3,4972000,1779282246.085036
approach5_skyhost_run3,4973000,1779282246.086785
approach5_skyhost_run3,4974000,1779282246.099427
approach5_skyhost_run3,4975000,1779282246.101159
approach5_skyhost_run3,4976000,1779282246.102911
approach5_skyhost_run3,4977000,1779282246.104654
approach5_skyhost_run3,4978000,1779282246.158955
approach5_skyhost_run3,4979000,1779282246.160691
approach5_skyhost_run3,4980000,1779282246.162433
approach5_skyhost_run3,4981000,1779282246.164176
approach5_skyhost_run3,4982000,1779282246.172221
approach5_skyhost_run3,4983000,1779282246.185425
approach5_skyhost_run3,4984000,1779282246.187178
approach5_skyhost_run3,4985000,1779282246.188940
approach5_skyhost_run3,4986000,1779282246.252347
approach5_skyhost_run3,4987000,1779282246.254096
approach5_skyhost_run3,4988000,1779282246.255879
approach5_skyhost_run3,4989000,1779282246.271987
approach5_skyhost_run3,4990000,1779282246.273726
approach5_skyhost_run3,4991000,1779282246.275503
approach5_skyhost_run3,4992000,1779282246.277247
approach5_skyhost_run3,4993000,1779282246.363327
approach5_skyhost_run3,4994000,1779282246.366101
approach5_skyhost_run3,4995000,1779282246.367858
approach5_skyhost_run3,4996000,1779282246.369601
approach5_skyhost_run3,4997000,1779282246.371355
approach5_skyhost_run3,4998000,1779282246.373098
approach5_skyhost_run3,4999000,1779282246.378147
approach5_skyhost_run3,5000000,1779282246.379919
approach5_skyhost_run3,5001000,1779282246.466662
approach5_skyhost_run3,5002000,1779282246.468405
approach5_skyhost_run3,5003000,1779282246.470154
approach5_skyhost_run3,5004000,1779282246.483087
approach5_skyhost_run3,5005000,1779282246.484849
approach5_skyhost_run3,5006000,1779282246.514724
approach5_skyhost_run3,5007000,1779282246.516476
approach5_skyhost_run3,5008000,1779282246.518219
approach5_skyhost_run3,5009000,1779282246.533622
approach5_skyhost_run3,5010000,1779282246.535403
approach5_skyhost_run3,5011000,1779282246.537132
approach5_skyhost_run3,5012000,1779282246.538885
approach5_skyhost_run3,5013000,1779282246.619532
approach5_skyhost_run3,5014000,1779282246.621277
approach5_skyhost_run3,5015000,1779282246.623050
approach5_skyhost_run3,5016000,1779282246.676345
approach5_skyhost_run3,5017000,1779282246.678087
approach5_skyhost_run3,5018000,1779282246.679833
approach5_skyhost_run3,5019000,1779282246.686383
approach5_skyhost_run3,5020000,1779282246.688123
approach5_skyhost_run3,5021000,1779282246.776441
approach5_skyhost_run3,5022000,1779282246.778179
approach5_skyhost_run3,5023000,1779282246.779936
approach5_skyhost_run3,5024000,1779282246.790109
approach5_skyhost_run3,5025000,1779282246.791851
approach5_skyhost_run3,5026000,1779282246.880433
approach5_skyhost_run3,5027000,1779282246.882163
approach5_skyhost_run3,5028000,1779282246.883910
approach5_skyhost_run3,5029000,1779282246.893185
approach5_skyhost_run3,5030000,1779282246.894966
approach5_skyhost_run3,5031000,1779282246.996597
approach5_skyhost_run3,5032000,1779282246.998354
approach5_skyhost_run3,5033000,1779282247.000110
approach5_skyhost_run3,5034000,1779282247.025956
approach5_skyhost_run3,5035000,1779282247.027708
approach5_skyhost_run3,5036000,1779282247.097035
approach5_skyhost_run3,5037000,1779282247.098778
approach5_skyhost_run3,5038000,1779282247.100516
approach5_skyhost_run3,5039000,1779282247.110436
approach5_skyhost_run3,5040000,1779282247.112181
approach5_skyhost_run3,5041000,1779282247.186985
approach5_skyhost_run3,5042000,1779282247.188716
approach5_skyhost_run3,5043000,1779282247.190462
approach5_skyhost_run3,5044000,1779282247.201565
approach5_skyhost_run3,5045000,1779282247.203322
approach5_skyhost_run3,5046000,1779282247.350537
approach5_skyhost_run3,5047000,1779282247.352271
approach5_skyhost_run3,5048000,1779282247.354027
approach5_skyhost_run3,5049000,1779282247.386394
approach5_skyhost_run3,5050000,1779282247.388136
approach5_skyhost_run3,5051000,1779282247.389882
approach5_skyhost_run3,5052000,1779282247.391942
approach5_skyhost_run3,5053000,1779282247.394285
approach5_skyhost_run3,5054000,1779282247.396039
approach5_skyhost_run3,5055000,1779282247.397765
approach5_skyhost_run3,5056000,1779282247.399549
approach5_skyhost_run3,5057000,1779282247.408300
approach5_skyhost_run3,5058000,1779282247.472646
approach5_skyhost_run3,5059000,1779282247.474390
approach5_skyhost_run3,5060000,1779282247.476154
approach5_skyhost_run3,5061000,1779282247.495646
approach5_skyhost_run3,5062000,1779282247.497373
approach5_skyhost_run3,5063000,1779282247.499128
approach5_skyhost_run3,5064000,1779282247.509232
approach5_skyhost_run3,5065000,1779282247.510990
approach5_skyhost_run3,5066000,1779282247.591529
approach5_skyhost_run3,5067000,1779282247.593263
approach5_skyhost_run3,5068000,1779282247.595048
approach5_skyhost_run3,5069000,1779282247.609722
approach5_skyhost_run3,5070000,1779282247.611460
approach5_skyhost_run3,5071000,1779282247.613188
approach5_skyhost_run3,5072000,1779282247.614954
approach5_skyhost_run3,5073000,1779282247.696071
approach5_skyhost_run3,5074000,1779282247.697815
approach5_skyhost_run3,5075000,1779282247.699578
approach5_skyhost_run3,5076000,1779282247.741697
approach5_skyhost_run3,5077000,1779282247.743440
approach5_skyhost_run3,5078000,1779282247.745208
approach5_skyhost_run3,5079000,1779282247.778714
approach5_skyhost_run3,5080000,1779282247.780449
approach5_skyhost_run3,5081000,1779282247.782181
approach5_skyhost_run3,5082000,1779282247.796533
approach5_skyhost_run3,5083000,1779282247.798274
approach5_skyhost_run3,5084000,1779282247.800029
approach5_skyhost_run3,5085000,1779282247.801784
approach5_skyhost_run3,5086000,1779282247.814576
approach5_skyhost_run3,5087000,1779282247.816326
approach5_skyhost_run3,5088000,1779282247.818058
approach5_skyhost_run3,5089000,1779282247.819811
approach5_skyhost_run3,5090000,1779282247.851448
approach5_skyhost_run3,5091000,1779282247.853168
approach5_skyhost_run3,5092000,1779282247.854929
approach5_skyhost_run3,5093000,1779282247.856670
approach5_skyhost_run3,5094000,1779282247.870901
approach5_skyhost_run3,5095000,1779282247.872659
approach5_skyhost_run3,5096000,1779282247.874450
approach5_skyhost_run3,5097000,1779282247.876292
approach5_skyhost_run3,5098000,1779282247.881875
approach5_skyhost_run3,5099000,1779282247.883622
approach5_skyhost_run3,5100000,1779282247.885385
approach5_skyhost_run3,5101000,1779282247.901165
approach5_skyhost_run3,5102000,1779282247.902910
approach5_skyhost_run3,5103000,1779282247.954691
approach5_skyhost_run3,5104000,1779282247.956831
approach5_skyhost_run3,5105000,1779282247.959136
approach5_skyhost_run3,5106000,1779282247.960864
approach5_skyhost_run3,5107000,1779282247.962607
approach5_skyhost_run3,5108000,1779282247.964355
approach5_skyhost_run3,5109000,1779282247.973226
approach5_skyhost_run3,5110000,1779282247.975021
approach5_skyhost_run3,5111000,1779282247.976804
approach5_skyhost_run3,5112000,1779282247.978617
approach5_skyhost_run3,5113000,1779282248.058557
approach5_skyhost_run3,5114000,1779282248.060303
approach5_skyhost_run3,5115000,1779282248.062044
approach5_skyhost_run3,5116000,1779282248.117603
approach5_skyhost_run3,5117000,1779282248.119350
approach5_skyhost_run3,5118000,1779282248.121093
approach5_skyhost_run3,5119000,1779282248.126922
approach5_skyhost_run3,5120000,1779282248.128673
approach5_skyhost_run3,5121000,1779282248.264457
approach5_skyhost_run3,5122000,1779282248.266222
approach5_skyhost_run3,5123000,1779282248.267972
approach5_skyhost_run3,5124000,1779282248.274068
approach5_skyhost_run3,5125000,1779282248.275848
approach5_skyhost_run3,5126000,1779282248.318304
approach5_skyhost_run3,5127000,1779282248.320070
approach5_skyhost_run3,5128000,1779282248.321820
approach5_skyhost_run3,5129000,1779282248.332796
approach5_skyhost_run3,5130000,1779282248.334550
approach5_skyhost_run3,5131000,1779282248.364762
approach5_skyhost_run3,5132000,1779282248.366536
approach5_skyhost_run3,5133000,1779282248.368278
approach5_skyhost_run3,5134000,1779282248.385040
approach5_skyhost_run3,5135000,1779282248.386791
approach5_skyhost_run3,5136000,1779282248.388556
approach5_skyhost_run3,5137000,1779282248.390296
approach5_skyhost_run3,5138000,1779282248.475019
approach5_skyhost_run3,5139000,1779282248.476755
approach5_skyhost_run3,5140000,1779282248.478514
approach5_skyhost_run3,5141000,1779282248.524838
approach5_skyhost_run3,5142000,1779282248.526578
approach5_skyhost_run3,5143000,1779282248.528314
approach5_skyhost_run3,5144000,1779282248.538388
approach5_skyhost_run3,5145000,1779282248.540123
approach5_skyhost_run3,5146000,1779282248.570961
approach5_skyhost_run3,5147000,1779282248.572696
approach5_skyhost_run3,5148000,1779282248.574449
approach5_skyhost_run3,5149000,1779282248.591149
approach5_skyhost_run3,5150000,1779282248.592879
approach5_skyhost_run3,5151000,1779282248.594625
approach5_skyhost_run3,5152000,1779282248.596398
approach5_skyhost_run3,5153000,1779282248.676553
approach5_skyhost_run3,5154000,1779282248.678294
approach5_skyhost_run3,5155000,1779282248.680053
approach5_skyhost_run3,5156000,1779282248.795871
approach5_skyhost_run3,5157000,1779282248.797618
approach5_skyhost_run3,5158000,1779282248.799382
approach5_skyhost_run3,5159000,1779282248.808875
approach5_skyhost_run3,5160000,1779282248.810653
approach5_skyhost_run3,5161000,1779282248.832801
approach5_skyhost_run3,5162000,1779282248.834541
approach5_skyhost_run3,5163000,1779282248.836303
approach5_skyhost_run3,5164000,1779282248.844759
approach5_skyhost_run3,5165000,1779282248.846525
approach5_skyhost_run3,5166000,1779282248.924507
approach5_skyhost_run3,5167000,1779282248.926269
approach5_skyhost_run3,5168000,1779282248.928010
approach5_skyhost_run3,5169000,1779282248.943775
approach5_skyhost_run3,5170000,1779282248.945527
approach5_skyhost_run3,5171000,1779282248.947279
approach5_skyhost_run3,5172000,1779282248.949026
approach5_skyhost_run3,5173000,1779282249.033775
approach5_skyhost_run3,5174000,1779282249.035977
approach5_skyhost_run3,5175000,1779282249.038263
approach5_skyhost_run3,5176000,1779282249.040020
approach5_skyhost_run3,5177000,1779282249.041757
approach5_skyhost_run3,5178000,1779282249.043506
approach5_skyhost_run3,5179000,1779282249.054612
approach5_skyhost_run3,5180000,1779282249.056374
approach5_skyhost_run3,5181000,1779282249.140528
approach5_skyhost_run3,5182000,1779282249.142335
approach5_skyhost_run3,5183000,1779282249.144085
approach5_skyhost_run3,5184000,1779282249.152686
approach5_skyhost_run3,5185000,1779282249.154432
approach5_skyhost_run3,5186000,1779282249.242090
approach5_skyhost_run3,5187000,1779282249.243828
approach5_skyhost_run3,5188000,1779282249.245592
approach5_skyhost_run3,5189000,1779282249.256185
approach5_skyhost_run3,5190000,1779282249.257935
approach5_skyhost_run3,5191000,1779282249.338409
approach5_skyhost_run3,5192000,1779282249.356719
approach5_skyhost_run3,5193000,1779282249.358467
approach5_skyhost_run3,5194000,1779282249.360201
approach5_skyhost_run3,5195000,1779282249.361941
approach5_skyhost_run3,5196000,1779282249.462480
approach5_skyhost_run3,5197000,1779282249.464215
approach5_skyhost_run3,5198000,1779282249.465970
approach5_skyhost_run3,5199000,1779282249.491305
approach5_skyhost_run3,5200000,1779282249.493053
approach5_skyhost_run3,5201000,1779282249.594578
approach5_skyhost_run3,5202000,1779282249.596342
approach5_skyhost_run3,5203000,1779282249.598085
approach5_skyhost_run3,5204000,1779282249.613163
approach5_skyhost_run3,5205000,1779282249.614937
approach5_skyhost_run3,5206000,1779282249.700295
approach5_skyhost_run3,5207000,1779282249.702033
approach5_skyhost_run3,5208000,1779282249.703781
approach5_skyhost_run3,5209000,1779282249.716958
approach5_skyhost_run3,5210000,1779282249.718714
approach5_skyhost_run3,5211000,1779282249.800622
approach5_skyhost_run3,5212000,1779282249.802370
approach5_skyhost_run3,5213000,1779282249.804110
approach5_skyhost_run3,5214000,1779282249.812055
approach5_skyhost_run3,5215000,1779282249.813796
approach5_skyhost_run3,5216000,1779282249.858581
approach5_skyhost_run3,5217000,1779282249.860330
approach5_skyhost_run3,5218000,1779282249.862082
approach5_skyhost_run3,5219000,1779282249.867344
approach5_skyhost_run3,5220000,1779282249.869095
approach5_skyhost_run3,5221000,1779282249.968136
approach5_skyhost_run3,5222000,1779282249.969870
approach5_skyhost_run3,5223000,1779282249.971621
approach5_skyhost_run3,5224000,1779282249.981511
approach5_skyhost_run3,5225000,1779282249.983260
approach5_skyhost_run3,5226000,1779282250.063375
approach5_skyhost_run3,5227000,1779282250.065143
approach5_skyhost_run3,5228000,1779282250.066891
approach5_skyhost_run3,5229000,1779282250.075369
approach5_skyhost_run3,5230000,1779282250.077123
approach5_skyhost_run3,5231000,1779282250.167153
approach5_skyhost_run3,5232000,1779282250.168889
approach5_skyhost_run3,5233000,1779282250.170639
approach5_skyhost_run3,5234000,1779282250.179975
approach5_skyhost_run3,5235000,1779282250.181712
approach5_skyhost_run3,5236000,1779282250.269158
approach5_skyhost_run3,5237000,1779282250.270912
approach5_skyhost_run3,5238000,1779282250.272667
approach5_skyhost_run3,5239000,1779282250.282104
approach5_skyhost_run3,5240000,1779282250.283862
approach5_skyhost_run3,5241000,1779282250.371992
approach5_skyhost_run3,5242000,1779282250.373735
approach5_skyhost_run3,5243000,1779282250.375521
approach5_skyhost_run3,5244000,1779282250.385523
approach5_skyhost_run3,5245000,1779282250.387320
approach5_skyhost_run3,5246000,1779282250.456672
approach5_skyhost_run3,5247000,1779282250.458430
approach5_skyhost_run3,5248000,1779282250.460178
approach5_skyhost_run3,5249000,1779282250.474719
approach5_skyhost_run3,5250000,1779282250.476475
approach5_skyhost_run3,5251000,1779282250.478217
approach5_skyhost_run3,5252000,1779282250.479983
approach5_skyhost_run3,5253000,1779282250.566154
approach5_skyhost_run3,5254000,1779282250.567899
approach5_skyhost_run3,5255000,1779282250.569644
approach5_skyhost_run3,5256000,1779282250.578163
approach5_skyhost_run3,5257000,1779282250.579908
approach5_skyhost_run3,5258000,1779282250.581642
approach5_skyhost_run3,5259000,1779282250.591681
approach5_skyhost_run3,5260000,1779282250.593427
approach5_skyhost_run3,5261000,1779282250.683583
approach5_skyhost_run3,5262000,1779282250.685384
approach5_skyhost_run3,5263000,1779282250.687138
approach5_skyhost_run3,5264000,1779282250.698190
approach5_skyhost_run3,5265000,1779282250.699943
approach5_skyhost_run3,5266000,1779282250.784657
approach5_skyhost_run3,5267000,1779282250.786430
approach5_skyhost_run3,5268000,1779282250.788173
approach5_skyhost_run3,5269000,1779282250.797241
approach5_skyhost_run3,5270000,1779282250.798996
approach5_skyhost_run3,5271000,1779282250.988697
approach5_skyhost_run3,5272000,1779282250.990440
approach5_skyhost_run3,5273000,1779282250.992173
approach5_skyhost_run3,5274000,1779282251.000055
approach5_skyhost_run3,5275000,1779282251.001795
approach5_skyhost_run3,5276000,1779282251.091168
approach5_skyhost_run3,5277000,1779282251.092897
approach5_skyhost_run3,5278000,1779282251.094642
approach5_skyhost_run3,5279000,1779282251.146266
approach5_skyhost_run3,5280000,1779282251.148044
approach5_skyhost_run3,5281000,1779282251.194171
approach5_skyhost_run3,5282000,1779282251.195952
approach5_skyhost_run3,5283000,1779282251.197695
approach5_skyhost_run3,5284000,1779282251.209255
approach5_skyhost_run3,5285000,1779282251.211021
approach5_skyhost_run3,5286000,1779282251.238746
approach5_skyhost_run3,5287000,1779282251.240483
approach5_skyhost_run3,5288000,1779282251.242227
approach5_skyhost_run3,5289000,1779282251.256183
approach5_skyhost_run3,5290000,1779282251.257915
approach5_skyhost_run3,5291000,1779282251.259657
approach5_skyhost_run3,5292000,1779282251.261392
approach5_skyhost_run3,5293000,1779282251.340914
approach5_skyhost_run3,5294000,1779282251.342662
approach5_skyhost_run3,5295000,1779282251.344400
approach5_skyhost_run3,5296000,1779282251.397078
approach5_skyhost_run3,5297000,1779282251.398821
approach5_skyhost_run3,5298000,1779282251.400554
approach5_skyhost_run3,5299000,1779282251.409925
approach5_skyhost_run3,5300000,1779282251.411684
approach5_skyhost_run3,5301000,1779282251.499856
approach5_skyhost_run3,5302000,1779282251.501604
approach5_skyhost_run3,5303000,1779282251.503357
approach5_skyhost_run3,5304000,1779282251.514232
approach5_skyhost_run3,5305000,1779282251.516013
approach5_skyhost_run3,5306000,1779282251.545936
approach5_skyhost_run3,5307000,1779282251.547686
approach5_skyhost_run3,5308000,1779282251.549469
approach5_skyhost_run3,5309000,1779282251.565824
approach5_skyhost_run3,5310000,1779282251.567564
approach5_skyhost_run3,5311000,1779282251.569297
approach5_skyhost_run3,5312000,1779282251.571048
approach5_skyhost_run3,5313000,1779282251.655613
approach5_skyhost_run3,5314000,1779282251.657344
approach5_skyhost_run3,5315000,1779282251.659100
approach5_skyhost_run3,5316000,1779282251.705062
approach5_skyhost_run3,5317000,1779282251.706810
approach5_skyhost_run3,5318000,1779282251.708548
approach5_skyhost_run3,5319000,1779282251.718475
approach5_skyhost_run3,5320000,1779282251.720210
approach5_skyhost_run3,5321000,1779282251.821949
approach5_skyhost_run3,5322000,1779282251.823696
approach5_skyhost_run3,5323000,1779282251.825482
approach5_skyhost_run3,5324000,1779282251.851554
approach5_skyhost_run3,5325000,1779282251.853721
approach5_skyhost_run3,5326000,1779282251.856218
approach5_skyhost_run3,5327000,1779282251.857947
approach5_skyhost_run3,5328000,1779282251.859709
approach5_skyhost_run3,5329000,1779282251.922076
approach5_skyhost_run3,5330000,1779282251.923820
approach5_skyhost_run3,5331000,1779282251.925574
approach5_skyhost_run3,5332000,1779282251.927326
approach5_skyhost_run3,5333000,1779282252.011836
approach5_skyhost_run3,5334000,1779282252.013571
approach5_skyhost_run3,5335000,1779282252.015351
approach5_skyhost_run3,5336000,1779282252.026277
approach5_skyhost_run3,5337000,1779282252.028023
approach5_skyhost_run3,5338000,1779282252.029763
approach5_skyhost_run3,5339000,1779282252.040478
approach5_skyhost_run3,5340000,1779282252.042220
approach5_skyhost_run3,5341000,1779282252.116362
approach5_skyhost_run3,5342000,1779282252.118094
approach5_skyhost_run3,5343000,1779282252.119842
approach5_skyhost_run3,5344000,1779282252.129916
approach5_skyhost_run3,5345000,1779282252.131663
approach5_skyhost_run3,5346000,1779282252.219352
approach5_skyhost_run3,5347000,1779282252.221084
approach5_skyhost_run3,5348000,1779282252.222841
approach5_skyhost_run3,5349000,1779282252.275031
approach5_skyhost_run3,5350000,1779282252.276779
approach5_skyhost_run3,5351000,1779282252.362118
approach5_skyhost_run3,5352000,1779282252.363867
approach5_skyhost_run3,5353000,1779282252.365627
approach5_skyhost_run3,5354000,1779282252.375215
approach5_skyhost_run3,5355000,1779282252.376951
approach5_skyhost_run3,5356000,1779282252.434422
approach5_skyhost_run3,5357000,1779282252.436181
approach5_skyhost_run3,5358000,1779282252.437913
approach5_skyhost_run3,5359000,1779282252.468179
approach5_skyhost_run3,5360000,1779282252.469929
approach5_skyhost_run3,5361000,1779282252.572627
approach5_skyhost_run3,5362000,1779282252.574376
approach5_skyhost_run3,5363000,1779282252.576150
approach5_skyhost_run3,5364000,1779282252.586147
approach5_skyhost_run3,5365000,1779282252.587902
approach5_skyhost_run3,5366000,1779282252.676172
approach5_skyhost_run3,5367000,1779282252.677919
approach5_skyhost_run3,5368000,1779282252.679674
approach5_skyhost_run3,5369000,1779282252.688976
approach5_skyhost_run3,5370000,1779282252.690732
approach5_skyhost_run3,5371000,1779282252.732053
approach5_skyhost_run3,5372000,1779282252.733802
approach5_skyhost_run3,5373000,1779282252.735583
approach5_skyhost_run3,5374000,1779282252.745776
approach5_skyhost_run3,5375000,1779282252.747522
approach5_skyhost_run3,5376000,1779282252.836132
approach5_skyhost_run3,5377000,1779282252.837869
approach5_skyhost_run3,5378000,1779282252.839630
approach5_skyhost_run3,5379000,1779282252.847746
approach5_skyhost_run3,5380000,1779282252.849488
approach5_skyhost_run3,5381000,1779282252.938866
approach5_skyhost_run3,5382000,1779282252.940594
approach5_skyhost_run3,5383000,1779282252.942339
approach5_skyhost_run3,5384000,1779282252.950147
approach5_skyhost_run3,5385000,1779282252.951923
approach5_skyhost_run3,5386000,1779282253.042840
approach5_skyhost_run3,5387000,1779282253.044569
approach5_skyhost_run3,5388000,1779282253.046380
approach5_skyhost_run3,5389000,1779282253.053673
approach5_skyhost_run3,5390000,1779282253.055450
approach5_skyhost_run3,5391000,1779282253.143757
approach5_skyhost_run3,5392000,1779282253.145506
approach5_skyhost_run3,5393000,1779282253.147253
approach5_skyhost_run3,5394000,1779282253.155874
approach5_skyhost_run3,5395000,1779282253.157610
approach5_skyhost_run3,5396000,1779282253.187347
approach5_skyhost_run3,5397000,1779282253.189085
approach5_skyhost_run3,5398000,1779282253.190838
approach5_skyhost_run3,5399000,1779282253.205513
approach5_skyhost_run3,5400000,1779282253.207286
approach5_skyhost_run3,5401000,1779282253.209009
approach5_skyhost_run3,5402000,1779282253.210752
approach5_skyhost_run3,5403000,1779282253.288669
approach5_skyhost_run3,5404000,1779282253.290504
approach5_skyhost_run3,5405000,1779282253.292595
approach5_skyhost_run3,5406000,1779282253.294605
approach5_skyhost_run3,5407000,1779282253.296762
approach5_skyhost_run3,5408000,1779282253.298533
approach5_skyhost_run3,5409000,1779282253.307931
approach5_skyhost_run3,5410000,1779282253.309668
approach5_skyhost_run3,5411000,1779282253.311422
approach5_skyhost_run3,5412000,1779282253.313168
approach5_skyhost_run3,5413000,1779282253.394469
approach5_skyhost_run3,5414000,1779282253.396222
approach5_skyhost_run3,5415000,1779282253.397953
approach5_skyhost_run3,5416000,1779282253.453669
approach5_skyhost_run3,5417000,1779282253.455433
approach5_skyhost_run3,5418000,1779282253.457173
approach5_skyhost_run3,5419000,1779282253.464595
approach5_skyhost_run3,5420000,1779282253.466360
approach5_skyhost_run3,5421000,1779282253.557145
approach5_skyhost_run3,5422000,1779282253.558895
approach5_skyhost_run3,5423000,1779282253.560629
approach5_skyhost_run3,5424000,1779282253.569024
approach5_skyhost_run3,5425000,1779282253.570778
approach5_skyhost_run3,5426000,1779282253.658151
approach5_skyhost_run3,5427000,1779282253.659911
approach5_skyhost_run3,5428000,1779282253.661648
approach5_skyhost_run3,5429000,1779282253.671006
approach5_skyhost_run3,5430000,1779282253.672743
approach5_skyhost_run3,5431000,1779282253.759583
approach5_skyhost_run3,5432000,1779282253.761317
approach5_skyhost_run3,5433000,1779282253.763069
approach5_skyhost_run3,5434000,1779282253.774539
approach5_skyhost_run3,5435000,1779282253.776327
approach5_skyhost_run3,5436000,1779282253.861202
approach5_skyhost_run3,5437000,1779282253.862954
approach5_skyhost_run3,5438000,1779282253.864689
approach5_skyhost_run3,5439000,1779282253.876566
approach5_skyhost_run3,5440000,1779282253.878332
approach5_skyhost_run3,5441000,1779282253.965265
approach5_skyhost_run3,5442000,1779282253.967033
approach5_skyhost_run3,5443000,1779282253.968772
approach5_skyhost_run3,5444000,1779282253.977933
approach5_skyhost_run3,5445000,1779282253.979675
approach5_skyhost_run3,5446000,1779282254.068436
approach5_skyhost_run3,5447000,1779282254.070167
approach5_skyhost_run3,5448000,1779282254.071913
approach5_skyhost_run3,5449000,1779282254.081075
approach5_skyhost_run3,5450000,1779282254.082834
approach5_skyhost_run3,5451000,1779282254.170427
approach5_skyhost_run3,5452000,1779282254.172168
approach5_skyhost_run3,5453000,1779282254.173914
approach5_skyhost_run3,5454000,1779282254.182979
approach5_skyhost_run3,5455000,1779282254.184716
approach5_skyhost_run3,5456000,1779282254.271790
approach5_skyhost_run3,5457000,1779282254.273523
approach5_skyhost_run3,5458000,1779282254.275295
approach5_skyhost_run3,5459000,1779282254.285718
approach5_skyhost_run3,5460000,1779282254.287474
approach5_skyhost_run3,5461000,1779282254.376741
approach5_skyhost_run3,5462000,1779282254.378523
approach5_skyhost_run3,5463000,1779282254.380360
approach5_skyhost_run3,5464000,1779282254.387986
approach5_skyhost_run3,5465000,1779282254.389731
approach5_skyhost_run3,5466000,1779282254.421920
approach5_skyhost_run3,5467000,1779282254.423681
approach5_skyhost_run3,5468000,1779282254.425456
approach5_skyhost_run3,5469000,1779282254.439364
approach5_skyhost_run3,5470000,1779282254.441110
approach5_skyhost_run3,5471000,1779282254.442871
approach5_skyhost_run3,5472000,1779282254.444624
approach5_skyhost_run3,5473000,1779282254.526488
approach5_skyhost_run3,5474000,1779282254.528227
approach5_skyhost_run3,5475000,1779282254.530001
approach5_skyhost_run3,5476000,1779282254.627416
approach5_skyhost_run3,5477000,1779282254.629146
approach5_skyhost_run3,5478000,1779282254.630892
approach5_skyhost_run3,5479000,1779282254.641117
approach5_skyhost_run3,5480000,1779282254.642867
approach5_skyhost_run3,5481000,1779282254.726395
approach5_skyhost_run3,5482000,1779282254.728123
approach5_skyhost_run3,5483000,1779282254.740361
approach5_skyhost_run3,5484000,1779282254.742107
approach5_skyhost_run3,5485000,1779282254.743853
approach5_skyhost_run3,5486000,1779282254.778561
approach5_skyhost_run3,5487000,1779282254.780284
approach5_skyhost_run3,5488000,1779282254.782020
approach5_skyhost_run3,5489000,1779282254.797625
approach5_skyhost_run3,5490000,1779282254.799381
approach5_skyhost_run3,5491000,1779282254.801115
approach5_skyhost_run3,5492000,1779282254.802867
approach5_skyhost_run3,5493000,1779282254.832096
approach5_skyhost_run3,5494000,1779282254.833823
approach5_skyhost_run3,5495000,1779282254.835680
approach5_skyhost_run3,5496000,1779282254.837586
approach5_skyhost_run3,5497000,1779282254.850831
approach5_skyhost_run3,5498000,1779282254.852580
approach5_skyhost_run3,5499000,1779282254.854403
approach5_skyhost_run3,5500000,1779282254.856519
approach5_skyhost_run3,5501000,1779282254.888188
approach5_skyhost_run3,5502000,1779282254.889914
approach5_skyhost_run3,5503000,1779282254.937777
approach5_skyhost_run3,5504000,1779282254.939530
approach5_skyhost_run3,5505000,1779282254.941251
approach5_skyhost_run3,5506000,1779282254.993496
approach5_skyhost_run3,5507000,1779282254.995281
approach5_skyhost_run3,5508000,1779282254.997019
approach5_skyhost_run3,5509000,1779282255.006827
approach5_skyhost_run3,5510000,1779282255.008565
approach5_skyhost_run3,5511000,1779282255.096309
approach5_skyhost_run3,5512000,1779282255.098047
approach5_skyhost_run3,5513000,1779282255.099787
approach5_skyhost_run3,5514000,1779282255.108842
approach5_skyhost_run3,5515000,1779282255.110585
approach5_skyhost_run3,5516000,1779282255.144186
approach5_skyhost_run3,5517000,1779282255.145952
approach5_skyhost_run3,5518000,1779282255.147708
approach5_skyhost_run3,5519000,1779282255.163371
approach5_skyhost_run3,5520000,1779282255.165141
approach5_skyhost_run3,5521000,1779282255.166881
approach5_skyhost_run3,5522000,1779282255.168605
approach5_skyhost_run3,5523000,1779282255.253157
approach5_skyhost_run3,5524000,1779282255.254933
approach5_skyhost_run3,5525000,1779282255.256668
approach5_skyhost_run3,5526000,1779282255.315574
approach5_skyhost_run3,5527000,1779282255.317311
approach5_skyhost_run3,5528000,1779282255.319062
approach5_skyhost_run3,5529000,1779282255.347962
approach5_skyhost_run3,5530000,1779282255.349693
approach5_skyhost_run3,5531000,1779282255.405038
approach5_skyhost_run3,5532000,1779282255.406783
approach5_skyhost_run3,5533000,1779282255.408521
approach5_skyhost_run3,5534000,1779282255.420988
approach5_skyhost_run3,5535000,1779282255.422752
approach5_skyhost_run3,5536000,1779282255.557692
approach5_skyhost_run3,5537000,1779282255.559455
approach5_skyhost_run3,5538000,1779282255.561204
approach5_skyhost_run3,5539000,1779282255.573865
approach5_skyhost_run3,5540000,1779282255.575648
approach5_skyhost_run3,5541000,1779282255.610531
approach5_skyhost_run3,5542000,1779282255.612263
approach5_skyhost_run3,5543000,1779282255.613995
approach5_skyhost_run3,5544000,1779282255.626937
approach5_skyhost_run3,5545000,1779282255.628682
approach5_skyhost_run3,5546000,1779282255.760537
approach5_skyhost_run3,5547000,1779282255.762259
approach5_skyhost_run3,5548000,1779282255.764000
approach5_skyhost_run3,5549000,1779282255.774092
approach5_skyhost_run3,5550000,1779282255.775865
approach5_skyhost_run3,5551000,1779282255.814390
approach5_skyhost_run3,5552000,1779282255.816265
approach5_skyhost_run3,5553000,1779282255.818023
approach5_skyhost_run3,5554000,1779282255.838652
approach5_skyhost_run3,5555000,1779282255.840388
approach5_skyhost_run3,5556000,1779282255.866181
approach5_skyhost_run3,5557000,1779282255.867920
approach5_skyhost_run3,5558000,1779282255.869659
approach5_skyhost_run3,5559000,1779282255.901119
approach5_skyhost_run3,5560000,1779282255.902907
approach5_skyhost_run3,5561000,1779282255.904657
approach5_skyhost_run3,5562000,1779282255.906427
approach5_skyhost_run3,5563000,1779282255.964519
approach5_skyhost_run3,5564000,1779282255.966274
approach5_skyhost_run3,5565000,1779282255.968023
approach5_skyhost_run3,5566000,1779282255.969766
approach5_skyhost_run3,5567000,1779282255.987273
approach5_skyhost_run3,5568000,1779282255.989529
approach5_skyhost_run3,5569000,1779282255.991277
approach5_skyhost_run3,5570000,1779282255.993013
approach5_skyhost_run3,5571000,1779282255.994759
approach5_skyhost_run3,5572000,1779282255.996522
approach5_skyhost_run3,5573000,1779282256.077407
approach5_skyhost_run3,5574000,1779282256.079149
approach5_skyhost_run3,5575000,1779282256.080870
approach5_skyhost_run3,5576000,1779282256.125716
approach5_skyhost_run3,5577000,1779282256.127482
approach5_skyhost_run3,5578000,1779282256.129216
approach5_skyhost_run3,5579000,1779282256.137625
approach5_skyhost_run3,5580000,1779282256.139382
approach5_skyhost_run3,5581000,1779282256.228080
approach5_skyhost_run3,5582000,1779282256.229821
approach5_skyhost_run3,5583000,1779282256.231574
approach5_skyhost_run3,5584000,1779282256.242484
approach5_skyhost_run3,5585000,1779282256.244223
approach5_skyhost_run3,5586000,1779282256.372318
approach5_skyhost_run3,5587000,1779282256.374062
approach5_skyhost_run3,5588000,1779282256.375854
approach5_skyhost_run3,5589000,1779282256.386347
approach5_skyhost_run3,5590000,1779282256.388094
approach5_skyhost_run3,5591000,1779282256.430916
approach5_skyhost_run3,5592000,1779282256.432652
approach5_skyhost_run3,5593000,1779282256.434402
approach5_skyhost_run3,5594000,1779282256.444160
approach5_skyhost_run3,5595000,1779282256.445950
approach5_skyhost_run3,5596000,1779282256.581772
approach5_skyhost_run3,5597000,1779282256.583528
approach5_skyhost_run3,5598000,1779282256.585310
approach5_skyhost_run3,5599000,1779282256.599403
approach5_skyhost_run3,5600000,1779282256.601157
approach5_skyhost_run3,5601000,1779282256.637323
approach5_skyhost_run3,5602000,1779282256.639076
approach5_skyhost_run3,5603000,1779282256.640824
approach5_skyhost_run3,5604000,1779282256.650048
approach5_skyhost_run3,5605000,1779282256.651806
approach5_skyhost_run3,5606000,1779282256.741670
approach5_skyhost_run3,5607000,1779282256.743447
approach5_skyhost_run3,5608000,1779282256.745229
approach5_skyhost_run3,5609000,1779282256.755816
approach5_skyhost_run3,5610000,1779282256.757555
approach5_skyhost_run3,5611000,1779282256.842909
approach5_skyhost_run3,5612000,1779282256.844639
approach5_skyhost_run3,5613000,1779282256.846419
approach5_skyhost_run3,5614000,1779282256.855998
approach5_skyhost_run3,5615000,1779282256.857752
approach5_skyhost_run3,5616000,1779282256.949131
approach5_skyhost_run3,5617000,1779282256.950883
approach5_skyhost_run3,5618000,1779282256.952629
approach5_skyhost_run3,5619000,1779282256.969377
approach5_skyhost_run3,5620000,1779282256.971120
approach5_skyhost_run3,5621000,1779282256.972862
approach5_skyhost_run3,5622000,1779282256.974625
approach5_skyhost_run3,5623000,1779282257.059727
approach5_skyhost_run3,5624000,1779282257.061487
approach5_skyhost_run3,5625000,1779282257.063265
approach5_skyhost_run3,5626000,1779282257.127623
approach5_skyhost_run3,5627000,1779282257.129360
approach5_skyhost_run3,5628000,1779282257.131116
approach5_skyhost_run3,5629000,1779282257.142503
approach5_skyhost_run3,5630000,1779282257.144243
approach5_skyhost_run3,5631000,1779282257.146013
approach5_skyhost_run3,5632000,1779282257.147765
approach5_skyhost_run3,5633000,1779282257.157685
approach5_skyhost_run3,5634000,1779282257.164446
approach5_skyhost_run3,5635000,1779282257.166204
approach5_skyhost_run3,5636000,1779282257.167957
approach5_skyhost_run3,5637000,1779282257.169709
approach5_skyhost_run3,5638000,1779282257.254308
approach5_skyhost_run3,5639000,1779282257.256085
approach5_skyhost_run3,5640000,1779282257.257881
approach5_skyhost_run3,5641000,1779282257.294863
approach5_skyhost_run3,5642000,1779282257.296602
approach5_skyhost_run3,5643000,1779282257.298363
approach5_skyhost_run3,5644000,1779282257.316311
approach5_skyhost_run3,5645000,1779282257.318050
approach5_skyhost_run3,5646000,1779282257.319804
approach5_skyhost_run3,5647000,1779282257.321559
approach5_skyhost_run3,5648000,1779282257.356072
approach5_skyhost_run3,5649000,1779282257.357798
approach5_skyhost_run3,5650000,1779282257.359540
approach5_skyhost_run3,5651000,1779282257.361282
approach5_skyhost_run3,5652000,1779282257.371746
approach5_skyhost_run3,5653000,1779282257.406087
approach5_skyhost_run3,5654000,1779282257.407823
approach5_skyhost_run3,5655000,1779282257.409559
approach5_skyhost_run3,5656000,1779282257.459203
approach5_skyhost_run3,5657000,1779282257.460938
approach5_skyhost_run3,5658000,1779282257.462688
approach5_skyhost_run3,5659000,1779282257.472500
approach5_skyhost_run3,5660000,1779282257.474255
approach5_skyhost_run3,5661000,1779282257.561081
approach5_skyhost_run3,5662000,1779282257.562847
approach5_skyhost_run3,5663000,1779282257.564604
approach5_skyhost_run3,5664000,1779282257.572958
approach5_skyhost_run3,5665000,1779282257.574714
approach5_skyhost_run3,5666000,1779282257.664790
approach5_skyhost_run3,5667000,1779282257.666570
approach5_skyhost_run3,5668000,1779282257.668316
approach5_skyhost_run3,5669000,1779282257.679127
approach5_skyhost_run3,5670000,1779282257.680875
approach5_skyhost_run3,5671000,1779282257.779460
approach5_skyhost_run3,5672000,1779282257.781193
approach5_skyhost_run3,5673000,1779282257.782941
approach5_skyhost_run3,5674000,1779282257.810942
approach5_skyhost_run3,5675000,1779282257.812927
approach5_skyhost_run3,5676000,1779282257.814681
approach5_skyhost_run3,5677000,1779282257.816461
approach5_skyhost_run3,5678000,1779282257.818215
approach5_skyhost_run3,5679000,1779282257.831601
approach5_skyhost_run3,5680000,1779282257.833342
approach5_skyhost_run3,5681000,1779282257.835121
approach5_skyhost_run3,5682000,1779282257.836891
approach5_skyhost_run3,5683000,1779282257.916155
approach5_skyhost_run3,5684000,1779282257.917897
approach5_skyhost_run3,5685000,1779282257.919662
approach5_skyhost_run3,5686000,1779282257.975271
approach5_skyhost_run3,5687000,1779282257.977022
approach5_skyhost_run3,5688000,1779282257.978779
approach5_skyhost_run3,5689000,1779282257.987160
approach5_skyhost_run3,5690000,1779282257.988897
approach5_skyhost_run3,5691000,1779282258.077220
approach5_skyhost_run3,5692000,1779282258.078967
approach5_skyhost_run3,5693000,1779282258.080709
approach5_skyhost_run3,5694000,1779282258.096285
approach5_skyhost_run3,5695000,1779282258.098018
approach5_skyhost_run3,5696000,1779282258.099764
approach5_skyhost_run3,5697000,1779282258.101502
approach5_skyhost_run3,5698000,1779282258.175172
approach5_skyhost_run3,5699000,1779282258.176899
approach5_skyhost_run3,5700000,1779282258.178642
approach5_skyhost_run3,5701000,1779282258.180378
approach5_skyhost_run3,5702000,1779282258.186844
approach5_skyhost_run3,5703000,1779282258.188617
approach5_skyhost_run3,5704000,1779282258.193007
approach5_skyhost_run3,5705000,1779282258.194761
approach5_skyhost_run3,5706000,1779282258.283142
approach5_skyhost_run3,5707000,1779282258.284908
approach5_skyhost_run3,5708000,1779282258.286659
approach5_skyhost_run3,5709000,1779282258.294517
approach5_skyhost_run3,5710000,1779282258.296286
approach5_skyhost_run3,5711000,1779282258.385558
approach5_skyhost_run3,5712000,1779282258.387299
approach5_skyhost_run3,5713000,1779282258.389033
approach5_skyhost_run3,5714000,1779282258.398055
approach5_skyhost_run3,5715000,1779282258.399799
approach5_skyhost_run3,5716000,1779282258.486154
approach5_skyhost_run3,5717000,1779282258.487897
approach5_skyhost_run3,5718000,1779282258.489635
approach5_skyhost_run3,5719000,1779282258.499724
approach5_skyhost_run3,5720000,1779282258.501462
approach5_skyhost_run3,5721000,1779282258.589001
approach5_skyhost_run3,5722000,1779282258.590739
approach5_skyhost_run3,5723000,1779282258.592506
approach5_skyhost_run3,5724000,1779282258.601338
approach5_skyhost_run3,5725000,1779282258.603102
approach5_skyhost_run3,5726000,1779282258.690211
approach5_skyhost_run3,5727000,1779282258.691962
approach5_skyhost_run3,5728000,1779282258.693704
approach5_skyhost_run3,5729000,1779282258.749943
approach5_skyhost_run3,5730000,1779282258.751700
approach5_skyhost_run3,5731000,1779282258.794081
approach5_skyhost_run3,5732000,1779282258.795866
approach5_skyhost_run3,5733000,1779282258.797614
approach5_skyhost_run3,5734000,1779282258.806689
approach5_skyhost_run3,5735000,1779282258.808424
approach5_skyhost_run3,5736000,1779282258.897334
approach5_skyhost_run3,5737000,1779282258.899088
approach5_skyhost_run3,5738000,1779282258.900836
approach5_skyhost_run3,5739000,1779282258.908593
approach5_skyhost_run3,5740000,1779282258.910346
approach5_skyhost_run3,5741000,1779282258.999931
approach5_skyhost_run3,5742000,1779282259.001692
approach5_skyhost_run3,5743000,1779282259.003454
approach5_skyhost_run3,5744000,1779282259.011270
approach5_skyhost_run3,5745000,1779282259.013014
approach5_skyhost_run3,5746000,1779282259.100875
approach5_skyhost_run3,5747000,1779282259.102624
approach5_skyhost_run3,5748000,1779282259.104369
approach5_skyhost_run3,5749000,1779282259.112535
approach5_skyhost_run3,5750000,1779282259.114290
approach5_skyhost_run3,5751000,1779282259.204848
approach5_skyhost_run3,5752000,1779282259.206605
approach5_skyhost_run3,5753000,1779282259.208344
approach5_skyhost_run3,5754000,1779282259.216724
approach5_skyhost_run3,5755000,1779282259.218477
approach5_skyhost_run3,5756000,1779282259.319896
approach5_skyhost_run3,5757000,1779282259.321645
approach5_skyhost_run3,5758000,1779282259.323403
approach5_skyhost_run3,5759000,1779282259.348789
approach5_skyhost_run3,5760000,1779282259.350565
approach5_skyhost_run3,5761000,1779282259.399459
approach5_skyhost_run3,5762000,1779282259.401196
approach5_skyhost_run3,5763000,1779282259.402983
approach5_skyhost_run3,5764000,1779282259.416390
approach5_skyhost_run3,5765000,1779282259.418116
approach5_skyhost_run3,5766000,1779282259.419888
approach5_skyhost_run3,5767000,1779282259.421628
approach5_skyhost_run3,5768000,1779282259.501466
approach5_skyhost_run3,5769000,1779282259.503242
approach5_skyhost_run3,5770000,1779282259.505314
approach5_skyhost_run3,5771000,1779282259.507922
approach5_skyhost_run3,5772000,1779282259.509656
approach5_skyhost_run3,5773000,1779282259.511402
approach5_skyhost_run3,5774000,1779282259.560902
approach5_skyhost_run3,5775000,1779282260.086094
approach5_skyhost_run3,5776000,1779282260.087851
approach5_skyhost_run3,5777000,1779282260.089597
approach5_skyhost_run3,5778000,1779282260.091383
approach5_skyhost_run3,5779000,1779282260.102884
approach5_skyhost_run3,5780000,1779282260.189887
approach5_skyhost_run3,5781000,1779282260.191667
approach5_skyhost_run3,5782000,1779282260.193409
approach5_skyhost_run3,5783000,1779282260.195203
approach5_skyhost_run3,5784000,1779282260.204187
approach5_skyhost_run3,5785000,1779282260.240184
approach5_skyhost_run3,5786000,1779282260.241915
approach5_skyhost_run3,5787000,1779282260.243687
approach5_skyhost_run3,5788000,1779282260.245454
approach5_skyhost_run3,5789000,1779282260.259553
approach5_skyhost_run3,5790000,1779282260.261294
approach5_skyhost_run3,5791000,1779282260.263048
approach5_skyhost_run3,5792000,1779282260.264800
approach5_skyhost_run3,5793000,1779282260.346876
approach5_skyhost_run3,5794000,1779282260.348622
approach5_skyhost_run3,5795000,1779282260.443853
approach5_skyhost_run3,5796000,1779282260.445604
approach5_skyhost_run3,5797000,1779282260.447348
approach5_skyhost_run3,5798000,1779282260.449083
approach5_skyhost_run3,5799000,1779282260.458089
approach5_skyhost_run3,5800000,1779282260.499545
approach5_skyhost_run3,5801000,1779282260.501280
approach5_skyhost_run3,5802000,1779282260.503036
approach5_skyhost_run3,5803000,1779282260.504791
approach5_skyhost_run3,5804000,1779282260.514016
approach5_skyhost_run3,5805000,1779282260.601692
approach5_skyhost_run3,5806000,1779282260.603450
approach5_skyhost_run3,5807000,1779282260.605223
approach5_skyhost_run3,5808000,1779282260.606976
approach5_skyhost_run3,5809000,1779282260.619010
approach5_skyhost_run3,5810000,1779282260.705132
approach5_skyhost_run3,5811000,1779282260.706878
approach5_skyhost_run3,5812000,1779282260.708657
approach5_skyhost_run3,5813000,1779282260.710429
approach5_skyhost_run3,5814000,1779282260.723608
approach5_skyhost_run3,5815000,1779282260.806835
approach5_skyhost_run3,5816000,1779282260.808564
approach5_skyhost_run3,5817000,1779282260.810302
approach5_skyhost_run3,5818000,1779282260.812063
approach5_skyhost_run3,5819000,1779282260.827547
approach5_skyhost_run3,5820000,1779282260.829291
approach5_skyhost_run3,5821000,1779282260.831074
approach5_skyhost_run3,5822000,1779282260.832815
approach5_skyhost_run3,5823000,1779282260.912654
approach5_skyhost_run3,5824000,1779282260.914415
approach5_skyhost_run3,5825000,1779282260.960434
approach5_skyhost_run3,5826000,1779282260.962166
approach5_skyhost_run3,5827000,1779282260.963915
approach5_skyhost_run3,5828000,1779282260.965675
approach5_skyhost_run3,5829000,1779282260.976388
approach5_skyhost_run3,5830000,1779282261.013143
approach5_skyhost_run3,5831000,1779282261.014919
approach5_skyhost_run3,5832000,1779282261.016668
approach5_skyhost_run3,5833000,1779282261.018435
approach5_skyhost_run3,5834000,1779282261.030803
approach5_skyhost_run3,5835000,1779282261.119183
approach5_skyhost_run3,5836000,1779282261.120918
approach5_skyhost_run3,5837000,1779282261.122664
approach5_skyhost_run3,5838000,1779282261.124401
approach5_skyhost_run3,5839000,1779282261.135141
approach5_skyhost_run3,5840000,1779282261.219121
approach5_skyhost_run3,5841000,1779282261.220858
approach5_skyhost_run3,5842000,1779282261.222614
approach5_skyhost_run3,5843000,1779282261.224370
approach5_skyhost_run3,5844000,1779282261.234929
approach5_skyhost_run3,5845000,1779282261.321786
approach5_skyhost_run3,5846000,1779282261.323538
approach5_skyhost_run3,5847000,1779282261.325305
approach5_skyhost_run3,5848000,1779282261.327064
approach5_skyhost_run3,5849000,1779282261.339245
approach5_skyhost_run3,5850000,1779282261.426126
approach5_skyhost_run3,5851000,1779282261.427883
approach5_skyhost_run3,5852000,1779282261.429636
approach5_skyhost_run3,5853000,1779282261.431392
approach5_skyhost_run3,5854000,1779282261.441226
approach5_skyhost_run3,5855000,1779282261.473585
approach5_skyhost_run3,5856000,1779282261.475362
approach5_skyhost_run3,5857000,1779282261.477113
approach5_skyhost_run3,5858000,1779282261.478879
approach5_skyhost_run3,5859000,1779282261.495408
approach5_skyhost_run3,5860000,1779282261.497159
approach5_skyhost_run3,5861000,1779282261.498914
approach5_skyhost_run3,5862000,1779282261.500659
approach5_skyhost_run3,5863000,1779282261.586093
approach5_skyhost_run3,5864000,1779282261.587857
approach5_skyhost_run3,5865000,1779282261.632058
approach5_skyhost_run3,5866000,1779282261.633801
approach5_skyhost_run3,5867000,1779282261.635587
approach5_skyhost_run3,5868000,1779282261.637349
approach5_skyhost_run3,5869000,1779282261.695669
approach5_skyhost_run3,5870000,1779282261.730937
approach5_skyhost_run3,5871000,1779282261.732687
approach5_skyhost_run3,5872000,1779282261.734455
approach5_skyhost_run3,5873000,1779282261.736233
approach5_skyhost_run3,5874000,1779282261.747051
approach5_skyhost_run3,5875000,1779282261.778462
approach5_skyhost_run3,5876000,1779282261.780222
approach5_skyhost_run3,5877000,1779282261.781970
approach5_skyhost_run3,5878000,1779282261.783739
approach5_skyhost_run3,5879000,1779282261.798961
approach5_skyhost_run3,5880000,1779282261.800700
approach5_skyhost_run3,5881000,1779282261.802464
approach5_skyhost_run3,5882000,1779282261.804224
approach5_skyhost_run3,5883000,1779282261.889916
approach5_skyhost_run3,5884000,1779282261.891679
approach5_skyhost_run3,5885000,1779282261.943624
approach5_skyhost_run3,5886000,1779282261.945386
approach5_skyhost_run3,5887000,1779282261.947142
approach5_skyhost_run3,5888000,1779282261.948887
approach5_skyhost_run3,5889000,1779282261.956474
approach5_skyhost_run3,5890000,1779282262.088147
approach5_skyhost_run3,5891000,1779282262.091619
approach5_skyhost_run3,5892000,1779282262.093383
approach5_skyhost_run3,5893000,1779282262.095151
approach5_skyhost_run3,5894000,1779282262.096881
approach5_skyhost_run3,5895000,1779282262.098649
approach5_skyhost_run3,5896000,1779282262.100416
approach5_skyhost_run3,5897000,1779282262.102474
approach5_skyhost_run3,5898000,1779282262.104233
approach5_skyhost_run3,5899000,1779282262.108475
approach5_skyhost_run3,5900000,1779282262.110211
approach5_skyhost_run3,5901000,1779282262.111968
approach5_skyhost_run3,5902000,1779282262.113720
approach5_skyhost_run3,5903000,1779282262.199050
approach5_skyhost_run3,5904000,1779282262.200795
approach5_skyhost_run3,5905000,1779282262.244283
approach5_skyhost_run3,5906000,1779282262.246057
approach5_skyhost_run3,5907000,1779282262.247806
approach5_skyhost_run3,5908000,1779282262.249547
approach5_skyhost_run3,5909000,1779282262.260594
approach5_skyhost_run3,5910000,1779282262.360635
approach5_skyhost_run3,5911000,1779282262.362408
approach5_skyhost_run3,5912000,1779282262.364157
approach5_skyhost_run3,5913000,1779282262.365934
approach5_skyhost_run3,5914000,1779282262.385553
approach5_skyhost_run3,5915000,1779282262.450029
approach5_skyhost_run3,5916000,1779282262.451777
approach5_skyhost_run3,5917000,1779282262.453515
approach5_skyhost_run3,5918000,1779282262.455295
approach5_skyhost_run3,5919000,1779282262.465457
approach5_skyhost_run3,5920000,1779282262.553037
approach5_skyhost_run3,5921000,1779282262.554767
approach5_skyhost_run3,5922000,1779282262.556528
approach5_skyhost_run3,5923000,1779282262.558297
approach5_skyhost_run3,5924000,1779282262.567271
approach5_skyhost_run3,5925000,1779282262.658432
approach5_skyhost_run3,5926000,1779282262.660171
approach5_skyhost_run3,5927000,1779282262.661926
approach5_skyhost_run3,5928000,1779282262.663697
approach5_skyhost_run3,5929000,1779282262.671736
approach5_skyhost_run3,5930000,1779282262.757989
approach5_skyhost_run3,5931000,1779282262.759751
approach5_skyhost_run3,5932000,1779282262.761483
approach5_skyhost_run3,5933000,1779282262.763248
approach5_skyhost_run3,5934000,1779282262.774127
approach5_skyhost_run3,5935000,1779282262.872262
approach5_skyhost_run3,5936000,1779282262.874001
approach5_skyhost_run3,5937000,1779282262.875781
approach5_skyhost_run3,5938000,1779282262.877571
approach5_skyhost_run3,5939000,1779282262.908063
approach5_skyhost_run3,5940000,1779282263.022648
approach5_skyhost_run3,5941000,1779282263.024388
approach5_skyhost_run3,5942000,1779282263.026152
approach5_skyhost_run3,5943000,1779282263.027903
approach5_skyhost_run3,5944000,1779282263.038053
approach5_skyhost_run3,5945000,1779282263.075225
approach5_skyhost_run3,5946000,1779282263.076962
approach5_skyhost_run3,5947000,1779282263.078714
approach5_skyhost_run3,5948000,1779282263.080458
approach5_skyhost_run3,5949000,1779282263.095124
approach5_skyhost_run3,5950000,1779282263.176873
approach5_skyhost_run3,5951000,1779282263.178616
approach5_skyhost_run3,5952000,1779282263.180348
approach5_skyhost_run3,5953000,1779282263.182099
approach5_skyhost_run3,5954000,1779282263.214046
approach5_skyhost_run3,5955000,1779282263.278600
approach5_skyhost_run3,5956000,1779282263.280336
approach5_skyhost_run3,5957000,1779282263.282075
approach5_skyhost_run3,5958000,1779282263.283832
approach5_skyhost_run3,5959000,1779282263.300963
approach5_skyhost_run3,5960000,1779282263.302711
approach5_skyhost_run3,5961000,1779282263.304451
approach5_skyhost_run3,5962000,1779282263.306218
approach5_skyhost_run3,5963000,1779282263.389489
approach5_skyhost_run3,5964000,1779282263.391246
approach5_skyhost_run3,5965000,1779282263.420425
approach5_skyhost_run3,5966000,1779282263.422163
approach5_skyhost_run3,5967000,1779282263.423918
approach5_skyhost_run3,5968000,1779282263.425689
approach5_skyhost_run3,5969000,1779282263.435153
approach5_skyhost_run3,5970000,1779282263.471726
approach5_skyhost_run3,5971000,1779282263.473459
approach5_skyhost_run3,5972000,1779282263.475223
approach5_skyhost_run3,5973000,1779282263.476980
approach5_skyhost_run3,5974000,1779282263.487878
approach5_skyhost_run3,5975000,1779282263.576125
approach5_skyhost_run3,5976000,1779282263.577865
approach5_skyhost_run3,5977000,1779282263.579621
approach5_skyhost_run3,5978000,1779282263.581372
approach5_skyhost_run3,5979000,1779282263.593522
approach5_skyhost_run3,5980000,1779282263.676973
approach5_skyhost_run3,5981000,1779282263.678720
approach5_skyhost_run3,5982000,1779282263.680463
approach5_skyhost_run3,5983000,1779282263.682209
approach5_skyhost_run3,5984000,1779282263.692559
approach5_skyhost_run3,5985000,1779282263.780285
approach5_skyhost_run3,5986000,1779282263.782015
approach5_skyhost_run3,5987000,1779282263.783767
approach5_skyhost_run3,5988000,1779282263.785537
approach5_skyhost_run3,5989000,1779282263.794840
approach5_skyhost_run3,5990000,1779282263.882310
approach5_skyhost_run3,5991000,1779282263.884037
approach5_skyhost_run3,5992000,1779282263.885802
approach5_skyhost_run3,5993000,1779282263.887567
approach5_skyhost_run3,5994000,1779282263.945618
approach5_skyhost_run3,5995000,1779282263.998952
approach5_skyhost_run3,5996000,1779282264.000688
approach5_skyhost_run3,5997000,1779282264.002440
approach5_skyhost_run3,5998000,1779282264.004187
approach5_skyhost_run3,5999000,1779282264.033224
approach5_skyhost_run3,6000000,1779282264.088260
approach5_skyhost_run3,6001000,1779282264.090054
approach5_skyhost_run3,6002000,1779282264.091817
approach5_skyhost_run3,6003000,1779282264.093560
approach5_skyhost_run3,6004000,1779282264.104143
approach5_skyhost_run3,6005000,1779282264.192169
approach5_skyhost_run3,6006000,1779282264.193903
approach5_skyhost_run3,6007000,1779282264.195677
approach5_skyhost_run3,6008000,1779282264.197422
approach5_skyhost_run3,6009000,1779282264.207031
approach5_skyhost_run3,6010000,1779282264.295659
approach5_skyhost_run3,6011000,1779282264.297400
approach5_skyhost_run3,6012000,1779282264.299145
approach5_skyhost_run3,6013000,1779282264.300882
approach5_skyhost_run3,6014000,1779282264.310214
approach5_skyhost_run3,6015000,1779282264.342346
approach5_skyhost_run3,6016000,1779282264.344086
approach5_skyhost_run3,6017000,1779282264.345848
approach5_skyhost_run3,6018000,1779282264.347646
approach5_skyhost_run3,6019000,1779282264.361713
approach5_skyhost_run3,6020000,1779282264.363459
approach5_skyhost_run3,6021000,1779282264.365226
approach5_skyhost_run3,6022000,1779282264.366995
approach5_skyhost_run3,6023000,1779282264.446822
approach5_skyhost_run3,6024000,1779282264.448559
approach5_skyhost_run3,6025000,1779282264.504839
approach5_skyhost_run3,6026000,1779282264.506601
approach5_skyhost_run3,6027000,1779282264.508343
approach5_skyhost_run3,6028000,1779282264.510084
approach5_skyhost_run3,6029000,1779282264.563060
approach5_skyhost_run3,6030000,1779282264.605417
approach5_skyhost_run3,6031000,1779282264.607162
approach5_skyhost_run3,6032000,1779282264.608886
approach5_skyhost_run3,6033000,1779282264.610631
approach5_skyhost_run3,6034000,1779282264.621619
approach5_skyhost_run3,6035000,1779282264.705346
approach5_skyhost_run3,6036000,1779282264.707092
approach5_skyhost_run3,6037000,1779282264.708830
approach5_skyhost_run3,6038000,1779282264.710587
approach5_skyhost_run3,6039000,1779282264.720081
approach5_skyhost_run3,6040000,1779282264.753690
approach5_skyhost_run3,6041000,1779282264.755467
approach5_skyhost_run3,6042000,1779282264.757203
approach5_skyhost_run3,6043000,1779282264.758960
approach5_skyhost_run3,6044000,1779282264.774034
approach5_skyhost_run3,6045000,1779282264.775800
approach5_skyhost_run3,6046000,1779282264.777544
approach5_skyhost_run3,6047000,1779282264.779301
approach5_skyhost_run3,6048000,1779282264.864127
approach5_skyhost_run3,6049000,1779282264.865900
approach5_skyhost_run3,6050000,1779282264.911232
approach5_skyhost_run3,6051000,1779282264.912979
approach5_skyhost_run3,6052000,1779282264.914739
approach5_skyhost_run3,6053000,1779282264.916512
approach5_skyhost_run3,6054000,1779282264.925298
approach5_skyhost_run3,6055000,1779282265.014764
approach5_skyhost_run3,6056000,1779282265.016536
approach5_skyhost_run3,6057000,1779282265.018292
approach5_skyhost_run3,6058000,1779282265.020060
approach5_skyhost_run3,6059000,1779282265.028395
approach5_skyhost_run3,6060000,1779282265.048230
approach5_skyhost_run3,6061000,1779282265.049963
approach5_skyhost_run3,6062000,1779282265.051713
approach5_skyhost_run3,6063000,1779282265.053461
approach5_skyhost_run3,6064000,1779282265.139416
approach5_skyhost_run3,6065000,1779282265.141171
approach5_skyhost_run3,6066000,1779282265.219535
approach5_skyhost_run3,6067000,1779282265.221267
approach5_skyhost_run3,6068000,1779282265.223013
approach5_skyhost_run3,6069000,1779282265.224759
approach5_skyhost_run3,6070000,1779282265.234373
approach5_skyhost_run3,6071000,1779282265.321790
approach5_skyhost_run3,6072000,1779282265.323561
approach5_skyhost_run3,6073000,1779282265.325356
approach5_skyhost_run3,6074000,1779282265.327137
approach5_skyhost_run3,6075000,1779282265.338361
approach5_skyhost_run3,6076000,1779282265.371460
approach5_skyhost_run3,6077000,1779282265.373216
approach5_skyhost_run3,6078000,1779282265.375019
approach5_skyhost_run3,6079000,1779282265.376786
approach5_skyhost_run3,6080000,1779282265.444615
approach5_skyhost_run3,6081000,1779282265.446439
approach5_skyhost_run3,6082000,1779282265.448200
approach5_skyhost_run3,6083000,1779282265.449966
approach5_skyhost_run3,6084000,1779282265.477249
approach5_skyhost_run3,6085000,1779282265.479019
approach5_skyhost_run3,6086000,1779282265.575999
approach5_skyhost_run3,6087000,1779282265.577755
approach5_skyhost_run3,6088000,1779282265.579528
approach5_skyhost_run3,6089000,1779282265.581298
approach5_skyhost_run3,6090000,1779282265.591143
approach5_skyhost_run3,6091000,1779282265.631961
approach5_skyhost_run3,6092000,1779282265.633720
approach5_skyhost_run3,6093000,1779282265.635517
approach5_skyhost_run3,6094000,1779282265.637285
approach5_skyhost_run3,6095000,1779282265.694627
approach5_skyhost_run3,6096000,1779282265.734458
approach5_skyhost_run3,6097000,1779282265.736239
approach5_skyhost_run3,6098000,1779282265.738004
approach5_skyhost_run3,6099000,1779282265.739789
approach5_skyhost_run3,6100000,1779282265.748849
approach5_skyhost_run3,6101000,1779282265.835246
approach5_skyhost_run3,6102000,1779282265.837011
approach5_skyhost_run3,6103000,1779282265.838793
approach5_skyhost_run3,6104000,1779282265.840558
approach5_skyhost_run3,6105000,1779282265.898282
approach5_skyhost_run3,6106000,1779282266.188316
approach5_skyhost_run3,6107000,1779282266.190076
approach5_skyhost_run3,6108000,1779282266.191857
approach5_skyhost_run3,6109000,1779282266.193633
approach5_skyhost_run3,6110000,1779282266.208575
approach5_skyhost_run3,6111000,1779282266.210332
approach5_skyhost_run3,6112000,1779282266.212096
approach5_skyhost_run3,6113000,1779282266.213865
approach5_skyhost_run3,6114000,1779282266.299874
approach5_skyhost_run3,6115000,1779282266.301634
approach5_skyhost_run3,6116000,1779282266.348824
approach5_skyhost_run3,6117000,1779282266.350596
approach5_skyhost_run3,6118000,1779282266.352368
approach5_skyhost_run3,6119000,1779282266.354153
approach5_skyhost_run3,6120000,1779282266.364439
approach5_skyhost_run3,6121000,1779282266.398672
approach5_skyhost_run3,6122000,1779282266.400429
approach5_skyhost_run3,6123000,1779282266.402194
approach5_skyhost_run3,6124000,1779282266.403990
approach5_skyhost_run3,6125000,1779282266.418296
approach5_skyhost_run3,6126000,1779282266.420069
approach5_skyhost_run3,6127000,1779282266.421842
approach5_skyhost_run3,6128000,1779282266.423650
approach5_skyhost_run3,6129000,1779282266.504599
approach5_skyhost_run3,6130000,1779282266.506421
approach5_skyhost_run3,6131000,1779282266.554393
approach5_skyhost_run3,6132000,1779282266.556201
approach5_skyhost_run3,6133000,1779282266.557996
approach5_skyhost_run3,6134000,1779282266.559779
approach5_skyhost_run3,6135000,1779282266.569695
approach5_skyhost_run3,6136000,1779282266.656996
approach5_skyhost_run3,6137000,1779282266.658786
approach5_skyhost_run3,6138000,1779282266.660564
approach5_skyhost_run3,6139000,1779282266.662363
approach5_skyhost_run3,6140000,1779282266.718689
approach5_skyhost_run3,6141000,1779282266.758720
approach5_skyhost_run3,6142000,1779282266.760486
approach5_skyhost_run3,6143000,1779282266.762235
approach5_skyhost_run3,6144000,1779282266.764072
approach5_skyhost_run3,6145000,1779282266.776258
approach5_skyhost_run3,6146000,1779282266.863295
approach5_skyhost_run3,6147000,1779282266.865092
approach5_skyhost_run3,6148000,1779282266.866885
approach5_skyhost_run3,6149000,1779282266.868666
approach5_skyhost_run3,6150000,1779282266.878521
approach5_skyhost_run3,6151000,1779282267.012080
approach5_skyhost_run3,6152000,1779282267.013855
approach5_skyhost_run3,6153000,1779282267.015676
approach5_skyhost_run3,6154000,1779282267.017470
approach5_skyhost_run3,6155000,1779282267.027517
approach5_skyhost_run3,6156000,1779282267.072605
approach5_skyhost_run3,6157000,1779282267.074372
approach5_skyhost_run3,6158000,1779282267.076169
approach5_skyhost_run3,6159000,1779282267.077954
approach5_skyhost_run3,6160000,1779282267.088842
approach5_skyhost_run3,6161000,1779282267.219564
approach5_skyhost_run3,6162000,1779282267.221342
approach5_skyhost_run3,6163000,1779282267.223139
approach5_skyhost_run3,6164000,1779282267.224959
approach5_skyhost_run3,6165000,1779282267.232231
approach5_skyhost_run3,6166000,1779282267.283602
approach5_skyhost_run3,6167000,1779282267.285408
approach5_skyhost_run3,6168000,1779282267.287207
approach5_skyhost_run3,6169000,1779282267.288996
approach5_skyhost_run3,6170000,1779282267.299028
approach5_skyhost_run3,6171000,1779282267.377256
approach5_skyhost_run3,6172000,1779282267.379047
approach5_skyhost_run3,6173000,1779282267.380828
approach5_skyhost_run3,6174000,1779282267.382623
approach5_skyhost_run3,6175000,1779282267.391482
approach5_skyhost_run3,6176000,1779282267.479947
approach5_skyhost_run3,6177000,1779282267.481723
approach5_skyhost_run3,6178000,1779282267.483518
approach5_skyhost_run3,6179000,1779282267.485342
approach5_skyhost_run3,6180000,1779282267.495059
approach5_skyhost_run3,6181000,1779282267.580907
approach5_skyhost_run3,6182000,1779282267.582704
approach5_skyhost_run3,6183000,1779282267.584501
approach5_skyhost_run3,6184000,1779282267.586329
approach5_skyhost_run3,6185000,1779282267.597475
approach5_skyhost_run3,6186000,1779282267.683834
approach5_skyhost_run3,6187000,1779282267.685631
approach5_skyhost_run3,6188000,1779282267.687430
approach5_skyhost_run3,6189000,1779282267.689219
approach5_skyhost_run3,6190000,1779282267.698642
approach5_skyhost_run3,6191000,1779282267.789553
approach5_skyhost_run3,6192000,1779282267.791340
approach5_skyhost_run3,6193000,1779282267.793121
approach5_skyhost_run3,6194000,1779282267.794966
approach5_skyhost_run3,6195000,1779282267.801857
approach5_skyhost_run3,6196000,1779282267.835145
approach5_skyhost_run3,6197000,1779282267.836916
approach5_skyhost_run3,6198000,1779282267.838706
approach5_skyhost_run3,6199000,1779282267.840497
approach5_skyhost_run3,6200000,1779282267.854044
approach5_skyhost_run3,6201000,1779282267.855858
approach5_skyhost_run3,6202000,1779282267.857649
approach5_skyhost_run3,6203000,1779282267.859486
approach5_skyhost_run3,6204000,1779282267.939908
approach5_skyhost_run3,6205000,1779282267.941689
approach5_skyhost_run3,6206000,1779282267.993342
approach5_skyhost_run3,6207000,1779282267.995179
approach5_skyhost_run3,6208000,1779282267.996962
approach5_skyhost_run3,6209000,1779282267.998751
approach5_skyhost_run3,6210000,1779282268.009034
approach5_skyhost_run3,6211000,1779282268.097530
approach5_skyhost_run3,6212000,1779282268.099322
approach5_skyhost_run3,6213000,1779282268.101102
approach5_skyhost_run3,6214000,1779282268.102899
approach5_skyhost_run3,6215000,1779282268.111849
approach5_skyhost_run3,6216000,1779282268.197407
approach5_skyhost_run3,6217000,1779282268.199196
approach5_skyhost_run3,6218000,1779282268.200977
approach5_skyhost_run3,6219000,1779282268.202778
approach5_skyhost_run3,6220000,1779282268.210957
approach5_skyhost_run3,6221000,1779282268.313970
approach5_skyhost_run3,6222000,1779282268.315780
approach5_skyhost_run3,6223000,1779282268.317557
approach5_skyhost_run3,6224000,1779282268.319354
approach5_skyhost_run3,6225000,1779282268.327500
approach5_skyhost_run3,6226000,1779282268.447593
approach5_skyhost_run3,6227000,1779282268.449367
approach5_skyhost_run3,6228000,1779282268.451167
approach5_skyhost_run3,6229000,1779282268.452964
approach5_skyhost_run3,6230000,1779282268.460749
approach5_skyhost_run3,6231000,1779282268.505187
approach5_skyhost_run3,6232000,1779282268.506980
approach5_skyhost_run3,6233000,1779282268.508763
approach5_skyhost_run3,6234000,1779282268.510562
approach5_skyhost_run3,6235000,1779282268.519459
approach5_skyhost_run3,6236000,1779282268.608809
approach5_skyhost_run3,6237000,1779282268.610598
approach5_skyhost_run3,6238000,1779282268.612382
approach5_skyhost_run3,6239000,1779282268.614170
approach5_skyhost_run3,6240000,1779282268.621880
approach5_skyhost_run3,6241000,1779282268.700190
approach5_skyhost_run3,6242000,1779282268.701967
approach5_skyhost_run3,6243000,1779282268.703759
approach5_skyhost_run3,6244000,1779282268.705573
approach5_skyhost_run3,6245000,1779282268.719991
approach5_skyhost_run3,6246000,1779282268.721772
approach5_skyhost_run3,6247000,1779282268.723569
approach5_skyhost_run3,6248000,1779282268.725389
approach5_skyhost_run3,6249000,1779282268.806602
approach5_skyhost_run3,6250000,1779282268.808419
approach5_skyhost_run3,6251000,1779282268.813289
approach5_skyhost_run3,6252000,1779282268.815101
approach5_skyhost_run3,6253000,1779282268.816869
approach5_skyhost_run3,6254000,1779282268.818662
approach5_skyhost_run3,6255000,1779282268.827781
approach5_skyhost_run3,6256000,1779282268.916710
approach5_skyhost_run3,6257000,1779282268.918484
approach5_skyhost_run3,6258000,1779282268.920259
approach5_skyhost_run3,6259000,1779282268.922036
approach5_skyhost_run3,6260000,1779282268.929737
approach5_skyhost_run3,6261000,1779282269.018657
approach5_skyhost_run3,6262000,1779282269.020432
approach5_skyhost_run3,6263000,1779282269.022210
approach5_skyhost_run3,6264000,1779282269.024012
approach5_skyhost_run3,6265000,1779282269.032109
approach5_skyhost_run3,6266000,1779282269.121722
approach5_skyhost_run3,6267000,1779282269.123499
approach5_skyhost_run3,6268000,1779282269.125305
approach5_skyhost_run3,6269000,1779282269.127075
approach5_skyhost_run3,6270000,1779282269.134793
approach5_skyhost_run3,6271000,1779282269.222939
approach5_skyhost_run3,6272000,1779282269.224710
approach5_skyhost_run3,6273000,1779282269.226533
approach5_skyhost_run3,6274000,1779282269.228306
approach5_skyhost_run3,6275000,1779282269.237843
approach5_skyhost_run3,6276000,1779282269.335132
approach5_skyhost_run3,6277000,1779282269.336902
approach5_skyhost_run3,6278000,1779282269.338687
approach5_skyhost_run3,6279000,1779282269.340467
approach5_skyhost_run3,6280000,1779282269.349349
approach5_skyhost_run3,6281000,1779282269.475486
approach5_skyhost_run3,6282000,1779282269.477261
approach5_skyhost_run3,6283000,1779282269.479056
approach5_skyhost_run3,6284000,1779282269.480840
approach5_skyhost_run3,6285000,1779282269.487786
approach5_skyhost_run3,6286000,1779282269.534310
approach5_skyhost_run3,6287000,1779282269.536110
approach5_skyhost_run3,6288000,1779282269.537926
approach5_skyhost_run3,6289000,1779282269.539728
approach5_skyhost_run3,6290000,1779282269.547082
approach5_skyhost_run3,6291000,1779282269.636930
approach5_skyhost_run3,6292000,1779282269.638726
approach5_skyhost_run3,6293000,1779282269.640506
approach5_skyhost_run3,6294000,1779282269.642302
approach5_skyhost_run3,6295000,1779282269.656253
approach5_skyhost_run3,6296000,1779282269.752390
approach5_skyhost_run3,6297000,1779282269.754164
approach5_skyhost_run3,6298000,1779282269.755995
approach5_skyhost_run3,6299000,1779282269.757785
approach5_skyhost_run3,6300000,1779282269.783990
approach5_skyhost_run3,6301000,1779282269.841466
approach5_skyhost_run3,6302000,1779282269.843244
approach5_skyhost_run3,6303000,1779282269.845044
approach5_skyhost_run3,6304000,1779282269.846831
approach5_skyhost_run3,6305000,1779282269.859269
approach5_skyhost_run3,6306000,1779282269.984141
approach5_skyhost_run3,6307000,1779282269.985951
approach5_skyhost_run3,6308000,1779282269.987753
approach5_skyhost_run3,6309000,1779282269.989551
approach5_skyhost_run3,6310000,1779282269.998003
approach5_skyhost_run3,6311000,1779282270.043719
approach5_skyhost_run3,6312000,1779282270.045564
approach5_skyhost_run3,6313000,1779282270.047367
approach5_skyhost_run3,6314000,1779282270.049162
approach5_skyhost_run3,6315000,1779282270.058872
approach5_skyhost_run3,6316000,1779282270.161334
approach5_skyhost_run3,6317000,1779282270.163175
approach5_skyhost_run3,6318000,1779282270.164989
approach5_skyhost_run3,6319000,1779282270.166803
approach5_skyhost_run3,6320000,1779282270.193769
approach5_skyhost_run3,6321000,1779282270.267085
approach5_skyhost_run3,6322000,1779282270.268855
approach5_skyhost_run3,6323000,1779282270.270655
approach5_skyhost_run3,6324000,1779282270.272441
approach5_skyhost_run3,6325000,1779282270.292752
approach5_skyhost_run3,6326000,1779282270.354177
approach5_skyhost_run3,6327000,1779282270.355984
approach5_skyhost_run3,6328000,1779282270.357762
approach5_skyhost_run3,6329000,1779282270.359594
approach5_skyhost_run3,6330000,1779282270.367164
approach5_skyhost_run3,6331000,1779282270.457689
approach5_skyhost_run3,6332000,1779282270.459447
approach5_skyhost_run3,6333000,1779282270.461260
approach5_skyhost_run3,6334000,1779282270.463084
approach5_skyhost_run3,6335000,1779282270.472177
approach5_skyhost_run3,6336000,1779282270.502121
approach5_skyhost_run3,6337000,1779282270.503900
approach5_skyhost_run3,6338000,1779282270.505709
approach5_skyhost_run3,6339000,1779282270.507509
approach5_skyhost_run3,6340000,1779282270.523044
approach5_skyhost_run3,6341000,1779282270.524852
approach5_skyhost_run3,6342000,1779282270.526655
approach5_skyhost_run3,6343000,1779282270.528441
approach5_skyhost_run3,6344000,1779282270.614147
approach5_skyhost_run3,6345000,1779282270.615961
approach5_skyhost_run3,6346000,1779282270.661893
approach5_skyhost_run3,6347000,1779282270.663682
approach5_skyhost_run3,6348000,1779282270.665477
approach5_skyhost_run3,6349000,1779282270.667261
approach5_skyhost_run3,6350000,1779282270.676960
approach5_skyhost_run3,6351000,1779282270.811343
approach5_skyhost_run3,6352000,1779282270.813120
approach5_skyhost_run3,6353000,1779282270.814939
approach5_skyhost_run3,6354000,1779282270.816735
approach5_skyhost_run3,6355000,1779282270.827890
approach5_skyhost_run3,6356000,1779282270.860620
approach5_skyhost_run3,6357000,1779282270.862420
approach5_skyhost_run3,6358000,1779282270.881999
approach5_skyhost_run3,6359000,1779282270.883789
approach5_skyhost_run3,6360000,1779282270.885595
approach5_skyhost_run3,6361000,1779282271.016406
approach5_skyhost_run3,6362000,1779282271.018178
approach5_skyhost_run3,6363000,1779282271.019966
approach5_skyhost_run3,6364000,1779282271.021749
approach5_skyhost_run3,6365000,1779282271.028720
approach5_skyhost_run3,6366000,1779282271.059924
approach5_skyhost_run3,6367000,1779282271.061702
approach5_skyhost_run3,6368000,1779282271.063495
approach5_skyhost_run3,6369000,1779282271.065314
approach5_skyhost_run3,6370000,1779282271.079329
approach5_skyhost_run3,6371000,1779282271.081121
approach5_skyhost_run3,6372000,1779282271.082923
approach5_skyhost_run3,6373000,1779282271.084714
approach5_skyhost_run3,6374000,1779282271.164648
approach5_skyhost_run3,6375000,1779282271.166471
approach5_skyhost_run3,6376000,1779282271.221175
approach5_skyhost_run3,6377000,1779282271.223218
approach5_skyhost_run3,6378000,1779282271.226465
approach5_skyhost_run3,6379000,1779282271.228238
approach5_skyhost_run3,6380000,1779282271.230032
approach5_skyhost_run3,6381000,1779282271.231813
approach5_skyhost_run3,6382000,1779282271.233587
approach5_skyhost_run3,6383000,1779282271.235435
approach5_skyhost_run3,6384000,1779282271.238379
approach5_skyhost_run3,6385000,1779282271.241232
approach5_skyhost_run3,6386000,1779282271.243017
approach5_skyhost_run3,6387000,1779282271.244798
approach5_skyhost_run3,6388000,1779282271.246673
approach5_skyhost_run3,6389000,1779282271.332123
approach5_skyhost_run3,6390000,1779282271.333913
approach5_skyhost_run3,6391000,1779282271.383258
approach5_skyhost_run3,6392000,1779282271.385056
approach5_skyhost_run3,6393000,1779282271.386875
approach5_skyhost_run3,6394000,1779282271.388654
approach5_skyhost_run3,6395000,1779282271.403224
approach5_skyhost_run3,6396000,1779282271.484472
approach5_skyhost_run3,6397000,1779282271.486273
approach5_skyhost_run3,6398000,1779282271.488070
approach5_skyhost_run3,6399000,1779282271.489864
approach5_skyhost_run3,6400000,1779282271.500014
approach5_skyhost_run3,6401000,1779282271.531925
approach5_skyhost_run3,6402000,1779282271.533701
approach5_skyhost_run3,6403000,1779282271.535515
approach5_skyhost_run3,6404000,1779282271.537300
approach5_skyhost_run3,6405000,1779282271.550906
approach5_skyhost_run3,6406000,1779282271.552668
approach5_skyhost_run3,6407000,1779282271.554455
approach5_skyhost_run3,6408000,1779282271.556254
approach5_skyhost_run3,6409000,1779282271.637194
approach5_skyhost_run3,6410000,1779282271.638982
approach5_skyhost_run3,6411000,1779282271.689577
approach5_skyhost_run3,6412000,1779282271.691361
approach5_skyhost_run3,6413000,1779282271.693131
approach5_skyhost_run3,6414000,1779282271.694936
approach5_skyhost_run3,6415000,1779282271.706216
approach5_skyhost_run3,6416000,1779282271.762250
approach5_skyhost_run3,6417000,1779282271.764039
approach5_skyhost_run3,6418000,1779282271.765850
approach5_skyhost_run3,6419000,1779282271.767642
approach5_skyhost_run3,6420000,1779282271.836199
approach5_skyhost_run3,6421000,1779282271.837976
approach5_skyhost_run3,6422000,1779282271.839771
approach5_skyhost_run3,6423000,1779282271.841567
approach5_skyhost_run3,6424000,1779282271.926300
approach5_skyhost_run3,6425000,1779282271.928111
approach5_skyhost_run3,6426000,1779282271.939543
approach5_skyhost_run3,6427000,1779282271.941316
approach5_skyhost_run3,6428000,1779282271.943103
approach5_skyhost_run3,6429000,1779282271.944906
approach5_skyhost_run3,6430000,1779282271.969653
approach5_skyhost_run3,6431000,1779282271.971447
approach5_skyhost_run3,6432000,1779282271.973234
approach5_skyhost_run3,6433000,1779282271.975058
approach5_skyhost_run3,6434000,1779282272.015653
approach5_skyhost_run3,6435000,1779282272.017436
approach5_skyhost_run3,6436000,1779282272.019226
approach5_skyhost_run3,6437000,1779282272.021011
approach5_skyhost_run3,6438000,1779282272.033431
approach5_skyhost_run3,6439000,1779282272.059618
approach5_skyhost_run3,6440000,1779282272.061399
approach5_skyhost_run3,6441000,1779282272.102767
approach5_skyhost_run3,6442000,1779282272.104530
approach5_skyhost_run3,6443000,1779282272.106355
approach5_skyhost_run3,6444000,1779282272.108153
approach5_skyhost_run3,6445000,1779282272.117658
approach5_skyhost_run3,6446000,1779282272.250058
approach5_skyhost_run3,6447000,1779282272.251836
approach5_skyhost_run3,6448000,1779282272.253613
approach5_skyhost_run3,6449000,1779282272.255445
approach5_skyhost_run3,6450000,1779282272.264270
approach5_skyhost_run3,6451000,1779282272.310581
approach5_skyhost_run3,6452000,1779282272.312364
approach5_skyhost_run3,6453000,1779282272.314137
approach5_skyhost_run3,6454000,1779282272.315956
approach5_skyhost_run3,6455000,1779282272.326376
approach5_skyhost_run3,6456000,1779282272.411324
approach5_skyhost_run3,6457000,1779282272.413095
approach5_skyhost_run3,6458000,1779282272.414881
approach5_skyhost_run3,6459000,1779282272.416723
approach5_skyhost_run3,6460000,1779282272.428551
approach5_skyhost_run3,6461000,1779282272.459516
approach5_skyhost_run3,6462000,1779282272.461278
approach5_skyhost_run3,6463000,1779282272.463059
approach5_skyhost_run3,6464000,1779282272.464855
approach5_skyhost_run3,6465000,1779282272.478595
approach5_skyhost_run3,6466000,1779282272.480372
approach5_skyhost_run3,6467000,1779282272.482165
approach5_skyhost_run3,6468000,1779282272.483975
approach5_skyhost_run3,6469000,1779282272.565664
approach5_skyhost_run3,6470000,1779282272.567463
approach5_skyhost_run3,6471000,1779282272.617616
approach5_skyhost_run3,6472000,1779282272.619401
approach5_skyhost_run3,6473000,1779282272.621175
approach5_skyhost_run3,6474000,1779282272.622977
approach5_skyhost_run3,6475000,1779282272.631629
approach5_skyhost_run3,6476000,1779282272.720070
approach5_skyhost_run3,6477000,1779282272.721842
approach5_skyhost_run3,6478000,1779282272.723630
approach5_skyhost_run3,6479000,1779282272.725448
approach5_skyhost_run3,6480000,1779282272.736523
approach5_skyhost_run3,6481000,1779282272.844113
approach5_skyhost_run3,6482000,1779282272.845900
approach5_skyhost_run3,6483000,1779282272.847684
approach5_skyhost_run3,6484000,1779282272.849463
approach5_skyhost_run3,6485000,1779282272.870166
approach5_skyhost_run3,6486000,1779282272.871944
approach5_skyhost_run3,6487000,1779282272.873733
approach5_skyhost_run3,6488000,1779282272.875568
approach5_skyhost_run3,6489000,1779282272.924512
approach5_skyhost_run3,6490000,1779282272.926355
approach5_skyhost_run3,6491000,1779282272.928139
approach5_skyhost_run3,6492000,1779282272.929938
approach5_skyhost_run3,6493000,1779282272.935182
approach5_skyhost_run3,6494000,1779282272.957837
approach5_skyhost_run3,6495000,1779282272.959644
approach5_skyhost_run3,6496000,1779282273.033296
approach5_skyhost_run3,6497000,1779282273.035113
approach5_skyhost_run3,6498000,1779282273.036910
approach5_skyhost_run3,6499000,1779282273.038745
approach5_skyhost_run3,6500000,1779282273.046335
approach5_skyhost_run3,6501000,1779282273.131848
approach5_skyhost_run3,6502000,1779282273.133632
approach5_skyhost_run3,6503000,1779282273.135456
approach5_skyhost_run3,6504000,1779282273.137251
approach5_skyhost_run3,6505000,1779282273.146232
approach5_skyhost_run3,6506000,1779282273.235018
approach5_skyhost_run3,6507000,1779282273.236797
approach5_skyhost_run3,6508000,1779282273.238595
approach5_skyhost_run3,6509000,1779282273.240382
approach5_skyhost_run3,6510000,1779282273.250147
approach5_skyhost_run3,6511000,1779282273.353464
approach5_skyhost_run3,6512000,1779282273.355286
approach5_skyhost_run3,6513000,1779282273.357076
approach5_skyhost_run3,6514000,1779282273.358882
approach5_skyhost_run3,6515000,1779282273.387128
approach5_skyhost_run3,6516000,1779282273.451960
approach5_skyhost_run3,6517000,1779282273.453733
approach5_skyhost_run3,6518000,1779282273.455551
approach5_skyhost_run3,6519000,1779282273.457346
approach5_skyhost_run3,6520000,1779282273.487029
approach5_skyhost_run3,6521000,1779282273.492134
approach5_skyhost_run3,6522000,1779282273.493941
approach5_skyhost_run3,6523000,1779282273.495752
approach5_skyhost_run3,6524000,1779282273.497545
approach5_skyhost_run3,6525000,1779282273.513722
approach5_skyhost_run3,6526000,1779282273.515523
approach5_skyhost_run3,6527000,1779282273.517307
approach5_skyhost_run3,6528000,1779282273.519109
approach5_skyhost_run3,6529000,1779282273.598436
approach5_skyhost_run3,6530000,1779282273.600204
approach5_skyhost_run3,6531000,1779282273.658746
approach5_skyhost_run3,6532000,1779282273.660526
approach5_skyhost_run3,6533000,1779282273.662308
approach5_skyhost_run3,6534000,1779282273.664109
approach5_skyhost_run3,6535000,1779282273.692691
approach5_skyhost_run3,6536000,1779282273.748011
approach5_skyhost_run3,6537000,1779282273.749789
approach5_skyhost_run3,6538000,1779282273.751576
approach5_skyhost_run3,6539000,1779282273.753355
approach5_skyhost_run3,6540000,1779282273.762968
approach5_skyhost_run3,6541000,1779282273.806017
approach5_skyhost_run3,6542000,1779282273.807797
approach5_skyhost_run3,6543000,1779282273.809578
approach5_skyhost_run3,6544000,1779282273.811385
approach5_skyhost_run3,6545000,1779282273.845994
approach5_skyhost_run3,6546000,1779282273.847776
approach5_skyhost_run3,6547000,1779282273.849552
approach5_skyhost_run3,6548000,1779282273.851352
approach5_skyhost_run3,6549000,1779282273.930696
approach5_skyhost_run3,6550000,1779282273.932483
approach5_skyhost_run3,6551000,1779282273.951879
approach5_skyhost_run3,6552000,1779282273.953649
approach5_skyhost_run3,6553000,1779282273.955463
approach5_skyhost_run3,6554000,1779282273.957246
approach5_skyhost_run3,6555000,1779282273.967666
approach5_skyhost_run3,6556000,1779282274.068036
approach5_skyhost_run3,6557000,1779282274.069816
approach5_skyhost_run3,6558000,1779282274.071612
approach5_skyhost_run3,6559000,1779282274.073401
approach5_skyhost_run3,6560000,1779282274.101677
approach5_skyhost_run3,6561000,1779282274.172305
approach5_skyhost_run3,6562000,1779282274.174080
approach5_skyhost_run3,6563000,1779282274.175904
approach5_skyhost_run3,6564000,1779282274.177691
approach5_skyhost_run3,6565000,1779282274.205767
approach5_skyhost_run3,6566000,1779282274.249004
approach5_skyhost_run3,6567000,1779282274.250791
approach5_skyhost_run3,6568000,1779282274.252557
approach5_skyhost_run3,6569000,1779282274.254365
approach5_skyhost_run3,6570000,1779282274.268415
approach5_skyhost_run3,6571000,1779282274.270189
approach5_skyhost_run3,6572000,1779282274.271964
approach5_skyhost_run3,6573000,1779282274.273743
approach5_skyhost_run3,6574000,1779282274.354466
approach5_skyhost_run3,6575000,1779282274.356279
approach5_skyhost_run3,6576000,1779282274.407911
approach5_skyhost_run3,6577000,1779282274.409915
approach5_skyhost_run3,6578000,1779282274.413074
approach5_skyhost_run3,6579000,1779282274.414874
approach5_skyhost_run3,6580000,1779282274.416645
approach5_skyhost_run3,6581000,1779282274.418649
approach5_skyhost_run3,6582000,1779282274.420688
approach5_skyhost_run3,6583000,1779282274.422570
approach5_skyhost_run3,6584000,1779282274.424515
approach5_skyhost_run3,6585000,1779282274.430166
approach5_skyhost_run3,6586000,1779282274.431951
approach5_skyhost_run3,6587000,1779282274.433735
approach5_skyhost_run3,6588000,1779282274.435564
approach5_skyhost_run3,6589000,1779282274.515653
approach5_skyhost_run3,6590000,1779282274.517432
approach5_skyhost_run3,6591000,1779282274.566726
approach5_skyhost_run3,6592000,1779282274.568508
approach5_skyhost_run3,6593000,1779282274.570284
approach5_skyhost_run3,6594000,1779282274.572091
approach5_skyhost_run3,6595000,1779282274.583402
approach5_skyhost_run3,6596000,1779282274.672346
approach5_skyhost_run3,6597000,1779282274.674119
approach5_skyhost_run3,6598000,1779282274.675935
approach5_skyhost_run3,6599000,1779282274.677716
approach5_skyhost_run3,6600000,1779282274.684780
approach5_skyhost_run3,6601000,1779282274.721891
approach5_skyhost_run3,6602000,1779282274.723683
approach5_skyhost_run3,6603000,1779282274.725497
approach5_skyhost_run3,6604000,1779282274.727295
approach5_skyhost_run3,6605000,1779282274.742016
approach5_skyhost_run3,6606000,1779282274.743802
approach5_skyhost_run3,6607000,1779282274.745609
approach5_skyhost_run3,6608000,1779282274.747406
approach5_skyhost_run3,6609000,1779282274.826510
approach5_skyhost_run3,6610000,1779282274.828288
approach5_skyhost_run3,6611000,1779282274.877856
approach5_skyhost_run3,6612000,1779282274.879639
approach5_skyhost_run3,6613000,1779282274.881413
approach5_skyhost_run3,6614000,1779282274.883208
approach5_skyhost_run3,6615000,1779282274.891784
approach5_skyhost_run3,6616000,1779282274.978585
approach5_skyhost_run3,6617000,1779282274.980360
approach5_skyhost_run3,6618000,1779282274.982139
approach5_skyhost_run3,6619000,1779282274.983935
approach5_skyhost_run3,6620000,1779282274.997469
approach5_skyhost_run3,6621000,1779282274.999263
approach5_skyhost_run3,6622000,1779282275.001054
approach5_skyhost_run3,6623000,1779282275.002868
approach5_skyhost_run3,6624000,1779282275.084234
approach5_skyhost_run3,6625000,1779282275.086046
approach5_skyhost_run3,6626000,1779282275.096157
approach5_skyhost_run3,6627000,1779282275.097934
approach5_skyhost_run3,6628000,1779282275.099722
approach5_skyhost_run3,6629000,1779282275.101508
approach5_skyhost_run3,6630000,1779282275.162493
approach5_skyhost_run3,6631000,1779282275.187004
approach5_skyhost_run3,6632000,1779282275.188789
approach5_skyhost_run3,6633000,1779282275.190578
approach5_skyhost_run3,6634000,1779282275.192365
approach5_skyhost_run3,6635000,1779282275.202474
approach5_skyhost_run3,6636000,1779282275.287498
approach5_skyhost_run3,6637000,1779282275.289280
approach5_skyhost_run3,6638000,1779282275.291071
approach5_skyhost_run3,6639000,1779282275.292860
approach5_skyhost_run3,6640000,1779282275.305244
approach5_skyhost_run3,6641000,1779282275.392723
approach5_skyhost_run3,6642000,1779282275.394510
approach5_skyhost_run3,6643000,1779282275.396312
approach5_skyhost_run3,6644000,1779282275.398100
approach5_skyhost_run3,6645000,1779282275.405309
approach5_skyhost_run3,6646000,1779282275.447006
approach5_skyhost_run3,6647000,1779282275.448752
approach5_skyhost_run3,6648000,1779282275.450596
approach5_skyhost_run3,6649000,1779282275.452382
approach5_skyhost_run3,6650000,1779282275.506990
approach5_skyhost_run3,6651000,1779282275.508777
approach5_skyhost_run3,6652000,1779282275.510578
approach5_skyhost_run3,6653000,1779282275.541146
approach5_skyhost_run3,6654000,1779282275.542926
approach5_skyhost_run3,6655000,1779282275.544693
approach5_skyhost_run3,6656000,1779282275.675250
approach5_skyhost_run3,6657000,1779282275.677019
approach5_skyhost_run3,6658000,1779282275.678804
approach5_skyhost_run3,6659000,1779282275.680583
approach5_skyhost_run3,6660000,1779282275.688716
approach5_skyhost_run3,6661000,1779282275.740832
approach5_skyhost_run3,6662000,1779282275.742624
approach5_skyhost_run3,6663000,1779282275.744410
approach5_skyhost_run3,6664000,1779282275.746221
approach5_skyhost_run3,6665000,1779282275.756612
approach5_skyhost_run3,6666000,1779282275.800855
approach5_skyhost_run3,6667000,1779282275.802643
approach5_skyhost_run3,6668000,1779282275.804425
approach5_skyhost_run3,6669000,1779282275.806259
approach5_skyhost_run3,6670000,1779282275.816783
approach5_skyhost_run3,6671000,1779282275.913093
approach5_skyhost_run3,6672000,1779282275.914907
approach5_skyhost_run3,6673000,1779282275.916686
approach5_skyhost_run3,6674000,1779282275.918474
approach5_skyhost_run3,6675000,1779282275.928398
approach5_skyhost_run3,6676000,1779282276.006740
approach5_skyhost_run3,6677000,1779282276.008514
approach5_skyhost_run3,6678000,1779282276.010303
approach5_skyhost_run3,6679000,1779282276.012107
approach5_skyhost_run3,6680000,1779282276.020884
approach5_skyhost_run3,6681000,1779282276.090059
approach5_skyhost_run3,6682000,1779282276.091850
approach5_skyhost_run3,6683000,1779282276.093629
approach5_skyhost_run3,6684000,1779282276.095462
approach5_skyhost_run3,6685000,1779282276.110031
approach5_skyhost_run3,6686000,1779282276.111819
approach5_skyhost_run3,6687000,1779282276.113606
approach5_skyhost_run3,6688000,1779282276.115422
approach5_skyhost_run3,6689000,1779282276.196360
approach5_skyhost_run3,6690000,1779282276.198184
approach5_skyhost_run3,6691000,1779282276.203319
approach5_skyhost_run3,6692000,1779282276.205124
approach5_skyhost_run3,6693000,1779282276.206925
approach5_skyhost_run3,6694000,1779282276.208709
approach5_skyhost_run3,6695000,1779282276.224490
approach5_skyhost_run3,6696000,1779282276.226274
approach5_skyhost_run3,6697000,1779282276.228057
approach5_skyhost_run3,6698000,1779282276.229831
approach5_skyhost_run3,6699000,1779282276.314883
approach5_skyhost_run3,6700000,1779282276.316929
approach5_skyhost_run3,6701000,1779282276.319290
approach5_skyhost_run3,6702000,1779282276.321057
approach5_skyhost_run3,6703000,1779282276.322838
approach5_skyhost_run3,6704000,1779282276.324620
approach5_skyhost_run3,6705000,1779282276.334230
approach5_skyhost_run3,6706000,1779282276.421071
approach5_skyhost_run3,6707000,1779282276.422864
approach5_skyhost_run3,6708000,1779282276.424636
approach5_skyhost_run3,6709000,1779282276.426466
approach5_skyhost_run3,6710000,1779282276.437001
approach5_skyhost_run3,6711000,1779282276.535248
approach5_skyhost_run3,6712000,1779282276.537057
approach5_skyhost_run3,6713000,1779282276.538853
approach5_skyhost_run3,6714000,1779282276.540637
approach5_skyhost_run3,6715000,1779282276.567761
approach5_skyhost_run3,6716000,1779282276.624389
approach5_skyhost_run3,6717000,1779282276.626177
approach5_skyhost_run3,6718000,1779282276.627961
approach5_skyhost_run3,6719000,1779282276.629750
approach5_skyhost_run3,6720000,1779282276.669893
approach5_skyhost_run3,6721000,1779282276.671686
approach5_skyhost_run3,6722000,1779282276.673471
approach5_skyhost_run3,6723000,1779282276.675290
approach5_skyhost_run3,6724000,1779282276.682258
approach5_skyhost_run3,6725000,1779282276.690467
approach5_skyhost_run3,6726000,1779282276.692238
approach5_skyhost_run3,6727000,1779282276.694012
approach5_skyhost_run3,6728000,1779282276.695835
approach5_skyhost_run3,6729000,1779282276.780529
approach5_skyhost_run3,6730000,1779282276.782324
approach5_skyhost_run3,6731000,1779282276.827747
approach5_skyhost_run3,6732000,1779282276.829521
approach5_skyhost_run3,6733000,1779282276.831311
approach5_skyhost_run3,6734000,1779282276.833111
approach5_skyhost_run3,6735000,1779282276.847151
approach5_skyhost_run3,6736000,1779282276.932290
approach5_skyhost_run3,6737000,1779282276.934075
approach5_skyhost_run3,6738000,1779282276.935887
approach5_skyhost_run3,6739000,1779282276.937680
approach5_skyhost_run3,6740000,1779282276.945573
approach5_skyhost_run3,6741000,1779282277.033438
approach5_skyhost_run3,6742000,1779282277.035254
approach5_skyhost_run3,6743000,1779282277.037035
approach5_skyhost_run3,6744000,1779282277.038893
approach5_skyhost_run3,6745000,1779282277.050729
approach5_skyhost_run3,6746000,1779282277.136133
approach5_skyhost_run3,6747000,1779282277.137909
approach5_skyhost_run3,6748000,1779282277.139707
approach5_skyhost_run3,6749000,1779282277.141501
approach5_skyhost_run3,6750000,1779282277.153240
approach5_skyhost_run3,6751000,1779282277.184391
approach5_skyhost_run3,6752000,1779282277.186197
approach5_skyhost_run3,6753000,1779282277.187978
approach5_skyhost_run3,6754000,1779282277.189757
approach5_skyhost_run3,6755000,1779282277.204462
approach5_skyhost_run3,6756000,1779282277.206267
approach5_skyhost_run3,6757000,1779282277.208053
approach5_skyhost_run3,6758000,1779282277.209852
approach5_skyhost_run3,6759000,1779282277.289782
approach5_skyhost_run3,6760000,1779282277.291583
approach5_skyhost_run3,6761000,1779282277.342565
approach5_skyhost_run3,6762000,1779282277.344335
approach5_skyhost_run3,6763000,1779282277.346139
approach5_skyhost_run3,6764000,1779282277.347935
approach5_skyhost_run3,6765000,1779282277.356526
approach5_skyhost_run3,6766000,1779282277.490074
approach5_skyhost_run3,6767000,1779282277.491861
approach5_skyhost_run3,6768000,1779282277.493636
approach5_skyhost_run3,6769000,1779282277.495460
approach5_skyhost_run3,6770000,1779282277.509484
approach5_skyhost_run3,6771000,1779282277.511279
approach5_skyhost_run3,6772000,1779282277.513062
approach5_skyhost_run3,6773000,1779282277.514921
approach5_skyhost_run3,6774000,1779282277.518531
approach5_skyhost_run3,6775000,1779282277.520313
approach5_skyhost_run3,6776000,1779282277.522093
approach5_skyhost_run3,6777000,1779282277.523884
approach5_skyhost_run3,6778000,1779282277.542750
approach5_skyhost_run3,6779000,1779282277.600862
approach5_skyhost_run3,6780000,1779282277.602656
approach5_skyhost_run3,6781000,1779282277.637664
approach5_skyhost_run3,6782000,1779282277.639448
approach5_skyhost_run3,6783000,1779282277.641223
approach5_skyhost_run3,6784000,1779282277.643008
approach5_skyhost_run3,6785000,1779282277.657905
approach5_skyhost_run3,6786000,1779282277.659687
approach5_skyhost_run3,6787000,1779282277.661462
approach5_skyhost_run3,6788000,1779282277.663266
approach5_skyhost_run3,6789000,1779282277.749377
approach5_skyhost_run3,6790000,1779282277.751225
approach5_skyhost_run3,6791000,1779282277.755140
approach5_skyhost_run3,6792000,1779282277.756902
approach5_skyhost_run3,6793000,1779282277.758684
approach5_skyhost_run3,6794000,1779282277.760454
approach5_skyhost_run3,6795000,1779282277.769026
approach5_skyhost_run3,6796000,1779282277.856750
approach5_skyhost_run3,6797000,1779282277.858536
approach5_skyhost_run3,6798000,1779282277.860305
approach5_skyhost_run3,6799000,1779282277.862086
approach5_skyhost_run3,6800000,1779282277.870822
approach5_skyhost_run3,6801000,1779282277.958488
approach5_skyhost_run3,6802000,1779282277.960256
approach5_skyhost_run3,6803000,1779282277.962025
approach5_skyhost_run3,6804000,1779282277.963836
approach5_skyhost_run3,6805000,1779282277.973421
approach5_skyhost_run3,6806000,1779282278.060193
approach5_skyhost_run3,6807000,1779282278.061964
approach5_skyhost_run3,6808000,1779282278.063760
approach5_skyhost_run3,6809000,1779282278.065578
approach5_skyhost_run3,6810000,1779282278.076446
approach5_skyhost_run3,6811000,1779282278.208559
approach5_skyhost_run3,6812000,1779282278.210342
approach5_skyhost_run3,6813000,1779282278.212122
approach5_skyhost_run3,6814000,1779282278.213900
approach5_skyhost_run3,6815000,1779282278.222383
approach5_skyhost_run3,6816000,1779282278.267039
approach5_skyhost_run3,6817000,1779282278.268817
approach5_skyhost_run3,6818000,1779282278.270607
approach5_skyhost_run3,6819000,1779282278.272397
approach5_skyhost_run3,6820000,1779282278.281355
approach5_skyhost_run3,6821000,1779282278.312677
approach5_skyhost_run3,6822000,1779282278.314466
approach5_skyhost_run3,6823000,1779282278.316281
approach5_skyhost_run3,6824000,1779282278.318074
approach5_skyhost_run3,6825000,1779282278.331890
approach5_skyhost_run3,6826000,1779282278.333664
approach5_skyhost_run3,6827000,1779282278.335481
approach5_skyhost_run3,6828000,1779282278.337269
approach5_skyhost_run3,6829000,1779282278.419081
approach5_skyhost_run3,6830000,1779282278.420861
approach5_skyhost_run3,6831000,1779282278.471665
approach5_skyhost_run3,6832000,1779282278.473449
approach5_skyhost_run3,6833000,1779282278.475262
approach5_skyhost_run3,6834000,1779282278.477032
approach5_skyhost_run3,6835000,1779282278.487322
approach5_skyhost_run3,6836000,1779282278.573588
approach5_skyhost_run3,6837000,1779282278.575434
approach5_skyhost_run3,6838000,1779282278.577215
approach5_skyhost_run3,6839000,1779282278.579007
approach5_skyhost_run3,6840000,1779282278.588488
approach5_skyhost_run3,6841000,1779282278.689538
approach5_skyhost_run3,6842000,1779282278.691321
approach5_skyhost_run3,6843000,1779282278.693095
approach5_skyhost_run3,6844000,1779282278.694911
approach5_skyhost_run3,6845000,1779282278.765747
approach5_skyhost_run3,6846000,1779282278.778300
approach5_skyhost_run3,6847000,1779282278.780078
approach5_skyhost_run3,6848000,1779282278.781850
approach5_skyhost_run3,6849000,1779282278.783644
approach5_skyhost_run3,6850000,1779282278.796006
approach5_skyhost_run3,6851000,1779282278.928638
approach5_skyhost_run3,6852000,1779282278.930437
approach5_skyhost_run3,6853000,1779282278.932215
approach5_skyhost_run3,6854000,1779282278.933993
approach5_skyhost_run3,6855000,1779282278.942302
approach5_skyhost_run3,6856000,1779282278.981458
approach5_skyhost_run3,6857000,1779282278.983238
approach5_skyhost_run3,6858000,1779282278.985037
approach5_skyhost_run3,6859000,1779282278.986830
approach5_skyhost_run3,6860000,1779282278.995736
approach5_skyhost_run3,6861000,1779282279.085571
approach5_skyhost_run3,6862000,1779282279.087352
approach5_skyhost_run3,6863000,1779282279.089137
approach5_skyhost_run3,6864000,1779282279.090933
approach5_skyhost_run3,6865000,1779282279.100497
approach5_skyhost_run3,6866000,1779282279.180221
approach5_skyhost_run3,6867000,1779282279.181991
approach5_skyhost_run3,6868000,1779282279.183777
approach5_skyhost_run3,6869000,1779282279.185581
approach5_skyhost_run3,6870000,1779282279.199522
approach5_skyhost_run3,6871000,1779282279.201288
approach5_skyhost_run3,6872000,1779282279.203069
approach5_skyhost_run3,6873000,1779282279.204871
approach5_skyhost_run3,6874000,1779282279.291498
approach5_skyhost_run3,6875000,1779282279.293631
approach5_skyhost_run3,6876000,1779282279.295454
approach5_skyhost_run3,6877000,1779282279.297227
approach5_skyhost_run3,6878000,1779282279.299014
approach5_skyhost_run3,6879000,1779282279.300787
approach5_skyhost_run3,6880000,1779282279.306950
approach5_skyhost_run3,6881000,1779282279.395706
approach5_skyhost_run3,6882000,1779282279.397485
approach5_skyhost_run3,6883000,1779282279.399258
approach5_skyhost_run3,6884000,1779282279.401050
approach5_skyhost_run3,6885000,1779282279.408835
approach5_skyhost_run3,6886000,1779282279.541706
approach5_skyhost_run3,6887000,1779282279.543489
approach5_skyhost_run3,6888000,1779282279.545291
approach5_skyhost_run3,6889000,1779282279.547091
approach5_skyhost_run3,6890000,1779282279.558818
approach5_skyhost_run3,6891000,1779282279.599368
approach5_skyhost_run3,6892000,1779282279.601149
approach5_skyhost_run3,6893000,1779282279.602938
approach5_skyhost_run3,6894000,1779282279.604712
approach5_skyhost_run3,6895000,1779282279.614343
approach5_skyhost_run3,6896000,1779282279.703515
approach5_skyhost_run3,6897000,1779282279.705318
approach5_skyhost_run3,6898000,1779282279.707117
approach5_skyhost_run3,6899000,1779282279.708880
approach5_skyhost_run3,6900000,1779282279.716996
approach5_skyhost_run3,6901000,1779282279.805653
approach5_skyhost_run3,6902000,1779282279.807434
approach5_skyhost_run3,6903000,1779282279.809207
approach5_skyhost_run3,6904000,1779282279.811000
approach5_skyhost_run3,6905000,1779282279.822277
approach5_skyhost_run3,6906000,1779282279.851061
approach5_skyhost_run3,6907000,1779282279.852825
approach5_skyhost_run3,6908000,1779282279.854605
approach5_skyhost_run3,6909000,1779282279.856410
approach5_skyhost_run3,6910000,1779282279.869376
approach5_skyhost_run3,6911000,1779282279.871159
approach5_skyhost_run3,6912000,1779282279.872933
approach5_skyhost_run3,6913000,1779282279.874724
approach5_skyhost_run3,6914000,1779282279.955415
approach5_skyhost_run3,6915000,1779282279.957186
approach5_skyhost_run3,6916000,1779282280.008713
approach5_skyhost_run3,6917000,1779282280.010492
approach5_skyhost_run3,6918000,1779282280.012275
approach5_skyhost_run3,6919000,1779282280.014056
approach5_skyhost_run3,6920000,1779282280.023343
approach5_skyhost_run3,6921000,1779282280.124324
approach5_skyhost_run3,6922000,1779282280.126140
approach5_skyhost_run3,6923000,1779282280.127927
approach5_skyhost_run3,6924000,1779282280.129702
approach5_skyhost_run3,6925000,1779282280.160998
approach5_skyhost_run3,6926000,1779282280.216794
approach5_skyhost_run3,6927000,1779282280.218570
approach5_skyhost_run3,6928000,1779282280.220337
approach5_skyhost_run3,6929000,1779282280.222110
approach5_skyhost_run3,6930000,1779282280.229585
approach5_skyhost_run3,6931000,1779282280.319980
approach5_skyhost_run3,6932000,1779282280.321755
approach5_skyhost_run3,6933000,1779282280.323554
approach5_skyhost_run3,6934000,1779282280.325368
approach5_skyhost_run3,6935000,1779282280.332534
approach5_skyhost_run3,6936000,1779282280.418383
approach5_skyhost_run3,6937000,1779282280.420149
approach5_skyhost_run3,6938000,1779282280.421926
approach5_skyhost_run3,6939000,1779282280.423721
approach5_skyhost_run3,6940000,1779282280.430819
approach5_skyhost_run3,6941000,1779282280.524421
approach5_skyhost_run3,6942000,1779282280.526218
approach5_skyhost_run3,6943000,1779282280.528001
approach5_skyhost_run3,6944000,1779282280.529779
approach5_skyhost_run3,6945000,1779282280.539407
approach5_skyhost_run3,6946000,1779282280.625832
approach5_skyhost_run3,6947000,1779282280.627627
approach5_skyhost_run3,6948000,1779282280.629396
approach5_skyhost_run3,6949000,1779282280.631195
approach5_skyhost_run3,6950000,1779282280.641450
approach5_skyhost_run3,6951000,1779282280.729327
approach5_skyhost_run3,6952000,1779282280.731112
approach5_skyhost_run3,6953000,1779282280.732887
approach5_skyhost_run3,6954000,1779282280.734685
approach5_skyhost_run3,6955000,1779282280.745286
approach5_skyhost_run3,6956000,1779282280.832003
approach5_skyhost_run3,6957000,1779282280.833767
approach5_skyhost_run3,6958000,1779282280.835579
approach5_skyhost_run3,6959000,1779282280.837353
approach5_skyhost_run3,6960000,1779282280.889361
approach5_skyhost_run3,6961000,1779282280.927559
approach5_skyhost_run3,6962000,1779282280.929304
approach5_skyhost_run3,6963000,1779282280.931116
approach5_skyhost_run3,6964000,1779282280.932894
approach5_skyhost_run3,6965000,1779282280.951661
approach5_skyhost_run3,6966000,1779282280.953436
approach5_skyhost_run3,6967000,1779282280.955293
approach5_skyhost_run3,6968000,1779282280.957097
approach5_skyhost_run3,6969000,1779282281.032367
approach5_skyhost_run3,6970000,1779282281.034136
approach5_skyhost_run3,6971000,1779282281.035983
approach5_skyhost_run3,6972000,1779282281.040235
approach5_skyhost_run3,6973000,1779282281.042005
approach5_skyhost_run3,6974000,1779282281.043794
approach5_skyhost_run3,6975000,1779282281.068443
approach5_skyhost_run3,6976000,1779282281.070209
approach5_skyhost_run3,6977000,1779282281.071991
approach5_skyhost_run3,6978000,1779282281.073777
approach5_skyhost_run3,6979000,1779282281.141101
approach5_skyhost_run3,6980000,1779282281.142889
approach5_skyhost_run3,6981000,1779282281.144667
approach5_skyhost_run3,6982000,1779282281.154768
approach5_skyhost_run3,6983000,1779282281.156810
approach5_skyhost_run3,6984000,1779282281.158612
approach5_skyhost_run3,6985000,1779282281.160396
approach5_skyhost_run3,6986000,1779282281.243258
approach5_skyhost_run3,6987000,1779282281.245080
approach5_skyhost_run3,6988000,1779282281.246883
approach5_skyhost_run3,6989000,1779282281.248666
approach5_skyhost_run3,6990000,1779282281.257777
approach5_skyhost_run3,6991000,1779282281.355633
approach5_skyhost_run3,6992000,1779282281.357419
approach5_skyhost_run3,6993000,1779282281.359210
approach5_skyhost_run3,6994000,1779282281.361003
approach5_skyhost_run3,6995000,1779282281.369734
approach5_skyhost_run3,6996000,1779282281.447549
approach5_skyhost_run3,6997000,1779282281.449329
approach5_skyhost_run3,6998000,1779282281.451124
approach5_skyhost_run3,6999000,1779282281.452910
approach5_skyhost_run3,7000000,1779282281.463443
approach5_skyhost_run3,7001000,1779282281.549914
approach5_skyhost_run3,7002000,1779282281.551692
approach5_skyhost_run3,7003000,1779282281.553474
approach5_skyhost_run3,7004000,1779282281.555290
approach5_skyhost_run3,7005000,1779282281.564332
approach5_skyhost_run3,7006000,1779282281.695909
approach5_skyhost_run3,7007000,1779282281.697675
approach5_skyhost_run3,7008000,1779282281.699460
approach5_skyhost_run3,7009000,1779282281.701229
approach5_skyhost_run3,7010000,1779282281.710814
approach5_skyhost_run3,7011000,1779282281.798708
approach5_skyhost_run3,7012000,1779282281.800481
approach5_skyhost_run3,7013000,1779282281.802252
approach5_skyhost_run3,7014000,1779282281.804050
approach5_skyhost_run3,7015000,1779282281.813537
approach5_skyhost_run3,7016000,1779282281.855061
approach5_skyhost_run3,7017000,1779282281.856850
approach5_skyhost_run3,7018000,1779282281.858650
approach5_skyhost_run3,7019000,1779282281.860432
approach5_skyhost_run3,7020000,1779282281.871460
approach5_skyhost_run3,7021000,1779282281.959319
approach5_skyhost_run3,7022000,1779282281.961087
approach5_skyhost_run3,7023000,1779282281.962865
approach5_skyhost_run3,7024000,1779282281.964643
approach5_skyhost_run3,7025000,1779282281.973258
approach5_skyhost_run3,7026000,1779282282.104500
approach5_skyhost_run3,7027000,1779282282.106323
approach5_skyhost_run3,7028000,1779282282.108102
approach5_skyhost_run3,7029000,1779282282.109886
approach5_skyhost_run3,7030000,1779282282.119168
approach5_skyhost_run3,7031000,1779282282.172848
approach5_skyhost_run3,7032000,1779282282.174635
approach5_skyhost_run3,7033000,1779282282.176450
approach5_skyhost_run3,7034000,1779282282.178244
approach5_skyhost_run3,7035000,1779282282.188880
approach5_skyhost_run3,7036000,1779282282.268682
approach5_skyhost_run3,7037000,1779282282.270463
approach5_skyhost_run3,7038000,1779282282.272232
approach5_skyhost_run3,7039000,1779282282.274010
approach5_skyhost_run3,7040000,1779282282.282012
approach5_skyhost_run3,7041000,1779282282.364753
approach5_skyhost_run3,7042000,1779282282.366569
approach5_skyhost_run3,7043000,1779282282.368344
approach5_skyhost_run3,7044000,1779282282.370125
approach5_skyhost_run3,7045000,1779282282.384662
approach5_skyhost_run3,7046000,1779282282.386453
approach5_skyhost_run3,7047000,1779282282.388227
approach5_skyhost_run3,7048000,1779282282.390009
approach5_skyhost_run3,7049000,1779282282.473042
approach5_skyhost_run3,7050000,1779282282.474962
approach5_skyhost_run3,7051000,1779282282.476726
approach5_skyhost_run3,7052000,1779282282.478500
approach5_skyhost_run3,7053000,1779282282.480289
approach5_skyhost_run3,7054000,1779282282.482102
approach5_skyhost_run3,7055000,1779282282.490383
approach5_skyhost_run3,7056000,1779282282.492151
approach5_skyhost_run3,7057000,1779282282.493922
approach5_skyhost_run3,7058000,1779282282.574635
approach5_skyhost_run3,7059000,1779282282.576596
approach5_skyhost_run3,7060000,1779282282.578966
approach5_skyhost_run3,7061000,1779282282.580736
approach5_skyhost_run3,7062000,1779282282.582517
approach5_skyhost_run3,7063000,1779282282.584307
approach5_skyhost_run3,7064000,1779282282.586122
approach5_skyhost_run3,7065000,1779282282.591686
approach5_skyhost_run3,7066000,1779282282.736683
approach5_skyhost_run3,7067000,1779282282.738473
approach5_skyhost_run3,7068000,1779282282.740263
approach5_skyhost_run3,7069000,1779282282.742061
approach5_skyhost_run3,7070000,1779282282.760589
approach5_skyhost_run3,7071000,1779282282.783622
approach5_skyhost_run3,7072000,1779282282.785406
approach5_skyhost_run3,7073000,1779282282.787242
approach5_skyhost_run3,7074000,1779282282.789024
approach5_skyhost_run3,7075000,1779282282.798045
approach5_skyhost_run3,7076000,1779282282.929978
approach5_skyhost_run3,7077000,1779282282.931752
approach5_skyhost_run3,7078000,1779282282.933523
approach5_skyhost_run3,7079000,1779282282.935380
approach5_skyhost_run3,7080000,1779282282.944544
approach5_skyhost_run3,7081000,1779282282.988031
approach5_skyhost_run3,7082000,1779282282.989807
approach5_skyhost_run3,7083000,1779282282.991627
approach5_skyhost_run3,7084000,1779282282.993414
approach5_skyhost_run3,7085000,1779282283.006322
approach5_skyhost_run3,7086000,1779282283.038004
approach5_skyhost_run3,7087000,1779282283.039788
approach5_skyhost_run3,7088000,1779282283.041533
approach5_skyhost_run3,7089000,1779282283.043379
approach5_skyhost_run3,7090000,1779282283.069894
approach5_skyhost_run3,7091000,1779282283.071675
approach5_skyhost_run3,7092000,1779282283.073451
approach5_skyhost_run3,7093000,1779282283.075286
approach5_skyhost_run3,7094000,1779282283.157686
approach5_skyhost_run3,7095000,1779282283.159477
approach5_skyhost_run3,7096000,1779282283.194339
approach5_skyhost_run3,7097000,1779282283.196125
approach5_skyhost_run3,7098000,1779282283.197903
approach5_skyhost_run3,7099000,1779282283.199707
approach5_skyhost_run3,7100000,1779282283.211315
approach5_skyhost_run3,7101000,1779282283.297569
approach5_skyhost_run3,7102000,1779282283.299367
approach5_skyhost_run3,7103000,1779282283.301154
approach5_skyhost_run3,7104000,1779282283.302955
approach5_skyhost_run3,7105000,1779282283.311555
approach5_skyhost_run3,7106000,1779282283.412785
approach5_skyhost_run3,7107000,1779282283.414566
approach5_skyhost_run3,7108000,1779282283.416366
approach5_skyhost_run3,7109000,1779282283.418148
approach5_skyhost_run3,7110000,1779282283.447432
approach5_skyhost_run3,7111000,1779282283.501403
approach5_skyhost_run3,7112000,1779282283.503192
approach5_skyhost_run3,7113000,1779282283.505006
approach5_skyhost_run3,7114000,1779282283.506844
approach5_skyhost_run3,7115000,1779282283.519819
approach5_skyhost_run3,7116000,1779282283.611220
approach5_skyhost_run3,7117000,1779282283.612987
approach5_skyhost_run3,7118000,1779282283.614771
approach5_skyhost_run3,7119000,1779282283.616585
approach5_skyhost_run3,7120000,1779282283.630372
approach5_skyhost_run3,7121000,1779282283.632147
approach5_skyhost_run3,7122000,1779282283.633931
approach5_skyhost_run3,7123000,1779282283.635755
approach5_skyhost_run3,7124000,1779282283.656688
approach5_skyhost_run3,7125000,1779282283.658504
approach5_skyhost_run3,7126000,1779282283.660286
approach5_skyhost_run3,7127000,1779282283.715421
approach5_skyhost_run3,7128000,1779282283.717195
approach5_skyhost_run3,7129000,1779282283.718994
approach5_skyhost_run3,7130000,1779282283.732435
approach5_skyhost_run3,7131000,1779282283.734209
approach5_skyhost_run3,7132000,1779282283.736020
approach5_skyhost_run3,7133000,1779282283.737809
approach5_skyhost_run3,7134000,1779282283.814061
approach5_skyhost_run3,7135000,1779282283.815866
approach5_skyhost_run3,7136000,1779282283.817651
approach5_skyhost_run3,7137000,1779282283.820603
approach5_skyhost_run3,7138000,1779282283.822381
approach5_skyhost_run3,7139000,1779282283.824296
approach5_skyhost_run3,7140000,1779282283.827278
approach5_skyhost_run3,7141000,1779282283.917076
approach5_skyhost_run3,7142000,1779282283.918859
approach5_skyhost_run3,7143000,1779282283.920633
approach5_skyhost_run3,7144000,1779282283.922430
approach5_skyhost_run3,7145000,1779282283.962576
approach5_skyhost_run3,7146000,1779282283.964348
approach5_skyhost_run3,7147000,1779282283.966148
approach5_skyhost_run3,7148000,1779282283.967957
approach5_skyhost_run3,7149000,1779282283.974466
approach5_skyhost_run3,7150000,1779282283.982576
approach5_skyhost_run3,7151000,1779282283.984321
approach5_skyhost_run3,7152000,1779282283.986156
approach5_skyhost_run3,7153000,1779282283.987958
approach5_skyhost_run3,7154000,1779282284.066892
approach5_skyhost_run3,7155000,1779282284.068717
approach5_skyhost_run3,7156000,1779282284.070605
approach5_skyhost_run3,7157000,1779282284.072823
approach5_skyhost_run3,7158000,1779282284.074673
approach5_skyhost_run3,7159000,1779282284.076599
approach5_skyhost_run3,7160000,1779282284.085344
approach5_skyhost_run3,7161000,1779282284.087141
approach5_skyhost_run3,7162000,1779282284.088928
approach5_skyhost_run3,7163000,1779282284.090726
approach5_skyhost_run3,7164000,1779282284.170817
approach5_skyhost_run3,7165000,1779282284.172602
approach5_skyhost_run3,7166000,1779282284.226826
approach5_skyhost_run3,7167000,1779282284.228596
approach5_skyhost_run3,7168000,1779282284.230385
approach5_skyhost_run3,7169000,1779282284.232183
approach5_skyhost_run3,7170000,1779282284.238539
approach5_skyhost_run3,7171000,1779282284.329991
approach5_skyhost_run3,7172000,1779282284.331787
approach5_skyhost_run3,7173000,1779282284.333581
approach5_skyhost_run3,7174000,1779282284.335416
approach5_skyhost_run3,7175000,1779282284.343334
approach5_skyhost_run3,7176000,1779282284.444840
approach5_skyhost_run3,7177000,1779282284.446621
approach5_skyhost_run3,7178000,1779282284.448394
approach5_skyhost_run3,7179000,1779282284.450178
approach5_skyhost_run3,7180000,1779282284.458513
approach5_skyhost_run3,7181000,1779282284.535299
approach5_skyhost_run3,7182000,1779282284.537077
approach5_skyhost_run3,7183000,1779282284.538936
approach5_skyhost_run3,7184000,1779282284.540725
approach5_skyhost_run3,7185000,1779282284.550568
approach5_skyhost_run3,7186000,1779282284.636985
approach5_skyhost_run3,7187000,1779282284.638777
approach5_skyhost_run3,7188000,1779282284.640565
approach5_skyhost_run3,7189000,1779282284.642375
approach5_skyhost_run3,7190000,1779282284.652285
approach5_skyhost_run3,7191000,1779282284.738542
approach5_skyhost_run3,7192000,1779282284.740323
approach5_skyhost_run3,7193000,1779282284.742104
approach5_skyhost_run3,7194000,1779282284.743909
approach5_skyhost_run3,7195000,1779282284.752983
approach5_skyhost_run3,7196000,1779282284.842232
approach5_skyhost_run3,7197000,1779282284.844021
approach5_skyhost_run3,7198000,1779282284.845825
approach5_skyhost_run3,7199000,1779282284.847650
approach5_skyhost_run3,7200000,1779282284.855760
approach5_skyhost_run3,7201000,1779282284.943518
approach5_skyhost_run3,7202000,1779282284.945336
approach5_skyhost_run3,7203000,1779282284.947134
approach5_skyhost_run3,7204000,1779282284.948919
approach5_skyhost_run3,7205000,1779282284.958535
approach5_skyhost_run3,7206000,1779282285.050973
approach5_skyhost_run3,7207000,1779282285.052745
approach5_skyhost_run3,7208000,1779282285.054530
approach5_skyhost_run3,7209000,1779282285.056337
approach5_skyhost_run3,7210000,1779282285.064517
approach5_skyhost_run3,7211000,1779282285.152152
approach5_skyhost_run3,7212000,1779282285.153921
approach5_skyhost_run3,7213000,1779282285.155744
approach5_skyhost_run3,7214000,1779282285.157511
approach5_skyhost_run3,7215000,1779282285.165890
approach5_skyhost_run3,7216000,1779282285.256029
approach5_skyhost_run3,7217000,1779282285.257799
approach5_skyhost_run3,7218000,1779282285.259594
approach5_skyhost_run3,7219000,1779282285.261378
approach5_skyhost_run3,7220000,1779282285.269349
approach5_skyhost_run3,7221000,1779282285.356467
approach5_skyhost_run3,7222000,1779282285.358243
approach5_skyhost_run3,7223000,1779282285.360029
approach5_skyhost_run3,7224000,1779282285.361815
approach5_skyhost_run3,7225000,1779282285.371141
approach5_skyhost_run3,7226000,1779282285.441064
approach5_skyhost_run3,7227000,1779282285.442844
approach5_skyhost_run3,7228000,1779282285.444615
approach5_skyhost_run3,7229000,1779282285.446439
approach5_skyhost_run3,7230000,1779282285.531965
approach5_skyhost_run3,7231000,1779282285.533747
approach5_skyhost_run3,7232000,1779282285.895239
approach5_skyhost_run3,7233000,1779282285.897009
approach5_skyhost_run3,7234000,1779282285.898798
approach5_skyhost_run3,7235000,1779282285.900579
approach5_skyhost_run3,7236000,1779282285.907634
approach5_skyhost_run3,7237000,1779282285.996735
approach5_skyhost_run3,7238000,1779282285.998507
approach5_skyhost_run3,7239000,1779282286.000277
approach5_skyhost_run3,7240000,1779282286.002051
approach5_skyhost_run3,7241000,1779282286.009755
approach5_skyhost_run3,7242000,1779282286.100310
approach5_skyhost_run3,7243000,1779282286.102072
approach5_skyhost_run3,7244000,1779282286.103854
approach5_skyhost_run3,7245000,1779282286.105661
approach5_skyhost_run3,7246000,1779282286.112898
approach5_skyhost_run3,7247000,1779282286.244444
approach5_skyhost_run3,7248000,1779282286.246249
approach5_skyhost_run3,7249000,1779282286.248031
approach5_skyhost_run3,7250000,1779282286.249817
approach5_skyhost_run3,7251000,1779282286.262566
approach5_skyhost_run3,7252000,1779282286.318789
approach5_skyhost_run3,7253000,1779282286.320576
approach5_skyhost_run3,7254000,1779282286.322375
approach5_skyhost_run3,7255000,1779282286.324171
approach5_skyhost_run3,7256000,1779282286.355143
approach5_skyhost_run3,7257000,1779282286.456441
approach5_skyhost_run3,7258000,1779282286.458206
approach5_skyhost_run3,7259000,1779282286.459994
approach5_skyhost_run3,7260000,1779282286.461803
approach5_skyhost_run3,7261000,1779282286.471548
approach5_skyhost_run3,7262000,1779282286.508400
approach5_skyhost_run3,7263000,1779282286.510168
approach5_skyhost_run3,7264000,1779282286.511955
approach5_skyhost_run3,7265000,1779282286.513738
approach5_skyhost_run3,7266000,1779282286.525762
approach5_skyhost_run3,7267000,1779282286.611050
approach5_skyhost_run3,7268000,1779282286.612827
approach5_skyhost_run3,7269000,1779282286.614613
approach5_skyhost_run3,7270000,1779282286.616434
approach5_skyhost_run3,7271000,1779282286.624345
approach5_skyhost_run3,7272000,1779282286.713069
approach5_skyhost_run3,7273000,1779282286.714879
approach5_skyhost_run3,7274000,1779282286.716656
approach5_skyhost_run3,7275000,1779282286.718451
approach5_skyhost_run3,7276000,1779282286.730939
approach5_skyhost_run3,7277000,1779282286.832032
approach5_skyhost_run3,7278000,1779282286.833830
approach5_skyhost_run3,7279000,1779282286.835631
approach5_skyhost_run3,7280000,1779282286.837401
approach5_skyhost_run3,7281000,1779282286.857462
approach5_skyhost_run3,7282000,1779282286.924023
approach5_skyhost_run3,7283000,1779282286.925806
approach5_skyhost_run3,7284000,1779282286.927588
approach5_skyhost_run3,7285000,1779282286.929360
approach5_skyhost_run3,7286000,1779282286.938700
approach5_skyhost_run3,7287000,1779282287.035108
approach5_skyhost_run3,7288000,1779282287.036869
approach5_skyhost_run3,7289000,1779282287.038646
approach5_skyhost_run3,7290000,1779282287.040458
approach5_skyhost_run3,7291000,1779282287.071220
approach5_skyhost_run3,7292000,1779282287.072976
approach5_skyhost_run3,7293000,1779282287.074743
approach5_skyhost_run3,7294000,1779282287.076532
approach5_skyhost_run3,7295000,1779282287.121841
approach5_skyhost_run3,7296000,1779282287.123613
approach5_skyhost_run3,7297000,1779282287.125405
approach5_skyhost_run3,7298000,1779282287.127206
approach5_skyhost_run3,7299000,1779282287.157224
approach5_skyhost_run3,7300000,1779282287.159053
approach5_skyhost_run3,7301000,1779282287.162597
approach5_skyhost_run3,7302000,1779282287.164356
approach5_skyhost_run3,7303000,1779282287.166142
approach5_skyhost_run3,7304000,1779282287.167925
approach5_skyhost_run3,7305000,1779282287.227194
approach5_skyhost_run3,7306000,1779282287.228963
approach5_skyhost_run3,7307000,1779282287.230738
approach5_skyhost_run3,7308000,1779282287.232511
approach5_skyhost_run3,7309000,1779282287.241797
approach5_skyhost_run3,7310000,1779282287.247022
approach5_skyhost_run3,7311000,1779282287.248791
approach5_skyhost_run3,7312000,1779282287.399530
approach5_skyhost_run3,7313000,1779282287.401299
approach5_skyhost_run3,7314000,1779282287.403090
approach5_skyhost_run3,7315000,1779282287.404906
approach5_skyhost_run3,7316000,1779282287.415112
approach5_skyhost_run3,7317000,1779282287.433360
approach5_skyhost_run3,7318000,1779282287.435157
approach5_skyhost_run3,7319000,1779282287.436924
approach5_skyhost_run3,7320000,1779282287.438720
approach5_skyhost_run3,7321000,1779282287.450731
approach5_skyhost_run3,7322000,1779282287.535441
approach5_skyhost_run3,7323000,1779282287.537214
approach5_skyhost_run3,7324000,1779282287.538984
approach5_skyhost_run3,7325000,1779282287.540812
approach5_skyhost_run3,7326000,1779282287.550574
approach5_skyhost_run3,7327000,1779282287.630645
approach5_skyhost_run3,7328000,1779282287.632411
approach5_skyhost_run3,7329000,1779282287.634179
approach5_skyhost_run3,7330000,1779282287.635997
approach5_skyhost_run3,7331000,1779282287.650863
approach5_skyhost_run3,7332000,1779282287.652622
approach5_skyhost_run3,7333000,1779282287.654402
approach5_skyhost_run3,7334000,1779282287.656201
approach5_skyhost_run3,7335000,1779282287.687643
approach5_skyhost_run3,7336000,1779282287.689406
approach5_skyhost_run3,7337000,1779282287.691181
approach5_skyhost_run3,7338000,1779282287.692961
approach5_skyhost_run3,7339000,1779282287.708624
approach5_skyhost_run3,7340000,1779282287.710373
approach5_skyhost_run3,7341000,1779282287.712183
approach5_skyhost_run3,7342000,1779282287.713972
approach5_skyhost_run3,7343000,1779282287.736695
approach5_skyhost_run3,7344000,1779282287.738481
approach5_skyhost_run3,7345000,1779282287.796920
approach5_skyhost_run3,7346000,1779282287.798704
approach5_skyhost_run3,7347000,1779282287.845943
approach5_skyhost_run3,7348000,1779282287.847715
approach5_skyhost_run3,7349000,1779282287.849483
approach5_skyhost_run3,7350000,1779282287.851278
approach5_skyhost_run3,7351000,1779282287.859544
approach5_skyhost_run3,7352000,1779282287.948331
approach5_skyhost_run3,7353000,1779282287.950097
approach5_skyhost_run3,7354000,1779282287.951878
approach5_skyhost_run3,7355000,1779282287.953654
approach5_skyhost_run3,7356000,1779282287.962322
approach5_skyhost_run3,7357000,1779282288.096520
approach5_skyhost_run3,7358000,1779282288.098292
approach5_skyhost_run3,7359000,1779282288.100084
approach5_skyhost_run3,7360000,1779282288.101866
approach5_skyhost_run3,7361000,1779282288.108299
approach5_skyhost_run3,7362000,1779282288.155011
approach5_skyhost_run3,7363000,1779282288.156800
approach5_skyhost_run3,7364000,1779282288.158602
approach5_skyhost_run3,7365000,1779282288.160382
approach5_skyhost_run3,7366000,1779282288.168354
approach5_skyhost_run3,7367000,1779282288.254943
approach5_skyhost_run3,7368000,1779282288.256709
approach5_skyhost_run3,7369000,1779282288.258490
approach5_skyhost_run3,7370000,1779282288.260265
approach5_skyhost_run3,7371000,1779282288.272004
approach5_skyhost_run3,7372000,1779282288.361794
approach5_skyhost_run3,7373000,1779282288.363565
approach5_skyhost_run3,7374000,1779282288.365361
approach5_skyhost_run3,7375000,1779282288.367160
approach5_skyhost_run3,7376000,1779282288.376717
approach5_skyhost_run3,7377000,1779282288.455492
approach5_skyhost_run3,7378000,1779282288.457265
approach5_skyhost_run3,7379000,1779282288.459064
approach5_skyhost_run3,7380000,1779282288.460866
approach5_skyhost_run3,7381000,1779282288.474562
approach5_skyhost_run3,7382000,1779282288.476350
approach5_skyhost_run3,7383000,1779282288.478116
approach5_skyhost_run3,7384000,1779282288.479910
approach5_skyhost_run3,7385000,1779282288.560534
approach5_skyhost_run3,7386000,1779282288.562335
approach5_skyhost_run3,7387000,1779282288.611626
approach5_skyhost_run3,7388000,1779282288.613411
approach5_skyhost_run3,7389000,1779282288.615240
approach5_skyhost_run3,7390000,1779282288.617029
approach5_skyhost_run3,7391000,1779282288.624862
approach5_skyhost_run3,7392000,1779282288.668123
approach5_skyhost_run3,7393000,1779282288.669894
approach5_skyhost_run3,7394000,1779282288.671677
approach5_skyhost_run3,7395000,1779282288.673456
approach5_skyhost_run3,7396000,1779282288.682343
approach5_skyhost_run3,7397000,1779282288.785295
approach5_skyhost_run3,7398000,1779282288.787082
approach5_skyhost_run3,7399000,1779282288.788859
approach5_skyhost_run3,7400000,1779282288.790660
approach5_skyhost_run3,7401000,1779282288.818604
approach5_skyhost_run3,7402000,1779282288.872475
approach5_skyhost_run3,7403000,1779282288.874215
approach5_skyhost_run3,7404000,1779282288.876052
approach5_skyhost_run3,7405000,1779282288.877843
approach5_skyhost_run3,7406000,1779282288.890648
approach5_skyhost_run3,7407000,1779282288.976587
approach5_skyhost_run3,7408000,1779282288.978369
approach5_skyhost_run3,7409000,1779282288.980143
approach5_skyhost_run3,7410000,1779282288.981922
approach5_skyhost_run3,7411000,1779282288.991602
approach5_skyhost_run3,7412000,1779282289.023016
approach5_skyhost_run3,7413000,1779282289.024781
approach5_skyhost_run3,7414000,1779282289.026578
approach5_skyhost_run3,7415000,1779282289.028353
approach5_skyhost_run3,7416000,1779282289.041760
approach5_skyhost_run3,7417000,1779282289.043535
approach5_skyhost_run3,7418000,1779282289.045370
approach5_skyhost_run3,7419000,1779282289.047164
approach5_skyhost_run3,7420000,1779282289.126014
approach5_skyhost_run3,7421000,1779282289.127815
approach5_skyhost_run3,7422000,1779282289.181218
approach5_skyhost_run3,7423000,1779282289.183002
approach5_skyhost_run3,7424000,1779282289.184778
approach5_skyhost_run3,7425000,1779282289.186609
approach5_skyhost_run3,7426000,1779282289.197572
approach5_skyhost_run3,7427000,1779282289.282781
approach5_skyhost_run3,7428000,1779282289.284554
approach5_skyhost_run3,7429000,1779282289.286365
approach5_skyhost_run3,7430000,1779282289.288144
approach5_skyhost_run3,7431000,1779282289.296685
approach5_skyhost_run3,7432000,1779282289.384342
approach5_skyhost_run3,7433000,1779282289.386146
approach5_skyhost_run3,7434000,1779282289.387932
approach5_skyhost_run3,7435000,1779282289.389706
approach5_skyhost_run3,7436000,1779282289.399189
approach5_skyhost_run3,7437000,1779282289.435796
approach5_skyhost_run3,7438000,1779282289.437567
approach5_skyhost_run3,7439000,1779282289.439356
approach5_skyhost_run3,7440000,1779282289.441139
approach5_skyhost_run3,7441000,1779282289.454492
approach5_skyhost_run3,7442000,1779282289.456291
approach5_skyhost_run3,7443000,1779282289.458073
approach5_skyhost_run3,7444000,1779282289.459858
approach5_skyhost_run3,7445000,1779282289.494861
approach5_skyhost_run3,7446000,1779282289.537818
approach5_skyhost_run3,7447000,1779282289.591227
approach5_skyhost_run3,7448000,1779282289.592990
approach5_skyhost_run3,7449000,1779282289.594777
approach5_skyhost_run3,7450000,1779282289.596575
approach5_skyhost_run3,7451000,1779282289.607140
approach5_skyhost_run3,7452000,1779282289.737370
approach5_skyhost_run3,7453000,1779282289.739461
approach5_skyhost_run3,7454000,1779282289.742751
approach5_skyhost_run3,7455000,1779282289.744520
approach5_skyhost_run3,7456000,1779282289.746331
approach5_skyhost_run3,7457000,1779282289.748311
approach5_skyhost_run3,7458000,1779282289.750615
approach5_skyhost_run3,7459000,1779282289.752881
approach5_skyhost_run3,7460000,1779282289.756608
approach5_skyhost_run3,7461000,1779282289.758507
approach5_skyhost_run3,7462000,1779282289.760277
approach5_skyhost_run3,7463000,1779282289.762049
approach5_skyhost_run3,7464000,1779282289.763834
approach5_skyhost_run3,7465000,1779282289.847298
approach5_skyhost_run3,7466000,1779282289.849043
approach5_skyhost_run3,7467000,1779282289.900201
approach5_skyhost_run3,7468000,1779282289.901976
approach5_skyhost_run3,7469000,1779282289.903757
approach5_skyhost_run3,7470000,1779282289.905564
approach5_skyhost_run3,7471000,1779282289.913581
approach5_skyhost_run3,7472000,1779282290.045448
approach5_skyhost_run3,7473000,1779282290.047237
approach5_skyhost_run3,7474000,1779282290.049005
approach5_skyhost_run3,7475000,1779282290.050794
approach5_skyhost_run3,7476000,1779282290.062189
approach5_skyhost_run3,7477000,1779282290.118044
approach5_skyhost_run3,7478000,1779282290.119815
approach5_skyhost_run3,7479000,1779282290.121612
approach5_skyhost_run3,7480000,1779282290.123821
approach5_skyhost_run3,7481000,1779282290.147775
approach5_skyhost_run3,7482000,1779282290.259317
approach5_skyhost_run3,7483000,1779282290.261074
approach5_skyhost_run3,7484000,1779282290.262848
approach5_skyhost_run3,7485000,1779282290.264628
approach5_skyhost_run3,7486000,1779282290.277195
approach5_skyhost_run3,7487000,1779282290.323917
approach5_skyhost_run3,7488000,1779282290.325710
approach5_skyhost_run3,7489000,1779282290.327504
approach5_skyhost_run3,7490000,1779282290.329279
approach5_skyhost_run3,7491000,1779282290.358928
approach5_skyhost_run3,7492000,1779282290.417960
approach5_skyhost_run3,7493000,1779282290.419743
approach5_skyhost_run3,7494000,1779282290.421511
approach5_skyhost_run3,7495000,1779282290.423299
approach5_skyhost_run3,7496000,1779282290.436800
approach5_skyhost_run3,7497000,1779282290.516340
approach5_skyhost_run3,7498000,1779282290.518101
approach5_skyhost_run3,7499000,1779282290.519912
approach5_skyhost_run3,7500000,1779282290.521690
approach5_skyhost_run3,7501000,1779282290.529702
approach5_skyhost_run3,7502000,1779282290.617016
approach5_skyhost_run3,7503000,1779282290.618793
approach5_skyhost_run3,7504000,1779282290.620561
approach5_skyhost_run3,7505000,1779282290.622355
approach5_skyhost_run3,7506000,1779282290.633935
approach5_skyhost_run3,7507000,1779282290.774170
approach5_skyhost_run3,7508000,1779282290.775971
approach5_skyhost_run3,7509000,1779282290.777738
approach5_skyhost_run3,7510000,1779282290.779524
approach5_skyhost_run3,7511000,1779282290.809036
approach5_skyhost_run3,7512000,1779282290.831876
approach5_skyhost_run3,7513000,1779282290.833630
approach5_skyhost_run3,7514000,1779282290.835440
approach5_skyhost_run3,7515000,1779282290.837213
approach5_skyhost_run3,7516000,1779282290.894467
approach5_skyhost_run3,7517000,1779282290.931763
approach5_skyhost_run3,7518000,1779282290.933524
approach5_skyhost_run3,7519000,1779282290.935318
approach5_skyhost_run3,7520000,1779282290.937095
approach5_skyhost_run3,7521000,1779282290.945351
approach5_skyhost_run3,7522000,1779282291.020054
approach5_skyhost_run3,7523000,1779282291.021816
approach5_skyhost_run3,7524000,1779282291.039445
approach5_skyhost_run3,7525000,1779282291.041217
approach5_skyhost_run3,7526000,1779282291.042997
approach5_skyhost_run3,7527000,1779282291.128045
approach5_skyhost_run3,7528000,1779282291.129819
approach5_skyhost_run3,7529000,1779282291.131572
approach5_skyhost_run3,7530000,1779282291.133380
approach5_skyhost_run3,7531000,1779282291.143894
approach5_skyhost_run3,7532000,1779282291.231179
approach5_skyhost_run3,7533000,1779282291.232943
approach5_skyhost_run3,7534000,1779282291.234720
approach5_skyhost_run3,7535000,1779282291.236524
approach5_skyhost_run3,7536000,1779282291.246602
approach5_skyhost_run3,7537000,1779282291.331949
approach5_skyhost_run3,7538000,1779282291.333714
approach5_skyhost_run3,7539000,1779282291.335521
approach5_skyhost_run3,7540000,1779282291.337292
approach5_skyhost_run3,7541000,1779282291.348021
approach5_skyhost_run3,7542000,1779282291.436029
approach5_skyhost_run3,7543000,1779282291.437838
approach5_skyhost_run3,7544000,1779282291.439636
approach5_skyhost_run3,7545000,1779282291.441428
approach5_skyhost_run3,7546000,1779282291.453425
approach5_skyhost_run3,7547000,1779282291.540779
approach5_skyhost_run3,7548000,1779282291.542566
approach5_skyhost_run3,7549000,1779282291.544345
approach5_skyhost_run3,7550000,1779282291.546155
approach5_skyhost_run3,7551000,1779282291.554564
approach5_skyhost_run3,7552000,1779282291.641730
approach5_skyhost_run3,7553000,1779282291.643508
approach5_skyhost_run3,7554000,1779282291.645305
approach5_skyhost_run3,7555000,1779282291.647094
approach5_skyhost_run3,7556000,1779282291.656910
approach5_skyhost_run3,7557000,1779282291.743597
approach5_skyhost_run3,7558000,1779282291.745386
approach5_skyhost_run3,7559000,1779282291.747163
approach5_skyhost_run3,7560000,1779282291.748938
approach5_skyhost_run3,7561000,1779282291.759950
approach5_skyhost_run3,7562000,1779282291.848920
approach5_skyhost_run3,7563000,1779282291.850695
approach5_skyhost_run3,7564000,1779282291.852462
approach5_skyhost_run3,7565000,1779282291.854239
approach5_skyhost_run3,7566000,1779282291.863167
approach5_skyhost_run3,7567000,1779282292.000802
approach5_skyhost_run3,7568000,1779282292.002837
approach5_skyhost_run3,7569000,1779282292.006183
approach5_skyhost_run3,7570000,1779282292.007993
approach5_skyhost_run3,7571000,1779282292.009760
approach5_skyhost_run3,7572000,1779282292.011538
approach5_skyhost_run3,7573000,1779282292.013580
approach5_skyhost_run3,7574000,1779282292.015439
approach5_skyhost_run3,7575000,1779282292.017481
approach5_skyhost_run3,7576000,1779282292.023226
approach5_skyhost_run3,7577000,1779282292.025015
approach5_skyhost_run3,7578000,1779282292.026787
approach5_skyhost_run3,7579000,1779282292.028565
approach5_skyhost_run3,7580000,1779282292.113584
approach5_skyhost_run3,7581000,1779282292.115383
approach5_skyhost_run3,7582000,1779282292.156554
approach5_skyhost_run3,7583000,1779282292.158332
approach5_skyhost_run3,7584000,1779282292.160099
approach5_skyhost_run3,7585000,1779282292.161875
approach5_skyhost_run3,7586000,1779282292.170299
approach5_skyhost_run3,7587000,1779282292.258205
approach5_skyhost_run3,7588000,1779282292.259978
approach5_skyhost_run3,7589000,1779282292.261742
approach5_skyhost_run3,7590000,1779282292.263524
approach5_skyhost_run3,7591000,1779282292.275146
approach5_skyhost_run3,7592000,1779282292.406436
approach5_skyhost_run3,7593000,1779282292.408218
approach5_skyhost_run3,7594000,1779282292.409977
approach5_skyhost_run3,7595000,1779282292.411766
approach5_skyhost_run3,7596000,1779282292.419571
approach5_skyhost_run3,7597000,1779282292.475873
approach5_skyhost_run3,7598000,1779282292.477636
approach5_skyhost_run3,7599000,1779282292.479418
approach5_skyhost_run3,7600000,1779282292.481194
approach5_skyhost_run3,7601000,1779282292.495571
approach5_skyhost_run3,7602000,1779282292.497334
approach5_skyhost_run3,7603000,1779282292.499113
approach5_skyhost_run3,7604000,1779282292.500885
approach5_skyhost_run3,7605000,1779282292.566471
approach5_skyhost_run3,7606000,1779282292.568243
approach5_skyhost_run3,7607000,1779282292.570018
approach5_skyhost_run3,7608000,1779282292.571812
approach5_skyhost_run3,7609000,1779282292.581278
approach5_skyhost_run3,7610000,1779282292.583053
approach5_skyhost_run3,7611000,1779282292.584843
approach5_skyhost_run3,7612000,1779282292.818175
approach5_skyhost_run3,7613000,1779282292.819951
approach5_skyhost_run3,7614000,1779282292.821726
approach5_skyhost_run3,7615000,1779282292.823521
approach5_skyhost_run3,7616000,1779282292.839224
approach5_skyhost_run3,7617000,1779282292.840987
approach5_skyhost_run3,7618000,1779282292.842770
approach5_skyhost_run3,7619000,1779282292.844550
approach5_skyhost_run3,7620000,1779282292.928896
approach5_skyhost_run3,7621000,1779282292.930682
approach5_skyhost_run3,7622000,1779282292.978489
approach5_skyhost_run3,7623000,1779282292.980253
approach5_skyhost_run3,7624000,1779282292.982020
approach5_skyhost_run3,7625000,1779282292.983813
approach5_skyhost_run3,7626000,1779282292.992683
approach5_skyhost_run3,7627000,1779282293.081810
approach5_skyhost_run3,7628000,1779282293.083590
approach5_skyhost_run3,7629000,1779282293.085387
approach5_skyhost_run3,7630000,1779282293.087178
approach5_skyhost_run3,7631000,1779282293.099100
approach5_skyhost_run3,7632000,1779282293.125938
approach5_skyhost_run3,7633000,1779282293.127713
approach5_skyhost_run3,7634000,1779282293.129477
approach5_skyhost_run3,7635000,1779282293.131261
approach5_skyhost_run3,7636000,1779282293.146969
approach5_skyhost_run3,7637000,1779282293.148737
approach5_skyhost_run3,7638000,1779282293.150523
approach5_skyhost_run3,7639000,1779282293.152290
approach5_skyhost_run3,7640000,1779282293.238011
approach5_skyhost_run3,7641000,1779282293.239796
approach5_skyhost_run3,7642000,1779282293.286904
approach5_skyhost_run3,7643000,1779282293.288663
approach5_skyhost_run3,7644000,1779282293.290442
approach5_skyhost_run3,7645000,1779282293.292215
approach5_skyhost_run3,7646000,1779282293.300075
approach5_skyhost_run3,7647000,1779282293.404208
approach5_skyhost_run3,7648000,1779282293.406002
approach5_skyhost_run3,7649000,1779282293.407787
approach5_skyhost_run3,7650000,1779282293.409565
approach5_skyhost_run3,7651000,1779282293.435812
approach5_skyhost_run3,7652000,1779282293.485221
approach5_skyhost_run3,7653000,1779282293.486992
approach5_skyhost_run3,7654000,1779282293.488760
approach5_skyhost_run3,7655000,1779282293.490521
approach5_skyhost_run3,7656000,1779282293.505393
approach5_skyhost_run3,7657000,1779282293.507169
approach5_skyhost_run3,7658000,1779282293.508934
approach5_skyhost_run3,7659000,1779282293.510728
approach5_skyhost_run3,7660000,1779282293.590454
approach5_skyhost_run3,7661000,1779282293.592226
approach5_skyhost_run3,7662000,1779282293.609418
approach5_skyhost_run3,7663000,1779282293.611193
approach5_skyhost_run3,7664000,1779282293.612961
approach5_skyhost_run3,7665000,1779282293.614744
approach5_skyhost_run3,7666000,1779282293.642916
approach5_skyhost_run3,7667000,1779282293.747079
approach5_skyhost_run3,7668000,1779282293.748845
approach5_skyhost_run3,7669000,1779282293.750625
approach5_skyhost_run3,7670000,1779282293.752407
approach5_skyhost_run3,7671000,1779282293.762649
approach5_skyhost_run3,7672000,1779282293.803716
approach5_skyhost_run3,7673000,1779282293.805511
approach5_skyhost_run3,7674000,1779282293.807293
approach5_skyhost_run3,7675000,1779282293.809067
approach5_skyhost_run3,7676000,1779282293.819252
approach5_skyhost_run3,7677000,1779282293.907029
approach5_skyhost_run3,7678000,1779282293.908806
approach5_skyhost_run3,7679000,1779282293.910581
approach5_skyhost_run3,7680000,1779282293.912350
approach5_skyhost_run3,7681000,1779282293.922879
approach5_skyhost_run3,7682000,1779282294.007063
approach5_skyhost_run3,7683000,1779282294.008838
approach5_skyhost_run3,7684000,1779282294.010627
approach5_skyhost_run3,7685000,1779282294.012401
approach5_skyhost_run3,7686000,1779282294.023772
approach5_skyhost_run3,7687000,1779282294.112973
approach5_skyhost_run3,7688000,1779282294.114745
approach5_skyhost_run3,7689000,1779282294.116531
approach5_skyhost_run3,7690000,1779282294.118317
approach5_skyhost_run3,7691000,1779282294.126054
approach5_skyhost_run3,7692000,1779282294.157688
approach5_skyhost_run3,7693000,1779282294.159469
approach5_skyhost_run3,7694000,1779282294.161243
approach5_skyhost_run3,7695000,1779282294.163037
approach5_skyhost_run3,7696000,1779282294.229028
approach5_skyhost_run3,7697000,1779282294.230804
approach5_skyhost_run3,7698000,1779282294.232573
approach5_skyhost_run3,7699000,1779282294.234359
approach5_skyhost_run3,7700000,1779282294.264152
approach5_skyhost_run3,7701000,1779282294.265933
approach5_skyhost_run3,7702000,1779282294.267708
approach5_skyhost_run3,7703000,1779282294.269510
approach5_skyhost_run3,7704000,1779282294.283796
approach5_skyhost_run3,7705000,1779282294.285578
approach5_skyhost_run3,7706000,1779282294.287351
approach5_skyhost_run3,7707000,1779282294.289120
approach5_skyhost_run3,7708000,1779282294.319190
approach5_skyhost_run3,7709000,1779282294.320954
approach5_skyhost_run3,7710000,1779282294.365951
approach5_skyhost_run3,7711000,1779282294.367873
approach5_skyhost_run3,7712000,1779282294.370029
approach5_skyhost_run3,7713000,1779282294.371812
approach5_skyhost_run3,7714000,1779282294.373579
approach5_skyhost_run3,7715000,1779282294.375387
approach5_skyhost_run3,7716000,1779282294.435291
approach5_skyhost_run3,7717000,1779282294.437066
approach5_skyhost_run3,7718000,1779282294.438830
approach5_skyhost_run3,7719000,1779282294.440672
approach5_skyhost_run3,7720000,1779282294.469120
approach5_skyhost_run3,7721000,1779282294.470889
approach5_skyhost_run3,7722000,1779282294.472653
approach5_skyhost_run3,7723000,1779282294.474442
approach5_skyhost_run3,7724000,1779282294.489258
approach5_skyhost_run3,7725000,1779282294.491040
approach5_skyhost_run3,7726000,1779282294.492821
approach5_skyhost_run3,7727000,1779282294.494621
approach5_skyhost_run3,7728000,1779282294.525470
approach5_skyhost_run3,7729000,1779282294.527256
approach5_skyhost_run3,7730000,1779282294.572299
approach5_skyhost_run3,7731000,1779282294.574929
approach5_skyhost_run3,7732000,1779282294.576687
approach5_skyhost_run3,7733000,1779282294.578461
approach5_skyhost_run3,7734000,1779282294.580229
approach5_skyhost_run3,7735000,1779282294.581999
approach5_skyhost_run3,7736000,1779282294.593565
approach5_skyhost_run3,7737000,1779282294.595359
approach5_skyhost_run3,7738000,1779282294.597129
approach5_skyhost_run3,7739000,1779282294.598920
approach5_skyhost_run3,7740000,1779282294.683371
approach5_skyhost_run3,7741000,1779282294.685170
approach5_skyhost_run3,7742000,1779282294.730339
approach5_skyhost_run3,7743000,1779282294.732109
approach5_skyhost_run3,7744000,1779282294.733881
approach5_skyhost_run3,7745000,1779282294.735693
approach5_skyhost_run3,7746000,1779282294.744714
approach5_skyhost_run3,7747000,1779282294.831914
approach5_skyhost_run3,7748000,1779282294.833680
approach5_skyhost_run3,7749000,1779282294.835492
approach5_skyhost_run3,7750000,1779282294.837263
approach5_skyhost_run3,7751000,1779282294.847297
approach5_skyhost_run3,7752000,1779282294.935323
approach5_skyhost_run3,7753000,1779282294.937092
approach5_skyhost_run3,7754000,1779282294.938879
approach5_skyhost_run3,7755000,1779282294.940654
approach5_skyhost_run3,7756000,1779282294.951210
approach5_skyhost_run3,7757000,1779282295.039136
approach5_skyhost_run3,7758000,1779282295.040914
approach5_skyhost_run3,7759000,1779282295.042700
approach5_skyhost_run3,7760000,1779282295.044476
approach5_skyhost_run3,7761000,1779282295.054850
approach5_skyhost_run3,7762000,1779282295.139641
approach5_skyhost_run3,7763000,1779282295.141401
approach5_skyhost_run3,7764000,1779282295.143184
approach5_skyhost_run3,7765000,1779282295.144974
approach5_skyhost_run3,7766000,1779282295.159929
approach5_skyhost_run3,7767000,1779282295.290612
approach5_skyhost_run3,7768000,1779282295.292366
approach5_skyhost_run3,7769000,1779282295.294122
approach5_skyhost_run3,7770000,1779282295.295933
approach5_skyhost_run3,7771000,1779282295.306264
approach5_skyhost_run3,7772000,1779282295.347720
approach5_skyhost_run3,7773000,1779282295.349482
approach5_skyhost_run3,7774000,1779282295.351268
approach5_skyhost_run3,7775000,1779282295.353050
approach5_skyhost_run3,7776000,1779282295.373469
approach5_skyhost_run3,7777000,1779282295.375248
approach5_skyhost_run3,7778000,1779282295.377005
approach5_skyhost_run3,7779000,1779282295.378786
approach5_skyhost_run3,7780000,1779282295.460749
approach5_skyhost_run3,7781000,1779282295.462499
approach5_skyhost_run3,7782000,1779282295.470263
approach5_skyhost_run3,7783000,1779282295.472036
approach5_skyhost_run3,7784000,1779282295.473804
approach5_skyhost_run3,7785000,1779282295.475621
approach5_skyhost_run3,7786000,1779282295.488725
approach5_skyhost_run3,7787000,1779282295.490492
approach5_skyhost_run3,7788000,1779282295.492260
approach5_skyhost_run3,7789000,1779282295.494036
approach5_skyhost_run3,7790000,1779282295.552539
approach5_skyhost_run3,7791000,1779282295.554299
approach5_skyhost_run3,7792000,1779282295.556101
approach5_skyhost_run3,7793000,1779282295.557875
approach5_skyhost_run3,7794000,1779282295.569848
approach5_skyhost_run3,7795000,1779282295.575464
approach5_skyhost_run3,7796000,1779282295.577224
approach5_skyhost_run3,7797000,1779282295.596538
approach5_skyhost_run3,7798000,1779282295.598305
approach5_skyhost_run3,7799000,1779282295.600084
approach5_skyhost_run3,7800000,1779282295.601860
approach5_skyhost_run3,7801000,1779282295.615565
approach5_skyhost_run3,7802000,1779282295.617331
approach5_skyhost_run3,7803000,1779282295.619115
approach5_skyhost_run3,7804000,1779282295.620894
approach5_skyhost_run3,7805000,1779282295.701412
approach5_skyhost_run3,7806000,1779282295.703191
approach5_skyhost_run3,7807000,1779282295.755641
approach5_skyhost_run3,7808000,1779282295.757403
approach5_skyhost_run3,7809000,1779282295.759182
approach5_skyhost_run3,7810000,1779282295.760957
approach5_skyhost_run3,7811000,1779282295.771775
approach5_skyhost_run3,7812000,1779282295.829751
approach5_skyhost_run3,7813000,1779282295.831538
approach5_skyhost_run3,7814000,1779282295.833326
approach5_skyhost_run3,7815000,1779282295.835153
approach5_skyhost_run3,7816000,1779282295.885353
approach5_skyhost_run3,7817000,1779282295.887132
approach5_skyhost_run3,7818000,1779282295.888901
approach5_skyhost_run3,7819000,1779282295.921890
approach5_skyhost_run3,7820000,1779282295.923676
approach5_skyhost_run3,7821000,1779282295.925487
approach5_skyhost_run3,7822000,1779282295.966170
approach5_skyhost_run3,7823000,1779282295.967947
approach5_skyhost_run3,7824000,1779282295.969712
approach5_skyhost_run3,7825000,1779282295.971502
approach5_skyhost_run3,7826000,1779282295.983631
approach5_skyhost_run3,7827000,1779282296.009048
approach5_skyhost_run3,7828000,1779282296.010819
approach5_skyhost_run3,7829000,1779282296.012606
approach5_skyhost_run3,7830000,1779282296.014395
approach5_skyhost_run3,7831000,1779282296.028709
approach5_skyhost_run3,7832000,1779282296.030479
approach5_skyhost_run3,7833000,1779282296.032246
approach5_skyhost_run3,7834000,1779282296.034024
approach5_skyhost_run3,7835000,1779282296.115806
approach5_skyhost_run3,7836000,1779282296.117578
approach5_skyhost_run3,7837000,1779282296.209352
approach5_skyhost_run3,7838000,1779282296.211138
approach5_skyhost_run3,7839000,1779282296.212916
approach5_skyhost_run3,7840000,1779282296.214712
approach5_skyhost_run3,7841000,1779282296.223712
approach5_skyhost_run3,7842000,1779282296.272464
approach5_skyhost_run3,7843000,1779282296.274243
approach5_skyhost_run3,7844000,1779282296.276028
approach5_skyhost_run3,7845000,1779282296.277840
approach5_skyhost_run3,7846000,1779282296.283125
approach5_skyhost_run3,7847000,1779282296.374473
approach5_skyhost_run3,7848000,1779282296.376264
approach5_skyhost_run3,7849000,1779282296.378034
approach5_skyhost_run3,7850000,1779282296.379823
approach5_skyhost_run3,7851000,1779282296.387280
approach5_skyhost_run3,7852000,1779282296.476211
approach5_skyhost_run3,7853000,1779282296.477976
approach5_skyhost_run3,7854000,1779282296.479761
approach5_skyhost_run3,7855000,1779282296.481546
approach5_skyhost_run3,7856000,1779282296.492929
approach5_skyhost_run3,7857000,1779282296.591695
approach5_skyhost_run3,7858000,1779282296.593462
approach5_skyhost_run3,7859000,1779282296.595278
approach5_skyhost_run3,7860000,1779282296.597055
approach5_skyhost_run3,7861000,1779282296.623986
approach5_skyhost_run3,7862000,1779282296.627712
approach5_skyhost_run3,7863000,1779282296.629468
approach5_skyhost_run3,7864000,1779282296.631238
approach5_skyhost_run3,7865000,1779282296.633016
approach5_skyhost_run3,7866000,1779282296.647767
approach5_skyhost_run3,7867000,1779282296.649550
approach5_skyhost_run3,7868000,1779282296.651347
approach5_skyhost_run3,7869000,1779282296.653135
approach5_skyhost_run3,7870000,1779282296.737699
approach5_skyhost_run3,7871000,1779282296.739501
approach5_skyhost_run3,7872000,1779282296.828184
approach5_skyhost_run3,7873000,1779282296.829960
approach5_skyhost_run3,7874000,1779282296.831738
approach5_skyhost_run3,7875000,1779282296.833514
approach5_skyhost_run3,7876000,1779282296.850680
approach5_skyhost_run3,7877000,1779282296.883117
approach5_skyhost_run3,7878000,1779282296.884912
approach5_skyhost_run3,7879000,1779282296.886704
approach5_skyhost_run3,7880000,1779282296.888491
approach5_skyhost_run3,7881000,1779282296.899456
approach5_skyhost_run3,7882000,1779282296.988811
approach5_skyhost_run3,7883000,1779282296.990597
approach5_skyhost_run3,7884000,1779282296.992379
approach5_skyhost_run3,7885000,1779282296.994158
approach5_skyhost_run3,7886000,1779282297.003067
approach5_skyhost_run3,7887000,1779282297.104273
approach5_skyhost_run3,7888000,1779282297.106057
approach5_skyhost_run3,7889000,1779282297.107845
approach5_skyhost_run3,7890000,1779282297.109628
approach5_skyhost_run3,7891000,1779282297.139008
approach5_skyhost_run3,7892000,1779282297.185450
approach5_skyhost_run3,7893000,1779282297.187223
approach5_skyhost_run3,7894000,1779282297.188995
approach5_skyhost_run3,7895000,1779282297.190781
approach5_skyhost_run3,7896000,1779282297.204323
approach5_skyhost_run3,7897000,1779282297.206117
approach5_skyhost_run3,7898000,1779282297.207909
approach5_skyhost_run3,7899000,1779282297.209698
approach5_skyhost_run3,7900000,1779282297.292305
approach5_skyhost_run3,7901000,1779282297.294084
approach5_skyhost_run3,7902000,1779282297.409705
approach5_skyhost_run3,7903000,1779282297.411489
approach5_skyhost_run3,7904000,1779282297.413264
approach5_skyhost_run3,7905000,1779282297.415083
approach5_skyhost_run3,7906000,1779282297.442843
approach5_skyhost_run3,7907000,1779282297.545338
approach5_skyhost_run3,7908000,1779282297.547129
approach5_skyhost_run3,7909000,1779282297.548896
approach5_skyhost_run3,7910000,1779282297.550684
approach5_skyhost_run3,7911000,1779282297.560244
approach5_skyhost_run3,7912000,1779282297.596080
approach5_skyhost_run3,7913000,1779282297.597842
approach5_skyhost_run3,7914000,1779282297.599624
approach5_skyhost_run3,7915000,1779282297.601401
approach5_skyhost_run3,7916000,1779282297.619427
approach5_skyhost_run3,7917000,1779282297.621192
approach5_skyhost_run3,7918000,1779282297.622971
approach5_skyhost_run3,7919000,1779282297.624747
approach5_skyhost_run3,7920000,1779282297.706198
approach5_skyhost_run3,7921000,1779282297.708441
approach5_skyhost_run3,7922000,1779282297.710211
approach5_skyhost_run3,7923000,1779282297.711995
approach5_skyhost_run3,7924000,1779282297.713769
approach5_skyhost_run3,7925000,1779282297.715790
approach5_skyhost_run3,7926000,1779282297.718883
approach5_skyhost_run3,7927000,1779282297.806691
approach5_skyhost_run3,7928000,1779282297.808458
approach5_skyhost_run3,7929000,1779282297.810237
approach5_skyhost_run3,7930000,1779282297.812042
approach5_skyhost_run3,7931000,1779282297.827792
approach5_skyhost_run3,7932000,1779282297.909461
approach5_skyhost_run3,7933000,1779282297.911239
approach5_skyhost_run3,7934000,1779282297.913006
approach5_skyhost_run3,7935000,1779282297.914788
approach5_skyhost_run3,7936000,1779282297.925958
approach5_skyhost_run3,7937000,1779282298.014109
approach5_skyhost_run3,7938000,1779282298.015923
approach5_skyhost_run3,7939000,1779282298.017701
approach5_skyhost_run3,7940000,1779282298.019499
approach5_skyhost_run3,7941000,1779282298.027800
approach5_skyhost_run3,7942000,1779282298.117303
approach5_skyhost_run3,7943000,1779282298.119084
approach5_skyhost_run3,7944000,1779282298.120852
approach5_skyhost_run3,7945000,1779282298.122648
approach5_skyhost_run3,7946000,1779282298.132168
approach5_skyhost_run3,7947000,1779282298.218961
approach5_skyhost_run3,7948000,1779282298.220739
approach5_skyhost_run3,7949000,1779282298.222531
approach5_skyhost_run3,7950000,1779282298.224318
approach5_skyhost_run3,7951000,1779282298.233783
approach5_skyhost_run3,7952000,1779282298.269143
approach5_skyhost_run3,7953000,1779282298.270923
approach5_skyhost_run3,7954000,1779282298.272684
approach5_skyhost_run3,7955000,1779282298.274491
approach5_skyhost_run3,7956000,1779282298.289093
approach5_skyhost_run3,7957000,1779282298.290873
approach5_skyhost_run3,7958000,1779282298.292636
approach5_skyhost_run3,7959000,1779282298.294422
approach5_skyhost_run3,7960000,1779282298.370889
approach5_skyhost_run3,7961000,1779282298.372821
approach5_skyhost_run3,7962000,1779282298.374969
approach5_skyhost_run3,7963000,1779282298.376748
approach5_skyhost_run3,7964000,1779282298.378540
approach5_skyhost_run3,7965000,1779282298.380339
approach5_skyhost_run3,7966000,1779282298.390143
approach5_skyhost_run3,7967000,1779282298.391911
approach5_skyhost_run3,7968000,1779282298.393666
approach5_skyhost_run3,7969000,1779282298.395473
approach5_skyhost_run3,7970000,1779282298.476014
approach5_skyhost_run3,7971000,1779282298.477816
approach5_skyhost_run3,7972000,1779282298.530122
approach5_skyhost_run3,7973000,1779282298.531907
approach5_skyhost_run3,7974000,1779282298.533684
approach5_skyhost_run3,7975000,1779282298.535507
approach5_skyhost_run3,7976000,1779282298.542595
approach5_skyhost_run3,7977000,1779282298.645223
approach5_skyhost_run3,7978000,1779282298.647002
approach5_skyhost_run3,7979000,1779282298.648770
approach5_skyhost_run3,7980000,1779282298.650559
approach5_skyhost_run3,7981000,1779282298.682080
approach5_skyhost_run3,7982000,1779282298.733804
approach5_skyhost_run3,7983000,1779282298.735618
approach5_skyhost_run3,7984000,1779282298.737395
approach5_skyhost_run3,7985000,1779282298.739192
approach5_skyhost_run3,7986000,1779282298.749163
approach5_skyhost_run3,7987000,1779282298.883408
approach5_skyhost_run3,7988000,1779282298.885211
approach5_skyhost_run3,7989000,1779282298.886999
approach5_skyhost_run3,7990000,1779282298.888790
approach5_skyhost_run3,7991000,1779282298.896328
approach5_skyhost_run3,7992000,1779282298.944047
approach5_skyhost_run3,7993000,1779282298.945843
approach5_skyhost_run3,7994000,1779282298.947630
approach5_skyhost_run3,7995000,1779282298.949412
approach5_skyhost_run3,7996000,1779282298.957893
approach5_skyhost_run3,7997000,1779282299.041347
approach5_skyhost_run3,7998000,1779282299.043128
approach5_skyhost_run3,7999000,1779282299.044932
approach5_skyhost_run3,8000000,1779282299.046733
approach5_skyhost_run3,8001000,1779282299.057611
approach5_skyhost_run3,8002000,1779282299.145824
approach5_skyhost_run3,8003000,1779282299.147596
approach5_skyhost_run3,8004000,1779282299.149359
approach5_skyhost_run3,8005000,1779282299.151143
approach5_skyhost_run3,8006000,1779282299.159893
approach5_skyhost_run3,8007000,1779282299.294616
approach5_skyhost_run3,8008000,1779282299.296406
approach5_skyhost_run3,8009000,1779282299.298174
approach5_skyhost_run3,8010000,1779282299.299976
approach5_skyhost_run3,8011000,1779282299.311719
approach5_skyhost_run3,8012000,1779282299.339505
approach5_skyhost_run3,8013000,1779282299.341275
approach5_skyhost_run3,8014000,1779282299.343054
approach5_skyhost_run3,8015000,1779282299.344851
approach5_skyhost_run3,8016000,1779282299.376992
approach5_skyhost_run3,8017000,1779282299.378771
approach5_skyhost_run3,8018000,1779282299.380545
approach5_skyhost_run3,8019000,1779282299.382324
approach5_skyhost_run3,8020000,1779282299.455990
approach5_skyhost_run3,8021000,1779282299.457876
approach5_skyhost_run3,8022000,1779282299.460131
approach5_skyhost_run3,8023000,1779282299.461902
approach5_skyhost_run3,8024000,1779282299.463687
approach5_skyhost_run3,8025000,1779282299.465491
approach5_skyhost_run3,8026000,1779282299.469785
approach5_skyhost_run3,8027000,1779282299.556904
approach5_skyhost_run3,8028000,1779282299.558679
approach5_skyhost_run3,8029000,1779282299.560476
approach5_skyhost_run3,8030000,1779282299.562259
approach5_skyhost_run3,8031000,1779282299.570929
approach5_skyhost_run3,8032000,1779282299.655344
approach5_skyhost_run3,8033000,1779282299.657077
approach5_skyhost_run3,8034000,1779282299.658900
approach5_skyhost_run3,8035000,1779282299.660677
approach5_skyhost_run3,8036000,1779282299.676099
approach5_skyhost_run3,8037000,1779282299.677873
approach5_skyhost_run3,8038000,1779282299.679654
approach5_skyhost_run3,8039000,1779282299.681436
approach5_skyhost_run3,8040000,1779282299.759566
approach5_skyhost_run3,8041000,1779282299.761427
approach5_skyhost_run3,8042000,1779282299.764869
approach5_skyhost_run3,8043000,1779282299.766649
approach5_skyhost_run3,8044000,1779282299.768424
approach5_skyhost_run3,8045000,1779282299.770207
approach5_skyhost_run3,8046000,1779282299.781004
approach5_skyhost_run3,8047000,1779282299.868914
approach5_skyhost_run3,8048000,1779282299.870701
approach5_skyhost_run3,8049000,1779282299.872473
approach5_skyhost_run3,8050000,1779282299.874254
approach5_skyhost_run3,8051000,1779282299.880250
approach5_skyhost_run3,8052000,1779282299.965499
approach5_skyhost_run3,8053000,1779282299.967286
approach5_skyhost_run3,8054000,1779282299.969068
approach5_skyhost_run3,8055000,1779282299.970873
approach5_skyhost_run3,8056000,1779282300.004224
approach5_skyhost_run3,8057000,1779282300.006041
approach5_skyhost_run3,8058000,1779282300.007859
approach5_skyhost_run3,8059000,1779282300.009678
approach5_skyhost_run3,8060000,1779282300.016888
approach5_skyhost_run3,8061000,1779282300.018681
approach5_skyhost_run3,8062000,1779282300.020459
approach5_skyhost_run3,8063000,1779282300.022245
approach5_skyhost_run3,8064000,1779282300.037211
approach5_skyhost_run3,8065000,1779282300.038999
approach5_skyhost_run3,8066000,1779282300.040773
approach5_skyhost_run3,8067000,1779282300.042569
approach5_skyhost_run3,8068000,1779282300.087992
approach5_skyhost_run3,8069000,1779282300.089758
approach5_skyhost_run3,8070000,1779282300.122710
approach5_skyhost_run3,8071000,1779282300.124490
approach5_skyhost_run3,8072000,1779282300.174329
approach5_skyhost_run3,8073000,1779282300.176131
approach5_skyhost_run3,8074000,1779282300.177902
approach5_skyhost_run3,8075000,1779282300.179689
approach5_skyhost_run3,8076000,1779282300.189809
approach5_skyhost_run3,8077000,1779282300.287884
approach5_skyhost_run3,8078000,1779282300.289652
approach5_skyhost_run3,8079000,1779282300.291433
approach5_skyhost_run3,8080000,1779282300.293201
approach5_skyhost_run3,8081000,1779282300.301709
approach5_skyhost_run3,8082000,1779282300.392280
approach5_skyhost_run3,8083000,1779282300.394046
approach5_skyhost_run3,8084000,1779282300.395956
approach5_skyhost_run3,8085000,1779282300.397731
approach5_skyhost_run3,8086000,1779282300.410686
approach5_skyhost_run3,8087000,1779282300.482122
approach5_skyhost_run3,8088000,1779282300.483900
approach5_skyhost_run3,8089000,1779282300.485703
approach5_skyhost_run3,8090000,1779282300.487497
approach5_skyhost_run3,8091000,1779282300.499599
approach5_skyhost_run3,8092000,1779282300.624763
approach5_skyhost_run3,8093000,1779282300.626551
approach5_skyhost_run3,8094000,1779282300.628327
approach5_skyhost_run3,8095000,1779282300.630111
approach5_skyhost_run3,8096000,1779282300.645879
approach5_skyhost_run3,8097000,1779282300.647708
approach5_skyhost_run3,8098000,1779282300.649482
approach5_skyhost_run3,8099000,1779282300.651268
approach5_skyhost_run3,8100000,1779282300.687437
approach5_skyhost_run3,8101000,1779282300.689205
approach5_skyhost_run3,8102000,1779282300.690990
approach5_skyhost_run3,8103000,1779282300.692773
approach5_skyhost_run3,8104000,1779282300.733360
approach5_skyhost_run3,8105000,1779282300.735175
approach5_skyhost_run3,8106000,1779282301.332827
approach5_skyhost_run3,8107000,1779282301.334623
approach5_skyhost_run3,8108000,1779282301.336422
approach5_skyhost_run3,8109000,1779282301.338205
approach5_skyhost_run3,8110000,1779282301.392391
approach5_skyhost_run3,8111000,1779282301.433242
approach5_skyhost_run3,8112000,1779282301.435058
approach5_skyhost_run3,8113000,1779282301.436829
approach5_skyhost_run3,8114000,1779282301.438619
approach5_skyhost_run3,8115000,1779282301.447740
approach5_skyhost_run3,8116000,1779282301.536277
approach5_skyhost_run3,8117000,1779282301.538056
approach5_skyhost_run3,8118000,1779282301.539838
approach5_skyhost_run3,8119000,1779282301.541640
approach5_skyhost_run3,8120000,1779282301.552066
approach5_skyhost_run3,8121000,1779282301.638579
approach5_skyhost_run3,8122000,1779282301.640355
approach5_skyhost_run3,8123000,1779282301.642123
approach5_skyhost_run3,8124000,1779282301.643913
approach5_skyhost_run3,8125000,1779282301.653553
approach5_skyhost_run3,8126000,1779282301.754889
approach5_skyhost_run3,8127000,1779282301.756664
approach5_skyhost_run3,8128000,1779282301.758447
approach5_skyhost_run3,8129000,1779282301.760233
approach5_skyhost_run3,8130000,1779282301.773772
approach5_skyhost_run3,8131000,1779282301.858450
approach5_skyhost_run3,8132000,1779282301.860258
approach5_skyhost_run3,8133000,1779282301.862046
approach5_skyhost_run3,8134000,1779282301.863862
approach5_skyhost_run3,8135000,1779282301.878839
approach5_skyhost_run3,8136000,1779282301.946821
approach5_skyhost_run3,8137000,1779282301.948615
approach5_skyhost_run3,8138000,1779282301.950415
approach5_skyhost_run3,8139000,1779282301.952201
approach5_skyhost_run3,8140000,1779282301.963013
approach5_skyhost_run3,8141000,1779282302.051579
approach5_skyhost_run3,8142000,1779282302.053353
approach5_skyhost_run3,8143000,1779282302.055156
approach5_skyhost_run3,8144000,1779282302.056946
approach5_skyhost_run3,8145000,1779282302.066177
approach5_skyhost_run3,8146000,1779282302.155890
approach5_skyhost_run3,8147000,1779282302.157648
approach5_skyhost_run3,8148000,1779282302.159431
approach5_skyhost_run3,8149000,1779282302.161217
approach5_skyhost_run3,8150000,1779282302.166638
approach5_skyhost_run3,8151000,1779282302.291366
approach5_skyhost_run3,8152000,1779282302.293146
approach5_skyhost_run3,8153000,1779282302.294960
approach5_skyhost_run3,8154000,1779282302.296732
approach5_skyhost_run3,8155000,1779282302.310344
approach5_skyhost_run3,8156000,1779282302.312123
approach5_skyhost_run3,8157000,1779282302.313910
approach5_skyhost_run3,8158000,1779282302.315729
approach5_skyhost_run3,8159000,1779282302.353515
approach5_skyhost_run3,8160000,1779282302.355367
approach5_skyhost_run3,8161000,1779282302.357145
approach5_skyhost_run3,8162000,1779282302.358939
approach5_skyhost_run3,8163000,1779282302.373655
approach5_skyhost_run3,8164000,1779282302.375452
approach5_skyhost_run3,8165000,1779282302.377226
approach5_skyhost_run3,8166000,1779282302.379016
approach5_skyhost_run3,8167000,1779282302.395443
approach5_skyhost_run3,8168000,1779282302.397208
approach5_skyhost_run3,8169000,1779282302.459039
approach5_skyhost_run3,8170000,1779282302.460990
approach5_skyhost_run3,8171000,1779282302.463657
approach5_skyhost_run3,8172000,1779282302.465448
approach5_skyhost_run3,8173000,1779282302.467225
approach5_skyhost_run3,8174000,1779282302.469000
approach5_skyhost_run3,8175000,1779282302.480514
approach5_skyhost_run3,8176000,1779282302.611501
approach5_skyhost_run3,8177000,1779282302.613279
approach5_skyhost_run3,8178000,1779282302.615097
approach5_skyhost_run3,8179000,1779282302.616882
approach5_skyhost_run3,8180000,1779282302.623829
approach5_skyhost_run3,8181000,1779282302.665353
approach5_skyhost_run3,8182000,1779282302.667148
approach5_skyhost_run3,8183000,1779282302.668927
approach5_skyhost_run3,8184000,1779282302.670725
approach5_skyhost_run3,8185000,1779282302.681174
approach5_skyhost_run3,8186000,1779282302.783110
approach5_skyhost_run3,8187000,1779282302.784913
approach5_skyhost_run3,8188000,1779282302.786697
approach5_skyhost_run3,8189000,1779282302.788474
approach5_skyhost_run3,8190000,1779282302.799353
approach5_skyhost_run3,8191000,1779282302.874853
approach5_skyhost_run3,8192000,1779282302.876628
approach5_skyhost_run3,8193000,1779282302.878411
approach5_skyhost_run3,8194000,1779282302.880199
approach5_skyhost_run3,8195000,1779282302.891652
approach5_skyhost_run3,8196000,1779282302.987811
approach5_skyhost_run3,8197000,1779282302.989587
approach5_skyhost_run3,8198000,1779282302.991376
approach5_skyhost_run3,8199000,1779282302.993165
approach5_skyhost_run3,8200000,1779282303.020978
approach5_skyhost_run3,8201000,1779282303.022983
approach5_skyhost_run3,8202000,1779282303.024752
approach5_skyhost_run3,8203000,1779282303.026561
approach5_skyhost_run3,8204000,1779282303.028338
approach5_skyhost_run3,8205000,1779282303.041344
approach5_skyhost_run3,8206000,1779282303.043109
approach5_skyhost_run3,8207000,1779282303.044910
approach5_skyhost_run3,8208000,1779282303.046680
approach5_skyhost_run3,8209000,1779282303.127767
approach5_skyhost_run3,8210000,1779282303.129541
approach5_skyhost_run3,8211000,1779282303.175479
approach5_skyhost_run3,8212000,1779282303.177248
approach5_skyhost_run3,8213000,1779282303.179031
approach5_skyhost_run3,8214000,1779282303.180812
approach5_skyhost_run3,8215000,1779282303.196431
approach5_skyhost_run3,8216000,1779282303.198203
approach5_skyhost_run3,8217000,1779282303.199988
approach5_skyhost_run3,8218000,1779282303.201771
approach5_skyhost_run3,8219000,1779282303.281597
approach5_skyhost_run3,8220000,1779282303.283381
approach5_skyhost_run3,8221000,1779282303.288867
approach5_skyhost_run3,8222000,1779282303.290619
approach5_skyhost_run3,8223000,1779282303.292428
approach5_skyhost_run3,8224000,1779282303.294199
approach5_skyhost_run3,8225000,1779282303.305024
approach5_skyhost_run3,8226000,1779282303.432900
approach5_skyhost_run3,8227000,1779282303.435030
approach5_skyhost_run3,8228000,1779282303.438369
approach5_skyhost_run3,8229000,1779282303.440149
approach5_skyhost_run3,8230000,1779282303.441921
approach5_skyhost_run3,8231000,1779282303.443747
approach5_skyhost_run3,8232000,1779282303.445619
approach5_skyhost_run3,8233000,1779282303.447721
approach5_skyhost_run3,8234000,1779282303.449933
approach5_skyhost_run3,8235000,1779282303.452598
approach5_skyhost_run3,8236000,1779282303.454378
approach5_skyhost_run3,8237000,1779282303.456170
approach5_skyhost_run3,8238000,1779282303.457944
approach5_skyhost_run3,8239000,1779282303.537511
approach5_skyhost_run3,8240000,1779282303.539298
approach5_skyhost_run3,8241000,1779282303.593940
approach5_skyhost_run3,8242000,1779282303.595759
approach5_skyhost_run3,8243000,1779282303.597535
approach5_skyhost_run3,8244000,1779282303.599328
approach5_skyhost_run3,8245000,1779282303.606886
approach5_skyhost_run3,8246000,1779282303.697305
approach5_skyhost_run3,8247000,1779282303.699098
approach5_skyhost_run3,8248000,1779282303.700868
approach5_skyhost_run3,8249000,1779282303.702667
approach5_skyhost_run3,8250000,1779282303.712609
approach5_skyhost_run3,8251000,1779282303.808969
approach5_skyhost_run3,8252000,1779282303.810742
approach5_skyhost_run3,8253000,1779282303.812505
approach5_skyhost_run3,8254000,1779282303.814279
approach5_skyhost_run3,8255000,1779282303.826978
approach5_skyhost_run3,8256000,1779282303.901874
approach5_skyhost_run3,8257000,1779282303.903661
approach5_skyhost_run3,8258000,1779282303.905442
approach5_skyhost_run3,8259000,1779282303.907223
approach5_skyhost_run3,8260000,1779282303.914502
approach5_skyhost_run3,8261000,1779282304.001650
approach5_skyhost_run3,8262000,1779282304.003442
approach5_skyhost_run3,8263000,1779282304.005240
approach5_skyhost_run3,8264000,1779282304.007026
approach5_skyhost_run3,8265000,1779282304.017515
approach5_skyhost_run3,8266000,1779282304.120515
approach5_skyhost_run3,8267000,1779282304.122284
approach5_skyhost_run3,8268000,1779282304.124071
approach5_skyhost_run3,8269000,1779282304.125863
approach5_skyhost_run3,8270000,1779282304.158500
approach5_skyhost_run3,8271000,1779282304.206607
approach5_skyhost_run3,8272000,1779282304.208378
approach5_skyhost_run3,8273000,1779282304.210142
approach5_skyhost_run3,8274000,1779282304.211919
approach5_skyhost_run3,8275000,1779282304.223659
approach5_skyhost_run3,8276000,1779282304.306166
approach5_skyhost_run3,8277000,1779282304.307947
approach5_skyhost_run3,8278000,1779282304.309718
approach5_skyhost_run3,8279000,1779282304.311505
approach5_skyhost_run3,8280000,1779282304.359995
approach5_skyhost_run3,8281000,1779282304.361758
approach5_skyhost_run3,8282000,1779282304.363534
approach5_skyhost_run3,8283000,1779282304.365330
approach5_skyhost_run3,8284000,1779282304.380720
approach5_skyhost_run3,8285000,1779282304.382468
approach5_skyhost_run3,8286000,1779282304.384263
approach5_skyhost_run3,8287000,1779282304.386062
approach5_skyhost_run3,8288000,1779282304.398675
approach5_skyhost_run3,8289000,1779282304.400444
approach5_skyhost_run3,8290000,1779282304.402217
approach5_skyhost_run3,8291000,1779282304.404003
approach5_skyhost_run3,8292000,1779282304.430814
approach5_skyhost_run3,8293000,1779282304.432585
approach5_skyhost_run3,8294000,1779282304.466835
approach5_skyhost_run3,8295000,1779282304.468605
approach5_skyhost_run3,8296000,1779282304.529078
approach5_skyhost_run3,8297000,1779282304.530863
approach5_skyhost_run3,8298000,1779282304.532636
approach5_skyhost_run3,8299000,1779282304.534423
approach5_skyhost_run3,8300000,1779282304.551491
approach5_skyhost_run3,8301000,1779282304.610949
approach5_skyhost_run3,8302000,1779282304.612721
approach5_skyhost_run3,8303000,1779282304.614504
approach5_skyhost_run3,8304000,1779282304.616303
approach5_skyhost_run3,8305000,1779282304.631627
approach5_skyhost_run3,8306000,1779282304.633399
approach5_skyhost_run3,8307000,1779282304.635213
approach5_skyhost_run3,8308000,1779282304.637008
approach5_skyhost_run3,8309000,1779282304.722273
approach5_skyhost_run3,8310000,1779282304.724474
approach5_skyhost_run3,8311000,1779282304.726917
approach5_skyhost_run3,8312000,1779282304.728682
approach5_skyhost_run3,8313000,1779282304.730461
approach5_skyhost_run3,8314000,1779282304.732412
approach5_skyhost_run3,8315000,1779282304.734760
approach5_skyhost_run3,8316000,1779282304.868281
approach5_skyhost_run3,8317000,1779282304.870056
approach5_skyhost_run3,8318000,1779282304.871832
approach5_skyhost_run3,8319000,1779282304.873605
approach5_skyhost_run3,8320000,1779282304.883831
approach5_skyhost_run3,8321000,1779282304.927579
approach5_skyhost_run3,8322000,1779282304.929354
approach5_skyhost_run3,8323000,1779282304.931137
approach5_skyhost_run3,8324000,1779282304.932916
approach5_skyhost_run3,8325000,1779282304.941873
approach5_skyhost_run3,8326000,1779282305.030642
approach5_skyhost_run3,8327000,1779282305.032421
approach5_skyhost_run3,8328000,1779282305.034199
approach5_skyhost_run3,8329000,1779282305.036031
approach5_skyhost_run3,8330000,1779282305.092019
approach5_skyhost_run3,8331000,1779282305.134050
approach5_skyhost_run3,8332000,1779282305.135841
approach5_skyhost_run3,8333000,1779282305.137615
approach5_skyhost_run3,8334000,1779282305.139406
approach5_skyhost_run3,8335000,1779282305.150554
approach5_skyhost_run3,8336000,1779282305.234987
approach5_skyhost_run3,8337000,1779282305.236761
approach5_skyhost_run3,8338000,1779282305.238544
approach5_skyhost_run3,8339000,1779282305.240326
approach5_skyhost_run3,8340000,1779282305.250769
approach5_skyhost_run3,8341000,1779282305.339242
approach5_skyhost_run3,8342000,1779282305.341019
approach5_skyhost_run3,8343000,1779282305.342806
approach5_skyhost_run3,8344000,1779282305.344589
approach5_skyhost_run3,8345000,1779282305.352891
approach5_skyhost_run3,8346000,1779282305.485346
approach5_skyhost_run3,8347000,1779282305.487128
approach5_skyhost_run3,8348000,1779282305.488866
approach5_skyhost_run3,8349000,1779282305.490694
approach5_skyhost_run3,8350000,1779282305.499038
approach5_skyhost_run3,8351000,1779282305.590933
approach5_skyhost_run3,8352000,1779282305.592716
approach5_skyhost_run3,8353000,1779282305.594492
approach5_skyhost_run3,8354000,1779282305.596299
approach5_skyhost_run3,8355000,1779282305.603971
approach5_skyhost_run3,8356000,1779282305.648485
approach5_skyhost_run3,8357000,1779282305.650256
approach5_skyhost_run3,8358000,1779282305.652040
approach5_skyhost_run3,8359000,1779282305.653812
approach5_skyhost_run3,8360000,1779282305.661166
approach5_skyhost_run3,8361000,1779282305.748856
approach5_skyhost_run3,8362000,1779282305.750637
approach5_skyhost_run3,8363000,1779282305.752390
approach5_skyhost_run3,8364000,1779282305.754145
approach5_skyhost_run3,8365000,1779282305.764015
approach5_skyhost_run3,8366000,1779282305.853136
approach5_skyhost_run3,8367000,1779282305.854945
approach5_skyhost_run3,8368000,1779282305.856712
approach5_skyhost_run3,8369000,1779282305.858503
approach5_skyhost_run3,8370000,1779282305.867745
approach5_skyhost_run3,8371000,1779282305.965314
approach5_skyhost_run3,8372000,1779282305.967115
approach5_skyhost_run3,8373000,1779282305.968880
approach5_skyhost_run3,8374000,1779282305.970678
approach5_skyhost_run3,8375000,1779282305.991276
approach5_skyhost_run3,8376000,1779282306.056117
approach5_skyhost_run3,8377000,1779282306.057890
approach5_skyhost_run3,8378000,1779282306.059671
approach5_skyhost_run3,8379000,1779282306.061443
approach5_skyhost_run3,8380000,1779282306.070003
approach5_skyhost_run3,8381000,1779282306.158759
approach5_skyhost_run3,8382000,1779282306.160537
approach5_skyhost_run3,8383000,1779282306.162307
approach5_skyhost_run3,8384000,1779282306.164099
approach5_skyhost_run3,8385000,1779282306.171176
approach5_skyhost_run3,8386000,1779282306.260934
approach5_skyhost_run3,8387000,1779282306.262728
approach5_skyhost_run3,8388000,1779282306.264503
approach5_skyhost_run3,8389000,1779282306.266318
approach5_skyhost_run3,8390000,1779282306.277428
approach5_skyhost_run3,8391000,1779282306.366148
approach5_skyhost_run3,8392000,1779282306.367927
approach5_skyhost_run3,8393000,1779282306.369692
approach5_skyhost_run3,8394000,1779282306.371473
approach5_skyhost_run3,8395000,1779282306.380706
approach5_skyhost_run3,8396000,1779282306.447774
approach5_skyhost_run3,8397000,1779282306.449545
approach5_skyhost_run3,8398000,1779282306.773259
approach5_skyhost_run3,8399000,1779282306.775056
approach5_skyhost_run3,8400000,1779282306.776807
approach5_skyhost_run3,8401000,1779282306.778583
approach5_skyhost_run3,8402000,1779282306.791081
approach5_skyhost_run3,8403000,1779282306.878430
approach5_skyhost_run3,8404000,1779282306.880199
approach5_skyhost_run3,8405000,1779282306.881966
approach5_skyhost_run3,8406000,1779282306.883752
approach5_skyhost_run3,8407000,1779282306.895526
approach5_skyhost_run3,8408000,1779282306.979302
approach5_skyhost_run3,8409000,1779282306.981071
approach5_skyhost_run3,8410000,1779282306.982857
approach5_skyhost_run3,8411000,1779282306.984607
approach5_skyhost_run3,8412000,1779282306.996199
approach5_skyhost_run3,8413000,1779282307.085785
approach5_skyhost_run3,8414000,1779282307.087584
approach5_skyhost_run3,8415000,1779282307.089363
approach5_skyhost_run3,8416000,1779282307.091177
approach5_skyhost_run3,8417000,1779282307.100126
approach5_skyhost_run3,8418000,1779282307.185756
approach5_skyhost_run3,8419000,1779282307.187552
approach5_skyhost_run3,8420000,1779282307.189325
approach5_skyhost_run3,8421000,1779282307.191149
approach5_skyhost_run3,8422000,1779282307.200292
approach5_skyhost_run3,8423000,1779282307.402828
approach5_skyhost_run3,8424000,1779282307.404594
approach5_skyhost_run3,8425000,1779282307.406405
approach5_skyhost_run3,8426000,1779282307.408184
approach5_skyhost_run3,8427000,1779282307.434131
approach5_skyhost_run3,8428000,1779282307.493462
approach5_skyhost_run3,8429000,1779282307.495266
approach5_skyhost_run3,8430000,1779282307.497074
approach5_skyhost_run3,8431000,1779282307.498901
approach5_skyhost_run3,8432000,1779282307.509001
approach5_skyhost_run3,8433000,1779282307.592424
approach5_skyhost_run3,8434000,1779282307.594193
approach5_skyhost_run3,8435000,1779282307.595997
approach5_skyhost_run3,8436000,1779282307.597761
approach5_skyhost_run3,8437000,1779282307.609842
approach5_skyhost_run3,8438000,1779282307.692176
approach5_skyhost_run3,8439000,1779282307.693941
approach5_skyhost_run3,8440000,1779282307.695757
approach5_skyhost_run3,8441000,1779282307.697540
approach5_skyhost_run3,8442000,1779282307.714010
approach5_skyhost_run3,8443000,1779282307.715801
approach5_skyhost_run3,8444000,1779282307.717568
approach5_skyhost_run3,8445000,1779282307.719355
approach5_skyhost_run3,8446000,1779282307.802147
approach5_skyhost_run3,8447000,1779282307.804420
approach5_skyhost_run3,8448000,1779282307.806233
approach5_skyhost_run3,8449000,1779282307.808043
approach5_skyhost_run3,8450000,1779282307.809845
approach5_skyhost_run3,8451000,1779282307.811652
approach5_skyhost_run3,8452000,1779282307.814331
approach5_skyhost_run3,8453000,1779282307.946962
approach5_skyhost_run3,8454000,1779282307.948728
approach5_skyhost_run3,8455000,1779282307.950505
approach5_skyhost_run3,8456000,1779282307.952282
approach5_skyhost_run3,8457000,1779282307.961466
approach5_skyhost_run3,8458000,1779282308.004372
approach5_skyhost_run3,8459000,1779282308.006169
approach5_skyhost_run3,8460000,1779282308.007952
approach5_skyhost_run3,8461000,1779282308.009731
approach5_skyhost_run3,8462000,1779282308.019459
approach5_skyhost_run3,8463000,1779282308.108896
approach5_skyhost_run3,8464000,1779282308.110667
approach5_skyhost_run3,8465000,1779282308.112434
approach5_skyhost_run3,8466000,1779282308.114211
approach5_skyhost_run3,8467000,1779282308.119182
approach5_skyhost_run3,8468000,1779282308.253570
approach5_skyhost_run3,8469000,1779282308.255380
approach5_skyhost_run3,8470000,1779282308.257153
approach5_skyhost_run3,8471000,1779282308.258944
approach5_skyhost_run3,8472000,1779282308.268968
approach5_skyhost_run3,8473000,1779282308.325301
approach5_skyhost_run3,8474000,1779282308.327046
approach5_skyhost_run3,8475000,1779282308.328846
approach5_skyhost_run3,8476000,1779282308.330638
approach5_skyhost_run3,8477000,1779282308.343214
approach5_skyhost_run3,8478000,1779282308.426915
approach5_skyhost_run3,8479000,1779282308.428681
approach5_skyhost_run3,8480000,1779282308.430462
approach5_skyhost_run3,8481000,1779282308.432246
approach5_skyhost_run3,8482000,1779282308.450282
approach5_skyhost_run3,8483000,1779282308.515029
approach5_skyhost_run3,8484000,1779282308.516795
approach5_skyhost_run3,8485000,1779282308.518584
approach5_skyhost_run3,8486000,1779282308.520358
approach5_skyhost_run3,8487000,1779282308.531441
approach5_skyhost_run3,8488000,1779282308.617998
approach5_skyhost_run3,8489000,1779282308.619772
approach5_skyhost_run3,8490000,1779282308.621540
approach5_skyhost_run3,8491000,1779282308.623325
approach5_skyhost_run3,8492000,1779282308.634184
approach5_skyhost_run3,8493000,1779282308.723332
approach5_skyhost_run3,8494000,1779282308.725126
approach5_skyhost_run3,8495000,1779282308.726908
approach5_skyhost_run3,8496000,1779282308.728694
approach5_skyhost_run3,8497000,1779282308.737146
approach5_skyhost_run3,8498000,1779282308.825361
approach5_skyhost_run3,8499000,1779282308.827140
approach5_skyhost_run3,8500000,1779282308.828903
approach5_skyhost_run3,8501000,1779282308.830712
approach5_skyhost_run3,8502000,1779282308.839509
approach5_skyhost_run3,8503000,1779282308.976456
approach5_skyhost_run3,8504000,1779282308.978221
approach5_skyhost_run3,8505000,1779282308.979998
approach5_skyhost_run3,8506000,1779282308.981769
approach5_skyhost_run3,8507000,1779282308.991053
approach5_skyhost_run3,8508000,1779282309.031738
approach5_skyhost_run3,8509000,1779282309.033506
approach5_skyhost_run3,8510000,1779282309.035316
approach5_skyhost_run3,8511000,1779282309.037102
approach5_skyhost_run3,8512000,1779282309.045027
approach5_skyhost_run3,8513000,1779282309.132579
approach5_skyhost_run3,8514000,1779282309.134361
approach5_skyhost_run3,8515000,1779282309.136165
approach5_skyhost_run3,8516000,1779282309.137933
approach5_skyhost_run3,8517000,1779282309.147706
approach5_skyhost_run3,8518000,1779282309.236837
approach5_skyhost_run3,8519000,1779282309.238599
approach5_skyhost_run3,8520000,1779282309.240365
approach5_skyhost_run3,8521000,1779282309.242131
approach5_skyhost_run3,8522000,1779282309.250409
approach5_skyhost_run3,8523000,1779282309.339091
approach5_skyhost_run3,8524000,1779282309.340858
approach5_skyhost_run3,8525000,1779282309.342629
approach5_skyhost_run3,8526000,1779282309.344384
approach5_skyhost_run3,8527000,1779282309.353686
approach5_skyhost_run3,8528000,1779282309.442253
approach5_skyhost_run3,8529000,1779282309.444032
approach5_skyhost_run3,8530000,1779282309.445836
approach5_skyhost_run3,8531000,1779282309.447633
approach5_skyhost_run3,8532000,1779282309.457612
approach5_skyhost_run3,8533000,1779282309.545828
approach5_skyhost_run3,8534000,1779282309.547608
approach5_skyhost_run3,8535000,1779282309.549374
approach5_skyhost_run3,8536000,1779282309.551163
approach5_skyhost_run3,8537000,1779282309.559234
approach5_skyhost_run3,8538000,1779282309.593489
approach5_skyhost_run3,8539000,1779282309.595293
approach5_skyhost_run3,8540000,1779282309.597062
approach5_skyhost_run3,8541000,1779282309.598840
approach5_skyhost_run3,8542000,1779282309.617275
approach5_skyhost_run3,8543000,1779282309.619045
approach5_skyhost_run3,8544000,1779282309.620812
approach5_skyhost_run3,8545000,1779282309.622595
approach5_skyhost_run3,8546000,1779282309.707273
approach5_skyhost_run3,8547000,1779282309.709040
approach5_skyhost_run3,8548000,1779282309.744532
approach5_skyhost_run3,8549000,1779282309.746325
approach5_skyhost_run3,8550000,1779282309.748090
approach5_skyhost_run3,8551000,1779282309.749861
approach5_skyhost_run3,8552000,1779282309.764720
approach5_skyhost_run3,8553000,1779282309.766513
approach5_skyhost_run3,8554000,1779282309.768282
approach5_skyhost_run3,8555000,1779282309.770060
approach5_skyhost_run3,8556000,1779282309.852227
approach5_skyhost_run3,8557000,1779282309.854655
approach5_skyhost_run3,8558000,1779282309.856447
approach5_skyhost_run3,8559000,1779282309.858219
approach5_skyhost_run3,8560000,1779282309.859990
approach5_skyhost_run3,8561000,1779282309.861751
approach5_skyhost_run3,8562000,1779282309.869519
approach5_skyhost_run3,8563000,1779282309.956233
approach5_skyhost_run3,8564000,1779282309.957994
approach5_skyhost_run3,8565000,1779282309.959777
approach5_skyhost_run3,8566000,1779282309.961555
approach5_skyhost_run3,8567000,1779282309.970304
approach5_skyhost_run3,8568000,1779282310.059536
approach5_skyhost_run3,8569000,1779282310.061302
approach5_skyhost_run3,8570000,1779282310.063083
approach5_skyhost_run3,8571000,1779282310.064890
approach5_skyhost_run3,8572000,1779282310.070598
approach5_skyhost_run3,8573000,1779282310.211637
approach5_skyhost_run3,8574000,1779282310.213396
approach5_skyhost_run3,8575000,1779282310.215205
approach5_skyhost_run3,8576000,1779282310.216979
approach5_skyhost_run3,8577000,1779282310.225344
approach5_skyhost_run3,8578000,1779282310.264285
approach5_skyhost_run3,8579000,1779282310.266072
approach5_skyhost_run3,8580000,1779282310.267846
approach5_skyhost_run3,8581000,1779282310.269609
approach5_skyhost_run3,8582000,1779282310.279123
approach5_skyhost_run3,8583000,1779282310.380607
approach5_skyhost_run3,8584000,1779282310.382378
approach5_skyhost_run3,8585000,1779282310.384147
approach5_skyhost_run3,8586000,1779282310.385940
approach5_skyhost_run3,8587000,1779282310.405960
approach5_skyhost_run3,8588000,1779282310.469265
approach5_skyhost_run3,8589000,1779282310.471037
approach5_skyhost_run3,8590000,1779282310.472807
approach5_skyhost_run3,8591000,1779282310.474603
approach5_skyhost_run3,8592000,1779282310.483248
approach5_skyhost_run3,8593000,1779282310.571094
approach5_skyhost_run3,8594000,1779282310.572860
approach5_skyhost_run3,8595000,1779282310.574634
approach5_skyhost_run3,8596000,1779282310.576442
approach5_skyhost_run3,8597000,1779282310.586516
approach5_skyhost_run3,8598000,1779282310.666171
approach5_skyhost_run3,8599000,1779282310.667995
approach5_skyhost_run3,8600000,1779282310.669733
approach5_skyhost_run3,8601000,1779282310.671551
approach5_skyhost_run3,8602000,1779282310.685594
approach5_skyhost_run3,8603000,1779282310.687372
approach5_skyhost_run3,8604000,1779282310.689146
approach5_skyhost_run3,8605000,1779282310.690942
approach5_skyhost_run3,8606000,1779282310.772428
approach5_skyhost_run3,8607000,1779282310.774342
approach5_skyhost_run3,8608000,1779282310.778440
approach5_skyhost_run3,8609000,1779282310.780203
approach5_skyhost_run3,8610000,1779282310.781977
approach5_skyhost_run3,8611000,1779282310.783763
approach5_skyhost_run3,8612000,1779282310.795593
approach5_skyhost_run3,8613000,1779282310.879968
approach5_skyhost_run3,8614000,1779282310.881737
approach5_skyhost_run3,8615000,1779282310.883516
approach5_skyhost_run3,8616000,1779282310.885321
approach5_skyhost_run3,8617000,1779282310.897533
approach5_skyhost_run3,8618000,1779282310.983700
approach5_skyhost_run3,8619000,1779282310.985492
approach5_skyhost_run3,8620000,1779282310.987277
approach5_skyhost_run3,8621000,1779282310.989053
approach5_skyhost_run3,8622000,1779282310.998497
approach5_skyhost_run3,8623000,1779282311.088640
approach5_skyhost_run3,8624000,1779282311.090418
approach5_skyhost_run3,8625000,1779282311.092184
approach5_skyhost_run3,8626000,1779282311.093959
approach5_skyhost_run3,8627000,1779282311.101184
approach5_skyhost_run3,8628000,1779282311.190791
approach5_skyhost_run3,8629000,1779282311.192568
approach5_skyhost_run3,8630000,1779282311.194359
approach5_skyhost_run3,8631000,1779282311.196170
approach5_skyhost_run3,8632000,1779282311.203961
approach5_skyhost_run3,8633000,1779282311.338156
approach5_skyhost_run3,8634000,1779282311.339927
approach5_skyhost_run3,8635000,1779282311.341697
approach5_skyhost_run3,8636000,1779282311.343487
approach5_skyhost_run3,8637000,1779282311.352088
approach5_skyhost_run3,8638000,1779282311.395823
approach5_skyhost_run3,8639000,1779282311.397589
approach5_skyhost_run3,8640000,1779282311.399375
approach5_skyhost_run3,8641000,1779282311.401145
approach5_skyhost_run3,8642000,1779282311.410166
approach5_skyhost_run3,8643000,1779282311.495801
approach5_skyhost_run3,8644000,1779282311.497562
approach5_skyhost_run3,8645000,1779282311.499341
approach5_skyhost_run3,8646000,1779282311.501121
approach5_skyhost_run3,8647000,1779282311.511078
approach5_skyhost_run3,8648000,1779282311.601129
approach5_skyhost_run3,8649000,1779282311.602912
approach5_skyhost_run3,8650000,1779282311.604680
approach5_skyhost_run3,8651000,1779282311.606503
approach5_skyhost_run3,8652000,1779282311.614177
approach5_skyhost_run3,8653000,1779282311.705775
approach5_skyhost_run3,8654000,1779282311.707549
approach5_skyhost_run3,8655000,1779282311.709318
approach5_skyhost_run3,8656000,1779282311.711107
approach5_skyhost_run3,8657000,1779282311.721083
approach5_skyhost_run3,8658000,1779282311.817342
approach5_skyhost_run3,8659000,1779282311.819116
approach5_skyhost_run3,8660000,1779282311.820906
approach5_skyhost_run3,8661000,1779282311.822723
approach5_skyhost_run3,8662000,1779282311.844964
approach5_skyhost_run3,8663000,1779282311.906450
approach5_skyhost_run3,8664000,1779282311.908232
approach5_skyhost_run3,8665000,1779282311.909999
approach5_skyhost_run3,8666000,1779282311.911801
approach5_skyhost_run3,8667000,1779282311.921738
approach5_skyhost_run3,8668000,1779282312.007855
approach5_skyhost_run3,8669000,1779282312.009629
approach5_skyhost_run3,8670000,1779282312.011410
approach5_skyhost_run3,8671000,1779282312.013189
approach5_skyhost_run3,8672000,1779282312.024411
approach5_skyhost_run3,8673000,1779282312.168013
approach5_skyhost_run3,8674000,1779282312.169791
approach5_skyhost_run3,8675000,1779282312.171586
approach5_skyhost_run3,8676000,1779282312.173379
approach5_skyhost_run3,8677000,1779282312.200153
approach5_skyhost_run3,8678000,1779282312.214365
approach5_skyhost_run3,8679000,1779282312.216173
approach5_skyhost_run3,8680000,1779282312.217954
approach5_skyhost_run3,8681000,1779282312.219762
approach5_skyhost_run3,8682000,1779282312.230110
approach5_skyhost_run3,8683000,1779282312.361366
approach5_skyhost_run3,8684000,1779282312.363147
approach5_skyhost_run3,8685000,1779282312.364954
approach5_skyhost_run3,8686000,1779282312.366758
approach5_skyhost_run3,8687000,1779282312.376284
approach5_skyhost_run3,8688000,1779282312.459533
approach5_skyhost_run3,8689000,1779282312.477263
approach5_skyhost_run3,8690000,1779282312.479038
approach5_skyhost_run3,8691000,1779282312.480810
approach5_skyhost_run3,8692000,1779282312.482606
approach5_skyhost_run3,8693000,1779282312.520881
approach5_skyhost_run3,8694000,1779282312.522653
approach5_skyhost_run3,8695000,1779282312.524422
approach5_skyhost_run3,8696000,1779282312.526237
approach5_skyhost_run3,8697000,1779282312.536731
approach5_skyhost_run3,8698000,1779282312.637822
approach5_skyhost_run3,8699000,1779282312.639599
approach5_skyhost_run3,8700000,1779282312.641370
approach5_skyhost_run3,8701000,1779282312.643163
approach5_skyhost_run3,8702000,1779282312.673006
approach5_skyhost_run3,8703000,1779282312.727302
approach5_skyhost_run3,8704000,1779282312.729073
approach5_skyhost_run3,8705000,1779282312.730859
approach5_skyhost_run3,8706000,1779282312.732640
approach5_skyhost_run3,8707000,1779282312.742434
approach5_skyhost_run3,8708000,1779282312.830362
approach5_skyhost_run3,8709000,1779282312.832129
approach5_skyhost_run3,8710000,1779282312.833889
approach5_skyhost_run3,8711000,1779282312.835733
approach5_skyhost_run3,8712000,1779282312.846914
approach5_skyhost_run3,8713000,1779282312.876388
approach5_skyhost_run3,8714000,1779282312.878149
approach5_skyhost_run3,8715000,1779282312.879927
approach5_skyhost_run3,8716000,1779282312.881704
approach5_skyhost_run3,8717000,1779282312.897661
approach5_skyhost_run3,8718000,1779282312.899441
approach5_skyhost_run3,8719000,1779282312.901220
approach5_skyhost_run3,8720000,1779282312.903011
approach5_skyhost_run3,8721000,1779282312.988140
approach5_skyhost_run3,8722000,1779282312.989918
approach5_skyhost_run3,8723000,1779282313.036529
approach5_skyhost_run3,8724000,1779282313.038295
approach5_skyhost_run3,8725000,1779282313.040084
approach5_skyhost_run3,8726000,1779282313.041840
approach5_skyhost_run3,8727000,1779282313.051198
approach5_skyhost_run3,8728000,1779282313.138803
approach5_skyhost_run3,8729000,1779282313.140573
approach5_skyhost_run3,8730000,1779282313.142356
approach5_skyhost_run3,8731000,1779282313.144145
approach5_skyhost_run3,8732000,1779282313.152822
approach5_skyhost_run3,8733000,1779282313.241521
approach5_skyhost_run3,8734000,1779282313.243298
approach5_skyhost_run3,8735000,1779282313.245104
approach5_skyhost_run3,8736000,1779282313.246910
approach5_skyhost_run3,8737000,1779282313.255903
approach5_skyhost_run3,8738000,1779282313.342224
approach5_skyhost_run3,8739000,1779282313.343996
approach5_skyhost_run3,8740000,1779282313.345807
approach5_skyhost_run3,8741000,1779282313.347598
approach5_skyhost_run3,8742000,1779282313.356962
approach5_skyhost_run3,8743000,1779282313.459160
approach5_skyhost_run3,8744000,1779282313.460924
approach5_skyhost_run3,8745000,1779282313.462708
approach5_skyhost_run3,8746000,1779282313.464482
approach5_skyhost_run3,8747000,1779282313.470060
approach5_skyhost_run3,8748000,1779282313.549668
approach5_skyhost_run3,8749000,1779282313.551445
approach5_skyhost_run3,8750000,1779282313.553215
approach5_skyhost_run3,8751000,1779282313.555024
approach5_skyhost_run3,8752000,1779282313.563865
approach5_skyhost_run3,8753000,1779282313.651816
approach5_skyhost_run3,8754000,1779282313.653585
approach5_skyhost_run3,8755000,1779282313.655396
approach5_skyhost_run3,8756000,1779282313.657173
approach5_skyhost_run3,8757000,1779282313.668479
approach5_skyhost_run3,8758000,1779282313.799872
approach5_skyhost_run3,8759000,1779282313.801635
approach5_skyhost_run3,8760000,1779282313.803421
approach5_skyhost_run3,8761000,1779282313.805223
approach5_skyhost_run3,8762000,1779282313.813567
approach5_skyhost_run3,8763000,1779282313.901373
approach5_skyhost_run3,8764000,1779282313.903153
approach5_skyhost_run3,8765000,1779282313.904972
approach5_skyhost_run3,8766000,1779282313.906779
approach5_skyhost_run3,8767000,1779282313.916088
approach5_skyhost_run3,8768000,1779282313.960209
approach5_skyhost_run3,8769000,1779282313.961972
approach5_skyhost_run3,8770000,1779282313.963751
approach5_skyhost_run3,8771000,1779282313.965546
approach5_skyhost_run3,8772000,1779282313.975662
approach5_skyhost_run3,8773000,1779282314.061656
approach5_skyhost_run3,8774000,1779282314.063435
approach5_skyhost_run3,8775000,1779282314.065236
approach5_skyhost_run3,8776000,1779282314.067036
approach5_skyhost_run3,8777000,1779282314.078026
approach5_skyhost_run3,8778000,1779282314.213466
approach5_skyhost_run3,8779000,1779282314.215822
approach5_skyhost_run3,8780000,1779282314.218333
approach5_skyhost_run3,8781000,1779282314.220108
approach5_skyhost_run3,8782000,1779282314.221872
approach5_skyhost_run3,8783000,1779282314.223646
approach5_skyhost_run3,8784000,1779282314.225435
approach5_skyhost_run3,8785000,1779282314.227256
approach5_skyhost_run3,8786000,1779282314.229407
approach5_skyhost_run3,8787000,1779282314.302242
approach5_skyhost_run3,8788000,1779282314.304014
approach5_skyhost_run3,8789000,1779282314.305781
approach5_skyhost_run3,8790000,1779282314.307602
approach5_skyhost_run3,8791000,1779282314.325745
approach5_skyhost_run3,8792000,1779282314.327527
approach5_skyhost_run3,8793000,1779282314.387510
approach5_skyhost_run3,8794000,1779282314.389275
approach5_skyhost_run3,8795000,1779282314.391059
approach5_skyhost_run3,8796000,1779282314.392844
approach5_skyhost_run3,8797000,1779282314.409218
approach5_skyhost_run3,8798000,1779282314.472523
approach5_skyhost_run3,8799000,1779282314.474291
approach5_skyhost_run3,8800000,1779282314.476107
approach5_skyhost_run3,8801000,1779282314.477886
approach5_skyhost_run3,8802000,1779282314.489657
approach5_skyhost_run3,8803000,1779282314.572385
approach5_skyhost_run3,8804000,1779282314.574155
approach5_skyhost_run3,8805000,1779282314.575962
approach5_skyhost_run3,8806000,1779282314.577740
approach5_skyhost_run3,8807000,1779282314.593897
approach5_skyhost_run3,8808000,1779282314.595690
approach5_skyhost_run3,8809000,1779282314.597457
approach5_skyhost_run3,8810000,1779282314.599246
approach5_skyhost_run3,8811000,1779282314.681341
approach5_skyhost_run3,8812000,1779282314.683650
approach5_skyhost_run3,8813000,1779282314.685446
approach5_skyhost_run3,8814000,1779282314.687232
approach5_skyhost_run3,8815000,1779282314.688999
approach5_skyhost_run3,8816000,1779282314.690788
approach5_skyhost_run3,8817000,1779282314.696197
approach5_skyhost_run3,8818000,1779282314.783468
approach5_skyhost_run3,8819000,1779282314.785260
approach5_skyhost_run3,8820000,1779282314.787048
approach5_skyhost_run3,8821000,1779282314.788828
approach5_skyhost_run3,8822000,1779282314.798366
approach5_skyhost_run3,8823000,1779282314.933789
approach5_skyhost_run3,8824000,1779282314.935599
approach5_skyhost_run3,8825000,1779282314.937366
approach5_skyhost_run3,8826000,1779282314.939147
approach5_skyhost_run3,8827000,1779282314.948766
approach5_skyhost_run3,8828000,1779282314.987657
approach5_skyhost_run3,8829000,1779282314.989430
approach5_skyhost_run3,8830000,1779282314.991220
approach5_skyhost_run3,8831000,1779282314.992997
approach5_skyhost_run3,8832000,1779282315.001061
approach5_skyhost_run3,8833000,1779282315.089972
approach5_skyhost_run3,8834000,1779282315.091745
approach5_skyhost_run3,8835000,1779282315.093518
approach5_skyhost_run3,8836000,1779282315.095323
approach5_skyhost_run3,8837000,1779282315.104617
approach5_skyhost_run3,8838000,1779282315.192162
approach5_skyhost_run3,8839000,1779282315.193936
approach5_skyhost_run3,8840000,1779282315.195758
approach5_skyhost_run3,8841000,1779282315.197542
approach5_skyhost_run3,8842000,1779282315.208292
approach5_skyhost_run3,8843000,1779282315.287678
approach5_skyhost_run3,8844000,1779282315.303999
approach5_skyhost_run3,8845000,1779282315.305787
approach5_skyhost_run3,8846000,1779282315.307563
approach5_skyhost_run3,8847000,1779282315.309337
approach5_skyhost_run3,8848000,1779282315.397818
approach5_skyhost_run3,8849000,1779282315.399593
approach5_skyhost_run3,8850000,1779282315.401359
approach5_skyhost_run3,8851000,1779282315.403157
approach5_skyhost_run3,8852000,1779282315.410415
approach5_skyhost_run3,8853000,1779282315.500470
approach5_skyhost_run3,8854000,1779282315.502243
approach5_skyhost_run3,8855000,1779282315.504031
approach5_skyhost_run3,8856000,1779282315.505841
approach5_skyhost_run3,8857000,1779282315.514266
approach5_skyhost_run3,8858000,1779282315.649623
approach5_skyhost_run3,8859000,1779282315.651414
approach5_skyhost_run3,8860000,1779282315.653193
approach5_skyhost_run3,8861000,1779282315.655017
approach5_skyhost_run3,8862000,1779282315.663264
approach5_skyhost_run3,8863000,1779282315.750884
approach5_skyhost_run3,8864000,1779282315.752650
approach5_skyhost_run3,8865000,1779282315.754443
approach5_skyhost_run3,8866000,1779282315.756254
approach5_skyhost_run3,8867000,1779282315.766408
approach5_skyhost_run3,8868000,1779282315.821408
approach5_skyhost_run3,8869000,1779282315.823190
approach5_skyhost_run3,8870000,1779282315.824991
approach5_skyhost_run3,8871000,1779282315.826787
approach5_skyhost_run3,8872000,1779282315.836213
approach5_skyhost_run3,8873000,1779282315.906337
approach5_skyhost_run3,8874000,1779282315.908121
approach5_skyhost_run3,8875000,1779282315.909920
approach5_skyhost_run3,8876000,1779282315.911719
approach5_skyhost_run3,8877000,1779282315.922349
approach5_skyhost_run3,8878000,1779282316.011059
approach5_skyhost_run3,8879000,1779282316.012827
approach5_skyhost_run3,8880000,1779282316.014609
approach5_skyhost_run3,8881000,1779282316.016421
approach5_skyhost_run3,8882000,1779282316.024743
approach5_skyhost_run3,8883000,1779282316.062059
approach5_skyhost_run3,8884000,1779282316.063836
approach5_skyhost_run3,8885000,1779282316.065627
approach5_skyhost_run3,8886000,1779282316.067425
approach5_skyhost_run3,8887000,1779282316.080554
approach5_skyhost_run3,8888000,1779282316.082329
approach5_skyhost_run3,8889000,1779282316.084103
approach5_skyhost_run3,8890000,1779282316.085903
approach5_skyhost_run3,8891000,1779282316.168243
approach5_skyhost_run3,8892000,1779282316.170027
approach5_skyhost_run3,8893000,1779282316.213137
approach5_skyhost_run3,8894000,1779282316.214935
approach5_skyhost_run3,8895000,1779282316.216723
approach5_skyhost_run3,8896000,1779282316.218533
approach5_skyhost_run3,8897000,1779282316.275660
approach5_skyhost_run3,8898000,1779282316.318152
approach5_skyhost_run3,8899000,1779282316.319920
approach5_skyhost_run3,8900000,1779282316.321713
approach5_skyhost_run3,8901000,1779282316.323504
approach5_skyhost_run3,8902000,1779282316.331562
approach5_skyhost_run3,8903000,1779282316.422251
approach5_skyhost_run3,8904000,1779282316.424026
approach5_skyhost_run3,8905000,1779282316.425824
approach5_skyhost_run3,8906000,1779282316.427618
approach5_skyhost_run3,8907000,1779282316.435827
approach5_skyhost_run3,8908000,1779282316.517552
approach5_skyhost_run3,8909000,1779282316.519335
approach5_skyhost_run3,8910000,1779282316.521106
approach5_skyhost_run3,8911000,1779282316.522898
approach5_skyhost_run3,8912000,1779282316.538002
approach5_skyhost_run3,8913000,1779282316.539787
approach5_skyhost_run3,8914000,1779282316.541564
approach5_skyhost_run3,8915000,1779282316.543334
approach5_skyhost_run3,8916000,1779282316.623050
approach5_skyhost_run3,8917000,1779282316.624877
approach5_skyhost_run3,8918000,1779282316.627407
approach5_skyhost_run3,8919000,1779282316.629193
approach5_skyhost_run3,8920000,1779282316.630995
approach5_skyhost_run3,8921000,1779282316.632787
approach5_skyhost_run3,8922000,1779282316.641018
approach5_skyhost_run3,8923000,1779282316.730976
approach5_skyhost_run3,8924000,1779282316.732743
approach5_skyhost_run3,8925000,1779282316.734514
approach5_skyhost_run3,8926000,1779282316.736328
approach5_skyhost_run3,8927000,1779282316.747057
approach5_skyhost_run3,8928000,1779282316.831975
approach5_skyhost_run3,8929000,1779282316.833731
approach5_skyhost_run3,8930000,1779282316.835547
approach5_skyhost_run3,8931000,1779282316.837327
approach5_skyhost_run3,8932000,1779282316.848425
approach5_skyhost_run3,8933000,1779282316.934630
approach5_skyhost_run3,8934000,1779282316.936432
approach5_skyhost_run3,8935000,1779282316.938200
approach5_skyhost_run3,8936000,1779282316.939992
approach5_skyhost_run3,8937000,1779282316.950999
approach5_skyhost_run3,8938000,1779282317.038813
approach5_skyhost_run3,8939000,1779282317.040593
approach5_skyhost_run3,8940000,1779282317.042392
approach5_skyhost_run3,8941000,1779282317.044182
approach5_skyhost_run3,8942000,1779282317.055902
approach5_skyhost_run3,8943000,1779282317.155281
approach5_skyhost_run3,8944000,1779282317.157064
approach5_skyhost_run3,8945000,1779282317.158858
approach5_skyhost_run3,8946000,1779282317.160635
approach5_skyhost_run3,8947000,1779282317.175850
approach5_skyhost_run3,8948000,1779282317.244174
approach5_skyhost_run3,8949000,1779282317.245983
approach5_skyhost_run3,8950000,1779282317.247787
approach5_skyhost_run3,8951000,1779282317.249584
approach5_skyhost_run3,8952000,1779282317.261454
approach5_skyhost_run3,8953000,1779282317.345973
approach5_skyhost_run3,8954000,1779282317.347744
approach5_skyhost_run3,8955000,1779282317.349517
approach5_skyhost_run3,8956000,1779282317.351309
approach5_skyhost_run3,8957000,1779282317.360268
approach5_skyhost_run3,8958000,1779282317.446847
approach5_skyhost_run3,8959000,1779282317.448613
approach5_skyhost_run3,8960000,1779282317.450397
approach5_skyhost_run3,8961000,1779282317.452188
approach5_skyhost_run3,8962000,1779282317.463365
approach5_skyhost_run3,8963000,1779282317.603079
approach5_skyhost_run3,8964000,1779282317.604886
approach5_skyhost_run3,8965000,1779282317.606693
approach5_skyhost_run3,8966000,1779282317.608497
approach5_skyhost_run3,8967000,1779282317.616663
approach5_skyhost_run3,8968000,1779282317.697371
approach5_skyhost_run3,8969000,1779282317.699153
approach5_skyhost_run3,8970000,1779282317.700933
approach5_skyhost_run3,8971000,1779282317.702727
approach5_skyhost_run3,8972000,1779282317.711609
approach5_skyhost_run3,8973000,1779282317.756211
approach5_skyhost_run3,8974000,1779282317.757981
approach5_skyhost_run3,8975000,1779282317.759764
approach5_skyhost_run3,8976000,1779282317.761544
approach5_skyhost_run3,8977000,1779282317.769928
approach5_skyhost_run3,8978000,1779282317.917242
approach5_skyhost_run3,8979000,1779282317.919076
approach5_skyhost_run3,8980000,1779282317.920852
approach5_skyhost_run3,8981000,1779282317.937904
approach5_skyhost_run3,8982000,1779282317.939665
approach5_skyhost_run3,8983000,1779282317.941430
approach5_skyhost_run3,8984000,1779282317.943245
approach5_skyhost_run3,8985000,1779282317.945243
approach5_skyhost_run3,8986000,1779282317.962662
approach5_skyhost_run3,8987000,1779282317.964428
approach5_skyhost_run3,8988000,1779282317.966224
approach5_skyhost_run3,8989000,1779282317.968015
approach5_skyhost_run3,8990000,1779282317.978280
approach5_skyhost_run3,8991000,1779282318.063446
approach5_skyhost_run3,8992000,1779282318.065236
approach5_skyhost_run3,8993000,1779282318.067019
approach5_skyhost_run3,8994000,1779282318.068791
approach5_skyhost_run3,8995000,1779282318.079123
approach5_skyhost_run3,8996000,1779282318.169435
approach5_skyhost_run3,8997000,1779282318.171215
approach5_skyhost_run3,8998000,1779282318.172985
approach5_skyhost_run3,8999000,1779282318.174776
approach5_skyhost_run3,9000000,1779282318.182968
approach5_skyhost_run3,9001000,1779282318.268938
approach5_skyhost_run3,9002000,1779282318.270714
approach5_skyhost_run3,9003000,1779282318.272480
approach5_skyhost_run3,9004000,1779282318.274254
approach5_skyhost_run3,9005000,1779282318.284191
approach5_skyhost_run3,9006000,1779282318.368124
approach5_skyhost_run3,9007000,1779282318.369888
approach5_skyhost_run3,9008000,1779282318.371668
approach5_skyhost_run3,9009000,1779282318.373445
approach5_skyhost_run3,9010000,1779282318.388711
approach5_skyhost_run3,9011000,1779282318.390480
approach5_skyhost_run3,9012000,1779282318.392290
approach5_skyhost_run3,9013000,1779282318.394118
approach5_skyhost_run3,9014000,1779282318.480673
approach5_skyhost_run3,9015000,1779282318.482468
approach5_skyhost_run3,9016000,1779282318.489186
approach5_skyhost_run3,9017000,1779282318.490964
approach5_skyhost_run3,9018000,1779282318.492739
approach5_skyhost_run3,9019000,1779282318.494535
approach5_skyhost_run3,9020000,1779282318.512605
approach5_skyhost_run3,9021000,1779282318.579222
approach5_skyhost_run3,9022000,1779282318.580983
approach5_skyhost_run3,9023000,1779282318.582760
approach5_skyhost_run3,9024000,1779282318.584545
approach5_skyhost_run3,9025000,1779282318.595093
approach5_skyhost_run3,9026000,1779282318.681047
approach5_skyhost_run3,9027000,1779282318.682827
approach5_skyhost_run3,9028000,1779282318.684597
approach5_skyhost_run3,9029000,1779282318.686443
approach5_skyhost_run3,9030000,1779282318.698132
approach5_skyhost_run3,9031000,1779282318.782801
approach5_skyhost_run3,9032000,1779282318.784569
approach5_skyhost_run3,9033000,1779282318.786379
approach5_skyhost_run3,9034000,1779282318.788176
approach5_skyhost_run3,9035000,1779282318.801890
approach5_skyhost_run3,9036000,1779282318.928800
approach5_skyhost_run3,9037000,1779282318.930583
approach5_skyhost_run3,9038000,1779282318.932359
approach5_skyhost_run3,9039000,1779282318.934143
approach5_skyhost_run3,9040000,1779282318.944455
approach5_skyhost_run3,9041000,1779282318.986246
approach5_skyhost_run3,9042000,1779282318.988034
approach5_skyhost_run3,9043000,1779282318.989804
approach5_skyhost_run3,9044000,1779282318.991600
approach5_skyhost_run3,9045000,1779282319.001805
approach5_skyhost_run3,9046000,1779282319.090320
approach5_skyhost_run3,9047000,1779282319.092092
approach5_skyhost_run3,9048000,1779282319.093861
approach5_skyhost_run3,9049000,1779282319.095679
approach5_skyhost_run3,9050000,1779282319.104099
approach5_skyhost_run3,9051000,1779282319.237565
approach5_skyhost_run3,9052000,1779282319.239340
approach5_skyhost_run3,9053000,1779282319.241111
approach5_skyhost_run3,9054000,1779282319.242906
approach5_skyhost_run3,9055000,1779282319.250801
approach5_skyhost_run3,9056000,1779282319.311227
approach5_skyhost_run3,9057000,1779282319.313000
approach5_skyhost_run3,9058000,1779282319.341045
approach5_skyhost_run3,9059000,1779282319.342814
approach5_skyhost_run3,9060000,1779282319.344589
approach5_skyhost_run3,9061000,1779282319.361642
approach5_skyhost_run3,9062000,1779282319.363435
approach5_skyhost_run3,9063000,1779282319.397989
approach5_skyhost_run3,9064000,1779282319.399768
approach5_skyhost_run3,9065000,1779282319.401538
approach5_skyhost_run3,9066000,1779282319.410986
approach5_skyhost_run3,9067000,1779282319.412763
approach5_skyhost_run3,9068000,1779282319.500912
approach5_skyhost_run3,9069000,1779282319.502686
approach5_skyhost_run3,9070000,1779282319.504464
approach5_skyhost_run3,9071000,1779282319.515373
approach5_skyhost_run3,9072000,1779282319.517171
approach5_skyhost_run3,9073000,1779282319.564322
approach5_skyhost_run3,9074000,1779282319.566106
approach5_skyhost_run3,9075000,1779282319.567894
approach5_skyhost_run3,9076000,1779282319.643442
approach5_skyhost_run3,9077000,1779282319.645237
approach5_skyhost_run3,9078000,1779282319.647028
approach5_skyhost_run3,9079000,1779282319.648815
approach5_skyhost_run3,9080000,1779282319.653229
approach5_skyhost_run3,9081000,1779282319.655026
approach5_skyhost_run3,9082000,1779282319.656795
approach5_skyhost_run3,9083000,1779282319.658580
approach5_skyhost_run3,9084000,1779282319.673943
approach5_skyhost_run3,9085000,1779282319.675741
approach5_skyhost_run3,9086000,1779282319.677517
approach5_skyhost_run3,9087000,1779282319.679313
approach5_skyhost_run3,9088000,1779282319.734012
approach5_skyhost_run3,9089000,1779282319.735821
approach5_skyhost_run3,9090000,1779282319.759787
approach5_skyhost_run3,9091000,1779282319.761563
approach5_skyhost_run3,9092000,1779282319.763355
approach5_skyhost_run3,9093000,1779282319.810536
approach5_skyhost_run3,9094000,1779282319.812303
approach5_skyhost_run3,9095000,1779282319.814077
approach5_skyhost_run3,9096000,1779282319.823738
approach5_skyhost_run3,9097000,1779282319.825568
approach5_skyhost_run3,9098000,1779282319.911575
approach5_skyhost_run3,9099000,1779282319.913338
approach5_skyhost_run3,9100000,1779282319.915149
approach5_skyhost_run3,9101000,1779282319.926256
approach5_skyhost_run3,9102000,1779282319.928050
approach5_skyhost_run3,9103000,1779282319.961995
approach5_skyhost_run3,9104000,1779282319.963750
approach5_skyhost_run3,9105000,1779282319.965586
approach5_skyhost_run3,9106000,1779282319.978486
approach5_skyhost_run3,9107000,1779282319.980244
approach5_skyhost_run3,9108000,1779282319.982012
approach5_skyhost_run3,9109000,1779282319.983798
approach5_skyhost_run3,9110000,1779282320.065427
approach5_skyhost_run3,9111000,1779282320.067207
approach5_skyhost_run3,9112000,1779282320.068972
approach5_skyhost_run3,9113000,1779282320.111363
approach5_skyhost_run3,9114000,1779282320.113145
approach5_skyhost_run3,9115000,1779282320.114965
approach5_skyhost_run3,9116000,1779282320.132287
approach5_skyhost_run3,9117000,1779282320.134049
approach5_skyhost_run3,9118000,1779282320.135853
approach5_skyhost_run3,9119000,1779282320.137639
approach5_skyhost_run3,9120000,1779282320.221422
approach5_skyhost_run3,9121000,1779282320.223539
approach5_skyhost_run3,9122000,1779282320.225340
approach5_skyhost_run3,9123000,1779282320.227125
approach5_skyhost_run3,9124000,1779282320.228894
approach5_skyhost_run3,9125000,1779282320.230675
approach5_skyhost_run3,9126000,1779282320.235562
approach5_skyhost_run3,9127000,1779282320.237345
approach5_skyhost_run3,9128000,1779282320.269851
approach5_skyhost_run3,9129000,1779282320.271627
approach5_skyhost_run3,9130000,1779282320.273402
approach5_skyhost_run3,9131000,1779282320.288303
approach5_skyhost_run3,9132000,1779282320.290062
approach5_skyhost_run3,9133000,1779282320.291850
approach5_skyhost_run3,9134000,1779282320.293641
approach5_skyhost_run3,9135000,1779282320.373686
approach5_skyhost_run3,9136000,1779282320.375488
approach5_skyhost_run3,9137000,1779282320.377267
approach5_skyhost_run3,9138000,1779282320.475267
approach5_skyhost_run3,9139000,1779282320.477034
approach5_skyhost_run3,9140000,1779282320.478819
approach5_skyhost_run3,9141000,1779282320.488283
approach5_skyhost_run3,9142000,1779282320.490064
approach5_skyhost_run3,9143000,1779282320.545128
approach5_skyhost_run3,9144000,1779282320.546906
approach5_skyhost_run3,9145000,1779282320.548679
approach5_skyhost_run3,9146000,1779282320.565974
approach5_skyhost_run3,9147000,1779282320.567751
approach5_skyhost_run3,9148000,1779282320.634076
approach5_skyhost_run3,9149000,1779282320.635883
approach5_skyhost_run3,9150000,1779282320.637671
approach5_skyhost_run3,9151000,1779282320.646953
approach5_skyhost_run3,9152000,1779282320.648740
approach5_skyhost_run3,9153000,1779282320.734634
approach5_skyhost_run3,9154000,1779282320.736425
approach5_skyhost_run3,9155000,1779282320.738196
approach5_skyhost_run3,9156000,1779282320.793827
approach5_skyhost_run3,9157000,1779282320.795633
approach5_skyhost_run3,9158000,1779282320.836473
approach5_skyhost_run3,9159000,1779282320.838241
approach5_skyhost_run3,9160000,1779282320.840030
approach5_skyhost_run3,9161000,1779282320.896775
approach5_skyhost_run3,9162000,1779282320.898570
approach5_skyhost_run3,9163000,1779282320.984245
approach5_skyhost_run3,9164000,1779282320.986045
approach5_skyhost_run3,9165000,1779282320.987836
approach5_skyhost_run3,9166000,1779282320.997862
approach5_skyhost_run3,9167000,1779282320.999623
approach5_skyhost_run3,9168000,1779282321.040038
approach5_skyhost_run3,9169000,1779282321.041808
approach5_skyhost_run3,9170000,1779282321.043595
approach5_skyhost_run3,9171000,1779282321.055997
approach5_skyhost_run3,9172000,1779282321.057778
approach5_skyhost_run3,9173000,1779282321.138141
approach5_skyhost_run3,9174000,1779282321.139917
approach5_skyhost_run3,9175000,1779282321.141695
approach5_skyhost_run3,9176000,1779282321.174706
approach5_skyhost_run3,9177000,1779282321.176495
approach5_skyhost_run3,9178000,1779282321.178265
approach5_skyhost_run3,9179000,1779282321.180048
approach5_skyhost_run3,9180000,1779282321.260033
approach5_skyhost_run3,9181000,1779282321.261797
approach5_skyhost_run3,9182000,1779282321.263597
approach5_skyhost_run3,9183000,1779282321.323641
approach5_skyhost_run3,9184000,1779282321.325432
approach5_skyhost_run3,9185000,1779282321.327222
approach5_skyhost_run3,9186000,1779282321.347847
approach5_skyhost_run3,9187000,1779282321.349822
approach5_skyhost_run3,9188000,1779282321.351595
approach5_skyhost_run3,9189000,1779282321.353364
approach5_skyhost_run3,9190000,1779282321.355176
approach5_skyhost_run3,9191000,1779282321.363941
approach5_skyhost_run3,9192000,1779282321.365746
approach5_skyhost_run3,9193000,1779282321.452258
approach5_skyhost_run3,9194000,1779282321.454032
approach5_skyhost_run3,9195000,1779282321.455856
approach5_skyhost_run3,9196000,1779282321.465086
approach5_skyhost_run3,9197000,1779282321.466884
approach5_skyhost_run3,9198000,1779282321.498623
approach5_skyhost_run3,9199000,1779282321.500390
approach5_skyhost_run3,9200000,1779282321.502160
approach5_skyhost_run3,9201000,1779282321.518415
approach5_skyhost_run3,9202000,1779282321.520196
approach5_skyhost_run3,9203000,1779282321.521978
approach5_skyhost_run3,9204000,1779282321.523772
approach5_skyhost_run3,9205000,1779282321.609168
approach5_skyhost_run3,9206000,1779282321.610958
approach5_skyhost_run3,9207000,1779282321.612743
approach5_skyhost_run3,9208000,1779282321.658302
approach5_skyhost_run3,9209000,1779282321.660079
approach5_skyhost_run3,9210000,1779282321.661855
approach5_skyhost_run3,9211000,1779282321.670334
approach5_skyhost_run3,9212000,1779282321.672137
approach5_skyhost_run3,9213000,1779282321.806041
approach5_skyhost_run3,9214000,1779282321.807831
approach5_skyhost_run3,9215000,1779282321.809617
approach5_skyhost_run3,9216000,1779282321.817850
approach5_skyhost_run3,9217000,1779282321.819640
approach5_skyhost_run3,9218000,1779282321.861444
approach5_skyhost_run3,9219000,1779282321.863224
approach5_skyhost_run3,9220000,1779282321.865023
approach5_skyhost_run3,9221000,1779282321.874356
approach5_skyhost_run3,9222000,1779282321.876153
approach5_skyhost_run3,9223000,1779282321.964581
approach5_skyhost_run3,9224000,1779282321.966381
approach5_skyhost_run3,9225000,1779282321.968158
approach5_skyhost_run3,9226000,1779282321.977618
approach5_skyhost_run3,9227000,1779282321.979403
approach5_skyhost_run3,9228000,1779282322.030388
approach5_skyhost_run3,9229000,1779282322.032161
approach5_skyhost_run3,9230000,1779282322.033903
approach5_skyhost_run3,9231000,1779282322.050012
approach5_skyhost_run3,9232000,1779282322.051781
approach5_skyhost_run3,9233000,1779282322.053544
approach5_skyhost_run3,9234000,1779282322.055348
approach5_skyhost_run3,9235000,1779282322.132821
approach5_skyhost_run3,9236000,1779282322.134599
approach5_skyhost_run3,9237000,1779282322.136394
approach5_skyhost_run3,9238000,1779282322.170475
approach5_skyhost_run3,9239000,1779282322.172239
approach5_skyhost_run3,9240000,1779282322.174008
approach5_skyhost_run3,9241000,1779282322.184422
approach5_skyhost_run3,9242000,1779282322.186222
approach5_skyhost_run3,9243000,1779282322.271349
approach5_skyhost_run3,9244000,1779282322.273122
approach5_skyhost_run3,9245000,1779282322.274942
approach5_skyhost_run3,9246000,1779282322.287217
approach5_skyhost_run3,9247000,1779282322.288992
approach5_skyhost_run3,9248000,1779282322.374674
approach5_skyhost_run3,9249000,1779282322.376474
approach5_skyhost_run3,9250000,1779282322.378246
approach5_skyhost_run3,9251000,1779282322.388289
approach5_skyhost_run3,9252000,1779282322.390072
approach5_skyhost_run3,9253000,1779282322.477812
approach5_skyhost_run3,9254000,1779282322.479590
approach5_skyhost_run3,9255000,1779282322.481361
approach5_skyhost_run3,9256000,1779282322.491597
approach5_skyhost_run3,9257000,1779282322.493374
approach5_skyhost_run3,9258000,1779282322.578852
approach5_skyhost_run3,9259000,1779282322.580618
approach5_skyhost_run3,9260000,1779282322.582403
approach5_skyhost_run3,9261000,1779282322.592655
approach5_skyhost_run3,9262000,1779282322.594446
approach5_skyhost_run3,9263000,1779282322.683486
approach5_skyhost_run3,9264000,1779282322.685278
approach5_skyhost_run3,9265000,1779282322.687075
approach5_skyhost_run3,9266000,1779282322.694749
approach5_skyhost_run3,9267000,1779282322.696554
approach5_skyhost_run3,9268000,1779282322.777652
approach5_skyhost_run3,9269000,1779282322.779438
approach5_skyhost_run3,9270000,1779282322.781222
approach5_skyhost_run3,9271000,1779282322.795407
approach5_skyhost_run3,9272000,1779282322.797183
approach5_skyhost_run3,9273000,1779282322.798974
approach5_skyhost_run3,9274000,1779282322.800765
approach5_skyhost_run3,9275000,1779282322.884690
approach5_skyhost_run3,9276000,1779282322.886514
approach5_skyhost_run3,9277000,1779282322.888279
approach5_skyhost_run3,9278000,1779282322.890069
approach5_skyhost_run3,9279000,1779282322.891855
approach5_skyhost_run3,9280000,1779282322.893632
approach5_skyhost_run3,9281000,1779282322.900628
approach5_skyhost_run3,9282000,1779282322.902405
approach5_skyhost_run3,9283000,1779282322.904178
approach5_skyhost_run3,9284000,1779282322.905977
approach5_skyhost_run3,9285000,1779282322.933057
approach5_skyhost_run3,9286000,1779282322.934869
approach5_skyhost_run3,9287000,1779282322.936642
approach5_skyhost_run3,9288000,1779282322.938428
approach5_skyhost_run3,9289000,1779282322.953794
approach5_skyhost_run3,9290000,1779282322.955592
approach5_skyhost_run3,9291000,1779282322.957351
approach5_skyhost_run3,9292000,1779282322.959138
approach5_skyhost_run3,9293000,1779282322.987043
approach5_skyhost_run3,9294000,1779282322.988868
approach5_skyhost_run3,9295000,1779282323.037771
approach5_skyhost_run3,9296000,1779282323.039546
approach5_skyhost_run3,9297000,1779282323.041314
approach5_skyhost_run3,9298000,1779282323.092524
approach5_skyhost_run3,9299000,1779282323.094290
approach5_skyhost_run3,9300000,1779282323.096107
approach5_skyhost_run3,9301000,1779282323.106761
approach5_skyhost_run3,9302000,1779282323.108538
approach5_skyhost_run3,9303000,1779282323.196983
approach5_skyhost_run3,9304000,1779282323.198757
approach5_skyhost_run3,9305000,1779282323.200524
approach5_skyhost_run3,9306000,1779282323.209829
approach5_skyhost_run3,9307000,1779282323.211606
approach5_skyhost_run3,9308000,1779282323.302881
approach5_skyhost_run3,9309000,1779282323.304646
approach5_skyhost_run3,9310000,1779282323.306457
approach5_skyhost_run3,9311000,1779282323.314142
approach5_skyhost_run3,9312000,1779282323.315946
approach5_skyhost_run3,9313000,1779282323.451106
approach5_skyhost_run3,9314000,1779282323.452873
approach5_skyhost_run3,9315000,1779282323.454687
approach5_skyhost_run3,9316000,1779282323.463344
approach5_skyhost_run3,9317000,1779282323.465158
