run_id,record_index,wall_clock_s
approach5_skyhost_run2,1000,1779281695.177028
approach5_skyhost_run2,2000,1779281695.180196
approach5_skyhost_run2,3000,1779281695.184424
approach5_skyhost_run2,4000,1779281695.386502
approach5_skyhost_run2,5000,1779281695.388260
approach5_skyhost_run2,6000,1779281695.392470
approach5_skyhost_run2,7000,1779281695.398527
approach5_skyhost_run2,8000,1779281695.400258
approach5_skyhost_run2,9000,1779281695.690598
approach5_skyhost_run2,10000,1779281695.694977
approach5_skyhost_run2,11000,1779281695.696723
approach5_skyhost_run2,12000,1779281695.701818
approach5_skyhost_run2,13000,1779281695.705479
approach5_skyhost_run2,14000,1779281695.938374
approach5_skyhost_run2,15000,1779281695.940089
approach5_skyhost_run2,16000,1779281695.941811
approach5_skyhost_run2,17000,1779281695.961172
approach5_skyhost_run2,18000,1779281695.962921
approach5_skyhost_run2,19000,1779281695.964645
approach5_skyhost_run2,20000,1779281696.018404
approach5_skyhost_run2,21000,1779281696.020121
approach5_skyhost_run2,22000,1779281696.021842
approach5_skyhost_run2,23000,1779281696.027562
approach5_skyhost_run2,24000,1779281696.029281
approach5_skyhost_run2,25000,1779281696.031013
approach5_skyhost_run2,26000,1779281696.032743
approach5_skyhost_run2,27000,1779281696.045930
approach5_skyhost_run2,28000,1779281696.047655
approach5_skyhost_run2,29000,1779281696.049371
approach5_skyhost_run2,30000,1779281696.051109
approach5_skyhost_run2,31000,1779281696.072997
approach5_skyhost_run2,32000,1779281696.074744
approach5_skyhost_run2,33000,1779281696.076512
approach5_skyhost_run2,34000,1779281696.078273
approach5_skyhost_run2,35000,1779281696.117498
approach5_skyhost_run2,36000,1779281696.119254
approach5_skyhost_run2,37000,1779281696.121004
approach5_skyhost_run2,38000,1779281696.122777
approach5_skyhost_run2,39000,1779281696.140312
approach5_skyhost_run2,40000,1779281696.142049
approach5_skyhost_run2,41000,1779281696.143808
approach5_skyhost_run2,42000,1779281696.145577
approach5_skyhost_run2,43000,1779281696.152515
approach5_skyhost_run2,44000,1779281696.154250
approach5_skyhost_run2,45000,1779281696.156029
approach5_skyhost_run2,46000,1779281696.157780
approach5_skyhost_run2,47000,1779281696.216277
approach5_skyhost_run2,48000,1779281696.247697
approach5_skyhost_run2,49000,1779281696.249435
approach5_skyhost_run2,50000,1779281696.251193
approach5_skyhost_run2,51000,1779281696.252949
approach5_skyhost_run2,52000,1779281696.320084
approach5_skyhost_run2,53000,1779281696.321880
approach5_skyhost_run2,54000,1779281696.323651
approach5_skyhost_run2,55000,1779281696.325439
approach5_skyhost_run2,56000,1779281696.327209
approach5_skyhost_run2,57000,1779281696.392189
approach5_skyhost_run2,58000,1779281696.412816
approach5_skyhost_run2,59000,1779281696.418401
approach5_skyhost_run2,60000,1779281696.430243
approach5_skyhost_run2,61000,1779281696.432005
approach5_skyhost_run2,62000,1779281696.433759
approach5_skyhost_run2,63000,1779281696.435565
approach5_skyhost_run2,64000,1779281696.439680
approach5_skyhost_run2,65000,1779281696.512071
approach5_skyhost_run2,66000,1779281696.513829
approach5_skyhost_run2,67000,1779281696.515620
approach5_skyhost_run2,68000,1779281696.517372
approach5_skyhost_run2,69000,1779281696.525056
approach5_skyhost_run2,70000,1779281696.614787
approach5_skyhost_run2,71000,1779281696.616568
approach5_skyhost_run2,72000,1779281696.618333
approach5_skyhost_run2,73000,1779281696.620097
approach5_skyhost_run2,74000,1779281696.661660
approach5_skyhost_run2,75000,1779281696.663414
approach5_skyhost_run2,76000,1779281696.665187
approach5_skyhost_run2,77000,1779281696.666953
approach5_skyhost_run2,78000,1779281696.680996
approach5_skyhost_run2,79000,1779281696.682748
approach5_skyhost_run2,80000,1779281696.684528
approach5_skyhost_run2,81000,1779281696.686333
approach5_skyhost_run2,82000,1779281696.707522
approach5_skyhost_run2,83000,1779281696.709277
approach5_skyhost_run2,84000,1779281696.711053
approach5_skyhost_run2,85000,1779281696.719496
approach5_skyhost_run2,86000,1779281696.721248
approach5_skyhost_run2,87000,1779281696.723020
approach5_skyhost_run2,88000,1779281696.772509
approach5_skyhost_run2,89000,1779281696.774253
approach5_skyhost_run2,90000,1779281696.826507
approach5_skyhost_run2,91000,1779281696.828251
approach5_skyhost_run2,92000,1779281696.829991
approach5_skyhost_run2,93000,1779281696.831723
approach5_skyhost_run2,94000,1779281696.885978
approach5_skyhost_run2,95000,1779281696.923337
approach5_skyhost_run2,96000,1779281696.925104
approach5_skyhost_run2,97000,1779281696.926863
approach5_skyhost_run2,98000,1779281696.928612
approach5_skyhost_run2,99000,1779281696.934774
approach5_skyhost_run2,100000,1779281696.971766
approach5_skyhost_run2,101000,1779281696.973509
approach5_skyhost_run2,102000,1779281696.975291
approach5_skyhost_run2,103000,1779281696.977040
approach5_skyhost_run2,104000,1779281696.991278
approach5_skyhost_run2,105000,1779281696.993016
approach5_skyhost_run2,106000,1779281696.994775
approach5_skyhost_run2,107000,1779281696.996545
approach5_skyhost_run2,108000,1779281697.000656
approach5_skyhost_run2,109000,1779281697.002403
approach5_skyhost_run2,110000,1779281697.004143
approach5_skyhost_run2,111000,1779281697.005914
approach5_skyhost_run2,112000,1779281697.009325
approach5_skyhost_run2,113000,1779281697.020938
approach5_skyhost_run2,114000,1779281697.022686
approach5_skyhost_run2,115000,1779281697.024429
approach5_skyhost_run2,116000,1779281697.026208
approach5_skyhost_run2,117000,1779281697.030361
approach5_skyhost_run2,118000,1779281697.076824
approach5_skyhost_run2,119000,1779281697.078591
approach5_skyhost_run2,120000,1779281697.081054
approach5_skyhost_run2,121000,1779281697.082811
approach5_skyhost_run2,122000,1779281697.084552
approach5_skyhost_run2,123000,1779281697.086331
approach5_skyhost_run2,124000,1779281697.140553
approach5_skyhost_run2,125000,1779281697.142305
approach5_skyhost_run2,126000,1779281697.176601
approach5_skyhost_run2,127000,1779281697.178344
approach5_skyhost_run2,128000,1779281697.180092
approach5_skyhost_run2,129000,1779281697.181847
approach5_skyhost_run2,130000,1779281697.231695
approach5_skyhost_run2,131000,1779281697.233444
approach5_skyhost_run2,132000,1779281697.235239
approach5_skyhost_run2,133000,1779281697.237005
approach5_skyhost_run2,134000,1779281697.248050
approach5_skyhost_run2,135000,1779281697.333760
approach5_skyhost_run2,136000,1779281697.335529
approach5_skyhost_run2,137000,1779281697.337267
approach5_skyhost_run2,138000,1779281697.339027
approach5_skyhost_run2,139000,1779281697.350876
approach5_skyhost_run2,140000,1779281697.433846
approach5_skyhost_run2,141000,1779281697.435629
approach5_skyhost_run2,142000,1779281697.437379
approach5_skyhost_run2,143000,1779281697.448478
approach5_skyhost_run2,144000,1779281697.450247
approach5_skyhost_run2,145000,1779281697.538656
approach5_skyhost_run2,146000,1779281697.540396
approach5_skyhost_run2,147000,1779281697.542134
approach5_skyhost_run2,148000,1779281697.543904
approach5_skyhost_run2,149000,1779281697.553484
approach5_skyhost_run2,150000,1779281697.646085
approach5_skyhost_run2,151000,1779281697.647841
approach5_skyhost_run2,152000,1779281697.649583
approach5_skyhost_run2,153000,1779281697.651350
approach5_skyhost_run2,154000,1779281697.660410
approach5_skyhost_run2,155000,1779281697.781729
approach5_skyhost_run2,156000,1779281697.783439
approach5_skyhost_run2,157000,1779281697.785227
approach5_skyhost_run2,158000,1779281697.786985
approach5_skyhost_run2,159000,1779281697.795469
approach5_skyhost_run2,160000,1779281697.850660
approach5_skyhost_run2,161000,1779281697.852402
approach5_skyhost_run2,162000,1779281697.854146
approach5_skyhost_run2,163000,1779281697.855935
approach5_skyhost_run2,164000,1779281697.862755
approach5_skyhost_run2,165000,1779281697.951470
approach5_skyhost_run2,166000,1779281697.953206
approach5_skyhost_run2,167000,1779281697.954979
approach5_skyhost_run2,168000,1779281697.956737
approach5_skyhost_run2,169000,1779281697.971398
approach5_skyhost_run2,170000,1779281698.052549
approach5_skyhost_run2,171000,1779281698.054289
approach5_skyhost_run2,172000,1779281698.056070
approach5_skyhost_run2,173000,1779281698.057815
approach5_skyhost_run2,174000,1779281698.067355
approach5_skyhost_run2,175000,1779281698.157867
approach5_skyhost_run2,176000,1779281698.159613
approach5_skyhost_run2,177000,1779281698.161355
approach5_skyhost_run2,178000,1779281698.163119
approach5_skyhost_run2,179000,1779281698.172820
approach5_skyhost_run2,180000,1779281698.259912
approach5_skyhost_run2,181000,1779281698.261658
approach5_skyhost_run2,182000,1779281698.263417
approach5_skyhost_run2,183000,1779281698.265197
approach5_skyhost_run2,184000,1779281698.273431
approach5_skyhost_run2,185000,1779281698.368691
approach5_skyhost_run2,186000,1779281698.370439
approach5_skyhost_run2,187000,1779281698.372180
approach5_skyhost_run2,188000,1779281698.373922
approach5_skyhost_run2,189000,1779281698.375849
approach5_skyhost_run2,190000,1779281698.473036
approach5_skyhost_run2,191000,1779281698.474787
approach5_skyhost_run2,192000,1779281698.476558
approach5_skyhost_run2,193000,1779281698.478323
approach5_skyhost_run2,194000,1779281698.487293
approach5_skyhost_run2,195000,1779281698.603275
approach5_skyhost_run2,196000,1779281698.605034
approach5_skyhost_run2,197000,1779281698.606782
approach5_skyhost_run2,198000,1779281698.608532
approach5_skyhost_run2,199000,1779281698.615617
approach5_skyhost_run2,200000,1779281698.669190
approach5_skyhost_run2,201000,1779281698.670936
approach5_skyhost_run2,202000,1779281698.672667
approach5_skyhost_run2,203000,1779281698.674419
approach5_skyhost_run2,204000,1779281698.682287
approach5_skyhost_run2,205000,1779281698.721915
approach5_skyhost_run2,206000,1779281698.723712
approach5_skyhost_run2,207000,1779281698.725494
approach5_skyhost_run2,208000,1779281698.727263
approach5_skyhost_run2,209000,1779281698.780475
approach5_skyhost_run2,210000,1779281698.815614
approach5_skyhost_run2,211000,1779281698.817351
approach5_skyhost_run2,212000,1779281698.819099
approach5_skyhost_run2,213000,1779281698.820860
approach5_skyhost_run2,214000,1779281698.823266
approach5_skyhost_run2,215000,1779281698.872853
approach5_skyhost_run2,216000,1779281698.874593
approach5_skyhost_run2,217000,1779281698.876364
approach5_skyhost_run2,218000,1779281698.878111
approach5_skyhost_run2,219000,1779281698.885788
approach5_skyhost_run2,220000,1779281699.010257
approach5_skyhost_run2,221000,1779281699.012014
approach5_skyhost_run2,222000,1779281699.013766
approach5_skyhost_run2,223000,1779281699.015560
approach5_skyhost_run2,224000,1779281699.025012
approach5_skyhost_run2,225000,1779281699.064622
approach5_skyhost_run2,226000,1779281699.066415
approach5_skyhost_run2,227000,1779281699.180338
approach5_skyhost_run2,228000,1779281699.182087
approach5_skyhost_run2,229000,1779281699.183843
approach5_skyhost_run2,230000,1779281699.185620
approach5_skyhost_run2,231000,1779281699.193753
approach5_skyhost_run2,232000,1779281699.283247
approach5_skyhost_run2,233000,1779281699.285016
approach5_skyhost_run2,234000,1779281699.286772
approach5_skyhost_run2,235000,1779281699.288528
approach5_skyhost_run2,236000,1779281699.295544
approach5_skyhost_run2,237000,1779281699.371838
approach5_skyhost_run2,238000,1779281699.373577
approach5_skyhost_run2,239000,1779281699.375349
approach5_skyhost_run2,240000,1779281699.377097
approach5_skyhost_run2,241000,1779281699.391062
approach5_skyhost_run2,242000,1779281699.392812
approach5_skyhost_run2,243000,1779281699.394578
approach5_skyhost_run2,244000,1779281699.396364
approach5_skyhost_run2,245000,1779281699.476100
approach5_skyhost_run2,246000,1779281699.477862
approach5_skyhost_run2,247000,1779281699.488686
approach5_skyhost_run2,248000,1779281699.490425
approach5_skyhost_run2,249000,1779281699.492171
approach5_skyhost_run2,250000,1779281699.493928
approach5_skyhost_run2,251000,1779281699.498868
approach5_skyhost_run2,252000,1779281699.630665
approach5_skyhost_run2,253000,1779281699.632410
approach5_skyhost_run2,254000,1779281699.634161
approach5_skyhost_run2,255000,1779281699.635966
approach5_skyhost_run2,256000,1779281699.647104
approach5_skyhost_run2,257000,1779281699.692351
approach5_skyhost_run2,258000,1779281699.694100
approach5_skyhost_run2,259000,1779281699.695880
approach5_skyhost_run2,260000,1779281699.697727
approach5_skyhost_run2,261000,1779281699.708632
approach5_skyhost_run2,262000,1779281699.795324
approach5_skyhost_run2,263000,1779281699.797071
approach5_skyhost_run2,264000,1779281699.798828
approach5_skyhost_run2,265000,1779281699.800585
approach5_skyhost_run2,266000,1779281699.811458
approach5_skyhost_run2,267000,1779281699.897347
approach5_skyhost_run2,268000,1779281699.899092
approach5_skyhost_run2,269000,1779281699.900880
approach5_skyhost_run2,270000,1779281699.902659
approach5_skyhost_run2,271000,1779281699.911154
approach5_skyhost_run2,272000,1779281699.999116
approach5_skyhost_run2,273000,1779281700.000861
approach5_skyhost_run2,274000,1779281700.002618
approach5_skyhost_run2,275000,1779281700.004372
approach5_skyhost_run2,276000,1779281700.014717
approach5_skyhost_run2,277000,1779281700.103714
approach5_skyhost_run2,278000,1779281700.105485
approach5_skyhost_run2,279000,1779281700.107244
approach5_skyhost_run2,280000,1779281700.108988
approach5_skyhost_run2,281000,1779281700.121842
approach5_skyhost_run2,282000,1779281700.204334
approach5_skyhost_run2,283000,1779281700.206119
approach5_skyhost_run2,284000,1779281700.207884
approach5_skyhost_run2,285000,1779281700.209634
approach5_skyhost_run2,286000,1779281700.217475
approach5_skyhost_run2,287000,1779281700.296018
approach5_skyhost_run2,288000,1779281700.315146
approach5_skyhost_run2,289000,1779281700.316895
approach5_skyhost_run2,290000,1779281700.318656
approach5_skyhost_run2,291000,1779281700.320572
approach5_skyhost_run2,292000,1779281700.408878
approach5_skyhost_run2,293000,1779281700.410626
approach5_skyhost_run2,294000,1779281700.412384
approach5_skyhost_run2,295000,1779281700.414171
approach5_skyhost_run2,296000,1779281700.424245
approach5_skyhost_run2,297000,1779281700.512032
approach5_skyhost_run2,298000,1779281700.513791
approach5_skyhost_run2,299000,1779281700.515573
approach5_skyhost_run2,300000,1779281700.517328
approach5_skyhost_run2,301000,1779281700.525452
approach5_skyhost_run2,302000,1779281700.613156
approach5_skyhost_run2,303000,1779281700.614931
approach5_skyhost_run2,304000,1779281700.616665
approach5_skyhost_run2,305000,1779281700.618418
approach5_skyhost_run2,306000,1779281700.626178
approach5_skyhost_run2,307000,1779281700.727561
approach5_skyhost_run2,308000,1779281700.729306
approach5_skyhost_run2,309000,1779281700.731065
approach5_skyhost_run2,310000,1779281700.732826
approach5_skyhost_run2,311000,1779281700.756151
approach5_skyhost_run2,312000,1779281700.819127
approach5_skyhost_run2,313000,1779281700.820876
approach5_skyhost_run2,314000,1779281700.822637
approach5_skyhost_run2,315000,1779281700.824383
approach5_skyhost_run2,316000,1779281700.831271
approach5_skyhost_run2,317000,1779281700.898421
approach5_skyhost_run2,318000,1779281700.900168
approach5_skyhost_run2,319000,1779281700.901921
approach5_skyhost_run2,320000,1779281700.903695
approach5_skyhost_run2,321000,1779281700.916878
approach5_skyhost_run2,322000,1779281700.918634
approach5_skyhost_run2,323000,1779281700.920392
approach5_skyhost_run2,324000,1779281700.922156
approach5_skyhost_run2,325000,1779281701.007709
approach5_skyhost_run2,326000,1779281701.009460
approach5_skyhost_run2,327000,1779281701.035693
approach5_skyhost_run2,328000,1779281701.037439
approach5_skyhost_run2,329000,1779281701.039205
approach5_skyhost_run2,330000,1779281701.040961
approach5_skyhost_run2,331000,1779281701.066437
approach5_skyhost_run2,332000,1779281701.127177
approach5_skyhost_run2,333000,1779281701.128954
approach5_skyhost_run2,334000,1779281701.130745
approach5_skyhost_run2,335000,1779281701.132509
approach5_skyhost_run2,336000,1779281701.171465
approach5_skyhost_run2,337000,1779281701.173214
approach5_skyhost_run2,338000,1779281701.175013
approach5_skyhost_run2,339000,1779281701.176981
approach5_skyhost_run2,340000,1779281701.178746
approach5_skyhost_run2,341000,1779281701.189082
approach5_skyhost_run2,342000,1779281701.190828
approach5_skyhost_run2,343000,1779281701.192576
approach5_skyhost_run2,344000,1779281701.194335
approach5_skyhost_run2,345000,1779281701.277027
approach5_skyhost_run2,346000,1779281701.278817
approach5_skyhost_run2,347000,1779281701.325518
approach5_skyhost_run2,348000,1779281701.344676
approach5_skyhost_run2,349000,1779281701.346449
approach5_skyhost_run2,350000,1779281701.348302
approach5_skyhost_run2,351000,1779281701.350050
approach5_skyhost_run2,352000,1779281701.434752
approach5_skyhost_run2,353000,1779281701.436508
approach5_skyhost_run2,354000,1779281701.438244
approach5_skyhost_run2,355000,1779281701.440015
approach5_skyhost_run2,356000,1779281701.447912
approach5_skyhost_run2,357000,1779281701.573798
approach5_skyhost_run2,358000,1779281701.575579
approach5_skyhost_run2,359000,1779281701.577311
approach5_skyhost_run2,360000,1779281701.579065
approach5_skyhost_run2,361000,1779281701.585259
approach5_skyhost_run2,362000,1779281701.674829
approach5_skyhost_run2,363000,1779281701.676586
approach5_skyhost_run2,364000,1779281701.678348
approach5_skyhost_run2,365000,1779281701.680087
approach5_skyhost_run2,366000,1779281701.688428
approach5_skyhost_run2,367000,1779281701.730987
approach5_skyhost_run2,368000,1779281701.732730
approach5_skyhost_run2,369000,1779281701.734488
approach5_skyhost_run2,370000,1779281701.736264
approach5_skyhost_run2,371000,1779281701.766937
approach5_skyhost_run2,372000,1779281701.768677
approach5_skyhost_run2,373000,1779281701.770432
approach5_skyhost_run2,374000,1779281701.772178
approach5_skyhost_run2,375000,1779281701.843806
approach5_skyhost_run2,376000,1779281701.845572
approach5_skyhost_run2,377000,1779281701.847316
approach5_skyhost_run2,378000,1779281701.849065
approach5_skyhost_run2,379000,1779281701.854071
approach5_skyhost_run2,380000,1779281701.855853
approach5_skyhost_run2,381000,1779281701.858559
approach5_skyhost_run2,382000,1779281701.948194
approach5_skyhost_run2,383000,1779281701.949935
approach5_skyhost_run2,384000,1779281701.951702
approach5_skyhost_run2,385000,1779281701.953464
approach5_skyhost_run2,386000,1779281701.961429
approach5_skyhost_run2,387000,1779281702.043377
approach5_skyhost_run2,388000,1779281702.045149
approach5_skyhost_run2,389000,1779281702.046909
approach5_skyhost_run2,390000,1779281702.048663
approach5_skyhost_run2,391000,1779281702.061068
approach5_skyhost_run2,392000,1779281702.062824
approach5_skyhost_run2,393000,1779281702.064568
approach5_skyhost_run2,394000,1779281702.066359
approach5_skyhost_run2,395000,1779281702.148959
approach5_skyhost_run2,396000,1779281702.150732
approach5_skyhost_run2,397000,1779281702.166412
approach5_skyhost_run2,398000,1779281702.168153
approach5_skyhost_run2,399000,1779281702.169898
approach5_skyhost_run2,400000,1779281702.171655
approach5_skyhost_run2,401000,1779281702.191180
approach5_skyhost_run2,402000,1779281702.291591
approach5_skyhost_run2,403000,1779281702.293339
approach5_skyhost_run2,404000,1779281702.295121
approach5_skyhost_run2,405000,1779281702.296862
approach5_skyhost_run2,406000,1779281702.306740
approach5_skyhost_run2,407000,1779281702.363986
approach5_skyhost_run2,408000,1779281702.392590
approach5_skyhost_run2,409000,1779281702.394346
approach5_skyhost_run2,410000,1779281702.396108
approach5_skyhost_run2,411000,1779281702.397849
approach5_skyhost_run2,412000,1779281702.472882
approach5_skyhost_run2,413000,1779281702.474623
approach5_skyhost_run2,414000,1779281702.476373
approach5_skyhost_run2,415000,1779281702.478105
approach5_skyhost_run2,416000,1779281702.488905
approach5_skyhost_run2,417000,1779281702.574272
approach5_skyhost_run2,418000,1779281702.576039
approach5_skyhost_run2,419000,1779281702.577771
approach5_skyhost_run2,420000,1779281702.579522
approach5_skyhost_run2,421000,1779281702.599831
approach5_skyhost_run2,422000,1779281702.607285
approach5_skyhost_run2,423000,1779281702.609027
approach5_skyhost_run2,424000,1779281702.610776
approach5_skyhost_run2,425000,1779281702.612520
approach5_skyhost_run2,426000,1779281702.626850
approach5_skyhost_run2,427000,1779281702.628586
approach5_skyhost_run2,428000,1779281702.630343
approach5_skyhost_run2,429000,1779281702.632093
approach5_skyhost_run2,430000,1779281702.718073
approach5_skyhost_run2,431000,1779281702.719830
approach5_skyhost_run2,432000,1779281702.767000
approach5_skyhost_run2,433000,1779281702.768742
approach5_skyhost_run2,434000,1779281702.770504
approach5_skyhost_run2,435000,1779281702.772263
approach5_skyhost_run2,436000,1779281702.781738
approach5_skyhost_run2,437000,1779281702.870822
approach5_skyhost_run2,438000,1779281702.872557
approach5_skyhost_run2,439000,1779281702.874300
approach5_skyhost_run2,440000,1779281702.876091
approach5_skyhost_run2,441000,1779281702.885875
approach5_skyhost_run2,442000,1779281702.955830
approach5_skyhost_run2,443000,1779281702.957576
approach5_skyhost_run2,444000,1779281702.959334
approach5_skyhost_run2,445000,1779281702.961077
approach5_skyhost_run2,446000,1779281702.974353
approach5_skyhost_run2,447000,1779281702.976119
approach5_skyhost_run2,448000,1779281702.977868
approach5_skyhost_run2,449000,1779281702.979638
approach5_skyhost_run2,450000,1779281703.061468
approach5_skyhost_run2,451000,1779281703.063226
approach5_skyhost_run2,452000,1779281703.074378
approach5_skyhost_run2,453000,1779281703.076146
approach5_skyhost_run2,454000,1779281703.077895
approach5_skyhost_run2,455000,1779281703.079658
approach5_skyhost_run2,456000,1779281703.092208
approach5_skyhost_run2,457000,1779281703.179603
approach5_skyhost_run2,458000,1779281703.181401
approach5_skyhost_run2,459000,1779281703.183173
approach5_skyhost_run2,460000,1779281703.184945
approach5_skyhost_run2,461000,1779281703.192520
approach5_skyhost_run2,462000,1779281703.280817
approach5_skyhost_run2,463000,1779281703.282572
approach5_skyhost_run2,464000,1779281703.284318
approach5_skyhost_run2,465000,1779281703.286099
approach5_skyhost_run2,466000,1779281703.295046
approach5_skyhost_run2,467000,1779281703.342598
approach5_skyhost_run2,468000,1779281703.344331
approach5_skyhost_run2,469000,1779281703.346089
approach5_skyhost_run2,470000,1779281703.347842
approach5_skyhost_run2,471000,1779281703.404066
approach5_skyhost_run2,472000,1779281703.405871
approach5_skyhost_run2,473000,1779281703.438211
approach5_skyhost_run2,474000,1779281703.439955
approach5_skyhost_run2,475000,1779281703.441702
approach5_skyhost_run2,476000,1779281703.443467
approach5_skyhost_run2,477000,1779281703.499715
approach5_skyhost_run2,478000,1779281703.501457
approach5_skyhost_run2,479000,1779281703.503207
approach5_skyhost_run2,480000,1779281703.504983
approach5_skyhost_run2,481000,1779281703.517885
approach5_skyhost_run2,482000,1779281703.589206
approach5_skyhost_run2,483000,1779281703.590941
approach5_skyhost_run2,484000,1779281703.592672
approach5_skyhost_run2,485000,1779281703.594430
approach5_skyhost_run2,486000,1779281703.603521
approach5_skyhost_run2,487000,1779281703.731869
approach5_skyhost_run2,488000,1779281703.733609
approach5_skyhost_run2,489000,1779281703.735389
approach5_skyhost_run2,490000,1779281703.737133
approach5_skyhost_run2,491000,1779281703.744983
approach5_skyhost_run2,492000,1779281703.791710
approach5_skyhost_run2,493000,1779281703.793444
approach5_skyhost_run2,494000,1779281703.795222
approach5_skyhost_run2,495000,1779281703.796973
approach5_skyhost_run2,496000,1779281703.805554
approach5_skyhost_run2,497000,1779281703.907739
approach5_skyhost_run2,498000,1779281703.909494
approach5_skyhost_run2,499000,1779281703.911247
approach5_skyhost_run2,500000,1779281703.912996
approach5_skyhost_run2,501000,1779281703.920089
approach5_skyhost_run2,502000,1779281703.997649
approach5_skyhost_run2,503000,1779281703.999401
approach5_skyhost_run2,504000,1779281704.001146
approach5_skyhost_run2,505000,1779281704.002916
approach5_skyhost_run2,506000,1779281704.012380
approach5_skyhost_run2,507000,1779281704.099194
approach5_skyhost_run2,508000,1779281704.100927
approach5_skyhost_run2,509000,1779281704.102672
approach5_skyhost_run2,510000,1779281704.104431
approach5_skyhost_run2,511000,1779281704.113003
approach5_skyhost_run2,512000,1779281704.201418
approach5_skyhost_run2,513000,1779281704.203171
approach5_skyhost_run2,514000,1779281704.204952
approach5_skyhost_run2,515000,1779281704.206719
approach5_skyhost_run2,516000,1779281704.215311
approach5_skyhost_run2,517000,1779281704.285975
approach5_skyhost_run2,518000,1779281704.287739
approach5_skyhost_run2,519000,1779281704.441703
approach5_skyhost_run2,520000,1779281704.443491
approach5_skyhost_run2,521000,1779281704.445279
approach5_skyhost_run2,522000,1779281704.447044
approach5_skyhost_run2,523000,1779281704.457299
approach5_skyhost_run2,524000,1779281704.509607
approach5_skyhost_run2,525000,1779281704.511362
approach5_skyhost_run2,526000,1779281704.513103
approach5_skyhost_run2,527000,1779281704.514883
approach5_skyhost_run2,528000,1779281704.522626
approach5_skyhost_run2,529000,1779281704.610843
approach5_skyhost_run2,530000,1779281704.612583
approach5_skyhost_run2,531000,1779281704.614332
approach5_skyhost_run2,532000,1779281704.616106
approach5_skyhost_run2,533000,1779281704.625322
approach5_skyhost_run2,534000,1779281704.711911
approach5_skyhost_run2,535000,1779281704.713685
approach5_skyhost_run2,536000,1779281704.715480
approach5_skyhost_run2,537000,1779281704.717241
approach5_skyhost_run2,538000,1779281704.727655
approach5_skyhost_run2,539000,1779281704.816001
approach5_skyhost_run2,540000,1779281704.817736
approach5_skyhost_run2,541000,1779281704.819493
approach5_skyhost_run2,542000,1779281704.821267
approach5_skyhost_run2,543000,1779281704.829951
approach5_skyhost_run2,544000,1779281704.931622
approach5_skyhost_run2,545000,1779281704.933363
approach5_skyhost_run2,546000,1779281704.935141
approach5_skyhost_run2,547000,1779281704.936888
approach5_skyhost_run2,548000,1779281704.963525
approach5_skyhost_run2,549000,1779281705.019106
approach5_skyhost_run2,550000,1779281705.020850
approach5_skyhost_run2,551000,1779281705.022618
approach5_skyhost_run2,552000,1779281705.024382
approach5_skyhost_run2,553000,1779281705.072652
approach5_skyhost_run2,554000,1779281705.122324
approach5_skyhost_run2,555000,1779281705.124063
approach5_skyhost_run2,556000,1779281705.125833
approach5_skyhost_run2,557000,1779281705.127597
approach5_skyhost_run2,558000,1779281705.136402
approach5_skyhost_run2,559000,1779281705.223281
approach5_skyhost_run2,560000,1779281705.225056
approach5_skyhost_run2,561000,1779281705.226823
approach5_skyhost_run2,562000,1779281705.228565
approach5_skyhost_run2,563000,1779281705.234136
approach5_skyhost_run2,564000,1779281705.364103
approach5_skyhost_run2,565000,1779281705.365872
approach5_skyhost_run2,566000,1779281705.367613
approach5_skyhost_run2,567000,1779281705.369353
approach5_skyhost_run2,568000,1779281705.378119
approach5_skyhost_run2,569000,1779281705.429458
approach5_skyhost_run2,570000,1779281705.431221
approach5_skyhost_run2,571000,1779281705.432976
approach5_skyhost_run2,572000,1779281705.434758
approach5_skyhost_run2,573000,1779281705.443820
approach5_skyhost_run2,574000,1779281705.531945
approach5_skyhost_run2,575000,1779281705.533686
approach5_skyhost_run2,576000,1779281705.535465
approach5_skyhost_run2,577000,1779281705.537225
approach5_skyhost_run2,578000,1779281705.547893
approach5_skyhost_run2,579000,1779281705.670563
approach5_skyhost_run2,580000,1779281705.672298
approach5_skyhost_run2,581000,1779281705.674041
approach5_skyhost_run2,582000,1779281705.675831
approach5_skyhost_run2,583000,1779281705.685250
approach5_skyhost_run2,584000,1779281705.746849
approach5_skyhost_run2,585000,1779281705.748592
approach5_skyhost_run2,586000,1779281705.750348
approach5_skyhost_run2,587000,1779281705.752134
approach5_skyhost_run2,588000,1779281705.762121
approach5_skyhost_run2,589000,1779281705.837690
approach5_skyhost_run2,590000,1779281705.839448
approach5_skyhost_run2,591000,1779281705.841201
approach5_skyhost_run2,592000,1779281705.842976
approach5_skyhost_run2,593000,1779281705.852103
approach5_skyhost_run2,594000,1779281705.942784
approach5_skyhost_run2,595000,1779281705.944531
approach5_skyhost_run2,596000,1779281705.946314
approach5_skyhost_run2,597000,1779281705.948047
approach5_skyhost_run2,598000,1779281705.958262
approach5_skyhost_run2,599000,1779281706.045202
approach5_skyhost_run2,600000,1779281706.046956
approach5_skyhost_run2,601000,1779281706.048687
approach5_skyhost_run2,602000,1779281706.050434
approach5_skyhost_run2,603000,1779281706.062253
approach5_skyhost_run2,604000,1779281706.148375
approach5_skyhost_run2,605000,1779281706.150113
approach5_skyhost_run2,606000,1779281706.151869
approach5_skyhost_run2,607000,1779281706.153630
approach5_skyhost_run2,608000,1779281706.161095
approach5_skyhost_run2,609000,1779281706.260598
approach5_skyhost_run2,610000,1779281706.262347
approach5_skyhost_run2,611000,1779281706.264094
approach5_skyhost_run2,612000,1779281706.265877
approach5_skyhost_run2,613000,1779281706.291966
approach5_skyhost_run2,614000,1779281706.349488
approach5_skyhost_run2,615000,1779281706.351233
approach5_skyhost_run2,616000,1779281706.352975
approach5_skyhost_run2,617000,1779281706.354750
approach5_skyhost_run2,618000,1779281706.364540
approach5_skyhost_run2,619000,1779281706.465931
approach5_skyhost_run2,620000,1779281706.467678
approach5_skyhost_run2,621000,1779281706.469419
approach5_skyhost_run2,622000,1779281706.471174
approach5_skyhost_run2,623000,1779281706.495785
approach5_skyhost_run2,624000,1779281706.591202
approach5_skyhost_run2,625000,1779281706.592936
approach5_skyhost_run2,626000,1779281706.594685
approach5_skyhost_run2,627000,1779281706.596463
approach5_skyhost_run2,628000,1779281706.605278
approach5_skyhost_run2,629000,1779281706.692600
approach5_skyhost_run2,630000,1779281706.694355
approach5_skyhost_run2,631000,1779281706.696127
approach5_skyhost_run2,632000,1779281706.697890
approach5_skyhost_run2,633000,1779281706.708037
approach5_skyhost_run2,634000,1779281706.759343
approach5_skyhost_run2,635000,1779281706.761091
approach5_skyhost_run2,636000,1779281706.762860
approach5_skyhost_run2,637000,1779281706.764625
approach5_skyhost_run2,638000,1779281706.772681
approach5_skyhost_run2,639000,1779281706.861606
approach5_skyhost_run2,640000,1779281706.863353
approach5_skyhost_run2,641000,1779281706.865124
approach5_skyhost_run2,642000,1779281706.866894
approach5_skyhost_run2,643000,1779281706.874884
approach5_skyhost_run2,644000,1779281706.963744
approach5_skyhost_run2,645000,1779281706.965513
approach5_skyhost_run2,646000,1779281706.967308
approach5_skyhost_run2,647000,1779281706.969071
approach5_skyhost_run2,648000,1779281706.977815
approach5_skyhost_run2,649000,1779281707.065997
approach5_skyhost_run2,650000,1779281707.067757
approach5_skyhost_run2,651000,1779281707.069509
approach5_skyhost_run2,652000,1779281707.071285
approach5_skyhost_run2,653000,1779281707.081243
approach5_skyhost_run2,654000,1779281707.170140
approach5_skyhost_run2,655000,1779281707.171892
approach5_skyhost_run2,656000,1779281707.173642
approach5_skyhost_run2,657000,1779281707.175457
approach5_skyhost_run2,658000,1779281707.220798
approach5_skyhost_run2,659000,1779281707.271410
approach5_skyhost_run2,660000,1779281707.273123
approach5_skyhost_run2,661000,1779281707.274935
approach5_skyhost_run2,662000,1779281707.276680
approach5_skyhost_run2,663000,1779281707.322742
approach5_skyhost_run2,664000,1779281707.375226
approach5_skyhost_run2,665000,1779281707.376969
approach5_skyhost_run2,666000,1779281707.378728
approach5_skyhost_run2,667000,1779281707.380488
approach5_skyhost_run2,668000,1779281707.424635
approach5_skyhost_run2,669000,1779281707.477684
approach5_skyhost_run2,670000,1779281707.479442
approach5_skyhost_run2,671000,1779281707.481192
approach5_skyhost_run2,672000,1779281707.482960
approach5_skyhost_run2,673000,1779281707.491111
approach5_skyhost_run2,674000,1779281707.579121
approach5_skyhost_run2,675000,1779281707.580858
approach5_skyhost_run2,676000,1779281707.582613
approach5_skyhost_run2,677000,1779281707.584362
approach5_skyhost_run2,678000,1779281707.593306
approach5_skyhost_run2,679000,1779281707.720188
approach5_skyhost_run2,680000,1779281707.721924
approach5_skyhost_run2,681000,1779281707.723679
approach5_skyhost_run2,682000,1779281707.725459
approach5_skyhost_run2,683000,1779281707.732562
approach5_skyhost_run2,684000,1779281707.784992
approach5_skyhost_run2,685000,1779281707.786755
approach5_skyhost_run2,686000,1779281707.788506
approach5_skyhost_run2,687000,1779281707.790249
approach5_skyhost_run2,688000,1779281707.798965
approach5_skyhost_run2,689000,1779281707.827786
approach5_skyhost_run2,690000,1779281707.829532
approach5_skyhost_run2,691000,1779281707.831298
approach5_skyhost_run2,692000,1779281707.833070
approach5_skyhost_run2,693000,1779281707.847860
approach5_skyhost_run2,694000,1779281707.849597
approach5_skyhost_run2,695000,1779281707.851355
approach5_skyhost_run2,696000,1779281707.853101
approach5_skyhost_run2,697000,1779281707.939660
approach5_skyhost_run2,698000,1779281707.941421
approach5_skyhost_run2,699000,1779281707.991418
approach5_skyhost_run2,700000,1779281707.993169
approach5_skyhost_run2,701000,1779281707.994958
approach5_skyhost_run2,702000,1779281707.996708
approach5_skyhost_run2,703000,1779281708.003891
approach5_skyhost_run2,704000,1779281708.092314
approach5_skyhost_run2,705000,1779281708.094051
approach5_skyhost_run2,706000,1779281708.095831
approach5_skyhost_run2,707000,1779281708.097584
approach5_skyhost_run2,708000,1779281708.105523
approach5_skyhost_run2,709000,1779281708.195266
approach5_skyhost_run2,710000,1779281708.197016
approach5_skyhost_run2,711000,1779281708.198782
approach5_skyhost_run2,712000,1779281708.200536
approach5_skyhost_run2,713000,1779281708.209026
approach5_skyhost_run2,714000,1779281708.297287
approach5_skyhost_run2,715000,1779281708.299031
approach5_skyhost_run2,716000,1779281708.300770
approach5_skyhost_run2,717000,1779281708.302521
approach5_skyhost_run2,718000,1779281708.310111
approach5_skyhost_run2,719000,1779281708.401875
approach5_skyhost_run2,720000,1779281708.403622
approach5_skyhost_run2,721000,1779281708.405387
approach5_skyhost_run2,722000,1779281708.407143
approach5_skyhost_run2,723000,1779281708.412438
approach5_skyhost_run2,724000,1779281708.540971
approach5_skyhost_run2,725000,1779281708.542723
approach5_skyhost_run2,726000,1779281708.544470
approach5_skyhost_run2,727000,1779281708.546249
approach5_skyhost_run2,728000,1779281708.554198
approach5_skyhost_run2,729000,1779281708.604302
approach5_skyhost_run2,730000,1779281708.606062
approach5_skyhost_run2,731000,1779281708.607824
approach5_skyhost_run2,732000,1779281708.609579
approach5_skyhost_run2,733000,1779281708.617623
approach5_skyhost_run2,734000,1779281708.707488
approach5_skyhost_run2,735000,1779281708.709244
approach5_skyhost_run2,736000,1779281708.711001
approach5_skyhost_run2,737000,1779281708.712760
approach5_skyhost_run2,738000,1779281708.723020
approach5_skyhost_run2,739000,1779281708.812448
approach5_skyhost_run2,740000,1779281708.814197
approach5_skyhost_run2,741000,1779281708.815989
approach5_skyhost_run2,742000,1779281708.817756
approach5_skyhost_run2,743000,1779281708.824294
approach5_skyhost_run2,744000,1779281708.912727
approach5_skyhost_run2,745000,1779281708.914488
approach5_skyhost_run2,746000,1779281708.916266
approach5_skyhost_run2,747000,1779281708.918028
approach5_skyhost_run2,748000,1779281708.925229
approach5_skyhost_run2,749000,1779281709.013196
approach5_skyhost_run2,750000,1779281709.014986
approach5_skyhost_run2,751000,1779281709.016742
approach5_skyhost_run2,752000,1779281709.018515
approach5_skyhost_run2,753000,1779281709.027572
approach5_skyhost_run2,754000,1779281709.115412
approach5_skyhost_run2,755000,1779281709.117145
approach5_skyhost_run2,756000,1779281709.118899
approach5_skyhost_run2,757000,1779281709.120643
approach5_skyhost_run2,758000,1779281709.132105
approach5_skyhost_run2,759000,1779281709.219810
approach5_skyhost_run2,760000,1779281709.221566
approach5_skyhost_run2,761000,1779281709.223329
approach5_skyhost_run2,762000,1779281709.225108
approach5_skyhost_run2,763000,1779281709.232151
approach5_skyhost_run2,764000,1779281709.323457
approach5_skyhost_run2,765000,1779281709.325218
approach5_skyhost_run2,766000,1779281709.326977
approach5_skyhost_run2,767000,1779281709.328735
approach5_skyhost_run2,768000,1779281709.336015
approach5_skyhost_run2,769000,1779281709.464211
approach5_skyhost_run2,770000,1779281709.465990
approach5_skyhost_run2,771000,1779281709.467750
approach5_skyhost_run2,772000,1779281709.469548
approach5_skyhost_run2,773000,1779281709.477554
approach5_skyhost_run2,774000,1779281709.527651
approach5_skyhost_run2,775000,1779281709.529396
approach5_skyhost_run2,776000,1779281709.531163
approach5_skyhost_run2,777000,1779281709.532922
approach5_skyhost_run2,778000,1779281709.540211
approach5_skyhost_run2,779000,1779281709.630751
approach5_skyhost_run2,780000,1779281709.632499
approach5_skyhost_run2,781000,1779281709.634246
approach5_skyhost_run2,782000,1779281709.636053
approach5_skyhost_run2,783000,1779281709.643724
approach5_skyhost_run2,784000,1779281709.732891
approach5_skyhost_run2,785000,1779281709.734647
approach5_skyhost_run2,786000,1779281709.736396
approach5_skyhost_run2,787000,1779281709.738165
approach5_skyhost_run2,788000,1779281709.746621
approach5_skyhost_run2,789000,1779281709.833130
approach5_skyhost_run2,790000,1779281709.834903
approach5_skyhost_run2,791000,1779281709.836644
approach5_skyhost_run2,792000,1779281709.838394
approach5_skyhost_run2,793000,1779281709.847061
approach5_skyhost_run2,794000,1779281709.935541
approach5_skyhost_run2,795000,1779281709.937268
approach5_skyhost_run2,796000,1779281709.939013
approach5_skyhost_run2,797000,1779281709.940772
approach5_skyhost_run2,798000,1779281709.949017
approach5_skyhost_run2,799000,1779281710.038304
approach5_skyhost_run2,800000,1779281710.040048
approach5_skyhost_run2,801000,1779281710.041793
approach5_skyhost_run2,802000,1779281710.043561
approach5_skyhost_run2,803000,1779281710.051550
approach5_skyhost_run2,804000,1779281710.139862
approach5_skyhost_run2,805000,1779281710.141616
approach5_skyhost_run2,806000,1779281710.143389
approach5_skyhost_run2,807000,1779281710.145183
approach5_skyhost_run2,808000,1779281710.154768
approach5_skyhost_run2,809000,1779281710.263077
approach5_skyhost_run2,810000,1779281710.382950
approach5_skyhost_run2,811000,1779281710.384701
approach5_skyhost_run2,812000,1779281710.386497
approach5_skyhost_run2,813000,1779281710.388260
approach5_skyhost_run2,814000,1779281710.393843
approach5_skyhost_run2,815000,1779281710.447927
approach5_skyhost_run2,816000,1779281710.449673
approach5_skyhost_run2,817000,1779281710.451439
approach5_skyhost_run2,818000,1779281710.453201
approach5_skyhost_run2,819000,1779281710.495697
approach5_skyhost_run2,820000,1779281710.549651
approach5_skyhost_run2,821000,1779281710.551400
approach5_skyhost_run2,822000,1779281710.553153
approach5_skyhost_run2,823000,1779281710.554955
approach5_skyhost_run2,824000,1779281710.563265
approach5_skyhost_run2,825000,1779281710.651235
approach5_skyhost_run2,826000,1779281710.652978
approach5_skyhost_run2,827000,1779281710.654742
approach5_skyhost_run2,828000,1779281710.656517
approach5_skyhost_run2,829000,1779281710.664044
approach5_skyhost_run2,830000,1779281710.754127
approach5_skyhost_run2,831000,1779281710.755899
approach5_skyhost_run2,832000,1779281710.757635
approach5_skyhost_run2,833000,1779281710.759392
approach5_skyhost_run2,834000,1779281710.766649
approach5_skyhost_run2,835000,1779281710.857099
approach5_skyhost_run2,836000,1779281710.858862
approach5_skyhost_run2,837000,1779281710.860604
approach5_skyhost_run2,838000,1779281710.862375
approach5_skyhost_run2,839000,1779281710.870566
approach5_skyhost_run2,840000,1779281710.955866
approach5_skyhost_run2,841000,1779281710.957601
approach5_skyhost_run2,842000,1779281710.959359
approach5_skyhost_run2,843000,1779281710.961122
approach5_skyhost_run2,844000,1779281710.969525
approach5_skyhost_run2,845000,1779281711.002912
approach5_skyhost_run2,846000,1779281711.004646
approach5_skyhost_run2,847000,1779281711.006425
approach5_skyhost_run2,848000,1779281711.008176
approach5_skyhost_run2,849000,1779281711.063880
approach5_skyhost_run2,850000,1779281711.065671
approach5_skyhost_run2,851000,1779281711.067445
approach5_skyhost_run2,852000,1779281711.069211
approach5_skyhost_run2,853000,1779281711.146569
approach5_skyhost_run2,854000,1779281711.148317
approach5_skyhost_run2,855000,1779281711.150071
approach5_skyhost_run2,856000,1779281711.151855
approach5_skyhost_run2,857000,1779281711.154039
approach5_skyhost_run2,858000,1779281711.155837
approach5_skyhost_run2,859000,1779281711.164147
approach5_skyhost_run2,860000,1779281711.165917
approach5_skyhost_run2,861000,1779281711.167675
approach5_skyhost_run2,862000,1779281711.169415
approach5_skyhost_run2,863000,1779281711.249841
approach5_skyhost_run2,864000,1779281711.251601
approach5_skyhost_run2,865000,1779281711.268692
approach5_skyhost_run2,866000,1779281711.270450
approach5_skyhost_run2,867000,1779281711.272201
approach5_skyhost_run2,868000,1779281711.273960
approach5_skyhost_run2,869000,1779281711.276853
approach5_skyhost_run2,870000,1779281711.373301
approach5_skyhost_run2,871000,1779281711.375078
approach5_skyhost_run2,872000,1779281711.376825
approach5_skyhost_run2,873000,1779281711.378600
approach5_skyhost_run2,874000,1779281711.391013
approach5_skyhost_run2,875000,1779281711.468132
approach5_skyhost_run2,876000,1779281711.469883
approach5_skyhost_run2,877000,1779281711.471641
approach5_skyhost_run2,878000,1779281711.473391
approach5_skyhost_run2,879000,1779281711.482950
approach5_skyhost_run2,880000,1779281711.572680
approach5_skyhost_run2,881000,1779281711.574445
approach5_skyhost_run2,882000,1779281711.576222
approach5_skyhost_run2,883000,1779281711.577980
approach5_skyhost_run2,884000,1779281711.585582
approach5_skyhost_run2,885000,1779281711.677018
approach5_skyhost_run2,886000,1779281711.678771
approach5_skyhost_run2,887000,1779281711.680522
approach5_skyhost_run2,888000,1779281711.682281
approach5_skyhost_run2,889000,1779281711.689235
approach5_skyhost_run2,890000,1779281711.777325
approach5_skyhost_run2,891000,1779281711.779084
approach5_skyhost_run2,892000,1779281711.780831
approach5_skyhost_run2,893000,1779281711.782603
approach5_skyhost_run2,894000,1779281711.790738
approach5_skyhost_run2,895000,1779281711.880058
approach5_skyhost_run2,896000,1779281711.881801
approach5_skyhost_run2,897000,1779281711.883568
approach5_skyhost_run2,898000,1779281711.885413
approach5_skyhost_run2,899000,1779281711.893413
approach5_skyhost_run2,900000,1779281711.990664
approach5_skyhost_run2,901000,1779281711.992409
approach5_skyhost_run2,902000,1779281711.994155
approach5_skyhost_run2,903000,1779281711.995957
approach5_skyhost_run2,904000,1779281712.003373
approach5_skyhost_run2,905000,1779281712.084272
approach5_skyhost_run2,906000,1779281712.086051
approach5_skyhost_run2,907000,1779281712.087820
approach5_skyhost_run2,908000,1779281712.089582
approach5_skyhost_run2,909000,1779281712.135275
approach5_skyhost_run2,910000,1779281712.187409
approach5_skyhost_run2,911000,1779281712.189146
approach5_skyhost_run2,912000,1779281712.190875
approach5_skyhost_run2,913000,1779281712.192651
approach5_skyhost_run2,914000,1779281712.200938
approach5_skyhost_run2,915000,1779281712.289817
approach5_skyhost_run2,916000,1779281712.291569
approach5_skyhost_run2,917000,1779281712.293317
approach5_skyhost_run2,918000,1779281712.295109
approach5_skyhost_run2,919000,1779281712.303876
approach5_skyhost_run2,920000,1779281712.394094
approach5_skyhost_run2,921000,1779281712.395877
approach5_skyhost_run2,922000,1779281712.397619
approach5_skyhost_run2,923000,1779281712.399383
approach5_skyhost_run2,924000,1779281712.408153
approach5_skyhost_run2,925000,1779281712.436064
approach5_skyhost_run2,926000,1779281712.437801
approach5_skyhost_run2,927000,1779281712.439560
approach5_skyhost_run2,928000,1779281712.441316
approach5_skyhost_run2,929000,1779281712.454103
approach5_skyhost_run2,930000,1779281712.455874
approach5_skyhost_run2,931000,1779281712.457618
approach5_skyhost_run2,932000,1779281712.459384
approach5_skyhost_run2,933000,1779281712.588767
approach5_skyhost_run2,934000,1779281712.590529
approach5_skyhost_run2,935000,1779281712.636014
approach5_skyhost_run2,936000,1779281712.637769
approach5_skyhost_run2,937000,1779281712.639535
approach5_skyhost_run2,938000,1779281712.641293
approach5_skyhost_run2,939000,1779281712.647288
approach5_skyhost_run2,940000,1779281712.701730
approach5_skyhost_run2,941000,1779281712.703480
approach5_skyhost_run2,942000,1779281712.705257
approach5_skyhost_run2,943000,1779281712.707028
approach5_skyhost_run2,944000,1779281712.714269
approach5_skyhost_run2,945000,1779281712.839721
approach5_skyhost_run2,946000,1779281712.841476
approach5_skyhost_run2,947000,1779281712.843237
approach5_skyhost_run2,948000,1779281712.845021
approach5_skyhost_run2,949000,1779281712.852609
approach5_skyhost_run2,950000,1779281712.942688
approach5_skyhost_run2,951000,1779281712.944441
approach5_skyhost_run2,952000,1779281712.946215
approach5_skyhost_run2,953000,1779281712.947994
approach5_skyhost_run2,954000,1779281712.954012
approach5_skyhost_run2,955000,1779281713.047558
approach5_skyhost_run2,956000,1779281713.049300
approach5_skyhost_run2,957000,1779281713.051059
approach5_skyhost_run2,958000,1779281713.052812
approach5_skyhost_run2,959000,1779281713.059298
approach5_skyhost_run2,960000,1779281713.125614
approach5_skyhost_run2,961000,1779281713.127410
approach5_skyhost_run2,962000,1779281713.129174
approach5_skyhost_run2,963000,1779281713.130951
approach5_skyhost_run2,964000,1779281713.139074
approach5_skyhost_run2,965000,1779281713.213748
approach5_skyhost_run2,966000,1779281713.215532
approach5_skyhost_run2,967000,1779281713.217271
approach5_skyhost_run2,968000,1779281713.219038
approach5_skyhost_run2,969000,1779281713.226480
approach5_skyhost_run2,970000,1779281713.316794
approach5_skyhost_run2,971000,1779281713.318544
approach5_skyhost_run2,972000,1779281713.320288
approach5_skyhost_run2,973000,1779281713.322049
approach5_skyhost_run2,974000,1779281713.329256
approach5_skyhost_run2,975000,1779281713.417598
approach5_skyhost_run2,976000,1779281713.419375
approach5_skyhost_run2,977000,1779281713.421132
approach5_skyhost_run2,978000,1779281713.422910
approach5_skyhost_run2,979000,1779281713.431465
approach5_skyhost_run2,980000,1779281713.520805
approach5_skyhost_run2,981000,1779281713.522546
approach5_skyhost_run2,982000,1779281713.524276
approach5_skyhost_run2,983000,1779281713.526057
approach5_skyhost_run2,984000,1779281713.534074
approach5_skyhost_run2,985000,1779281713.622253
approach5_skyhost_run2,986000,1779281713.624000
approach5_skyhost_run2,987000,1779281713.625778
approach5_skyhost_run2,988000,1779281713.627546
approach5_skyhost_run2,989000,1779281713.634933
approach5_skyhost_run2,990000,1779281713.725285
approach5_skyhost_run2,991000,1779281713.727041
approach5_skyhost_run2,992000,1779281713.728787
approach5_skyhost_run2,993000,1779281713.730553
approach5_skyhost_run2,994000,1779281713.739527
approach5_skyhost_run2,995000,1779281713.808498
approach5_skyhost_run2,996000,1779281713.810246
approach5_skyhost_run2,997000,1779281713.812009
approach5_skyhost_run2,998000,1779281713.813778
approach5_skyhost_run2,999000,1779281713.829423
approach5_skyhost_run2,1000000,1779281713.831190
approach5_skyhost_run2,1001000,1779281713.832968
approach5_skyhost_run2,1002000,1779281713.834750
approach5_skyhost_run2,1003000,1779281713.914228
approach5_skyhost_run2,1004000,1779281713.916021
approach5_skyhost_run2,1005000,1779281713.965650
approach5_skyhost_run2,1006000,1779281713.967405
approach5_skyhost_run2,1007000,1779281713.969151
approach5_skyhost_run2,1008000,1779281713.970917
approach5_skyhost_run2,1009000,1779281713.980670
approach5_skyhost_run2,1010000,1779281714.033464
approach5_skyhost_run2,1011000,1779281714.035230
approach5_skyhost_run2,1012000,1779281714.036973
approach5_skyhost_run2,1013000,1779281714.038739
approach5_skyhost_run2,1014000,1779281714.046984
approach5_skyhost_run2,1015000,1779281714.134948
approach5_skyhost_run2,1016000,1779281714.136687
approach5_skyhost_run2,1017000,1779281714.138427
approach5_skyhost_run2,1018000,1779281714.140175
approach5_skyhost_run2,1019000,1779281714.148499
approach5_skyhost_run2,1020000,1779281714.239855
approach5_skyhost_run2,1021000,1779281714.241585
approach5_skyhost_run2,1022000,1779281714.243331
approach5_skyhost_run2,1023000,1779281714.245103
approach5_skyhost_run2,1024000,1779281714.256186
approach5_skyhost_run2,1025000,1779281714.340190
approach5_skyhost_run2,1026000,1779281714.341933
approach5_skyhost_run2,1027000,1779281714.343689
approach5_skyhost_run2,1028000,1779281714.345473
approach5_skyhost_run2,1029000,1779281714.355814
approach5_skyhost_run2,1030000,1779281714.448571
approach5_skyhost_run2,1031000,1779281714.450299
approach5_skyhost_run2,1032000,1779281714.452041
approach5_skyhost_run2,1033000,1779281714.453783
approach5_skyhost_run2,1034000,1779281714.463321
approach5_skyhost_run2,1035000,1779281714.545442
approach5_skyhost_run2,1036000,1779281714.547179
approach5_skyhost_run2,1037000,1779281714.548913
approach5_skyhost_run2,1038000,1779281714.550663
approach5_skyhost_run2,1039000,1779281714.557361
approach5_skyhost_run2,1040000,1779281714.649492
approach5_skyhost_run2,1041000,1779281714.651229
approach5_skyhost_run2,1042000,1779281714.652958
approach5_skyhost_run2,1043000,1779281714.654717
approach5_skyhost_run2,1044000,1779281714.663517
approach5_skyhost_run2,1045000,1779281714.787206
approach5_skyhost_run2,1046000,1779281714.788943
approach5_skyhost_run2,1047000,1779281714.790691
approach5_skyhost_run2,1048000,1779281714.792429
approach5_skyhost_run2,1049000,1779281714.800186
approach5_skyhost_run2,1050000,1779281714.850813
approach5_skyhost_run2,1051000,1779281714.852546
approach5_skyhost_run2,1052000,1779281714.854286
approach5_skyhost_run2,1053000,1779281714.856080
approach5_skyhost_run2,1054000,1779281714.864782
approach5_skyhost_run2,1055000,1779281714.954683
approach5_skyhost_run2,1056000,1779281714.956443
approach5_skyhost_run2,1057000,1779281714.958178
approach5_skyhost_run2,1058000,1779281714.959942
approach5_skyhost_run2,1059000,1779281714.969376
approach5_skyhost_run2,1060000,1779281715.096028
approach5_skyhost_run2,1061000,1779281715.097804
approach5_skyhost_run2,1062000,1779281715.099842
approach5_skyhost_run2,1063000,1779281715.102754
approach5_skyhost_run2,1064000,1779281715.104486
approach5_skyhost_run2,1065000,1779281715.106246
approach5_skyhost_run2,1066000,1779281715.108002
approach5_skyhost_run2,1067000,1779281715.109910
approach5_skyhost_run2,1068000,1779281715.111672
approach5_skyhost_run2,1069000,1779281715.120207
approach5_skyhost_run2,1070000,1779281715.121940
approach5_skyhost_run2,1071000,1779281715.123689
approach5_skyhost_run2,1072000,1779281715.125458
approach5_skyhost_run2,1073000,1779281715.210823
approach5_skyhost_run2,1074000,1779281715.212563
approach5_skyhost_run2,1075000,1779281715.262155
approach5_skyhost_run2,1076000,1779281715.263908
approach5_skyhost_run2,1077000,1779281715.265685
approach5_skyhost_run2,1078000,1779281715.267453
approach5_skyhost_run2,1079000,1779281715.275234
approach5_skyhost_run2,1080000,1779281715.366556
approach5_skyhost_run2,1081000,1779281715.368299
approach5_skyhost_run2,1082000,1779281715.370036
approach5_skyhost_run2,1083000,1779281715.371794
approach5_skyhost_run2,1084000,1779281715.379450
approach5_skyhost_run2,1085000,1779281715.466336
approach5_skyhost_run2,1086000,1779281715.468071
approach5_skyhost_run2,1087000,1779281715.469853
approach5_skyhost_run2,1088000,1779281715.471621
approach5_skyhost_run2,1089000,1779281715.479779
approach5_skyhost_run2,1090000,1779281715.569193
approach5_skyhost_run2,1091000,1779281715.570926
approach5_skyhost_run2,1092000,1779281715.572661
approach5_skyhost_run2,1093000,1779281715.574421
approach5_skyhost_run2,1094000,1779281715.582905
approach5_skyhost_run2,1095000,1779281715.662921
approach5_skyhost_run2,1096000,1779281715.683195
approach5_skyhost_run2,1097000,1779281715.684954
approach5_skyhost_run2,1098000,1779281715.686706
approach5_skyhost_run2,1099000,1779281715.688465
approach5_skyhost_run2,1100000,1779281715.755803
approach5_skyhost_run2,1101000,1779281715.757544
approach5_skyhost_run2,1102000,1779281715.877411
approach5_skyhost_run2,1103000,1779281715.879163
approach5_skyhost_run2,1104000,1779281715.880904
approach5_skyhost_run2,1105000,1779281715.882657
approach5_skyhost_run2,1106000,1779281715.890851
approach5_skyhost_run2,1107000,1779281715.980199
approach5_skyhost_run2,1108000,1779281715.981929
approach5_skyhost_run2,1109000,1779281715.983672
approach5_skyhost_run2,1110000,1779281715.985447
approach5_skyhost_run2,1111000,1779281715.993418
approach5_skyhost_run2,1112000,1779281716.082994
approach5_skyhost_run2,1113000,1779281716.084725
approach5_skyhost_run2,1114000,1779281716.086496
approach5_skyhost_run2,1115000,1779281716.088237
approach5_skyhost_run2,1116000,1779281716.096677
approach5_skyhost_run2,1117000,1779281716.183868
approach5_skyhost_run2,1118000,1779281716.185621
approach5_skyhost_run2,1119000,1779281716.187371
approach5_skyhost_run2,1120000,1779281716.189111
approach5_skyhost_run2,1121000,1779281716.198366
approach5_skyhost_run2,1122000,1779281716.229790
approach5_skyhost_run2,1123000,1779281716.231525
approach5_skyhost_run2,1124000,1779281716.233257
approach5_skyhost_run2,1125000,1779281716.235033
approach5_skyhost_run2,1126000,1779281716.290356
approach5_skyhost_run2,1127000,1779281716.292088
approach5_skyhost_run2,1128000,1779281716.293826
approach5_skyhost_run2,1129000,1779281716.377681
approach5_skyhost_run2,1130000,1779281716.379433
approach5_skyhost_run2,1131000,1779281716.381176
approach5_skyhost_run2,1132000,1779281716.401510
approach5_skyhost_run2,1133000,1779281716.403248
approach5_skyhost_run2,1134000,1779281716.405012
approach5_skyhost_run2,1135000,1779281716.406775
approach5_skyhost_run2,1136000,1779281716.464479
approach5_skyhost_run2,1137000,1779281716.493904
approach5_skyhost_run2,1138000,1779281716.495669
approach5_skyhost_run2,1139000,1779281716.497412
approach5_skyhost_run2,1140000,1779281716.499176
approach5_skyhost_run2,1141000,1779281716.508127
approach5_skyhost_run2,1142000,1779281716.629882
approach5_skyhost_run2,1143000,1779281716.631634
approach5_skyhost_run2,1144000,1779281716.633374
approach5_skyhost_run2,1145000,1779281716.635170
approach5_skyhost_run2,1146000,1779281716.637958
approach5_skyhost_run2,1147000,1779281716.697227
approach5_skyhost_run2,1148000,1779281716.698975
approach5_skyhost_run2,1149000,1779281716.700710
approach5_skyhost_run2,1150000,1779281716.702521
approach5_skyhost_run2,1151000,1779281716.709940
approach5_skyhost_run2,1152000,1779281716.799262
approach5_skyhost_run2,1153000,1779281716.800999
approach5_skyhost_run2,1154000,1779281716.802754
approach5_skyhost_run2,1155000,1779281716.804505
approach5_skyhost_run2,1156000,1779281716.814552
approach5_skyhost_run2,1157000,1779281716.937125
approach5_skyhost_run2,1158000,1779281716.938870
approach5_skyhost_run2,1159000,1779281716.940611
approach5_skyhost_run2,1160000,1779281716.942368
approach5_skyhost_run2,1161000,1779281716.950873
approach5_skyhost_run2,1162000,1779281717.004666
approach5_skyhost_run2,1163000,1779281717.006438
approach5_skyhost_run2,1164000,1779281717.008170
approach5_skyhost_run2,1165000,1779281717.009948
approach5_skyhost_run2,1166000,1779281717.018336
approach5_skyhost_run2,1167000,1779281717.107359
approach5_skyhost_run2,1168000,1779281717.109092
approach5_skyhost_run2,1169000,1779281717.110847
approach5_skyhost_run2,1170000,1779281717.112584
approach5_skyhost_run2,1171000,1779281717.122451
approach5_skyhost_run2,1172000,1779281717.209827
approach5_skyhost_run2,1173000,1779281717.211581
approach5_skyhost_run2,1174000,1779281717.213312
approach5_skyhost_run2,1175000,1779281717.215106
approach5_skyhost_run2,1176000,1779281717.223594
approach5_skyhost_run2,1177000,1779281717.312961
approach5_skyhost_run2,1178000,1779281717.314704
approach5_skyhost_run2,1179000,1779281717.316471
approach5_skyhost_run2,1180000,1779281717.318228
approach5_skyhost_run2,1181000,1779281717.326713
approach5_skyhost_run2,1182000,1779281717.414033
approach5_skyhost_run2,1183000,1779281717.415792
approach5_skyhost_run2,1184000,1779281717.417518
approach5_skyhost_run2,1185000,1779281717.419269
approach5_skyhost_run2,1186000,1779281717.428290
approach5_skyhost_run2,1187000,1779281717.519069
approach5_skyhost_run2,1188000,1779281717.520809
approach5_skyhost_run2,1189000,1779281717.522567
approach5_skyhost_run2,1190000,1779281717.524326
approach5_skyhost_run2,1191000,1779281717.569244
approach5_skyhost_run2,1192000,1779281717.619388
approach5_skyhost_run2,1193000,1779281717.621131
approach5_skyhost_run2,1194000,1779281717.622890
approach5_skyhost_run2,1195000,1779281717.624640
approach5_skyhost_run2,1196000,1779281717.633387
approach5_skyhost_run2,1197000,1779281717.723306
approach5_skyhost_run2,1198000,1779281717.725052
approach5_skyhost_run2,1199000,1779281717.726795
approach5_skyhost_run2,1200000,1779281717.728547
approach5_skyhost_run2,1201000,1779281717.736615
approach5_skyhost_run2,1202000,1779281717.826267
approach5_skyhost_run2,1203000,1779281717.828012
approach5_skyhost_run2,1204000,1779281717.829750
approach5_skyhost_run2,1205000,1779281717.831510
approach5_skyhost_run2,1206000,1779281717.840386
approach5_skyhost_run2,1207000,1779281717.941821
approach5_skyhost_run2,1208000,1779281717.943573
approach5_skyhost_run2,1209000,1779281717.945355
approach5_skyhost_run2,1210000,1779281717.947117
approach5_skyhost_run2,1211000,1779281717.971289
approach5_skyhost_run2,1212000,1779281718.030235
approach5_skyhost_run2,1213000,1779281718.032018
approach5_skyhost_run2,1214000,1779281718.033773
approach5_skyhost_run2,1215000,1779281718.035569
approach5_skyhost_run2,1216000,1779281718.044805
approach5_skyhost_run2,1217000,1779281718.135727
approach5_skyhost_run2,1218000,1779281718.137458
approach5_skyhost_run2,1219000,1779281718.139203
approach5_skyhost_run2,1220000,1779281718.140946
approach5_skyhost_run2,1221000,1779281718.149400
approach5_skyhost_run2,1222000,1779281718.235708
approach5_skyhost_run2,1223000,1779281718.237451
approach5_skyhost_run2,1224000,1779281718.239207
approach5_skyhost_run2,1225000,1779281718.240947
approach5_skyhost_run2,1226000,1779281718.248462
approach5_skyhost_run2,1227000,1779281718.337464
approach5_skyhost_run2,1228000,1779281718.339236
approach5_skyhost_run2,1229000,1779281718.340977
approach5_skyhost_run2,1230000,1779281718.342735
approach5_skyhost_run2,1231000,1779281718.355673
approach5_skyhost_run2,1232000,1779281718.444350
approach5_skyhost_run2,1233000,1779281718.446103
approach5_skyhost_run2,1234000,1779281718.447855
approach5_skyhost_run2,1235000,1779281718.449605
approach5_skyhost_run2,1236000,1779281718.457520
approach5_skyhost_run2,1237000,1779281718.540494
approach5_skyhost_run2,1238000,1779281718.542221
approach5_skyhost_run2,1239000,1779281718.543974
approach5_skyhost_run2,1240000,1779281718.545745
approach5_skyhost_run2,1241000,1779281718.555797
approach5_skyhost_run2,1242000,1779281718.644915
approach5_skyhost_run2,1243000,1779281718.646670
approach5_skyhost_run2,1244000,1779281718.648421
approach5_skyhost_run2,1245000,1779281718.650186
approach5_skyhost_run2,1246000,1779281718.660379
approach5_skyhost_run2,1247000,1779281718.749545
approach5_skyhost_run2,1248000,1779281718.751285
approach5_skyhost_run2,1249000,1779281718.753023
approach5_skyhost_run2,1250000,1779281718.754782
approach5_skyhost_run2,1251000,1779281718.763460
approach5_skyhost_run2,1252000,1779281718.789991
approach5_skyhost_run2,1253000,1779281718.791741
approach5_skyhost_run2,1254000,1779281718.793495
approach5_skyhost_run2,1255000,1779281718.795291
approach5_skyhost_run2,1256000,1779281718.810271
approach5_skyhost_run2,1257000,1779281718.812013
approach5_skyhost_run2,1258000,1779281718.813759
approach5_skyhost_run2,1259000,1779281718.898463
approach5_skyhost_run2,1260000,1779281718.900197
approach5_skyhost_run2,1261000,1779281718.901938
approach5_skyhost_run2,1262000,1779281718.951725
approach5_skyhost_run2,1263000,1779281718.953463
approach5_skyhost_run2,1264000,1779281718.955244
approach5_skyhost_run2,1265000,1779281718.957001
approach5_skyhost_run2,1266000,1779281718.969974
approach5_skyhost_run2,1267000,1779281719.054225
approach5_skyhost_run2,1268000,1779281719.056006
approach5_skyhost_run2,1269000,1779281719.057752
approach5_skyhost_run2,1270000,1779281719.059517
approach5_skyhost_run2,1271000,1779281719.068575
approach5_skyhost_run2,1272000,1779281719.193465
approach5_skyhost_run2,1273000,1779281719.195247
approach5_skyhost_run2,1274000,1779281719.196990
approach5_skyhost_run2,1275000,1779281719.198755
approach5_skyhost_run2,1276000,1779281719.207020
approach5_skyhost_run2,1277000,1779281719.297496
approach5_skyhost_run2,1278000,1779281719.299233
approach5_skyhost_run2,1279000,1779281719.300964
approach5_skyhost_run2,1280000,1779281719.302711
approach5_skyhost_run2,1281000,1779281719.311398
approach5_skyhost_run2,1282000,1779281719.402033
approach5_skyhost_run2,1283000,1779281719.403766
approach5_skyhost_run2,1284000,1779281719.405527
approach5_skyhost_run2,1285000,1779281719.407287
approach5_skyhost_run2,1286000,1779281719.419675
approach5_skyhost_run2,1287000,1779281719.466381
approach5_skyhost_run2,1288000,1779281719.468109
approach5_skyhost_run2,1289000,1779281719.469846
approach5_skyhost_run2,1290000,1779281719.471595
approach5_skyhost_run2,1291000,1779281719.479506
approach5_skyhost_run2,1292000,1779281719.606165
approach5_skyhost_run2,1293000,1779281719.607899
approach5_skyhost_run2,1294000,1779281719.609629
approach5_skyhost_run2,1295000,1779281719.611396
approach5_skyhost_run2,1296000,1779281719.620269
approach5_skyhost_run2,1297000,1779281719.668530
approach5_skyhost_run2,1298000,1779281719.670254
approach5_skyhost_run2,1299000,1779281719.672009
approach5_skyhost_run2,1300000,1779281719.673758
approach5_skyhost_run2,1301000,1779281719.681651
approach5_skyhost_run2,1302000,1779281719.770746
approach5_skyhost_run2,1303000,1779281719.772480
approach5_skyhost_run2,1304000,1779281719.774227
approach5_skyhost_run2,1305000,1779281719.776015
approach5_skyhost_run2,1306000,1779281719.782664
approach5_skyhost_run2,1307000,1779281719.919397
approach5_skyhost_run2,1308000,1779281719.921130
approach5_skyhost_run2,1309000,1779281719.922882
approach5_skyhost_run2,1310000,1779281719.924622
approach5_skyhost_run2,1311000,1779281719.931095
approach5_skyhost_run2,1312000,1779281720.010763
approach5_skyhost_run2,1313000,1779281720.012506
approach5_skyhost_run2,1314000,1779281720.014254
approach5_skyhost_run2,1315000,1779281720.016042
approach5_skyhost_run2,1316000,1779281720.024137
approach5_skyhost_run2,1317000,1779281720.075586
approach5_skyhost_run2,1318000,1779281720.077313
approach5_skyhost_run2,1319000,1779281720.079065
approach5_skyhost_run2,1320000,1779281720.080811
approach5_skyhost_run2,1321000,1779281720.090459
approach5_skyhost_run2,1322000,1779281720.279684
approach5_skyhost_run2,1323000,1779281720.281415
approach5_skyhost_run2,1324000,1779281720.283165
approach5_skyhost_run2,1325000,1779281720.284940
approach5_skyhost_run2,1326000,1779281720.294693
approach5_skyhost_run2,1327000,1779281720.382266
approach5_skyhost_run2,1328000,1779281720.383991
approach5_skyhost_run2,1329000,1779281720.385753
approach5_skyhost_run2,1330000,1779281720.387507
approach5_skyhost_run2,1331000,1779281720.397374
approach5_skyhost_run2,1332000,1779281720.426046
approach5_skyhost_run2,1333000,1779281720.427788
approach5_skyhost_run2,1334000,1779281720.429530
approach5_skyhost_run2,1335000,1779281720.431290
approach5_skyhost_run2,1336000,1779281720.445396
approach5_skyhost_run2,1337000,1779281720.447133
approach5_skyhost_run2,1338000,1779281720.448871
approach5_skyhost_run2,1339000,1779281720.528945
approach5_skyhost_run2,1340000,1779281720.530705
approach5_skyhost_run2,1341000,1779281720.532449
approach5_skyhost_run2,1342000,1779281720.587440
approach5_skyhost_run2,1343000,1779281720.589173
approach5_skyhost_run2,1344000,1779281720.590925
approach5_skyhost_run2,1345000,1779281720.592673
approach5_skyhost_run2,1346000,1779281720.601417
approach5_skyhost_run2,1347000,1779281720.690500
approach5_skyhost_run2,1348000,1779281720.692228
approach5_skyhost_run2,1349000,1779281720.693964
approach5_skyhost_run2,1350000,1779281720.695751
approach5_skyhost_run2,1351000,1779281720.705895
approach5_skyhost_run2,1352000,1779281720.793984
approach5_skyhost_run2,1353000,1779281720.795749
approach5_skyhost_run2,1354000,1779281720.797503
approach5_skyhost_run2,1355000,1779281720.799266
approach5_skyhost_run2,1356000,1779281720.809114
approach5_skyhost_run2,1357000,1779281720.934495
approach5_skyhost_run2,1358000,1779281720.936250
approach5_skyhost_run2,1359000,1779281720.937986
approach5_skyhost_run2,1360000,1779281720.939746
approach5_skyhost_run2,1361000,1779281720.946590
approach5_skyhost_run2,1362000,1779281721.031959
approach5_skyhost_run2,1363000,1779281721.033694
approach5_skyhost_run2,1364000,1779281721.035470
approach5_skyhost_run2,1365000,1779281721.037215
approach5_skyhost_run2,1366000,1779281721.047057
approach5_skyhost_run2,1367000,1779281721.135474
approach5_skyhost_run2,1368000,1779281721.137200
approach5_skyhost_run2,1369000,1779281721.138953
approach5_skyhost_run2,1370000,1779281721.140709
approach5_skyhost_run2,1371000,1779281721.148519
approach5_skyhost_run2,1372000,1779281721.216048
approach5_skyhost_run2,1373000,1779281721.217775
approach5_skyhost_run2,1374000,1779281721.219521
approach5_skyhost_run2,1375000,1779281721.221272
approach5_skyhost_run2,1376000,1779281721.245084
approach5_skyhost_run2,1377000,1779281721.305481
approach5_skyhost_run2,1378000,1779281721.307228
approach5_skyhost_run2,1379000,1779281721.308964
approach5_skyhost_run2,1380000,1779281721.310728
approach5_skyhost_run2,1381000,1779281721.318356
approach5_skyhost_run2,1382000,1779281721.407306
approach5_skyhost_run2,1383000,1779281721.409043
approach5_skyhost_run2,1384000,1779281721.410794
approach5_skyhost_run2,1385000,1779281721.412539
approach5_skyhost_run2,1386000,1779281721.422782
approach5_skyhost_run2,1387000,1779281721.512025
approach5_skyhost_run2,1388000,1779281721.513760
approach5_skyhost_run2,1389000,1779281721.515542
approach5_skyhost_run2,1390000,1779281721.517302
approach5_skyhost_run2,1391000,1779281721.523715
approach5_skyhost_run2,1392000,1779281721.601563
approach5_skyhost_run2,1393000,1779281722.082792
approach5_skyhost_run2,1394000,1779281722.084533
approach5_skyhost_run2,1395000,1779281722.086297
approach5_skyhost_run2,1396000,1779281722.088057
approach5_skyhost_run2,1397000,1779281722.095881
approach5_skyhost_run2,1398000,1779281722.185483
approach5_skyhost_run2,1399000,1779281722.187219
approach5_skyhost_run2,1400000,1779281722.188960
approach5_skyhost_run2,1401000,1779281722.190726
approach5_skyhost_run2,1402000,1779281722.203155
approach5_skyhost_run2,1403000,1779281722.274826
approach5_skyhost_run2,1404000,1779281722.276562
approach5_skyhost_run2,1405000,1779281722.278296
approach5_skyhost_run2,1406000,1779281722.280063
approach5_skyhost_run2,1407000,1779281722.293438
approach5_skyhost_run2,1408000,1779281722.379369
approach5_skyhost_run2,1409000,1779281722.381103
approach5_skyhost_run2,1410000,1779281722.382856
approach5_skyhost_run2,1411000,1779281722.384601
approach5_skyhost_run2,1412000,1779281722.392172
approach5_skyhost_run2,1413000,1779281722.486894
approach5_skyhost_run2,1414000,1779281722.488628
approach5_skyhost_run2,1415000,1779281722.490377
approach5_skyhost_run2,1416000,1779281722.492120
approach5_skyhost_run2,1417000,1779281722.525422
approach5_skyhost_run2,1418000,1779281722.581622
approach5_skyhost_run2,1419000,1779281722.583358
approach5_skyhost_run2,1420000,1779281722.585124
approach5_skyhost_run2,1421000,1779281722.586875
approach5_skyhost_run2,1422000,1779281722.597521
approach5_skyhost_run2,1423000,1779281722.627121
approach5_skyhost_run2,1424000,1779281722.628851
approach5_skyhost_run2,1425000,1779281722.630593
approach5_skyhost_run2,1426000,1779281722.632333
approach5_skyhost_run2,1427000,1779281722.647718
approach5_skyhost_run2,1428000,1779281722.649445
approach5_skyhost_run2,1429000,1779281722.651185
approach5_skyhost_run2,1430000,1779281722.652934
approach5_skyhost_run2,1431000,1779281722.728966
approach5_skyhost_run2,1432000,1779281722.730706
approach5_skyhost_run2,1433000,1779281722.732480
approach5_skyhost_run2,1434000,1779281722.734588
approach5_skyhost_run2,1435000,1779281722.736350
approach5_skyhost_run2,1436000,1779281722.738085
approach5_skyhost_run2,1437000,1779281722.746547
approach5_skyhost_run2,1438000,1779281722.748270
approach5_skyhost_run2,1439000,1779281722.750008
approach5_skyhost_run2,1440000,1779281722.751763
approach5_skyhost_run2,1441000,1779281722.833339
approach5_skyhost_run2,1442000,1779281722.835122
approach5_skyhost_run2,1443000,1779281722.990494
approach5_skyhost_run2,1444000,1779281722.992227
approach5_skyhost_run2,1445000,1779281722.993972
approach5_skyhost_run2,1446000,1779281722.995757
approach5_skyhost_run2,1447000,1779281723.034959
approach5_skyhost_run2,1448000,1779281723.130297
approach5_skyhost_run2,1449000,1779281723.132035
approach5_skyhost_run2,1450000,1779281723.133768
approach5_skyhost_run2,1451000,1779281723.135591
approach5_skyhost_run2,1452000,1779281723.137944
approach5_skyhost_run2,1453000,1779281723.139687
approach5_skyhost_run2,1454000,1779281723.141423
approach5_skyhost_run2,1455000,1779281723.143192
approach5_skyhost_run2,1456000,1779281723.148756
approach5_skyhost_run2,1457000,1779281723.155221
approach5_skyhost_run2,1458000,1779281723.156954
approach5_skyhost_run2,1459000,1779281723.158703
approach5_skyhost_run2,1460000,1779281723.160453
approach5_skyhost_run2,1461000,1779281723.243104
approach5_skyhost_run2,1462000,1779281723.244861
approach5_skyhost_run2,1463000,1779281723.299066
approach5_skyhost_run2,1464000,1779281723.300793
approach5_skyhost_run2,1465000,1779281723.302579
approach5_skyhost_run2,1466000,1779281723.304339
approach5_skyhost_run2,1467000,1779281723.312458
approach5_skyhost_run2,1468000,1779281723.402197
approach5_skyhost_run2,1469000,1779281723.403951
approach5_skyhost_run2,1470000,1779281723.405726
approach5_skyhost_run2,1471000,1779281723.407502
approach5_skyhost_run2,1472000,1779281723.416240
approach5_skyhost_run2,1473000,1779281723.507675
approach5_skyhost_run2,1474000,1779281723.509398
approach5_skyhost_run2,1475000,1779281723.511136
approach5_skyhost_run2,1476000,1779281723.512876
approach5_skyhost_run2,1477000,1779281723.525963
approach5_skyhost_run2,1478000,1779281723.604859
approach5_skyhost_run2,1479000,1779281723.606602
approach5_skyhost_run2,1480000,1779281723.608374
approach5_skyhost_run2,1481000,1779281723.610121
approach5_skyhost_run2,1482000,1779281723.656451
approach5_skyhost_run2,1483000,1779281723.764480
approach5_skyhost_run2,1484000,1779281723.766242
approach5_skyhost_run2,1485000,1779281723.767986
approach5_skyhost_run2,1486000,1779281723.769724
approach5_skyhost_run2,1487000,1779281723.788677
approach5_skyhost_run2,1488000,1779281723.809707
approach5_skyhost_run2,1489000,1779281723.811448
approach5_skyhost_run2,1490000,1779281723.813188
approach5_skyhost_run2,1491000,1779281723.814960
approach5_skyhost_run2,1492000,1779281723.825157
approach5_skyhost_run2,1493000,1779281723.915685
approach5_skyhost_run2,1494000,1779281723.917420
approach5_skyhost_run2,1495000,1779281723.919171
approach5_skyhost_run2,1496000,1779281723.920926
approach5_skyhost_run2,1497000,1779281723.928628
approach5_skyhost_run2,1498000,1779281724.026834
approach5_skyhost_run2,1499000,1779281724.028563
approach5_skyhost_run2,1500000,1779281724.030292
approach5_skyhost_run2,1501000,1779281724.032064
approach5_skyhost_run2,1502000,1779281724.040495
approach5_skyhost_run2,1503000,1779281724.132213
approach5_skyhost_run2,1504000,1779281724.133955
approach5_skyhost_run2,1505000,1779281724.135730
approach5_skyhost_run2,1506000,1779281724.137470
approach5_skyhost_run2,1507000,1779281724.163183
approach5_skyhost_run2,1508000,1779281724.222045
approach5_skyhost_run2,1509000,1779281724.223801
approach5_skyhost_run2,1510000,1779281724.225565
approach5_skyhost_run2,1511000,1779281724.227326
approach5_skyhost_run2,1512000,1779281724.236322
approach5_skyhost_run2,1513000,1779281724.326386
approach5_skyhost_run2,1514000,1779281724.328115
approach5_skyhost_run2,1515000,1779281724.329849
approach5_skyhost_run2,1516000,1779281724.331609
approach5_skyhost_run2,1517000,1779281724.338989
approach5_skyhost_run2,1518000,1779281724.426914
approach5_skyhost_run2,1519000,1779281724.428668
approach5_skyhost_run2,1520000,1779281724.430428
approach5_skyhost_run2,1521000,1779281724.432163
approach5_skyhost_run2,1522000,1779281724.478366
approach5_skyhost_run2,1523000,1779281724.529418
approach5_skyhost_run2,1524000,1779281724.531153
approach5_skyhost_run2,1525000,1779281724.532883
approach5_skyhost_run2,1526000,1779281724.534639
approach5_skyhost_run2,1527000,1779281724.543731
approach5_skyhost_run2,1528000,1779281724.631515
approach5_skyhost_run2,1529000,1779281724.633272
approach5_skyhost_run2,1530000,1779281724.635045
approach5_skyhost_run2,1531000,1779281724.636777
approach5_skyhost_run2,1532000,1779281724.644767
approach5_skyhost_run2,1533000,1779281724.734144
approach5_skyhost_run2,1534000,1779281724.735902
approach5_skyhost_run2,1535000,1779281724.737619
approach5_skyhost_run2,1536000,1779281724.739371
approach5_skyhost_run2,1537000,1779281724.748219
approach5_skyhost_run2,1538000,1779281724.835224
approach5_skyhost_run2,1539000,1779281724.836948
approach5_skyhost_run2,1540000,1779281724.838684
approach5_skyhost_run2,1541000,1779281724.840415
approach5_skyhost_run2,1542000,1779281724.850658
approach5_skyhost_run2,1543000,1779281724.949804
approach5_skyhost_run2,1544000,1779281724.951552
approach5_skyhost_run2,1545000,1779281724.953266
approach5_skyhost_run2,1546000,1779281724.955054
approach5_skyhost_run2,1547000,1779281724.982556
approach5_skyhost_run2,1548000,1779281725.040764
approach5_skyhost_run2,1549000,1779281725.042497
approach5_skyhost_run2,1550000,1779281725.044230
approach5_skyhost_run2,1551000,1779281725.045998
approach5_skyhost_run2,1552000,1779281725.054910
approach5_skyhost_run2,1553000,1779281725.154238
approach5_skyhost_run2,1554000,1779281725.155991
approach5_skyhost_run2,1555000,1779281725.157718
approach5_skyhost_run2,1556000,1779281725.159473
approach5_skyhost_run2,1557000,1779281725.185685
approach5_skyhost_run2,1558000,1779281725.246078
approach5_skyhost_run2,1559000,1779281725.247811
approach5_skyhost_run2,1560000,1779281725.249535
approach5_skyhost_run2,1561000,1779281725.251291
approach5_skyhost_run2,1562000,1779281725.259857
approach5_skyhost_run2,1563000,1779281725.290882
approach5_skyhost_run2,1564000,1779281725.292621
approach5_skyhost_run2,1565000,1779281725.294364
approach5_skyhost_run2,1566000,1779281725.296134
approach5_skyhost_run2,1567000,1779281725.310046
approach5_skyhost_run2,1568000,1779281725.311784
approach5_skyhost_run2,1569000,1779281725.313516
approach5_skyhost_run2,1570000,1779281725.315282
approach5_skyhost_run2,1571000,1779281725.396096
approach5_skyhost_run2,1572000,1779281725.397832
approach5_skyhost_run2,1573000,1779281725.449961
approach5_skyhost_run2,1574000,1779281725.451700
approach5_skyhost_run2,1575000,1779281725.453427
approach5_skyhost_run2,1576000,1779281725.455199
approach5_skyhost_run2,1577000,1779281725.464561
approach5_skyhost_run2,1578000,1779281725.554183
approach5_skyhost_run2,1579000,1779281725.555937
approach5_skyhost_run2,1580000,1779281725.557674
approach5_skyhost_run2,1581000,1779281725.559431
approach5_skyhost_run2,1582000,1779281725.567505
approach5_skyhost_run2,1583000,1779281725.690979
approach5_skyhost_run2,1584000,1779281725.692706
approach5_skyhost_run2,1585000,1779281725.694445
approach5_skyhost_run2,1586000,1779281725.696205
approach5_skyhost_run2,1587000,1779281725.706822
approach5_skyhost_run2,1588000,1779281725.793867
approach5_skyhost_run2,1589000,1779281725.795621
approach5_skyhost_run2,1590000,1779281725.797341
approach5_skyhost_run2,1591000,1779281725.799136
approach5_skyhost_run2,1592000,1779281725.810483
approach5_skyhost_run2,1593000,1779281725.862187
approach5_skyhost_run2,1594000,1779281725.863920
approach5_skyhost_run2,1595000,1779281725.865672
approach5_skyhost_run2,1596000,1779281725.867421
approach5_skyhost_run2,1597000,1779281725.875592
approach5_skyhost_run2,1598000,1779281725.965024
approach5_skyhost_run2,1599000,1779281725.966763
approach5_skyhost_run2,1600000,1779281725.968493
approach5_skyhost_run2,1601000,1779281725.970231
approach5_skyhost_run2,1602000,1779281725.979892
approach5_skyhost_run2,1603000,1779281726.077118
approach5_skyhost_run2,1604000,1779281726.078850
approach5_skyhost_run2,1605000,1779281726.080574
approach5_skyhost_run2,1606000,1779281726.082314
approach5_skyhost_run2,1607000,1779281726.102962
approach5_skyhost_run2,1608000,1779281726.165978
approach5_skyhost_run2,1609000,1779281726.167717
approach5_skyhost_run2,1610000,1779281726.169454
approach5_skyhost_run2,1611000,1779281726.171208
approach5_skyhost_run2,1612000,1779281726.180789
approach5_skyhost_run2,1613000,1779281726.269997
approach5_skyhost_run2,1614000,1779281726.271734
approach5_skyhost_run2,1615000,1779281726.273461
approach5_skyhost_run2,1616000,1779281726.275259
approach5_skyhost_run2,1617000,1779281726.283437
approach5_skyhost_run2,1618000,1779281726.374249
approach5_skyhost_run2,1619000,1779281726.376034
approach5_skyhost_run2,1620000,1779281726.377778
approach5_skyhost_run2,1621000,1779281726.379537
approach5_skyhost_run2,1622000,1779281726.386912
approach5_skyhost_run2,1623000,1779281726.511282
approach5_skyhost_run2,1624000,1779281726.513009
approach5_skyhost_run2,1625000,1779281726.514750
approach5_skyhost_run2,1626000,1779281726.516511
approach5_skyhost_run2,1627000,1779281726.523775
approach5_skyhost_run2,1628000,1779281726.578285
approach5_skyhost_run2,1629000,1779281726.580034
approach5_skyhost_run2,1630000,1779281726.581778
approach5_skyhost_run2,1631000,1779281726.583546
approach5_skyhost_run2,1632000,1779281726.591559
approach5_skyhost_run2,1633000,1779281726.679143
approach5_skyhost_run2,1634000,1779281726.680876
approach5_skyhost_run2,1635000,1779281726.682621
approach5_skyhost_run2,1636000,1779281726.684354
approach5_skyhost_run2,1637000,1779281726.693917
approach5_skyhost_run2,1638000,1779281726.783020
approach5_skyhost_run2,1639000,1779281726.784756
approach5_skyhost_run2,1640000,1779281726.786515
approach5_skyhost_run2,1641000,1779281726.788260
approach5_skyhost_run2,1642000,1779281726.795687
approach5_skyhost_run2,1643000,1779281726.885618
approach5_skyhost_run2,1644000,1779281726.887351
approach5_skyhost_run2,1645000,1779281726.889094
approach5_skyhost_run2,1646000,1779281726.890857
approach5_skyhost_run2,1647000,1779281726.899531
approach5_skyhost_run2,1648000,1779281726.966962
approach5_skyhost_run2,1649000,1779281726.968688
approach5_skyhost_run2,1650000,1779281726.970427
approach5_skyhost_run2,1651000,1779281726.972164
approach5_skyhost_run2,1652000,1779281726.988291
approach5_skyhost_run2,1653000,1779281726.990022
approach5_skyhost_run2,1654000,1779281726.991806
approach5_skyhost_run2,1655000,1779281726.993574
approach5_skyhost_run2,1656000,1779281727.078828
approach5_skyhost_run2,1657000,1779281727.080569
approach5_skyhost_run2,1658000,1779281727.092981
approach5_skyhost_run2,1659000,1779281727.094722
approach5_skyhost_run2,1660000,1779281727.096507
approach5_skyhost_run2,1661000,1779281727.098254
approach5_skyhost_run2,1662000,1779281727.107489
approach5_skyhost_run2,1663000,1779281727.132552
approach5_skyhost_run2,1664000,1779281727.134284
approach5_skyhost_run2,1665000,1779281727.136036
approach5_skyhost_run2,1666000,1779281727.137771
approach5_skyhost_run2,1667000,1779281727.151094
approach5_skyhost_run2,1668000,1779281727.152818
approach5_skyhost_run2,1669000,1779281727.154557
approach5_skyhost_run2,1670000,1779281727.156357
approach5_skyhost_run2,1671000,1779281727.243813
approach5_skyhost_run2,1672000,1779281727.245583
approach5_skyhost_run2,1673000,1779281727.296856
approach5_skyhost_run2,1674000,1779281727.298609
approach5_skyhost_run2,1675000,1779281727.300350
approach5_skyhost_run2,1676000,1779281727.302106
approach5_skyhost_run2,1677000,1779281727.311337
approach5_skyhost_run2,1678000,1779281727.397661
approach5_skyhost_run2,1679000,1779281727.399396
approach5_skyhost_run2,1680000,1779281727.401119
approach5_skyhost_run2,1681000,1779281727.402868
approach5_skyhost_run2,1682000,1779281727.412343
approach5_skyhost_run2,1683000,1779281727.519143
approach5_skyhost_run2,1684000,1779281727.520889
approach5_skyhost_run2,1685000,1779281727.869680
approach5_skyhost_run2,1686000,1779281727.871421
approach5_skyhost_run2,1687000,1779281727.873155
approach5_skyhost_run2,1688000,1779281727.874933
approach5_skyhost_run2,1689000,1779281727.882713
approach5_skyhost_run2,1690000,1779281727.911477
approach5_skyhost_run2,1691000,1779281727.913207
approach5_skyhost_run2,1692000,1779281727.914978
approach5_skyhost_run2,1693000,1779281727.916724
approach5_skyhost_run2,1694000,1779281727.927317
approach5_skyhost_run2,1695000,1779281727.989447
approach5_skyhost_run2,1696000,1779281727.991181
approach5_skyhost_run2,1697000,1779281727.992900
approach5_skyhost_run2,1698000,1779281727.994652
approach5_skyhost_run2,1699000,1779281728.008380
approach5_skyhost_run2,1700000,1779281728.010108
approach5_skyhost_run2,1701000,1779281728.011849
approach5_skyhost_run2,1702000,1779281728.013587
approach5_skyhost_run2,1703000,1779281728.100384
approach5_skyhost_run2,1704000,1779281728.102119
approach5_skyhost_run2,1705000,1779281728.115407
approach5_skyhost_run2,1706000,1779281728.117142
approach5_skyhost_run2,1707000,1779281728.118891
approach5_skyhost_run2,1708000,1779281728.120643
approach5_skyhost_run2,1709000,1779281728.133611
approach5_skyhost_run2,1710000,1779281728.220339
approach5_skyhost_run2,1711000,1779281728.222066
approach5_skyhost_run2,1712000,1779281728.223825
approach5_skyhost_run2,1713000,1779281728.225618
approach5_skyhost_run2,1714000,1779281728.229047
approach5_skyhost_run2,1715000,1779281728.322540
approach5_skyhost_run2,1716000,1779281728.324268
approach5_skyhost_run2,1717000,1779281728.326089
approach5_skyhost_run2,1718000,1779281728.327876
approach5_skyhost_run2,1719000,1779281728.335942
approach5_skyhost_run2,1720000,1779281728.367100
approach5_skyhost_run2,1721000,1779281728.368840
approach5_skyhost_run2,1722000,1779281728.370601
approach5_skyhost_run2,1723000,1779281728.372358
approach5_skyhost_run2,1724000,1779281728.384889
approach5_skyhost_run2,1725000,1779281728.386653
approach5_skyhost_run2,1726000,1779281728.388404
approach5_skyhost_run2,1727000,1779281728.390162
approach5_skyhost_run2,1728000,1779281728.473496
approach5_skyhost_run2,1729000,1779281728.475270
approach5_skyhost_run2,1730000,1779281728.530154
approach5_skyhost_run2,1731000,1779281728.531900
approach5_skyhost_run2,1732000,1779281728.533637
approach5_skyhost_run2,1733000,1779281728.535449
approach5_skyhost_run2,1734000,1779281728.541039
approach5_skyhost_run2,1735000,1779281728.633028
approach5_skyhost_run2,1736000,1779281728.634779
approach5_skyhost_run2,1737000,1779281728.636555
approach5_skyhost_run2,1738000,1779281728.638326
approach5_skyhost_run2,1739000,1779281728.648620
approach5_skyhost_run2,1740000,1779281728.732792
approach5_skyhost_run2,1741000,1779281728.734543
approach5_skyhost_run2,1742000,1779281728.736345
approach5_skyhost_run2,1743000,1779281728.738131
approach5_skyhost_run2,1744000,1779281728.747456
approach5_skyhost_run2,1745000,1779281728.837369
approach5_skyhost_run2,1746000,1779281728.839113
approach5_skyhost_run2,1747000,1779281728.840855
approach5_skyhost_run2,1748000,1779281728.842634
approach5_skyhost_run2,1749000,1779281728.848788
approach5_skyhost_run2,1750000,1779281728.936733
approach5_skyhost_run2,1751000,1779281728.938483
approach5_skyhost_run2,1752000,1779281728.940228
approach5_skyhost_run2,1753000,1779281728.942005
approach5_skyhost_run2,1754000,1779281728.986707
approach5_skyhost_run2,1755000,1779281729.092769
approach5_skyhost_run2,1756000,1779281729.094520
approach5_skyhost_run2,1757000,1779281729.096297
approach5_skyhost_run2,1758000,1779281729.098051
approach5_skyhost_run2,1759000,1779281729.108647
approach5_skyhost_run2,1760000,1779281729.153551
approach5_skyhost_run2,1761000,1779281729.155319
approach5_skyhost_run2,1762000,1779281729.157052
approach5_skyhost_run2,1763000,1779281729.158808
approach5_skyhost_run2,1764000,1779281729.173101
approach5_skyhost_run2,1765000,1779281729.232691
approach5_skyhost_run2,1766000,1779281729.234441
approach5_skyhost_run2,1767000,1779281729.236212
approach5_skyhost_run2,1768000,1779281729.237967
approach5_skyhost_run2,1769000,1779281729.266825
approach5_skyhost_run2,1770000,1779281729.268562
approach5_skyhost_run2,1771000,1779281729.270334
approach5_skyhost_run2,1772000,1779281729.272097
approach5_skyhost_run2,1773000,1779281729.349296
approach5_skyhost_run2,1774000,1779281729.351131
approach5_skyhost_run2,1775000,1779281729.353218
approach5_skyhost_run2,1776000,1779281729.355003
approach5_skyhost_run2,1777000,1779281729.356738
approach5_skyhost_run2,1778000,1779281729.358697
approach5_skyhost_run2,1779000,1779281729.360463
approach5_skyhost_run2,1780000,1779281729.425179
approach5_skyhost_run2,1781000,1779281729.426944
approach5_skyhost_run2,1782000,1779281729.428679
approach5_skyhost_run2,1783000,1779281729.430430
approach5_skyhost_run2,1784000,1779281729.443459
approach5_skyhost_run2,1785000,1779281729.445207
approach5_skyhost_run2,1786000,1779281729.446960
approach5_skyhost_run2,1787000,1779281729.448699
approach5_skyhost_run2,1788000,1779281729.529543
approach5_skyhost_run2,1789000,1779281729.531298
approach5_skyhost_run2,1790000,1779281729.551192
approach5_skyhost_run2,1791000,1779281729.552921
approach5_skyhost_run2,1792000,1779281729.554664
approach5_skyhost_run2,1793000,1779281729.556441
approach5_skyhost_run2,1794000,1779281729.565811
approach5_skyhost_run2,1795000,1779281729.667308
approach5_skyhost_run2,1796000,1779281729.669068
approach5_skyhost_run2,1797000,1779281729.670824
approach5_skyhost_run2,1798000,1779281729.672577
approach5_skyhost_run2,1799000,1779281729.686383
approach5_skyhost_run2,1800000,1779281729.793994
approach5_skyhost_run2,1801000,1779281729.795774
approach5_skyhost_run2,1802000,1779281729.797513
approach5_skyhost_run2,1803000,1779281729.799275
approach5_skyhost_run2,1804000,1779281729.807538
approach5_skyhost_run2,1805000,1779281729.859224
approach5_skyhost_run2,1806000,1779281729.860991
approach5_skyhost_run2,1807000,1779281729.862783
approach5_skyhost_run2,1808000,1779281729.864555
approach5_skyhost_run2,1809000,1779281729.872153
approach5_skyhost_run2,1810000,1779281729.960769
approach5_skyhost_run2,1811000,1779281729.962512
approach5_skyhost_run2,1812000,1779281729.964253
approach5_skyhost_run2,1813000,1779281729.966068
approach5_skyhost_run2,1814000,1779281729.975071
approach5_skyhost_run2,1815000,1779281730.064162
approach5_skyhost_run2,1816000,1779281730.065918
approach5_skyhost_run2,1817000,1779281730.067665
approach5_skyhost_run2,1818000,1779281730.069418
approach5_skyhost_run2,1819000,1779281730.076762
approach5_skyhost_run2,1820000,1779281730.166661
approach5_skyhost_run2,1821000,1779281730.168390
approach5_skyhost_run2,1822000,1779281730.170122
approach5_skyhost_run2,1823000,1779281730.171880
approach5_skyhost_run2,1824000,1779281730.180131
approach5_skyhost_run2,1825000,1779281730.280239
approach5_skyhost_run2,1826000,1779281730.281967
approach5_skyhost_run2,1827000,1779281730.283712
approach5_skyhost_run2,1828000,1779281730.285472
approach5_skyhost_run2,1829000,1779281730.300534
approach5_skyhost_run2,1830000,1779281730.372316
approach5_skyhost_run2,1831000,1779281730.374044
approach5_skyhost_run2,1832000,1779281730.375815
approach5_skyhost_run2,1833000,1779281730.377563
approach5_skyhost_run2,1834000,1779281730.385012
approach5_skyhost_run2,1835000,1779281730.473835
approach5_skyhost_run2,1836000,1779281730.475599
approach5_skyhost_run2,1837000,1779281730.477330
approach5_skyhost_run2,1838000,1779281730.479089
approach5_skyhost_run2,1839000,1779281730.487248
approach5_skyhost_run2,1840000,1779281730.575984
approach5_skyhost_run2,1841000,1779281730.577708
approach5_skyhost_run2,1842000,1779281730.579443
approach5_skyhost_run2,1843000,1779281730.581224
approach5_skyhost_run2,1844000,1779281730.590777
approach5_skyhost_run2,1845000,1779281730.678570
approach5_skyhost_run2,1846000,1779281730.680298
approach5_skyhost_run2,1847000,1779281730.682029
approach5_skyhost_run2,1848000,1779281730.683792
approach5_skyhost_run2,1849000,1779281730.693777
approach5_skyhost_run2,1850000,1779281730.784393
approach5_skyhost_run2,1851000,1779281730.786152
approach5_skyhost_run2,1852000,1779281730.787901
approach5_skyhost_run2,1853000,1779281730.789647
approach5_skyhost_run2,1854000,1779281730.837651
approach5_skyhost_run2,1855000,1779281730.885069
approach5_skyhost_run2,1856000,1779281730.886820
approach5_skyhost_run2,1857000,1779281730.888550
approach5_skyhost_run2,1858000,1779281730.890277
approach5_skyhost_run2,1859000,1779281730.898102
approach5_skyhost_run2,1860000,1779281730.986711
approach5_skyhost_run2,1861000,1779281730.988445
approach5_skyhost_run2,1862000,1779281730.990193
approach5_skyhost_run2,1863000,1779281730.991955
approach5_skyhost_run2,1864000,1779281731.000253
approach5_skyhost_run2,1865000,1779281731.090115
approach5_skyhost_run2,1866000,1779281731.091841
approach5_skyhost_run2,1867000,1779281731.093563
approach5_skyhost_run2,1868000,1779281731.095338
approach5_skyhost_run2,1869000,1779281731.102657
approach5_skyhost_run2,1870000,1779281731.192171
approach5_skyhost_run2,1871000,1779281731.193879
approach5_skyhost_run2,1872000,1779281731.195634
approach5_skyhost_run2,1873000,1779281731.197361
approach5_skyhost_run2,1874000,1779281731.205510
approach5_skyhost_run2,1875000,1779281731.293878
approach5_skyhost_run2,1876000,1779281731.295643
approach5_skyhost_run2,1877000,1779281731.297371
approach5_skyhost_run2,1878000,1779281731.299124
approach5_skyhost_run2,1879000,1779281731.307748
approach5_skyhost_run2,1880000,1779281731.397641
approach5_skyhost_run2,1881000,1779281731.399366
approach5_skyhost_run2,1882000,1779281731.401080
approach5_skyhost_run2,1883000,1779281731.402819
approach5_skyhost_run2,1884000,1779281731.410198
approach5_skyhost_run2,1885000,1779281731.499083
approach5_skyhost_run2,1886000,1779281731.500810
approach5_skyhost_run2,1887000,1779281731.502556
approach5_skyhost_run2,1888000,1779281731.504292
approach5_skyhost_run2,1889000,1779281731.552375
approach5_skyhost_run2,1890000,1779281731.606631
approach5_skyhost_run2,1891000,1779281731.608353
approach5_skyhost_run2,1892000,1779281731.610081
approach5_skyhost_run2,1893000,1779281731.611836
approach5_skyhost_run2,1894000,1779281731.621792
approach5_skyhost_run2,1895000,1779281731.716711
approach5_skyhost_run2,1896000,1779281731.718451
approach5_skyhost_run2,1897000,1779281731.720189
approach5_skyhost_run2,1898000,1779281731.721928
approach5_skyhost_run2,1899000,1779281731.748392
approach5_skyhost_run2,1900000,1779281731.804159
approach5_skyhost_run2,1901000,1779281731.805898
approach5_skyhost_run2,1902000,1779281731.807639
approach5_skyhost_run2,1903000,1779281731.809381
approach5_skyhost_run2,1904000,1779281731.818602
approach5_skyhost_run2,1905000,1779281731.918241
approach5_skyhost_run2,1906000,1779281731.920011
approach5_skyhost_run2,1907000,1779281731.921748
approach5_skyhost_run2,1908000,1779281731.923487
approach5_skyhost_run2,1909000,1779281731.950947
approach5_skyhost_run2,1910000,1779281732.010092
approach5_skyhost_run2,1911000,1779281732.011828
approach5_skyhost_run2,1912000,1779281732.013556
approach5_skyhost_run2,1913000,1779281732.015335
approach5_skyhost_run2,1914000,1779281732.023622
approach5_skyhost_run2,1915000,1779281732.112337
approach5_skyhost_run2,1916000,1779281732.114058
approach5_skyhost_run2,1917000,1779281732.115816
approach5_skyhost_run2,1918000,1779281732.117554
approach5_skyhost_run2,1919000,1779281732.126405
approach5_skyhost_run2,1920000,1779281732.208682
approach5_skyhost_run2,1921000,1779281732.210402
approach5_skyhost_run2,1922000,1779281732.212153
approach5_skyhost_run2,1923000,1779281732.213888
approach5_skyhost_run2,1924000,1779281732.228800
approach5_skyhost_run2,1925000,1779281732.230525
approach5_skyhost_run2,1926000,1779281732.232265
approach5_skyhost_run2,1927000,1779281732.234008
approach5_skyhost_run2,1928000,1779281732.299196
approach5_skyhost_run2,1929000,1779281732.300917
approach5_skyhost_run2,1930000,1779281732.302665
approach5_skyhost_run2,1931000,1779281732.314628
approach5_skyhost_run2,1932000,1779281732.316445
approach5_skyhost_run2,1933000,1779281732.318816
approach5_skyhost_run2,1934000,1779281732.320559
approach5_skyhost_run2,1935000,1779281732.322287
approach5_skyhost_run2,1936000,1779281732.324023
approach5_skyhost_run2,1937000,1779281732.325778
approach5_skyhost_run2,1938000,1779281732.409253
approach5_skyhost_run2,1939000,1779281732.410997
approach5_skyhost_run2,1940000,1779281732.423323
approach5_skyhost_run2,1941000,1779281732.425074
approach5_skyhost_run2,1942000,1779281732.426809
approach5_skyhost_run2,1943000,1779281732.428535
approach5_skyhost_run2,1944000,1779281732.438560
approach5_skyhost_run2,1945000,1779281732.504284
approach5_skyhost_run2,1946000,1779281732.506031
approach5_skyhost_run2,1947000,1779281732.507780
approach5_skyhost_run2,1948000,1779281732.509527
approach5_skyhost_run2,1949000,1779281732.523882
approach5_skyhost_run2,1950000,1779281732.525628
approach5_skyhost_run2,1951000,1779281732.527367
approach5_skyhost_run2,1952000,1779281732.529107
approach5_skyhost_run2,1953000,1779281732.616099
approach5_skyhost_run2,1954000,1779281732.617821
approach5_skyhost_run2,1955000,1779281732.636642
approach5_skyhost_run2,1956000,1779281732.638379
approach5_skyhost_run2,1957000,1779281732.640112
approach5_skyhost_run2,1958000,1779281732.641855
approach5_skyhost_run2,1959000,1779281732.650764
approach5_skyhost_run2,1960000,1779281732.729999
approach5_skyhost_run2,1961000,1779281732.731739
approach5_skyhost_run2,1962000,1779281732.733474
approach5_skyhost_run2,1963000,1779281732.735260
approach5_skyhost_run2,1964000,1779281732.744387
approach5_skyhost_run2,1965000,1779281732.831074
approach5_skyhost_run2,1966000,1779281732.832802
approach5_skyhost_run2,1967000,1779281732.834547
approach5_skyhost_run2,1968000,1779281732.836308
approach5_skyhost_run2,1969000,1779281732.846631
approach5_skyhost_run2,1970000,1779281732.973796
approach5_skyhost_run2,1971000,1779281732.975556
approach5_skyhost_run2,1972000,1779281732.977281
approach5_skyhost_run2,1973000,1779281732.979027
approach5_skyhost_run2,1974000,1779281732.985441
approach5_skyhost_run2,1975000,1779281733.017966
approach5_skyhost_run2,1976000,1779281733.582290
approach5_skyhost_run2,1977000,1779281733.584025
approach5_skyhost_run2,1978000,1779281733.585778
approach5_skyhost_run2,1979000,1779281733.587528
approach5_skyhost_run2,1980000,1779281733.594955
approach5_skyhost_run2,1981000,1779281733.644223
approach5_skyhost_run2,1982000,1779281733.645961
approach5_skyhost_run2,1983000,1779281733.647686
approach5_skyhost_run2,1984000,1779281733.649405
approach5_skyhost_run2,1985000,1779281733.656334
approach5_skyhost_run2,1986000,1779281733.745785
approach5_skyhost_run2,1987000,1779281733.747507
approach5_skyhost_run2,1988000,1779281733.749231
approach5_skyhost_run2,1989000,1779281733.750984
approach5_skyhost_run2,1990000,1779281733.753753
approach5_skyhost_run2,1991000,1779281733.850183
approach5_skyhost_run2,1992000,1779281733.851905
approach5_skyhost_run2,1993000,1779281733.853628
approach5_skyhost_run2,1994000,1779281733.855398
approach5_skyhost_run2,1995000,1779281733.864453
approach5_skyhost_run2,1996000,1779281733.890118
approach5_skyhost_run2,1997000,1779281733.891844
approach5_skyhost_run2,1998000,1779281733.893562
approach5_skyhost_run2,1999000,1779281733.895329
approach5_skyhost_run2,2000000,1779281733.911894
approach5_skyhost_run2,2001000,1779281733.913630
approach5_skyhost_run2,2002000,1779281733.915385
approach5_skyhost_run2,2003000,1779281733.917122
approach5_skyhost_run2,2004000,1779281734.002572
approach5_skyhost_run2,2005000,1779281734.004299
approach5_skyhost_run2,2006000,1779281734.052771
approach5_skyhost_run2,2007000,1779281734.054502
approach5_skyhost_run2,2008000,1779281734.056248
approach5_skyhost_run2,2009000,1779281734.057987
approach5_skyhost_run2,2010000,1779281734.065391
approach5_skyhost_run2,2011000,1779281734.156921
approach5_skyhost_run2,2012000,1779281734.158647
approach5_skyhost_run2,2013000,1779281734.160360
approach5_skyhost_run2,2014000,1779281734.162107
approach5_skyhost_run2,2015000,1779281734.169862
approach5_skyhost_run2,2016000,1779281734.463558
approach5_skyhost_run2,2017000,1779281734.465311
approach5_skyhost_run2,2018000,1779281734.467053
approach5_skyhost_run2,2019000,1779281734.468775
approach5_skyhost_run2,2020000,1779281734.475862
approach5_skyhost_run2,2021000,1779281734.549953
approach5_skyhost_run2,2022000,1779281734.551677
approach5_skyhost_run2,2023000,1779281734.553400
approach5_skyhost_run2,2024000,1779281734.555178
approach5_skyhost_run2,2025000,1779281734.569842
approach5_skyhost_run2,2026000,1779281734.571561
approach5_skyhost_run2,2027000,1779281734.573280
approach5_skyhost_run2,2028000,1779281734.575055
approach5_skyhost_run2,2029000,1779281734.655230
approach5_skyhost_run2,2030000,1779281734.656954
approach5_skyhost_run2,2031000,1779281734.667241
approach5_skyhost_run2,2032000,1779281734.669001
approach5_skyhost_run2,2033000,1779281734.670741
approach5_skyhost_run2,2034000,1779281734.672471
approach5_skyhost_run2,2035000,1779281734.721601
approach5_skyhost_run2,2036000,1779281734.770617
approach5_skyhost_run2,2037000,1779281734.772337
approach5_skyhost_run2,2038000,1779281734.774055
approach5_skyhost_run2,2039000,1779281734.775828
approach5_skyhost_run2,2040000,1779281734.786409
approach5_skyhost_run2,2041000,1779281734.874281
approach5_skyhost_run2,2042000,1779281734.876033
approach5_skyhost_run2,2043000,1779281734.877742
approach5_skyhost_run2,2044000,1779281734.879474
approach5_skyhost_run2,2045000,1779281734.886442
approach5_skyhost_run2,2046000,1779281734.977867
approach5_skyhost_run2,2047000,1779281734.979588
approach5_skyhost_run2,2048000,1779281734.981337
approach5_skyhost_run2,2049000,1779281734.983075
approach5_skyhost_run2,2050000,1779281734.990258
approach5_skyhost_run2,2051000,1779281735.078114
approach5_skyhost_run2,2052000,1779281735.079854
approach5_skyhost_run2,2053000,1779281735.081585
approach5_skyhost_run2,2054000,1779281735.083329
approach5_skyhost_run2,2055000,1779281735.092277
approach5_skyhost_run2,2056000,1779281735.190627
approach5_skyhost_run2,2057000,1779281735.192340
approach5_skyhost_run2,2058000,1779281735.194057
approach5_skyhost_run2,2059000,1779281735.195829
approach5_skyhost_run2,2060000,1779281735.206337
approach5_skyhost_run2,2061000,1779281735.284392
approach5_skyhost_run2,2062000,1779281735.286131
approach5_skyhost_run2,2063000,1779281735.287868
approach5_skyhost_run2,2064000,1779281735.289595
approach5_skyhost_run2,2065000,1779281735.299210
approach5_skyhost_run2,2066000,1779281735.388968
approach5_skyhost_run2,2067000,1779281735.390692
approach5_skyhost_run2,2068000,1779281735.392409
approach5_skyhost_run2,2069000,1779281735.394130
approach5_skyhost_run2,2070000,1779281735.451377
approach5_skyhost_run2,2071000,1779281735.493568
approach5_skyhost_run2,2072000,1779281735.495316
approach5_skyhost_run2,2073000,1779281735.497039
approach5_skyhost_run2,2074000,1779281735.498781
approach5_skyhost_run2,2075000,1779281735.508281
approach5_skyhost_run2,2076000,1779281735.587142
approach5_skyhost_run2,2077000,1779281735.588859
approach5_skyhost_run2,2078000,1779281735.590595
approach5_skyhost_run2,2079000,1779281735.592324
approach5_skyhost_run2,2080000,1779281735.607944
approach5_skyhost_run2,2081000,1779281735.609658
approach5_skyhost_run2,2082000,1779281735.611392
approach5_skyhost_run2,2083000,1779281735.613117
approach5_skyhost_run2,2084000,1779281735.698044
approach5_skyhost_run2,2085000,1779281735.700132
approach5_skyhost_run2,2086000,1779281735.701875
approach5_skyhost_run2,2087000,1779281735.703623
approach5_skyhost_run2,2088000,1779281735.705373
approach5_skyhost_run2,2089000,1779281735.707109
approach5_skyhost_run2,2090000,1779281735.709081
approach5_skyhost_run2,2091000,1779281735.841821
approach5_skyhost_run2,2092000,1779281735.843544
approach5_skyhost_run2,2093000,1779281735.845292
approach5_skyhost_run2,2094000,1779281735.847035
approach5_skyhost_run2,2095000,1779281735.853040
approach5_skyhost_run2,2096000,1779281735.901677
approach5_skyhost_run2,2097000,1779281735.903401
approach5_skyhost_run2,2098000,1779281735.905145
approach5_skyhost_run2,2099000,1779281735.906886
approach5_skyhost_run2,2100000,1779281735.959800
approach5_skyhost_run2,2101000,1779281736.005931
approach5_skyhost_run2,2102000,1779281736.007654
approach5_skyhost_run2,2103000,1779281736.009381
approach5_skyhost_run2,2104000,1779281736.011121
approach5_skyhost_run2,2105000,1779281736.023628
approach5_skyhost_run2,2106000,1779281736.049536
approach5_skyhost_run2,2107000,1779281736.051259
approach5_skyhost_run2,2108000,1779281736.052979
approach5_skyhost_run2,2109000,1779281736.054723
approach5_skyhost_run2,2110000,1779281736.070097
approach5_skyhost_run2,2111000,1779281736.071840
approach5_skyhost_run2,2112000,1779281736.073569
approach5_skyhost_run2,2113000,1779281736.075346
approach5_skyhost_run2,2114000,1779281736.155339
approach5_skyhost_run2,2115000,1779281736.157076
approach5_skyhost_run2,2116000,1779281736.210685
approach5_skyhost_run2,2117000,1779281736.212406
approach5_skyhost_run2,2118000,1779281736.214124
approach5_skyhost_run2,2119000,1779281736.215896
approach5_skyhost_run2,2120000,1779281736.222017
approach5_skyhost_run2,2121000,1779281736.310488
approach5_skyhost_run2,2122000,1779281736.312213
approach5_skyhost_run2,2123000,1779281736.313947
approach5_skyhost_run2,2124000,1779281736.315726
approach5_skyhost_run2,2125000,1779281736.326081
approach5_skyhost_run2,2126000,1779281736.415622
approach5_skyhost_run2,2127000,1779281736.417339
approach5_skyhost_run2,2128000,1779281736.419071
approach5_skyhost_run2,2129000,1779281736.420801
approach5_skyhost_run2,2130000,1779281736.429811
approach5_skyhost_run2,2131000,1779281736.516052
approach5_skyhost_run2,2132000,1779281736.517757
approach5_skyhost_run2,2133000,1779281736.519484
approach5_skyhost_run2,2134000,1779281736.521209
approach5_skyhost_run2,2135000,1779281736.530119
approach5_skyhost_run2,2136000,1779281736.618540
approach5_skyhost_run2,2137000,1779281736.620259
approach5_skyhost_run2,2138000,1779281736.621982
approach5_skyhost_run2,2139000,1779281736.623724
approach5_skyhost_run2,2140000,1779281736.683635
approach5_skyhost_run2,2141000,1779281736.721742
approach5_skyhost_run2,2142000,1779281736.723464
approach5_skyhost_run2,2143000,1779281736.725202
approach5_skyhost_run2,2144000,1779281736.726948
approach5_skyhost_run2,2145000,1779281736.736122
approach5_skyhost_run2,2146000,1779281736.824081
approach5_skyhost_run2,2147000,1779281736.825824
approach5_skyhost_run2,2148000,1779281736.827561
approach5_skyhost_run2,2149000,1779281736.829305
approach5_skyhost_run2,2150000,1779281736.838656
approach5_skyhost_run2,2151000,1779281736.926519
approach5_skyhost_run2,2152000,1779281736.928225
approach5_skyhost_run2,2153000,1779281736.929935
approach5_skyhost_run2,2154000,1779281736.931672
approach5_skyhost_run2,2155000,1779281736.940981
approach5_skyhost_run2,2156000,1779281737.029195
approach5_skyhost_run2,2157000,1779281737.030917
approach5_skyhost_run2,2158000,1779281737.032680
approach5_skyhost_run2,2159000,1779281737.034428
approach5_skyhost_run2,2160000,1779281737.041592
approach5_skyhost_run2,2161000,1779281737.130985
approach5_skyhost_run2,2162000,1779281737.132702
approach5_skyhost_run2,2163000,1779281737.134437
approach5_skyhost_run2,2164000,1779281737.136204
approach5_skyhost_run2,2165000,1779281737.143562
approach5_skyhost_run2,2166000,1779281737.172973
approach5_skyhost_run2,2167000,1779281737.174710
approach5_skyhost_run2,2168000,1779281737.176460
approach5_skyhost_run2,2169000,1779281737.178186
approach5_skyhost_run2,2170000,1779281737.192218
approach5_skyhost_run2,2171000,1779281737.193941
approach5_skyhost_run2,2172000,1779281737.195691
approach5_skyhost_run2,2173000,1779281737.197412
approach5_skyhost_run2,2174000,1779281737.277446
approach5_skyhost_run2,2175000,1779281737.279513
approach5_skyhost_run2,2176000,1779281737.281233
approach5_skyhost_run2,2177000,1779281737.282967
approach5_skyhost_run2,2178000,1779281737.284705
approach5_skyhost_run2,2179000,1779281737.286472
approach5_skyhost_run2,2180000,1779281737.296374
approach5_skyhost_run2,2181000,1779281737.298089
approach5_skyhost_run2,2182000,1779281737.299821
approach5_skyhost_run2,2183000,1779281737.301551
approach5_skyhost_run2,2184000,1779281737.382378
approach5_skyhost_run2,2185000,1779281737.384101
approach5_skyhost_run2,2186000,1779281737.426532
approach5_skyhost_run2,2187000,1779281737.428253
approach5_skyhost_run2,2188000,1779281737.429978
approach5_skyhost_run2,2189000,1779281737.431717
approach5_skyhost_run2,2190000,1779281737.460595
approach5_skyhost_run2,2191000,1779281737.462322
approach5_skyhost_run2,2192000,1779281737.464048
approach5_skyhost_run2,2193000,1779281737.465806
approach5_skyhost_run2,2194000,1779281737.549423
approach5_skyhost_run2,2195000,1779281737.551205
approach5_skyhost_run2,2196000,1779281737.553694
approach5_skyhost_run2,2197000,1779281737.555472
approach5_skyhost_run2,2198000,1779281737.557212
approach5_skyhost_run2,2199000,1779281737.558966
approach5_skyhost_run2,2200000,1779281737.584325
approach5_skyhost_run2,2201000,1779281737.644593
approach5_skyhost_run2,2202000,1779281737.646338
approach5_skyhost_run2,2203000,1779281737.648057
approach5_skyhost_run2,2204000,1779281737.649784
approach5_skyhost_run2,2205000,1779281737.659639
approach5_skyhost_run2,2206000,1779281737.758756
approach5_skyhost_run2,2207000,1779281737.760471
approach5_skyhost_run2,2208000,1779281737.762187
approach5_skyhost_run2,2209000,1779281737.763922
approach5_skyhost_run2,2210000,1779281737.781837
approach5_skyhost_run2,2211000,1779281737.848759
approach5_skyhost_run2,2212000,1779281737.850490
approach5_skyhost_run2,2213000,1779281737.852218
approach5_skyhost_run2,2214000,1779281737.853945
approach5_skyhost_run2,2215000,1779281737.863523
approach5_skyhost_run2,2216000,1779281737.950774
approach5_skyhost_run2,2217000,1779281737.952496
approach5_skyhost_run2,2218000,1779281737.954218
approach5_skyhost_run2,2219000,1779281737.955983
approach5_skyhost_run2,2220000,1779281737.962628
approach5_skyhost_run2,2221000,1779281738.053732
approach5_skyhost_run2,2222000,1779281738.055505
approach5_skyhost_run2,2223000,1779281738.057231
approach5_skyhost_run2,2224000,1779281738.058983
approach5_skyhost_run2,2225000,1779281738.065620
approach5_skyhost_run2,2226000,1779281738.157359
approach5_skyhost_run2,2227000,1779281738.159091
approach5_skyhost_run2,2228000,1779281738.160822
approach5_skyhost_run2,2229000,1779281738.162572
approach5_skyhost_run2,2230000,1779281738.171033
approach5_skyhost_run2,2231000,1779281738.295553
approach5_skyhost_run2,2232000,1779281738.297284
approach5_skyhost_run2,2233000,1779281738.299026
approach5_skyhost_run2,2234000,1779281738.300760
approach5_skyhost_run2,2235000,1779281738.307851
approach5_skyhost_run2,2236000,1779281738.343510
approach5_skyhost_run2,2237000,1779281738.345282
approach5_skyhost_run2,2238000,1779281738.347020
approach5_skyhost_run2,2239000,1779281738.348747
approach5_skyhost_run2,2240000,1779281738.362776
approach5_skyhost_run2,2241000,1779281738.364501
approach5_skyhost_run2,2242000,1779281738.366247
approach5_skyhost_run2,2243000,1779281738.367992
approach5_skyhost_run2,2244000,1779281738.404716
approach5_skyhost_run2,2245000,1779281738.406466
approach5_skyhost_run2,2246000,1779281738.408195
approach5_skyhost_run2,2247000,1779281738.409933
approach5_skyhost_run2,2248000,1779281738.426637
approach5_skyhost_run2,2249000,1779281738.428369
approach5_skyhost_run2,2250000,1779281738.430105
approach5_skyhost_run2,2251000,1779281738.431854
approach5_skyhost_run2,2252000,1779281738.449214
approach5_skyhost_run2,2253000,1779281738.450950
approach5_skyhost_run2,2254000,1779281738.516841
approach5_skyhost_run2,2255000,1779281738.518581
approach5_skyhost_run2,2256000,1779281738.543683
approach5_skyhost_run2,2257000,1779281738.545432
approach5_skyhost_run2,2258000,1779281738.547176
approach5_skyhost_run2,2259000,1779281738.548919
approach5_skyhost_run2,2260000,1779281738.562587
approach5_skyhost_run2,2261000,1779281738.564322
approach5_skyhost_run2,2262000,1779281738.566071
approach5_skyhost_run2,2263000,1779281738.567819
approach5_skyhost_run2,2264000,1779281738.648336
approach5_skyhost_run2,2265000,1779281738.650063
approach5_skyhost_run2,2266000,1779281738.655188
approach5_skyhost_run2,2267000,1779281738.656931
approach5_skyhost_run2,2268000,1779281739.261384
approach5_skyhost_run2,2269000,1779281739.263117
approach5_skyhost_run2,2270000,1779281739.264868
approach5_skyhost_run2,2271000,1779281739.292159
approach5_skyhost_run2,2272000,1779281739.293894
approach5_skyhost_run2,2273000,1779281739.459126
approach5_skyhost_run2,2274000,1779281739.460855
approach5_skyhost_run2,2275000,1779281739.462592
approach5_skyhost_run2,2276000,1779281739.477391
approach5_skyhost_run2,2277000,1779281739.479128
approach5_skyhost_run2,2278000,1779281739.480858
approach5_skyhost_run2,2279000,1779281739.482605
approach5_skyhost_run2,2280000,1779281739.538525
approach5_skyhost_run2,2281000,1779281739.540239
approach5_skyhost_run2,2282000,1779281739.541952
approach5_skyhost_run2,2283000,1779281739.543683
approach5_skyhost_run2,2284000,1779281739.561930
approach5_skyhost_run2,2285000,1779281739.563659
approach5_skyhost_run2,2286000,1779281739.565396
approach5_skyhost_run2,2287000,1779281739.567144
approach5_skyhost_run2,2288000,1779281739.569276
approach5_skyhost_run2,2289000,1779281739.571003
approach5_skyhost_run2,2290000,1779281739.650198
approach5_skyhost_run2,2291000,1779281739.651924
approach5_skyhost_run2,2292000,1779281739.653653
approach5_skyhost_run2,2293000,1779281739.657977
approach5_skyhost_run2,2294000,1779281739.659706
approach5_skyhost_run2,2295000,1779281739.661429
approach5_skyhost_run2,2296000,1779281739.672573
approach5_skyhost_run2,2297000,1779281739.674310
approach5_skyhost_run2,2298000,1779281739.760622
approach5_skyhost_run2,2299000,1779281739.762340
approach5_skyhost_run2,2300000,1779281739.764089
approach5_skyhost_run2,2301000,1779281739.773050
approach5_skyhost_run2,2302000,1779281739.774795
approach5_skyhost_run2,2303000,1779281739.860467
approach5_skyhost_run2,2304000,1779281739.862189
approach5_skyhost_run2,2305000,1779281739.863932
approach5_skyhost_run2,2306000,1779281739.872613
approach5_skyhost_run2,2307000,1779281739.874352
approach5_skyhost_run2,2308000,1779281739.964426
approach5_skyhost_run2,2309000,1779281739.966173
approach5_skyhost_run2,2310000,1779281739.967906
approach5_skyhost_run2,2311000,1779281739.976360
approach5_skyhost_run2,2312000,1779281739.978092
approach5_skyhost_run2,2313000,1779281740.015490
approach5_skyhost_run2,2314000,1779281740.017208
approach5_skyhost_run2,2315000,1779281740.018939
approach5_skyhost_run2,2316000,1779281740.033645
approach5_skyhost_run2,2317000,1779281740.035387
approach5_skyhost_run2,2318000,1779281740.037105
approach5_skyhost_run2,2319000,1779281740.038841
approach5_skyhost_run2,2320000,1779281740.118859
approach5_skyhost_run2,2321000,1779281740.120588
approach5_skyhost_run2,2322000,1779281740.122338
approach5_skyhost_run2,2323000,1779281740.168426
approach5_skyhost_run2,2324000,1779281740.170155
approach5_skyhost_run2,2325000,1779281740.171897
approach5_skyhost_run2,2326000,1779281740.179861
approach5_skyhost_run2,2327000,1779281740.181605
approach5_skyhost_run2,2328000,1779281740.281696
approach5_skyhost_run2,2329000,1779281740.283429
approach5_skyhost_run2,2330000,1779281740.285188
approach5_skyhost_run2,2331000,1779281740.330621
approach5_skyhost_run2,2332000,1779281740.332353
approach5_skyhost_run2,2333000,1779281740.373503
approach5_skyhost_run2,2334000,1779281740.375261
approach5_skyhost_run2,2335000,1779281740.376987
approach5_skyhost_run2,2336000,1779281740.385129
approach5_skyhost_run2,2337000,1779281740.386867
approach5_skyhost_run2,2338000,1779281740.417250
approach5_skyhost_run2,2339000,1779281740.418993
approach5_skyhost_run2,2340000,1779281740.420731
approach5_skyhost_run2,2341000,1779281740.433080
approach5_skyhost_run2,2342000,1779281740.434825
approach5_skyhost_run2,2343000,1779281740.436551
approach5_skyhost_run2,2344000,1779281740.438274
approach5_skyhost_run2,2345000,1779281740.521125
approach5_skyhost_run2,2346000,1779281740.522865
approach5_skyhost_run2,2347000,1779281740.524636
approach5_skyhost_run2,2348000,1779281740.614349
approach5_skyhost_run2,2349000,1779281740.616094
approach5_skyhost_run2,2350000,1779281740.617829
approach5_skyhost_run2,2351000,1779281740.626192
approach5_skyhost_run2,2352000,1779281740.627935
approach5_skyhost_run2,2353000,1779281740.662945
approach5_skyhost_run2,2354000,1779281740.664663
approach5_skyhost_run2,2355000,1779281740.666418
approach5_skyhost_run2,2356000,1779281740.679619
approach5_skyhost_run2,2357000,1779281740.681336
approach5_skyhost_run2,2358000,1779281740.683061
approach5_skyhost_run2,2359000,1779281740.684786
approach5_skyhost_run2,2360000,1779281740.765835
approach5_skyhost_run2,2361000,1779281740.767573
approach5_skyhost_run2,2362000,1779281740.769307
approach5_skyhost_run2,2363000,1779281740.783684
approach5_skyhost_run2,2364000,1779281740.785423
approach5_skyhost_run2,2365000,1779281740.787169
approach5_skyhost_run2,2366000,1779281740.798251
approach5_skyhost_run2,2367000,1779281740.800009
approach5_skyhost_run2,2368000,1779281740.886216
approach5_skyhost_run2,2369000,1779281740.887958
approach5_skyhost_run2,2370000,1779281740.889697
approach5_skyhost_run2,2371000,1779281740.899009
approach5_skyhost_run2,2372000,1779281740.900754
approach5_skyhost_run2,2373000,1779281740.988162
approach5_skyhost_run2,2374000,1779281740.989933
approach5_skyhost_run2,2375000,1779281740.991692
approach5_skyhost_run2,2376000,1779281741.001852
approach5_skyhost_run2,2377000,1779281741.003594
approach5_skyhost_run2,2378000,1779281741.090793
approach5_skyhost_run2,2379000,1779281741.092513
approach5_skyhost_run2,2380000,1779281741.094237
approach5_skyhost_run2,2381000,1779281741.102698
approach5_skyhost_run2,2382000,1779281741.104431
approach5_skyhost_run2,2383000,1779281741.191774
approach5_skyhost_run2,2384000,1779281741.193491
approach5_skyhost_run2,2385000,1779281741.195262
approach5_skyhost_run2,2386000,1779281741.206718
approach5_skyhost_run2,2387000,1779281741.208450
approach5_skyhost_run2,2388000,1779281741.297487
approach5_skyhost_run2,2389000,1779281741.299233
approach5_skyhost_run2,2390000,1779281741.300972
approach5_skyhost_run2,2391000,1779281741.338725
approach5_skyhost_run2,2392000,1779281741.340466
approach5_skyhost_run2,2393000,1779281741.399487
approach5_skyhost_run2,2394000,1779281741.401232
approach5_skyhost_run2,2395000,1779281741.402991
approach5_skyhost_run2,2396000,1779281741.412569
approach5_skyhost_run2,2397000,1779281741.414328
approach5_skyhost_run2,2398000,1779281741.500026
approach5_skyhost_run2,2399000,1779281741.501800
approach5_skyhost_run2,2400000,1779281741.503587
approach5_skyhost_run2,2401000,1779281741.514649
approach5_skyhost_run2,2402000,1779281741.516419
approach5_skyhost_run2,2403000,1779281741.602849
approach5_skyhost_run2,2404000,1779281741.604579
approach5_skyhost_run2,2405000,1779281741.606359
approach5_skyhost_run2,2406000,1779281741.613659
approach5_skyhost_run2,2407000,1779281741.615436
approach5_skyhost_run2,2408000,1779281741.688061
approach5_skyhost_run2,2409000,1779281741.689790
approach5_skyhost_run2,2410000,1779281741.691580
approach5_skyhost_run2,2411000,1779281741.706885
approach5_skyhost_run2,2412000,1779281741.708639
approach5_skyhost_run2,2413000,1779281741.710407
approach5_skyhost_run2,2414000,1779281741.712171
approach5_skyhost_run2,2415000,1779281741.789182
approach5_skyhost_run2,2416000,1779281741.790926
approach5_skyhost_run2,2417000,1779281741.792658
approach5_skyhost_run2,2418000,1779281741.794416
approach5_skyhost_run2,2419000,1779281741.798263
approach5_skyhost_run2,2420000,1779281741.800016
approach5_skyhost_run2,2421000,1779281741.810321
approach5_skyhost_run2,2422000,1779281741.812045
approach5_skyhost_run2,2423000,1779281741.813777
approach5_skyhost_run2,2424000,1779281741.815555
approach5_skyhost_run2,2425000,1779281741.867489
approach5_skyhost_run2,2426000,1779281741.869231
approach5_skyhost_run2,2427000,1779281741.870970
approach5_skyhost_run2,2428000,1779281741.872718
approach5_skyhost_run2,2429000,1779281741.886288
approach5_skyhost_run2,2430000,1779281741.888072
approach5_skyhost_run2,2431000,1779281741.889845
approach5_skyhost_run2,2432000,1779281741.891631
approach5_skyhost_run2,2433000,1779281741.902723
approach5_skyhost_run2,2434000,1779281741.904480
approach5_skyhost_run2,2435000,1779281741.978544
approach5_skyhost_run2,2436000,1779281741.980315
approach5_skyhost_run2,2437000,1779281741.982110
approach5_skyhost_run2,2438000,1779281742.057292
approach5_skyhost_run2,2439000,1779281742.059055
approach5_skyhost_run2,2440000,1779281742.060806
approach5_skyhost_run2,2441000,1779281742.069123
approach5_skyhost_run2,2442000,1779281742.070892
approach5_skyhost_run2,2443000,1779281742.117941
approach5_skyhost_run2,2444000,1779281742.119689
approach5_skyhost_run2,2445000,1779281742.121439
approach5_skyhost_run2,2446000,1779281742.129212
approach5_skyhost_run2,2447000,1779281742.130957
approach5_skyhost_run2,2448000,1779281742.218879
approach5_skyhost_run2,2449000,1779281742.220616
approach5_skyhost_run2,2450000,1779281742.222374
approach5_skyhost_run2,2451000,1779281742.233255
approach5_skyhost_run2,2452000,1779281742.235074
approach5_skyhost_run2,2453000,1779281742.322956
approach5_skyhost_run2,2454000,1779281742.324699
approach5_skyhost_run2,2455000,1779281742.326483
approach5_skyhost_run2,2456000,1779281742.332951
approach5_skyhost_run2,2457000,1779281742.334708
approach5_skyhost_run2,2458000,1779281742.424764
approach5_skyhost_run2,2459000,1779281742.426539
approach5_skyhost_run2,2460000,1779281742.428279
approach5_skyhost_run2,2461000,1779281742.436590
approach5_skyhost_run2,2462000,1779281742.438356
approach5_skyhost_run2,2463000,1779281742.526472
approach5_skyhost_run2,2464000,1779281742.528212
approach5_skyhost_run2,2465000,1779281742.529966
approach5_skyhost_run2,2466000,1779281742.540688
approach5_skyhost_run2,2467000,1779281742.542443
approach5_skyhost_run2,2468000,1779281742.630820
approach5_skyhost_run2,2469000,1779281742.632561
approach5_skyhost_run2,2470000,1779281742.634324
approach5_skyhost_run2,2471000,1779281742.643303
approach5_skyhost_run2,2472000,1779281742.645080
approach5_skyhost_run2,2473000,1779281742.730089
approach5_skyhost_run2,2474000,1779281742.731840
approach5_skyhost_run2,2475000,1779281742.733586
approach5_skyhost_run2,2476000,1779281742.743592
approach5_skyhost_run2,2477000,1779281742.745364
approach5_skyhost_run2,2478000,1779281742.869919
approach5_skyhost_run2,2479000,1779281742.871674
approach5_skyhost_run2,2480000,1779281742.873423
approach5_skyhost_run2,2481000,1779281742.881255
approach5_skyhost_run2,2482000,1779281742.883023
approach5_skyhost_run2,2483000,1779281742.936317
approach5_skyhost_run2,2484000,1779281742.938050
approach5_skyhost_run2,2485000,1779281742.939806
approach5_skyhost_run2,2486000,1779281742.947827
approach5_skyhost_run2,2487000,1779281742.949568
approach5_skyhost_run2,2488000,1779281743.049802
approach5_skyhost_run2,2489000,1779281743.051568
approach5_skyhost_run2,2490000,1779281743.053303
approach5_skyhost_run2,2491000,1779281743.076019
approach5_skyhost_run2,2492000,1779281743.077762
approach5_skyhost_run2,2493000,1779281743.177791
approach5_skyhost_run2,2494000,1779281743.179522
approach5_skyhost_run2,2495000,1779281743.181257
approach5_skyhost_run2,2496000,1779281743.190536
approach5_skyhost_run2,2497000,1779281743.192273
approach5_skyhost_run2,2498000,1779281743.244444
approach5_skyhost_run2,2499000,1779281743.246202
approach5_skyhost_run2,2500000,1779281743.247954
approach5_skyhost_run2,2501000,1779281743.255203
approach5_skyhost_run2,2502000,1779281743.256958
approach5_skyhost_run2,2503000,1779281743.346511
approach5_skyhost_run2,2504000,1779281743.348238
approach5_skyhost_run2,2505000,1779281743.349976
approach5_skyhost_run2,2506000,1779281743.359422
approach5_skyhost_run2,2507000,1779281743.361166
approach5_skyhost_run2,2508000,1779281743.482777
approach5_skyhost_run2,2509000,1779281743.484508
approach5_skyhost_run2,2510000,1779281743.486337
approach5_skyhost_run2,2511000,1779281743.488715
approach5_skyhost_run2,2512000,1779281743.490450
approach5_skyhost_run2,2513000,1779281743.492176
approach5_skyhost_run2,2514000,1779281743.493910
approach5_skyhost_run2,2515000,1779281743.495911
approach5_skyhost_run2,2516000,1779281743.506552
approach5_skyhost_run2,2517000,1779281743.508279
approach5_skyhost_run2,2518000,1779281743.510005
approach5_skyhost_run2,2519000,1779281743.511752
approach5_skyhost_run2,2520000,1779281743.599042
approach5_skyhost_run2,2521000,1779281743.600767
approach5_skyhost_run2,2522000,1779281743.602504
approach5_skyhost_run2,2523000,1779281743.663855
approach5_skyhost_run2,2524000,1779281743.665604
approach5_skyhost_run2,2525000,1779281743.667346
approach5_skyhost_run2,2526000,1779281743.695198
approach5_skyhost_run2,2527000,1779281743.697111
approach5_skyhost_run2,2528000,1779281743.698842
approach5_skyhost_run2,2529000,1779281743.700565
approach5_skyhost_run2,2530000,1779281743.702294
approach5_skyhost_run2,2531000,1779281743.712960
approach5_skyhost_run2,2532000,1779281743.714732
approach5_skyhost_run2,2533000,1779281743.716491
approach5_skyhost_run2,2534000,1779281743.718237
approach5_skyhost_run2,2535000,1779281743.806202
approach5_skyhost_run2,2536000,1779281743.807970
approach5_skyhost_run2,2537000,1779281743.809716
approach5_skyhost_run2,2538000,1779281743.859076
approach5_skyhost_run2,2539000,1779281743.860800
approach5_skyhost_run2,2540000,1779281743.862540
approach5_skyhost_run2,2541000,1779281743.870790
approach5_skyhost_run2,2542000,1779281743.872517
approach5_skyhost_run2,2543000,1779281743.961916
approach5_skyhost_run2,2544000,1779281743.963659
approach5_skyhost_run2,2545000,1779281743.965431
approach5_skyhost_run2,2546000,1779281743.972672
approach5_skyhost_run2,2547000,1779281743.974411
approach5_skyhost_run2,2548000,1779281744.062976
approach5_skyhost_run2,2549000,1779281744.064696
approach5_skyhost_run2,2550000,1779281744.066455
approach5_skyhost_run2,2551000,1779281744.074515
approach5_skyhost_run2,2552000,1779281744.076288
approach5_skyhost_run2,2553000,1779281744.166513
approach5_skyhost_run2,2554000,1779281744.168233
approach5_skyhost_run2,2555000,1779281744.169961
approach5_skyhost_run2,2556000,1779281744.177525
approach5_skyhost_run2,2557000,1779281744.179273
approach5_skyhost_run2,2558000,1779281744.249178
approach5_skyhost_run2,2559000,1779281744.797002
approach5_skyhost_run2,2560000,1779281744.798731
approach5_skyhost_run2,2561000,1779281744.800446
approach5_skyhost_run2,2562000,1779281744.802175
approach5_skyhost_run2,2563000,1779281744.805801
approach5_skyhost_run2,2564000,1779281744.841067
approach5_skyhost_run2,2565000,1779281744.842805
approach5_skyhost_run2,2566000,1779281744.844527
approach5_skyhost_run2,2567000,1779281744.846292
approach5_skyhost_run2,2568000,1779281744.902519
approach5_skyhost_run2,2569000,1779281744.904242
approach5_skyhost_run2,2570000,1779281744.905991
approach5_skyhost_run2,2571000,1779281744.907731
approach5_skyhost_run2,2572000,1779281744.992673
approach5_skyhost_run2,2573000,1779281744.994415
approach5_skyhost_run2,2574000,1779281745.041074
approach5_skyhost_run2,2575000,1779281745.042802
approach5_skyhost_run2,2576000,1779281745.044529
approach5_skyhost_run2,2577000,1779281745.046289
approach5_skyhost_run2,2578000,1779281745.054502
approach5_skyhost_run2,2579000,1779281745.104618
approach5_skyhost_run2,2580000,1779281745.106363
approach5_skyhost_run2,2581000,1779281745.108088
approach5_skyhost_run2,2582000,1779281745.109821
approach5_skyhost_run2,2583000,1779281745.119023
approach5_skyhost_run2,2584000,1779281745.207982
approach5_skyhost_run2,2585000,1779281745.209689
approach5_skyhost_run2,2586000,1779281745.211415
approach5_skyhost_run2,2587000,1779281745.213138
approach5_skyhost_run2,2588000,1779281745.222067
approach5_skyhost_run2,2589000,1779281745.309973
approach5_skyhost_run2,2590000,1779281745.311696
approach5_skyhost_run2,2591000,1779281745.313416
approach5_skyhost_run2,2592000,1779281745.315183
approach5_skyhost_run2,2593000,1779281745.355234
approach5_skyhost_run2,2594000,1779281745.356950
approach5_skyhost_run2,2595000,1779281745.358686
approach5_skyhost_run2,2596000,1779281745.360588
approach5_skyhost_run2,2597000,1779281745.362316
approach5_skyhost_run2,2598000,1779281745.374721
approach5_skyhost_run2,2599000,1779281745.376505
approach5_skyhost_run2,2600000,1779281745.378239
approach5_skyhost_run2,2601000,1779281745.379995
approach5_skyhost_run2,2602000,1779281745.464906
approach5_skyhost_run2,2603000,1779281745.466636
approach5_skyhost_run2,2604000,1779281745.549998
approach5_skyhost_run2,2605000,1779281745.551718
approach5_skyhost_run2,2606000,1779281745.553442
approach5_skyhost_run2,2607000,1779281745.555212
approach5_skyhost_run2,2608000,1779281745.565521
approach5_skyhost_run2,2609000,1779281745.615723
approach5_skyhost_run2,2610000,1779281745.617436
approach5_skyhost_run2,2611000,1779281745.619159
approach5_skyhost_run2,2612000,1779281745.620884
approach5_skyhost_run2,2613000,1779281745.629825
approach5_skyhost_run2,2614000,1779281745.717945
approach5_skyhost_run2,2615000,1779281745.719688
approach5_skyhost_run2,2616000,1779281745.721412
approach5_skyhost_run2,2617000,1779281745.723156
approach5_skyhost_run2,2618000,1779281745.731222
approach5_skyhost_run2,2619000,1779281745.821830
approach5_skyhost_run2,2620000,1779281745.823556
approach5_skyhost_run2,2621000,1779281745.825307
approach5_skyhost_run2,2622000,1779281745.827056
approach5_skyhost_run2,2623000,1779281745.834382
approach5_skyhost_run2,2624000,1779281745.923148
approach5_skyhost_run2,2625000,1779281745.924891
approach5_skyhost_run2,2626000,1779281745.926625
approach5_skyhost_run2,2627000,1779281745.928354
approach5_skyhost_run2,2628000,1779281745.939734
approach5_skyhost_run2,2629000,1779281746.025631
approach5_skyhost_run2,2630000,1779281746.027371
approach5_skyhost_run2,2631000,1779281746.029096
approach5_skyhost_run2,2632000,1779281746.030846
approach5_skyhost_run2,2633000,1779281746.040967
approach5_skyhost_run2,2634000,1779281746.128527
approach5_skyhost_run2,2635000,1779281746.130247
approach5_skyhost_run2,2636000,1779281746.131983
approach5_skyhost_run2,2637000,1779281746.133722
approach5_skyhost_run2,2638000,1779281746.141589
approach5_skyhost_run2,2639000,1779281746.170421
approach5_skyhost_run2,2640000,1779281746.172138
approach5_skyhost_run2,2641000,1779281746.173858
approach5_skyhost_run2,2642000,1779281746.175635
approach5_skyhost_run2,2643000,1779281746.189696
approach5_skyhost_run2,2644000,1779281746.191419
approach5_skyhost_run2,2645000,1779281746.193140
approach5_skyhost_run2,2646000,1779281746.194898
approach5_skyhost_run2,2647000,1779281746.276595
approach5_skyhost_run2,2648000,1779281746.278333
approach5_skyhost_run2,2649000,1779281746.332264
approach5_skyhost_run2,2650000,1779281746.333984
approach5_skyhost_run2,2651000,1779281746.335754
approach5_skyhost_run2,2652000,1779281746.337482
approach5_skyhost_run2,2653000,1779281746.345919
approach5_skyhost_run2,2654000,1779281746.434501
approach5_skyhost_run2,2655000,1779281746.436252
approach5_skyhost_run2,2656000,1779281746.437978
approach5_skyhost_run2,2657000,1779281746.439730
approach5_skyhost_run2,2658000,1779281746.449405
approach5_skyhost_run2,2659000,1779281746.534194
approach5_skyhost_run2,2660000,1779281746.535935
approach5_skyhost_run2,2661000,1779281746.537651
approach5_skyhost_run2,2662000,1779281746.539437
approach5_skyhost_run2,2663000,1779281746.554935
approach5_skyhost_run2,2664000,1779281746.636975
approach5_skyhost_run2,2665000,1779281746.638709
approach5_skyhost_run2,2666000,1779281746.640434
approach5_skyhost_run2,2667000,1779281746.642169
approach5_skyhost_run2,2668000,1779281746.653676
approach5_skyhost_run2,2669000,1779281746.779587
approach5_skyhost_run2,2670000,1779281746.781306
approach5_skyhost_run2,2671000,1779281746.783040
approach5_skyhost_run2,2672000,1779281746.784768
approach5_skyhost_run2,2673000,1779281746.792888
approach5_skyhost_run2,2674000,1779281746.844249
approach5_skyhost_run2,2675000,1779281746.845994
approach5_skyhost_run2,2676000,1779281746.847734
approach5_skyhost_run2,2677000,1779281746.849467
approach5_skyhost_run2,2678000,1779281746.857397
approach5_skyhost_run2,2679000,1779281746.948979
approach5_skyhost_run2,2680000,1779281746.950714
approach5_skyhost_run2,2681000,1779281746.952444
approach5_skyhost_run2,2682000,1779281746.954188
approach5_skyhost_run2,2683000,1779281746.960556
approach5_skyhost_run2,2684000,1779281747.093352
approach5_skyhost_run2,2685000,1779281747.095138
approach5_skyhost_run2,2686000,1779281747.096872
approach5_skyhost_run2,2687000,1779281747.098639
approach5_skyhost_run2,2688000,1779281747.101512
approach5_skyhost_run2,2689000,1779281747.186768
approach5_skyhost_run2,2690000,1779281747.188491
approach5_skyhost_run2,2691000,1779281747.190216
approach5_skyhost_run2,2692000,1779281747.191964
approach5_skyhost_run2,2693000,1779281747.200897
approach5_skyhost_run2,2694000,1779281747.254114
approach5_skyhost_run2,2695000,1779281747.255872
approach5_skyhost_run2,2696000,1779281747.257595
approach5_skyhost_run2,2697000,1779281747.259350
approach5_skyhost_run2,2698000,1779281747.267969
approach5_skyhost_run2,2699000,1779281747.357062
approach5_skyhost_run2,2700000,1779281747.358793
approach5_skyhost_run2,2701000,1779281747.360528
approach5_skyhost_run2,2702000,1779281747.362271
approach5_skyhost_run2,2703000,1779281747.369734
approach5_skyhost_run2,2704000,1779281747.497179
approach5_skyhost_run2,2705000,1779281747.498910
approach5_skyhost_run2,2706000,1779281747.500638
approach5_skyhost_run2,2707000,1779281747.502388
approach5_skyhost_run2,2708000,1779281747.509769
approach5_skyhost_run2,2709000,1779281747.560349
approach5_skyhost_run2,2710000,1779281747.562063
approach5_skyhost_run2,2711000,1779281747.563795
approach5_skyhost_run2,2712000,1779281747.565556
approach5_skyhost_run2,2713000,1779281747.574010
approach5_skyhost_run2,2714000,1779281747.664096
approach5_skyhost_run2,2715000,1779281747.665848
approach5_skyhost_run2,2716000,1779281747.667599
approach5_skyhost_run2,2717000,1779281747.669344
approach5_skyhost_run2,2718000,1779281747.677469
approach5_skyhost_run2,2719000,1779281747.801042
approach5_skyhost_run2,2720000,1779281747.802783
approach5_skyhost_run2,2721000,1779281747.804520
approach5_skyhost_run2,2722000,1779281747.806285
approach5_skyhost_run2,2723000,1779281747.814880
approach5_skyhost_run2,2724000,1779281747.869020
approach5_skyhost_run2,2725000,1779281747.870792
approach5_skyhost_run2,2726000,1779281747.872531
approach5_skyhost_run2,2727000,1779281747.874267
approach5_skyhost_run2,2728000,1779281747.881700
approach5_skyhost_run2,2729000,1779281747.970391
approach5_skyhost_run2,2730000,1779281747.972128
approach5_skyhost_run2,2731000,1779281747.973867
approach5_skyhost_run2,2732000,1779281747.975645
approach5_skyhost_run2,2733000,1779281747.984288
approach5_skyhost_run2,2734000,1779281748.073263
approach5_skyhost_run2,2735000,1779281748.075024
approach5_skyhost_run2,2736000,1779281748.076748
approach5_skyhost_run2,2737000,1779281748.078495
approach5_skyhost_run2,2738000,1779281748.087247
approach5_skyhost_run2,2739000,1779281748.155653
approach5_skyhost_run2,2740000,1779281748.157371
approach5_skyhost_run2,2741000,1779281748.159121
approach5_skyhost_run2,2742000,1779281748.160861
approach5_skyhost_run2,2743000,1779281748.174127
approach5_skyhost_run2,2744000,1779281748.175902
approach5_skyhost_run2,2745000,1779281748.177634
approach5_skyhost_run2,2746000,1779281748.179390
approach5_skyhost_run2,2747000,1779281748.259735
approach5_skyhost_run2,2748000,1779281748.261464
approach5_skyhost_run2,2749000,1779281748.280838
approach5_skyhost_run2,2750000,1779281748.282572
approach5_skyhost_run2,2751000,1779281748.284302
approach5_skyhost_run2,2752000,1779281748.286067
approach5_skyhost_run2,2753000,1779281748.293056
approach5_skyhost_run2,2754000,1779281748.384000
approach5_skyhost_run2,2755000,1779281748.385759
approach5_skyhost_run2,2756000,1779281748.387504
approach5_skyhost_run2,2757000,1779281748.389248
approach5_skyhost_run2,2758000,1779281748.397941
approach5_skyhost_run2,2759000,1779281748.463657
approach5_skyhost_run2,2760000,1779281748.465405
approach5_skyhost_run2,2761000,1779281748.467138
approach5_skyhost_run2,2762000,1779281748.468864
approach5_skyhost_run2,2763000,1779281748.483799
approach5_skyhost_run2,2764000,1779281748.485551
approach5_skyhost_run2,2765000,1779281748.487298
approach5_skyhost_run2,2766000,1779281748.489043
approach5_skyhost_run2,2767000,1779281748.530256
approach5_skyhost_run2,2768000,1779281748.531984
approach5_skyhost_run2,2769000,1779281748.533718
approach5_skyhost_run2,2770000,1779281748.535506
approach5_skyhost_run2,2771000,1779281748.548120
approach5_skyhost_run2,2772000,1779281748.549841
approach5_skyhost_run2,2773000,1779281748.551574
approach5_skyhost_run2,2774000,1779281748.553305
approach5_skyhost_run2,2775000,1779281748.569433
approach5_skyhost_run2,2776000,1779281748.571180
approach5_skyhost_run2,2777000,1779281748.635296
approach5_skyhost_run2,2778000,1779281748.637037
approach5_skyhost_run2,2779000,1779281748.692050
approach5_skyhost_run2,2780000,1779281748.693782
approach5_skyhost_run2,2781000,1779281748.695556
approach5_skyhost_run2,2782000,1779281748.697291
approach5_skyhost_run2,2783000,1779281748.704525
approach5_skyhost_run2,2784000,1779281748.792753
approach5_skyhost_run2,2785000,1779281748.794487
approach5_skyhost_run2,2786000,1779281748.796241
approach5_skyhost_run2,2787000,1779281748.797970
approach5_skyhost_run2,2788000,1779281748.814413
approach5_skyhost_run2,2789000,1779281748.895982
approach5_skyhost_run2,2790000,1779281748.897705
approach5_skyhost_run2,2791000,1779281748.899445
approach5_skyhost_run2,2792000,1779281748.901191
approach5_skyhost_run2,2793000,1779281748.913818
approach5_skyhost_run2,2794000,1779281749.000188
approach5_skyhost_run2,2795000,1779281749.001909
approach5_skyhost_run2,2796000,1779281749.003644
approach5_skyhost_run2,2797000,1779281749.005403
approach5_skyhost_run2,2798000,1779281749.011726
approach5_skyhost_run2,2799000,1779281749.102157
approach5_skyhost_run2,2800000,1779281749.103887
approach5_skyhost_run2,2801000,1779281749.105650
approach5_skyhost_run2,2802000,1779281749.107407
approach5_skyhost_run2,2803000,1779281749.115555
approach5_skyhost_run2,2804000,1779281749.184496
approach5_skyhost_run2,2805000,1779281749.186237
approach5_skyhost_run2,2806000,1779281749.187972
approach5_skyhost_run2,2807000,1779281749.189713
approach5_skyhost_run2,2808000,1779281749.203087
approach5_skyhost_run2,2809000,1779281749.204866
approach5_skyhost_run2,2810000,1779281749.206607
approach5_skyhost_run2,2811000,1779281749.208340
approach5_skyhost_run2,2812000,1779281749.249988
approach5_skyhost_run2,2813000,1779281749.251717
approach5_skyhost_run2,2814000,1779281749.253447
approach5_skyhost_run2,2815000,1779281749.255226
approach5_skyhost_run2,2816000,1779281749.268952
approach5_skyhost_run2,2817000,1779281749.270683
approach5_skyhost_run2,2818000,1779281749.272410
approach5_skyhost_run2,2819000,1779281749.274153
approach5_skyhost_run2,2820000,1779281749.289020
approach5_skyhost_run2,2821000,1779281749.290758
approach5_skyhost_run2,2822000,1779281749.359339
approach5_skyhost_run2,2823000,1779281749.361075
approach5_skyhost_run2,2824000,1779281749.409516
approach5_skyhost_run2,2825000,1779281749.411254
approach5_skyhost_run2,2826000,1779281749.412994
approach5_skyhost_run2,2827000,1779281749.414755
approach5_skyhost_run2,2828000,1779281749.424963
approach5_skyhost_run2,2829000,1779281749.511409
approach5_skyhost_run2,2830000,1779281749.513128
approach5_skyhost_run2,2831000,1779281749.514888
approach5_skyhost_run2,2832000,1779281749.516630
approach5_skyhost_run2,2833000,1779281749.525442
approach5_skyhost_run2,2834000,1779281749.619524
approach5_skyhost_run2,2835000,1779281749.621238
approach5_skyhost_run2,2836000,1779281749.622970
approach5_skyhost_run2,2837000,1779281749.624701
approach5_skyhost_run2,2838000,1779281749.632212
approach5_skyhost_run2,2839000,1779281749.696526
approach5_skyhost_run2,2840000,1779281749.698251
approach5_skyhost_run2,2841000,1779281749.699993
approach5_skyhost_run2,2842000,1779281749.701740
approach5_skyhost_run2,2843000,1779281749.716908
approach5_skyhost_run2,2844000,1779281749.718648
approach5_skyhost_run2,2845000,1779281749.720377
approach5_skyhost_run2,2846000,1779281749.722117
approach5_skyhost_run2,2847000,1779281749.804204
approach5_skyhost_run2,2848000,1779281749.807592
approach5_skyhost_run2,2849000,1779281749.809330
approach5_skyhost_run2,2850000,1779281749.811098
approach5_skyhost_run2,2851000,1779281750.325908
approach5_skyhost_run2,2852000,1779281750.327652
approach5_skyhost_run2,2853000,1779281750.329380
approach5_skyhost_run2,2854000,1779281750.331133
approach5_skyhost_run2,2855000,1779281750.338656
approach5_skyhost_run2,2856000,1779281750.428097
approach5_skyhost_run2,2857000,1779281750.429820
approach5_skyhost_run2,2858000,1779281750.431557
approach5_skyhost_run2,2859000,1779281750.433290
approach5_skyhost_run2,2860000,1779281750.443336
approach5_skyhost_run2,2861000,1779281750.529003
approach5_skyhost_run2,2862000,1779281750.530731
approach5_skyhost_run2,2863000,1779281750.532463
approach5_skyhost_run2,2864000,1779281750.534200
approach5_skyhost_run2,2865000,1779281750.543048
approach5_skyhost_run2,2866000,1779281750.645653
approach5_skyhost_run2,2867000,1779281750.647395
approach5_skyhost_run2,2868000,1779281750.649118
approach5_skyhost_run2,2869000,1779281750.650867
approach5_skyhost_run2,2870000,1779281750.676376
approach5_skyhost_run2,2871000,1779281750.736050
approach5_skyhost_run2,2872000,1779281750.737775
approach5_skyhost_run2,2873000,1779281750.739520
approach5_skyhost_run2,2874000,1779281750.741259
approach5_skyhost_run2,2875000,1779281750.785537
approach5_skyhost_run2,2876000,1779281750.983812
approach5_skyhost_run2,2877000,1779281750.985583
approach5_skyhost_run2,2878000,1779281750.987332
approach5_skyhost_run2,2879000,1779281750.989072
approach5_skyhost_run2,2880000,1779281751.045150
approach5_skyhost_run2,2881000,1779281751.046891
approach5_skyhost_run2,2882000,1779281751.048624
approach5_skyhost_run2,2883000,1779281751.083463
approach5_skyhost_run2,2884000,1779281751.085210
approach5_skyhost_run2,2885000,1779281751.087042
approach5_skyhost_run2,2886000,1779281751.089088
approach5_skyhost_run2,2887000,1779281751.090837
approach5_skyhost_run2,2888000,1779281751.092570
approach5_skyhost_run2,2889000,1779281751.094339
approach5_skyhost_run2,2890000,1779281751.104794
approach5_skyhost_run2,2891000,1779281751.106560
approach5_skyhost_run2,2892000,1779281751.108299
approach5_skyhost_run2,2893000,1779281751.237921
approach5_skyhost_run2,2894000,1779281751.239661
approach5_skyhost_run2,2895000,1779281751.241398
approach5_skyhost_run2,2896000,1779281751.246345
approach5_skyhost_run2,2897000,1779281751.248071
approach5_skyhost_run2,2898000,1779281751.249797
approach5_skyhost_run2,2899000,1779281751.251550
approach5_skyhost_run2,2900000,1779281751.289143
approach5_skyhost_run2,2901000,1779281751.290878
approach5_skyhost_run2,2902000,1779281751.292834
approach5_skyhost_run2,2903000,1779281751.294575
approach5_skyhost_run2,2904000,1779281751.296342
approach5_skyhost_run2,2905000,1779281751.309927
approach5_skyhost_run2,2906000,1779281751.311673
approach5_skyhost_run2,2907000,1779281751.313411
approach5_skyhost_run2,2908000,1779281751.398847
approach5_skyhost_run2,2909000,1779281751.400571
approach5_skyhost_run2,2910000,1779281751.402311
approach5_skyhost_run2,2911000,1779281751.490149
approach5_skyhost_run2,2912000,1779281751.491894
approach5_skyhost_run2,2913000,1779281751.493640
approach5_skyhost_run2,2914000,1779281751.495487
approach5_skyhost_run2,2915000,1779281751.504627
approach5_skyhost_run2,2916000,1779281751.566938
approach5_skyhost_run2,2917000,1779281751.568672
approach5_skyhost_run2,2918000,1779281751.570422
approach5_skyhost_run2,2919000,1779281751.572168
approach5_skyhost_run2,2920000,1779281751.600979
approach5_skyhost_run2,2921000,1779281751.694596
approach5_skyhost_run2,2922000,1779281751.696349
approach5_skyhost_run2,2923000,1779281751.698080
approach5_skyhost_run2,2924000,1779281751.699836
approach5_skyhost_run2,2925000,1779281751.707246
approach5_skyhost_run2,2926000,1779281751.760079
approach5_skyhost_run2,2927000,1779281751.761812
approach5_skyhost_run2,2928000,1779281751.763558
approach5_skyhost_run2,2929000,1779281751.765311
approach5_skyhost_run2,2930000,1779281751.773359
approach5_skyhost_run2,2931000,1779281751.896565
approach5_skyhost_run2,2932000,1779281751.898308
approach5_skyhost_run2,2933000,1779281751.900052
approach5_skyhost_run2,2934000,1779281751.901799
approach5_skyhost_run2,2935000,1779281751.910609
approach5_skyhost_run2,2936000,1779281752.107019
approach5_skyhost_run2,2937000,1779281752.108751
approach5_skyhost_run2,2938000,1779281752.110503
approach5_skyhost_run2,2939000,1779281752.112249
approach5_skyhost_run2,2940000,1779281752.125669
approach5_skyhost_run2,2941000,1779281752.127409
approach5_skyhost_run2,2942000,1779281752.129145
approach5_skyhost_run2,2943000,1779281752.215762
approach5_skyhost_run2,2944000,1779281752.217485
approach5_skyhost_run2,2945000,1779281752.219229
approach5_skyhost_run2,2946000,1779281752.372392
approach5_skyhost_run2,2947000,1779281752.374126
approach5_skyhost_run2,2948000,1779281752.375899
approach5_skyhost_run2,2949000,1779281752.377639
approach5_skyhost_run2,2950000,1779281752.386554
approach5_skyhost_run2,2951000,1779281752.473591
approach5_skyhost_run2,2952000,1779281752.475365
approach5_skyhost_run2,2953000,1779281752.477107
approach5_skyhost_run2,2954000,1779281752.478873
approach5_skyhost_run2,2955000,1779281752.487489
approach5_skyhost_run2,2956000,1779281752.575936
approach5_skyhost_run2,2957000,1779281752.577677
approach5_skyhost_run2,2958000,1779281752.579444
approach5_skyhost_run2,2959000,1779281752.581201
approach5_skyhost_run2,2960000,1779281752.589274
approach5_skyhost_run2,2961000,1779281752.620215
approach5_skyhost_run2,2962000,1779281752.621952
approach5_skyhost_run2,2963000,1779281752.623711
approach5_skyhost_run2,2964000,1779281752.625486
approach5_skyhost_run2,2965000,1779281752.638208
approach5_skyhost_run2,2966000,1779281752.639966
approach5_skyhost_run2,2967000,1779281752.641717
approach5_skyhost_run2,2968000,1779281752.723536
approach5_skyhost_run2,2969000,1779281752.725322
approach5_skyhost_run2,2970000,1779281752.727094
approach5_skyhost_run2,2971000,1779281752.780699
approach5_skyhost_run2,2972000,1779281752.782454
approach5_skyhost_run2,2973000,1779281752.784203
approach5_skyhost_run2,2974000,1779281752.785971
approach5_skyhost_run2,2975000,1779281752.793992
approach5_skyhost_run2,2976000,1779281752.824967
approach5_skyhost_run2,2977000,1779281752.826759
approach5_skyhost_run2,2978000,1779281752.828518
approach5_skyhost_run2,2979000,1779281752.830265
approach5_skyhost_run2,2980000,1779281752.842980
approach5_skyhost_run2,2981000,1779281752.844724
approach5_skyhost_run2,2982000,1779281752.846531
approach5_skyhost_run2,2983000,1779281752.928881
approach5_skyhost_run2,2984000,1779281752.930628
approach5_skyhost_run2,2985000,1779281752.932380
approach5_skyhost_run2,2986000,1779281752.968634
approach5_skyhost_run2,2987000,1779281752.970381
approach5_skyhost_run2,2988000,1779281752.972121
approach5_skyhost_run2,2989000,1779281752.973866
approach5_skyhost_run2,2990000,1779281752.986493
approach5_skyhost_run2,2991000,1779281752.988212
approach5_skyhost_run2,2992000,1779281752.989936
approach5_skyhost_run2,2993000,1779281753.073361
approach5_skyhost_run2,2994000,1779281753.075156
approach5_skyhost_run2,2995000,1779281753.076899
approach5_skyhost_run2,2996000,1779281753.101034
approach5_skyhost_run2,2997000,1779281753.102787
approach5_skyhost_run2,2998000,1779281753.104535
approach5_skyhost_run2,2999000,1779281753.106335
approach5_skyhost_run2,3000000,1779281753.137814
approach5_skyhost_run2,3001000,1779281753.254962
approach5_skyhost_run2,3002000,1779281753.256705
approach5_skyhost_run2,3003000,1779281753.258462
approach5_skyhost_run2,3004000,1779281753.260209
approach5_skyhost_run2,3005000,1779281753.291005
approach5_skyhost_run2,3006000,1779281753.306945
approach5_skyhost_run2,3007000,1779281753.308685
approach5_skyhost_run2,3008000,1779281753.310441
approach5_skyhost_run2,3009000,1779281753.312187
approach5_skyhost_run2,3010000,1779281753.336438
approach5_skyhost_run2,3011000,1779281753.408639
approach5_skyhost_run2,3012000,1779281753.410389
approach5_skyhost_run2,3013000,1779281753.412139
approach5_skyhost_run2,3014000,1779281753.413889
approach5_skyhost_run2,3015000,1779281753.441986
approach5_skyhost_run2,3016000,1779281753.535260
approach5_skyhost_run2,3017000,1779281753.537002
approach5_skyhost_run2,3018000,1779281753.538756
approach5_skyhost_run2,3019000,1779281753.540496
approach5_skyhost_run2,3020000,1779281753.549721
approach5_skyhost_run2,3021000,1779281753.636816
approach5_skyhost_run2,3022000,1779281753.638552
approach5_skyhost_run2,3023000,1779281753.640288
approach5_skyhost_run2,3024000,1779281753.642026
approach5_skyhost_run2,3025000,1779281753.650928
approach5_skyhost_run2,3026000,1779281753.716053
approach5_skyhost_run2,3027000,1779281753.717778
approach5_skyhost_run2,3028000,1779281753.719523
approach5_skyhost_run2,3029000,1779281753.721264
approach5_skyhost_run2,3030000,1779281753.750292
approach5_skyhost_run2,3031000,1779281753.806306
approach5_skyhost_run2,3032000,1779281753.808042
approach5_skyhost_run2,3033000,1779281753.809777
approach5_skyhost_run2,3034000,1779281753.811533
approach5_skyhost_run2,3035000,1779281753.820567
approach5_skyhost_run2,3036000,1779281753.921898
approach5_skyhost_run2,3037000,1779281753.923638
approach5_skyhost_run2,3038000,1779281753.925408
approach5_skyhost_run2,3039000,1779281753.927165
approach5_skyhost_run2,3040000,1779281753.952068
approach5_skyhost_run2,3041000,1779281754.013742
approach5_skyhost_run2,3042000,1779281754.015506
approach5_skyhost_run2,3043000,1779281754.017251
approach5_skyhost_run2,3044000,1779281754.019020
approach5_skyhost_run2,3045000,1779281754.026515
approach5_skyhost_run2,3046000,1779281754.150980
approach5_skyhost_run2,3047000,1779281754.152712
approach5_skyhost_run2,3048000,1779281754.154465
approach5_skyhost_run2,3049000,1779281754.156240
approach5_skyhost_run2,3050000,1779281754.166628
approach5_skyhost_run2,3051000,1779281754.228225
approach5_skyhost_run2,3052000,1779281754.229948
approach5_skyhost_run2,3053000,1779281754.231692
approach5_skyhost_run2,3054000,1779281754.233436
approach5_skyhost_run2,3055000,1779281754.261595
approach5_skyhost_run2,3056000,1779281754.318064
approach5_skyhost_run2,3057000,1779281754.319807
approach5_skyhost_run2,3058000,1779281754.321540
approach5_skyhost_run2,3059000,1779281754.323297
approach5_skyhost_run2,3060000,1779281754.331882
approach5_skyhost_run2,3061000,1779281754.421531
approach5_skyhost_run2,3062000,1779281754.423266
approach5_skyhost_run2,3063000,1779281754.425036
approach5_skyhost_run2,3064000,1779281754.426790
approach5_skyhost_run2,3065000,1779281754.437755
approach5_skyhost_run2,3066000,1779281754.538035
approach5_skyhost_run2,3067000,1779281754.539773
approach5_skyhost_run2,3068000,1779281754.541515
approach5_skyhost_run2,3069000,1779281754.543269
approach5_skyhost_run2,3070000,1779281754.565086
approach5_skyhost_run2,3071000,1779281754.627981
approach5_skyhost_run2,3072000,1779281754.629706
approach5_skyhost_run2,3073000,1779281754.631445
approach5_skyhost_run2,3074000,1779281754.633182
approach5_skyhost_run2,3075000,1779281754.646066
approach5_skyhost_run2,3076000,1779281754.730000
approach5_skyhost_run2,3077000,1779281754.731735
approach5_skyhost_run2,3078000,1779281754.733469
approach5_skyhost_run2,3079000,1779281754.735255
approach5_skyhost_run2,3080000,1779281754.745739
approach5_skyhost_run2,3081000,1779281754.831593
approach5_skyhost_run2,3082000,1779281754.833321
approach5_skyhost_run2,3083000,1779281754.835095
approach5_skyhost_run2,3084000,1779281754.836829
approach5_skyhost_run2,3085000,1779281754.846226
approach5_skyhost_run2,3086000,1779281754.936523
approach5_skyhost_run2,3087000,1779281754.938258
approach5_skyhost_run2,3088000,1779281754.940006
approach5_skyhost_run2,3089000,1779281754.941746
approach5_skyhost_run2,3090000,1779281754.951082
approach5_skyhost_run2,3091000,1779281755.039052
approach5_skyhost_run2,3092000,1779281755.040794
approach5_skyhost_run2,3093000,1779281755.042557
approach5_skyhost_run2,3094000,1779281755.044314
approach5_skyhost_run2,3095000,1779281755.053818
approach5_skyhost_run2,3096000,1779281755.082880
approach5_skyhost_run2,3097000,1779281755.084613
approach5_skyhost_run2,3098000,1779281755.086397
approach5_skyhost_run2,3099000,1779281755.088142
approach5_skyhost_run2,3100000,1779281755.103088
approach5_skyhost_run2,3101000,1779281755.104836
approach5_skyhost_run2,3102000,1779281755.106589
approach5_skyhost_run2,3103000,1779281755.191698
approach5_skyhost_run2,3104000,1779281755.193449
approach5_skyhost_run2,3105000,1779281755.195231
approach5_skyhost_run2,3106000,1779281755.246418
approach5_skyhost_run2,3107000,1779281755.248149
approach5_skyhost_run2,3108000,1779281755.249889
approach5_skyhost_run2,3109000,1779281755.251648
approach5_skyhost_run2,3110000,1779281755.296048
approach5_skyhost_run2,3111000,1779281755.348675
approach5_skyhost_run2,3112000,1779281755.350406
approach5_skyhost_run2,3113000,1779281755.352146
approach5_skyhost_run2,3114000,1779281755.353887
approach5_skyhost_run2,3115000,1779281755.398074
approach5_skyhost_run2,3116000,1779281755.425907
approach5_skyhost_run2,3117000,1779281755.427660
approach5_skyhost_run2,3118000,1779281755.429388
approach5_skyhost_run2,3119000,1779281755.431169
approach5_skyhost_run2,3120000,1779281755.446004
approach5_skyhost_run2,3121000,1779281755.447751
approach5_skyhost_run2,3122000,1779281755.449496
approach5_skyhost_run2,3123000,1779281755.534216
approach5_skyhost_run2,3124000,1779281755.536302
approach5_skyhost_run2,3125000,1779281755.538039
approach5_skyhost_run2,3126000,1779281755.539789
approach5_skyhost_run2,3127000,1779281755.541526
approach5_skyhost_run2,3128000,1779281755.543272
approach5_skyhost_run2,3129000,1779281755.545036
approach5_skyhost_run2,3130000,1779281755.554622
approach5_skyhost_run2,3131000,1779281755.556382
approach5_skyhost_run2,3132000,1779281755.558119
approach5_skyhost_run2,3133000,1779281755.645000
approach5_skyhost_run2,3134000,1779281755.646744
approach5_skyhost_run2,3135000,1779281755.648487
approach5_skyhost_run2,3136000,1779281755.656524
approach5_skyhost_run2,3137000,1779281755.658252
approach5_skyhost_run2,3138000,1779281755.660000
approach5_skyhost_run2,3139000,1779281755.661749
approach5_skyhost_run2,3140000,1779281755.671226
approach5_skyhost_run2,3141000,1779281755.752058
approach5_skyhost_run2,3142000,1779281755.802308
approach5_skyhost_run2,3143000,1779281755.804053
approach5_skyhost_run2,3144000,1779281755.805832
approach5_skyhost_run2,3145000,1779281755.807658
approach5_skyhost_run2,3146000,1779281755.810105
approach5_skyhost_run2,3147000,1779281755.811845
approach5_skyhost_run2,3148000,1779281755.813582
approach5_skyhost_run2,3149000,1779281755.815365
approach5_skyhost_run2,3150000,1779281755.863449
approach5_skyhost_run2,3151000,1779281755.865201
approach5_skyhost_run2,3152000,1779281755.866950
approach5_skyhost_run2,3153000,1779281755.905934
approach5_skyhost_run2,3154000,1779281755.907673
approach5_skyhost_run2,3155000,1779281755.909403
approach5_skyhost_run2,3156000,1779281755.911158
approach5_skyhost_run2,3157000,1779281755.927112
approach5_skyhost_run2,3158000,1779281755.928856
approach5_skyhost_run2,3159000,1779281755.930608
approach5_skyhost_run2,3160000,1779281755.932344
approach5_skyhost_run2,3161000,1779281755.953435
approach5_skyhost_run2,3162000,1779281755.955210
approach5_skyhost_run2,3163000,1779281756.011808
approach5_skyhost_run2,3164000,1779281756.013544
approach5_skyhost_run2,3165000,1779281756.015325
approach5_skyhost_run2,3166000,1779281756.065261
approach5_skyhost_run2,3167000,1779281756.067023
approach5_skyhost_run2,3168000,1779281756.068766
approach5_skyhost_run2,3169000,1779281756.070532
approach5_skyhost_run2,3170000,1779281756.081896
approach5_skyhost_run2,3171000,1779281756.170427
approach5_skyhost_run2,3172000,1779281756.172164
approach5_skyhost_run2,3173000,1779281756.173904
approach5_skyhost_run2,3174000,1779281756.175700
approach5_skyhost_run2,3175000,1779281756.183906
approach5_skyhost_run2,3176000,1779281756.273219
approach5_skyhost_run2,3177000,1779281756.274991
approach5_skyhost_run2,3178000,1779281756.276720
approach5_skyhost_run2,3179000,1779281756.278466
approach5_skyhost_run2,3180000,1779281756.304693
approach5_skyhost_run2,3181000,1779281756.386345
approach5_skyhost_run2,3182000,1779281756.388107
approach5_skyhost_run2,3183000,1779281756.389843
approach5_skyhost_run2,3184000,1779281756.391600
approach5_skyhost_run2,3185000,1779281756.413501
approach5_skyhost_run2,3186000,1779281756.488945
approach5_skyhost_run2,3187000,1779281756.490690
approach5_skyhost_run2,3188000,1779281756.492430
approach5_skyhost_run2,3189000,1779281756.494181
approach5_skyhost_run2,3190000,1779281756.508605
approach5_skyhost_run2,3191000,1779281756.580361
approach5_skyhost_run2,3192000,1779281756.582094
approach5_skyhost_run2,3193000,1779281756.583843
approach5_skyhost_run2,3194000,1779281756.585609
approach5_skyhost_run2,3195000,1779281756.596688
approach5_skyhost_run2,3196000,1779281756.680909
approach5_skyhost_run2,3197000,1779281756.682654
approach5_skyhost_run2,3198000,1779281756.684397
approach5_skyhost_run2,3199000,1779281756.686186
approach5_skyhost_run2,3200000,1779281756.695424
approach5_skyhost_run2,3201000,1779281756.800003
approach5_skyhost_run2,3202000,1779281756.801737
approach5_skyhost_run2,3203000,1779281756.803490
approach5_skyhost_run2,3204000,1779281756.805268
approach5_skyhost_run2,3205000,1779281756.830758
approach5_skyhost_run2,3206000,1779281756.890709
approach5_skyhost_run2,3207000,1779281756.892453
approach5_skyhost_run2,3208000,1779281756.894195
approach5_skyhost_run2,3209000,1779281756.895988
approach5_skyhost_run2,3210000,1779281756.907388
approach5_skyhost_run2,3211000,1779281756.987540
approach5_skyhost_run2,3212000,1779281756.989268
approach5_skyhost_run2,3213000,1779281756.991017
approach5_skyhost_run2,3214000,1779281756.992757
approach5_skyhost_run2,3215000,1779281757.002132
approach5_skyhost_run2,3216000,1779281757.090390
approach5_skyhost_run2,3217000,1779281757.092107
approach5_skyhost_run2,3218000,1779281757.093833
approach5_skyhost_run2,3219000,1779281757.095622
approach5_skyhost_run2,3220000,1779281757.105362
approach5_skyhost_run2,3221000,1779281757.171618
approach5_skyhost_run2,3222000,1779281757.173352
approach5_skyhost_run2,3223000,1779281757.175131
approach5_skyhost_run2,3224000,1779281757.176877
approach5_skyhost_run2,3225000,1779281757.192350
approach5_skyhost_run2,3226000,1779281757.194075
approach5_skyhost_run2,3227000,1779281757.195844
approach5_skyhost_run2,3228000,1779281757.277480
approach5_skyhost_run2,3229000,1779281757.279284
approach5_skyhost_run2,3230000,1779281757.281043
approach5_skyhost_run2,3231000,1779281757.307980
approach5_skyhost_run2,3232000,1779281757.309718
approach5_skyhost_run2,3233000,1779281757.311467
approach5_skyhost_run2,3234000,1779281757.313200
approach5_skyhost_run2,3235000,1779281757.339153
approach5_skyhost_run2,3236000,1779281757.435066
approach5_skyhost_run2,3237000,1779281757.436800
approach5_skyhost_run2,3238000,1779281757.438551
approach5_skyhost_run2,3239000,1779281757.440293
approach5_skyhost_run2,3240000,1779281757.448593
approach5_skyhost_run2,3241000,1779281757.502513
approach5_skyhost_run2,3242000,1779281757.504241
approach5_skyhost_run2,3243000,1779281757.506001
approach5_skyhost_run2,3244000,1779281757.507750
approach5_skyhost_run2,3245000,1779281757.514180
approach5_skyhost_run2,3246000,1779281757.615736
approach5_skyhost_run2,3247000,1779281757.617475
approach5_skyhost_run2,3248000,1779281757.619234
approach5_skyhost_run2,3249000,1779281757.620986
approach5_skyhost_run2,3250000,1779281757.640671
approach5_skyhost_run2,3251000,1779281757.706612
approach5_skyhost_run2,3252000,1779281757.708343
approach5_skyhost_run2,3253000,1779281757.710079
approach5_skyhost_run2,3254000,1779281757.711837
approach5_skyhost_run2,3255000,1779281757.722873
approach5_skyhost_run2,3256000,1779281757.808230
approach5_skyhost_run2,3257000,1779281757.809967
approach5_skyhost_run2,3258000,1779281757.811722
approach5_skyhost_run2,3259000,1779281757.813473
approach5_skyhost_run2,3260000,1779281757.822328
approach5_skyhost_run2,3261000,1779281757.911609
approach5_skyhost_run2,3262000,1779281757.913349
approach5_skyhost_run2,3263000,1779281757.915139
approach5_skyhost_run2,3264000,1779281757.916894
approach5_skyhost_run2,3265000,1779281757.924732
approach5_skyhost_run2,3266000,1779281758.014062
approach5_skyhost_run2,3267000,1779281758.015840
approach5_skyhost_run2,3268000,1779281758.017581
approach5_skyhost_run2,3269000,1779281758.019346
approach5_skyhost_run2,3270000,1779281758.028140
approach5_skyhost_run2,3271000,1779281758.131587
approach5_skyhost_run2,3272000,1779281758.133326
approach5_skyhost_run2,3273000,1779281758.135123
approach5_skyhost_run2,3274000,1779281758.136860
approach5_skyhost_run2,3275000,1779281758.160447
approach5_skyhost_run2,3276000,1779281758.220381
approach5_skyhost_run2,3277000,1779281758.222115
approach5_skyhost_run2,3278000,1779281758.223876
approach5_skyhost_run2,3279000,1779281758.225651
approach5_skyhost_run2,3280000,1779281758.234160
approach5_skyhost_run2,3281000,1779281758.322699
approach5_skyhost_run2,3282000,1779281758.324430
approach5_skyhost_run2,3283000,1779281758.326214
approach5_skyhost_run2,3284000,1779281758.327996
approach5_skyhost_run2,3285000,1779281758.336359
approach5_skyhost_run2,3286000,1779281758.425018
approach5_skyhost_run2,3287000,1779281758.426764
approach5_skyhost_run2,3288000,1779281758.428496
approach5_skyhost_run2,3289000,1779281758.430224
approach5_skyhost_run2,3290000,1779281758.477165
approach5_skyhost_run2,3291000,1779281758.526467
approach5_skyhost_run2,3292000,1779281758.528238
approach5_skyhost_run2,3293000,1779281758.529993
approach5_skyhost_run2,3294000,1779281758.531752
approach5_skyhost_run2,3295000,1779281758.539994
approach5_skyhost_run2,3296000,1779281758.630632
approach5_skyhost_run2,3297000,1779281758.632354
approach5_skyhost_run2,3298000,1779281758.634085
approach5_skyhost_run2,3299000,1779281758.635871
approach5_skyhost_run2,3300000,1779281758.647083
approach5_skyhost_run2,3301000,1779281758.731922
approach5_skyhost_run2,3302000,1779281758.733649
approach5_skyhost_run2,3303000,1779281758.735417
approach5_skyhost_run2,3304000,1779281758.737154
approach5_skyhost_run2,3305000,1779281758.745390
approach5_skyhost_run2,3306000,1779281758.832885
approach5_skyhost_run2,3307000,1779281758.834625
approach5_skyhost_run2,3308000,1779281758.836428
approach5_skyhost_run2,3309000,1779281758.838173
approach5_skyhost_run2,3310000,1779281758.846883
approach5_skyhost_run2,3311000,1779281758.935951
approach5_skyhost_run2,3312000,1779281758.937683
approach5_skyhost_run2,3313000,1779281758.939437
approach5_skyhost_run2,3314000,1779281758.941191
approach5_skyhost_run2,3315000,1779281758.949901
approach5_skyhost_run2,3316000,1779281759.021134
approach5_skyhost_run2,3317000,1779281759.022875
approach5_skyhost_run2,3318000,1779281759.024607
approach5_skyhost_run2,3319000,1779281759.026410
approach5_skyhost_run2,3320000,1779281759.038671
approach5_skyhost_run2,3321000,1779281759.040405
approach5_skyhost_run2,3322000,1779281759.042147
approach5_skyhost_run2,3323000,1779281759.124823
approach5_skyhost_run2,3324000,1779281759.126575
approach5_skyhost_run2,3325000,1779281759.128318
approach5_skyhost_run2,3326000,1779281759.142635
approach5_skyhost_run2,3327000,1779281759.144374
approach5_skyhost_run2,3328000,1779281759.146145
approach5_skyhost_run2,3329000,1779281759.147897
approach5_skyhost_run2,3330000,1779281759.155291
approach5_skyhost_run2,3331000,1779281759.279570
approach5_skyhost_run2,3332000,1779281759.281312
approach5_skyhost_run2,3333000,1779281759.283066
approach5_skyhost_run2,3334000,1779281759.284798
approach5_skyhost_run2,3335000,1779281759.293264
approach5_skyhost_run2,3336000,1779281759.379593
approach5_skyhost_run2,3337000,1779281759.381323
approach5_skyhost_run2,3338000,1779281759.383073
approach5_skyhost_run2,3339000,1779281759.384845
approach5_skyhost_run2,3340000,1779281759.395148
approach5_skyhost_run2,3341000,1779281759.447750
approach5_skyhost_run2,3342000,1779281759.449475
approach5_skyhost_run2,3343000,1779281759.451224
approach5_skyhost_run2,3344000,1779281759.452974
approach5_skyhost_run2,3345000,1779281759.460452
approach5_skyhost_run2,3346000,1779281759.551881
approach5_skyhost_run2,3347000,1779281759.553618
approach5_skyhost_run2,3348000,1779281759.555400
approach5_skyhost_run2,3349000,1779281759.557142
approach5_skyhost_run2,3350000,1779281759.569452
approach5_skyhost_run2,3351000,1779281759.651838
approach5_skyhost_run2,3352000,1779281759.653569
approach5_skyhost_run2,3353000,1779281759.655347
approach5_skyhost_run2,3354000,1779281759.657092
approach5_skyhost_run2,3355000,1779281759.665511
approach5_skyhost_run2,3356000,1779281759.794156
approach5_skyhost_run2,3357000,1779281759.795937
approach5_skyhost_run2,3358000,1779281759.797695
approach5_skyhost_run2,3359000,1779281759.799461
approach5_skyhost_run2,3360000,1779281759.807512
approach5_skyhost_run2,3361000,1779281759.858959
approach5_skyhost_run2,3362000,1779281759.860697
approach5_skyhost_run2,3363000,1779281759.862460
approach5_skyhost_run2,3364000,1779281759.864212
approach5_skyhost_run2,3365000,1779281759.871829
approach5_skyhost_run2,3366000,1779281759.903290
approach5_skyhost_run2,3367000,1779281759.905054
approach5_skyhost_run2,3368000,1779281759.906819
approach5_skyhost_run2,3369000,1779281759.908580
approach5_skyhost_run2,3370000,1779281759.923911
approach5_skyhost_run2,3371000,1779281759.925706
approach5_skyhost_run2,3372000,1779281759.927459
approach5_skyhost_run2,3373000,1779281760.013831
approach5_skyhost_run2,3374000,1779281760.015604
approach5_skyhost_run2,3375000,1779281760.017355
approach5_skyhost_run2,3376000,1779281760.067824
approach5_skyhost_run2,3377000,1779281760.069552
approach5_skyhost_run2,3378000,1779281760.071302
approach5_skyhost_run2,3379000,1779281760.073041
approach5_skyhost_run2,3380000,1779281760.081979
approach5_skyhost_run2,3381000,1779281760.202175
approach5_skyhost_run2,3382000,1779281760.203921
approach5_skyhost_run2,3383000,1779281760.205698
approach5_skyhost_run2,3384000,1779281760.207465
approach5_skyhost_run2,3385000,1779281760.217744
approach5_skyhost_run2,3386000,1779281760.308117
approach5_skyhost_run2,3387000,1779281760.311441
approach5_skyhost_run2,3388000,1779281760.313181
approach5_skyhost_run2,3389000,1779281760.314959
approach5_skyhost_run2,3390000,1779281760.316696
approach5_skyhost_run2,3391000,1779281760.318444
approach5_skyhost_run2,3392000,1779281760.320437
approach5_skyhost_run2,3393000,1779281760.322180
approach5_skyhost_run2,3394000,1779281760.323944
approach5_skyhost_run2,3395000,1779281760.330238
approach5_skyhost_run2,3396000,1779281760.331987
approach5_skyhost_run2,3397000,1779281760.333722
approach5_skyhost_run2,3398000,1779281760.416150
approach5_skyhost_run2,3399000,1779281760.417894
approach5_skyhost_run2,3400000,1779281760.419654
approach5_skyhost_run2,3401000,1779281760.475107
approach5_skyhost_run2,3402000,1779281760.476831
approach5_skyhost_run2,3403000,1779281760.478579
approach5_skyhost_run2,3404000,1779281760.480326
approach5_skyhost_run2,3405000,1779281760.487844
approach5_skyhost_run2,3406000,1779281760.577592
approach5_skyhost_run2,3407000,1779281760.579346
approach5_skyhost_run2,3408000,1779281760.581088
approach5_skyhost_run2,3409000,1779281760.582855
approach5_skyhost_run2,3410000,1779281760.592065
approach5_skyhost_run2,3411000,1779281760.678216
approach5_skyhost_run2,3412000,1779281760.679960
approach5_skyhost_run2,3413000,1779281760.681701
approach5_skyhost_run2,3414000,1779281760.683458
approach5_skyhost_run2,3415000,1779281760.692127
approach5_skyhost_run2,3416000,1779281760.778265
approach5_skyhost_run2,3417000,1779281760.779998
approach5_skyhost_run2,3418000,1779281760.781782
approach5_skyhost_run2,3419000,1779281760.783553
approach5_skyhost_run2,3420000,1779281760.793359
approach5_skyhost_run2,3421000,1779281760.882913
approach5_skyhost_run2,3422000,1779281760.884640
approach5_skyhost_run2,3423000,1779281760.886416
approach5_skyhost_run2,3424000,1779281760.888166
approach5_skyhost_run2,3425000,1779281760.895960
approach5_skyhost_run2,3426000,1779281760.984805
approach5_skyhost_run2,3427000,1779281760.986577
approach5_skyhost_run2,3428000,1779281760.988318
approach5_skyhost_run2,3429000,1779281760.990067
approach5_skyhost_run2,3430000,1779281760.999888
approach5_skyhost_run2,3431000,1779281761.086552
approach5_skyhost_run2,3432000,1779281761.088300
approach5_skyhost_run2,3433000,1779281761.101099
approach5_skyhost_run2,3434000,1779281761.102867
approach5_skyhost_run2,3435000,1779281761.104612
approach5_skyhost_run2,3436000,1779281761.190762
approach5_skyhost_run2,3437000,1779281761.192499
approach5_skyhost_run2,3438000,1779281761.194244
approach5_skyhost_run2,3439000,1779281761.196030
approach5_skyhost_run2,3440000,1779281761.244143
approach5_skyhost_run2,3441000,1779281761.293557
approach5_skyhost_run2,3442000,1779281761.295329
approach5_skyhost_run2,3443000,1779281761.297062
approach5_skyhost_run2,3444000,1779281761.298825
approach5_skyhost_run2,3445000,1779281761.308237
approach5_skyhost_run2,3446000,1779281761.395703
approach5_skyhost_run2,3447000,1779281761.397438
approach5_skyhost_run2,3448000,1779281761.399189
approach5_skyhost_run2,3449000,1779281761.400937
approach5_skyhost_run2,3450000,1779281761.409322
approach5_skyhost_run2,3451000,1779281761.510153
approach5_skyhost_run2,3452000,1779281761.511889
approach5_skyhost_run2,3453000,1779281761.513628
approach5_skyhost_run2,3454000,1779281761.515457
approach5_skyhost_run2,3455000,1779281761.523208
approach5_skyhost_run2,3456000,1779281761.600738
approach5_skyhost_run2,3457000,1779281761.602495
approach5_skyhost_run2,3458000,1779281761.604241
approach5_skyhost_run2,3459000,1779281761.606032
approach5_skyhost_run2,3460000,1779281761.613241
approach5_skyhost_run2,3461000,1779281761.702958
approach5_skyhost_run2,3462000,1779281761.704690
approach5_skyhost_run2,3463000,1779281761.706466
approach5_skyhost_run2,3464000,1779281761.708222
approach5_skyhost_run2,3465000,1779281761.753822
approach5_skyhost_run2,3466000,1779281761.804907
approach5_skyhost_run2,3467000,1779281761.806659
approach5_skyhost_run2,3468000,1779281761.808402
approach5_skyhost_run2,3469000,1779281761.810161
approach5_skyhost_run2,3470000,1779281761.818732
approach5_skyhost_run2,3471000,1779281761.905816
approach5_skyhost_run2,3472000,1779281761.907579
approach5_skyhost_run2,3473000,1779281761.909340
approach5_skyhost_run2,3474000,1779281761.911111
approach5_skyhost_run2,3475000,1779281761.920995
approach5_skyhost_run2,3476000,1779281762.008911
approach5_skyhost_run2,3477000,1779281762.010659
approach5_skyhost_run2,3478000,1779281762.012398
approach5_skyhost_run2,3479000,1779281762.014142
approach5_skyhost_run2,3480000,1779281762.022949
approach5_skyhost_run2,3481000,1779281762.149148
approach5_skyhost_run2,3482000,1779281762.150920
approach5_skyhost_run2,3483000,1779281762.152670
approach5_skyhost_run2,3484000,1779281762.154441
approach5_skyhost_run2,3485000,1779281762.163539
approach5_skyhost_run2,3486000,1779281762.215126
approach5_skyhost_run2,3487000,1779281762.216866
approach5_skyhost_run2,3488000,1779281762.218620
approach5_skyhost_run2,3489000,1779281762.220373
approach5_skyhost_run2,3490000,1779281762.228382
approach5_skyhost_run2,3491000,1779281762.306331
approach5_skyhost_run2,3492000,1779281762.308066
approach5_skyhost_run2,3493000,1779281762.309809
approach5_skyhost_run2,3494000,1779281762.311573
approach5_skyhost_run2,3495000,1779281762.327180
approach5_skyhost_run2,3496000,1779281762.328911
approach5_skyhost_run2,3497000,1779281762.330702
approach5_skyhost_run2,3498000,1779281762.417020
approach5_skyhost_run2,3499000,1779281762.418768
approach5_skyhost_run2,3500000,1779281762.420573
approach5_skyhost_run2,3501000,1779281762.423171
approach5_skyhost_run2,3502000,1779281762.424937
approach5_skyhost_run2,3503000,1779281762.426698
approach5_skyhost_run2,3504000,1779281762.428455
approach5_skyhost_run2,3505000,1779281762.436520
approach5_skyhost_run2,3506000,1779281762.465889
approach5_skyhost_run2,3507000,1779281762.467642
approach5_skyhost_run2,3508000,1779281762.469395
approach5_skyhost_run2,3509000,1779281762.471166
approach5_skyhost_run2,3510000,1779281762.485108
approach5_skyhost_run2,3511000,1779281762.486862
approach5_skyhost_run2,3512000,1779281762.488608
approach5_skyhost_run2,3513000,1779281762.575429
approach5_skyhost_run2,3514000,1779281762.577168
approach5_skyhost_run2,3515000,1779281762.578923
approach5_skyhost_run2,3516000,1779281762.660549
approach5_skyhost_run2,3517000,1779281762.662291
approach5_skyhost_run2,3518000,1779281762.664051
approach5_skyhost_run2,3519000,1779281762.665837
approach5_skyhost_run2,3520000,1779281762.675189
approach5_skyhost_run2,3521000,1779281762.727184
approach5_skyhost_run2,3522000,1779281762.728932
approach5_skyhost_run2,3523000,1779281762.730692
approach5_skyhost_run2,3524000,1779281762.732433
approach5_skyhost_run2,3525000,1779281762.742055
approach5_skyhost_run2,3526000,1779281762.829841
approach5_skyhost_run2,3527000,1779281762.831599
approach5_skyhost_run2,3528000,1779281762.833341
approach5_skyhost_run2,3529000,1779281762.835134
approach5_skyhost_run2,3530000,1779281762.845000
approach5_skyhost_run2,3531000,1779281762.930799
approach5_skyhost_run2,3532000,1779281762.932528
approach5_skyhost_run2,3533000,1779281762.934273
approach5_skyhost_run2,3534000,1779281762.936084
approach5_skyhost_run2,3535000,1779281762.945984
approach5_skyhost_run2,3536000,1779281763.035346
approach5_skyhost_run2,3537000,1779281763.037087
approach5_skyhost_run2,3538000,1779281763.038844
approach5_skyhost_run2,3539000,1779281763.040592
approach5_skyhost_run2,3540000,1779281763.046811
approach5_skyhost_run2,3541000,1779281763.139252
approach5_skyhost_run2,3542000,1779281763.140990
approach5_skyhost_run2,3543000,1779281763.142748
approach5_skyhost_run2,3544000,1779281763.144537
approach5_skyhost_run2,3545000,1779281763.155016
approach5_skyhost_run2,3546000,1779281763.239303
approach5_skyhost_run2,3547000,1779281763.241031
approach5_skyhost_run2,3548000,1779281763.242778
approach5_skyhost_run2,3549000,1779281763.244533
approach5_skyhost_run2,3550000,1779281763.255751
approach5_skyhost_run2,3551000,1779281763.341697
approach5_skyhost_run2,3552000,1779281763.343444
approach5_skyhost_run2,3553000,1779281763.345207
approach5_skyhost_run2,3554000,1779281763.346967
approach5_skyhost_run2,3555000,1779281763.356642
approach5_skyhost_run2,3556000,1779281763.443465
approach5_skyhost_run2,3557000,1779281763.445228
approach5_skyhost_run2,3558000,1779281763.446976
approach5_skyhost_run2,3559000,1779281763.448717
approach5_skyhost_run2,3560000,1779281763.496533
approach5_skyhost_run2,3561000,1779281763.547358
approach5_skyhost_run2,3562000,1779281763.549093
approach5_skyhost_run2,3563000,1779281763.550857
approach5_skyhost_run2,3564000,1779281763.552607
approach5_skyhost_run2,3565000,1779281763.560374
approach5_skyhost_run2,3566000,1779281763.648205
approach5_skyhost_run2,3567000,1779281763.649941
approach5_skyhost_run2,3568000,1779281763.651693
approach5_skyhost_run2,3569000,1779281763.653439
approach5_skyhost_run2,3570000,1779281763.663041
approach5_skyhost_run2,3571000,1779281763.753518
approach5_skyhost_run2,3572000,1779281763.755287
approach5_skyhost_run2,3573000,1779281763.757023
approach5_skyhost_run2,3574000,1779281763.758782
approach5_skyhost_run2,3575000,1779281763.766382
approach5_skyhost_run2,3576000,1779281763.853300
approach5_skyhost_run2,3577000,1779281763.855072
approach5_skyhost_run2,3578000,1779281763.856815
approach5_skyhost_run2,3579000,1779281763.858577
approach5_skyhost_run2,3580000,1779281763.869029
approach5_skyhost_run2,3581000,1779281763.897672
approach5_skyhost_run2,3582000,1779281763.899442
approach5_skyhost_run2,3583000,1779281763.901200
approach5_skyhost_run2,3584000,1779281763.902962
approach5_skyhost_run2,3585000,1779281763.958737
approach5_skyhost_run2,3586000,1779281763.960508
approach5_skyhost_run2,3587000,1779281763.962290
approach5_skyhost_run2,3588000,1779281764.002226
approach5_skyhost_run2,3589000,1779281764.003976
approach5_skyhost_run2,3590000,1779281764.005755
approach5_skyhost_run2,3591000,1779281764.043920
approach5_skyhost_run2,3592000,1779281764.045707
approach5_skyhost_run2,3593000,1779281764.047473
approach5_skyhost_run2,3594000,1779281764.049236
approach5_skyhost_run2,3595000,1779281764.060204
approach5_skyhost_run2,3596000,1779281764.061952
approach5_skyhost_run2,3597000,1779281764.063733
approach5_skyhost_run2,3598000,1779281764.144243
approach5_skyhost_run2,3599000,1779281764.146021
approach5_skyhost_run2,3600000,1779281764.147785
approach5_skyhost_run2,3601000,1779281764.164386
approach5_skyhost_run2,3602000,1779281764.166140
approach5_skyhost_run2,3603000,1779281764.167888
approach5_skyhost_run2,3604000,1779281764.169619
approach5_skyhost_run2,3605000,1779281764.176698
approach5_skyhost_run2,3606000,1779281764.255300
approach5_skyhost_run2,3607000,1779281764.257101
approach5_skyhost_run2,3608000,1779281764.258890
approach5_skyhost_run2,3609000,1779281764.260660
approach5_skyhost_run2,3610000,1779281764.273507
approach5_skyhost_run2,3611000,1779281764.275269
approach5_skyhost_run2,3612000,1779281764.277011
approach5_skyhost_run2,3613000,1779281764.358727
approach5_skyhost_run2,3614000,1779281764.360475
approach5_skyhost_run2,3615000,1779281764.362231
approach5_skyhost_run2,3616000,1779281764.371244
approach5_skyhost_run2,3617000,1779281764.372980
approach5_skyhost_run2,3618000,1779281764.374731
approach5_skyhost_run2,3619000,1779281764.376535
approach5_skyhost_run2,3620000,1779281764.420325
approach5_skyhost_run2,3621000,1779281764.472016
approach5_skyhost_run2,3622000,1779281764.473744
approach5_skyhost_run2,3623000,1779281764.475538
approach5_skyhost_run2,3624000,1779281764.477288
approach5_skyhost_run2,3625000,1779281764.485979
approach5_skyhost_run2,3626000,1779281764.553142
approach5_skyhost_run2,3627000,1779281764.554921
approach5_skyhost_run2,3628000,1779281764.556683
approach5_skyhost_run2,3629000,1779281764.558463
approach5_skyhost_run2,3630000,1779281764.572461
approach5_skyhost_run2,3631000,1779281764.574206
approach5_skyhost_run2,3632000,1779281764.575993
approach5_skyhost_run2,3633000,1779281764.657054
approach5_skyhost_run2,3634000,1779281764.658811
approach5_skyhost_run2,3635000,1779281764.660563
approach5_skyhost_run2,3636000,1779281764.677699
approach5_skyhost_run2,3637000,1779281764.679452
approach5_skyhost_run2,3638000,1779281764.681203
approach5_skyhost_run2,3639000,1779281764.682972
approach5_skyhost_run2,3640000,1779281764.692188
approach5_skyhost_run2,3641000,1779281764.781448
approach5_skyhost_run2,3642000,1779281764.783195
approach5_skyhost_run2,3643000,1779281764.784962
approach5_skyhost_run2,3644000,1779281764.786727
approach5_skyhost_run2,3645000,1779281764.795566
approach5_skyhost_run2,3646000,1779281764.824877
approach5_skyhost_run2,3647000,1779281764.826640
approach5_skyhost_run2,3648000,1779281764.828399
approach5_skyhost_run2,3649000,1779281764.830162
approach5_skyhost_run2,3650000,1779281764.842838
approach5_skyhost_run2,3651000,1779281764.844577
approach5_skyhost_run2,3652000,1779281764.846351
approach5_skyhost_run2,3653000,1779281764.927824
approach5_skyhost_run2,3654000,1779281764.929562
approach5_skyhost_run2,3655000,1779281764.931325
approach5_skyhost_run2,3656000,1779281764.984483
approach5_skyhost_run2,3657000,1779281764.986242
approach5_skyhost_run2,3658000,1779281764.987997
approach5_skyhost_run2,3659000,1779281764.989754
approach5_skyhost_run2,3660000,1779281764.999769
approach5_skyhost_run2,3661000,1779281765.028709
approach5_skyhost_run2,3662000,1779281765.030456
approach5_skyhost_run2,3663000,1779281765.032198
approach5_skyhost_run2,3664000,1779281765.033942
approach5_skyhost_run2,3665000,1779281765.047821
approach5_skyhost_run2,3666000,1779281765.049559
approach5_skyhost_run2,3667000,1779281765.051308
approach5_skyhost_run2,3668000,1779281765.132997
approach5_skyhost_run2,3669000,1779281765.134754
approach5_skyhost_run2,3670000,1779281765.136569
approach5_skyhost_run2,3671000,1779281765.194552
approach5_skyhost_run2,3672000,1779281765.196311
approach5_skyhost_run2,3673000,1779281765.198063
approach5_skyhost_run2,3674000,1779281765.199828
approach5_skyhost_run2,3675000,1779281765.210547
approach5_skyhost_run2,3676000,1779281765.295185
approach5_skyhost_run2,3677000,1779281765.296910
approach5_skyhost_run2,3678000,1779281765.298653
approach5_skyhost_run2,3679000,1779281765.300405
approach5_skyhost_run2,3680000,1779281765.308084
approach5_skyhost_run2,3681000,1779281765.339917
approach5_skyhost_run2,3682000,1779281765.341647
approach5_skyhost_run2,3683000,1779281765.343404
approach5_skyhost_run2,3684000,1779281765.345180
approach5_skyhost_run2,3685000,1779281765.359339
approach5_skyhost_run2,3686000,1779281765.361087
approach5_skyhost_run2,3687000,1779281765.362846
approach5_skyhost_run2,3688000,1779281765.440349
approach5_skyhost_run2,3689000,1779281765.442079
approach5_skyhost_run2,3690000,1779281765.443861
approach5_skyhost_run2,3691000,1779281765.445959
approach5_skyhost_run2,3692000,1779281765.447713
approach5_skyhost_run2,3693000,1779281765.449454
approach5_skyhost_run2,3694000,1779281765.451210
approach5_skyhost_run2,3695000,1779281765.460922
approach5_skyhost_run2,3696000,1779281765.462663
approach5_skyhost_run2,3697000,1779281765.464411
approach5_skyhost_run2,3698000,1779281765.551907
approach5_skyhost_run2,3699000,1779281765.553641
approach5_skyhost_run2,3700000,1779281765.555428
approach5_skyhost_run2,3701000,1779281765.602669
approach5_skyhost_run2,3702000,1779281765.604404
approach5_skyhost_run2,3703000,1779281765.606168
approach5_skyhost_run2,3704000,1779281765.607936
approach5_skyhost_run2,3705000,1779281765.615394
approach5_skyhost_run2,3706000,1779281765.683684
approach5_skyhost_run2,3707000,1779281765.685447
approach5_skyhost_run2,3708000,1779281765.687204
approach5_skyhost_run2,3709000,1779281765.688954
approach5_skyhost_run2,3710000,1779281765.700681
approach5_skyhost_run2,3711000,1779281765.702423
approach5_skyhost_run2,3712000,1779281765.704161
approach5_skyhost_run2,3713000,1779281765.787839
approach5_skyhost_run2,3714000,1779281765.789582
approach5_skyhost_run2,3715000,1779281765.791334
approach5_skyhost_run2,3716000,1779281765.816761
approach5_skyhost_run2,3717000,1779281765.818511
approach5_skyhost_run2,3718000,1779281765.820257
approach5_skyhost_run2,3719000,1779281765.822003
approach5_skyhost_run2,3720000,1779281765.831221
approach5_skyhost_run2,3721000,1779281765.908394
approach5_skyhost_run2,3722000,1779281765.910145
approach5_skyhost_run2,3723000,1779281765.911914
approach5_skyhost_run2,3724000,1779281765.913681
approach5_skyhost_run2,3725000,1779281766.497610
approach5_skyhost_run2,3726000,1779281766.499352
approach5_skyhost_run2,3727000,1779281766.501082
approach5_skyhost_run2,3728000,1779281766.502844
approach5_skyhost_run2,3729000,1779281766.511436
approach5_skyhost_run2,3730000,1779281766.600579
approach5_skyhost_run2,3731000,1779281766.602327
approach5_skyhost_run2,3732000,1779281766.604072
approach5_skyhost_run2,3733000,1779281766.605896
approach5_skyhost_run2,3734000,1779281766.614210
approach5_skyhost_run2,3735000,1779281766.702775
approach5_skyhost_run2,3736000,1779281766.704515
approach5_skyhost_run2,3737000,1779281766.706276
approach5_skyhost_run2,3738000,1779281766.708032
approach5_skyhost_run2,3739000,1779281766.719249
approach5_skyhost_run2,3740000,1779281766.804610
approach5_skyhost_run2,3741000,1779281766.806389
approach5_skyhost_run2,3742000,1779281766.808142
approach5_skyhost_run2,3743000,1779281766.809905
approach5_skyhost_run2,3744000,1779281766.817442
approach5_skyhost_run2,3745000,1779281766.944884
approach5_skyhost_run2,3746000,1779281766.946637
approach5_skyhost_run2,3747000,1779281766.948380
approach5_skyhost_run2,3748000,1779281766.950115
approach5_skyhost_run2,3749000,1779281766.956962
approach5_skyhost_run2,3750000,1779281767.044987
approach5_skyhost_run2,3751000,1779281767.046733
approach5_skyhost_run2,3752000,1779281767.048478
approach5_skyhost_run2,3753000,1779281767.050271
approach5_skyhost_run2,3754000,1779281767.052905
approach5_skyhost_run2,3755000,1779281767.054666
approach5_skyhost_run2,3756000,1779281767.056443
approach5_skyhost_run2,3757000,1779281767.058401
approach5_skyhost_run2,3758000,1779281767.060159
approach5_skyhost_run2,3759000,1779281767.070640
approach5_skyhost_run2,3760000,1779281767.072388
approach5_skyhost_run2,3761000,1779281767.074121
approach5_skyhost_run2,3762000,1779281767.075908
approach5_skyhost_run2,3763000,1779281767.157891
approach5_skyhost_run2,3764000,1779281767.159652
approach5_skyhost_run2,3765000,1779281767.248471
approach5_skyhost_run2,3766000,1779281767.250209
approach5_skyhost_run2,3767000,1779281767.251957
approach5_skyhost_run2,3768000,1779281767.253702
approach5_skyhost_run2,3769000,1779281767.261590
approach5_skyhost_run2,3770000,1779281767.313577
approach5_skyhost_run2,3771000,1779281767.315355
approach5_skyhost_run2,3772000,1779281767.317105
approach5_skyhost_run2,3773000,1779281767.318880
approach5_skyhost_run2,3774000,1779281767.329689
approach5_skyhost_run2,3775000,1779281767.555511
approach5_skyhost_run2,3776000,1779281767.557261
approach5_skyhost_run2,3777000,1779281767.559033
approach5_skyhost_run2,3778000,1779281767.560786
approach5_skyhost_run2,3779000,1779281767.569026
approach5_skyhost_run2,3780000,1779281767.621784
approach5_skyhost_run2,3781000,1779281767.623537
approach5_skyhost_run2,3782000,1779281767.625306
approach5_skyhost_run2,3783000,1779281767.627069
approach5_skyhost_run2,3784000,1779281767.644226
approach5_skyhost_run2,3785000,1779281767.668378
approach5_skyhost_run2,3786000,1779281767.670118
approach5_skyhost_run2,3787000,1779281767.671894
approach5_skyhost_run2,3788000,1779281767.673652
approach5_skyhost_run2,3789000,1779281767.703727
approach5_skyhost_run2,3790000,1779281767.705493
approach5_skyhost_run2,3791000,1779281767.707259
approach5_skyhost_run2,3792000,1779281767.709013
approach5_skyhost_run2,3793000,1779281767.789650
approach5_skyhost_run2,3794000,1779281767.791405
approach5_skyhost_run2,3795000,1779281767.829036
approach5_skyhost_run2,3796000,1779281767.830854
approach5_skyhost_run2,3797000,1779281767.832633
approach5_skyhost_run2,3798000,1779281767.834417
approach5_skyhost_run2,3799000,1779281767.841457
approach5_skyhost_run2,3800000,1779281767.928044
approach5_skyhost_run2,3801000,1779281767.929778
approach5_skyhost_run2,3802000,1779281767.931528
approach5_skyhost_run2,3803000,1779281767.933279
approach5_skyhost_run2,3804000,1779281767.943407
approach5_skyhost_run2,3805000,1779281768.030472
approach5_skyhost_run2,3806000,1779281768.032200
approach5_skyhost_run2,3807000,1779281768.033933
approach5_skyhost_run2,3808000,1779281768.035719
approach5_skyhost_run2,3809000,1779281768.048064
approach5_skyhost_run2,3810000,1779281768.134241
approach5_skyhost_run2,3811000,1779281768.136000
approach5_skyhost_run2,3812000,1779281768.137749
approach5_skyhost_run2,3813000,1779281768.139512
approach5_skyhost_run2,3814000,1779281768.149648
approach5_skyhost_run2,3815000,1779281768.237848
approach5_skyhost_run2,3816000,1779281768.239589
approach5_skyhost_run2,3817000,1779281768.241328
approach5_skyhost_run2,3818000,1779281768.243092
approach5_skyhost_run2,3819000,1779281768.288141
approach5_skyhost_run2,3820000,1779281768.377786
approach5_skyhost_run2,3821000,1779281768.379526
approach5_skyhost_run2,3822000,1779281768.381259
approach5_skyhost_run2,3823000,1779281768.383022
approach5_skyhost_run2,3824000,1779281768.390067
approach5_skyhost_run2,3825000,1779281768.441814
approach5_skyhost_run2,3826000,1779281768.443548
approach5_skyhost_run2,3827000,1779281768.445308
approach5_skyhost_run2,3828000,1779281768.447058
approach5_skyhost_run2,3829000,1779281768.456257
approach5_skyhost_run2,3830000,1779281768.543696
approach5_skyhost_run2,3831000,1779281768.545462
approach5_skyhost_run2,3832000,1779281768.547230
approach5_skyhost_run2,3833000,1779281768.548991
approach5_skyhost_run2,3834000,1779281768.557490
approach5_skyhost_run2,3835000,1779281768.649653
approach5_skyhost_run2,3836000,1779281768.651408
approach5_skyhost_run2,3837000,1779281768.653154
approach5_skyhost_run2,3838000,1779281768.654946
approach5_skyhost_run2,3839000,1779281768.661927
approach5_skyhost_run2,3840000,1779281768.793686
approach5_skyhost_run2,3841000,1779281768.797221
approach5_skyhost_run2,3842000,1779281768.798982
approach5_skyhost_run2,3843000,1779281768.800719
approach5_skyhost_run2,3844000,1779281768.802458
approach5_skyhost_run2,3845000,1779281768.804186
approach5_skyhost_run2,3846000,1779281768.805947
approach5_skyhost_run2,3847000,1779281768.807711
approach5_skyhost_run2,3848000,1779281768.812550
approach5_skyhost_run2,3849000,1779281768.814290
approach5_skyhost_run2,3850000,1779281768.816075
approach5_skyhost_run2,3851000,1779281768.817830
approach5_skyhost_run2,3852000,1779281768.823859
approach5_skyhost_run2,3853000,1779281768.898942
approach5_skyhost_run2,3854000,1779281768.900689
approach5_skyhost_run2,3855000,1779281768.957148
approach5_skyhost_run2,3856000,1779281768.958889
approach5_skyhost_run2,3857000,1779281768.960622
approach5_skyhost_run2,3858000,1779281768.962379
approach5_skyhost_run2,3859000,1779281768.970771
approach5_skyhost_run2,3860000,1779281769.058603
approach5_skyhost_run2,3861000,1779281769.060336
approach5_skyhost_run2,3862000,1779281769.062076
approach5_skyhost_run2,3863000,1779281769.063841
approach5_skyhost_run2,3864000,1779281769.072660
approach5_skyhost_run2,3865000,1779281769.203380
approach5_skyhost_run2,3866000,1779281769.205225
approach5_skyhost_run2,3867000,1779281769.208314
approach5_skyhost_run2,3868000,1779281769.210057
approach5_skyhost_run2,3869000,1779281769.211808
approach5_skyhost_run2,3870000,1779281769.213539
approach5_skyhost_run2,3871000,1779281769.215326
approach5_skyhost_run2,3872000,1779281769.217263
approach5_skyhost_run2,3873000,1779281769.219238
approach5_skyhost_run2,3874000,1779281769.224391
approach5_skyhost_run2,3875000,1779281769.226166
approach5_skyhost_run2,3876000,1779281769.227915
approach5_skyhost_run2,3877000,1779281769.229660
approach5_skyhost_run2,3878000,1779281769.312707
approach5_skyhost_run2,3879000,1779281769.314462
approach5_skyhost_run2,3880000,1779281769.405710
approach5_skyhost_run2,3881000,1779281769.407454
approach5_skyhost_run2,3882000,1779281769.409194
approach5_skyhost_run2,3883000,1779281769.410960
approach5_skyhost_run2,3884000,1779281769.418700
approach5_skyhost_run2,3885000,1779281769.469925
approach5_skyhost_run2,3886000,1779281769.471662
approach5_skyhost_run2,3887000,1779281769.473400
approach5_skyhost_run2,3888000,1779281769.475192
approach5_skyhost_run2,3889000,1779281769.482170
approach5_skyhost_run2,3890000,1779281769.572980
approach5_skyhost_run2,3891000,1779281769.574721
approach5_skyhost_run2,3892000,1779281769.576487
approach5_skyhost_run2,3893000,1779281769.578232
approach5_skyhost_run2,3894000,1779281769.587808
approach5_skyhost_run2,3895000,1779281769.618000
approach5_skyhost_run2,3896000,1779281769.619751
approach5_skyhost_run2,3897000,1779281769.621497
approach5_skyhost_run2,3898000,1779281769.623262
approach5_skyhost_run2,3899000,1779281769.677348
approach5_skyhost_run2,3900000,1779281769.679094
approach5_skyhost_run2,3901000,1779281769.680827
approach5_skyhost_run2,3902000,1779281769.682577
approach5_skyhost_run2,3903000,1779281769.755627
approach5_skyhost_run2,3904000,1779281769.757368
approach5_skyhost_run2,3905000,1779281769.759135
approach5_skyhost_run2,3906000,1779281769.760893
approach5_skyhost_run2,3907000,1779281769.768873
approach5_skyhost_run2,3908000,1779281769.770676
approach5_skyhost_run2,3909000,1779281769.773057
approach5_skyhost_run2,3910000,1779281769.774837
approach5_skyhost_run2,3911000,1779281769.776587
approach5_skyhost_run2,3912000,1779281769.778350
approach5_skyhost_run2,3913000,1779281769.860422
approach5_skyhost_run2,3914000,1779281769.862170
approach5_skyhost_run2,3915000,1779281769.880125
approach5_skyhost_run2,3916000,1779281769.881850
approach5_skyhost_run2,3917000,1779281769.883599
approach5_skyhost_run2,3918000,1779281769.885371
approach5_skyhost_run2,3919000,1779281769.895396
approach5_skyhost_run2,3920000,1779281769.983405
approach5_skyhost_run2,3921000,1779281769.985162
approach5_skyhost_run2,3922000,1779281769.986949
approach5_skyhost_run2,3923000,1779281769.988706
approach5_skyhost_run2,3924000,1779281769.996915
approach5_skyhost_run2,3925000,1779281770.086033
approach5_skyhost_run2,3926000,1779281770.087768
approach5_skyhost_run2,3927000,1779281770.089500
approach5_skyhost_run2,3928000,1779281770.091261
approach5_skyhost_run2,3929000,1779281770.100037
approach5_skyhost_run2,3930000,1779281770.186854
approach5_skyhost_run2,3931000,1779281770.188578
approach5_skyhost_run2,3932000,1779281770.190312
approach5_skyhost_run2,3933000,1779281770.192057
approach5_skyhost_run2,3934000,1779281770.202076
approach5_skyhost_run2,3935000,1779281770.291094
approach5_skyhost_run2,3936000,1779281770.292833
approach5_skyhost_run2,3937000,1779281770.294574
approach5_skyhost_run2,3938000,1779281770.296374
approach5_skyhost_run2,3939000,1779281770.304547
approach5_skyhost_run2,3940000,1779281770.393242
approach5_skyhost_run2,3941000,1779281770.395013
approach5_skyhost_run2,3942000,1779281770.396748
approach5_skyhost_run2,3943000,1779281770.398504
approach5_skyhost_run2,3944000,1779281770.406440
approach5_skyhost_run2,3945000,1779281770.494956
approach5_skyhost_run2,3946000,1779281770.496690
approach5_skyhost_run2,3947000,1779281770.498435
approach5_skyhost_run2,3948000,1779281770.500181
approach5_skyhost_run2,3949000,1779281770.508935
approach5_skyhost_run2,3950000,1779281770.597435
approach5_skyhost_run2,3951000,1779281770.599196
approach5_skyhost_run2,3952000,1779281770.600948
approach5_skyhost_run2,3953000,1779281770.602727
approach5_skyhost_run2,3954000,1779281770.614781
approach5_skyhost_run2,3955000,1779281770.700207
approach5_skyhost_run2,3956000,1779281770.701948
approach5_skyhost_run2,3957000,1779281770.703710
approach5_skyhost_run2,3958000,1779281770.705498
approach5_skyhost_run2,3959000,1779281770.713850
approach5_skyhost_run2,3960000,1779281770.803846
approach5_skyhost_run2,3961000,1779281770.805618
approach5_skyhost_run2,3962000,1779281770.807384
approach5_skyhost_run2,3963000,1779281770.809143
approach5_skyhost_run2,3964000,1779281770.854785
approach5_skyhost_run2,3965000,1779281770.905598
approach5_skyhost_run2,3966000,1779281770.907352
approach5_skyhost_run2,3967000,1779281770.909086
approach5_skyhost_run2,3968000,1779281770.910846
approach5_skyhost_run2,3969000,1779281770.919511
approach5_skyhost_run2,3970000,1779281771.007103
approach5_skyhost_run2,3971000,1779281771.008837
approach5_skyhost_run2,3972000,1779281771.010592
approach5_skyhost_run2,3973000,1779281771.012352
approach5_skyhost_run2,3974000,1779281771.020842
approach5_skyhost_run2,3975000,1779281771.110261
approach5_skyhost_run2,3976000,1779281771.112013
approach5_skyhost_run2,3977000,1779281771.113756
approach5_skyhost_run2,3978000,1779281771.115554
approach5_skyhost_run2,3979000,1779281771.123890
approach5_skyhost_run2,3980000,1779281771.250807
approach5_skyhost_run2,3981000,1779281771.252549
approach5_skyhost_run2,3982000,1779281771.254337
approach5_skyhost_run2,3983000,1779281771.257028
approach5_skyhost_run2,3984000,1779281771.258778
approach5_skyhost_run2,3985000,1779281771.260562
approach5_skyhost_run2,3986000,1779281771.262552
approach5_skyhost_run2,3987000,1779281771.264294
approach5_skyhost_run2,3988000,1779281771.266065
approach5_skyhost_run2,3989000,1779281771.275334
approach5_skyhost_run2,3990000,1779281771.277080
approach5_skyhost_run2,3991000,1779281771.278844
approach5_skyhost_run2,3992000,1779281771.280601
approach5_skyhost_run2,3993000,1779281771.366970
approach5_skyhost_run2,3994000,1779281771.368718
approach5_skyhost_run2,3995000,1779281771.432142
approach5_skyhost_run2,3996000,1779281771.433878
approach5_skyhost_run2,3997000,1779281771.435658
approach5_skyhost_run2,3998000,1779281771.437410
approach5_skyhost_run2,3999000,1779281771.456857
approach5_skyhost_run2,4000000,1779281771.521374
approach5_skyhost_run2,4001000,1779281771.523162
approach5_skyhost_run2,4002000,1779281771.524931
approach5_skyhost_run2,4003000,1779281771.526705
approach5_skyhost_run2,4004000,1779281771.535448
approach5_skyhost_run2,4005000,1779281771.601218
approach5_skyhost_run2,4006000,1779281771.602973
approach5_skyhost_run2,4007000,1779281771.604712
approach5_skyhost_run2,4008000,1779281771.606497
approach5_skyhost_run2,4009000,1779281771.619460
approach5_skyhost_run2,4010000,1779281771.621196
approach5_skyhost_run2,4011000,1779281771.622942
approach5_skyhost_run2,4012000,1779281771.624684
approach5_skyhost_run2,4013000,1779281771.707440
approach5_skyhost_run2,4014000,1779281771.709217
approach5_skyhost_run2,4015000,1779281771.710978
approach5_skyhost_run2,4016000,1779281771.712734
approach5_skyhost_run2,4017000,1779281772.153375
approach5_skyhost_run2,4018000,1779281772.155156
approach5_skyhost_run2,4019000,1779281772.156903
approach5_skyhost_run2,4020000,1779281772.164622
approach5_skyhost_run2,4021000,1779281772.166400
approach5_skyhost_run2,4022000,1779281772.390423
approach5_skyhost_run2,4023000,1779281772.392163
approach5_skyhost_run2,4024000,1779281772.393916
approach5_skyhost_run2,4025000,1779281772.399439
approach5_skyhost_run2,4026000,1779281772.401205
approach5_skyhost_run2,4027000,1779281772.460137
approach5_skyhost_run2,4028000,1779281772.461877
approach5_skyhost_run2,4029000,1779281772.463640
approach5_skyhost_run2,4030000,1779281772.473282
approach5_skyhost_run2,4031000,1779281772.475064
approach5_skyhost_run2,4032000,1779281772.506287
approach5_skyhost_run2,4033000,1779281772.508036
approach5_skyhost_run2,4034000,1779281772.509779
approach5_skyhost_run2,4035000,1779281772.523685
approach5_skyhost_run2,4036000,1779281772.525432
approach5_skyhost_run2,4037000,1779281772.527177
approach5_skyhost_run2,4038000,1779281772.528915
approach5_skyhost_run2,4039000,1779281772.611138
approach5_skyhost_run2,4040000,1779281772.612886
approach5_skyhost_run2,4041000,1779281772.614653
approach5_skyhost_run2,4042000,1779281772.673197
approach5_skyhost_run2,4043000,1779281772.674973
approach5_skyhost_run2,4044000,1779281772.676716
approach5_skyhost_run2,4045000,1779281772.688680
approach5_skyhost_run2,4046000,1779281772.690434
approach5_skyhost_run2,4047000,1779281772.809064
approach5_skyhost_run2,4048000,1779281772.810856
approach5_skyhost_run2,4049000,1779281772.812619
approach5_skyhost_run2,4050000,1779281772.823117
approach5_skyhost_run2,4051000,1779281772.824884
approach5_skyhost_run2,4052000,1779281772.871516
approach5_skyhost_run2,4053000,1779281772.873252
approach5_skyhost_run2,4054000,1779281772.875033
approach5_skyhost_run2,4055000,1779281772.883594
approach5_skyhost_run2,4056000,1779281772.885366
approach5_skyhost_run2,4057000,1779281772.963941
approach5_skyhost_run2,4058000,1779281772.965698
approach5_skyhost_run2,4059000,1779281772.967448
approach5_skyhost_run2,4060000,1779281772.999063
approach5_skyhost_run2,4061000,1779281773.000801
approach5_skyhost_run2,4062000,1779281773.002553
approach5_skyhost_run2,4063000,1779281773.004268
approach5_skyhost_run2,4064000,1779281773.078574
approach5_skyhost_run2,4065000,1779281773.080312
approach5_skyhost_run2,4066000,1779281773.082050
approach5_skyhost_run2,4067000,1779281773.084130
approach5_skyhost_run2,4068000,1779281773.085986
approach5_skyhost_run2,4069000,1779281773.087742
approach5_skyhost_run2,4070000,1779281773.092984
approach5_skyhost_run2,4071000,1779281773.094748
approach5_skyhost_run2,4072000,1779281773.175549
approach5_skyhost_run2,4073000,1779281773.177289
approach5_skyhost_run2,4074000,1779281773.179044
approach5_skyhost_run2,4075000,1779281773.188751
approach5_skyhost_run2,4076000,1779281773.190518
approach5_skyhost_run2,4077000,1779281773.281606
approach5_skyhost_run2,4078000,1779281773.283365
approach5_skyhost_run2,4079000,1779281773.285140
approach5_skyhost_run2,4080000,1779281773.301262
approach5_skyhost_run2,4081000,1779281773.303019
approach5_skyhost_run2,4082000,1779281773.381831
approach5_skyhost_run2,4083000,1779281773.383578
approach5_skyhost_run2,4084000,1779281773.385350
approach5_skyhost_run2,4085000,1779281773.396009
approach5_skyhost_run2,4086000,1779281773.397756
approach5_skyhost_run2,4087000,1779281773.484383
approach5_skyhost_run2,4088000,1779281773.486143
approach5_skyhost_run2,4089000,1779281773.487906
approach5_skyhost_run2,4090000,1779281773.497148
approach5_skyhost_run2,4091000,1779281773.498904
approach5_skyhost_run2,4092000,1779281773.587484
approach5_skyhost_run2,4093000,1779281773.589212
approach5_skyhost_run2,4094000,1779281773.590969
approach5_skyhost_run2,4095000,1779281773.635141
approach5_skyhost_run2,4096000,1779281773.636883
approach5_skyhost_run2,4097000,1779281773.691095
approach5_skyhost_run2,4098000,1779281773.692832
approach5_skyhost_run2,4099000,1779281773.694586
approach5_skyhost_run2,4100000,1779281773.702445
approach5_skyhost_run2,4101000,1779281773.704195
approach5_skyhost_run2,4102000,1779281774.039384
approach5_skyhost_run2,4103000,1779281774.041126
approach5_skyhost_run2,4104000,1779281774.042888
approach5_skyhost_run2,4105000,1779281774.057069
approach5_skyhost_run2,4106000,1779281774.058813
approach5_skyhost_run2,4107000,1779281774.060554
approach5_skyhost_run2,4108000,1779281774.062309
approach5_skyhost_run2,4109000,1779281774.144379
approach5_skyhost_run2,4110000,1779281774.146151
approach5_skyhost_run2,4111000,1779281774.147949
approach5_skyhost_run2,4112000,1779281774.200047
approach5_skyhost_run2,4113000,1779281774.201786
approach5_skyhost_run2,4114000,1779281774.203542
approach5_skyhost_run2,4115000,1779281774.213651
approach5_skyhost_run2,4116000,1779281774.215427
approach5_skyhost_run2,4117000,1779281774.317369
approach5_skyhost_run2,4118000,1779281774.319120
approach5_skyhost_run2,4119000,1779281774.320862
approach5_skyhost_run2,4120000,1779281774.346663
approach5_skyhost_run2,4121000,1779281774.348412
approach5_skyhost_run2,4122000,1779281774.447922
approach5_skyhost_run2,4123000,1779281774.449646
approach5_skyhost_run2,4124000,1779281774.451401
approach5_skyhost_run2,4125000,1779281774.458665
approach5_skyhost_run2,4126000,1779281774.460391
approach5_skyhost_run2,4127000,1779281774.512118
approach5_skyhost_run2,4128000,1779281774.513852
approach5_skyhost_run2,4129000,1779281774.515635
approach5_skyhost_run2,4130000,1779281774.523702
approach5_skyhost_run2,4131000,1779281774.525474
approach5_skyhost_run2,4132000,1779281774.614212
approach5_skyhost_run2,4133000,1779281774.615995
approach5_skyhost_run2,4134000,1779281774.617743
approach5_skyhost_run2,4135000,1779281774.625798
approach5_skyhost_run2,4136000,1779281774.627556
approach5_skyhost_run2,4137000,1779281774.716639
approach5_skyhost_run2,4138000,1779281774.718380
approach5_skyhost_run2,4139000,1779281774.720126
approach5_skyhost_run2,4140000,1779281774.729001
approach5_skyhost_run2,4141000,1779281774.730757
approach5_skyhost_run2,4142000,1779281774.818232
approach5_skyhost_run2,4143000,1779281774.819975
approach5_skyhost_run2,4144000,1779281774.821715
approach5_skyhost_run2,4145000,1779281774.829114
approach5_skyhost_run2,4146000,1779281774.830884
approach5_skyhost_run2,4147000,1779281774.919982
approach5_skyhost_run2,4148000,1779281774.921729
approach5_skyhost_run2,4149000,1779281774.923503
approach5_skyhost_run2,4150000,1779281774.931284
approach5_skyhost_run2,4151000,1779281774.933031
approach5_skyhost_run2,4152000,1779281775.005273
approach5_skyhost_run2,4153000,1779281775.007023
approach5_skyhost_run2,4154000,1779281775.008764
approach5_skyhost_run2,4155000,1779281775.024137
approach5_skyhost_run2,4156000,1779281775.025900
approach5_skyhost_run2,4157000,1779281775.027652
approach5_skyhost_run2,4158000,1779281775.029402
approach5_skyhost_run2,4159000,1779281775.111026
approach5_skyhost_run2,4160000,1779281775.112761
approach5_skyhost_run2,4161000,1779281775.114520
approach5_skyhost_run2,4162000,1779281775.137692
approach5_skyhost_run2,4163000,1779281775.139454
approach5_skyhost_run2,4164000,1779281775.141203
approach5_skyhost_run2,4165000,1779281775.168390
approach5_skyhost_run2,4166000,1779281775.170149
approach5_skyhost_run2,4167000,1779281775.241338
approach5_skyhost_run2,4168000,1779281775.243091
approach5_skyhost_run2,4169000,1779281775.244870
approach5_skyhost_run2,4170000,1779281775.254955
approach5_skyhost_run2,4171000,1779281775.256705
approach5_skyhost_run2,4172000,1779281775.331131
approach5_skyhost_run2,4173000,1779281775.332856
approach5_skyhost_run2,4174000,1779281775.334651
approach5_skyhost_run2,4175000,1779281775.343727
approach5_skyhost_run2,4176000,1779281775.345497
approach5_skyhost_run2,4177000,1779281775.431385
approach5_skyhost_run2,4178000,1779281775.433120
approach5_skyhost_run2,4179000,1779281775.434903
approach5_skyhost_run2,4180000,1779281775.444218
approach5_skyhost_run2,4181000,1779281775.445996
approach5_skyhost_run2,4182000,1779281775.549085
approach5_skyhost_run2,4183000,1779281775.550825
approach5_skyhost_run2,4184000,1779281775.552569
approach5_skyhost_run2,4185000,1779281775.578307
approach5_skyhost_run2,4186000,1779281775.580055
approach5_skyhost_run2,4187000,1779281775.675745
approach5_skyhost_run2,4188000,1779281775.677478
approach5_skyhost_run2,4189000,1779281775.679223
approach5_skyhost_run2,4190000,1779281775.687988
approach5_skyhost_run2,4191000,1779281775.689742
approach5_skyhost_run2,4192000,1779281775.776885
approach5_skyhost_run2,4193000,1779281775.778632
approach5_skyhost_run2,4194000,1779281775.780369
approach5_skyhost_run2,4195000,1779281775.787763
approach5_skyhost_run2,4196000,1779281775.789509
approach5_skyhost_run2,4197000,1779281775.840589
approach5_skyhost_run2,4198000,1779281775.842341
approach5_skyhost_run2,4199000,1779281775.844087
approach5_skyhost_run2,4200000,1779281775.852650
approach5_skyhost_run2,4201000,1779281775.854407
approach5_skyhost_run2,4202000,1779281775.943553
approach5_skyhost_run2,4203000,1779281775.945327
approach5_skyhost_run2,4204000,1779281775.947083
approach5_skyhost_run2,4205000,1779281775.956698
approach5_skyhost_run2,4206000,1779281775.958458
approach5_skyhost_run2,4207000,1779281776.045471
approach5_skyhost_run2,4208000,1779281776.047218
approach5_skyhost_run2,4209000,1779281776.048962
approach5_skyhost_run2,4210000,1779281776.057426
approach5_skyhost_run2,4211000,1779281776.059185
approach5_skyhost_run2,4212000,1779281776.150229
approach5_skyhost_run2,4213000,1779281776.151986
approach5_skyhost_run2,4214000,1779281776.153747
approach5_skyhost_run2,4215000,1779281776.163832
approach5_skyhost_run2,4216000,1779281776.165607
approach5_skyhost_run2,4217000,1779281776.193722
approach5_skyhost_run2,4218000,1779281776.195495
approach5_skyhost_run2,4219000,1779281776.197240
approach5_skyhost_run2,4220000,1779281776.211123
approach5_skyhost_run2,4221000,1779281776.212846
approach5_skyhost_run2,4222000,1779281776.214589
approach5_skyhost_run2,4223000,1779281776.216352
approach5_skyhost_run2,4224000,1779281776.297851
approach5_skyhost_run2,4225000,1779281776.299611
approach5_skyhost_run2,4226000,1779281776.301372
approach5_skyhost_run2,4227000,1779281776.392262
approach5_skyhost_run2,4228000,1779281776.394013
approach5_skyhost_run2,4229000,1779281776.395808
approach5_skyhost_run2,4230000,1779281776.403913
approach5_skyhost_run2,4231000,1779281776.405687
approach5_skyhost_run2,4232000,1779281776.456436
approach5_skyhost_run2,4233000,1779281776.458175
approach5_skyhost_run2,4234000,1779281776.459927
approach5_skyhost_run2,4235000,1779281776.467684
approach5_skyhost_run2,4236000,1779281776.469433
approach5_skyhost_run2,4237000,1779281776.559809
approach5_skyhost_run2,4238000,1779281776.561565
approach5_skyhost_run2,4239000,1779281776.563323
approach5_skyhost_run2,4240000,1779281776.571112
approach5_skyhost_run2,4241000,1779281776.572875
approach5_skyhost_run2,4242000,1779281776.605010
approach5_skyhost_run2,4243000,1779281776.606779
approach5_skyhost_run2,4244000,1779281776.608542
approach5_skyhost_run2,4245000,1779281776.624530
approach5_skyhost_run2,4246000,1779281776.626292
approach5_skyhost_run2,4247000,1779281776.628038
approach5_skyhost_run2,4248000,1779281776.629775
approach5_skyhost_run2,4249000,1779281776.716328
approach5_skyhost_run2,4250000,1779281776.718071
approach5_skyhost_run2,4251000,1779281776.719835
approach5_skyhost_run2,4252000,1779281776.764526
approach5_skyhost_run2,4253000,1779281776.766328
approach5_skyhost_run2,4254000,1779281776.768068
approach5_skyhost_run2,4255000,1779281776.775840
approach5_skyhost_run2,4256000,1779281776.777593
approach5_skyhost_run2,4257000,1779281776.871156
approach5_skyhost_run2,4258000,1779281776.872903
approach5_skyhost_run2,4259000,1779281776.874675
approach5_skyhost_run2,4260000,1779281776.884531
approach5_skyhost_run2,4261000,1779281776.886317
approach5_skyhost_run2,4262000,1779281776.971841
approach5_skyhost_run2,4263000,1779281776.973581
approach5_skyhost_run2,4264000,1779281776.975378
approach5_skyhost_run2,4265000,1779281776.981632
approach5_skyhost_run2,4266000,1779281776.983392
approach5_skyhost_run2,4267000,1779281777.071563
approach5_skyhost_run2,4268000,1779281777.073305
approach5_skyhost_run2,4269000,1779281777.075088
approach5_skyhost_run2,4270000,1779281777.085912
approach5_skyhost_run2,4271000,1779281777.087682
approach5_skyhost_run2,4272000,1779281777.153471
approach5_skyhost_run2,4273000,1779281777.155251
approach5_skyhost_run2,4274000,1779281777.157000
approach5_skyhost_run2,4275000,1779281777.173606
approach5_skyhost_run2,4276000,1779281777.175377
approach5_skyhost_run2,4277000,1779281777.177131
approach5_skyhost_run2,4278000,1779281777.178902
approach5_skyhost_run2,4279000,1779281777.264924
approach5_skyhost_run2,4280000,1779281777.266689
approach5_skyhost_run2,4281000,1779281777.268449
approach5_skyhost_run2,4282000,1779281777.276409
approach5_skyhost_run2,4283000,1779281777.278146
approach5_skyhost_run2,4284000,1779281777.279894
approach5_skyhost_run2,4285000,1779281777.289224
approach5_skyhost_run2,4286000,1779281777.290975
approach5_skyhost_run2,4287000,1779281777.380816
approach5_skyhost_run2,4288000,1779281777.382567
approach5_skyhost_run2,4289000,1779281777.384330
approach5_skyhost_run2,4290000,1779281777.391982
approach5_skyhost_run2,4291000,1779281777.393731
approach5_skyhost_run2,4292000,1779281777.523624
approach5_skyhost_run2,4293000,1779281777.525390
approach5_skyhost_run2,4294000,1779281777.527147
approach5_skyhost_run2,4295000,1779281777.534626
approach5_skyhost_run2,4296000,1779281777.536399
approach5_skyhost_run2,4297000,1779281777.649163
approach5_skyhost_run2,4298000,1779281777.650908
approach5_skyhost_run2,4299000,1779281777.652647
approach5_skyhost_run2,4300000,1779281777.662748
approach5_skyhost_run2,4301000,1779281777.664509
approach5_skyhost_run2,4302000,1779281777.688848
approach5_skyhost_run2,4303000,1779281777.690591
approach5_skyhost_run2,4304000,1779281777.692326
approach5_skyhost_run2,4305000,1779281777.700733
approach5_skyhost_run2,4306000,1779281777.702497
approach5_skyhost_run2,4307000,1779281777.784743
approach5_skyhost_run2,4308000,1779281777.801935
approach5_skyhost_run2,4309000,1779281777.803683
approach5_skyhost_run2,4310000,1779281777.805441
approach5_skyhost_run2,4311000,1779281777.807200
approach5_skyhost_run2,4312000,1779281777.938307
approach5_skyhost_run2,4313000,1779281777.940033
approach5_skyhost_run2,4314000,1779281777.941764
approach5_skyhost_run2,4315000,1779281777.949670
approach5_skyhost_run2,4316000,1779281777.951450
approach5_skyhost_run2,4317000,1779281778.006568
approach5_skyhost_run2,4318000,1779281778.008310
approach5_skyhost_run2,4319000,1779281778.010057
approach5_skyhost_run2,4320000,1779281778.032722
approach5_skyhost_run2,4321000,1779281778.034470
approach5_skyhost_run2,4322000,1779281778.095969
approach5_skyhost_run2,4323000,1779281778.097712
approach5_skyhost_run2,4324000,1779281778.099480
approach5_skyhost_run2,4325000,1779281778.107834
approach5_skyhost_run2,4326000,1779281778.109592
approach5_skyhost_run2,4327000,1779281778.200811
approach5_skyhost_run2,4328000,1779281778.202570
approach5_skyhost_run2,4329000,1779281778.204326
approach5_skyhost_run2,4330000,1779281778.212430
approach5_skyhost_run2,4331000,1779281778.214177
approach5_skyhost_run2,4332000,1779281778.338876
approach5_skyhost_run2,4333000,1779281778.340617
approach5_skyhost_run2,4334000,1779281778.342380
approach5_skyhost_run2,4335000,1779281778.351923
approach5_skyhost_run2,4336000,1779281778.353656
approach5_skyhost_run2,4337000,1779281778.404984
approach5_skyhost_run2,4338000,1779281778.406745
approach5_skyhost_run2,4339000,1779281778.408510
approach5_skyhost_run2,4340000,1779281778.417727
approach5_skyhost_run2,4341000,1779281778.419508
approach5_skyhost_run2,4342000,1779281778.489516
approach5_skyhost_run2,4343000,1779281778.491289
approach5_skyhost_run2,4344000,1779281778.493058
approach5_skyhost_run2,4345000,1779281778.508399
approach5_skyhost_run2,4346000,1779281778.510144
approach5_skyhost_run2,4347000,1779281778.511896
approach5_skyhost_run2,4348000,1779281778.513645
approach5_skyhost_run2,4349000,1779281778.587622
approach5_skyhost_run2,4350000,1779281778.589365
approach5_skyhost_run2,4351000,1779281778.591115
approach5_skyhost_run2,4352000,1779281778.592868
approach5_skyhost_run2,4353000,1779281778.599928
approach5_skyhost_run2,4354000,1779281778.601669
approach5_skyhost_run2,4355000,1779281778.607294
approach5_skyhost_run2,4356000,1779281778.609038
approach5_skyhost_run2,4357000,1779281778.610792
approach5_skyhost_run2,4358000,1779281778.612554
approach5_skyhost_run2,4359000,1779281778.693326
approach5_skyhost_run2,4360000,1779281778.695106
approach5_skyhost_run2,4361000,1779281778.696846
approach5_skyhost_run2,4362000,1779281778.727454
approach5_skyhost_run2,4363000,1779281778.729223
approach5_skyhost_run2,4364000,1779281778.730994
approach5_skyhost_run2,4365000,1779281778.746427
approach5_skyhost_run2,4366000,1779281778.748175
approach5_skyhost_run2,4367000,1779281778.822507
approach5_skyhost_run2,4368000,1779281778.824247
approach5_skyhost_run2,4369000,1779281778.826023
approach5_skyhost_run2,4370000,1779281778.852095
approach5_skyhost_run2,4371000,1779281778.853853
approach5_skyhost_run2,4372000,1779281778.917125
approach5_skyhost_run2,4373000,1779281778.918872
approach5_skyhost_run2,4374000,1779281778.920611
approach5_skyhost_run2,4375000,1779281778.931728
approach5_skyhost_run2,4376000,1779281778.933459
approach5_skyhost_run2,4377000,1779281779.020651
approach5_skyhost_run2,4378000,1779281779.022392
approach5_skyhost_run2,4379000,1779281779.024158
approach5_skyhost_run2,4380000,1779281779.033766
approach5_skyhost_run2,4381000,1779281779.035542
approach5_skyhost_run2,4382000,1779281779.124605
approach5_skyhost_run2,4383000,1779281779.126376
approach5_skyhost_run2,4384000,1779281779.128121
approach5_skyhost_run2,4385000,1779281779.141460
approach5_skyhost_run2,4386000,1779281779.143206
approach5_skyhost_run2,4387000,1779281779.239933
approach5_skyhost_run2,4388000,1779281779.241669
approach5_skyhost_run2,4389000,1779281779.243424
approach5_skyhost_run2,4390000,1779281779.268707
approach5_skyhost_run2,4391000,1779281779.270462
approach5_skyhost_run2,4392000,1779281779.330014
approach5_skyhost_run2,4393000,1779281779.331770
approach5_skyhost_run2,4394000,1779281779.333520
approach5_skyhost_run2,4395000,1779281779.342842
approach5_skyhost_run2,4396000,1779281779.344588
approach5_skyhost_run2,4397000,1779281779.430674
approach5_skyhost_run2,4398000,1779281779.432412
approach5_skyhost_run2,4399000,1779281779.434159
approach5_skyhost_run2,4400000,1779281779.443455
approach5_skyhost_run2,4401000,1779281779.445232
approach5_skyhost_run2,4402000,1779281779.533138
approach5_skyhost_run2,4403000,1779281779.534918
approach5_skyhost_run2,4404000,1779281779.536671
approach5_skyhost_run2,4405000,1779281779.544909
approach5_skyhost_run2,4406000,1779281779.546678
approach5_skyhost_run2,4407000,1779281779.634421
approach5_skyhost_run2,4408000,1779281779.636197
approach5_skyhost_run2,4409000,1779281779.637951
approach5_skyhost_run2,4410000,1779281779.647398
approach5_skyhost_run2,4411000,1779281779.649145
approach5_skyhost_run2,4412000,1779281779.738702
approach5_skyhost_run2,4413000,1779281779.740448
approach5_skyhost_run2,4414000,1779281779.742211
approach5_skyhost_run2,4415000,1779281779.749012
approach5_skyhost_run2,4416000,1779281779.750776
approach5_skyhost_run2,4417000,1779281779.879131
approach5_skyhost_run2,4418000,1779281779.880878
approach5_skyhost_run2,4419000,1779281779.882647
approach5_skyhost_run2,4420000,1779281779.889011
approach5_skyhost_run2,4421000,1779281779.890776
approach5_skyhost_run2,4422000,1779281779.942583
approach5_skyhost_run2,4423000,1779281779.944314
approach5_skyhost_run2,4424000,1779281779.946078
approach5_skyhost_run2,4425000,1779281779.954412
approach5_skyhost_run2,4426000,1779281779.956228
approach5_skyhost_run2,4427000,1779281780.045472
approach5_skyhost_run2,4428000,1779281780.047221
approach5_skyhost_run2,4429000,1779281780.048970
approach5_skyhost_run2,4430000,1779281780.056155
approach5_skyhost_run2,4431000,1779281780.057909
approach5_skyhost_run2,4432000,1779281780.148065
approach5_skyhost_run2,4433000,1779281780.149802
approach5_skyhost_run2,4434000,1779281780.151565
approach5_skyhost_run2,4435000,1779281780.158820
approach5_skyhost_run2,4436000,1779281780.160571
approach5_skyhost_run2,4437000,1779281780.262878
approach5_skyhost_run2,4438000,1779281780.264612
approach5_skyhost_run2,4439000,1779281780.266395
approach5_skyhost_run2,4440000,1779281780.294077
approach5_skyhost_run2,4441000,1779281780.296014
approach5_skyhost_run2,4442000,1779281780.297767
approach5_skyhost_run2,4443000,1779281780.299525
approach5_skyhost_run2,4444000,1779281780.301266
approach5_skyhost_run2,4445000,1779281780.313283
approach5_skyhost_run2,4446000,1779281780.315048
approach5_skyhost_run2,4447000,1779281780.316792
approach5_skyhost_run2,4448000,1779281780.318564
approach5_skyhost_run2,4449000,1779281780.404253
approach5_skyhost_run2,4450000,1779281780.406025
approach5_skyhost_run2,4451000,1779281780.407799
approach5_skyhost_run2,4452000,1779281780.455049
approach5_skyhost_run2,4453000,1779281780.456783
approach5_skyhost_run2,4454000,1779281780.458544
approach5_skyhost_run2,4455000,1779281780.509193
approach5_skyhost_run2,4456000,1779281780.510955
approach5_skyhost_run2,4457000,1779281780.595632
approach5_skyhost_run2,4458000,1779281780.597379
approach5_skyhost_run2,4459000,1779281780.599152
approach5_skyhost_run2,4460000,1779281780.606558
approach5_skyhost_run2,4461000,1779281780.608319
approach5_skyhost_run2,4462000,1779281780.861495
approach5_skyhost_run2,4463000,1779281780.863253
approach5_skyhost_run2,4464000,1779281780.865038
approach5_skyhost_run2,4465000,1779281780.904569
approach5_skyhost_run2,4466000,1779281780.906328
approach5_skyhost_run2,4467000,1779281780.908085
approach5_skyhost_run2,4468000,1779281780.909842
approach5_skyhost_run2,4469000,1779281780.917588
approach5_skyhost_run2,4470000,1779281780.923045
approach5_skyhost_run2,4471000,1779281780.924790
approach5_skyhost_run2,4472000,1779281780.926567
approach5_skyhost_run2,4473000,1779281780.928315
approach5_skyhost_run2,4474000,1779281781.010069
approach5_skyhost_run2,4475000,1779281781.011822
approach5_skyhost_run2,4476000,1779281781.013567
approach5_skyhost_run2,4477000,1779281781.039394
approach5_skyhost_run2,4478000,1779281781.041142
approach5_skyhost_run2,4479000,1779281781.042904
approach5_skyhost_run2,4480000,1779281781.061616
approach5_skyhost_run2,4481000,1779281781.063377
approach5_skyhost_run2,4482000,1779281781.065156
approach5_skyhost_run2,4483000,1779281781.066933
approach5_skyhost_run2,4484000,1779281781.153500
approach5_skyhost_run2,4485000,1779281781.155280
approach5_skyhost_run2,4486000,1779281781.157036
approach5_skyhost_run2,4487000,1779281781.164447
approach5_skyhost_run2,4488000,1779281781.166211
approach5_skyhost_run2,4489000,1779281781.168023
approach5_skyhost_run2,4490000,1779281781.197432
approach5_skyhost_run2,4491000,1779281781.199177
approach5_skyhost_run2,4492000,1779281781.200923
approach5_skyhost_run2,4493000,1779281781.202689
approach5_skyhost_run2,4494000,1779281781.284547
approach5_skyhost_run2,4495000,1779281781.286350
approach5_skyhost_run2,4496000,1779281781.288840
approach5_skyhost_run2,4497000,1779281781.290606
approach5_skyhost_run2,4498000,1779281781.292346
approach5_skyhost_run2,4499000,1779281781.294101
approach5_skyhost_run2,4500000,1779281781.319667
approach5_skyhost_run2,4501000,1779281781.321443
approach5_skyhost_run2,4502000,1779281781.417931
approach5_skyhost_run2,4503000,1779281781.419692
approach5_skyhost_run2,4504000,1779281781.421448
approach5_skyhost_run2,4505000,1779281781.429223
approach5_skyhost_run2,4506000,1779281781.430981
approach5_skyhost_run2,4507000,1779281781.531914
approach5_skyhost_run2,4508000,1779281781.533654
approach5_skyhost_run2,4509000,1779281781.535447
approach5_skyhost_run2,4510000,1779281781.541426
approach5_skyhost_run2,4511000,1779281781.543190
approach5_skyhost_run2,4512000,1779281781.583309
approach5_skyhost_run2,4513000,1779281781.585069
approach5_skyhost_run2,4514000,1779281781.586829
approach5_skyhost_run2,4515000,1779281781.596710
approach5_skyhost_run2,4516000,1779281781.598469
approach5_skyhost_run2,4517000,1779281781.686176
approach5_skyhost_run2,4518000,1779281781.687933
approach5_skyhost_run2,4519000,1779281781.689672
approach5_skyhost_run2,4520000,1779281781.697527
approach5_skyhost_run2,4521000,1779281781.699291
approach5_skyhost_run2,4522000,1779281781.787945
approach5_skyhost_run2,4523000,1779281781.789681
approach5_skyhost_run2,4524000,1779281781.791449
approach5_skyhost_run2,4525000,1779281781.799357
approach5_skyhost_run2,4526000,1779281781.801110
approach5_skyhost_run2,4527000,1779281781.890354
approach5_skyhost_run2,4528000,1779281781.892095
approach5_skyhost_run2,4529000,1779281781.893843
approach5_skyhost_run2,4530000,1779281781.902929
approach5_skyhost_run2,4531000,1779281781.904679
approach5_skyhost_run2,4532000,1779281781.993524
approach5_skyhost_run2,4533000,1779281781.995318
approach5_skyhost_run2,4534000,1779281781.997077
approach5_skyhost_run2,4535000,1779281782.005108
approach5_skyhost_run2,4536000,1779281782.006866
approach5_skyhost_run2,4537000,1779281782.093175
approach5_skyhost_run2,4538000,1779281782.094948
approach5_skyhost_run2,4539000,1779281782.096692
approach5_skyhost_run2,4540000,1779281782.105098
approach5_skyhost_run2,4541000,1779281782.106864
approach5_skyhost_run2,4542000,1779281782.142620
approach5_skyhost_run2,4543000,1779281782.144367
approach5_skyhost_run2,4544000,1779281782.146144
approach5_skyhost_run2,4545000,1779281782.159752
approach5_skyhost_run2,4546000,1779281782.161484
approach5_skyhost_run2,4547000,1779281782.163229
approach5_skyhost_run2,4548000,1779281782.165004
approach5_skyhost_run2,4549000,1779281782.247170
approach5_skyhost_run2,4550000,1779281782.248914
approach5_skyhost_run2,4551000,1779281782.250684
approach5_skyhost_run2,4552000,1779281782.298513
approach5_skyhost_run2,4553000,1779281782.300268
approach5_skyhost_run2,4554000,1779281782.302018
approach5_skyhost_run2,4555000,1779281782.311423
approach5_skyhost_run2,4556000,1779281782.313167
approach5_skyhost_run2,4557000,1779281782.342050
approach5_skyhost_run2,4558000,1779281782.343806
approach5_skyhost_run2,4559000,1779281782.345587
approach5_skyhost_run2,4560000,1779281782.359850
approach5_skyhost_run2,4561000,1779281782.361596
approach5_skyhost_run2,4562000,1779281782.363364
approach5_skyhost_run2,4563000,1779281782.365148
approach5_skyhost_run2,4564000,1779281782.450923
approach5_skyhost_run2,4565000,1779281782.452650
approach5_skyhost_run2,4566000,1779281782.454397
approach5_skyhost_run2,4567000,1779281782.503343
approach5_skyhost_run2,4568000,1779281782.505124
approach5_skyhost_run2,4569000,1779281782.506877
approach5_skyhost_run2,4570000,1779281782.516350
approach5_skyhost_run2,4571000,1779281782.518095
approach5_skyhost_run2,4572000,1779281782.606783
approach5_skyhost_run2,4573000,1779281782.608510
approach5_skyhost_run2,4574000,1779281782.610243
approach5_skyhost_run2,4575000,1779281782.620578
approach5_skyhost_run2,4576000,1779281782.622341
approach5_skyhost_run2,4577000,1779281782.709305
approach5_skyhost_run2,4578000,1779281782.711052
approach5_skyhost_run2,4579000,1779281782.712795
approach5_skyhost_run2,4580000,1779281782.721043
approach5_skyhost_run2,4581000,1779281782.722800
approach5_skyhost_run2,4582000,1779281782.812823
approach5_skyhost_run2,4583000,1779281782.814574
approach5_skyhost_run2,4584000,1779281782.816351
approach5_skyhost_run2,4585000,1779281782.825318
approach5_skyhost_run2,4586000,1779281782.827076
approach5_skyhost_run2,4587000,1779281782.916151
approach5_skyhost_run2,4588000,1779281782.917885
approach5_skyhost_run2,4589000,1779281782.919633
approach5_skyhost_run2,4590000,1779281782.928226
approach5_skyhost_run2,4591000,1779281782.929984
approach5_skyhost_run2,4592000,1779281783.019436
approach5_skyhost_run2,4593000,1779281783.021180
approach5_skyhost_run2,4594000,1779281783.022943
approach5_skyhost_run2,4595000,1779281783.068061
approach5_skyhost_run2,4596000,1779281783.069807
approach5_skyhost_run2,4597000,1779281783.121208
approach5_skyhost_run2,4598000,1779281783.122956
approach5_skyhost_run2,4599000,1779281783.134039
approach5_skyhost_run2,4600000,1779281783.135820
approach5_skyhost_run2,4601000,1779281783.137571
approach5_skyhost_run2,4602000,1779281783.225418
approach5_skyhost_run2,4603000,1779281783.227164
approach5_skyhost_run2,4604000,1779281783.228908
approach5_skyhost_run2,4605000,1779281783.273666
approach5_skyhost_run2,4606000,1779281783.275453
approach5_skyhost_run2,4607000,1779281783.338163
approach5_skyhost_run2,4608000,1779281783.339915
approach5_skyhost_run2,4609000,1779281783.341661
approach5_skyhost_run2,4610000,1779281783.358601
approach5_skyhost_run2,4611000,1779281783.360346
approach5_skyhost_run2,4612000,1779281783.428157
approach5_skyhost_run2,4613000,1779281783.429892
approach5_skyhost_run2,4614000,1779281783.431647
approach5_skyhost_run2,4615000,1779281783.439770
approach5_skyhost_run2,4616000,1779281783.441532
approach5_skyhost_run2,4617000,1779281783.558670
approach5_skyhost_run2,4618000,1779281783.560412
approach5_skyhost_run2,4619000,1779281783.562167
approach5_skyhost_run2,4620000,1779281783.582315
approach5_skyhost_run2,4621000,1779281783.584044
approach5_skyhost_run2,4622000,1779281783.585800
approach5_skyhost_run2,4623000,1779281783.587563
approach5_skyhost_run2,4624000,1779281783.671995
approach5_skyhost_run2,4625000,1779281783.674412
approach5_skyhost_run2,4626000,1779281783.676175
approach5_skyhost_run2,4627000,1779281783.677909
approach5_skyhost_run2,4628000,1779281783.679658
approach5_skyhost_run2,4629000,1779281783.681397
approach5_skyhost_run2,4630000,1779281783.686920
approach5_skyhost_run2,4631000,1779281783.688679
approach5_skyhost_run2,4632000,1779281783.736678
approach5_skyhost_run2,4633000,1779281783.738431
approach5_skyhost_run2,4634000,1779281783.740199
approach5_skyhost_run2,4635000,1779281783.748556
approach5_skyhost_run2,4636000,1779281783.750319
approach5_skyhost_run2,4637000,1779281783.779150
approach5_skyhost_run2,4638000,1779281783.780890
approach5_skyhost_run2,4639000,1779281783.782652
approach5_skyhost_run2,4640000,1779281783.795701
approach5_skyhost_run2,4641000,1779281783.797431
approach5_skyhost_run2,4642000,1779281783.799178
approach5_skyhost_run2,4643000,1779281783.800922
approach5_skyhost_run2,4644000,1779281783.883066
approach5_skyhost_run2,4645000,1779281783.884838
approach5_skyhost_run2,4646000,1779281783.886611
approach5_skyhost_run2,4647000,1779281783.941597
approach5_skyhost_run2,4648000,1779281783.943352
approach5_skyhost_run2,4649000,1779281783.945135
approach5_skyhost_run2,4650000,1779281783.953226
approach5_skyhost_run2,4651000,1779281783.955012
approach5_skyhost_run2,4652000,1779281784.045196
approach5_skyhost_run2,4653000,1779281784.046958
approach5_skyhost_run2,4654000,1779281784.048720
approach5_skyhost_run2,4655000,1779281784.057010
approach5_skyhost_run2,4656000,1779281784.058788
approach5_skyhost_run2,4657000,1779281784.145150
approach5_skyhost_run2,4658000,1779281784.146906
approach5_skyhost_run2,4659000,1779281784.148664
approach5_skyhost_run2,4660000,1779281784.158786
approach5_skyhost_run2,4661000,1779281784.160536
approach5_skyhost_run2,4662000,1779281784.292467
approach5_skyhost_run2,4663000,1779281784.294205
approach5_skyhost_run2,4664000,1779281784.296001
approach5_skyhost_run2,4665000,1779281784.323425
approach5_skyhost_run2,4666000,1779281784.325195
approach5_skyhost_run2,4667000,1779281784.350326
approach5_skyhost_run2,4668000,1779281784.352059
approach5_skyhost_run2,4669000,1779281784.353806
approach5_skyhost_run2,4670000,1779281784.363411
approach5_skyhost_run2,4671000,1779281784.365178
approach5_skyhost_run2,4672000,1779281784.455483
approach5_skyhost_run2,4673000,1779281784.457212
approach5_skyhost_run2,4674000,1779281784.458973
approach5_skyhost_run2,4675000,1779281784.466396
approach5_skyhost_run2,4676000,1779281784.468148
approach5_skyhost_run2,4677000,1779281784.535791
approach5_skyhost_run2,4678000,1779281784.537571
approach5_skyhost_run2,4679000,1779281784.539343
approach5_skyhost_run2,4680000,1779281784.555483
approach5_skyhost_run2,4681000,1779281784.557220
approach5_skyhost_run2,4682000,1779281784.558964
approach5_skyhost_run2,4683000,1779281784.560713
approach5_skyhost_run2,4684000,1779281784.647297
approach5_skyhost_run2,4685000,1779281784.649038
approach5_skyhost_run2,4686000,1779281784.650793
approach5_skyhost_run2,4687000,1779281784.670905
approach5_skyhost_run2,4688000,1779281784.672637
approach5_skyhost_run2,4689000,1779281784.674389
approach5_skyhost_run2,4690000,1779281784.700225
approach5_skyhost_run2,4691000,1779281784.701970
approach5_skyhost_run2,4692000,1779281784.762625
approach5_skyhost_run2,4693000,1779281784.764354
approach5_skyhost_run2,4694000,1779281784.766134
approach5_skyhost_run2,4695000,1779281784.774487
approach5_skyhost_run2,4696000,1779281784.776261
approach5_skyhost_run2,4697000,1779281784.863026
approach5_skyhost_run2,4698000,1779281784.864768
approach5_skyhost_run2,4699000,1779281784.866537
approach5_skyhost_run2,4700000,1779281784.877029
approach5_skyhost_run2,4701000,1779281784.878789
approach5_skyhost_run2,4702000,1779281784.977293
approach5_skyhost_run2,4703000,1779281784.979043
approach5_skyhost_run2,4704000,1779281784.980789
approach5_skyhost_run2,4705000,1779281785.007699
approach5_skyhost_run2,4706000,1779281785.009451
approach5_skyhost_run2,4707000,1779281785.068008
approach5_skyhost_run2,4708000,1779281785.069738
approach5_skyhost_run2,4709000,1779281785.071483
approach5_skyhost_run2,4710000,1779281785.080945
approach5_skyhost_run2,4711000,1779281785.082704
approach5_skyhost_run2,4712000,1779281785.183054
approach5_skyhost_run2,4713000,1779281785.184798
approach5_skyhost_run2,4714000,1779281785.186579
approach5_skyhost_run2,4715000,1779281785.194907
approach5_skyhost_run2,4716000,1779281785.196670
approach5_skyhost_run2,4717000,1779281785.275704
approach5_skyhost_run2,4718000,1779281785.277460
approach5_skyhost_run2,4719000,1779281785.279225
approach5_skyhost_run2,4720000,1779281785.291020
approach5_skyhost_run2,4721000,1779281785.292757
approach5_skyhost_run2,4722000,1779281785.316396
approach5_skyhost_run2,4723000,1779281785.318134
approach5_skyhost_run2,4724000,1779281785.319892
approach5_skyhost_run2,4725000,1779281785.335560
approach5_skyhost_run2,4726000,1779281785.337290
approach5_skyhost_run2,4727000,1779281785.339037
approach5_skyhost_run2,4728000,1779281785.340791
approach5_skyhost_run2,4729000,1779281785.426113
approach5_skyhost_run2,4730000,1779281785.427872
approach5_skyhost_run2,4731000,1779281785.429621
approach5_skyhost_run2,4732000,1779281785.476331
approach5_skyhost_run2,4733000,1779281785.478073
approach5_skyhost_run2,4734000,1779281785.479840
approach5_skyhost_run2,4735000,1779281785.489508
approach5_skyhost_run2,4736000,1779281785.491274
approach5_skyhost_run2,4737000,1779281785.522524
approach5_skyhost_run2,4738000,1779281785.524258
approach5_skyhost_run2,4739000,1779281785.526027
approach5_skyhost_run2,4740000,1779281785.582705
approach5_skyhost_run2,4741000,1779281785.584496
approach5_skyhost_run2,4742000,1779281785.586275
approach5_skyhost_run2,4743000,1779281785.588042
approach5_skyhost_run2,4744000,1779281785.672558
approach5_skyhost_run2,4745000,1779281785.674306
approach5_skyhost_run2,4746000,1779281785.676093
approach5_skyhost_run2,4747000,1779281785.681940
approach5_skyhost_run2,4748000,1779281785.683693
approach5_skyhost_run2,4749000,1779281785.685459
approach5_skyhost_run2,4750000,1779281785.695931
approach5_skyhost_run2,4751000,1779281785.697685
approach5_skyhost_run2,4752000,1779281785.784405
approach5_skyhost_run2,4753000,1779281785.786166
approach5_skyhost_run2,4754000,1779281785.787929
approach5_skyhost_run2,4755000,1779281785.797261
approach5_skyhost_run2,4756000,1779281785.799009
approach5_skyhost_run2,4757000,1779281785.889002
approach5_skyhost_run2,4758000,1779281785.890754
approach5_skyhost_run2,4759000,1779281785.892505
approach5_skyhost_run2,4760000,1779281785.939263
approach5_skyhost_run2,4761000,1779281785.941021
approach5_skyhost_run2,4762000,1779281786.026814
approach5_skyhost_run2,4763000,1779281786.028550
approach5_skyhost_run2,4764000,1779281786.030289
approach5_skyhost_run2,4765000,1779281786.038446
approach5_skyhost_run2,4766000,1779281786.040204
approach5_skyhost_run2,4767000,1779281786.129027
approach5_skyhost_run2,4768000,1779281786.130780
approach5_skyhost_run2,4769000,1779281786.132540
approach5_skyhost_run2,4770000,1779281786.141196
approach5_skyhost_run2,4771000,1779281786.142959
approach5_skyhost_run2,4772000,1779281786.196987
approach5_skyhost_run2,4773000,1779281786.198744
approach5_skyhost_run2,4774000,1779281786.200496
approach5_skyhost_run2,4775000,1779281786.208895
approach5_skyhost_run2,4776000,1779281786.210656
approach5_skyhost_run2,4777000,1779281786.298028
approach5_skyhost_run2,4778000,1779281786.299777
approach5_skyhost_run2,4779000,1779281786.301531
approach5_skyhost_run2,4780000,1779281786.309442
approach5_skyhost_run2,4781000,1779281786.311204
approach5_skyhost_run2,4782000,1779281786.399613
approach5_skyhost_run2,4783000,1779281786.401364
approach5_skyhost_run2,4784000,1779281786.403127
approach5_skyhost_run2,4785000,1779281786.412297
approach5_skyhost_run2,4786000,1779281786.414046
approach5_skyhost_run2,4787000,1779281786.445169
approach5_skyhost_run2,4788000,1779281786.446922
approach5_skyhost_run2,4789000,1779281786.448668
approach5_skyhost_run2,4790000,1779281786.463315
approach5_skyhost_run2,4791000,1779281786.465065
approach5_skyhost_run2,4792000,1779281786.466815
approach5_skyhost_run2,4793000,1779281786.468575
approach5_skyhost_run2,4794000,1779281786.546387
approach5_skyhost_run2,4795000,1779281786.548138
approach5_skyhost_run2,4796000,1779281786.549891
approach5_skyhost_run2,4797000,1779281786.551656
approach5_skyhost_run2,4798000,1779281786.555300
approach5_skyhost_run2,4799000,1779281786.557044
approach5_skyhost_run2,4800000,1779281786.564994
approach5_skyhost_run2,4801000,1779281786.566736
approach5_skyhost_run2,4802000,1779281786.568471
approach5_skyhost_run2,4803000,1779281786.570207
approach5_skyhost_run2,4804000,1779281786.651459
approach5_skyhost_run2,4805000,1779281786.653215
approach5_skyhost_run2,4806000,1779281786.654996
approach5_skyhost_run2,4807000,1779281786.711756
approach5_skyhost_run2,4808000,1779281786.713491
approach5_skyhost_run2,4809000,1779281786.715272
approach5_skyhost_run2,4810000,1779281786.721097
approach5_skyhost_run2,4811000,1779281786.722852
approach5_skyhost_run2,4812000,1779281786.811531
approach5_skyhost_run2,4813000,1779281786.813264
approach5_skyhost_run2,4814000,1779281786.815045
approach5_skyhost_run2,4815000,1779281786.858935
approach5_skyhost_run2,4816000,1779281786.860665
approach5_skyhost_run2,4817000,1779281786.912616
approach5_skyhost_run2,4818000,1779281786.914360
approach5_skyhost_run2,4819000,1779281786.916116
approach5_skyhost_run2,4820000,1779281786.929608
approach5_skyhost_run2,4821000,1779281786.931358
approach5_skyhost_run2,4822000,1779281787.016480
approach5_skyhost_run2,4823000,1779281787.018214
approach5_skyhost_run2,4824000,1779281787.019963
approach5_skyhost_run2,4825000,1779281787.029432
approach5_skyhost_run2,4826000,1779281787.031186
approach5_skyhost_run2,4827000,1779281787.120448
approach5_skyhost_run2,4828000,1779281787.122180
approach5_skyhost_run2,4829000,1779281787.123938
approach5_skyhost_run2,4830000,1779281787.132495
approach5_skyhost_run2,4831000,1779281787.134245
approach5_skyhost_run2,4832000,1779281787.221699
approach5_skyhost_run2,4833000,1779281787.223454
approach5_skyhost_run2,4834000,1779281787.225226
approach5_skyhost_run2,4835000,1779281787.235188
approach5_skyhost_run2,4836000,1779281787.236938
approach5_skyhost_run2,4837000,1779281787.324367
approach5_skyhost_run2,4838000,1779281787.326131
approach5_skyhost_run2,4839000,1779281787.327890
approach5_skyhost_run2,4840000,1779281787.337656
approach5_skyhost_run2,4841000,1779281787.339416
approach5_skyhost_run2,4842000,1779281787.371493
approach5_skyhost_run2,4843000,1779281787.373237
approach5_skyhost_run2,4844000,1779281787.375024
approach5_skyhost_run2,4845000,1779281787.387602
approach5_skyhost_run2,4846000,1779281787.389338
approach5_skyhost_run2,4847000,1779281787.391083
approach5_skyhost_run2,4848000,1779281787.392828
approach5_skyhost_run2,4849000,1779281787.474099
approach5_skyhost_run2,4850000,1779281787.475885
approach5_skyhost_run2,4851000,1779281787.477642
approach5_skyhost_run2,4852000,1779281787.567615
approach5_skyhost_run2,4853000,1779281787.569350
approach5_skyhost_run2,4854000,1779281787.571125
approach5_skyhost_run2,4855000,1779281787.573838
approach5_skyhost_run2,4856000,1779281787.575612
approach5_skyhost_run2,4857000,1779281787.577552
approach5_skyhost_run2,4858000,1779281787.579311
approach5_skyhost_run2,4859000,1779281787.581054
approach5_skyhost_run2,4860000,1779281787.593627
approach5_skyhost_run2,4861000,1779281787.595388
approach5_skyhost_run2,4862000,1779281787.597123
approach5_skyhost_run2,4863000,1779281787.598880
approach5_skyhost_run2,4864000,1779281787.684199
approach5_skyhost_run2,4865000,1779281787.685954
approach5_skyhost_run2,4866000,1779281787.687707
approach5_skyhost_run2,4867000,1779281787.737466
approach5_skyhost_run2,4868000,1779281787.739224
approach5_skyhost_run2,4869000,1779281787.740966
approach5_skyhost_run2,4870000,1779281787.747766
approach5_skyhost_run2,4871000,1779281787.749512
approach5_skyhost_run2,4872000,1779281787.837613
approach5_skyhost_run2,4873000,1779281787.839363
approach5_skyhost_run2,4874000,1779281787.841111
approach5_skyhost_run2,4875000,1779281787.851307
approach5_skyhost_run2,4876000,1779281787.853055
approach5_skyhost_run2,4877000,1779281787.940329
approach5_skyhost_run2,4878000,1779281787.942068
approach5_skyhost_run2,4879000,1779281787.943830
approach5_skyhost_run2,4880000,1779281787.952766
approach5_skyhost_run2,4881000,1779281787.954523
approach5_skyhost_run2,4882000,1779281788.042461
approach5_skyhost_run2,4883000,1779281788.044223
approach5_skyhost_run2,4884000,1779281788.045992
approach5_skyhost_run2,4885000,1779281788.054640
approach5_skyhost_run2,4886000,1779281788.056410
approach5_skyhost_run2,4887000,1779281788.153435
approach5_skyhost_run2,4888000,1779281788.155206
approach5_skyhost_run2,4889000,1779281788.156954
approach5_skyhost_run2,4890000,1779281788.170274
approach5_skyhost_run2,4891000,1779281788.650787
approach5_skyhost_run2,4892000,1779281788.652532
approach5_skyhost_run2,4893000,1779281788.654284
approach5_skyhost_run2,4894000,1779281788.656074
approach5_skyhost_run2,4895000,1779281788.663122
approach5_skyhost_run2,4896000,1779281788.853958
approach5_skyhost_run2,4897000,1779281788.855731
approach5_skyhost_run2,4898000,1779281788.857476
approach5_skyhost_run2,4899000,1779281788.859246
approach5_skyhost_run2,4900000,1779281788.868279
approach5_skyhost_run2,4901000,1779281788.956347
approach5_skyhost_run2,4902000,1779281788.958083
approach5_skyhost_run2,4903000,1779281788.959848
approach5_skyhost_run2,4904000,1779281788.961611
approach5_skyhost_run2,4905000,1779281788.969579
approach5_skyhost_run2,4906000,1779281789.038124
approach5_skyhost_run2,4907000,1779281789.039869
approach5_skyhost_run2,4908000,1779281789.041607
approach5_skyhost_run2,4909000,1779281789.043365
approach5_skyhost_run2,4910000,1779281789.058763
approach5_skyhost_run2,4911000,1779281789.060493
approach5_skyhost_run2,4912000,1779281789.062229
approach5_skyhost_run2,4913000,1779281789.063987
approach5_skyhost_run2,4914000,1779281789.102540
approach5_skyhost_run2,4915000,1779281789.104284
approach5_skyhost_run2,4916000,1779281789.106051
approach5_skyhost_run2,4917000,1779281789.119530
approach5_skyhost_run2,4918000,1779281789.121268
approach5_skyhost_run2,4919000,1779281789.123023
approach5_skyhost_run2,4920000,1779281789.124775
approach5_skyhost_run2,4921000,1779281789.149563
approach5_skyhost_run2,4922000,1779281789.151319
approach5_skyhost_run2,4923000,1779281789.153063
approach5_skyhost_run2,4924000,1779281789.209569
approach5_skyhost_run2,4925000,1779281789.211325
approach5_skyhost_run2,4926000,1779281789.213063
approach5_skyhost_run2,4927000,1779281789.214833
approach5_skyhost_run2,4928000,1779281789.216581
approach5_skyhost_run2,4929000,1779281789.218348
approach5_skyhost_run2,4930000,1779281789.235604
approach5_skyhost_run2,4931000,1779281789.237345
approach5_skyhost_run2,4932000,1779281789.239097
approach5_skyhost_run2,4933000,1779281789.240843
approach5_skyhost_run2,4934000,1779281789.323755
approach5_skyhost_run2,4935000,1779281789.325531
approach5_skyhost_run2,4936000,1779281789.366640
approach5_skyhost_run2,4937000,1779281789.368382
approach5_skyhost_run2,4938000,1779281789.370129
approach5_skyhost_run2,4939000,1779281789.371894
approach5_skyhost_run2,4940000,1779281789.386451
approach5_skyhost_run2,4941000,1779281789.388192
approach5_skyhost_run2,4942000,1779281789.389936
approach5_skyhost_run2,4943000,1779281789.391691
approach5_skyhost_run2,4944000,1779281789.472196
approach5_skyhost_run2,4945000,1779281789.473930
approach5_skyhost_run2,4946000,1779281789.479720
approach5_skyhost_run2,4947000,1779281789.481449
approach5_skyhost_run2,4948000,1779281789.483201
approach5_skyhost_run2,4949000,1779281789.484971
approach5_skyhost_run2,4950000,1779281789.514604
approach5_skyhost_run2,4951000,1779281789.571411
approach5_skyhost_run2,4952000,1779281789.573142
approach5_skyhost_run2,4953000,1779281789.574911
approach5_skyhost_run2,4954000,1779281789.576659
approach5_skyhost_run2,4955000,1779281789.604975
approach5_skyhost_run2,4956000,1779281789.619627
approach5_skyhost_run2,4957000,1779281789.621358
approach5_skyhost_run2,4958000,1779281789.623112
approach5_skyhost_run2,4959000,1779281789.624889
approach5_skyhost_run2,4960000,1779281789.640140
approach5_skyhost_run2,4961000,1779281789.641880
approach5_skyhost_run2,4962000,1779281789.643633
approach5_skyhost_run2,4963000,1779281789.724363
approach5_skyhost_run2,4964000,1779281789.726123
approach5_skyhost_run2,4965000,1779281789.727873
approach5_skyhost_run2,4966000,1779281789.790173
approach5_skyhost_run2,4967000,1779281789.791922
approach5_skyhost_run2,4968000,1779281789.793668
approach5_skyhost_run2,4969000,1779281789.795458
approach5_skyhost_run2,4970000,1779281789.822738
approach5_skyhost_run2,4971000,1779281789.920682
approach5_skyhost_run2,4972000,1779281789.922432
approach5_skyhost_run2,4973000,1779281789.924177
approach5_skyhost_run2,4974000,1779281789.925951
approach5_skyhost_run2,4975000,1779281789.939149
approach5_skyhost_run2,4976000,1779281790.004344
approach5_skyhost_run2,4977000,1779281790.006103
approach5_skyhost_run2,4978000,1779281790.007857
approach5_skyhost_run2,4979000,1779281790.009610
approach5_skyhost_run2,4980000,1779281790.024467
approach5_skyhost_run2,4981000,1779281790.026227
approach5_skyhost_run2,4982000,1779281790.027989
approach5_skyhost_run2,4983000,1779281790.108084
approach5_skyhost_run2,4984000,1779281790.109838
approach5_skyhost_run2,4985000,1779281790.111597
approach5_skyhost_run2,4986000,1779281790.298558
approach5_skyhost_run2,4987000,1779281790.300285
approach5_skyhost_run2,4988000,1779281790.302017
approach5_skyhost_run2,4989000,1779281790.303780
approach5_skyhost_run2,4990000,1779281790.312237
approach5_skyhost_run2,4991000,1779281790.334565
approach5_skyhost_run2,4992000,1779281790.336327
approach5_skyhost_run2,4993000,1779281790.338106
approach5_skyhost_run2,4994000,1779281790.339891
approach5_skyhost_run2,4995000,1779281790.354724
approach5_skyhost_run2,4996000,1779281790.356486
approach5_skyhost_run2,4997000,1779281790.358235
approach5_skyhost_run2,4998000,1779281790.440009
approach5_skyhost_run2,4999000,1779281790.441753
approach5_skyhost_run2,5000000,1779281790.443521
approach5_skyhost_run2,5001000,1779281790.492908
approach5_skyhost_run2,5002000,1779281790.494661
approach5_skyhost_run2,5003000,1779281790.496432
approach5_skyhost_run2,5004000,1779281790.498178
approach5_skyhost_run2,5005000,1779281790.506540
approach5_skyhost_run2,5006000,1779281790.597803
approach5_skyhost_run2,5007000,1779281790.599555
approach5_skyhost_run2,5008000,1779281790.601291
approach5_skyhost_run2,5009000,1779281790.603068
approach5_skyhost_run2,5010000,1779281790.613680
approach5_skyhost_run2,5011000,1779281790.734479
approach5_skyhost_run2,5012000,1779281790.736245
approach5_skyhost_run2,5013000,1779281790.737998
approach5_skyhost_run2,5014000,1779281790.739769
approach5_skyhost_run2,5015000,1779281790.746720
approach5_skyhost_run2,5016000,1779281790.800569
approach5_skyhost_run2,5017000,1779281790.802330
approach5_skyhost_run2,5018000,1779281790.804080
approach5_skyhost_run2,5019000,1779281790.805857
approach5_skyhost_run2,5020000,1779281790.814135
approach5_skyhost_run2,5021000,1779281790.906910
approach5_skyhost_run2,5022000,1779281790.908657
approach5_skyhost_run2,5023000,1779281790.910425
approach5_skyhost_run2,5024000,1779281790.912184
approach5_skyhost_run2,5025000,1779281790.921907
approach5_skyhost_run2,5026000,1779281791.009888
approach5_skyhost_run2,5027000,1779281791.011627
approach5_skyhost_run2,5028000,1779281791.013372
approach5_skyhost_run2,5029000,1779281791.015171
approach5_skyhost_run2,5030000,1779281791.024599
approach5_skyhost_run2,5031000,1779281791.107273
approach5_skyhost_run2,5032000,1779281791.109012
approach5_skyhost_run2,5033000,1779281791.110769
approach5_skyhost_run2,5034000,1779281791.112525
approach5_skyhost_run2,5035000,1779281791.120898
approach5_skyhost_run2,5036000,1779281791.222279
approach5_skyhost_run2,5037000,1779281791.224031
approach5_skyhost_run2,5038000,1779281791.225801
approach5_skyhost_run2,5039000,1779281791.227563
approach5_skyhost_run2,5040000,1779281791.252879
approach5_skyhost_run2,5041000,1779281791.353833
approach5_skyhost_run2,5042000,1779281791.355622
approach5_skyhost_run2,5043000,1779281791.357371
approach5_skyhost_run2,5044000,1779281791.359138
approach5_skyhost_run2,5045000,1779281791.366347
approach5_skyhost_run2,5046000,1779281791.414169
approach5_skyhost_run2,5047000,1779281791.415939
approach5_skyhost_run2,5048000,1779281791.417681
approach5_skyhost_run2,5049000,1779281791.419441
approach5_skyhost_run2,5050000,1779281791.428213
approach5_skyhost_run2,5051000,1779281791.518201
approach5_skyhost_run2,5052000,1779281791.519950
approach5_skyhost_run2,5053000,1779281791.521699
approach5_skyhost_run2,5054000,1779281791.523464
approach5_skyhost_run2,5055000,1779281791.531952
approach5_skyhost_run2,5056000,1779281791.597925
approach5_skyhost_run2,5057000,1779281791.599691
approach5_skyhost_run2,5058000,1779281791.601431
approach5_skyhost_run2,5059000,1779281791.603199
approach5_skyhost_run2,5060000,1779281791.617117
approach5_skyhost_run2,5061000,1779281791.618872
approach5_skyhost_run2,5062000,1779281791.620612
approach5_skyhost_run2,5063000,1779281791.622372
approach5_skyhost_run2,5064000,1779281791.709079
approach5_skyhost_run2,5065000,1779281791.710835
approach5_skyhost_run2,5066000,1779281791.721074
approach5_skyhost_run2,5067000,1779281791.722814
approach5_skyhost_run2,5068000,1779281791.724550
approach5_skyhost_run2,5069000,1779281791.726325
approach5_skyhost_run2,5070000,1779281791.737411
approach5_skyhost_run2,5071000,1779281791.824529
approach5_skyhost_run2,5072000,1779281791.826342
approach5_skyhost_run2,5073000,1779281791.828083
approach5_skyhost_run2,5074000,1779281791.829825
approach5_skyhost_run2,5075000,1779281791.836861
approach5_skyhost_run2,5076000,1779281791.867273
approach5_skyhost_run2,5077000,1779281791.869002
approach5_skyhost_run2,5078000,1779281791.870757
approach5_skyhost_run2,5079000,1779281791.872513
approach5_skyhost_run2,5080000,1779281791.886194
approach5_skyhost_run2,5081000,1779281791.887942
approach5_skyhost_run2,5082000,1779281791.889685
approach5_skyhost_run2,5083000,1779281791.891448
approach5_skyhost_run2,5084000,1779281791.971263
approach5_skyhost_run2,5085000,1779281791.973740
approach5_skyhost_run2,5086000,1779281791.975525
approach5_skyhost_run2,5087000,1779281791.977268
approach5_skyhost_run2,5088000,1779281791.979019
approach5_skyhost_run2,5089000,1779281791.980766
approach5_skyhost_run2,5090000,1779281791.988568
approach5_skyhost_run2,5091000,1779281791.990308
approach5_skyhost_run2,5092000,1779281791.992051
approach5_skyhost_run2,5093000,1779281791.993795
approach5_skyhost_run2,5094000,1779281792.075797
approach5_skyhost_run2,5095000,1779281792.077544
approach5_skyhost_run2,5096000,1779281792.129695
approach5_skyhost_run2,5097000,1779281792.131440
approach5_skyhost_run2,5098000,1779281792.133180
approach5_skyhost_run2,5099000,1779281792.134971
approach5_skyhost_run2,5100000,1779281792.144383
approach5_skyhost_run2,5101000,1779281792.234033
approach5_skyhost_run2,5102000,1779281792.235800
approach5_skyhost_run2,5103000,1779281792.237545
approach5_skyhost_run2,5104000,1779281792.239310
approach5_skyhost_run2,5105000,1779281792.247411
approach5_skyhost_run2,5106000,1779281792.336303
approach5_skyhost_run2,5107000,1779281792.338033
approach5_skyhost_run2,5108000,1779281792.339793
approach5_skyhost_run2,5109000,1779281792.341544
approach5_skyhost_run2,5110000,1779281792.352329
approach5_skyhost_run2,5111000,1779281792.437107
approach5_skyhost_run2,5112000,1779281792.438858
approach5_skyhost_run2,5113000,1779281792.440600
approach5_skyhost_run2,5114000,1779281792.442368
approach5_skyhost_run2,5115000,1779281792.488916
approach5_skyhost_run2,5116000,1779281792.542368
approach5_skyhost_run2,5117000,1779281792.544109
approach5_skyhost_run2,5118000,1779281792.545883
approach5_skyhost_run2,5119000,1779281792.547697
approach5_skyhost_run2,5120000,1779281792.555924
approach5_skyhost_run2,5121000,1779281792.642357
approach5_skyhost_run2,5122000,1779281792.644101
approach5_skyhost_run2,5123000,1779281792.645875
approach5_skyhost_run2,5124000,1779281792.647645
approach5_skyhost_run2,5125000,1779281792.656086
approach5_skyhost_run2,5126000,1779281792.729186
approach5_skyhost_run2,5127000,1779281792.730948
approach5_skyhost_run2,5128000,1779281792.732683
approach5_skyhost_run2,5129000,1779281792.734434
approach5_skyhost_run2,5130000,1779281792.747692
approach5_skyhost_run2,5131000,1779281792.749432
approach5_skyhost_run2,5132000,1779281792.751183
approach5_skyhost_run2,5133000,1779281792.752929
approach5_skyhost_run2,5134000,1779281792.833636
approach5_skyhost_run2,5135000,1779281792.835440
approach5_skyhost_run2,5136000,1779281792.851161
approach5_skyhost_run2,5137000,1779281792.852899
approach5_skyhost_run2,5138000,1779281792.854656
approach5_skyhost_run2,5139000,1779281792.856430
approach5_skyhost_run2,5140000,1779281792.866375
approach5_skyhost_run2,5141000,1779281792.951948
approach5_skyhost_run2,5142000,1779281792.953680
approach5_skyhost_run2,5143000,1779281792.955459
approach5_skyhost_run2,5144000,1779281792.957213
approach5_skyhost_run2,5145000,1779281792.965288
approach5_skyhost_run2,5146000,1779281793.038148
approach5_skyhost_run2,5147000,1779281793.039893
approach5_skyhost_run2,5148000,1779281793.041630
approach5_skyhost_run2,5149000,1779281793.043391
approach5_skyhost_run2,5150000,1779281793.056103
approach5_skyhost_run2,5151000,1779281793.057833
approach5_skyhost_run2,5152000,1779281793.059584
approach5_skyhost_run2,5153000,1779281793.061342
approach5_skyhost_run2,5154000,1779281793.143935
approach5_skyhost_run2,5155000,1779281793.145697
approach5_skyhost_run2,5156000,1779281793.158440
approach5_skyhost_run2,5157000,1779281793.160184
approach5_skyhost_run2,5158000,1779281793.161932
approach5_skyhost_run2,5159000,1779281793.163698
approach5_skyhost_run2,5160000,1779281793.175761
approach5_skyhost_run2,5161000,1779281793.260078
approach5_skyhost_run2,5162000,1779281793.261802
approach5_skyhost_run2,5163000,1779281793.263551
approach5_skyhost_run2,5164000,1779281793.265325
approach5_skyhost_run2,5165000,1779281793.274231
approach5_skyhost_run2,5166000,1779281793.402552
approach5_skyhost_run2,5167000,1779281793.404288
approach5_skyhost_run2,5168000,1779281793.406056
approach5_skyhost_run2,5169000,1779281793.407820
approach5_skyhost_run2,5170000,1779281793.415163
approach5_skyhost_run2,5171000,1779281793.499412
approach5_skyhost_run2,5172000,1779281793.501156
approach5_skyhost_run2,5173000,1779281793.502917
approach5_skyhost_run2,5174000,1779281793.504669
approach5_skyhost_run2,5175000,1779281793.512385
approach5_skyhost_run2,5176000,1779281793.566827
approach5_skyhost_run2,5177000,1779281793.568569
approach5_skyhost_run2,5178000,1779281793.570326
approach5_skyhost_run2,5179000,1779281793.572074
approach5_skyhost_run2,5180000,1779281793.582873
approach5_skyhost_run2,5181000,1779281793.656352
approach5_skyhost_run2,5182000,1779281793.985971
approach5_skyhost_run2,5183000,1779281793.987737
approach5_skyhost_run2,5184000,1779281793.989480
approach5_skyhost_run2,5185000,1779281793.991245
approach5_skyhost_run2,5186000,1779281794.017725
approach5_skyhost_run2,5187000,1779281794.076197
approach5_skyhost_run2,5188000,1779281794.077948
approach5_skyhost_run2,5189000,1779281794.079711
approach5_skyhost_run2,5190000,1779281794.081478
approach5_skyhost_run2,5191000,1779281794.090278
approach5_skyhost_run2,5192000,1779281794.180569
approach5_skyhost_run2,5193000,1779281794.182304
approach5_skyhost_run2,5194000,1779281794.184042
approach5_skyhost_run2,5195000,1779281794.185818
approach5_skyhost_run2,5196000,1779281794.192662
approach5_skyhost_run2,5197000,1779281794.278976
approach5_skyhost_run2,5198000,1779281794.280741
approach5_skyhost_run2,5199000,1779281794.282496
approach5_skyhost_run2,5200000,1779281794.284239
approach5_skyhost_run2,5201000,1779281794.324886
approach5_skyhost_run2,5202000,1779281794.326627
approach5_skyhost_run2,5203000,1779281794.328509
approach5_skyhost_run2,5204000,1779281794.330275
approach5_skyhost_run2,5205000,1779281794.332032
approach5_skyhost_run2,5206000,1779281794.342628
approach5_skyhost_run2,5207000,1779281794.344375
approach5_skyhost_run2,5208000,1779281794.346135
approach5_skyhost_run2,5209000,1779281794.347897
approach5_skyhost_run2,5210000,1779281794.429386
approach5_skyhost_run2,5211000,1779281794.431142
approach5_skyhost_run2,5212000,1779281794.497825
approach5_skyhost_run2,5213000,1779281794.499581
approach5_skyhost_run2,5214000,1779281794.501319
approach5_skyhost_run2,5215000,1779281794.503080
approach5_skyhost_run2,5216000,1779281794.510456
approach5_skyhost_run2,5217000,1779281794.565667
approach5_skyhost_run2,5218000,1779281794.567417
approach5_skyhost_run2,5219000,1779281794.569166
approach5_skyhost_run2,5220000,1779281794.570940
approach5_skyhost_run2,5221000,1779281794.584650
approach5_skyhost_run2,5222000,1779281794.586424
approach5_skyhost_run2,5223000,1779281794.588171
approach5_skyhost_run2,5224000,1779281794.589925
approach5_skyhost_run2,5225000,1779281794.718573
approach5_skyhost_run2,5226000,1779281794.720318
approach5_skyhost_run2,5227000,1779281794.727889
approach5_skyhost_run2,5228000,1779281794.729640
approach5_skyhost_run2,5229000,1779281794.731400
approach5_skyhost_run2,5230000,1779281794.733161
approach5_skyhost_run2,5231000,1779281794.741500
approach5_skyhost_run2,5232000,1779281795.056764
approach5_skyhost_run2,5233000,1779281795.058514
approach5_skyhost_run2,5234000,1779281795.060266
approach5_skyhost_run2,5235000,1779281795.062021
approach5_skyhost_run2,5236000,1779281795.077407
approach5_skyhost_run2,5237000,1779281795.079163
approach5_skyhost_run2,5238000,1779281795.080912
approach5_skyhost_run2,5239000,1779281795.082675
approach5_skyhost_run2,5240000,1779281795.090518
approach5_skyhost_run2,5241000,1779281795.096883
approach5_skyhost_run2,5242000,1779281795.098624
approach5_skyhost_run2,5243000,1779281795.100365
approach5_skyhost_run2,5244000,1779281795.102112
approach5_skyhost_run2,5245000,1779281795.183633
approach5_skyhost_run2,5246000,1779281795.185410
approach5_skyhost_run2,5247000,1779281795.210217
approach5_skyhost_run2,5248000,1779281795.211973
approach5_skyhost_run2,5249000,1779281795.213723
approach5_skyhost_run2,5250000,1779281795.215518
approach5_skyhost_run2,5251000,1779281795.244444
approach5_skyhost_run2,5252000,1779281795.313035
approach5_skyhost_run2,5253000,1779281795.314778
approach5_skyhost_run2,5254000,1779281795.316541
approach5_skyhost_run2,5255000,1779281795.318300
approach5_skyhost_run2,5256000,1779281795.350343
approach5_skyhost_run2,5257000,1779281795.406700
approach5_skyhost_run2,5258000,1779281795.408430
approach5_skyhost_run2,5259000,1779281795.410165
approach5_skyhost_run2,5260000,1779281795.411907
approach5_skyhost_run2,5261000,1779281795.419268
approach5_skyhost_run2,5262000,1779281795.519866
approach5_skyhost_run2,5263000,1779281795.521599
approach5_skyhost_run2,5264000,1779281795.523349
approach5_skyhost_run2,5265000,1779281795.525120
approach5_skyhost_run2,5266000,1779281795.543919
approach5_skyhost_run2,5267000,1779281795.608845
approach5_skyhost_run2,5268000,1779281795.610587
approach5_skyhost_run2,5269000,1779281795.612316
approach5_skyhost_run2,5270000,1779281795.614053
approach5_skyhost_run2,5271000,1779281795.623105
approach5_skyhost_run2,5272000,1779281795.712353
approach5_skyhost_run2,5273000,1779281795.714101
approach5_skyhost_run2,5274000,1779281795.715886
approach5_skyhost_run2,5275000,1779281795.717634
approach5_skyhost_run2,5276000,1779281795.725446
approach5_skyhost_run2,5277000,1779281795.813657
approach5_skyhost_run2,5278000,1779281795.815427
approach5_skyhost_run2,5279000,1779281795.817156
approach5_skyhost_run2,5280000,1779281795.818914
approach5_skyhost_run2,5281000,1779281795.827135
approach5_skyhost_run2,5282000,1779281795.902309
approach5_skyhost_run2,5283000,1779281795.904056
approach5_skyhost_run2,5284000,1779281795.905831
approach5_skyhost_run2,5285000,1779281795.907606
approach5_skyhost_run2,5286000,1779281795.921256
approach5_skyhost_run2,5287000,1779281795.923003
approach5_skyhost_run2,5288000,1779281795.924736
approach5_skyhost_run2,5289000,1779281795.926527
approach5_skyhost_run2,5290000,1779281796.008422
approach5_skyhost_run2,5291000,1779281796.010161
approach5_skyhost_run2,5292000,1779281796.032105
approach5_skyhost_run2,5293000,1779281796.033831
approach5_skyhost_run2,5294000,1779281796.035600
approach5_skyhost_run2,5295000,1779281796.037333
approach5_skyhost_run2,5296000,1779281796.046991
approach5_skyhost_run2,5297000,1779281796.120793
approach5_skyhost_run2,5298000,1779281796.122549
approach5_skyhost_run2,5299000,1779281796.124302
approach5_skyhost_run2,5300000,1779281796.126088
approach5_skyhost_run2,5301000,1779281796.133850
approach5_skyhost_run2,5302000,1779281796.165732
approach5_skyhost_run2,5303000,1779281796.167476
approach5_skyhost_run2,5304000,1779281796.169219
approach5_skyhost_run2,5305000,1779281796.170981
approach5_skyhost_run2,5306000,1779281796.184161
approach5_skyhost_run2,5307000,1779281796.185919
approach5_skyhost_run2,5308000,1779281796.187721
approach5_skyhost_run2,5309000,1779281796.189486
approach5_skyhost_run2,5310000,1779281796.270786
approach5_skyhost_run2,5311000,1779281796.272534
approach5_skyhost_run2,5312000,1779281796.324626
approach5_skyhost_run2,5313000,1779281796.326391
approach5_skyhost_run2,5314000,1779281796.328120
approach5_skyhost_run2,5315000,1779281796.329858
approach5_skyhost_run2,5316000,1779281796.338568
approach5_skyhost_run2,5317000,1779281796.426445
approach5_skyhost_run2,5318000,1779281796.428185
approach5_skyhost_run2,5319000,1779281796.429919
approach5_skyhost_run2,5320000,1779281796.431684
approach5_skyhost_run2,5321000,1779281796.479732
approach5_skyhost_run2,5322000,1779281796.531993
approach5_skyhost_run2,5323000,1779281796.533726
approach5_skyhost_run2,5324000,1779281796.535519
approach5_skyhost_run2,5325000,1779281796.537268
approach5_skyhost_run2,5326000,1779281796.544862
approach5_skyhost_run2,5327000,1779281796.635669
approach5_skyhost_run2,5328000,1779281796.637409
approach5_skyhost_run2,5329000,1779281796.639168
approach5_skyhost_run2,5330000,1779281796.640926
approach5_skyhost_run2,5331000,1779281796.655043
approach5_skyhost_run2,5332000,1779281796.736186
approach5_skyhost_run2,5333000,1779281796.737930
approach5_skyhost_run2,5334000,1779281796.739673
approach5_skyhost_run2,5335000,1779281796.741410
approach5_skyhost_run2,5336000,1779281796.750792
approach5_skyhost_run2,5337000,1779281796.838576
approach5_skyhost_run2,5338000,1779281796.840309
approach5_skyhost_run2,5339000,1779281796.842041
approach5_skyhost_run2,5340000,1779281796.843801
approach5_skyhost_run2,5341000,1779281796.851931
approach5_skyhost_run2,5342000,1779281796.940568
approach5_skyhost_run2,5343000,1779281796.942320
approach5_skyhost_run2,5344000,1779281796.944063
approach5_skyhost_run2,5345000,1779281796.945851
approach5_skyhost_run2,5346000,1779281796.955086
approach5_skyhost_run2,5347000,1779281797.080194
approach5_skyhost_run2,5348000,1779281797.081940
approach5_skyhost_run2,5349000,1779281797.083696
approach5_skyhost_run2,5350000,1779281797.085466
approach5_skyhost_run2,5351000,1779281797.092155
approach5_skyhost_run2,5352000,1779281797.158532
approach5_skyhost_run2,5353000,1779281797.160268
approach5_skyhost_run2,5354000,1779281797.162012
approach5_skyhost_run2,5355000,1779281797.163769
approach5_skyhost_run2,5356000,1779281797.187318
approach5_skyhost_run2,5357000,1779281797.248955
approach5_skyhost_run2,5358000,1779281797.250698
approach5_skyhost_run2,5359000,1779281797.252444
approach5_skyhost_run2,5360000,1779281797.254202
approach5_skyhost_run2,5361000,1779281797.299878
approach5_skyhost_run2,5362000,1779281797.327915
approach5_skyhost_run2,5363000,1779281797.329665
approach5_skyhost_run2,5364000,1779281797.331428
approach5_skyhost_run2,5365000,1779281797.333183
approach5_skyhost_run2,5366000,1779281797.346203
approach5_skyhost_run2,5367000,1779281797.347949
approach5_skyhost_run2,5368000,1779281797.349691
approach5_skyhost_run2,5369000,1779281797.351448
approach5_skyhost_run2,5370000,1779281797.434114
approach5_skyhost_run2,5371000,1779281797.435929
approach5_skyhost_run2,5372000,1779281797.454298
approach5_skyhost_run2,5373000,1779281797.456045
approach5_skyhost_run2,5374000,1779281797.457779
approach5_skyhost_run2,5375000,1779281797.459538
approach5_skyhost_run2,5376000,1779281797.467887
approach5_skyhost_run2,5377000,1779281797.556457
approach5_skyhost_run2,5378000,1779281797.558202
approach5_skyhost_run2,5379000,1779281797.559966
approach5_skyhost_run2,5380000,1779281797.561729
approach5_skyhost_run2,5381000,1779281797.571153
approach5_skyhost_run2,5382000,1779281797.659112
approach5_skyhost_run2,5383000,1779281797.660845
approach5_skyhost_run2,5384000,1779281797.662592
approach5_skyhost_run2,5385000,1779281797.664346
approach5_skyhost_run2,5386000,1779281797.672574
approach5_skyhost_run2,5387000,1779281797.760612
approach5_skyhost_run2,5388000,1779281797.762368
approach5_skyhost_run2,5389000,1779281797.764116
approach5_skyhost_run2,5390000,1779281797.765902
approach5_skyhost_run2,5391000,1779281797.773428
approach5_skyhost_run2,5392000,1779281797.875308
approach5_skyhost_run2,5393000,1779281797.877043
approach5_skyhost_run2,5394000,1779281797.878793
approach5_skyhost_run2,5395000,1779281797.880541
approach5_skyhost_run2,5396000,1779281797.903139
approach5_skyhost_run2,5397000,1779281797.967533
approach5_skyhost_run2,5398000,1779281797.969263
approach5_skyhost_run2,5399000,1779281797.971014
approach5_skyhost_run2,5400000,1779281797.972767
approach5_skyhost_run2,5401000,1779281797.980282
approach5_skyhost_run2,5402000,1779281798.069362
approach5_skyhost_run2,5403000,1779281798.071121
approach5_skyhost_run2,5404000,1779281798.072866
approach5_skyhost_run2,5405000,1779281798.074625
approach5_skyhost_run2,5406000,1779281798.084115
approach5_skyhost_run2,5407000,1779281798.171217
approach5_skyhost_run2,5408000,1779281798.172971
approach5_skyhost_run2,5409000,1779281798.174755
approach5_skyhost_run2,5410000,1779281798.176557
approach5_skyhost_run2,5411000,1779281798.187449
approach5_skyhost_run2,5412000,1779281798.274099
approach5_skyhost_run2,5413000,1779281798.275869
approach5_skyhost_run2,5414000,1779281798.277609
approach5_skyhost_run2,5415000,1779281798.279368
approach5_skyhost_run2,5416000,1779281798.287513
approach5_skyhost_run2,5417000,1779281798.381264
approach5_skyhost_run2,5418000,1779281798.383020
approach5_skyhost_run2,5419000,1779281798.384770
approach5_skyhost_run2,5420000,1779281798.386563
approach5_skyhost_run2,5421000,1779281798.393932
approach5_skyhost_run2,5422000,1779281798.480286
approach5_skyhost_run2,5423000,1779281798.482031
approach5_skyhost_run2,5424000,1779281798.483792
approach5_skyhost_run2,5425000,1779281798.485585
approach5_skyhost_run2,5426000,1779281798.495070
approach5_skyhost_run2,5427000,1779281798.523728
approach5_skyhost_run2,5428000,1779281798.525494
approach5_skyhost_run2,5429000,1779281798.527255
approach5_skyhost_run2,5430000,1779281798.529013
approach5_skyhost_run2,5431000,1779281798.542514
approach5_skyhost_run2,5432000,1779281798.544265
approach5_skyhost_run2,5433000,1779281798.546031
approach5_skyhost_run2,5434000,1779281798.547837
approach5_skyhost_run2,5435000,1779281798.629590
approach5_skyhost_run2,5436000,1779281798.631343
approach5_skyhost_run2,5437000,1779281798.686184
approach5_skyhost_run2,5438000,1779281798.687926
approach5_skyhost_run2,5439000,1779281798.689662
approach5_skyhost_run2,5440000,1779281798.691420
approach5_skyhost_run2,5441000,1779281798.699407
approach5_skyhost_run2,5442000,1779281798.747948
approach5_skyhost_run2,5443000,1779281798.749686
approach5_skyhost_run2,5444000,1779281798.751438
approach5_skyhost_run2,5445000,1779281798.753190
approach5_skyhost_run2,5446000,1779281798.784007
approach5_skyhost_run2,5447000,1779281798.785770
approach5_skyhost_run2,5448000,1779281798.787522
approach5_skyhost_run2,5449000,1779281798.789263
approach5_skyhost_run2,5450000,1779281798.869963
approach5_skyhost_run2,5451000,1779281798.871722
approach5_skyhost_run2,5452000,1779281798.885001
approach5_skyhost_run2,5453000,1779281798.886751
approach5_skyhost_run2,5454000,1779281798.888495
approach5_skyhost_run2,5455000,1779281798.890245
approach5_skyhost_run2,5456000,1779281798.903266
approach5_skyhost_run2,5457000,1779281798.905016
approach5_skyhost_run2,5458000,1779281798.906770
approach5_skyhost_run2,5459000,1779281798.908496
approach5_skyhost_run2,5460000,1779281798.990535
approach5_skyhost_run2,5461000,1779281798.992277
approach5_skyhost_run2,5462000,1779281799.058310
approach5_skyhost_run2,5463000,1779281799.060045
approach5_skyhost_run2,5464000,1779281799.061785
approach5_skyhost_run2,5465000,1779281799.063544
approach5_skyhost_run2,5466000,1779281799.089960
approach5_skyhost_run2,5467000,1779281799.093255
approach5_skyhost_run2,5468000,1779281799.095027
approach5_skyhost_run2,5469000,1779281799.096778
approach5_skyhost_run2,5470000,1779281799.098550
approach5_skyhost_run2,5471000,1779281799.109215
approach5_skyhost_run2,5472000,1779281799.190614
approach5_skyhost_run2,5473000,1779281799.192368
approach5_skyhost_run2,5474000,1779281799.210489
approach5_skyhost_run2,5475000,1779281799.212231
approach5_skyhost_run2,5476000,1779281799.213976
approach5_skyhost_run2,5477000,1779281799.299678
approach5_skyhost_run2,5478000,1779281799.301423
approach5_skyhost_run2,5479000,1779281799.303179
approach5_skyhost_run2,5480000,1779281799.304947
approach5_skyhost_run2,5481000,1779281799.312962
approach5_skyhost_run2,5482000,1779281799.346632
approach5_skyhost_run2,5483000,1779281799.348367
approach5_skyhost_run2,5484000,1779281799.350110
approach5_skyhost_run2,5485000,1779281799.351879
approach5_skyhost_run2,5486000,1779281799.365134
approach5_skyhost_run2,5487000,1779281799.366886
approach5_skyhost_run2,5488000,1779281799.368647
approach5_skyhost_run2,5489000,1779281799.370424
approach5_skyhost_run2,5490000,1779281799.452338
approach5_skyhost_run2,5491000,1779281799.454074
approach5_skyhost_run2,5492000,1779281799.518497
approach5_skyhost_run2,5493000,1779281799.520270
approach5_skyhost_run2,5494000,1779281799.522046
approach5_skyhost_run2,5495000,1779281799.523827
approach5_skyhost_run2,5496000,1779281799.549441
approach5_skyhost_run2,5497000,1779281799.608229
approach5_skyhost_run2,5498000,1779281799.609983
approach5_skyhost_run2,5499000,1779281799.611734
approach5_skyhost_run2,5500000,1779281799.613478
approach5_skyhost_run2,5501000,1779281799.621235
approach5_skyhost_run2,5502000,1779281799.714143
approach5_skyhost_run2,5503000,1779281799.715921
approach5_skyhost_run2,5504000,1779281799.717651
approach5_skyhost_run2,5505000,1779281799.719412
approach5_skyhost_run2,5506000,1779281799.730150
approach5_skyhost_run2,5507000,1779281799.849403
approach5_skyhost_run2,5508000,1779281799.851156
approach5_skyhost_run2,5509000,1779281799.852900
approach5_skyhost_run2,5510000,1779281799.854664
approach5_skyhost_run2,5511000,1779281799.864409
approach5_skyhost_run2,5512000,1779281799.914370
approach5_skyhost_run2,5513000,1779281799.916183
approach5_skyhost_run2,5514000,1779281799.917938
approach5_skyhost_run2,5515000,1779281799.919714
approach5_skyhost_run2,5516000,1779281799.936329
approach5_skyhost_run2,5517000,1779281800.018678
approach5_skyhost_run2,5518000,1779281800.020428
approach5_skyhost_run2,5519000,1779281800.022174
approach5_skyhost_run2,5520000,1779281800.023928
approach5_skyhost_run2,5521000,1779281800.031960
approach5_skyhost_run2,5522000,1779281800.124015
approach5_skyhost_run2,5523000,1779281800.125777
approach5_skyhost_run2,5524000,1779281800.127534
approach5_skyhost_run2,5525000,1779281800.129282
approach5_skyhost_run2,5526000,1779281800.136707
approach5_skyhost_run2,5527000,1779281800.164347
approach5_skyhost_run2,5528000,1779281800.166114
approach5_skyhost_run2,5529000,1779281800.167874
approach5_skyhost_run2,5530000,1779281800.169631
approach5_skyhost_run2,5531000,1779281800.182699
approach5_skyhost_run2,5532000,1779281800.184430
approach5_skyhost_run2,5533000,1779281800.186188
approach5_skyhost_run2,5534000,1779281800.187940
approach5_skyhost_run2,5535000,1779281800.269773
approach5_skyhost_run2,5536000,1779281800.271525
approach5_skyhost_run2,5537000,1779281800.332433
approach5_skyhost_run2,5538000,1779281800.334184
approach5_skyhost_run2,5539000,1779281800.335983
approach5_skyhost_run2,5540000,1779281800.337743
approach5_skyhost_run2,5541000,1779281800.345929
approach5_skyhost_run2,5542000,1779281800.530478
approach5_skyhost_run2,5543000,1779281800.532216
approach5_skyhost_run2,5544000,1779281800.533955
approach5_skyhost_run2,5545000,1779281800.535750
approach5_skyhost_run2,5546000,1779281800.579378
approach5_skyhost_run2,5547000,1779281800.615299
approach5_skyhost_run2,5548000,1779281800.617039
approach5_skyhost_run2,5549000,1779281800.618814
approach5_skyhost_run2,5550000,1779281800.620557
approach5_skyhost_run2,5551000,1779281800.635707
approach5_skyhost_run2,5552000,1779281800.637460
approach5_skyhost_run2,5553000,1779281800.639216
approach5_skyhost_run2,5554000,1779281800.640966
approach5_skyhost_run2,5555000,1779281800.725595
approach5_skyhost_run2,5556000,1779281800.727352
approach5_skyhost_run2,5557000,1779281800.735381
approach5_skyhost_run2,5558000,1779281800.737123
approach5_skyhost_run2,5559000,1779281800.738879
approach5_skyhost_run2,5560000,1779281800.740678
approach5_skyhost_run2,5561000,1779281800.751462
approach5_skyhost_run2,5562000,1779281800.877383
approach5_skyhost_run2,5563000,1779281800.879129
approach5_skyhost_run2,5564000,1779281800.880872
approach5_skyhost_run2,5565000,1779281800.882639
approach5_skyhost_run2,5566000,1779281800.888940
approach5_skyhost_run2,5567000,1779281800.938273
approach5_skyhost_run2,5568000,1779281800.940020
approach5_skyhost_run2,5569000,1779281800.941757
approach5_skyhost_run2,5570000,1779281800.943526
approach5_skyhost_run2,5571000,1779281800.952359
approach5_skyhost_run2,5572000,1779281800.984969
approach5_skyhost_run2,5573000,1779281800.986720
approach5_skyhost_run2,5574000,1779281800.988462
approach5_skyhost_run2,5575000,1779281800.990197
approach5_skyhost_run2,5576000,1779281801.003159
approach5_skyhost_run2,5577000,1779281801.004902
approach5_skyhost_run2,5578000,1779281801.006640
approach5_skyhost_run2,5579000,1779281801.008379
approach5_skyhost_run2,5580000,1779281801.090152
approach5_skyhost_run2,5581000,1779281801.091897
approach5_skyhost_run2,5582000,1779281801.449340
approach5_skyhost_run2,5583000,1779281801.451112
approach5_skyhost_run2,5584000,1779281801.452872
approach5_skyhost_run2,5585000,1779281801.454645
approach5_skyhost_run2,5586000,1779281801.503759
approach5_skyhost_run2,5587000,1779281801.551045
approach5_skyhost_run2,5588000,1779281801.552794
approach5_skyhost_run2,5589000,1779281801.554553
approach5_skyhost_run2,5590000,1779281801.556324
approach5_skyhost_run2,5591000,1779281801.565315
approach5_skyhost_run2,5592000,1779281801.652704
approach5_skyhost_run2,5593000,1779281801.654454
approach5_skyhost_run2,5594000,1779281801.656221
approach5_skyhost_run2,5595000,1779281801.657969
approach5_skyhost_run2,5596000,1779281801.667567
approach5_skyhost_run2,5597000,1779281801.756071
approach5_skyhost_run2,5598000,1779281801.757822
approach5_skyhost_run2,5599000,1779281801.759588
approach5_skyhost_run2,5600000,1779281801.761347
approach5_skyhost_run2,5601000,1779281801.771185
approach5_skyhost_run2,5602000,1779281801.856948
approach5_skyhost_run2,5603000,1779281801.858695
approach5_skyhost_run2,5604000,1779281801.860440
approach5_skyhost_run2,5605000,1779281801.862192
approach5_skyhost_run2,5606000,1779281801.908813
approach5_skyhost_run2,5607000,1779281801.960150
approach5_skyhost_run2,5608000,1779281801.961890
approach5_skyhost_run2,5609000,1779281801.963643
approach5_skyhost_run2,5610000,1779281801.965421
approach5_skyhost_run2,5611000,1779281801.976876
approach5_skyhost_run2,5612000,1779281802.063238
approach5_skyhost_run2,5613000,1779281802.065004
approach5_skyhost_run2,5614000,1779281802.066766
approach5_skyhost_run2,5615000,1779281802.068515
approach5_skyhost_run2,5616000,1779281802.113059
approach5_skyhost_run2,5617000,1779281802.164800
approach5_skyhost_run2,5618000,1779281802.166565
approach5_skyhost_run2,5619000,1779281802.168323
approach5_skyhost_run2,5620000,1779281802.170085
approach5_skyhost_run2,5621000,1779281802.215228
approach5_skyhost_run2,5622000,1779281802.265514
approach5_skyhost_run2,5623000,1779281802.267314
approach5_skyhost_run2,5624000,1779281802.269075
approach5_skyhost_run2,5625000,1779281802.270848
approach5_skyhost_run2,5626000,1779281802.280193
approach5_skyhost_run2,5627000,1779281802.370034
approach5_skyhost_run2,5628000,1779281802.371783
approach5_skyhost_run2,5629000,1779281802.373524
approach5_skyhost_run2,5630000,1779281802.375299
approach5_skyhost_run2,5631000,1779281802.382358
approach5_skyhost_run2,5632000,1779281802.470471
approach5_skyhost_run2,5633000,1779281802.472207
approach5_skyhost_run2,5634000,1779281802.473943
approach5_skyhost_run2,5635000,1779281802.475728
approach5_skyhost_run2,5636000,1779281802.485039
approach5_skyhost_run2,5637000,1779281802.575108
approach5_skyhost_run2,5638000,1779281802.576835
approach5_skyhost_run2,5639000,1779281802.578622
approach5_skyhost_run2,5640000,1779281802.580368
approach5_skyhost_run2,5641000,1779281802.587694
approach5_skyhost_run2,5642000,1779281802.676839
approach5_skyhost_run2,5643000,1779281802.678583
approach5_skyhost_run2,5644000,1779281802.680316
approach5_skyhost_run2,5645000,1779281802.682062
approach5_skyhost_run2,5646000,1779281802.692399
approach5_skyhost_run2,5647000,1779281802.720554
approach5_skyhost_run2,5648000,1779281802.722300
approach5_skyhost_run2,5649000,1779281802.724041
approach5_skyhost_run2,5650000,1779281802.725822
approach5_skyhost_run2,5651000,1779281802.739342
approach5_skyhost_run2,5652000,1779281802.741076
approach5_skyhost_run2,5653000,1779281802.742824
approach5_skyhost_run2,5654000,1779281802.744570
approach5_skyhost_run2,5655000,1779281802.830955
approach5_skyhost_run2,5656000,1779281802.832696
approach5_skyhost_run2,5657000,1779281802.882058
approach5_skyhost_run2,5658000,1779281802.883810
approach5_skyhost_run2,5659000,1779281802.885564
approach5_skyhost_run2,5660000,1779281802.887330
approach5_skyhost_run2,5661000,1779281802.895461
approach5_skyhost_run2,5662000,1779281803.023649
approach5_skyhost_run2,5663000,1779281803.025423
approach5_skyhost_run2,5664000,1779281803.027183
approach5_skyhost_run2,5665000,1779281803.028934
approach5_skyhost_run2,5666000,1779281803.036096
approach5_skyhost_run2,5667000,1779281803.123729
approach5_skyhost_run2,5668000,1779281803.125504
approach5_skyhost_run2,5669000,1779281803.127270
approach5_skyhost_run2,5670000,1779281803.129018
approach5_skyhost_run2,5671000,1779281803.137594
approach5_skyhost_run2,5672000,1779281803.189518
approach5_skyhost_run2,5673000,1779281803.191267
approach5_skyhost_run2,5674000,1779281803.193003
approach5_skyhost_run2,5675000,1779281803.194767
approach5_skyhost_run2,5676000,1779281803.203722
approach5_skyhost_run2,5677000,1779281803.293453
approach5_skyhost_run2,5678000,1779281803.295229
approach5_skyhost_run2,5679000,1779281803.296979
approach5_skyhost_run2,5680000,1779281803.298748
approach5_skyhost_run2,5681000,1779281803.307508
approach5_skyhost_run2,5682000,1779281803.398030
approach5_skyhost_run2,5683000,1779281803.399779
approach5_skyhost_run2,5684000,1779281803.401531
approach5_skyhost_run2,5685000,1779281803.403313
approach5_skyhost_run2,5686000,1779281803.412951
approach5_skyhost_run2,5687000,1779281803.498027
approach5_skyhost_run2,5688000,1779281803.499774
approach5_skyhost_run2,5689000,1779281803.501517
approach5_skyhost_run2,5690000,1779281803.503286
approach5_skyhost_run2,5691000,1779281803.516083
approach5_skyhost_run2,5692000,1779281803.600514
approach5_skyhost_run2,5693000,1779281803.602250
approach5_skyhost_run2,5694000,1779281803.603991
approach5_skyhost_run2,5695000,1779281803.605753
approach5_skyhost_run2,5696000,1779281803.615094
approach5_skyhost_run2,5697000,1779281803.703071
approach5_skyhost_run2,5698000,1779281803.704830
approach5_skyhost_run2,5699000,1779281803.706581
approach5_skyhost_run2,5700000,1779281803.708330
approach5_skyhost_run2,5701000,1779281803.716866
approach5_skyhost_run2,5702000,1779281803.746032
approach5_skyhost_run2,5703000,1779281803.747778
approach5_skyhost_run2,5704000,1779281803.749518
approach5_skyhost_run2,5705000,1779281803.751282
approach5_skyhost_run2,5706000,1779281803.766814
approach5_skyhost_run2,5707000,1779281803.768545
approach5_skyhost_run2,5708000,1779281803.770281
approach5_skyhost_run2,5709000,1779281803.772040
approach5_skyhost_run2,5710000,1779281803.856318
approach5_skyhost_run2,5711000,1779281803.858057
approach5_skyhost_run2,5712000,1779281803.912500
approach5_skyhost_run2,5713000,1779281803.914229
approach5_skyhost_run2,5714000,1779281803.916003
approach5_skyhost_run2,5715000,1779281803.917755
approach5_skyhost_run2,5716000,1779281803.925545
approach5_skyhost_run2,5717000,1779281804.010839
approach5_skyhost_run2,5718000,1779281804.012580
approach5_skyhost_run2,5719000,1779281804.014333
approach5_skyhost_run2,5720000,1779281804.016114
approach5_skyhost_run2,5721000,1779281804.026397
approach5_skyhost_run2,5722000,1779281804.112148
approach5_skyhost_run2,5723000,1779281804.113881
approach5_skyhost_run2,5724000,1779281804.115660
approach5_skyhost_run2,5725000,1779281804.117403
approach5_skyhost_run2,5726000,1779281804.125782
approach5_skyhost_run2,5727000,1779281804.214224
approach5_skyhost_run2,5728000,1779281804.215989
approach5_skyhost_run2,5729000,1779281804.217724
approach5_skyhost_run2,5730000,1779281804.219485
approach5_skyhost_run2,5731000,1779281804.227736
approach5_skyhost_run2,5732000,1779281804.315023
approach5_skyhost_run2,5733000,1779281804.316764
approach5_skyhost_run2,5734000,1779281804.318509
approach5_skyhost_run2,5735000,1779281804.320257
approach5_skyhost_run2,5736000,1779281804.331433
approach5_skyhost_run2,5737000,1779281804.418781
approach5_skyhost_run2,5738000,1779281804.420527
approach5_skyhost_run2,5739000,1779281804.422277
approach5_skyhost_run2,5740000,1779281804.424052
approach5_skyhost_run2,5741000,1779281804.432798
approach5_skyhost_run2,5742000,1779281804.521443
approach5_skyhost_run2,5743000,1779281804.523192
approach5_skyhost_run2,5744000,1779281804.524965
approach5_skyhost_run2,5745000,1779281804.526744
approach5_skyhost_run2,5746000,1779281804.534765
approach5_skyhost_run2,5747000,1779281804.625899
approach5_skyhost_run2,5748000,1779281804.627644
approach5_skyhost_run2,5749000,1779281804.629434
approach5_skyhost_run2,5750000,1779281804.631216
approach5_skyhost_run2,5751000,1779281804.640512
approach5_skyhost_run2,5752000,1779281804.727066
approach5_skyhost_run2,5753000,1779281804.728807
approach5_skyhost_run2,5754000,1779281804.730569
approach5_skyhost_run2,5755000,1779281804.732328
approach5_skyhost_run2,5756000,1779281804.739833
approach5_skyhost_run2,5757000,1779281804.828376
approach5_skyhost_run2,5758000,1779281804.830119
approach5_skyhost_run2,5759000,1779281804.831876
approach5_skyhost_run2,5760000,1779281804.833629
approach5_skyhost_run2,5761000,1779281804.842325
approach5_skyhost_run2,5762000,1779281804.966148
approach5_skyhost_run2,5763000,1779281804.967893
approach5_skyhost_run2,5764000,1779281804.969635
approach5_skyhost_run2,5765000,1779281804.979508
approach5_skyhost_run2,5766000,1779281804.981249
approach5_skyhost_run2,5767000,1779281805.070091
approach5_skyhost_run2,5768000,1779281805.071844
approach5_skyhost_run2,5769000,1779281805.073591
approach5_skyhost_run2,5770000,1779281805.075387
approach5_skyhost_run2,5771000,1779281805.081347
approach5_skyhost_run2,5772000,1779281805.134727
approach5_skyhost_run2,5773000,1779281805.136479
approach5_skyhost_run2,5774000,1779281805.138227
approach5_skyhost_run2,5775000,1779281805.139999
approach5_skyhost_run2,5776000,1779281805.149120
approach5_skyhost_run2,5777000,1779281805.237192
approach5_skyhost_run2,5778000,1779281805.238948
approach5_skyhost_run2,5779000,1779281805.240686
approach5_skyhost_run2,5780000,1779281805.242451
approach5_skyhost_run2,5781000,1779281805.252366
approach5_skyhost_run2,5782000,1779281805.380063
approach5_skyhost_run2,5783000,1779281805.381788
approach5_skyhost_run2,5784000,1779281805.383538
approach5_skyhost_run2,5785000,1779281805.385310
approach5_skyhost_run2,5786000,1779281805.392666
approach5_skyhost_run2,5787000,1779281805.457706
approach5_skyhost_run2,5788000,1779281805.459463
approach5_skyhost_run2,5789000,1779281805.461211
approach5_skyhost_run2,5790000,1779281805.462991
approach5_skyhost_run2,5791000,1779281805.488680
approach5_skyhost_run2,5792000,1779281805.547878
approach5_skyhost_run2,5793000,1779281805.549626
approach5_skyhost_run2,5794000,1779281805.551388
approach5_skyhost_run2,5795000,1779281805.553147
approach5_skyhost_run2,5796000,1779281805.560992
approach5_skyhost_run2,5797000,1779281805.649927
approach5_skyhost_run2,5798000,1779281805.651675
approach5_skyhost_run2,5799000,1779281805.653419
approach5_skyhost_run2,5800000,1779281805.655210
approach5_skyhost_run2,5801000,1779281805.675502
approach5_skyhost_run2,5802000,1779281805.754118
approach5_skyhost_run2,5803000,1779281805.755900
approach5_skyhost_run2,5804000,1779281805.757654
approach5_skyhost_run2,5805000,1779281805.759421
approach5_skyhost_run2,5806000,1779281805.774447
approach5_skyhost_run2,5807000,1779281805.899419
approach5_skyhost_run2,5808000,1779281805.901166
approach5_skyhost_run2,5809000,1779281805.902913
approach5_skyhost_run2,5810000,1779281805.904655
approach5_skyhost_run2,5811000,1779281805.916020
approach5_skyhost_run2,5812000,1779281805.957245
approach5_skyhost_run2,5813000,1779281805.959006
approach5_skyhost_run2,5814000,1779281805.960748
approach5_skyhost_run2,5815000,1779281805.962518
approach5_skyhost_run2,5816000,1779281805.971332
approach5_skyhost_run2,5817000,1779281806.008687
approach5_skyhost_run2,5818000,1779281806.010421
approach5_skyhost_run2,5819000,1779281806.012158
approach5_skyhost_run2,5820000,1779281806.013902
approach5_skyhost_run2,5821000,1779281806.027730
approach5_skyhost_run2,5822000,1779281806.029455
approach5_skyhost_run2,5823000,1779281806.031199
approach5_skyhost_run2,5824000,1779281806.032943
approach5_skyhost_run2,5825000,1779281806.114764
approach5_skyhost_run2,5826000,1779281806.116535
approach5_skyhost_run2,5827000,1779281806.148092
approach5_skyhost_run2,5828000,1779281806.149851
approach5_skyhost_run2,5829000,1779281806.151607
approach5_skyhost_run2,5830000,1779281806.153357
approach5_skyhost_run2,5831000,1779281806.166769
approach5_skyhost_run2,5832000,1779281806.168509
approach5_skyhost_run2,5833000,1779281806.170255
approach5_skyhost_run2,5834000,1779281806.172017
approach5_skyhost_run2,5835000,1779281806.242371
approach5_skyhost_run2,5836000,1779281806.244113
approach5_skyhost_run2,5837000,1779281806.245907
approach5_skyhost_run2,5838000,1779281806.247721
approach5_skyhost_run2,5839000,1779281806.254720
approach5_skyhost_run2,5840000,1779281806.256501
approach5_skyhost_run2,5841000,1779281806.262686
approach5_skyhost_run2,5842000,1779281806.264425
approach5_skyhost_run2,5843000,1779281806.266190
approach5_skyhost_run2,5844000,1779281806.267952
approach5_skyhost_run2,5845000,1779281806.398955
approach5_skyhost_run2,5846000,1779281806.400696
approach5_skyhost_run2,5847000,1779281806.469569
approach5_skyhost_run2,5848000,1779281806.471308
approach5_skyhost_run2,5849000,1779281806.473046
approach5_skyhost_run2,5850000,1779281806.474839
approach5_skyhost_run2,5851000,1779281806.483106
approach5_skyhost_run2,5852000,1779281806.574278
approach5_skyhost_run2,5853000,1779281806.576068
approach5_skyhost_run2,5854000,1779281806.577818
approach5_skyhost_run2,5855000,1779281806.579592
approach5_skyhost_run2,5856000,1779281806.586688
approach5_skyhost_run2,5857000,1779281806.615157
approach5_skyhost_run2,5858000,1779281806.616884
approach5_skyhost_run2,5859000,1779281806.618626
approach5_skyhost_run2,5860000,1779281806.620405
approach5_skyhost_run2,5861000,1779281806.633707
approach5_skyhost_run2,5862000,1779281806.635472
approach5_skyhost_run2,5863000,1779281806.637221
approach5_skyhost_run2,5864000,1779281806.638991
approach5_skyhost_run2,5865000,1779281806.725627
approach5_skyhost_run2,5866000,1779281806.727389
approach5_skyhost_run2,5867000,1779281806.779052
approach5_skyhost_run2,5868000,1779281806.780796
approach5_skyhost_run2,5869000,1779281806.782558
approach5_skyhost_run2,5870000,1779281806.784329
approach5_skyhost_run2,5871000,1779281806.790547
approach5_skyhost_run2,5872000,1779281806.929276
approach5_skyhost_run2,5873000,1779281806.931026
approach5_skyhost_run2,5874000,1779281806.932773
approach5_skyhost_run2,5875000,1779281806.934587
approach5_skyhost_run2,5876000,1779281806.945095
approach5_skyhost_run2,5877000,1779281806.982773
approach5_skyhost_run2,5878000,1779281806.984511
approach5_skyhost_run2,5879000,1779281806.986305
approach5_skyhost_run2,5880000,1779281806.988050
approach5_skyhost_run2,5881000,1779281806.996606
approach5_skyhost_run2,5882000,1779281807.086332
approach5_skyhost_run2,5883000,1779281807.088078
approach5_skyhost_run2,5884000,1779281807.089824
approach5_skyhost_run2,5885000,1779281807.091591
approach5_skyhost_run2,5886000,1779281807.102097
approach5_skyhost_run2,5887000,1779281807.187840
approach5_skyhost_run2,5888000,1779281807.189571
approach5_skyhost_run2,5889000,1779281807.191317
approach5_skyhost_run2,5890000,1779281807.193053
approach5_skyhost_run2,5891000,1779281807.201854
approach5_skyhost_run2,5892000,1779281807.290468
approach5_skyhost_run2,5893000,1779281807.292194
approach5_skyhost_run2,5894000,1779281807.293921
approach5_skyhost_run2,5895000,1779281807.295705
approach5_skyhost_run2,5896000,1779281807.304897
approach5_skyhost_run2,5897000,1779281807.397293
approach5_skyhost_run2,5898000,1779281807.399038
approach5_skyhost_run2,5899000,1779281807.400787
approach5_skyhost_run2,5900000,1779281807.402569
approach5_skyhost_run2,5901000,1779281807.415153
approach5_skyhost_run2,5902000,1779281807.496990
approach5_skyhost_run2,5903000,1779281807.498747
approach5_skyhost_run2,5904000,1779281807.500496
approach5_skyhost_run2,5905000,1779281807.502263
approach5_skyhost_run2,5906000,1779281807.510062
approach5_skyhost_run2,5907000,1779281807.637387
approach5_skyhost_run2,5908000,1779281807.639128
approach5_skyhost_run2,5909000,1779281807.640863
approach5_skyhost_run2,5910000,1779281807.642801
approach5_skyhost_run2,5911000,1779281807.645172
approach5_skyhost_run2,5912000,1779281807.646921
approach5_skyhost_run2,5913000,1779281807.648668
approach5_skyhost_run2,5914000,1779281807.650637
approach5_skyhost_run2,5915000,1779281807.652572
approach5_skyhost_run2,5916000,1779281807.707596
approach5_skyhost_run2,5917000,1779281807.709348
approach5_skyhost_run2,5918000,1779281807.711107
approach5_skyhost_run2,5919000,1779281807.712850
approach5_skyhost_run2,5920000,1779281807.798479
approach5_skyhost_run2,5921000,1779281807.800231
approach5_skyhost_run2,5922000,1779281807.803722
approach5_skyhost_run2,5923000,1779281807.805492
approach5_skyhost_run2,5924000,1779281807.807251
approach5_skyhost_run2,5925000,1779281807.809000
approach5_skyhost_run2,5926000,1779281807.818733
approach5_skyhost_run2,5927000,1779281807.880455
approach5_skyhost_run2,5928000,1779281807.882200
approach5_skyhost_run2,5929000,1779281807.883964
approach5_skyhost_run2,5930000,1779281807.885750
approach5_skyhost_run2,5931000,1779281807.916030
approach5_skyhost_run2,5932000,1779281807.917779
approach5_skyhost_run2,5933000,1779281807.919541
approach5_skyhost_run2,5934000,1779281807.921300
approach5_skyhost_run2,5935000,1779281808.002215
approach5_skyhost_run2,5936000,1779281808.003967
approach5_skyhost_run2,5937000,1779281808.013211
approach5_skyhost_run2,5938000,1779281808.015015
approach5_skyhost_run2,5939000,1779281808.016764
approach5_skyhost_run2,5940000,1779281808.018520
approach5_skyhost_run2,5941000,1779281808.029730
approach5_skyhost_run2,5942000,1779281808.114395
approach5_skyhost_run2,5943000,1779281808.116165
approach5_skyhost_run2,5944000,1779281808.117909
approach5_skyhost_run2,5945000,1779281808.119679
approach5_skyhost_run2,5946000,1779281808.127275
approach5_skyhost_run2,5947000,1779281808.215561
approach5_skyhost_run2,5948000,1779281808.217308
approach5_skyhost_run2,5949000,1779281808.219055
approach5_skyhost_run2,5950000,1779281808.220798
approach5_skyhost_run2,5951000,1779281808.229453
approach5_skyhost_run2,5952000,1779281808.317179
approach5_skyhost_run2,5953000,1779281808.318919
approach5_skyhost_run2,5954000,1779281808.320677
approach5_skyhost_run2,5955000,1779281808.322430
approach5_skyhost_run2,5956000,1779281808.332539
approach5_skyhost_run2,5957000,1779281808.388354
approach5_skyhost_run2,5958000,1779281808.390103
approach5_skyhost_run2,5959000,1779281808.391859
approach5_skyhost_run2,5960000,1779281808.393615
approach5_skyhost_run2,5961000,1779281808.456886
approach5_skyhost_run2,5962000,1779281808.458630
approach5_skyhost_run2,5963000,1779281808.460382
approach5_skyhost_run2,5964000,1779281808.462143
approach5_skyhost_run2,5965000,1779281808.546772
approach5_skyhost_run2,5966000,1779281808.548533
approach5_skyhost_run2,5967000,1779281808.564732
approach5_skyhost_run2,5968000,1779281808.566509
approach5_skyhost_run2,5969000,1779281808.568258
approach5_skyhost_run2,5970000,1779281808.570018
approach5_skyhost_run2,5971000,1779281808.576366
approach5_skyhost_run2,5972000,1779281808.613198
approach5_skyhost_run2,5973000,1779281808.614968
approach5_skyhost_run2,5974000,1779281808.616703
approach5_skyhost_run2,5975000,1779281808.618468
approach5_skyhost_run2,5976000,1779281808.631371
approach5_skyhost_run2,5977000,1779281808.633146
approach5_skyhost_run2,5978000,1779281808.634943
approach5_skyhost_run2,5979000,1779281808.636763
approach5_skyhost_run2,5980000,1779281808.718177
approach5_skyhost_run2,5981000,1779281808.719927
approach5_skyhost_run2,5982000,1779281808.731375
approach5_skyhost_run2,5983000,1779281808.733110
approach5_skyhost_run2,5984000,1779281808.734881
approach5_skyhost_run2,5985000,1779281808.736660
approach5_skyhost_run2,5986000,1779281808.745498
approach5_skyhost_run2,5987000,1779281808.831441
approach5_skyhost_run2,5988000,1779281808.833182
approach5_skyhost_run2,5989000,1779281808.834969
approach5_skyhost_run2,5990000,1779281808.836734
approach5_skyhost_run2,5991000,1779281808.845157
approach5_skyhost_run2,5992000,1779281808.936349
approach5_skyhost_run2,5993000,1779281808.938095
approach5_skyhost_run2,5994000,1779281808.939862
approach5_skyhost_run2,5995000,1779281808.941634
approach5_skyhost_run2,5996000,1779281808.951053
approach5_skyhost_run2,5997000,1779281809.037534
approach5_skyhost_run2,5998000,1779281809.039288
approach5_skyhost_run2,5999000,1779281809.041024
approach5_skyhost_run2,6000000,1779281809.042773
approach5_skyhost_run2,6001000,1779281809.051534
approach5_skyhost_run2,6002000,1779281809.140056
approach5_skyhost_run2,6003000,1779281809.141800
approach5_skyhost_run2,6004000,1779281809.143564
approach5_skyhost_run2,6005000,1779281809.145355
approach5_skyhost_run2,6006000,1779281809.155463
approach5_skyhost_run2,6007000,1779281809.242555
approach5_skyhost_run2,6008000,1779281809.244287
approach5_skyhost_run2,6009000,1779281809.246070
approach5_skyhost_run2,6010000,1779281809.247858
approach5_skyhost_run2,6011000,1779281809.256904
approach5_skyhost_run2,6012000,1779281809.357882
approach5_skyhost_run2,6013000,1779281809.359638
approach5_skyhost_run2,6014000,1779281809.361390
approach5_skyhost_run2,6015000,1779281809.363171
approach5_skyhost_run2,6016000,1779281809.390294
approach5_skyhost_run2,6017000,1779281809.450129
approach5_skyhost_run2,6018000,1779281809.451869
approach5_skyhost_run2,6019000,1779281809.453595
approach5_skyhost_run2,6020000,1779281809.455382
approach5_skyhost_run2,6021000,1779281809.464882
approach5_skyhost_run2,6022000,1779281809.550370
approach5_skyhost_run2,6023000,1779281809.552119
approach5_skyhost_run2,6024000,1779281809.553868
approach5_skyhost_run2,6025000,1779281809.555666
approach5_skyhost_run2,6026000,1779281809.606414
approach5_skyhost_run2,6027000,1779281809.653257
approach5_skyhost_run2,6028000,1779281809.655035
approach5_skyhost_run2,6029000,1779281809.656779
approach5_skyhost_run2,6030000,1779281809.658543
approach5_skyhost_run2,6031000,1779281809.668221
approach5_skyhost_run2,6032000,1779281809.738584
approach5_skyhost_run2,6033000,1779281809.740326
approach5_skyhost_run2,6034000,1779281809.742069
approach5_skyhost_run2,6035000,1779281809.743835
approach5_skyhost_run2,6036000,1779281809.756597
approach5_skyhost_run2,6037000,1779281809.758342
approach5_skyhost_run2,6038000,1779281809.760083
approach5_skyhost_run2,6039000,1779281809.761840
approach5_skyhost_run2,6040000,1779281809.843396
approach5_skyhost_run2,6041000,1779281809.845171
approach5_skyhost_run2,6042000,1779281809.860826
approach5_skyhost_run2,6043000,1779281809.862572
approach5_skyhost_run2,6044000,1779281809.864311
approach5_skyhost_run2,6045000,1779281809.866076
approach5_skyhost_run2,6046000,1779281809.873120
approach5_skyhost_run2,6047000,1779281809.960423
approach5_skyhost_run2,6048000,1779281809.962160
approach5_skyhost_run2,6049000,1779281809.963908
approach5_skyhost_run2,6050000,1779281809.965693
approach5_skyhost_run2,6051000,1779281809.975039
approach5_skyhost_run2,6052000,1779281810.061985
approach5_skyhost_run2,6053000,1779281810.063741
approach5_skyhost_run2,6054000,1779281810.065515
approach5_skyhost_run2,6055000,1779281810.067292
approach5_skyhost_run2,6056000,1779281810.112341
approach5_skyhost_run2,6057000,1779281810.812221
approach5_skyhost_run2,6058000,1779281810.813956
approach5_skyhost_run2,6059000,1779281810.815730
approach5_skyhost_run2,6060000,1779281810.817469
approach5_skyhost_run2,6061000,1779281810.832189
approach5_skyhost_run2,6062000,1779281810.843537
approach5_skyhost_run2,6063000,1779281810.845290
approach5_skyhost_run2,6064000,1779281810.847094
approach5_skyhost_run2,6065000,1779281810.848862
approach5_skyhost_run2,6066000,1779281810.896651
approach5_skyhost_run2,6067000,1779281810.943502
approach5_skyhost_run2,6068000,1779281810.945252
approach5_skyhost_run2,6069000,1779281810.947000
approach5_skyhost_run2,6070000,1779281810.948741
approach5_skyhost_run2,6071000,1779281810.956399
approach5_skyhost_run2,6072000,1779281811.044877
approach5_skyhost_run2,6073000,1779281811.046610
approach5_skyhost_run2,6074000,1779281811.048336
approach5_skyhost_run2,6075000,1779281811.050070
approach5_skyhost_run2,6076000,1779281811.058334
approach5_skyhost_run2,6077000,1779281811.148176
approach5_skyhost_run2,6078000,1779281811.149908
approach5_skyhost_run2,6079000,1779281811.151658
approach5_skyhost_run2,6080000,1779281811.153459
approach5_skyhost_run2,6081000,1779281811.163753
approach5_skyhost_run2,6082000,1779281811.249675
approach5_skyhost_run2,6083000,1779281811.251441
approach5_skyhost_run2,6084000,1779281811.253206
approach5_skyhost_run2,6085000,1779281811.255012
approach5_skyhost_run2,6086000,1779281811.262911
approach5_skyhost_run2,6087000,1779281811.351407
approach5_skyhost_run2,6088000,1779281811.353159
approach5_skyhost_run2,6089000,1779281811.354968
approach5_skyhost_run2,6090000,1779281811.356731
approach5_skyhost_run2,6091000,1779281811.366108
approach5_skyhost_run2,6092000,1779281811.449733
approach5_skyhost_run2,6093000,1779281811.451504
approach5_skyhost_run2,6094000,1779281811.453270
approach5_skyhost_run2,6095000,1779281811.455080
approach5_skyhost_run2,6096000,1779281811.468266
approach5_skyhost_run2,6097000,1779281811.470030
approach5_skyhost_run2,6098000,1779281811.471805
approach5_skyhost_run2,6099000,1779281811.552242
approach5_skyhost_run2,6100000,1779281811.554008
approach5_skyhost_run2,6101000,1779281811.556028
approach5_skyhost_run2,6102000,1779281811.558188
approach5_skyhost_run2,6103000,1779281811.559966
approach5_skyhost_run2,6104000,1779281811.561733
approach5_skyhost_run2,6105000,1779281811.563515
approach5_skyhost_run2,6106000,1779281811.572537
approach5_skyhost_run2,6107000,1779281811.602587
approach5_skyhost_run2,6108000,1779281811.604349
approach5_skyhost_run2,6109000,1779281811.606148
approach5_skyhost_run2,6110000,1779281811.607949
approach5_skyhost_run2,6111000,1779281811.620965
approach5_skyhost_run2,6112000,1779281811.622725
approach5_skyhost_run2,6113000,1779281811.624490
approach5_skyhost_run2,6114000,1779281811.705977
approach5_skyhost_run2,6115000,1779281811.707757
approach5_skyhost_run2,6116000,1779281811.709537
approach5_skyhost_run2,6117000,1779281811.762850
approach5_skyhost_run2,6118000,1779281811.764621
approach5_skyhost_run2,6119000,1779281811.766424
approach5_skyhost_run2,6120000,1779281811.768204
approach5_skyhost_run2,6121000,1779281811.776802
approach5_skyhost_run2,6122000,1779281811.866053
approach5_skyhost_run2,6123000,1779281811.867812
approach5_skyhost_run2,6124000,1779281811.869573
approach5_skyhost_run2,6125000,1779281811.871352
approach5_skyhost_run2,6126000,1779281811.880639
approach5_skyhost_run2,6127000,1779281811.969284
approach5_skyhost_run2,6128000,1779281811.971098
approach5_skyhost_run2,6129000,1779281811.972903
approach5_skyhost_run2,6130000,1779281811.974738
approach5_skyhost_run2,6131000,1779281811.984384
approach5_skyhost_run2,6132000,1779281812.074865
approach5_skyhost_run2,6133000,1779281812.076639
approach5_skyhost_run2,6134000,1779281812.078434
approach5_skyhost_run2,6135000,1779281812.080215
approach5_skyhost_run2,6136000,1779281812.087598
approach5_skyhost_run2,6137000,1779281812.175104
approach5_skyhost_run2,6138000,1779281812.176904
approach5_skyhost_run2,6139000,1779281812.178715
approach5_skyhost_run2,6140000,1779281812.180525
approach5_skyhost_run2,6141000,1779281812.189381
approach5_skyhost_run2,6142000,1779281812.279492
approach5_skyhost_run2,6143000,1779281812.281292
approach5_skyhost_run2,6144000,1779281812.283085
approach5_skyhost_run2,6145000,1779281812.284901
approach5_skyhost_run2,6146000,1779281812.293466
approach5_skyhost_run2,6147000,1779281812.380801
approach5_skyhost_run2,6148000,1779281812.382578
approach5_skyhost_run2,6149000,1779281812.384351
approach5_skyhost_run2,6150000,1779281812.386154
approach5_skyhost_run2,6151000,1779281812.396155
approach5_skyhost_run2,6152000,1779281812.483763
approach5_skyhost_run2,6153000,1779281812.485554
approach5_skyhost_run2,6154000,1779281812.487350
approach5_skyhost_run2,6155000,1779281812.489135
approach5_skyhost_run2,6156000,1779281812.497184
approach5_skyhost_run2,6157000,1779281812.587797
approach5_skyhost_run2,6158000,1779281812.589560
approach5_skyhost_run2,6159000,1779281812.591345
approach5_skyhost_run2,6160000,1779281812.593132
approach5_skyhost_run2,6161000,1779281812.601039
approach5_skyhost_run2,6162000,1779281812.689247
approach5_skyhost_run2,6163000,1779281812.691039
approach5_skyhost_run2,6164000,1779281812.692820
approach5_skyhost_run2,6165000,1779281812.694626
approach5_skyhost_run2,6166000,1779281812.704534
approach5_skyhost_run2,6167000,1779281812.792226
approach5_skyhost_run2,6168000,1779281812.793998
approach5_skyhost_run2,6169000,1779281812.795821
approach5_skyhost_run2,6170000,1779281812.797619
approach5_skyhost_run2,6171000,1779281812.805593
approach5_skyhost_run2,6172000,1779281812.895912
approach5_skyhost_run2,6173000,1779281812.897690
approach5_skyhost_run2,6174000,1779281812.899482
approach5_skyhost_run2,6175000,1779281812.901273
approach5_skyhost_run2,6176000,1779281812.908510
approach5_skyhost_run2,6177000,1779281812.999023
approach5_skyhost_run2,6178000,1779281813.000804
approach5_skyhost_run2,6179000,1779281813.002605
approach5_skyhost_run2,6180000,1779281813.004398
approach5_skyhost_run2,6181000,1779281813.014536
approach5_skyhost_run2,6182000,1779281813.151011
approach5_skyhost_run2,6183000,1779281813.152792
approach5_skyhost_run2,6184000,1779281813.154591
approach5_skyhost_run2,6185000,1779281813.156401
approach5_skyhost_run2,6186000,1779281813.167176
approach5_skyhost_run2,6187000,1779281813.212310
approach5_skyhost_run2,6188000,1779281813.214082
approach5_skyhost_run2,6189000,1779281813.215890
approach5_skyhost_run2,6190000,1779281813.217662
approach5_skyhost_run2,6191000,1779281813.228294
approach5_skyhost_run2,6192000,1779281813.303342
approach5_skyhost_run2,6193000,1779281813.305137
approach5_skyhost_run2,6194000,1779281813.306923
approach5_skyhost_run2,6195000,1779281813.308715
approach5_skyhost_run2,6196000,1779281813.320100
approach5_skyhost_run2,6197000,1779281813.411440
approach5_skyhost_run2,6198000,1779281813.413214
approach5_skyhost_run2,6199000,1779281813.415034
approach5_skyhost_run2,6200000,1779281813.416819
approach5_skyhost_run2,6201000,1779281813.441169
approach5_skyhost_run2,6202000,1779281813.524243
approach5_skyhost_run2,6203000,1779281813.526038
approach5_skyhost_run2,6204000,1779281813.527822
approach5_skyhost_run2,6205000,1779281813.529571
approach5_skyhost_run2,6206000,1779281813.542128
approach5_skyhost_run2,6207000,1779281813.543913
approach5_skyhost_run2,6208000,1779281813.545704
approach5_skyhost_run2,6209000,1779281813.624130
approach5_skyhost_run2,6210000,1779281813.625919
approach5_skyhost_run2,6211000,1779281813.627897
approach5_skyhost_run2,6212000,1779281813.629863
approach5_skyhost_run2,6213000,1779281813.631651
approach5_skyhost_run2,6214000,1779281813.633424
approach5_skyhost_run2,6215000,1779281813.635238
approach5_skyhost_run2,6216000,1779281813.657279
approach5_skyhost_run2,6217000,1779281813.751116
approach5_skyhost_run2,6218000,1779281813.752890
approach5_skyhost_run2,6219000,1779281813.754685
approach5_skyhost_run2,6220000,1779281813.756506
approach5_skyhost_run2,6221000,1779281813.764434
approach5_skyhost_run2,6222000,1779281813.829571
approach5_skyhost_run2,6223000,1779281813.831358
approach5_skyhost_run2,6224000,1779281813.833138
approach5_skyhost_run2,6225000,1779281813.834967
approach5_skyhost_run2,6226000,1779281813.890438
approach5_skyhost_run2,6227000,1779281813.918628
approach5_skyhost_run2,6228000,1779281813.920410
approach5_skyhost_run2,6229000,1779281813.922203
approach5_skyhost_run2,6230000,1779281813.924004
approach5_skyhost_run2,6231000,1779281813.932345
approach5_skyhost_run2,6232000,1779281813.962377
approach5_skyhost_run2,6233000,1779281813.964149
approach5_skyhost_run2,6234000,1779281813.965957
approach5_skyhost_run2,6235000,1779281813.967759
approach5_skyhost_run2,6236000,1779281813.980314
approach5_skyhost_run2,6237000,1779281813.982084
approach5_skyhost_run2,6238000,1779281813.983881
approach5_skyhost_run2,6239000,1779281814.064731
approach5_skyhost_run2,6240000,1779281814.066545
approach5_skyhost_run2,6241000,1779281814.068337
approach5_skyhost_run2,6242000,1779281814.123811
approach5_skyhost_run2,6243000,1779281814.125594
approach5_skyhost_run2,6244000,1779281814.127393
approach5_skyhost_run2,6245000,1779281814.129191
approach5_skyhost_run2,6246000,1779281814.136734
approach5_skyhost_run2,6247000,1779281814.227205
approach5_skyhost_run2,6248000,1779281814.228971
approach5_skyhost_run2,6249000,1779281814.230752
approach5_skyhost_run2,6250000,1779281814.232527
approach5_skyhost_run2,6251000,1779281814.243115
approach5_skyhost_run2,6252000,1779281814.367907
approach5_skyhost_run2,6253000,1779281814.369661
approach5_skyhost_run2,6254000,1779281814.371487
approach5_skyhost_run2,6255000,1779281814.373773
approach5_skyhost_run2,6256000,1779281814.375661
approach5_skyhost_run2,6257000,1779281814.377424
approach5_skyhost_run2,6258000,1779281814.379218
approach5_skyhost_run2,6259000,1779281814.381255
approach5_skyhost_run2,6260000,1779281814.383052
approach5_skyhost_run2,6261000,1779281814.394938
approach5_skyhost_run2,6262000,1779281814.396711
approach5_skyhost_run2,6263000,1779281814.398492
approach5_skyhost_run2,6264000,1779281814.483850
approach5_skyhost_run2,6265000,1779281814.485648
approach5_skyhost_run2,6266000,1779281814.487455
approach5_skyhost_run2,6267000,1779281814.587067
approach5_skyhost_run2,6268000,1779281814.588806
approach5_skyhost_run2,6269000,1779281814.590622
approach5_skyhost_run2,6270000,1779281814.592408
approach5_skyhost_run2,6271000,1779281814.601132
approach5_skyhost_run2,6272000,1779281814.636970
approach5_skyhost_run2,6273000,1779281814.638761
approach5_skyhost_run2,6274000,1779281814.640542
approach5_skyhost_run2,6275000,1779281814.642345
approach5_skyhost_run2,6276000,1779281814.652115
approach5_skyhost_run2,6277000,1779281814.741458
approach5_skyhost_run2,6278000,1779281814.743237
approach5_skyhost_run2,6279000,1779281814.745050
approach5_skyhost_run2,6280000,1779281814.746853
approach5_skyhost_run2,6281000,1779281814.754533
approach5_skyhost_run2,6282000,1779281814.850139
approach5_skyhost_run2,6283000,1779281814.851911
approach5_skyhost_run2,6284000,1779281814.853679
approach5_skyhost_run2,6285000,1779281814.855498
approach5_skyhost_run2,6286000,1779281814.865710
approach5_skyhost_run2,6287000,1779281814.943440
approach5_skyhost_run2,6288000,1779281814.945234
approach5_skyhost_run2,6289000,1779281814.947021
approach5_skyhost_run2,6290000,1779281814.948796
approach5_skyhost_run2,6291000,1779281814.958254
approach5_skyhost_run2,6292000,1779281815.047624
approach5_skyhost_run2,6293000,1779281815.049387
approach5_skyhost_run2,6294000,1779281815.051170
approach5_skyhost_run2,6295000,1779281815.052951
approach5_skyhost_run2,6296000,1779281815.060256
approach5_skyhost_run2,6297000,1779281815.148702
approach5_skyhost_run2,6298000,1779281815.150493
approach5_skyhost_run2,6299000,1779281815.152280
approach5_skyhost_run2,6300000,1779281815.154075
approach5_skyhost_run2,6301000,1779281815.162637
approach5_skyhost_run2,6302000,1779281815.253946
approach5_skyhost_run2,6303000,1779281815.255755
approach5_skyhost_run2,6304000,1779281815.257541
approach5_skyhost_run2,6305000,1779281815.259356
approach5_skyhost_run2,6306000,1779281815.265368
approach5_skyhost_run2,6307000,1779281815.352759
approach5_skyhost_run2,6308000,1779281815.354548
approach5_skyhost_run2,6309000,1779281815.356355
approach5_skyhost_run2,6310000,1779281815.358144
approach5_skyhost_run2,6311000,1779281815.368769
approach5_skyhost_run2,6312000,1779281815.458072
approach5_skyhost_run2,6313000,1779281815.459847
approach5_skyhost_run2,6314000,1779281815.461625
approach5_skyhost_run2,6315000,1779281815.463420
approach5_skyhost_run2,6316000,1779281815.475821
approach5_skyhost_run2,6317000,1779281815.503005
approach5_skyhost_run2,6318000,1779281815.504776
approach5_skyhost_run2,6319000,1779281815.506583
approach5_skyhost_run2,6320000,1779281815.508371
approach5_skyhost_run2,6321000,1779281815.524389
approach5_skyhost_run2,6322000,1779281815.526233
approach5_skyhost_run2,6323000,1779281815.528054
approach5_skyhost_run2,6324000,1779281815.605632
approach5_skyhost_run2,6325000,1779281815.607416
approach5_skyhost_run2,6326000,1779281815.609201
approach5_skyhost_run2,6327000,1779281815.660603
approach5_skyhost_run2,6328000,1779281815.662376
approach5_skyhost_run2,6329000,1779281815.664152
approach5_skyhost_run2,6330000,1779281815.665959
approach5_skyhost_run2,6331000,1779281815.675650
approach5_skyhost_run2,6332000,1779281815.764897
approach5_skyhost_run2,6333000,1779281815.766676
approach5_skyhost_run2,6334000,1779281815.768456
approach5_skyhost_run2,6335000,1779281815.770247
approach5_skyhost_run2,6336000,1779281815.780032
approach5_skyhost_run2,6337000,1779281815.846405
approach5_skyhost_run2,6338000,1779281815.848174
approach5_skyhost_run2,6339000,1779281815.849946
approach5_skyhost_run2,6340000,1779281815.851743
approach5_skyhost_run2,6341000,1779281815.865359
approach5_skyhost_run2,6342000,1779281815.867145
approach5_skyhost_run2,6343000,1779281815.868921
approach5_skyhost_run2,6344000,1779281815.949713
approach5_skyhost_run2,6345000,1779281815.951711
approach5_skyhost_run2,6346000,1779281815.953479
approach5_skyhost_run2,6347000,1779281815.955307
approach5_skyhost_run2,6348000,1779281816.274505
approach5_skyhost_run2,6349000,1779281816.276308
approach5_skyhost_run2,6350000,1779281816.278084
approach5_skyhost_run2,6351000,1779281816.279878
approach5_skyhost_run2,6352000,1779281816.288661
approach5_skyhost_run2,6353000,1779281816.481544
approach5_skyhost_run2,6354000,1779281816.483330
approach5_skyhost_run2,6355000,1779281816.485146
approach5_skyhost_run2,6356000,1779281816.486948
approach5_skyhost_run2,6357000,1779281816.495831
approach5_skyhost_run2,6358000,1779281816.582366
approach5_skyhost_run2,6359000,1779281816.584141
approach5_skyhost_run2,6360000,1779281816.585942
approach5_skyhost_run2,6361000,1779281816.587736
approach5_skyhost_run2,6362000,1779281816.597340
approach5_skyhost_run2,6363000,1779281816.749513
approach5_skyhost_run2,6364000,1779281816.751298
approach5_skyhost_run2,6365000,1779281816.753074
approach5_skyhost_run2,6366000,1779281816.754901
approach5_skyhost_run2,6367000,1779281816.782116
approach5_skyhost_run2,6368000,1779281816.826100
approach5_skyhost_run2,6369000,1779281816.827887
approach5_skyhost_run2,6370000,1779281816.829675
approach5_skyhost_run2,6371000,1779281816.831479
approach5_skyhost_run2,6372000,1779281816.837399
approach5_skyhost_run2,6373000,1779281816.889546
approach5_skyhost_run2,6374000,1779281816.891324
approach5_skyhost_run2,6375000,1779281816.893124
approach5_skyhost_run2,6376000,1779281816.894955
approach5_skyhost_run2,6377000,1779281816.903619
approach5_skyhost_run2,6378000,1779281816.993517
approach5_skyhost_run2,6379000,1779281816.995305
approach5_skyhost_run2,6380000,1779281816.997087
approach5_skyhost_run2,6381000,1779281816.998885
approach5_skyhost_run2,6382000,1779281817.006296
approach5_skyhost_run2,6383000,1779281817.045150
approach5_skyhost_run2,6384000,1779281817.046940
approach5_skyhost_run2,6385000,1779281817.048728
approach5_skyhost_run2,6386000,1779281817.050532
approach5_skyhost_run2,6387000,1779281817.064945
approach5_skyhost_run2,6388000,1779281817.066732
approach5_skyhost_run2,6389000,1779281817.068502
approach5_skyhost_run2,6390000,1779281817.070283
approach5_skyhost_run2,6391000,1779281817.150745
approach5_skyhost_run2,6392000,1779281817.152522
approach5_skyhost_run2,6393000,1779281817.198104
approach5_skyhost_run2,6394000,1779281817.199852
approach5_skyhost_run2,6395000,1779281817.201656
approach5_skyhost_run2,6396000,1779281817.203459
approach5_skyhost_run2,6397000,1779281817.212295
approach5_skyhost_run2,6398000,1779281817.301229
approach5_skyhost_run2,6399000,1779281817.303014
approach5_skyhost_run2,6400000,1779281817.304785
approach5_skyhost_run2,6401000,1779281817.306615
approach5_skyhost_run2,6402000,1779281817.319657
approach5_skyhost_run2,6403000,1779281817.440748
approach5_skyhost_run2,6404000,1779281817.442530
approach5_skyhost_run2,6405000,1779281817.444302
approach5_skyhost_run2,6406000,1779281817.446110
approach5_skyhost_run2,6407000,1779281817.453766
approach5_skyhost_run2,6408000,1779281817.548306
approach5_skyhost_run2,6409000,1779281817.550088
approach5_skyhost_run2,6410000,1779281817.551878
approach5_skyhost_run2,6411000,1779281817.553661
approach5_skyhost_run2,6412000,1779281817.560568
approach5_skyhost_run2,6413000,1779281817.608961
approach5_skyhost_run2,6414000,1779281817.610747
approach5_skyhost_run2,6415000,1779281817.612526
approach5_skyhost_run2,6416000,1779281817.614325
approach5_skyhost_run2,6417000,1779281817.622898
approach5_skyhost_run2,6418000,1779281817.710052
approach5_skyhost_run2,6419000,1779281817.711826
approach5_skyhost_run2,6420000,1779281817.713599
approach5_skyhost_run2,6421000,1779281817.715419
approach5_skyhost_run2,6422000,1779281817.724370
approach5_skyhost_run2,6423000,1779281817.811980
approach5_skyhost_run2,6424000,1779281817.813753
approach5_skyhost_run2,6425000,1779281817.815562
approach5_skyhost_run2,6426000,1779281817.817341
approach5_skyhost_run2,6427000,1779281817.827292
approach5_skyhost_run2,6428000,1779281817.914148
approach5_skyhost_run2,6429000,1779281817.915961
approach5_skyhost_run2,6430000,1779281817.917742
approach5_skyhost_run2,6431000,1779281817.919545
approach5_skyhost_run2,6432000,1779281817.928715
approach5_skyhost_run2,6433000,1779281818.018968
approach5_skyhost_run2,6434000,1779281818.020750
approach5_skyhost_run2,6435000,1779281818.022536
approach5_skyhost_run2,6436000,1779281818.024313
approach5_skyhost_run2,6437000,1779281818.031943
approach5_skyhost_run2,6438000,1779281818.120026
approach5_skyhost_run2,6439000,1779281818.121798
approach5_skyhost_run2,6440000,1779281818.123589
approach5_skyhost_run2,6441000,1779281818.125402
approach5_skyhost_run2,6442000,1779281818.133349
approach5_skyhost_run2,6443000,1779281818.221864
approach5_skyhost_run2,6444000,1779281818.223650
approach5_skyhost_run2,6445000,1779281818.225461
approach5_skyhost_run2,6446000,1779281818.227249
approach5_skyhost_run2,6447000,1779281818.236724
approach5_skyhost_run2,6448000,1779281818.325097
approach5_skyhost_run2,6449000,1779281818.326880
approach5_skyhost_run2,6450000,1779281818.328655
approach5_skyhost_run2,6451000,1779281818.330454
approach5_skyhost_run2,6452000,1779281818.340866
approach5_skyhost_run2,6453000,1779281818.369526
approach5_skyhost_run2,6454000,1779281818.371299
approach5_skyhost_run2,6455000,1779281818.373074
approach5_skyhost_run2,6456000,1779281818.374888
approach5_skyhost_run2,6457000,1779281818.390310
approach5_skyhost_run2,6458000,1779281818.392111
approach5_skyhost_run2,6459000,1779281818.393897
approach5_skyhost_run2,6460000,1779281818.395710
approach5_skyhost_run2,6461000,1779281818.481125
approach5_skyhost_run2,6462000,1779281818.482928
approach5_skyhost_run2,6463000,1779281818.574363
approach5_skyhost_run2,6464000,1779281818.576163
approach5_skyhost_run2,6465000,1779281818.577935
approach5_skyhost_run2,6466000,1779281818.579734
approach5_skyhost_run2,6467000,1779281818.588045
approach5_skyhost_run2,6468000,1779281818.634191
approach5_skyhost_run2,6469000,1779281818.635993
approach5_skyhost_run2,6470000,1779281818.637795
approach5_skyhost_run2,6471000,1779281818.639589
approach5_skyhost_run2,6472000,1779281818.648760
approach5_skyhost_run2,6473000,1779281818.736820
approach5_skyhost_run2,6474000,1779281818.738603
approach5_skyhost_run2,6475000,1779281818.740368
approach5_skyhost_run2,6476000,1779281818.742140
approach5_skyhost_run2,6477000,1779281818.751976
approach5_skyhost_run2,6478000,1779281818.838187
approach5_skyhost_run2,6479000,1779281818.839965
approach5_skyhost_run2,6480000,1779281818.841745
approach5_skyhost_run2,6481000,1779281818.843553
approach5_skyhost_run2,6482000,1779281818.852429
approach5_skyhost_run2,6483000,1779281818.987884
approach5_skyhost_run2,6484000,1779281818.989662
approach5_skyhost_run2,6485000,1779281818.991447
approach5_skyhost_run2,6486000,1779281818.993228
approach5_skyhost_run2,6487000,1779281819.000895
approach5_skyhost_run2,6488000,1779281819.046185
approach5_skyhost_run2,6489000,1779281819.047964
approach5_skyhost_run2,6490000,1779281819.049738
approach5_skyhost_run2,6491000,1779281819.051528
approach5_skyhost_run2,6492000,1779281819.059101
approach5_skyhost_run2,6493000,1779281819.147313
approach5_skyhost_run2,6494000,1779281819.149094
approach5_skyhost_run2,6495000,1779281819.150884
approach5_skyhost_run2,6496000,1779281819.152682
approach5_skyhost_run2,6497000,1779281819.160936
approach5_skyhost_run2,6498000,1779281819.250389
approach5_skyhost_run2,6499000,1779281819.252161
approach5_skyhost_run2,6500000,1779281819.253931
approach5_skyhost_run2,6501000,1779281819.255781
approach5_skyhost_run2,6502000,1779281819.263766
approach5_skyhost_run2,6503000,1779281819.352640
approach5_skyhost_run2,6504000,1779281819.354432
approach5_skyhost_run2,6505000,1779281819.356218
approach5_skyhost_run2,6506000,1779281819.358001
approach5_skyhost_run2,6507000,1779281819.369926
approach5_skyhost_run2,6508000,1779281819.497491
approach5_skyhost_run2,6509000,1779281819.499401
approach5_skyhost_run2,6510000,1779281819.502647
approach5_skyhost_run2,6511000,1779281819.504423
approach5_skyhost_run2,6512000,1779281819.506226
approach5_skyhost_run2,6513000,1779281819.508013
approach5_skyhost_run2,6514000,1779281819.509985
approach5_skyhost_run2,6515000,1779281819.511771
approach5_skyhost_run2,6516000,1779281819.513795
approach5_skyhost_run2,6517000,1779281819.519225
approach5_skyhost_run2,6518000,1779281819.520997
approach5_skyhost_run2,6519000,1779281819.522786
approach5_skyhost_run2,6520000,1779281819.524541
approach5_skyhost_run2,6521000,1779281819.600191
approach5_skyhost_run2,6522000,1779281819.601962
approach5_skyhost_run2,6523000,1779281819.603753
approach5_skyhost_run2,6524000,1779281819.605838
approach5_skyhost_run2,6525000,1779281819.607748
approach5_skyhost_run2,6526000,1779281819.609531
approach5_skyhost_run2,6527000,1779281819.619556
approach5_skyhost_run2,6528000,1779281819.621316
approach5_skyhost_run2,6529000,1779281819.623095
approach5_skyhost_run2,6530000,1779281819.624901
approach5_skyhost_run2,6531000,1779281819.711639
approach5_skyhost_run2,6532000,1779281819.713414
approach5_skyhost_run2,6533000,1779281819.762972
approach5_skyhost_run2,6534000,1779281819.764728
approach5_skyhost_run2,6535000,1779281819.766532
approach5_skyhost_run2,6536000,1779281819.768299
approach5_skyhost_run2,6537000,1779281819.819709
approach5_skyhost_run2,6538000,1779281819.866110
approach5_skyhost_run2,6539000,1779281819.867886
approach5_skyhost_run2,6540000,1779281819.869658
approach5_skyhost_run2,6541000,1779281819.871444
approach5_skyhost_run2,6542000,1779281819.878473
approach5_skyhost_run2,6543000,1779281819.978727
approach5_skyhost_run2,6544000,1779281819.980510
approach5_skyhost_run2,6545000,1779281819.982299
approach5_skyhost_run2,6546000,1779281819.984076
approach5_skyhost_run2,6547000,1779281820.014374
approach5_skyhost_run2,6548000,1779281820.070493
approach5_skyhost_run2,6549000,1779281820.072266
approach5_skyhost_run2,6550000,1779281820.074042
approach5_skyhost_run2,6551000,1779281820.075858
approach5_skyhost_run2,6552000,1779281820.084688
approach5_skyhost_run2,6553000,1779281820.195584
approach5_skyhost_run2,6554000,1779281820.197346
approach5_skyhost_run2,6555000,1779281820.199127
approach5_skyhost_run2,6556000,1779281820.200917
approach5_skyhost_run2,6557000,1779281820.214976
approach5_skyhost_run2,6558000,1779281820.216741
approach5_skyhost_run2,6559000,1779281820.218525
approach5_skyhost_run2,6560000,1779281820.220330
approach5_skyhost_run2,6561000,1779281820.257625
approach5_skyhost_run2,6562000,1779281820.259407
approach5_skyhost_run2,6563000,1779281820.261179
approach5_skyhost_run2,6564000,1779281820.262977
approach5_skyhost_run2,6565000,1779281820.277082
approach5_skyhost_run2,6566000,1779281820.278864
approach5_skyhost_run2,6567000,1779281820.280644
approach5_skyhost_run2,6568000,1779281820.282429
approach5_skyhost_run2,6569000,1779281820.305713
approach5_skyhost_run2,6570000,1779281820.307504
approach5_skyhost_run2,6571000,1779281820.357764
approach5_skyhost_run2,6572000,1779281820.359538
approach5_skyhost_run2,6573000,1779281820.361311
approach5_skyhost_run2,6574000,1779281820.363101
approach5_skyhost_run2,6575000,1779281820.368252
approach5_skyhost_run2,6576000,1779281820.370037
approach5_skyhost_run2,6577000,1779281820.374428
approach5_skyhost_run2,6578000,1779281820.376210
approach5_skyhost_run2,6579000,1779281820.377980
approach5_skyhost_run2,6580000,1779281820.379765
approach5_skyhost_run2,6581000,1779281820.425638
approach5_skyhost_run2,6582000,1779281820.427417
approach5_skyhost_run2,6583000,1779281820.429167
approach5_skyhost_run2,6584000,1779281820.430984
approach5_skyhost_run2,6585000,1779281820.446142
approach5_skyhost_run2,6586000,1779281820.447928
approach5_skyhost_run2,6587000,1779281820.449713
approach5_skyhost_run2,6588000,1779281820.451517
approach5_skyhost_run2,6589000,1779281820.462110
approach5_skyhost_run2,6590000,1779281820.463898
approach5_skyhost_run2,6591000,1779281820.537889
approach5_skyhost_run2,6592000,1779281820.539684
approach5_skyhost_run2,6593000,1779281820.587244
approach5_skyhost_run2,6594000,1779281820.589021
approach5_skyhost_run2,6595000,1779281820.590815
approach5_skyhost_run2,6596000,1779281820.592610
approach5_skyhost_run2,6597000,1779281820.603819
approach5_skyhost_run2,6598000,1779281820.688736
approach5_skyhost_run2,6599000,1779281820.690512
approach5_skyhost_run2,6600000,1779281820.692280
approach5_skyhost_run2,6601000,1779281820.694052
approach5_skyhost_run2,6602000,1779281820.703399
approach5_skyhost_run2,6603000,1779281820.789946
approach5_skyhost_run2,6604000,1779281820.791716
approach5_skyhost_run2,6605000,1779281820.793491
approach5_skyhost_run2,6606000,1779281820.795330
approach5_skyhost_run2,6607000,1779281820.804307
approach5_skyhost_run2,6608000,1779281820.895559
approach5_skyhost_run2,6609000,1779281820.897328
approach5_skyhost_run2,6610000,1779281820.899109
approach5_skyhost_run2,6611000,1779281820.900893
approach5_skyhost_run2,6612000,1779281820.913040
approach5_skyhost_run2,6613000,1779281820.940526
approach5_skyhost_run2,6614000,1779281820.942293
approach5_skyhost_run2,6615000,1779281820.944067
approach5_skyhost_run2,6616000,1779281820.945873
approach5_skyhost_run2,6617000,1779281820.960233
approach5_skyhost_run2,6618000,1779281820.961995
approach5_skyhost_run2,6619000,1779281820.963778
approach5_skyhost_run2,6620000,1779281820.965585
approach5_skyhost_run2,6621000,1779281821.051953
approach5_skyhost_run2,6622000,1779281821.053746
approach5_skyhost_run2,6623000,1779281821.099759
approach5_skyhost_run2,6624000,1779281821.101539
approach5_skyhost_run2,6625000,1779281821.103334
approach5_skyhost_run2,6626000,1779281821.105149
approach5_skyhost_run2,6627000,1779281821.113730
approach5_skyhost_run2,6628000,1779281821.202471
approach5_skyhost_run2,6629000,1779281821.204240
approach5_skyhost_run2,6630000,1779281821.206053
approach5_skyhost_run2,6631000,1779281821.207823
approach5_skyhost_run2,6632000,1779281821.217912
approach5_skyhost_run2,6633000,1779281821.318499
approach5_skyhost_run2,6634000,1779281821.320263
approach5_skyhost_run2,6635000,1779281821.322029
approach5_skyhost_run2,6636000,1779281821.323820
approach5_skyhost_run2,6637000,1779281821.350506
approach5_skyhost_run2,6638000,1779281821.400251
approach5_skyhost_run2,6639000,1779281821.418887
approach5_skyhost_run2,6640000,1779281821.420661
approach5_skyhost_run2,6641000,1779281821.422444
approach5_skyhost_run2,6642000,1779281821.424219
approach5_skyhost_run2,6643000,1779281821.509754
approach5_skyhost_run2,6644000,1779281821.511536
approach5_skyhost_run2,6645000,1779281821.513310
approach5_skyhost_run2,6646000,1779281821.515100
approach5_skyhost_run2,6647000,1779281821.525609
approach5_skyhost_run2,6648000,1779281821.612327
approach5_skyhost_run2,6649000,1779281821.614100
approach5_skyhost_run2,6650000,1779281821.615912
approach5_skyhost_run2,6651000,1779281821.617697
approach5_skyhost_run2,6652000,1779281821.627091
approach5_skyhost_run2,6653000,1779281821.715168
approach5_skyhost_run2,6654000,1779281821.716928
approach5_skyhost_run2,6655000,1779281821.718709
approach5_skyhost_run2,6656000,1779281821.720491
approach5_skyhost_run2,6657000,1779281821.729249
approach5_skyhost_run2,6658000,1779281821.816872
approach5_skyhost_run2,6659000,1779281821.818653
approach5_skyhost_run2,6660000,1779281821.820426
approach5_skyhost_run2,6661000,1779281821.822211
approach5_skyhost_run2,6662000,1779281821.833691
approach5_skyhost_run2,6663000,1779281821.918639
approach5_skyhost_run2,6664000,1779281821.920404
approach5_skyhost_run2,6665000,1779281821.922174
approach5_skyhost_run2,6666000,1779281821.923963
approach5_skyhost_run2,6667000,1779281821.932700
approach5_skyhost_run2,6668000,1779281822.022534
approach5_skyhost_run2,6669000,1779281822.024303
approach5_skyhost_run2,6670000,1779281822.026112
approach5_skyhost_run2,6671000,1779281822.027905
approach5_skyhost_run2,6672000,1779281822.074144
approach5_skyhost_run2,6673000,1779281822.124602
approach5_skyhost_run2,6674000,1779281822.126402
approach5_skyhost_run2,6675000,1779281822.128184
approach5_skyhost_run2,6676000,1779281822.129973
approach5_skyhost_run2,6677000,1779281822.137096
approach5_skyhost_run2,6678000,1779281822.227176
approach5_skyhost_run2,6679000,1779281822.228946
approach5_skyhost_run2,6680000,1779281822.230730
approach5_skyhost_run2,6681000,1779281822.232515
approach5_skyhost_run2,6682000,1779281822.240048
approach5_skyhost_run2,6683000,1779281822.533299
approach5_skyhost_run2,6684000,1779281822.535101
approach5_skyhost_run2,6685000,1779281822.536886
approach5_skyhost_run2,6686000,1779281822.538680
approach5_skyhost_run2,6687000,1779281822.551302
approach5_skyhost_run2,6688000,1779281822.553069
approach5_skyhost_run2,6689000,1779281822.554864
approach5_skyhost_run2,6690000,1779281822.556636
approach5_skyhost_run2,6691000,1779281822.637288
approach5_skyhost_run2,6692000,1779281822.639894
approach5_skyhost_run2,6693000,1779281822.641674
approach5_skyhost_run2,6694000,1779281822.643445
approach5_skyhost_run2,6695000,1779281822.645248
approach5_skyhost_run2,6696000,1779281822.647029
approach5_skyhost_run2,6697000,1779281822.654175
approach5_skyhost_run2,6698000,1779281822.738759
approach5_skyhost_run2,6699000,1779281822.740542
approach5_skyhost_run2,6700000,1779281822.742331
approach5_skyhost_run2,6701000,1779281822.744117
approach5_skyhost_run2,6702000,1779281822.755967
approach5_skyhost_run2,6703000,1779281822.841914
approach5_skyhost_run2,6704000,1779281822.843680
approach5_skyhost_run2,6705000,1779281822.845463
approach5_skyhost_run2,6706000,1779281822.847233
approach5_skyhost_run2,6707000,1779281822.855371
approach5_skyhost_run2,6708000,1779281822.943480
approach5_skyhost_run2,6709000,1779281822.945240
approach5_skyhost_run2,6710000,1779281822.947039
approach5_skyhost_run2,6711000,1779281822.948822
approach5_skyhost_run2,6712000,1779281822.957881
approach5_skyhost_run2,6713000,1779281823.057460
approach5_skyhost_run2,6714000,1779281823.059247
approach5_skyhost_run2,6715000,1779281823.061033
approach5_skyhost_run2,6716000,1779281823.062837
approach5_skyhost_run2,6717000,1779281823.092471
approach5_skyhost_run2,6718000,1779281823.094314
approach5_skyhost_run2,6719000,1779281823.096128
approach5_skyhost_run2,6720000,1779281823.097916
approach5_skyhost_run2,6721000,1779281823.099722
approach5_skyhost_run2,6722000,1779281823.111717
approach5_skyhost_run2,6723000,1779281823.113488
approach5_skyhost_run2,6724000,1779281823.115295
approach5_skyhost_run2,6725000,1779281823.117081
approach5_skyhost_run2,6726000,1779281823.202327
approach5_skyhost_run2,6727000,1779281823.204098
approach5_skyhost_run2,6728000,1779281823.250002
approach5_skyhost_run2,6729000,1779281823.251771
approach5_skyhost_run2,6730000,1779281823.253544
approach5_skyhost_run2,6731000,1779281823.255358
approach5_skyhost_run2,6732000,1779281823.263151
approach5_skyhost_run2,6733000,1779281823.354906
approach5_skyhost_run2,6734000,1779281823.356679
approach5_skyhost_run2,6735000,1779281823.358461
approach5_skyhost_run2,6736000,1779281823.360229
approach5_skyhost_run2,6737000,1779281823.372535
approach5_skyhost_run2,6738000,1779281823.503428
approach5_skyhost_run2,6739000,1779281823.505226
approach5_skyhost_run2,6740000,1779281823.507015
approach5_skyhost_run2,6741000,1779281823.508791
approach5_skyhost_run2,6742000,1779281823.516080
approach5_skyhost_run2,6743000,1779281823.606347
approach5_skyhost_run2,6744000,1779281823.608113
approach5_skyhost_run2,6745000,1779281823.609885
approach5_skyhost_run2,6746000,1779281823.611684
approach5_skyhost_run2,6747000,1779281823.620229
approach5_skyhost_run2,6748000,1779281823.658682
approach5_skyhost_run2,6749000,1779281823.660451
approach5_skyhost_run2,6750000,1779281823.662217
approach5_skyhost_run2,6751000,1779281823.664012
approach5_skyhost_run2,6752000,1779281823.674324
approach5_skyhost_run2,6753000,1779281823.761280
approach5_skyhost_run2,6754000,1779281823.763046
approach5_skyhost_run2,6755000,1779281823.764838
approach5_skyhost_run2,6756000,1779281823.766624
approach5_skyhost_run2,6757000,1779281823.775589
approach5_skyhost_run2,6758000,1779281823.865346
approach5_skyhost_run2,6759000,1779281823.867122
approach5_skyhost_run2,6760000,1779281823.868900
approach5_skyhost_run2,6761000,1779281823.870693
approach5_skyhost_run2,6762000,1779281823.877943
approach5_skyhost_run2,6763000,1779281823.947008
approach5_skyhost_run2,6764000,1779281823.948776
approach5_skyhost_run2,6765000,1779281823.950565
approach5_skyhost_run2,6766000,1779281823.952354
approach5_skyhost_run2,6767000,1779281823.964799
approach5_skyhost_run2,6768000,1779281823.966591
approach5_skyhost_run2,6769000,1779281823.968349
approach5_skyhost_run2,6770000,1779281823.970117
approach5_skyhost_run2,6771000,1779281824.052436
approach5_skyhost_run2,6772000,1779281824.054199
approach5_skyhost_run2,6773000,1779281824.108752
approach5_skyhost_run2,6774000,1779281824.110531
approach5_skyhost_run2,6775000,1779281824.112310
approach5_skyhost_run2,6776000,1779281824.114098
approach5_skyhost_run2,6777000,1779281824.122836
approach5_skyhost_run2,6778000,1779281824.175021
approach5_skyhost_run2,6779000,1779281824.176793
approach5_skyhost_run2,6780000,1779281824.178583
approach5_skyhost_run2,6781000,1779281824.180364
approach5_skyhost_run2,6782000,1779281824.187882
approach5_skyhost_run2,6783000,1779281824.277074
approach5_skyhost_run2,6784000,1779281824.278854
approach5_skyhost_run2,6785000,1779281824.280631
approach5_skyhost_run2,6786000,1779281824.282427
approach5_skyhost_run2,6787000,1779281824.289696
approach5_skyhost_run2,6788000,1779281824.378535
approach5_skyhost_run2,6789000,1779281824.380305
approach5_skyhost_run2,6790000,1779281824.382082
approach5_skyhost_run2,6791000,1779281824.383883
approach5_skyhost_run2,6792000,1779281824.392859
approach5_skyhost_run2,6793000,1779281824.481461
approach5_skyhost_run2,6794000,1779281824.483237
approach5_skyhost_run2,6795000,1779281824.485048
approach5_skyhost_run2,6796000,1779281824.486866
approach5_skyhost_run2,6797000,1779281824.494526
approach5_skyhost_run2,6798000,1779281824.584045
approach5_skyhost_run2,6799000,1779281824.585841
approach5_skyhost_run2,6800000,1779281824.587629
approach5_skyhost_run2,6801000,1779281824.589407
approach5_skyhost_run2,6802000,1779281824.597372
approach5_skyhost_run2,6803000,1779281824.687536
approach5_skyhost_run2,6804000,1779281824.689312
approach5_skyhost_run2,6805000,1779281824.691099
approach5_skyhost_run2,6806000,1779281824.692874
approach5_skyhost_run2,6807000,1779281824.701768
approach5_skyhost_run2,6808000,1779281824.730719
approach5_skyhost_run2,6809000,1779281824.732489
approach5_skyhost_run2,6810000,1779281824.734251
approach5_skyhost_run2,6811000,1779281824.736077
approach5_skyhost_run2,6812000,1779281824.749442
approach5_skyhost_run2,6813000,1779281824.751236
approach5_skyhost_run2,6814000,1779281824.753019
approach5_skyhost_run2,6815000,1779281824.754841
approach5_skyhost_run2,6816000,1779281824.835032
approach5_skyhost_run2,6817000,1779281824.836814
approach5_skyhost_run2,6818000,1779281824.891478
approach5_skyhost_run2,6819000,1779281824.893267
approach5_skyhost_run2,6820000,1779281824.895070
approach5_skyhost_run2,6821000,1779281824.896864
approach5_skyhost_run2,6822000,1779281824.905589
approach5_skyhost_run2,6823000,1779281825.006866
approach5_skyhost_run2,6824000,1779281825.008635
approach5_skyhost_run2,6825000,1779281825.010424
approach5_skyhost_run2,6826000,1779281825.012222
approach5_skyhost_run2,6827000,1779281825.032851
approach5_skyhost_run2,6828000,1779281825.096294
approach5_skyhost_run2,6829000,1779281825.098060
approach5_skyhost_run2,6830000,1779281825.099828
approach5_skyhost_run2,6831000,1779281825.101593
approach5_skyhost_run2,6832000,1779281825.109620
approach5_skyhost_run2,6833000,1779281825.199170
approach5_skyhost_run2,6834000,1779281825.200921
approach5_skyhost_run2,6835000,1779281825.202667
approach5_skyhost_run2,6836000,1779281825.204468
approach5_skyhost_run2,6837000,1779281825.215178
approach5_skyhost_run2,6838000,1779281825.339824
approach5_skyhost_run2,6839000,1779281825.341595
approach5_skyhost_run2,6840000,1779281825.343383
approach5_skyhost_run2,6841000,1779281825.345195
approach5_skyhost_run2,6842000,1779281825.354011
approach5_skyhost_run2,6843000,1779281825.443095
approach5_skyhost_run2,6844000,1779281825.444888
approach5_skyhost_run2,6845000,1779281825.446673
approach5_skyhost_run2,6846000,1779281825.448446
approach5_skyhost_run2,6847000,1779281825.456699
approach5_skyhost_run2,6848000,1779281825.545696
approach5_skyhost_run2,6849000,1779281825.547473
approach5_skyhost_run2,6850000,1779281825.549240
approach5_skyhost_run2,6851000,1779281825.551028
approach5_skyhost_run2,6852000,1779281825.558384
approach5_skyhost_run2,6853000,1779281825.609012
approach5_skyhost_run2,6854000,1779281825.610782
approach5_skyhost_run2,6855000,1779281825.612552
approach5_skyhost_run2,6856000,1779281825.614346
approach5_skyhost_run2,6857000,1779281825.653185
approach5_skyhost_run2,6858000,1779281825.654985
approach5_skyhost_run2,6859000,1779281825.656770
approach5_skyhost_run2,6860000,1779281825.658568
approach5_skyhost_run2,6861000,1779281825.666733
approach5_skyhost_run2,6862000,1779281825.671680
approach5_skyhost_run2,6863000,1779281825.673445
approach5_skyhost_run2,6864000,1779281825.675248
approach5_skyhost_run2,6865000,1779281825.677023
approach5_skyhost_run2,6866000,1779281825.763110
approach5_skyhost_run2,6867000,1779281825.764908
approach5_skyhost_run2,6868000,1779281826.060050
approach5_skyhost_run2,6869000,1779281826.061808
approach5_skyhost_run2,6870000,1779281826.063585
approach5_skyhost_run2,6871000,1779281826.065392
approach5_skyhost_run2,6872000,1779281826.080314
approach5_skyhost_run2,6873000,1779281826.082084
approach5_skyhost_run2,6874000,1779281826.083877
approach5_skyhost_run2,6875000,1779281826.085680
approach5_skyhost_run2,6876000,1779281826.172950
approach5_skyhost_run2,6877000,1779281826.174749
approach5_skyhost_run2,6878000,1779281826.258984
approach5_skyhost_run2,6879000,1779281826.260748
approach5_skyhost_run2,6880000,1779281826.262524
approach5_skyhost_run2,6881000,1779281826.264306
approach5_skyhost_run2,6882000,1779281826.272380
approach5_skyhost_run2,6883000,1779281826.324623
approach5_skyhost_run2,6884000,1779281826.326439
approach5_skyhost_run2,6885000,1779281826.328214
approach5_skyhost_run2,6886000,1779281826.329996
approach5_skyhost_run2,6887000,1779281826.339758
approach5_skyhost_run2,6888000,1779281826.427817
approach5_skyhost_run2,6889000,1779281826.429592
approach5_skyhost_run2,6890000,1779281826.431384
approach5_skyhost_run2,6891000,1779281826.433169
approach5_skyhost_run2,6892000,1779281826.441562
approach5_skyhost_run2,6893000,1779281826.543637
approach5_skyhost_run2,6894000,1779281826.545433
approach5_skyhost_run2,6895000,1779281826.547221
approach5_skyhost_run2,6896000,1779281826.549005
approach5_skyhost_run2,6897000,1779281826.575523
approach5_skyhost_run2,6898000,1779281826.633983
approach5_skyhost_run2,6899000,1779281826.635801
approach5_skyhost_run2,6900000,1779281826.637573
approach5_skyhost_run2,6901000,1779281826.639367
approach5_skyhost_run2,6902000,1779281826.649122
approach5_skyhost_run2,6903000,1779281826.677096
approach5_skyhost_run2,6904000,1779281826.678874
approach5_skyhost_run2,6905000,1779281826.680641
approach5_skyhost_run2,6906000,1779281826.682437
approach5_skyhost_run2,6907000,1779281826.695453
approach5_skyhost_run2,6908000,1779281826.697225
approach5_skyhost_run2,6909000,1779281826.699020
approach5_skyhost_run2,6910000,1779281826.700805
approach5_skyhost_run2,6911000,1779281826.782587
approach5_skyhost_run2,6912000,1779281826.784363
approach5_skyhost_run2,6913000,1779281826.838126
approach5_skyhost_run2,6914000,1779281826.839904
approach5_skyhost_run2,6915000,1779281826.841677
approach5_skyhost_run2,6916000,1779281826.843468
approach5_skyhost_run2,6917000,1779281826.852338
approach5_skyhost_run2,6918000,1779281826.979754
approach5_skyhost_run2,6919000,1779281826.981518
approach5_skyhost_run2,6920000,1779281826.983304
approach5_skyhost_run2,6921000,1779281826.985124
approach5_skyhost_run2,6922000,1779281826.995024
approach5_skyhost_run2,6923000,1779281827.042809
approach5_skyhost_run2,6924000,1779281827.044577
approach5_skyhost_run2,6925000,1779281827.046376
approach5_skyhost_run2,6926000,1779281827.048157
approach5_skyhost_run2,6927000,1779281827.061017
approach5_skyhost_run2,6928000,1779281827.135823
approach5_skyhost_run2,6929000,1779281827.137593
approach5_skyhost_run2,6930000,1779281827.139383
approach5_skyhost_run2,6931000,1779281827.141162
approach5_skyhost_run2,6932000,1779281827.155714
approach5_skyhost_run2,6933000,1779281827.157476
approach5_skyhost_run2,6934000,1779281827.159261
approach5_skyhost_run2,6935000,1779281827.230070
approach5_skyhost_run2,6936000,1779281827.231855
approach5_skyhost_run2,6937000,1779281827.233646
approach5_skyhost_run2,6938000,1779281827.245943
approach5_skyhost_run2,6939000,1779281827.247723
approach5_skyhost_run2,6940000,1779281827.249498
approach5_skyhost_run2,6941000,1779281827.251289
approach5_skyhost_run2,6942000,1779281827.259765
approach5_skyhost_run2,6943000,1779281827.350186
approach5_skyhost_run2,6944000,1779281827.351961
approach5_skyhost_run2,6945000,1779281827.353741
approach5_skyhost_run2,6946000,1779281827.355556
approach5_skyhost_run2,6947000,1779281827.363362
approach5_skyhost_run2,6948000,1779281827.451420
approach5_skyhost_run2,6949000,1779281827.453178
approach5_skyhost_run2,6950000,1779281827.454978
approach5_skyhost_run2,6951000,1779281827.456759
approach5_skyhost_run2,6952000,1779281827.464272
approach5_skyhost_run2,6953000,1779281827.551604
approach5_skyhost_run2,6954000,1779281827.553379
approach5_skyhost_run2,6955000,1779281827.555192
approach5_skyhost_run2,6956000,1779281827.556979
approach5_skyhost_run2,6957000,1779281827.573552
approach5_skyhost_run2,6958000,1779281827.595397
approach5_skyhost_run2,6959000,1779281827.597168
approach5_skyhost_run2,6960000,1779281827.598955
approach5_skyhost_run2,6961000,1779281827.600716
approach5_skyhost_run2,6962000,1779281827.614697
approach5_skyhost_run2,6963000,1779281827.616496
approach5_skyhost_run2,6964000,1779281827.618287
approach5_skyhost_run2,6965000,1779281827.620072
approach5_skyhost_run2,6966000,1779281827.706304
approach5_skyhost_run2,6967000,1779281827.708077
approach5_skyhost_run2,6968000,1779281827.759572
approach5_skyhost_run2,6969000,1779281827.761342
approach5_skyhost_run2,6970000,1779281827.763122
approach5_skyhost_run2,6971000,1779281827.764925
approach5_skyhost_run2,6972000,1779281827.772619
approach5_skyhost_run2,6973000,1779281827.861856
approach5_skyhost_run2,6974000,1779281827.863632
approach5_skyhost_run2,6975000,1779281827.865436
approach5_skyhost_run2,6976000,1779281827.867244
approach5_skyhost_run2,6977000,1779281827.875836
approach5_skyhost_run2,6978000,1779281827.964031
approach5_skyhost_run2,6979000,1779281827.965827
approach5_skyhost_run2,6980000,1779281827.967612
approach5_skyhost_run2,6981000,1779281827.969394
approach5_skyhost_run2,6982000,1779281827.978177
approach5_skyhost_run2,6983000,1779281828.066574
approach5_skyhost_run2,6984000,1779281828.068351
approach5_skyhost_run2,6985000,1779281828.070129
approach5_skyhost_run2,6986000,1779281828.071923
approach5_skyhost_run2,6987000,1779281828.079864
approach5_skyhost_run2,6988000,1779281828.108352
approach5_skyhost_run2,6989000,1779281828.110116
approach5_skyhost_run2,6990000,1779281828.111897
approach5_skyhost_run2,6991000,1779281828.113680
approach5_skyhost_run2,6992000,1779281828.166161
approach5_skyhost_run2,6993000,1779281828.167932
approach5_skyhost_run2,6994000,1779281828.169698
approach5_skyhost_run2,6995000,1779281828.171489
approach5_skyhost_run2,6996000,1779281828.258213
approach5_skyhost_run2,6997000,1779281828.260007
approach5_skyhost_run2,6998000,1779281828.273749
approach5_skyhost_run2,6999000,1779281828.275551
approach5_skyhost_run2,7000000,1779281828.277340
approach5_skyhost_run2,7001000,1779281828.279173
approach5_skyhost_run2,7002000,1779281828.286850
approach5_skyhost_run2,7003000,1779281828.315221
approach5_skyhost_run2,7004000,1779281828.316984
approach5_skyhost_run2,7005000,1779281828.318765
approach5_skyhost_run2,7006000,1779281828.320555
approach5_skyhost_run2,7007000,1779281828.374745
approach5_skyhost_run2,7008000,1779281828.376556
approach5_skyhost_run2,7009000,1779281828.378345
approach5_skyhost_run2,7010000,1779281828.380155
approach5_skyhost_run2,7011000,1779281828.466858
approach5_skyhost_run2,7012000,1779281828.468631
approach5_skyhost_run2,7013000,1779281828.490181
approach5_skyhost_run2,7014000,1779281828.491971
approach5_skyhost_run2,7015000,1779281828.493751
approach5_skyhost_run2,7016000,1779281828.495590
approach5_skyhost_run2,7017000,1779281828.559516
approach5_skyhost_run2,7018000,1779281828.561292
approach5_skyhost_run2,7019000,1779281828.563082
approach5_skyhost_run2,7020000,1779281828.564891
approach5_skyhost_run2,7021000,1779281828.578060
approach5_skyhost_run2,7022000,1779281828.579839
approach5_skyhost_run2,7023000,1779281828.581613
approach5_skyhost_run2,7024000,1779281828.583373
approach5_skyhost_run2,7025000,1779281828.585207
approach5_skyhost_run2,7026000,1779281828.664744
approach5_skyhost_run2,7027000,1779281828.666553
approach5_skyhost_run2,7028000,1779281828.685537
approach5_skyhost_run2,7029000,1779281828.687318
approach5_skyhost_run2,7030000,1779281828.689094
approach5_skyhost_run2,7031000,1779281828.690901
approach5_skyhost_run2,7032000,1779281828.703125
approach5_skyhost_run2,7033000,1779281828.784382
approach5_skyhost_run2,7034000,1779281828.786182
approach5_skyhost_run2,7035000,1779281828.787974
approach5_skyhost_run2,7036000,1779281828.789766
approach5_skyhost_run2,7037000,1779281828.799880
approach5_skyhost_run2,7038000,1779281828.886541
approach5_skyhost_run2,7039000,1779281828.888316
approach5_skyhost_run2,7040000,1779281828.890096
approach5_skyhost_run2,7041000,1779281828.891886
approach5_skyhost_run2,7042000,1779281828.901514
approach5_skyhost_run2,7043000,1779281828.988103
approach5_skyhost_run2,7044000,1779281828.989878
approach5_skyhost_run2,7045000,1779281828.991683
approach5_skyhost_run2,7046000,1779281828.993470
approach5_skyhost_run2,7047000,1779281829.003205
approach5_skyhost_run2,7048000,1779281829.092056
approach5_skyhost_run2,7049000,1779281829.093832
approach5_skyhost_run2,7050000,1779281829.095647
approach5_skyhost_run2,7051000,1779281829.097438
approach5_skyhost_run2,7052000,1779281829.105371
approach5_skyhost_run2,7053000,1779281829.194748
approach5_skyhost_run2,7054000,1779281829.196542
approach5_skyhost_run2,7055000,1779281829.198328
approach5_skyhost_run2,7056000,1779281829.200122
approach5_skyhost_run2,7057000,1779281829.210178
approach5_skyhost_run2,7058000,1779281829.295301
approach5_skyhost_run2,7059000,1779281829.297073
approach5_skyhost_run2,7060000,1779281829.298862
approach5_skyhost_run2,7061000,1779281829.300653
approach5_skyhost_run2,7062000,1779281829.310593
approach5_skyhost_run2,7063000,1779281829.340162
approach5_skyhost_run2,7064000,1779281829.341939
approach5_skyhost_run2,7065000,1779281829.343736
approach5_skyhost_run2,7066000,1779281829.345553
approach5_skyhost_run2,7067000,1779281829.358654
approach5_skyhost_run2,7068000,1779281829.360431
approach5_skyhost_run2,7069000,1779281829.362192
approach5_skyhost_run2,7070000,1779281829.363990
approach5_skyhost_run2,7071000,1779281829.446458
approach5_skyhost_run2,7072000,1779281829.448228
approach5_skyhost_run2,7073000,1779281829.501096
approach5_skyhost_run2,7074000,1779281829.502871
approach5_skyhost_run2,7075000,1779281829.504638
approach5_skyhost_run2,7076000,1779281829.506445
approach5_skyhost_run2,7077000,1779281829.552772
approach5_skyhost_run2,7078000,1779281829.603038
approach5_skyhost_run2,7079000,1779281829.604828
approach5_skyhost_run2,7080000,1779281829.606618
approach5_skyhost_run2,7081000,1779281829.608397
approach5_skyhost_run2,7082000,1779281829.617106
approach5_skyhost_run2,7083000,1779281829.683906
approach5_skyhost_run2,7084000,1779281829.685703
approach5_skyhost_run2,7085000,1779281829.687497
approach5_skyhost_run2,7086000,1779281829.689285
approach5_skyhost_run2,7087000,1779281829.702673
approach5_skyhost_run2,7088000,1779281829.704466
approach5_skyhost_run2,7089000,1779281829.706266
approach5_skyhost_run2,7090000,1779281829.708053
approach5_skyhost_run2,7091000,1779281829.789787
approach5_skyhost_run2,7092000,1779281829.791569
approach5_skyhost_run2,7093000,1779281829.821806
approach5_skyhost_run2,7094000,1779281829.823577
approach5_skyhost_run2,7095000,1779281829.825374
approach5_skyhost_run2,7096000,1779281829.827172
approach5_skyhost_run2,7097000,1779281829.852153
approach5_skyhost_run2,7098000,1779281829.911378
approach5_skyhost_run2,7099000,1779281829.913151
approach5_skyhost_run2,7100000,1779281829.914977
approach5_skyhost_run2,7101000,1779281829.916759
approach5_skyhost_run2,7102000,1779281829.927746
approach5_skyhost_run2,7103000,1779281830.077962
approach5_skyhost_run2,7104000,1779281830.079743
approach5_skyhost_run2,7105000,1779281830.081513
approach5_skyhost_run2,7106000,1779281830.083310
approach5_skyhost_run2,7107000,1779281830.097166
approach5_skyhost_run2,7108000,1779281830.117928
approach5_skyhost_run2,7109000,1779281830.119711
approach5_skyhost_run2,7110000,1779281830.121478
approach5_skyhost_run2,7111000,1779281830.123275
approach5_skyhost_run2,7112000,1779281830.133091
approach5_skyhost_run2,7113000,1779281830.227355
approach5_skyhost_run2,7114000,1779281830.229129
approach5_skyhost_run2,7115000,1779281830.230922
approach5_skyhost_run2,7116000,1779281830.232709
approach5_skyhost_run2,7117000,1779281830.259744
approach5_skyhost_run2,7118000,1779281830.319943
approach5_skyhost_run2,7119000,1779281830.321717
approach5_skyhost_run2,7120000,1779281830.323498
approach5_skyhost_run2,7121000,1779281830.325324
approach5_skyhost_run2,7122000,1779281830.336699
approach5_skyhost_run2,7123000,1779281830.423861
approach5_skyhost_run2,7124000,1779281830.425670
approach5_skyhost_run2,7125000,1779281830.427458
approach5_skyhost_run2,7126000,1779281830.429246
approach5_skyhost_run2,7127000,1779281830.437211
approach5_skyhost_run2,7128000,1779281830.528312
approach5_skyhost_run2,7129000,1779281830.530093
approach5_skyhost_run2,7130000,1779281830.531886
approach5_skyhost_run2,7131000,1779281830.533677
approach5_skyhost_run2,7132000,1779281830.542458
approach5_skyhost_run2,7133000,1779281830.629490
approach5_skyhost_run2,7134000,1779281830.631259
approach5_skyhost_run2,7135000,1779281830.633018
approach5_skyhost_run2,7136000,1779281830.634836
approach5_skyhost_run2,7137000,1779281830.643364
approach5_skyhost_run2,7138000,1779281830.729521
approach5_skyhost_run2,7139000,1779281830.731308
approach5_skyhost_run2,7140000,1779281830.733090
approach5_skyhost_run2,7141000,1779281830.734917
approach5_skyhost_run2,7142000,1779281830.793684
approach5_skyhost_run2,7143000,1779281830.845560
approach5_skyhost_run2,7144000,1779281830.847341
approach5_skyhost_run2,7145000,1779281830.849119
approach5_skyhost_run2,7146000,1779281830.850921
approach5_skyhost_run2,7147000,1779281830.880047
approach5_skyhost_run2,7148000,1779281830.936481
approach5_skyhost_run2,7149000,1779281830.938257
approach5_skyhost_run2,7150000,1779281830.940019
approach5_skyhost_run2,7151000,1779281830.941835
approach5_skyhost_run2,7152000,1779281830.950140
approach5_skyhost_run2,7153000,1779281831.038069
approach5_skyhost_run2,7154000,1779281831.039847
approach5_skyhost_run2,7155000,1779281831.041625
approach5_skyhost_run2,7156000,1779281831.043421
approach5_skyhost_run2,7157000,1779281831.053830
approach5_skyhost_run2,7158000,1779281831.142395
approach5_skyhost_run2,7159000,1779281831.144164
approach5_skyhost_run2,7160000,1779281831.145960
approach5_skyhost_run2,7161000,1779281831.147756
approach5_skyhost_run2,7162000,1779281831.155332
approach5_skyhost_run2,7163000,1779281831.245840
approach5_skyhost_run2,7164000,1779281831.247627
approach5_skyhost_run2,7165000,1779281831.249390
approach5_skyhost_run2,7166000,1779281831.251183
approach5_skyhost_run2,7167000,1779281831.259683
approach5_skyhost_run2,7168000,1779281831.347522
approach5_skyhost_run2,7169000,1779281831.349296
approach5_skyhost_run2,7170000,1779281831.351082
approach5_skyhost_run2,7171000,1779281831.352865
approach5_skyhost_run2,7172000,1779281831.362112
approach5_skyhost_run2,7173000,1779281831.450461
approach5_skyhost_run2,7174000,1779281831.452240
approach5_skyhost_run2,7175000,1779281831.454012
approach5_skyhost_run2,7176000,1779281831.455830
approach5_skyhost_run2,7177000,1779281831.464144
approach5_skyhost_run2,7178000,1779281831.553600
approach5_skyhost_run2,7179000,1779281831.555404
approach5_skyhost_run2,7180000,1779281831.557173
approach5_skyhost_run2,7181000,1779281831.558968
approach5_skyhost_run2,7182000,1779281831.566727
approach5_skyhost_run2,7183000,1779281831.694321
approach5_skyhost_run2,7184000,1779281831.696112
approach5_skyhost_run2,7185000,1779281831.697885
approach5_skyhost_run2,7186000,1779281831.699686
approach5_skyhost_run2,7187000,1779281831.706962
approach5_skyhost_run2,7188000,1779281831.797935
approach5_skyhost_run2,7189000,1779281831.799728
approach5_skyhost_run2,7190000,1779281831.801517
approach5_skyhost_run2,7191000,1779281831.803324
approach5_skyhost_run2,7192000,1779281831.811675
approach5_skyhost_run2,7193000,1779281831.857739
approach5_skyhost_run2,7194000,1779281831.859530
approach5_skyhost_run2,7195000,1779281831.861313
approach5_skyhost_run2,7196000,1779281831.863117
approach5_skyhost_run2,7197000,1779281831.872670
approach5_skyhost_run2,7198000,1779281831.960518
approach5_skyhost_run2,7199000,1779281831.962317
approach5_skyhost_run2,7200000,1779281831.964078
approach5_skyhost_run2,7201000,1779281831.965884
approach5_skyhost_run2,7202000,1779281831.975212
approach5_skyhost_run2,7203000,1779281832.065761
approach5_skyhost_run2,7204000,1779281832.067534
approach5_skyhost_run2,7205000,1779281832.069308
approach5_skyhost_run2,7206000,1779281832.071113
approach5_skyhost_run2,7207000,1779281832.079932
approach5_skyhost_run2,7208000,1779281832.143368
approach5_skyhost_run2,7209000,1779281832.145158
approach5_skyhost_run2,7210000,1779281832.146942
approach5_skyhost_run2,7211000,1779281832.148727
approach5_skyhost_run2,7212000,1779281832.161667
approach5_skyhost_run2,7213000,1779281832.163417
approach5_skyhost_run2,7214000,1779281832.165237
approach5_skyhost_run2,7215000,1779281832.167032
approach5_skyhost_run2,7216000,1779281832.249017
approach5_skyhost_run2,7217000,1779281832.250809
approach5_skyhost_run2,7218000,1779281832.267650
approach5_skyhost_run2,7219000,1779281832.269420
approach5_skyhost_run2,7220000,1779281832.271209
approach5_skyhost_run2,7221000,1779281832.272993
approach5_skyhost_run2,7222000,1779281832.608696
approach5_skyhost_run2,7223000,1779281832.610472
approach5_skyhost_run2,7224000,1779281832.612242
approach5_skyhost_run2,7225000,1779281832.614016
approach5_skyhost_run2,7226000,1779281832.621373
approach5_skyhost_run2,7227000,1779281832.713409
approach5_skyhost_run2,7228000,1779281832.715232
approach5_skyhost_run2,7229000,1779281832.717000
approach5_skyhost_run2,7230000,1779281832.718788
approach5_skyhost_run2,7231000,1779281832.722141
approach5_skyhost_run2,7232000,1779281832.823228
approach5_skyhost_run2,7233000,1779281832.825027
approach5_skyhost_run2,7234000,1779281832.826825
approach5_skyhost_run2,7235000,1779281832.828619
approach5_skyhost_run2,7236000,1779281832.856875
approach5_skyhost_run2,7237000,1779281832.912568
approach5_skyhost_run2,7238000,1779281832.914340
approach5_skyhost_run2,7239000,1779281832.916123
approach5_skyhost_run2,7240000,1779281832.917889
approach5_skyhost_run2,7241000,1779281832.925234
approach5_skyhost_run2,7242000,1779281833.016892
approach5_skyhost_run2,7243000,1779281833.018668
approach5_skyhost_run2,7244000,1779281833.020443
approach5_skyhost_run2,7245000,1779281833.022226
approach5_skyhost_run2,7246000,1779281833.030968
approach5_skyhost_run2,7247000,1779281833.116737
approach5_skyhost_run2,7248000,1779281833.118513
approach5_skyhost_run2,7249000,1779281833.120291
approach5_skyhost_run2,7250000,1779281833.122082
approach5_skyhost_run2,7251000,1779281833.131300
approach5_skyhost_run2,7252000,1779281833.201893
approach5_skyhost_run2,7253000,1779281833.203671
approach5_skyhost_run2,7254000,1779281833.205471
approach5_skyhost_run2,7255000,1779281833.207265
approach5_skyhost_run2,7256000,1779281833.221607
approach5_skyhost_run2,7257000,1779281833.223393
approach5_skyhost_run2,7258000,1779281833.225188
approach5_skyhost_run2,7259000,1779281833.226974
approach5_skyhost_run2,7260000,1779281833.313167
approach5_skyhost_run2,7261000,1779281833.314972
approach5_skyhost_run2,7262000,1779281833.317465
approach5_skyhost_run2,7263000,1779281833.319247
approach5_skyhost_run2,7264000,1779281833.321034
approach5_skyhost_run2,7265000,1779281833.322836
approach5_skyhost_run2,7266000,1779281833.335369
approach5_skyhost_run2,7267000,1779281833.337144
approach5_skyhost_run2,7268000,1779281833.338928
approach5_skyhost_run2,7269000,1779281833.340708
approach5_skyhost_run2,7270000,1779281833.422257
approach5_skyhost_run2,7271000,1779281833.424037
approach5_skyhost_run2,7272000,1779281833.438143
approach5_skyhost_run2,7273000,1779281833.439919
approach5_skyhost_run2,7274000,1779281833.441693
approach5_skyhost_run2,7275000,1779281833.443490
approach5_skyhost_run2,7276000,1779281833.473202
approach5_skyhost_run2,7277000,1779281833.581603
approach5_skyhost_run2,7278000,1779281833.583380
approach5_skyhost_run2,7279000,1779281833.585186
approach5_skyhost_run2,7280000,1779281833.586968
approach5_skyhost_run2,7281000,1779281833.595257
approach5_skyhost_run2,7282000,1779281833.646659
approach5_skyhost_run2,7283000,1779281833.648428
approach5_skyhost_run2,7284000,1779281833.650200
approach5_skyhost_run2,7285000,1779281833.651986
approach5_skyhost_run2,7286000,1779281833.663588
approach5_skyhost_run2,7287000,1779281833.732289
approach5_skyhost_run2,7288000,1779281833.734056
approach5_skyhost_run2,7289000,1779281833.735868
approach5_skyhost_run2,7290000,1779281833.737648
approach5_skyhost_run2,7291000,1779281833.749655
approach5_skyhost_run2,7292000,1779281833.881642
approach5_skyhost_run2,7293000,1779281833.883420
approach5_skyhost_run2,7294000,1779281833.885216
approach5_skyhost_run2,7295000,1779281833.887010
approach5_skyhost_run2,7296000,1779281833.896555
approach5_skyhost_run2,7297000,1779281833.936745
approach5_skyhost_run2,7298000,1779281833.938523
approach5_skyhost_run2,7299000,1779281833.940303
approach5_skyhost_run2,7300000,1779281833.942092
approach5_skyhost_run2,7301000,1779281833.951042
approach5_skyhost_run2,7302000,1779281834.052758
approach5_skyhost_run2,7303000,1779281834.054541
approach5_skyhost_run2,7304000,1779281834.056350
approach5_skyhost_run2,7305000,1779281834.058127
approach5_skyhost_run2,7306000,1779281834.076257
approach5_skyhost_run2,7307000,1779281834.121322
approach5_skyhost_run2,7308000,1779281834.123099
approach5_skyhost_run2,7309000,1779281834.124898
approach5_skyhost_run2,7310000,1779281834.126714
approach5_skyhost_run2,7311000,1779281834.141879
approach5_skyhost_run2,7312000,1779281834.143660
approach5_skyhost_run2,7313000,1779281834.145465
approach5_skyhost_run2,7314000,1779281834.147268
approach5_skyhost_run2,7315000,1779281834.232505
approach5_skyhost_run2,7316000,1779281834.234294
approach5_skyhost_run2,7317000,1779281834.246145
approach5_skyhost_run2,7318000,1779281834.247931
approach5_skyhost_run2,7319000,1779281834.249714
approach5_skyhost_run2,7320000,1779281834.251509
approach5_skyhost_run2,7321000,1779281834.259505
approach5_skyhost_run2,7322000,1779281834.350112
approach5_skyhost_run2,7323000,1779281834.351903
approach5_skyhost_run2,7324000,1779281834.353673
approach5_skyhost_run2,7325000,1779281834.355516
approach5_skyhost_run2,7326000,1779281834.362979
approach5_skyhost_run2,7327000,1779281834.450712
approach5_skyhost_run2,7328000,1779281834.452490
approach5_skyhost_run2,7329000,1779281834.454265
approach5_skyhost_run2,7330000,1779281834.456095
approach5_skyhost_run2,7331000,1779281834.470773
approach5_skyhost_run2,7332000,1779281834.552407
approach5_skyhost_run2,7333000,1779281834.554185
approach5_skyhost_run2,7334000,1779281834.556002
approach5_skyhost_run2,7335000,1779281834.557780
approach5_skyhost_run2,7336000,1779281834.565590
approach5_skyhost_run2,7337000,1779281834.656318
approach5_skyhost_run2,7338000,1779281834.658093
approach5_skyhost_run2,7339000,1779281834.659848
approach5_skyhost_run2,7340000,1779281834.661650
approach5_skyhost_run2,7341000,1779281834.673359
approach5_skyhost_run2,7342000,1779281834.757587
approach5_skyhost_run2,7343000,1779281834.759403
approach5_skyhost_run2,7344000,1779281834.761219
approach5_skyhost_run2,7345000,1779281834.763065
approach5_skyhost_run2,7346000,1779281834.777595
approach5_skyhost_run2,7347000,1779281834.861176
approach5_skyhost_run2,7348000,1779281834.862948
approach5_skyhost_run2,7349000,1779281834.864730
approach5_skyhost_run2,7350000,1779281834.866554
approach5_skyhost_run2,7351000,1779281834.874401
approach5_skyhost_run2,7352000,1779281834.963503
approach5_skyhost_run2,7353000,1779281834.965294
approach5_skyhost_run2,7354000,1779281834.967073
approach5_skyhost_run2,7355000,1779281834.968852
approach5_skyhost_run2,7356000,1779281834.976866
approach5_skyhost_run2,7357000,1779281835.065901
approach5_skyhost_run2,7358000,1779281835.067671
approach5_skyhost_run2,7359000,1779281835.069434
approach5_skyhost_run2,7360000,1779281835.071227
approach5_skyhost_run2,7361000,1779281835.077825
approach5_skyhost_run2,7362000,1779281835.182201
approach5_skyhost_run2,7363000,1779281835.183989
approach5_skyhost_run2,7364000,1779281835.185791
approach5_skyhost_run2,7365000,1779281835.187587
approach5_skyhost_run2,7366000,1779281835.211444
approach5_skyhost_run2,7367000,1779281835.306662
approach5_skyhost_run2,7368000,1779281835.308437
approach5_skyhost_run2,7369000,1779281835.310217
approach5_skyhost_run2,7370000,1779281835.312024
approach5_skyhost_run2,7371000,1779281835.318417
approach5_skyhost_run2,7372000,1779281835.371871
approach5_skyhost_run2,7373000,1779281835.373644
approach5_skyhost_run2,7374000,1779281835.375458
approach5_skyhost_run2,7375000,1779281835.377234
approach5_skyhost_run2,7376000,1779281835.384658
approach5_skyhost_run2,7377000,1779281835.474596
approach5_skyhost_run2,7378000,1779281835.476409
approach5_skyhost_run2,7379000,1779281835.478193
approach5_skyhost_run2,7380000,1779281835.479991
approach5_skyhost_run2,7381000,1779281835.487430
approach5_skyhost_run2,7382000,1779281835.615459
approach5_skyhost_run2,7383000,1779281835.617240
approach5_skyhost_run2,7384000,1779281835.619032
approach5_skyhost_run2,7385000,1779281835.620818
approach5_skyhost_run2,7386000,1779281835.626914
approach5_skyhost_run2,7387000,1779281835.691971
approach5_skyhost_run2,7388000,1779281835.693748
approach5_skyhost_run2,7389000,1779281835.695554
approach5_skyhost_run2,7390000,1779281835.697327
approach5_skyhost_run2,7391000,1779281835.718250
approach5_skyhost_run2,7392000,1779281835.781460
approach5_skyhost_run2,7393000,1779281835.783242
approach5_skyhost_run2,7394000,1779281835.785046
approach5_skyhost_run2,7395000,1779281835.786833
approach5_skyhost_run2,7396000,1779281835.794888
approach5_skyhost_run2,7397000,1779281835.896234
approach5_skyhost_run2,7398000,1779281835.898003
approach5_skyhost_run2,7399000,1779281835.899785
approach5_skyhost_run2,7400000,1779281835.901556
approach5_skyhost_run2,7401000,1779281835.969894
approach5_skyhost_run2,7402000,1779281835.988011
approach5_skyhost_run2,7403000,1779281835.989803
approach5_skyhost_run2,7404000,1779281835.991587
approach5_skyhost_run2,7405000,1779281835.993387
approach5_skyhost_run2,7406000,1779281836.002932
approach5_skyhost_run2,7407000,1779281836.091039
approach5_skyhost_run2,7408000,1779281836.092812
approach5_skyhost_run2,7409000,1779281836.094591
approach5_skyhost_run2,7410000,1779281836.096402
approach5_skyhost_run2,7411000,1779281836.104257
approach5_skyhost_run2,7412000,1779281836.191832
approach5_skyhost_run2,7413000,1779281836.193600
approach5_skyhost_run2,7414000,1779281836.195408
approach5_skyhost_run2,7415000,1779281836.197200
approach5_skyhost_run2,7416000,1779281836.205509
approach5_skyhost_run2,7417000,1779281836.295137
approach5_skyhost_run2,7418000,1779281836.296913
approach5_skyhost_run2,7419000,1779281836.298695
approach5_skyhost_run2,7420000,1779281836.300473
approach5_skyhost_run2,7421000,1779281836.312346
approach5_skyhost_run2,7422000,1779281836.409816
approach5_skyhost_run2,7423000,1779281836.411597
approach5_skyhost_run2,7424000,1779281836.413368
approach5_skyhost_run2,7425000,1779281836.415202
approach5_skyhost_run2,7426000,1779281836.472210
approach5_skyhost_run2,7427000,1779281836.501043
approach5_skyhost_run2,7428000,1779281836.502817
approach5_skyhost_run2,7429000,1779281836.504590
approach5_skyhost_run2,7430000,1779281836.506407
approach5_skyhost_run2,7431000,1779281836.565109
approach5_skyhost_run2,7432000,1779281836.604799
approach5_skyhost_run2,7433000,1779281836.606599
approach5_skyhost_run2,7434000,1779281836.608370
approach5_skyhost_run2,7435000,1779281836.610153
approach5_skyhost_run2,7436000,1779281836.624337
approach5_skyhost_run2,7437000,1779281836.626124
approach5_skyhost_run2,7438000,1779281836.627909
approach5_skyhost_run2,7439000,1779281836.629695
approach5_skyhost_run2,7440000,1779281836.709643
approach5_skyhost_run2,7441000,1779281836.711785
approach5_skyhost_run2,7442000,1779281836.713562
approach5_skyhost_run2,7443000,1779281836.715370
approach5_skyhost_run2,7444000,1779281836.717145
approach5_skyhost_run2,7445000,1779281836.718938
approach5_skyhost_run2,7446000,1779281836.721140
approach5_skyhost_run2,7447000,1779281836.812396
approach5_skyhost_run2,7448000,1779281836.814167
approach5_skyhost_run2,7449000,1779281836.815975
approach5_skyhost_run2,7450000,1779281836.817731
approach5_skyhost_run2,7451000,1779281836.824821
approach5_skyhost_run2,7452000,1779281836.913499
approach5_skyhost_run2,7453000,1779281836.915308
approach5_skyhost_run2,7454000,1779281836.917085
approach5_skyhost_run2,7455000,1779281836.918888
approach5_skyhost_run2,7456000,1779281836.925874
approach5_skyhost_run2,7457000,1779281836.958392
approach5_skyhost_run2,7458000,1779281836.960164
approach5_skyhost_run2,7459000,1779281836.961935
approach5_skyhost_run2,7460000,1779281836.963724
approach5_skyhost_run2,7461000,1779281837.024296
approach5_skyhost_run2,7462000,1779281837.026079
approach5_skyhost_run2,7463000,1779281837.027854
approach5_skyhost_run2,7464000,1779281837.029626
approach5_skyhost_run2,7465000,1779281837.058704
approach5_skyhost_run2,7466000,1779281837.060482
approach5_skyhost_run2,7467000,1779281837.062248
approach5_skyhost_run2,7468000,1779281837.064039
approach5_skyhost_run2,7469000,1779281837.078960
approach5_skyhost_run2,7470000,1779281837.080729
approach5_skyhost_run2,7471000,1779281837.082509
approach5_skyhost_run2,7472000,1779281837.084285
approach5_skyhost_run2,7473000,1779281837.114530
approach5_skyhost_run2,7474000,1779281837.116331
approach5_skyhost_run2,7475000,1779281837.168458
approach5_skyhost_run2,7476000,1779281837.170234
approach5_skyhost_run2,7477000,1779281837.220472
approach5_skyhost_run2,7478000,1779281837.222237
approach5_skyhost_run2,7479000,1779281837.224023
approach5_skyhost_run2,7480000,1779281837.225856
approach5_skyhost_run2,7481000,1779281837.235273
approach5_skyhost_run2,7482000,1779281837.323693
approach5_skyhost_run2,7483000,1779281837.325491
approach5_skyhost_run2,7484000,1779281837.327293
approach5_skyhost_run2,7485000,1779281837.329081
approach5_skyhost_run2,7486000,1779281837.336051
approach5_skyhost_run2,7487000,1779281837.425856
approach5_skyhost_run2,7488000,1779281837.427642
approach5_skyhost_run2,7489000,1779281837.429424
approach5_skyhost_run2,7490000,1779281837.431219
approach5_skyhost_run2,7491000,1779281837.440588
approach5_skyhost_run2,7492000,1779281837.527838
approach5_skyhost_run2,7493000,1779281837.529603
approach5_skyhost_run2,7494000,1779281837.531382
approach5_skyhost_run2,7495000,1779281837.533159
approach5_skyhost_run2,7496000,1779281837.543405
approach5_skyhost_run2,7497000,1779281837.630248
approach5_skyhost_run2,7498000,1779281837.632022
approach5_skyhost_run2,7499000,1779281837.633788
approach5_skyhost_run2,7500000,1779281837.635608
approach5_skyhost_run2,7501000,1779281837.644359
approach5_skyhost_run2,7502000,1779281837.740153
approach5_skyhost_run2,7503000,1779281837.741934
approach5_skyhost_run2,7504000,1779281837.743758
approach5_skyhost_run2,7505000,1779281837.745580
approach5_skyhost_run2,7506000,1779281837.755253
approach5_skyhost_run2,7507000,1779281837.767376
approach5_skyhost_run2,7508000,1779281837.769141
approach5_skyhost_run2,7509000,1779281837.770920
approach5_skyhost_run2,7510000,1779281837.772693
approach5_skyhost_run2,7511000,1779281837.860359
approach5_skyhost_run2,7512000,1779281837.862121
approach5_skyhost_run2,7513000,1779281837.863894
approach5_skyhost_run2,7514000,1779281838.293782
approach5_skyhost_run2,7515000,1779281838.295624
approach5_skyhost_run2,7516000,1779281838.297434
approach5_skyhost_run2,7517000,1779281838.299262
approach5_skyhost_run2,7518000,1779281838.342793
approach5_skyhost_run2,7519000,1779281838.394241
approach5_skyhost_run2,7520000,1779281838.396071
approach5_skyhost_run2,7521000,1779281838.397873
approach5_skyhost_run2,7522000,1779281838.399700
approach5_skyhost_run2,7523000,1779281838.414987
approach5_skyhost_run2,7524000,1779281838.500019
approach5_skyhost_run2,7525000,1779281838.501801
approach5_skyhost_run2,7526000,1779281838.503594
approach5_skyhost_run2,7527000,1779281838.505400
approach5_skyhost_run2,7528000,1779281838.512966
approach5_skyhost_run2,7529000,1779281838.634829
approach5_skyhost_run2,7530000,1779281838.636606
approach5_skyhost_run2,7531000,1779281838.638393
approach5_skyhost_run2,7532000,1779281838.640187
approach5_skyhost_run2,7533000,1779281838.648949
approach5_skyhost_run2,7534000,1779281838.702515
approach5_skyhost_run2,7535000,1779281838.704284
approach5_skyhost_run2,7536000,1779281838.706080
approach5_skyhost_run2,7537000,1779281838.707875
approach5_skyhost_run2,7538000,1779281838.715823
approach5_skyhost_run2,7539000,1779281838.805446
approach5_skyhost_run2,7540000,1779281838.807242
approach5_skyhost_run2,7541000,1779281838.809029
approach5_skyhost_run2,7542000,1779281838.810834
approach5_skyhost_run2,7543000,1779281838.818698
approach5_skyhost_run2,7544000,1779281838.907477
approach5_skyhost_run2,7545000,1779281838.909246
approach5_skyhost_run2,7546000,1779281838.911038
approach5_skyhost_run2,7547000,1779281838.912819
approach5_skyhost_run2,7548000,1779281838.920694
approach5_skyhost_run2,7549000,1779281839.009529
approach5_skyhost_run2,7550000,1779281839.011322
approach5_skyhost_run2,7551000,1779281839.013109
approach5_skyhost_run2,7552000,1779281839.014948
approach5_skyhost_run2,7553000,1779281839.023096
approach5_skyhost_run2,7554000,1779281839.112614
approach5_skyhost_run2,7555000,1779281839.114401
approach5_skyhost_run2,7556000,1779281839.116212
approach5_skyhost_run2,7557000,1779281839.118005
approach5_skyhost_run2,7558000,1779281839.127744
approach5_skyhost_run2,7559000,1779281839.215139
approach5_skyhost_run2,7560000,1779281839.216908
approach5_skyhost_run2,7561000,1779281839.218690
approach5_skyhost_run2,7562000,1779281839.220490
approach5_skyhost_run2,7563000,1779281839.230497
approach5_skyhost_run2,7564000,1779281839.375615
approach5_skyhost_run2,7565000,1779281839.377401
approach5_skyhost_run2,7566000,1779281839.379189
approach5_skyhost_run2,7567000,1779281839.380978
approach5_skyhost_run2,7568000,1779281839.398643
approach5_skyhost_run2,7569000,1779281839.419672
approach5_skyhost_run2,7570000,1779281839.421442
approach5_skyhost_run2,7571000,1779281839.423232
approach5_skyhost_run2,7572000,1779281839.425042
approach5_skyhost_run2,7573000,1779281839.434534
approach5_skyhost_run2,7574000,1779281839.522267
approach5_skyhost_run2,7575000,1779281839.524058
approach5_skyhost_run2,7576000,1779281839.525857
approach5_skyhost_run2,7577000,1779281839.527661
approach5_skyhost_run2,7578000,1779281839.540794
approach5_skyhost_run2,7579000,1779281839.640862
approach5_skyhost_run2,7580000,1779281839.642646
approach5_skyhost_run2,7581000,1779281839.644432
approach5_skyhost_run2,7582000,1779281839.646256
approach5_skyhost_run2,7583000,1779281839.660861
approach5_skyhost_run2,7584000,1779281839.738291
approach5_skyhost_run2,7585000,1779281839.740058
approach5_skyhost_run2,7586000,1779281839.741835
approach5_skyhost_run2,7587000,1779281839.743631
approach5_skyhost_run2,7588000,1779281839.775209
approach5_skyhost_run2,7589000,1779281839.840082
approach5_skyhost_run2,7590000,1779281839.841856
approach5_skyhost_run2,7591000,1779281839.843627
approach5_skyhost_run2,7592000,1779281839.845461
approach5_skyhost_run2,7593000,1779281839.871672
approach5_skyhost_run2,7594000,1779281839.932136
approach5_skyhost_run2,7595000,1779281839.933912
approach5_skyhost_run2,7596000,1779281839.935734
approach5_skyhost_run2,7597000,1779281839.937515
approach5_skyhost_run2,7598000,1779281839.946032
approach5_skyhost_run2,7599000,1779281840.068896
approach5_skyhost_run2,7600000,1779281840.070678
approach5_skyhost_run2,7601000,1779281840.072449
approach5_skyhost_run2,7602000,1779281840.074216
approach5_skyhost_run2,7603000,1779281840.083875
approach5_skyhost_run2,7604000,1779281840.136054
approach5_skyhost_run2,7605000,1779281840.137820
approach5_skyhost_run2,7606000,1779281840.139596
approach5_skyhost_run2,7607000,1779281840.141372
approach5_skyhost_run2,7608000,1779281840.148686
approach5_skyhost_run2,7609000,1779281840.236882
approach5_skyhost_run2,7610000,1779281840.238665
approach5_skyhost_run2,7611000,1779281840.240448
approach5_skyhost_run2,7612000,1779281840.242237
approach5_skyhost_run2,7613000,1779281840.251438
approach5_skyhost_run2,7614000,1779281840.341065
approach5_skyhost_run2,7615000,1779281840.342856
approach5_skyhost_run2,7616000,1779281840.344633
approach5_skyhost_run2,7617000,1779281840.346459
approach5_skyhost_run2,7618000,1779281840.354069
approach5_skyhost_run2,7619000,1779281840.444989
approach5_skyhost_run2,7620000,1779281840.446751
approach5_skyhost_run2,7621000,1779281840.448518
approach5_skyhost_run2,7622000,1779281840.450300
approach5_skyhost_run2,7623000,1779281840.459035
approach5_skyhost_run2,7624000,1779281840.544572
approach5_skyhost_run2,7625000,1779281840.546381
approach5_skyhost_run2,7626000,1779281840.548168
approach5_skyhost_run2,7627000,1779281840.549966
approach5_skyhost_run2,7628000,1779281840.558603
approach5_skyhost_run2,7629000,1779281840.648944
approach5_skyhost_run2,7630000,1779281840.650735
approach5_skyhost_run2,7631000,1779281840.652524
approach5_skyhost_run2,7632000,1779281840.654332
approach5_skyhost_run2,7633000,1779281840.660838
approach5_skyhost_run2,7634000,1779281840.750002
approach5_skyhost_run2,7635000,1779281840.751786
approach5_skyhost_run2,7636000,1779281840.753553
approach5_skyhost_run2,7637000,1779281840.755368
approach5_skyhost_run2,7638000,1779281840.800582
approach5_skyhost_run2,7639000,1779281840.846075
approach5_skyhost_run2,7640000,1779281840.864805
approach5_skyhost_run2,7641000,1779281840.866617
approach5_skyhost_run2,7642000,1779281840.868400
approach5_skyhost_run2,7643000,1779281840.870192
approach5_skyhost_run2,7644000,1779281840.954214
approach5_skyhost_run2,7645000,1779281840.956024
approach5_skyhost_run2,7646000,1779281840.957808
approach5_skyhost_run2,7647000,1779281840.959602
approach5_skyhost_run2,7648000,1779281840.968886
approach5_skyhost_run2,7649000,1779281841.070193
approach5_skyhost_run2,7650000,1779281841.071964
approach5_skyhost_run2,7651000,1779281841.073735
approach5_skyhost_run2,7652000,1779281841.075554
approach5_skyhost_run2,7653000,1779281841.101856
approach5_skyhost_run2,7654000,1779281841.159616
approach5_skyhost_run2,7655000,1779281841.161403
approach5_skyhost_run2,7656000,1779281841.163198
approach5_skyhost_run2,7657000,1779281841.165009
approach5_skyhost_run2,7658000,1779281841.174359
approach5_skyhost_run2,7659000,1779281841.262015
approach5_skyhost_run2,7660000,1779281841.263794
approach5_skyhost_run2,7661000,1779281841.265587
approach5_skyhost_run2,7662000,1779281841.267383
approach5_skyhost_run2,7663000,1779281841.276904
approach5_skyhost_run2,7664000,1779281841.366446
approach5_skyhost_run2,7665000,1779281841.368217
approach5_skyhost_run2,7666000,1779281841.369995
approach5_skyhost_run2,7667000,1779281841.371786
approach5_skyhost_run2,7668000,1779281841.382375
approach5_skyhost_run2,7669000,1779281841.469547
approach5_skyhost_run2,7670000,1779281841.471330
approach5_skyhost_run2,7671000,1779281841.473113
approach5_skyhost_run2,7672000,1779281841.474935
approach5_skyhost_run2,7673000,1779281841.483998
approach5_skyhost_run2,7674000,1779281841.571023
approach5_skyhost_run2,7675000,1779281841.572802
approach5_skyhost_run2,7676000,1779281841.574603
approach5_skyhost_run2,7677000,1779281841.576421
approach5_skyhost_run2,7678000,1779281841.585149
approach5_skyhost_run2,7679000,1779281841.675228
approach5_skyhost_run2,7680000,1779281841.676998
approach5_skyhost_run2,7681000,1779281841.678786
approach5_skyhost_run2,7682000,1779281841.680568
approach5_skyhost_run2,7683000,1779281841.687770
approach5_skyhost_run2,7684000,1779281841.778225
approach5_skyhost_run2,7685000,1779281841.780002
approach5_skyhost_run2,7686000,1779281841.781776
approach5_skyhost_run2,7687000,1779281841.783574
approach5_skyhost_run2,7688000,1779281841.791327
approach5_skyhost_run2,7689000,1779281841.917100
approach5_skyhost_run2,7690000,1779281841.918880
approach5_skyhost_run2,7691000,1779281841.920661
approach5_skyhost_run2,7692000,1779281841.922457
approach5_skyhost_run2,7693000,1779281841.929371
approach5_skyhost_run2,7694000,1779281841.980744
approach5_skyhost_run2,7695000,1779281841.982526
approach5_skyhost_run2,7696000,1779281841.984314
approach5_skyhost_run2,7697000,1779281841.986132
approach5_skyhost_run2,7698000,1779281841.994895
approach5_skyhost_run2,7699000,1779281842.082997
approach5_skyhost_run2,7700000,1779281842.084762
approach5_skyhost_run2,7701000,1779281842.086579
approach5_skyhost_run2,7702000,1779281842.088356
approach5_skyhost_run2,7703000,1779281842.096255
approach5_skyhost_run2,7704000,1779281842.222075
approach5_skyhost_run2,7705000,1779281842.223858
approach5_skyhost_run2,7706000,1779281842.225686
approach5_skyhost_run2,7707000,1779281842.227489
approach5_skyhost_run2,7708000,1779281842.236892
approach5_skyhost_run2,7709000,1779281842.292099
approach5_skyhost_run2,7710000,1779281842.293872
approach5_skyhost_run2,7711000,1779281842.295691
approach5_skyhost_run2,7712000,1779281842.297481
approach5_skyhost_run2,7713000,1779281842.305814
approach5_skyhost_run2,7714000,1779281842.390465
approach5_skyhost_run2,7715000,1779281842.392219
approach5_skyhost_run2,7716000,1779281842.393981
approach5_skyhost_run2,7717000,1779281842.395774
approach5_skyhost_run2,7718000,1779281842.404755
approach5_skyhost_run2,7719000,1779281842.493329
approach5_skyhost_run2,7720000,1779281842.495147
approach5_skyhost_run2,7721000,1779281842.496922
approach5_skyhost_run2,7722000,1779281842.498718
approach5_skyhost_run2,7723000,1779281842.507833
approach5_skyhost_run2,7724000,1779281842.596059
approach5_skyhost_run2,7725000,1779281842.597827
approach5_skyhost_run2,7726000,1779281842.599607
approach5_skyhost_run2,7727000,1779281842.601376
approach5_skyhost_run2,7728000,1779281842.611604
approach5_skyhost_run2,7729000,1779281842.701737
approach5_skyhost_run2,7730000,1779281842.703516
approach5_skyhost_run2,7731000,1779281842.705317
approach5_skyhost_run2,7732000,1779281842.707114
approach5_skyhost_run2,7733000,1779281842.713755
approach5_skyhost_run2,7734000,1779281842.804019
approach5_skyhost_run2,7735000,1779281842.805812
approach5_skyhost_run2,7736000,1779281842.807594
approach5_skyhost_run2,7737000,1779281842.809365
approach5_skyhost_run2,7738000,1779281842.817008
approach5_skyhost_run2,7739000,1779281842.907369
approach5_skyhost_run2,7740000,1779281842.909142
approach5_skyhost_run2,7741000,1779281842.910932
approach5_skyhost_run2,7742000,1779281842.912708
approach5_skyhost_run2,7743000,1779281842.922456
approach5_skyhost_run2,7744000,1779281843.007967
approach5_skyhost_run2,7745000,1779281843.009737
approach5_skyhost_run2,7746000,1779281843.011530
approach5_skyhost_run2,7747000,1779281843.013313
approach5_skyhost_run2,7748000,1779281843.022851
approach5_skyhost_run2,7749000,1779281843.110983
approach5_skyhost_run2,7750000,1779281843.112751
approach5_skyhost_run2,7751000,1779281843.114538
approach5_skyhost_run2,7752000,1779281843.116347
approach5_skyhost_run2,7753000,1779281843.125019
approach5_skyhost_run2,7754000,1779281843.190408
approach5_skyhost_run2,7755000,1779281843.192178
approach5_skyhost_run2,7756000,1779281843.193970
approach5_skyhost_run2,7757000,1779281843.195795
approach5_skyhost_run2,7758000,1779281843.209517
approach5_skyhost_run2,7759000,1779281843.211303
approach5_skyhost_run2,7760000,1779281843.213082
approach5_skyhost_run2,7761000,1779281843.299831
approach5_skyhost_run2,7762000,1779281843.301616
approach5_skyhost_run2,7763000,1779281843.303403
approach5_skyhost_run2,7764000,1779281843.323098
approach5_skyhost_run2,7765000,1779281843.324885
approach5_skyhost_run2,7766000,1779281843.326685
approach5_skyhost_run2,7767000,1779281843.328474
approach5_skyhost_run2,7768000,1779281843.336671
approach5_skyhost_run2,7769000,1779281843.424493
approach5_skyhost_run2,7770000,1779281843.426299
approach5_skyhost_run2,7771000,1779281843.428082
approach5_skyhost_run2,7772000,1779281843.429866
approach5_skyhost_run2,7773000,1779281843.457368
approach5_skyhost_run2,7774000,1779281843.464538
approach5_skyhost_run2,7775000,1779281843.466340
approach5_skyhost_run2,7776000,1779281843.468111
approach5_skyhost_run2,7777000,1779281843.469898
approach5_skyhost_run2,7778000,1779281843.483450
approach5_skyhost_run2,7779000,1779281843.485245
approach5_skyhost_run2,7780000,1779281843.487024
approach5_skyhost_run2,7781000,1779281843.567670
approach5_skyhost_run2,7782000,1779281843.569444
approach5_skyhost_run2,7783000,1779281843.571228
approach5_skyhost_run2,7784000,1779281843.626643
approach5_skyhost_run2,7785000,1779281843.628406
approach5_skyhost_run2,7786000,1779281843.630171
approach5_skyhost_run2,7787000,1779281843.631964
approach5_skyhost_run2,7788000,1779281843.638957
approach5_skyhost_run2,7789000,1779281843.728932
approach5_skyhost_run2,7790000,1779281843.730720
approach5_skyhost_run2,7791000,1779281843.732494
approach5_skyhost_run2,7792000,1779281843.734296
approach5_skyhost_run2,7793000,1779281843.744056
approach5_skyhost_run2,7794000,1779281843.830274
approach5_skyhost_run2,7795000,1779281843.832053
approach5_skyhost_run2,7796000,1779281843.833828
approach5_skyhost_run2,7797000,1779281843.835651
approach5_skyhost_run2,7798000,1779281843.847096
approach5_skyhost_run2,7799000,1779281843.933893
approach5_skyhost_run2,7800000,1779281843.935708
approach5_skyhost_run2,7801000,1779281843.937481
approach5_skyhost_run2,7802000,1779281843.939270
approach5_skyhost_run2,7803000,1779281843.946140
approach5_skyhost_run2,7804000,1779281844.028665
approach5_skyhost_run2,7805000,1779281844.045384
approach5_skyhost_run2,7806000,1779281844.047151
approach5_skyhost_run2,7807000,1779281844.048917
approach5_skyhost_run2,7808000,1779281844.050694
approach5_skyhost_run2,7809000,1779281844.177382
approach5_skyhost_run2,7810000,1779281844.179159
approach5_skyhost_run2,7811000,1779281844.180931
approach5_skyhost_run2,7812000,1779281844.182720
approach5_skyhost_run2,7813000,1779281844.192298
approach5_skyhost_run2,7814000,1779281844.217042
approach5_skyhost_run2,7815000,1779281844.218820
approach5_skyhost_run2,7816000,1779281844.220602
approach5_skyhost_run2,7817000,1779281844.222405
approach5_skyhost_run2,7818000,1779281844.236460
approach5_skyhost_run2,7819000,1779281844.238237
approach5_skyhost_run2,7820000,1779281844.240026
approach5_skyhost_run2,7821000,1779281844.282252
approach5_skyhost_run2,7822000,1779281844.284020
approach5_skyhost_run2,7823000,1779281844.285814
approach5_skyhost_run2,7824000,1779281844.287617
approach5_skyhost_run2,7825000,1779281844.300575
approach5_skyhost_run2,7826000,1779281844.302359
approach5_skyhost_run2,7827000,1779281844.304137
approach5_skyhost_run2,7828000,1779281844.305935
approach5_skyhost_run2,7829000,1779281844.328031
approach5_skyhost_run2,7830000,1779281844.329814
approach5_skyhost_run2,7831000,1779281844.386604
approach5_skyhost_run2,7832000,1779281844.388689
approach5_skyhost_run2,7833000,1779281844.390478
approach5_skyhost_run2,7834000,1779281844.392256
approach5_skyhost_run2,7835000,1779281844.394027
approach5_skyhost_run2,7836000,1779281844.395833
approach5_skyhost_run2,7837000,1779281844.397610
approach5_skyhost_run2,7838000,1779281844.408127
approach5_skyhost_run2,7839000,1779281844.409895
approach5_skyhost_run2,7840000,1779281844.411683
approach5_skyhost_run2,7841000,1779281844.497812
approach5_skyhost_run2,7842000,1779281844.499583
approach5_skyhost_run2,7843000,1779281844.501331
approach5_skyhost_run2,7844000,1779281844.527582
approach5_skyhost_run2,7845000,1779281844.529358
approach5_skyhost_run2,7846000,1779281844.531168
approach5_skyhost_run2,7847000,1779281844.532954
approach5_skyhost_run2,7848000,1779281844.546325
approach5_skyhost_run2,7849000,1779281844.548099
approach5_skyhost_run2,7850000,1779281844.549880
approach5_skyhost_run2,7851000,1779281844.628612
approach5_skyhost_run2,7852000,1779281844.630402
approach5_skyhost_run2,7853000,1779281844.632179
approach5_skyhost_run2,7854000,1779281844.633972
approach5_skyhost_run2,7855000,1779281844.637276
approach5_skyhost_run2,7856000,1779281844.639063
approach5_skyhost_run2,7857000,1779281844.640844
approach5_skyhost_run2,7858000,1779281844.649833
approach5_skyhost_run2,7859000,1779281844.651618
approach5_skyhost_run2,7860000,1779281844.653407
approach5_skyhost_run2,7861000,1779281844.739753
approach5_skyhost_run2,7862000,1779281844.741539
approach5_skyhost_run2,7863000,1779281844.743337
approach5_skyhost_run2,7864000,1779281844.790370
approach5_skyhost_run2,7865000,1779281844.792151
approach5_skyhost_run2,7866000,1779281844.793942
approach5_skyhost_run2,7867000,1779281844.795785
approach5_skyhost_run2,7868000,1779281844.803619
approach5_skyhost_run2,7869000,1779281844.856199
approach5_skyhost_run2,7870000,1779281844.857974
approach5_skyhost_run2,7871000,1779281844.859765
approach5_skyhost_run2,7872000,1779281844.861551
approach5_skyhost_run2,7873000,1779281844.870478
approach5_skyhost_run2,7874000,1779281844.958210
approach5_skyhost_run2,7875000,1779281844.959991
approach5_skyhost_run2,7876000,1779281844.961774
approach5_skyhost_run2,7877000,1779281844.963573
approach5_skyhost_run2,7878000,1779281844.973073
approach5_skyhost_run2,7879000,1779281845.061706
approach5_skyhost_run2,7880000,1779281845.063492
approach5_skyhost_run2,7881000,1779281845.065294
approach5_skyhost_run2,7882000,1779281845.067120
approach5_skyhost_run2,7883000,1779281845.077139
approach5_skyhost_run2,7884000,1779281845.176738
approach5_skyhost_run2,7885000,1779281845.178542
approach5_skyhost_run2,7886000,1779281845.180326
approach5_skyhost_run2,7887000,1779281845.182116
approach5_skyhost_run2,7888000,1779281845.206010
approach5_skyhost_run2,7889000,1779281845.264724
approach5_skyhost_run2,7890000,1779281845.266530
approach5_skyhost_run2,7891000,1779281845.268303
approach5_skyhost_run2,7892000,1779281845.270105
approach5_skyhost_run2,7893000,1779281845.278659
approach5_skyhost_run2,7894000,1779281845.382297
approach5_skyhost_run2,7895000,1779281845.384070
approach5_skyhost_run2,7896000,1779281845.385880
approach5_skyhost_run2,7897000,1779281845.387678
approach5_skyhost_run2,7898000,1779281845.448618
approach5_skyhost_run2,7899000,1779281845.471998
approach5_skyhost_run2,7900000,1779281845.473769
approach5_skyhost_run2,7901000,1779281845.475585
approach5_skyhost_run2,7902000,1779281845.477366
approach5_skyhost_run2,7903000,1779281845.487408
approach5_skyhost_run2,7904000,1779281845.611919
approach5_skyhost_run2,7905000,1779281845.613721
approach5_skyhost_run2,7906000,1779281845.615543
approach5_skyhost_run2,7907000,1779281845.617378
approach5_skyhost_run2,7908000,1779281845.624963
approach5_skyhost_run2,7909000,1779281845.688267
approach5_skyhost_run2,7910000,1779281845.690075
approach5_skyhost_run2,7911000,1779281845.691905
approach5_skyhost_run2,7912000,1779281845.693727
approach5_skyhost_run2,7913000,1779281845.719823
approach5_skyhost_run2,7914000,1779281845.776613
approach5_skyhost_run2,7915000,1779281845.778385
approach5_skyhost_run2,7916000,1779281845.780163
approach5_skyhost_run2,7917000,1779281845.781956
approach5_skyhost_run2,7918000,1779281845.793490
approach5_skyhost_run2,7919000,1779281845.882452
approach5_skyhost_run2,7920000,1779281845.884226
approach5_skyhost_run2,7921000,1779281845.886035
approach5_skyhost_run2,7922000,1779281845.887842
approach5_skyhost_run2,7923000,1779281845.895099
approach5_skyhost_run2,7924000,1779281846.038590
approach5_skyhost_run2,7925000,1779281846.040361
approach5_skyhost_run2,7926000,1779281846.042134
approach5_skyhost_run2,7927000,1779281846.043930
approach5_skyhost_run2,7928000,1779281846.053677
approach5_skyhost_run2,7929000,1779281846.086297
approach5_skyhost_run2,7930000,1779281846.088078
approach5_skyhost_run2,7931000,1779281846.089856
approach5_skyhost_run2,7932000,1779281846.091649
approach5_skyhost_run2,7933000,1779281846.100545
approach5_skyhost_run2,7934000,1779281846.189235
approach5_skyhost_run2,7935000,1779281846.191013
approach5_skyhost_run2,7936000,1779281846.192786
approach5_skyhost_run2,7937000,1779281846.194586
approach5_skyhost_run2,7938000,1779281846.202550
approach5_skyhost_run2,7939000,1779281846.292659
approach5_skyhost_run2,7940000,1779281846.294447
approach5_skyhost_run2,7941000,1779281846.296245
approach5_skyhost_run2,7942000,1779281846.298019
approach5_skyhost_run2,7943000,1779281846.305147
approach5_skyhost_run2,7944000,1779281846.395120
approach5_skyhost_run2,7945000,1779281846.396918
approach5_skyhost_run2,7946000,1779281846.398716
approach5_skyhost_run2,7947000,1779281846.400505
approach5_skyhost_run2,7948000,1779281846.409340
approach5_skyhost_run2,7949000,1779281846.496567
approach5_skyhost_run2,7950000,1779281846.498339
approach5_skyhost_run2,7951000,1779281846.500106
approach5_skyhost_run2,7952000,1779281846.501879
approach5_skyhost_run2,7953000,1779281846.511246
approach5_skyhost_run2,7954000,1779281846.601589
approach5_skyhost_run2,7955000,1779281846.603388
approach5_skyhost_run2,7956000,1779281846.605201
approach5_skyhost_run2,7957000,1779281846.607002
approach5_skyhost_run2,7958000,1779281846.657312
approach5_skyhost_run2,7959000,1779281846.702652
approach5_skyhost_run2,7960000,1779281846.704438
approach5_skyhost_run2,7961000,1779281846.706226
approach5_skyhost_run2,7962000,1779281846.708016
approach5_skyhost_run2,7963000,1779281846.753660
approach5_skyhost_run2,7964000,1779281846.805478
approach5_skyhost_run2,7965000,1779281846.807258
approach5_skyhost_run2,7966000,1779281846.809030
approach5_skyhost_run2,7967000,1779281846.810827
approach5_skyhost_run2,7968000,1779281846.818810
approach5_skyhost_run2,7969000,1779281846.906946
approach5_skyhost_run2,7970000,1779281846.908732
approach5_skyhost_run2,7971000,1779281846.910520
approach5_skyhost_run2,7972000,1779281846.912307
approach5_skyhost_run2,7973000,1779281846.920058
approach5_skyhost_run2,7974000,1779281847.008299
approach5_skyhost_run2,7975000,1779281847.010066
approach5_skyhost_run2,7976000,1779281847.011853
approach5_skyhost_run2,7977000,1779281847.013635
approach5_skyhost_run2,7978000,1779281847.021671
approach5_skyhost_run2,7979000,1779281847.110342
approach5_skyhost_run2,7980000,1779281847.112108
approach5_skyhost_run2,7981000,1779281847.113879
approach5_skyhost_run2,7982000,1779281847.115694
approach5_skyhost_run2,7983000,1779281847.124119
approach5_skyhost_run2,7984000,1779281847.205381
approach5_skyhost_run2,7985000,1779281847.224419
approach5_skyhost_run2,7986000,1779281847.226253
approach5_skyhost_run2,7987000,1779281847.228036
approach5_skyhost_run2,7988000,1779281847.229813
approach5_skyhost_run2,7989000,1779281847.322551
approach5_skyhost_run2,7990000,1779281847.324319
approach5_skyhost_run2,7991000,1779281847.326129
approach5_skyhost_run2,7992000,1779281847.327935
approach5_skyhost_run2,7993000,1779281847.337319
approach5_skyhost_run2,7994000,1779281847.419262
approach5_skyhost_run2,7995000,1779281847.421030
approach5_skyhost_run2,7996000,1779281847.422813
approach5_skyhost_run2,7997000,1779281847.424589
approach5_skyhost_run2,7998000,1779281847.432179
approach5_skyhost_run2,7999000,1779281847.520707
approach5_skyhost_run2,8000000,1779281847.522494
approach5_skyhost_run2,8001000,1779281847.524291
approach5_skyhost_run2,8002000,1779281847.526100
approach5_skyhost_run2,8003000,1779281847.533122
approach5_skyhost_run2,8004000,1779281847.622384
approach5_skyhost_run2,8005000,1779281847.624148
approach5_skyhost_run2,8006000,1779281847.625948
approach5_skyhost_run2,8007000,1779281847.627747
approach5_skyhost_run2,8008000,1779281847.636534
approach5_skyhost_run2,8009000,1779281847.726332
approach5_skyhost_run2,8010000,1779281847.728093
approach5_skyhost_run2,8011000,1779281847.729859
approach5_skyhost_run2,8012000,1779281847.731670
approach5_skyhost_run2,8013000,1779281847.777574
approach5_skyhost_run2,8014000,1779281847.828786
approach5_skyhost_run2,8015000,1779281847.830552
approach5_skyhost_run2,8016000,1779281847.832317
approach5_skyhost_run2,8017000,1779281847.834078
approach5_skyhost_run2,8018000,1779281847.841027
approach5_skyhost_run2,8019000,1779281847.930398
approach5_skyhost_run2,8020000,1779281847.932173
approach5_skyhost_run2,8021000,1779281847.933940
approach5_skyhost_run2,8022000,1779281847.935776
approach5_skyhost_run2,8023000,1779281847.944483
approach5_skyhost_run2,8024000,1779281848.033210
approach5_skyhost_run2,8025000,1779281848.035004
approach5_skyhost_run2,8026000,1779281848.036764
approach5_skyhost_run2,8027000,1779281848.038542
approach5_skyhost_run2,8028000,1779281848.082942
approach5_skyhost_run2,8029000,1779281848.136045
approach5_skyhost_run2,8030000,1779281848.137810
approach5_skyhost_run2,8031000,1779281848.139592
approach5_skyhost_run2,8032000,1779281848.141337
approach5_skyhost_run2,8033000,1779281848.148094
approach5_skyhost_run2,8034000,1779281848.251600
approach5_skyhost_run2,8035000,1779281848.253359
approach5_skyhost_run2,8036000,1779281848.255171
approach5_skyhost_run2,8037000,1779281848.256946
approach5_skyhost_run2,8038000,1779281848.284393
approach5_skyhost_run2,8039000,1779281848.340851
approach5_skyhost_run2,8040000,1779281848.342627
approach5_skyhost_run2,8041000,1779281848.344407
approach5_skyhost_run2,8042000,1779281848.346222
approach5_skyhost_run2,8043000,1779281848.352623
approach5_skyhost_run2,8044000,1779281848.443174
approach5_skyhost_run2,8045000,1779281848.444964
approach5_skyhost_run2,8046000,1779281848.446755
approach5_skyhost_run2,8047000,1779281848.448539
approach5_skyhost_run2,8048000,1779281848.457667
approach5_skyhost_run2,8049000,1779281848.545109
approach5_skyhost_run2,8050000,1779281848.546888
approach5_skyhost_run2,8051000,1779281848.548662
approach5_skyhost_run2,8052000,1779281848.550467
approach5_skyhost_run2,8053000,1779281848.560190
approach5_skyhost_run2,8054000,1779281848.646893
approach5_skyhost_run2,8055000,1779281848.648665
approach5_skyhost_run2,8056000,1779281848.650465
approach5_skyhost_run2,8057000,1779281848.652243
approach5_skyhost_run2,8058000,1779281848.660099
approach5_skyhost_run2,8059000,1779281848.748938
approach5_skyhost_run2,8060000,1779281848.750711
approach5_skyhost_run2,8061000,1779281848.752484
approach5_skyhost_run2,8062000,1779281848.754254
approach5_skyhost_run2,8063000,1779281848.762742
approach5_skyhost_run2,8064000,1779281848.851642
approach5_skyhost_run2,8065000,1779281848.853399
approach5_skyhost_run2,8066000,1779281848.855208
approach5_skyhost_run2,8067000,1779281848.856978
approach5_skyhost_run2,8068000,1779281848.864557
approach5_skyhost_run2,8069000,1779281848.953360
approach5_skyhost_run2,8070000,1779281848.955165
approach5_skyhost_run2,8071000,1779281848.956953
approach5_skyhost_run2,8072000,1779281848.958757
approach5_skyhost_run2,8073000,1779281848.967567
approach5_skyhost_run2,8074000,1779281849.056065
approach5_skyhost_run2,8075000,1779281849.057827
approach5_skyhost_run2,8076000,1779281849.059613
approach5_skyhost_run2,8077000,1779281849.061386
approach5_skyhost_run2,8078000,1779281849.070393
approach5_skyhost_run2,8079000,1779281849.159356
approach5_skyhost_run2,8080000,1779281849.161108
approach5_skyhost_run2,8081000,1779281849.162901
approach5_skyhost_run2,8082000,1779281849.164683
approach5_skyhost_run2,8083000,1779281849.172119
approach5_skyhost_run2,8084000,1779281849.260795
approach5_skyhost_run2,8085000,1779281849.262563
approach5_skyhost_run2,8086000,1779281849.264331
approach5_skyhost_run2,8087000,1779281849.266132
approach5_skyhost_run2,8088000,1779281849.273681
approach5_skyhost_run2,8089000,1779281849.362381
approach5_skyhost_run2,8090000,1779281849.364143
approach5_skyhost_run2,8091000,1779281849.365938
approach5_skyhost_run2,8092000,1779281849.367723
approach5_skyhost_run2,8093000,1779281849.375526
approach5_skyhost_run2,8094000,1779281849.499097
approach5_skyhost_run2,8095000,1779281849.500836
approach5_skyhost_run2,8096000,1779281849.502651
approach5_skyhost_run2,8097000,1779281849.514135
approach5_skyhost_run2,8098000,1779281849.515953
approach5_skyhost_run2,8099000,1779281849.604396
approach5_skyhost_run2,8100000,1779281849.606184
approach5_skyhost_run2,8101000,1779281849.607968
approach5_skyhost_run2,8102000,1779281849.609734
approach5_skyhost_run2,8103000,1779281849.617201
approach5_skyhost_run2,8104000,1779281849.681556
approach5_skyhost_run2,8105000,1779281849.683334
approach5_skyhost_run2,8106000,1779281849.685132
approach5_skyhost_run2,8107000,1779281849.686920
approach5_skyhost_run2,8108000,1779281849.707077
approach5_skyhost_run2,8109000,1779281849.772420
approach5_skyhost_run2,8110000,1779281849.774182
approach5_skyhost_run2,8111000,1779281849.775981
approach5_skyhost_run2,8112000,1779281849.777752
approach5_skyhost_run2,8113000,1779281849.786690
approach5_skyhost_run2,8114000,1779281849.874612
approach5_skyhost_run2,8115000,1779281849.876396
approach5_skyhost_run2,8116000,1779281849.878166
approach5_skyhost_run2,8117000,1779281849.879961
approach5_skyhost_run2,8118000,1779281849.888548
approach5_skyhost_run2,8119000,1779281850.161684
approach5_skyhost_run2,8120000,1779281850.163466
approach5_skyhost_run2,8121000,1779281850.165270
approach5_skyhost_run2,8122000,1779281850.167064
approach5_skyhost_run2,8123000,1779281850.180065
approach5_skyhost_run2,8124000,1779281850.181824
approach5_skyhost_run2,8125000,1779281850.183606
approach5_skyhost_run2,8126000,1779281850.269250
approach5_skyhost_run2,8127000,1779281850.271046
approach5_skyhost_run2,8128000,1779281850.272821
approach5_skyhost_run2,8129000,1779281850.286299
approach5_skyhost_run2,8130000,1779281850.288073
approach5_skyhost_run2,8131000,1779281850.289848
approach5_skyhost_run2,8132000,1779281850.291657
approach5_skyhost_run2,8133000,1779281850.300677
approach5_skyhost_run2,8134000,1779281850.369362
approach5_skyhost_run2,8135000,1779281850.371155
approach5_skyhost_run2,8136000,1779281850.372933
approach5_skyhost_run2,8137000,1779281850.374732
approach5_skyhost_run2,8138000,1779281850.387921
approach5_skyhost_run2,8139000,1779281850.389688
approach5_skyhost_run2,8140000,1779281850.391476
approach5_skyhost_run2,8141000,1779281850.473102
approach5_skyhost_run2,8142000,1779281850.474904
approach5_skyhost_run2,8143000,1779281850.476673
approach5_skyhost_run2,8144000,1779281850.491459
approach5_skyhost_run2,8145000,1779281850.493231
approach5_skyhost_run2,8146000,1779281850.495042
approach5_skyhost_run2,8147000,1779281850.496819
approach5_skyhost_run2,8148000,1779281850.504437
approach5_skyhost_run2,8149000,1779281850.594517
approach5_skyhost_run2,8150000,1779281850.596314
approach5_skyhost_run2,8151000,1779281850.598099
approach5_skyhost_run2,8152000,1779281850.599899
approach5_skyhost_run2,8153000,1779281850.609386
approach5_skyhost_run2,8154000,1779281850.736701
approach5_skyhost_run2,8155000,1779281850.738484
approach5_skyhost_run2,8156000,1779281850.740249
approach5_skyhost_run2,8157000,1779281850.742024
approach5_skyhost_run2,8158000,1779281850.748675
approach5_skyhost_run2,8159000,1779281850.799026
approach5_skyhost_run2,8160000,1779281850.800802
approach5_skyhost_run2,8161000,1779281850.802594
approach5_skyhost_run2,8162000,1779281850.804383
approach5_skyhost_run2,8163000,1779281850.852075
approach5_skyhost_run2,8164000,1779281850.902443
approach5_skyhost_run2,8165000,1779281850.904206
approach5_skyhost_run2,8166000,1779281850.906002
approach5_skyhost_run2,8167000,1779281850.907787
approach5_skyhost_run2,8168000,1779281850.916633
approach5_skyhost_run2,8169000,1779281850.947226
approach5_skyhost_run2,8170000,1779281850.949000
approach5_skyhost_run2,8171000,1779281850.950792
approach5_skyhost_run2,8172000,1779281850.952579
approach5_skyhost_run2,8173000,1779281850.965179
approach5_skyhost_run2,8174000,1779281850.966955
approach5_skyhost_run2,8175000,1779281850.968730
approach5_skyhost_run2,8176000,1779281851.045605
approach5_skyhost_run2,8177000,1779281851.047381
approach5_skyhost_run2,8178000,1779281851.049168
approach5_skyhost_run2,8179000,1779281851.051302
approach5_skyhost_run2,8180000,1779281851.053082
approach5_skyhost_run2,8181000,1779281851.054903
approach5_skyhost_run2,8182000,1779281851.056708
approach5_skyhost_run2,8183000,1779281851.065700
approach5_skyhost_run2,8184000,1779281851.067480
approach5_skyhost_run2,8185000,1779281851.069254
approach5_skyhost_run2,8186000,1779281851.156220
approach5_skyhost_run2,8187000,1779281851.158000
approach5_skyhost_run2,8188000,1779281851.159804
approach5_skyhost_run2,8189000,1779281851.209013
approach5_skyhost_run2,8190000,1779281851.210790
approach5_skyhost_run2,8191000,1779281851.212569
approach5_skyhost_run2,8192000,1779281851.214377
approach5_skyhost_run2,8193000,1779281851.222990
approach5_skyhost_run2,8194000,1779281851.311894
approach5_skyhost_run2,8195000,1779281851.313675
approach5_skyhost_run2,8196000,1779281851.315506
approach5_skyhost_run2,8197000,1779281851.325339
approach5_skyhost_run2,8198000,1779281851.327152
approach5_skyhost_run2,8199000,1779281851.415174
approach5_skyhost_run2,8200000,1779281851.416955
approach5_skyhost_run2,8201000,1779281851.418747
approach5_skyhost_run2,8202000,1779281851.420535
approach5_skyhost_run2,8203000,1779281851.430103
approach5_skyhost_run2,8204000,1779281851.529498
approach5_skyhost_run2,8205000,1779281851.531285
approach5_skyhost_run2,8206000,1779281851.533069
approach5_skyhost_run2,8207000,1779281851.534907
approach5_skyhost_run2,8208000,1779281851.563240
approach5_skyhost_run2,8209000,1779281851.620157
approach5_skyhost_run2,8210000,1779281851.621933
approach5_skyhost_run2,8211000,1779281851.623731
approach5_skyhost_run2,8212000,1779281851.625542
approach5_skyhost_run2,8213000,1779281851.634239
approach5_skyhost_run2,8214000,1779281851.721424
approach5_skyhost_run2,8215000,1779281851.723206
approach5_skyhost_run2,8216000,1779281851.725009
approach5_skyhost_run2,8217000,1779281851.726791
approach5_skyhost_run2,8218000,1779281851.775869
approach5_skyhost_run2,8219000,1779281851.801824
approach5_skyhost_run2,8220000,1779281851.803603
approach5_skyhost_run2,8221000,1779281851.805374
approach5_skyhost_run2,8222000,1779281851.807201
approach5_skyhost_run2,8223000,1779281851.822549
approach5_skyhost_run2,8224000,1779281851.824326
approach5_skyhost_run2,8225000,1779281851.826133
approach5_skyhost_run2,8226000,1779281851.868573
approach5_skyhost_run2,8227000,1779281851.870365
approach5_skyhost_run2,8228000,1779281851.872139
approach5_skyhost_run2,8229000,1779281851.873927
approach5_skyhost_run2,8230000,1779281851.888211
approach5_skyhost_run2,8231000,1779281851.889989
approach5_skyhost_run2,8232000,1779281851.891781
approach5_skyhost_run2,8233000,1779281851.893574
approach5_skyhost_run2,8234000,1779281851.910734
approach5_skyhost_run2,8235000,1779281851.912514
approach5_skyhost_run2,8236000,1779281851.974328
approach5_skyhost_run2,8237000,1779281851.976146
approach5_skyhost_run2,8238000,1779281851.977931
approach5_skyhost_run2,8239000,1779281852.030831
approach5_skyhost_run2,8240000,1779281852.032614
approach5_skyhost_run2,8241000,1779281852.034414
approach5_skyhost_run2,8242000,1779281852.036229
approach5_skyhost_run2,8243000,1779281852.045829
approach5_skyhost_run2,8244000,1779281852.075158
approach5_skyhost_run2,8245000,1779281852.076930
approach5_skyhost_run2,8246000,1779281852.078716
approach5_skyhost_run2,8247000,1779281852.080515
approach5_skyhost_run2,8248000,1779281852.093315
approach5_skyhost_run2,8249000,1779281852.095121
approach5_skyhost_run2,8250000,1779281852.096903
approach5_skyhost_run2,8251000,1779281852.179497
approach5_skyhost_run2,8252000,1779281852.181273
approach5_skyhost_run2,8253000,1779281852.183064
approach5_skyhost_run2,8254000,1779281852.273397
approach5_skyhost_run2,8255000,1779281852.275210
approach5_skyhost_run2,8256000,1779281852.276987
approach5_skyhost_run2,8257000,1779281852.278785
approach5_skyhost_run2,8258000,1779281852.286654
approach5_skyhost_run2,8259000,1779281852.340934
approach5_skyhost_run2,8260000,1779281852.342734
approach5_skyhost_run2,8261000,1779281852.344524
approach5_skyhost_run2,8262000,1779281852.346349
approach5_skyhost_run2,8263000,1779281852.358998
approach5_skyhost_run2,8264000,1779281852.477475
approach5_skyhost_run2,8265000,1779281852.479255
approach5_skyhost_run2,8266000,1779281852.481039
approach5_skyhost_run2,8267000,1779281852.482838
approach5_skyhost_run2,8268000,1779281852.487678
approach5_skyhost_run2,8269000,1779281852.489431
approach5_skyhost_run2,8270000,1779281852.491390
approach5_skyhost_run2,8271000,1779281852.493158
approach5_skyhost_run2,8272000,1779281852.494972
approach5_skyhost_run2,8273000,1779281852.508551
approach5_skyhost_run2,8274000,1779281852.510338
approach5_skyhost_run2,8275000,1779281852.512120
approach5_skyhost_run2,8276000,1779281852.597707
approach5_skyhost_run2,8277000,1779281852.599506
approach5_skyhost_run2,8278000,1779281852.601275
approach5_skyhost_run2,8279000,1779281852.685910
approach5_skyhost_run2,8280000,1779281852.687683
approach5_skyhost_run2,8281000,1779281852.689457
approach5_skyhost_run2,8282000,1779281852.691252
approach5_skyhost_run2,8283000,1779281852.698198
approach5_skyhost_run2,8284000,1779281852.788474
approach5_skyhost_run2,8285000,1779281852.790274
approach5_skyhost_run2,8286000,1779281852.792068
approach5_skyhost_run2,8287000,1779281852.793854
approach5_skyhost_run2,8288000,1779281852.804266
approach5_skyhost_run2,8289000,1779281852.868305
approach5_skyhost_run2,8290000,1779281852.870074
approach5_skyhost_run2,8291000,1779281852.871862
approach5_skyhost_run2,8292000,1779281852.873649
approach5_skyhost_run2,8293000,1779281852.890565
approach5_skyhost_run2,8294000,1779281852.892355
approach5_skyhost_run2,8295000,1779281852.894131
approach5_skyhost_run2,8296000,1779281852.936635
approach5_skyhost_run2,8297000,1779281852.938414
approach5_skyhost_run2,8298000,1779281852.940189
approach5_skyhost_run2,8299000,1779281852.941966
approach5_skyhost_run2,8300000,1779281852.954223
approach5_skyhost_run2,8301000,1779281852.956010
approach5_skyhost_run2,8302000,1779281852.957775
approach5_skyhost_run2,8303000,1779281852.959563
approach5_skyhost_run2,8304000,1779281852.980090
approach5_skyhost_run2,8305000,1779281852.981866
approach5_skyhost_run2,8306000,1779281853.040928
approach5_skyhost_run2,8307000,1779281853.042722
approach5_skyhost_run2,8308000,1779281853.044516
approach5_skyhost_run2,8309000,1779281853.056674
approach5_skyhost_run2,8310000,1779281853.058455
approach5_skyhost_run2,8311000,1779281853.060224
approach5_skyhost_run2,8312000,1779281853.062003
approach5_skyhost_run2,8313000,1779281853.072193
approach5_skyhost_run2,8314000,1779281853.158131
approach5_skyhost_run2,8315000,1779281853.159918
approach5_skyhost_run2,8316000,1779281853.161698
approach5_skyhost_run2,8317000,1779281853.163497
approach5_skyhost_run2,8318000,1779281853.172637
approach5_skyhost_run2,8319000,1779281853.261360
approach5_skyhost_run2,8320000,1779281853.263143
approach5_skyhost_run2,8321000,1779281853.264950
approach5_skyhost_run2,8322000,1779281853.266748
approach5_skyhost_run2,8323000,1779281853.275402
approach5_skyhost_run2,8324000,1779281853.371621
approach5_skyhost_run2,8325000,1779281853.373388
approach5_skyhost_run2,8326000,1779281853.375200
approach5_skyhost_run2,8327000,1779281853.376977
approach5_skyhost_run2,8328000,1779281853.388705
approach5_skyhost_run2,8329000,1779281853.467274
approach5_skyhost_run2,8330000,1779281853.469049
approach5_skyhost_run2,8331000,1779281853.470845
approach5_skyhost_run2,8332000,1779281853.472623
approach5_skyhost_run2,8333000,1779281853.480517
approach5_skyhost_run2,8334000,1779281853.569307
approach5_skyhost_run2,8335000,1779281853.571085
approach5_skyhost_run2,8336000,1779281853.572856
approach5_skyhost_run2,8337000,1779281853.574648
approach5_skyhost_run2,8338000,1779281853.581464
approach5_skyhost_run2,8339000,1779281853.671044
approach5_skyhost_run2,8340000,1779281853.672822
approach5_skyhost_run2,8341000,1779281853.674619
approach5_skyhost_run2,8342000,1779281853.676430
approach5_skyhost_run2,8343000,1779281853.687663
approach5_skyhost_run2,8344000,1779281853.785356
approach5_skyhost_run2,8345000,1779281853.787147
approach5_skyhost_run2,8346000,1779281853.788926
approach5_skyhost_run2,8347000,1779281853.790694
approach5_skyhost_run2,8348000,1779281853.816616
approach5_skyhost_run2,8349000,1779281853.874718
approach5_skyhost_run2,8350000,1779281853.876506
approach5_skyhost_run2,8351000,1779281853.878274
approach5_skyhost_run2,8352000,1779281853.880060
approach5_skyhost_run2,8353000,1779281853.889169
approach5_skyhost_run2,8354000,1779281854.039993
approach5_skyhost_run2,8355000,1779281854.041766
approach5_skyhost_run2,8356000,1779281854.043558
approach5_skyhost_run2,8357000,1779281854.045367
approach5_skyhost_run2,8358000,1779281854.072198
approach5_skyhost_run2,8359000,1779281854.079430
approach5_skyhost_run2,8360000,1779281854.081196
approach5_skyhost_run2,8361000,1779281854.082979
approach5_skyhost_run2,8362000,1779281854.084765
approach5_skyhost_run2,8363000,1779281854.095246
approach5_skyhost_run2,8364000,1779281854.234907
approach5_skyhost_run2,8365000,1779281854.236668
approach5_skyhost_run2,8366000,1779281854.238445
approach5_skyhost_run2,8367000,1779281854.240220
approach5_skyhost_run2,8368000,1779281854.253075
approach5_skyhost_run2,8369000,1779281854.283911
approach5_skyhost_run2,8370000,1779281854.285710
approach5_skyhost_run2,8371000,1779281854.287512
approach5_skyhost_run2,8372000,1779281854.289300
approach5_skyhost_run2,8373000,1779281854.298905
approach5_skyhost_run2,8374000,1779281854.386434
approach5_skyhost_run2,8375000,1779281854.388213
approach5_skyhost_run2,8376000,1779281854.389996
approach5_skyhost_run2,8377000,1779281854.391793
approach5_skyhost_run2,8378000,1779281854.401396
approach5_skyhost_run2,8379000,1779281854.430261
approach5_skyhost_run2,8380000,1779281854.432034
approach5_skyhost_run2,8381000,1779281854.433810
approach5_skyhost_run2,8382000,1779281854.435632
approach5_skyhost_run2,8383000,1779281854.448259
approach5_skyhost_run2,8384000,1779281854.450020
approach5_skyhost_run2,8385000,1779281854.451802
approach5_skyhost_run2,8386000,1779281854.531185
approach5_skyhost_run2,8387000,1779281854.532973
approach5_skyhost_run2,8388000,1779281855.056421
approach5_skyhost_run2,8389000,1779281855.058183
approach5_skyhost_run2,8390000,1779281855.059953
approach5_skyhost_run2,8391000,1779281855.061722
approach5_skyhost_run2,8392000,1779281855.069806
approach5_skyhost_run2,8393000,1779281855.163103
approach5_skyhost_run2,8394000,1779281855.164896
approach5_skyhost_run2,8395000,1779281855.166660
approach5_skyhost_run2,8396000,1779281855.168439
approach5_skyhost_run2,8397000,1779281855.175197
approach5_skyhost_run2,8398000,1779281855.253581
approach5_skyhost_run2,8399000,1779281855.255407
approach5_skyhost_run2,8400000,1779281855.273516
approach5_skyhost_run2,8401000,1779281855.275338
approach5_skyhost_run2,8402000,1779281855.277116
approach5_skyhost_run2,8403000,1779281855.361141
approach5_skyhost_run2,8404000,1779281855.362924
approach5_skyhost_run2,8405000,1779281855.364711
approach5_skyhost_run2,8406000,1779281855.366532
approach5_skyhost_run2,8407000,1779281855.376307
approach5_skyhost_run2,8408000,1779281855.465364
approach5_skyhost_run2,8409000,1779281855.467142
approach5_skyhost_run2,8410000,1779281855.468894
approach5_skyhost_run2,8411000,1779281855.470713
approach5_skyhost_run2,8412000,1779281855.482022
approach5_skyhost_run2,8413000,1779281855.604260
approach5_skyhost_run2,8414000,1779281855.606056
approach5_skyhost_run2,8415000,1779281855.607845
approach5_skyhost_run2,8416000,1779281855.609630
approach5_skyhost_run2,8417000,1779281855.619441
approach5_skyhost_run2,8418000,1779281855.669076
approach5_skyhost_run2,8419000,1779281855.670851
approach5_skyhost_run2,8420000,1779281855.672624
approach5_skyhost_run2,8421000,1779281855.674437
approach5_skyhost_run2,8422000,1779281855.682132
approach5_skyhost_run2,8423000,1779281855.772984
approach5_skyhost_run2,8424000,1779281855.774769
approach5_skyhost_run2,8425000,1779281855.776576
approach5_skyhost_run2,8426000,1779281855.778364
approach5_skyhost_run2,8427000,1779281855.787270
approach5_skyhost_run2,8428000,1779281855.875815
approach5_skyhost_run2,8429000,1779281855.877581
approach5_skyhost_run2,8430000,1779281855.879363
approach5_skyhost_run2,8431000,1779281855.881142
approach5_skyhost_run2,8432000,1779281855.891829
approach5_skyhost_run2,8433000,1779281855.979271
approach5_skyhost_run2,8434000,1779281855.981046
approach5_skyhost_run2,8435000,1779281855.982838
approach5_skyhost_run2,8436000,1779281855.984624
approach5_skyhost_run2,8437000,1779281855.990505
approach5_skyhost_run2,8438000,1779281856.122818
approach5_skyhost_run2,8439000,1779281856.124575
approach5_skyhost_run2,8440000,1779281856.126373
approach5_skyhost_run2,8441000,1779281856.128146
approach5_skyhost_run2,8442000,1779281856.137047
approach5_skyhost_run2,8443000,1779281856.181745
approach5_skyhost_run2,8444000,1779281856.183513
approach5_skyhost_run2,8445000,1779281856.185302
approach5_skyhost_run2,8446000,1779281856.187099
approach5_skyhost_run2,8447000,1779281856.195660
approach5_skyhost_run2,8448000,1779281856.283514
approach5_skyhost_run2,8449000,1779281856.285318
approach5_skyhost_run2,8450000,1779281856.287100
approach5_skyhost_run2,8451000,1779281856.288884
approach5_skyhost_run2,8452000,1779281856.297244
approach5_skyhost_run2,8453000,1779281856.386411
approach5_skyhost_run2,8454000,1779281856.388168
approach5_skyhost_run2,8455000,1779281856.389938
approach5_skyhost_run2,8456000,1779281856.391726
approach5_skyhost_run2,8457000,1779281856.399673
approach5_skyhost_run2,8458000,1779281856.487504
approach5_skyhost_run2,8459000,1779281856.489285
approach5_skyhost_run2,8460000,1779281856.491075
approach5_skyhost_run2,8461000,1779281856.492867
approach5_skyhost_run2,8462000,1779281856.502496
approach5_skyhost_run2,8463000,1779281856.599859
approach5_skyhost_run2,8464000,1779281856.601621
approach5_skyhost_run2,8465000,1779281856.603408
approach5_skyhost_run2,8466000,1779281856.605228
approach5_skyhost_run2,8467000,1779281856.618305
approach5_skyhost_run2,8468000,1779281856.689714
approach5_skyhost_run2,8469000,1779281856.691480
approach5_skyhost_run2,8470000,1779281856.693248
approach5_skyhost_run2,8471000,1779281856.695062
approach5_skyhost_run2,8472000,1779281856.705371
approach5_skyhost_run2,8473000,1779281856.856549
approach5_skyhost_run2,8474000,1779281856.858363
approach5_skyhost_run2,8475000,1779281856.860144
approach5_skyhost_run2,8476000,1779281856.861935
approach5_skyhost_run2,8477000,1779281856.887319
approach5_skyhost_run2,8478000,1779281856.908742
approach5_skyhost_run2,8479000,1779281856.910523
approach5_skyhost_run2,8480000,1779281856.912314
approach5_skyhost_run2,8481000,1779281856.914098
approach5_skyhost_run2,8482000,1779281856.922070
approach5_skyhost_run2,8483000,1779281856.998348
approach5_skyhost_run2,8484000,1779281857.000139
approach5_skyhost_run2,8485000,1779281857.001916
approach5_skyhost_run2,8486000,1779281857.003719
approach5_skyhost_run2,8487000,1779281857.012774
approach5_skyhost_run2,8488000,1779281857.102555
approach5_skyhost_run2,8489000,1779281857.104329
approach5_skyhost_run2,8490000,1779281857.106132
approach5_skyhost_run2,8491000,1779281857.107927
approach5_skyhost_run2,8492000,1779281857.118226
approach5_skyhost_run2,8493000,1779281857.238823
approach5_skyhost_run2,8494000,1779281857.240599
approach5_skyhost_run2,8495000,1779281857.242386
approach5_skyhost_run2,8496000,1779281857.244172
approach5_skyhost_run2,8497000,1779281857.253138
approach5_skyhost_run2,8498000,1779281857.303777
approach5_skyhost_run2,8499000,1779281857.305566
approach5_skyhost_run2,8500000,1779281857.307346
approach5_skyhost_run2,8501000,1779281857.309147
approach5_skyhost_run2,8502000,1779281857.318458
approach5_skyhost_run2,8503000,1779281857.406646
approach5_skyhost_run2,8504000,1779281857.408408
approach5_skyhost_run2,8505000,1779281857.410175
approach5_skyhost_run2,8506000,1779281857.411960
approach5_skyhost_run2,8507000,1779281857.421376
approach5_skyhost_run2,8508000,1779281857.509561
approach5_skyhost_run2,8509000,1779281857.511339
approach5_skyhost_run2,8510000,1779281857.513116
approach5_skyhost_run2,8511000,1779281857.514936
approach5_skyhost_run2,8512000,1779281857.523468
approach5_skyhost_run2,8513000,1779281857.592561
approach5_skyhost_run2,8514000,1779281857.594339
approach5_skyhost_run2,8515000,1779281857.596136
approach5_skyhost_run2,8516000,1779281857.597913
approach5_skyhost_run2,8517000,1779281857.614299
approach5_skyhost_run2,8518000,1779281857.616084
approach5_skyhost_run2,8519000,1779281857.617855
approach5_skyhost_run2,8520000,1779281857.619643
approach5_skyhost_run2,8521000,1779281857.704871
approach5_skyhost_run2,8522000,1779281857.706668
approach5_skyhost_run2,8523000,1779281857.714915
approach5_skyhost_run2,8524000,1779281857.716672
approach5_skyhost_run2,8525000,1779281857.718434
approach5_skyhost_run2,8526000,1779281857.720203
approach5_skyhost_run2,8527000,1779281857.767267
approach5_skyhost_run2,8528000,1779281857.818667
approach5_skyhost_run2,8529000,1779281857.820434
approach5_skyhost_run2,8530000,1779281857.822201
approach5_skyhost_run2,8531000,1779281857.823992
approach5_skyhost_run2,8532000,1779281857.867723
approach5_skyhost_run2,8533000,1779281857.919146
approach5_skyhost_run2,8534000,1779281857.920910
approach5_skyhost_run2,8535000,1779281857.922689
approach5_skyhost_run2,8536000,1779281857.924433
approach5_skyhost_run2,8537000,1779281857.934406
approach5_skyhost_run2,8538000,1779281858.023316
approach5_skyhost_run2,8539000,1779281858.025111
approach5_skyhost_run2,8540000,1779281858.026896
approach5_skyhost_run2,8541000,1779281858.028661
approach5_skyhost_run2,8542000,1779281858.036542
approach5_skyhost_run2,8543000,1779281858.123683
approach5_skyhost_run2,8544000,1779281858.125467
approach5_skyhost_run2,8545000,1779281858.127247
approach5_skyhost_run2,8546000,1779281858.129024
approach5_skyhost_run2,8547000,1779281858.139385
approach5_skyhost_run2,8548000,1779281858.229271
approach5_skyhost_run2,8549000,1779281858.231038
approach5_skyhost_run2,8550000,1779281858.232802
approach5_skyhost_run2,8551000,1779281858.234596
approach5_skyhost_run2,8552000,1779281858.245202
approach5_skyhost_run2,8553000,1779281858.301675
approach5_skyhost_run2,8554000,1779281858.303440
approach5_skyhost_run2,8555000,1779281858.305227
approach5_skyhost_run2,8556000,1779281858.307011
approach5_skyhost_run2,8557000,1779281858.322676
approach5_skyhost_run2,8558000,1779281858.324439
approach5_skyhost_run2,8559000,1779281858.326230
approach5_skyhost_run2,8560000,1779281858.328017
approach5_skyhost_run2,8561000,1779281858.414694
approach5_skyhost_run2,8562000,1779281858.416492
approach5_skyhost_run2,8563000,1779281858.434021
approach5_skyhost_run2,8564000,1779281858.435798
approach5_skyhost_run2,8565000,1779281858.437553
approach5_skyhost_run2,8566000,1779281858.439328
approach5_skyhost_run2,8567000,1779281858.447992
approach5_skyhost_run2,8568000,1779281858.535239
approach5_skyhost_run2,8569000,1779281858.536994
approach5_skyhost_run2,8570000,1779281858.538770
approach5_skyhost_run2,8571000,1779281858.540545
approach5_skyhost_run2,8572000,1779281858.549761
approach5_skyhost_run2,8573000,1779281858.636689
approach5_skyhost_run2,8574000,1779281858.638464
approach5_skyhost_run2,8575000,1779281858.640243
approach5_skyhost_run2,8576000,1779281858.642018
approach5_skyhost_run2,8577000,1779281858.651758
approach5_skyhost_run2,8578000,1779281858.739846
approach5_skyhost_run2,8579000,1779281858.741605
approach5_skyhost_run2,8580000,1779281858.743382
approach5_skyhost_run2,8581000,1779281858.745174
approach5_skyhost_run2,8582000,1779281858.756059
approach5_skyhost_run2,8583000,1779281858.841939
approach5_skyhost_run2,8584000,1779281858.843692
approach5_skyhost_run2,8585000,1779281858.845489
approach5_skyhost_run2,8586000,1779281858.847270
approach5_skyhost_run2,8587000,1779281858.856486
approach5_skyhost_run2,8588000,1779281858.886206
approach5_skyhost_run2,8589000,1779281858.887972
approach5_skyhost_run2,8590000,1779281858.889727
approach5_skyhost_run2,8591000,1779281858.891509
approach5_skyhost_run2,8592000,1779281858.903898
approach5_skyhost_run2,8593000,1779281858.905678
approach5_skyhost_run2,8594000,1779281858.907463
approach5_skyhost_run2,8595000,1779281858.909234
approach5_skyhost_run2,8596000,1779281858.991771
approach5_skyhost_run2,8597000,1779281858.993542
approach5_skyhost_run2,8598000,1779281859.047682
approach5_skyhost_run2,8599000,1779281859.049419
approach5_skyhost_run2,8600000,1779281859.051217
approach5_skyhost_run2,8601000,1779281859.052988
approach5_skyhost_run2,8602000,1779281859.061988
approach5_skyhost_run2,8603000,1779281859.130822
approach5_skyhost_run2,8604000,1779281859.132579
approach5_skyhost_run2,8605000,1779281859.134349
approach5_skyhost_run2,8606000,1779281859.136162
approach5_skyhost_run2,8607000,1779281859.149594
approach5_skyhost_run2,8608000,1779281859.151368
approach5_skyhost_run2,8609000,1779281859.153135
approach5_skyhost_run2,8610000,1779281859.154943
approach5_skyhost_run2,8611000,1779281859.236649
approach5_skyhost_run2,8612000,1779281859.238427
approach5_skyhost_run2,8613000,1779281859.249988
approach5_skyhost_run2,8614000,1779281859.251765
approach5_skyhost_run2,8615000,1779281859.267351
approach5_skyhost_run2,8616000,1779281859.269114
approach5_skyhost_run2,8617000,1779281859.270892
approach5_skyhost_run2,8618000,1779281859.392540
approach5_skyhost_run2,8619000,1779281859.394302
approach5_skyhost_run2,8620000,1779281859.396103
approach5_skyhost_run2,8621000,1779281859.397877
approach5_skyhost_run2,8622000,1779281859.405687
approach5_skyhost_run2,8623000,1779281859.493970
approach5_skyhost_run2,8624000,1779281859.495764
approach5_skyhost_run2,8625000,1779281859.497515
approach5_skyhost_run2,8626000,1779281859.499300
approach5_skyhost_run2,8627000,1779281859.508642
approach5_skyhost_run2,8628000,1779281859.561282
approach5_skyhost_run2,8629000,1779281859.563054
approach5_skyhost_run2,8630000,1779281859.564843
approach5_skyhost_run2,8631000,1779281859.566630
approach5_skyhost_run2,8632000,1779281859.575038
approach5_skyhost_run2,8633000,1779281859.665630
approach5_skyhost_run2,8634000,1779281859.667403
approach5_skyhost_run2,8635000,1779281859.669173
approach5_skyhost_run2,8636000,1779281859.670962
approach5_skyhost_run2,8637000,1779281859.678867
approach5_skyhost_run2,8638000,1779281859.765335
approach5_skyhost_run2,8639000,1779281859.767110
approach5_skyhost_run2,8640000,1779281859.768883
approach5_skyhost_run2,8641000,1779281859.770673
approach5_skyhost_run2,8642000,1779281859.780206
approach5_skyhost_run2,8643000,1779281859.869135
approach5_skyhost_run2,8644000,1779281859.870904
approach5_skyhost_run2,8645000,1779281859.872672
approach5_skyhost_run2,8646000,1779281859.874461
approach5_skyhost_run2,8647000,1779281859.884581
approach5_skyhost_run2,8648000,1779281860.010026
approach5_skyhost_run2,8649000,1779281860.011798
approach5_skyhost_run2,8650000,1779281860.013571
approach5_skyhost_run2,8651000,1779281860.015390
approach5_skyhost_run2,8652000,1779281860.022320
approach5_skyhost_run2,8653000,1779281860.072824
approach5_skyhost_run2,8654000,1779281860.074601
approach5_skyhost_run2,8655000,1779281860.076383
approach5_skyhost_run2,8656000,1779281860.078152
approach5_skyhost_run2,8657000,1779281860.087811
approach5_skyhost_run2,8658000,1779281860.176294
approach5_skyhost_run2,8659000,1779281860.178057
approach5_skyhost_run2,8660000,1779281860.179861
approach5_skyhost_run2,8661000,1779281860.181637
approach5_skyhost_run2,8662000,1779281860.231611
approach5_skyhost_run2,8663000,1779281860.325823
approach5_skyhost_run2,8664000,1779281860.327593
approach5_skyhost_run2,8665000,1779281860.329361
approach5_skyhost_run2,8666000,1779281860.331145
approach5_skyhost_run2,8667000,1779281860.339725
approach5_skyhost_run2,8668000,1779281860.383512
approach5_skyhost_run2,8669000,1779281860.385292
approach5_skyhost_run2,8670000,1779281860.387067
approach5_skyhost_run2,8671000,1779281860.388838
approach5_skyhost_run2,8672000,1779281860.396154
approach5_skyhost_run2,8673000,1779281860.485907
approach5_skyhost_run2,8674000,1779281860.487675
approach5_skyhost_run2,8675000,1779281860.489438
approach5_skyhost_run2,8676000,1779281860.491224
approach5_skyhost_run2,8677000,1779281860.498846
approach5_skyhost_run2,8678000,1779281860.569129
approach5_skyhost_run2,8679000,1779281860.570923
approach5_skyhost_run2,8680000,1779281860.791735
approach5_skyhost_run2,8681000,1779281860.793501
approach5_skyhost_run2,8682000,1779281860.795312
approach5_skyhost_run2,8683000,1779281860.803959
approach5_skyhost_run2,8684000,1779281860.805758
approach5_skyhost_run2,8685000,1779281860.895339
approach5_skyhost_run2,8686000,1779281860.897116
approach5_skyhost_run2,8687000,1779281860.898908
approach5_skyhost_run2,8688000,1779281860.907109
approach5_skyhost_run2,8689000,1779281860.908885
approach5_skyhost_run2,8690000,1779281860.995838
approach5_skyhost_run2,8691000,1779281860.997604
approach5_skyhost_run2,8692000,1779281860.999381
approach5_skyhost_run2,8693000,1779281861.010858
approach5_skyhost_run2,8694000,1779281861.012630
approach5_skyhost_run2,8695000,1779281861.097603
approach5_skyhost_run2,8696000,1779281861.099380
approach5_skyhost_run2,8697000,1779281861.101152
approach5_skyhost_run2,8698000,1779281861.105270
approach5_skyhost_run2,8699000,1779281861.107073
approach5_skyhost_run2,8700000,1779281861.141848
approach5_skyhost_run2,8701000,1779281861.143632
approach5_skyhost_run2,8702000,1779281861.145439
approach5_skyhost_run2,8703000,1779281861.159283
approach5_skyhost_run2,8704000,1779281861.161056
approach5_skyhost_run2,8705000,1779281861.162854
approach5_skyhost_run2,8706000,1779281861.164629
approach5_skyhost_run2,8707000,1779281861.245399
approach5_skyhost_run2,8708000,1779281861.247173
approach5_skyhost_run2,8709000,1779281861.248950
approach5_skyhost_run2,8710000,1779281861.301374
approach5_skyhost_run2,8711000,1779281861.303155
approach5_skyhost_run2,8712000,1779281861.304932
approach5_skyhost_run2,8713000,1779281861.313725
approach5_skyhost_run2,8714000,1779281861.315528
approach5_skyhost_run2,8715000,1779281861.441779
approach5_skyhost_run2,8716000,1779281861.443562
approach5_skyhost_run2,8717000,1779281861.445369
approach5_skyhost_run2,8718000,1779281861.454530
approach5_skyhost_run2,8719000,1779281861.456318
approach5_skyhost_run2,8720000,1779281861.506342
approach5_skyhost_run2,8721000,1779281861.508105
approach5_skyhost_run2,8722000,1779281861.509876
approach5_skyhost_run2,8723000,1779281861.518955
approach5_skyhost_run2,8724000,1779281861.520721
approach5_skyhost_run2,8725000,1779281861.646632
approach5_skyhost_run2,8726000,1779281861.648439
approach5_skyhost_run2,8727000,1779281861.650222
approach5_skyhost_run2,8728000,1779281861.653618
approach5_skyhost_run2,8729000,1779281861.655413
approach5_skyhost_run2,8730000,1779281861.657175
approach5_skyhost_run2,8731000,1779281861.659151
approach5_skyhost_run2,8732000,1779281861.660925
approach5_skyhost_run2,8733000,1779281861.672757
approach5_skyhost_run2,8734000,1779281861.674526
approach5_skyhost_run2,8735000,1779281861.676313
approach5_skyhost_run2,8736000,1779281861.678086
approach5_skyhost_run2,8737000,1779281861.759850
approach5_skyhost_run2,8738000,1779281861.761605
approach5_skyhost_run2,8739000,1779281861.763383
approach5_skyhost_run2,8740000,1779281861.814930
approach5_skyhost_run2,8741000,1779281861.816704
approach5_skyhost_run2,8742000,1779281861.818490
approach5_skyhost_run2,8743000,1779281861.828148
approach5_skyhost_run2,8744000,1779281861.829921
approach5_skyhost_run2,8745000,1779281861.917289
approach5_skyhost_run2,8746000,1779281861.919069
approach5_skyhost_run2,8747000,1779281861.920838
approach5_skyhost_run2,8748000,1779281861.929881
approach5_skyhost_run2,8749000,1779281861.931673
approach5_skyhost_run2,8750000,1779281862.002640
approach5_skyhost_run2,8751000,1779281862.004396
approach5_skyhost_run2,8752000,1779281862.006191
approach5_skyhost_run2,8753000,1779281862.022124
approach5_skyhost_run2,8754000,1779281862.023889
approach5_skyhost_run2,8755000,1779281862.025667
approach5_skyhost_run2,8756000,1779281862.027450
approach5_skyhost_run2,8757000,1779281862.112444
approach5_skyhost_run2,8758000,1779281862.114206
approach5_skyhost_run2,8759000,1779281862.116015
approach5_skyhost_run2,8760000,1779281862.124208
approach5_skyhost_run2,8761000,1779281862.125999
approach5_skyhost_run2,8762000,1779281862.127791
approach5_skyhost_run2,8763000,1779281862.137000
approach5_skyhost_run2,8764000,1779281862.138794
approach5_skyhost_run2,8765000,1779281862.263046
approach5_skyhost_run2,8766000,1779281862.264847
approach5_skyhost_run2,8767000,1779281862.266644
approach5_skyhost_run2,8768000,1779281862.275805
approach5_skyhost_run2,8769000,1779281862.277580
approach5_skyhost_run2,8770000,1779281862.429177
approach5_skyhost_run2,8771000,1779281862.430953
approach5_skyhost_run2,8772000,1779281862.432731
approach5_skyhost_run2,8773000,1779281862.440776
approach5_skyhost_run2,8774000,1779281862.442575
approach5_skyhost_run2,8775000,1779281862.578692
approach5_skyhost_run2,8776000,1779281862.580464
approach5_skyhost_run2,8777000,1779281862.582237
approach5_skyhost_run2,8778000,1779281862.594600
approach5_skyhost_run2,8779000,1779281862.596382
approach5_skyhost_run2,8780000,1779281862.598144
approach5_skyhost_run2,8781000,1779281862.599931
approach5_skyhost_run2,8782000,1779281862.681606
approach5_skyhost_run2,8783000,1779281862.683381
approach5_skyhost_run2,8784000,1779281862.685171
approach5_skyhost_run2,8785000,1779281862.737296
approach5_skyhost_run2,8786000,1779281862.739072
approach5_skyhost_run2,8787000,1779281862.740834
approach5_skyhost_run2,8788000,1779281862.749060
approach5_skyhost_run2,8789000,1779281862.750872
approach5_skyhost_run2,8790000,1779281862.882015
approach5_skyhost_run2,8791000,1779281862.883780
approach5_skyhost_run2,8792000,1779281862.885572
approach5_skyhost_run2,8793000,1779281862.893022
approach5_skyhost_run2,8794000,1779281862.894839
approach5_skyhost_run2,8795000,1779281862.942316
approach5_skyhost_run2,8796000,1779281862.944077
approach5_skyhost_run2,8797000,1779281862.945873
approach5_skyhost_run2,8798000,1779281862.954027
approach5_skyhost_run2,8799000,1779281862.955827
approach5_skyhost_run2,8800000,1779281863.044937
approach5_skyhost_run2,8801000,1779281863.046706
approach5_skyhost_run2,8802000,1779281863.048474
approach5_skyhost_run2,8803000,1779281863.056990
approach5_skyhost_run2,8804000,1779281863.058762
approach5_skyhost_run2,8805000,1779281863.148383
approach5_skyhost_run2,8806000,1779281863.150138
approach5_skyhost_run2,8807000,1779281863.151926
approach5_skyhost_run2,8808000,1779281863.160565
approach5_skyhost_run2,8809000,1779281863.162334
approach5_skyhost_run2,8810000,1779281863.193001
approach5_skyhost_run2,8811000,1779281863.194784
approach5_skyhost_run2,8812000,1779281863.196595
approach5_skyhost_run2,8813000,1779281863.220938
approach5_skyhost_run2,8814000,1779281863.222708
approach5_skyhost_run2,8815000,1779281863.224485
approach5_skyhost_run2,8816000,1779281863.226279
approach5_skyhost_run2,8817000,1779281863.308156
approach5_skyhost_run2,8818000,1779281863.309922
approach5_skyhost_run2,8819000,1779281863.311698
approach5_skyhost_run2,8820000,1779281863.331059
approach5_skyhost_run2,8821000,1779281863.332822
approach5_skyhost_run2,8822000,1779281863.334599
approach5_skyhost_run2,8823000,1779281863.362636
approach5_skyhost_run2,8824000,1779281863.364405
approach5_skyhost_run2,8825000,1779281863.366195
approach5_skyhost_run2,8826000,1779281863.367975
approach5_skyhost_run2,8827000,1779281863.449795
approach5_skyhost_run2,8828000,1779281863.451569
approach5_skyhost_run2,8829000,1779281863.453340
approach5_skyhost_run2,8830000,1779281863.469742
approach5_skyhost_run2,8831000,1779281863.471521
approach5_skyhost_run2,8832000,1779281863.473292
approach5_skyhost_run2,8833000,1779281863.485222
approach5_skyhost_run2,8834000,1779281863.487005
approach5_skyhost_run2,8835000,1779281863.558373
approach5_skyhost_run2,8836000,1779281863.560119
approach5_skyhost_run2,8837000,1779281863.561891
approach5_skyhost_run2,8838000,1779281863.569451
approach5_skyhost_run2,8839000,1779281863.571230
approach5_skyhost_run2,8840000,1779281863.659000
approach5_skyhost_run2,8841000,1779281863.660771
approach5_skyhost_run2,8842000,1779281863.662561
approach5_skyhost_run2,8843000,1779281863.671841
approach5_skyhost_run2,8844000,1779281863.673614
approach5_skyhost_run2,8845000,1779281863.764528
approach5_skyhost_run2,8846000,1779281863.766324
approach5_skyhost_run2,8847000,1779281863.768096
approach5_skyhost_run2,8848000,1779281863.777230
approach5_skyhost_run2,8849000,1779281863.778998
approach5_skyhost_run2,8850000,1779281863.864096
approach5_skyhost_run2,8851000,1779281863.865852
approach5_skyhost_run2,8852000,1779281863.867646
approach5_skyhost_run2,8853000,1779281863.877570
approach5_skyhost_run2,8854000,1779281863.879344
approach5_skyhost_run2,8855000,1779281863.968382
approach5_skyhost_run2,8856000,1779281863.970133
approach5_skyhost_run2,8857000,1779281863.971911
approach5_skyhost_run2,8858000,1779281863.979706
approach5_skyhost_run2,8859000,1779281863.981484
approach5_skyhost_run2,8860000,1779281864.071735
approach5_skyhost_run2,8861000,1779281864.073491
approach5_skyhost_run2,8862000,1779281864.075297
approach5_skyhost_run2,8863000,1779281864.082968
approach5_skyhost_run2,8864000,1779281864.084741
approach5_skyhost_run2,8865000,1779281864.210446
approach5_skyhost_run2,8866000,1779281864.212210
approach5_skyhost_run2,8867000,1779281864.213981
approach5_skyhost_run2,8868000,1779281864.223823
approach5_skyhost_run2,8869000,1779281864.225634
approach5_skyhost_run2,8870000,1779281864.254725
approach5_skyhost_run2,8871000,1779281864.256519
approach5_skyhost_run2,8872000,1779281864.258301
approach5_skyhost_run2,8873000,1779281864.272090
approach5_skyhost_run2,8874000,1779281864.273856
approach5_skyhost_run2,8875000,1779281864.275660
approach5_skyhost_run2,8876000,1779281864.277434
approach5_skyhost_run2,8877000,1779281864.325558
approach5_skyhost_run2,8878000,1779281864.327332
approach5_skyhost_run2,8879000,1779281864.329099
approach5_skyhost_run2,8880000,1779281864.330889
approach5_skyhost_run2,8881000,1779281864.345713
approach5_skyhost_run2,8882000,1779281864.347478
approach5_skyhost_run2,8883000,1779281864.349239
approach5_skyhost_run2,8884000,1779281864.351025
approach5_skyhost_run2,8885000,1779281864.365479
approach5_skyhost_run2,8886000,1779281864.367254
approach5_skyhost_run2,8887000,1779281864.435851
approach5_skyhost_run2,8888000,1779281864.437630
approach5_skyhost_run2,8889000,1779281864.439414
approach5_skyhost_run2,8890000,1779281864.475324
approach5_skyhost_run2,8891000,1779281864.492485
approach5_skyhost_run2,8892000,1779281864.494258
approach5_skyhost_run2,8893000,1779281864.496056
approach5_skyhost_run2,8894000,1779281864.497828
approach5_skyhost_run2,8895000,1779281864.582979
approach5_skyhost_run2,8896000,1779281864.584738
approach5_skyhost_run2,8897000,1779281864.586548
approach5_skyhost_run2,8898000,1779281864.598197
approach5_skyhost_run2,8899000,1779281864.599967
approach5_skyhost_run2,8900000,1779281864.686192
approach5_skyhost_run2,8901000,1779281864.687960
approach5_skyhost_run2,8902000,1779281864.689729
approach5_skyhost_run2,8903000,1779281864.697057
approach5_skyhost_run2,8904000,1779281864.698851
approach5_skyhost_run2,8905000,1779281864.823723
approach5_skyhost_run2,8906000,1779281864.825520
approach5_skyhost_run2,8907000,1779281864.827307
approach5_skyhost_run2,8908000,1779281864.836498
approach5_skyhost_run2,8909000,1779281864.838272
approach5_skyhost_run2,8910000,1779281864.866617
approach5_skyhost_run2,8911000,1779281864.868380
approach5_skyhost_run2,8912000,1779281864.870152
approach5_skyhost_run2,8913000,1779281864.883052
approach5_skyhost_run2,8914000,1779281864.884779
approach5_skyhost_run2,8915000,1779281864.886588
approach5_skyhost_run2,8916000,1779281864.888361
approach5_skyhost_run2,8917000,1779281864.975171
approach5_skyhost_run2,8918000,1779281864.976938
approach5_skyhost_run2,8919000,1779281864.978724
approach5_skyhost_run2,8920000,1779281864.992839
approach5_skyhost_run2,8921000,1779281864.994613
approach5_skyhost_run2,8922000,1779281864.996407
approach5_skyhost_run2,8923000,1779281865.005561
approach5_skyhost_run2,8924000,1779281865.007353
approach5_skyhost_run2,8925000,1779281865.098617
approach5_skyhost_run2,8926000,1779281865.100388
approach5_skyhost_run2,8927000,1779281865.102172
approach5_skyhost_run2,8928000,1779281865.110466
approach5_skyhost_run2,8929000,1779281865.112241
approach5_skyhost_run2,8930000,1779281865.260269
approach5_skyhost_run2,8931000,1779281865.262028
approach5_skyhost_run2,8932000,1779281865.263813
approach5_skyhost_run2,8933000,1779281865.288133
approach5_skyhost_run2,8934000,1779281865.289907
approach5_skyhost_run2,8935000,1779281865.311375
approach5_skyhost_run2,8936000,1779281865.313140
approach5_skyhost_run2,8937000,1779281865.314950
approach5_skyhost_run2,8938000,1779281865.328473
approach5_skyhost_run2,8939000,1779281865.330252
approach5_skyhost_run2,8940000,1779281865.401135
approach5_skyhost_run2,8941000,1779281865.402909
approach5_skyhost_run2,8942000,1779281865.404676
approach5_skyhost_run2,8943000,1779281865.429621
approach5_skyhost_run2,8944000,1779281865.431405
approach5_skyhost_run2,8945000,1779281865.503711
approach5_skyhost_run2,8946000,1779281865.505517
approach5_skyhost_run2,8947000,1779281865.507315
approach5_skyhost_run2,8948000,1779281865.516763
approach5_skyhost_run2,8949000,1779281865.518550
approach5_skyhost_run2,8950000,1779281865.640980
approach5_skyhost_run2,8951000,1779281865.642771
approach5_skyhost_run2,8952000,1779281865.644543
approach5_skyhost_run2,8953000,1779281865.652879
approach5_skyhost_run2,8954000,1779281865.654669
approach5_skyhost_run2,8955000,1779281865.708700
approach5_skyhost_run2,8956000,1779281865.710473
approach5_skyhost_run2,8957000,1779281865.712251
approach5_skyhost_run2,8958000,1779281865.721722
approach5_skyhost_run2,8959000,1779281865.723514
approach5_skyhost_run2,8960000,1779281865.852025
approach5_skyhost_run2,8961000,1779281865.853782
approach5_skyhost_run2,8962000,1779281865.855578
approach5_skyhost_run2,8963000,1779281865.863534
approach5_skyhost_run2,8964000,1779281865.865329
approach5_skyhost_run2,8965000,1779281865.914590
approach5_skyhost_run2,8966000,1779281865.916381
approach5_skyhost_run2,8967000,1779281865.918152
approach5_skyhost_run2,8968000,1779281865.928674
approach5_skyhost_run2,8969000,1779281865.930457
approach5_skyhost_run2,8970000,1779281866.320458
approach5_skyhost_run2,8971000,1779281866.337363
approach5_skyhost_run2,8972000,1779281866.339142
approach5_skyhost_run2,8973000,1779281866.340923
approach5_skyhost_run2,8974000,1779281866.342723
approach5_skyhost_run2,8975000,1779281866.345947
approach5_skyhost_run2,8976000,1779281866.424294
approach5_skyhost_run2,8977000,1779281866.426047
approach5_skyhost_run2,8978000,1779281866.427852
approach5_skyhost_run2,8979000,1779281866.429637
approach5_skyhost_run2,8980000,1779281866.437573
approach5_skyhost_run2,8981000,1779281866.529875
approach5_skyhost_run2,8982000,1779281866.531653
approach5_skyhost_run2,8983000,1779281866.533433
approach5_skyhost_run2,8984000,1779281866.535264
approach5_skyhost_run2,8985000,1779281866.545086
approach5_skyhost_run2,8986000,1779281866.628177
approach5_skyhost_run2,8987000,1779281866.629945
approach5_skyhost_run2,8988000,1779281866.631729
approach5_skyhost_run2,8989000,1779281866.633508
approach5_skyhost_run2,8990000,1779281866.641802
approach5_skyhost_run2,8991000,1779281866.684337
approach5_skyhost_run2,8992000,1779281866.686131
approach5_skyhost_run2,8993000,1779281866.687915
approach5_skyhost_run2,8994000,1779281866.689691
approach5_skyhost_run2,8995000,1779281866.704301
approach5_skyhost_run2,8996000,1779281866.706093
approach5_skyhost_run2,8997000,1779281866.707881
approach5_skyhost_run2,8998000,1779281866.709652
approach5_skyhost_run2,8999000,1779281866.776090
approach5_skyhost_run2,9000000,1779281866.777874
approach5_skyhost_run2,9001000,1779281866.779686
approach5_skyhost_run2,9002000,1779281866.781471
approach5_skyhost_run2,9003000,1779281866.794319
approach5_skyhost_run2,9004000,1779281866.796386
approach5_skyhost_run2,9005000,1779281866.798160
approach5_skyhost_run2,9006000,1779281866.799946
approach5_skyhost_run2,9007000,1779281866.801713
approach5_skyhost_run2,9008000,1779281866.803508
approach5_skyhost_run2,9009000,1779281866.881907
approach5_skyhost_run2,9010000,1779281866.883702
approach5_skyhost_run2,9011000,1779281866.936870
approach5_skyhost_run2,9012000,1779281866.938658
approach5_skyhost_run2,9013000,1779281866.940431
approach5_skyhost_run2,9014000,1779281866.942211
approach5_skyhost_run2,9015000,1779281866.951915
approach5_skyhost_run2,9016000,1779281867.039705
approach5_skyhost_run2,9017000,1779281867.041466
approach5_skyhost_run2,9018000,1779281867.043248
approach5_skyhost_run2,9019000,1779281867.045048
approach5_skyhost_run2,9020000,1779281867.055946
approach5_skyhost_run2,9021000,1779281867.178891
approach5_skyhost_run2,9022000,1779281867.180650
approach5_skyhost_run2,9023000,1779281867.182430
approach5_skyhost_run2,9024000,1779281867.184202
approach5_skyhost_run2,9025000,1779281867.195381
approach5_skyhost_run2,9026000,1779281867.245502
approach5_skyhost_run2,9027000,1779281867.247267
approach5_skyhost_run2,9028000,1779281867.249032
approach5_skyhost_run2,9029000,1779281867.250822
approach5_skyhost_run2,9030000,1779281867.258946
approach5_skyhost_run2,9031000,1779281867.360519
approach5_skyhost_run2,9032000,1779281867.362342
approach5_skyhost_run2,9033000,1779281867.364154
approach5_skyhost_run2,9034000,1779281867.366013
approach5_skyhost_run2,9035000,1779281867.371535
approach5_skyhost_run2,9036000,1779281867.448513
approach5_skyhost_run2,9037000,1779281867.450295
approach5_skyhost_run2,9038000,1779281867.452069
approach5_skyhost_run2,9039000,1779281867.453854
approach5_skyhost_run2,9040000,1779281867.463545
approach5_skyhost_run2,9041000,1779281867.552414
approach5_skyhost_run2,9042000,1779281867.554194
approach5_skyhost_run2,9043000,1779281867.556009
approach5_skyhost_run2,9044000,1779281867.557806
approach5_skyhost_run2,9045000,1779281867.568060
approach5_skyhost_run2,9046000,1779281867.693537
approach5_skyhost_run2,9047000,1779281867.695351
approach5_skyhost_run2,9048000,1779281867.697139
approach5_skyhost_run2,9049000,1779281867.698952
approach5_skyhost_run2,9050000,1779281867.706432
approach5_skyhost_run2,9051000,1779281867.758281
approach5_skyhost_run2,9052000,1779281867.760071
approach5_skyhost_run2,9053000,1779281867.761861
approach5_skyhost_run2,9054000,1779281867.763686
approach5_skyhost_run2,9055000,1779281867.771703
approach5_skyhost_run2,9056000,1779281867.894303
approach5_skyhost_run2,9057000,1779281867.896109
approach5_skyhost_run2,9058000,1779281867.897898
approach5_skyhost_run2,9059000,1779281867.899708
approach5_skyhost_run2,9060000,1779281867.908592
approach5_skyhost_run2,9061000,1779281867.961600
approach5_skyhost_run2,9062000,1779281867.963392
approach5_skyhost_run2,9063000,1779281867.965206
approach5_skyhost_run2,9064000,1779281867.967026
approach5_skyhost_run2,9065000,1779281867.978470
approach5_skyhost_run2,9066000,1779281868.106109
approach5_skyhost_run2,9067000,1779281868.107886
approach5_skyhost_run2,9068000,1779281868.109663
approach5_skyhost_run2,9069000,1779281868.111463
approach5_skyhost_run2,9070000,1779281868.136105
approach5_skyhost_run2,9071000,1779281868.166579
approach5_skyhost_run2,9072000,1779281868.168349
approach5_skyhost_run2,9073000,1779281868.170130
approach5_skyhost_run2,9074000,1779281868.171933
approach5_skyhost_run2,9075000,1779281868.181313
approach5_skyhost_run2,9076000,1779281868.267997
approach5_skyhost_run2,9077000,1779281868.269774
approach5_skyhost_run2,9078000,1779281868.271561
approach5_skyhost_run2,9079000,1779281868.273362
approach5_skyhost_run2,9080000,1779281868.282854
approach5_skyhost_run2,9081000,1779281868.370896
approach5_skyhost_run2,9082000,1779281868.372682
approach5_skyhost_run2,9083000,1779281868.374489
approach5_skyhost_run2,9084000,1779281868.376314
approach5_skyhost_run2,9085000,1779281868.386235
approach5_skyhost_run2,9086000,1779281868.473440
approach5_skyhost_run2,9087000,1779281868.475249
approach5_skyhost_run2,9088000,1779281868.477017
approach5_skyhost_run2,9089000,1779281868.478832
approach5_skyhost_run2,9090000,1779281868.488392
approach5_skyhost_run2,9091000,1779281868.613840
approach5_skyhost_run2,9092000,1779281868.615645
approach5_skyhost_run2,9093000,1779281868.617425
approach5_skyhost_run2,9094000,1779281868.619231
approach5_skyhost_run2,9095000,1779281868.631799
approach5_skyhost_run2,9096000,1779281868.678676
approach5_skyhost_run2,9097000,1779281868.680457
approach5_skyhost_run2,9098000,1779281868.682238
approach5_skyhost_run2,9099000,1779281868.684041
approach5_skyhost_run2,9100000,1779281868.693026
approach5_skyhost_run2,9101000,1779281868.781634
approach5_skyhost_run2,9102000,1779281868.783415
approach5_skyhost_run2,9103000,1779281868.785181
approach5_skyhost_run2,9104000,1779281868.786998
approach5_skyhost_run2,9105000,1779281868.795795
approach5_skyhost_run2,9106000,1779281868.885206
approach5_skyhost_run2,9107000,1779281868.886978
approach5_skyhost_run2,9108000,1779281868.888754
approach5_skyhost_run2,9109000,1779281868.890554
approach5_skyhost_run2,9110000,1779281868.899520
approach5_skyhost_run2,9111000,1779281868.986214
approach5_skyhost_run2,9112000,1779281868.987993
approach5_skyhost_run2,9113000,1779281868.989776
approach5_skyhost_run2,9114000,1779281868.991581
approach5_skyhost_run2,9115000,1779281869.037052
approach5_skyhost_run2,9116000,1779281869.089882
approach5_skyhost_run2,9117000,1779281869.091662
approach5_skyhost_run2,9118000,1779281869.093438
approach5_skyhost_run2,9119000,1779281869.095257
approach5_skyhost_run2,9120000,1779281869.106440
approach5_skyhost_run2,9121000,1779281869.135095
approach5_skyhost_run2,9122000,1779281869.136874
approach5_skyhost_run2,9123000,1779281869.138682
approach5_skyhost_run2,9124000,1779281869.140474
approach5_skyhost_run2,9125000,1779281869.153222
approach5_skyhost_run2,9126000,1779281869.155026
approach5_skyhost_run2,9127000,1779281869.156820
approach5_skyhost_run2,9128000,1779281869.158622
approach5_skyhost_run2,9129000,1779281869.237081
approach5_skyhost_run2,9130000,1779281869.239191
approach5_skyhost_run2,9131000,1779281869.240965
approach5_skyhost_run2,9132000,1779281869.242752
approach5_skyhost_run2,9133000,1779281869.244517
approach5_skyhost_run2,9134000,1779281869.246321
approach5_skyhost_run2,9135000,1779281869.254588
approach5_skyhost_run2,9136000,1779281869.256385
approach5_skyhost_run2,9137000,1779281869.258166
approach5_skyhost_run2,9138000,1779281869.259966
approach5_skyhost_run2,9139000,1779281869.347811
approach5_skyhost_run2,9140000,1779281869.349597
approach5_skyhost_run2,9141000,1779281869.435560
approach5_skyhost_run2,9142000,1779281869.437349
approach5_skyhost_run2,9143000,1779281869.439152
approach5_skyhost_run2,9144000,1779281869.440952
approach5_skyhost_run2,9145000,1779281869.450407
approach5_skyhost_run2,9146000,1779281869.536699
approach5_skyhost_run2,9147000,1779281869.538504
approach5_skyhost_run2,9148000,1779281869.540291
approach5_skyhost_run2,9149000,1779281869.542081
approach5_skyhost_run2,9150000,1779281869.550539
approach5_skyhost_run2,9151000,1779281869.557011
approach5_skyhost_run2,9152000,1779281869.558812
approach5_skyhost_run2,9153000,1779281869.560588
approach5_skyhost_run2,9154000,1779281869.562389
approach5_skyhost_run2,9155000,1779281869.575554
approach5_skyhost_run2,9156000,1779281869.577330
approach5_skyhost_run2,9157000,1779281869.579120
approach5_skyhost_run2,9158000,1779281869.580908
approach5_skyhost_run2,9159000,1779281869.649412
approach5_skyhost_run2,9160000,1779281869.651197
approach5_skyhost_run2,9161000,1779281869.652979
approach5_skyhost_run2,9162000,1779281869.654777
approach5_skyhost_run2,9163000,1779281869.664075
approach5_skyhost_run2,9164000,1779281869.666408
approach5_skyhost_run2,9165000,1779281869.668169
approach5_skyhost_run2,9166000,1779281869.669912
approach5_skyhost_run2,9167000,1779281869.671736
approach5_skyhost_run2,9168000,1779281869.673517
approach5_skyhost_run2,9169000,1779281869.752241
approach5_skyhost_run2,9170000,1779281869.754007
approach5_skyhost_run2,9171000,1779281869.755830
approach5_skyhost_run2,9172000,1779281869.757632
approach5_skyhost_run2,9173000,1779281869.760067
approach5_skyhost_run2,9174000,1779281869.761856
approach5_skyhost_run2,9175000,1779281869.772591
approach5_skyhost_run2,9176000,1779281869.774376
approach5_skyhost_run2,9177000,1779281869.776174
approach5_skyhost_run2,9178000,1779281869.777949
approach5_skyhost_run2,9179000,1779281869.858698
approach5_skyhost_run2,9180000,1779281869.860478
approach5_skyhost_run2,9181000,1779281869.925014
approach5_skyhost_run2,9182000,1779281869.926809
approach5_skyhost_run2,9183000,1779281869.928599
approach5_skyhost_run2,9184000,1779281869.930413
approach5_skyhost_run2,9185000,1779281869.946942
approach5_skyhost_run2,9186000,1779281870.016580
approach5_skyhost_run2,9187000,1779281870.018396
approach5_skyhost_run2,9188000,1779281870.020201
approach5_skyhost_run2,9189000,1779281870.022018
approach5_skyhost_run2,9190000,1779281870.030879
approach5_skyhost_run2,9191000,1779281870.118446
approach5_skyhost_run2,9192000,1779281870.120231
approach5_skyhost_run2,9193000,1779281870.122011
approach5_skyhost_run2,9194000,1779281870.123811
approach5_skyhost_run2,9195000,1779281870.131999
approach5_skyhost_run2,9196000,1779281870.222355
approach5_skyhost_run2,9197000,1779281870.224129
approach5_skyhost_run2,9198000,1779281870.225957
approach5_skyhost_run2,9199000,1779281870.227759
approach5_skyhost_run2,9200000,1779281870.233809
approach5_skyhost_run2,9201000,1779281870.323843
approach5_skyhost_run2,9202000,1779281870.325671
approach5_skyhost_run2,9203000,1779281870.327471
approach5_skyhost_run2,9204000,1779281870.329250
approach5_skyhost_run2,9205000,1779281870.338107
approach5_skyhost_run2,9206000,1779281870.424037
approach5_skyhost_run2,9207000,1779281870.425839
approach5_skyhost_run2,9208000,1779281870.427632
approach5_skyhost_run2,9209000,1779281870.429409
approach5_skyhost_run2,9210000,1779281870.438889
approach5_skyhost_run2,9211000,1779281870.542929
approach5_skyhost_run2,9212000,1779281870.544704
approach5_skyhost_run2,9213000,1779281870.546524
approach5_skyhost_run2,9214000,1779281870.548313
approach5_skyhost_run2,9215000,1779281870.567717
approach5_skyhost_run2,9216000,1779281870.569492
approach5_skyhost_run2,9217000,1779281870.571290
approach5_skyhost_run2,9218000,1779281870.573082
approach5_skyhost_run2,9219000,1779281870.632045
approach5_skyhost_run2,9220000,1779281870.633823
approach5_skyhost_run2,9221000,1779281870.635644
approach5_skyhost_run2,9222000,1779281870.637426
approach5_skyhost_run2,9223000,1779281870.645907
approach5_skyhost_run2,9224000,1779281870.658402
approach5_skyhost_run2,9225000,1779281870.660179
approach5_skyhost_run2,9226000,1779281870.731890
approach5_skyhost_run2,9227000,1779281870.733678
approach5_skyhost_run2,9228000,1779281870.735509
approach5_skyhost_run2,9229000,1779281870.737270
approach5_skyhost_run2,9230000,1779281870.745491
approach5_skyhost_run2,9231000,1779281870.837818
approach5_skyhost_run2,9232000,1779281870.868364
approach5_skyhost_run2,9233000,1779281870.870152
approach5_skyhost_run2,9234000,1779281870.871970
approach5_skyhost_run2,9235000,1779281870.873778
approach5_skyhost_run2,9236000,1779281870.974367
approach5_skyhost_run2,9237000,1779281870.976167
approach5_skyhost_run2,9238000,1779281870.977947
approach5_skyhost_run2,9239000,1779281870.979739
approach5_skyhost_run2,9240000,1779281870.986447
approach5_skyhost_run2,9241000,1779281871.039136
approach5_skyhost_run2,9242000,1779281871.040911
approach5_skyhost_run2,9243000,1779281871.042700
approach5_skyhost_run2,9244000,1779281871.044484
approach5_skyhost_run2,9245000,1779281871.053510
approach5_skyhost_run2,9246000,1779281871.140903
approach5_skyhost_run2,9247000,1779281871.142680
approach5_skyhost_run2,9248000,1779281871.144448
approach5_skyhost_run2,9249000,1779281871.146259
approach5_skyhost_run2,9250000,1779281871.154466
approach5_skyhost_run2,9251000,1779281871.251008
approach5_skyhost_run2,9252000,1779281871.252823
approach5_skyhost_run2,9253000,1779281871.254658
approach5_skyhost_run2,9254000,1779281871.256505
approach5_skyhost_run2,9255000,1779281871.265420
approach5_skyhost_run2,9256000,1779281871.362378
approach5_skyhost_run2,9257000,1779281871.364150
approach5_skyhost_run2,9258000,1779281871.365947
approach5_skyhost_run2,9259000,1779281871.367734
approach5_skyhost_run2,9260000,1779281871.382130
approach5_skyhost_run2,9261000,1779281871.383908
approach5_skyhost_run2,9262000,1779281871.385705
approach5_skyhost_run2,9263000,1779281871.387497
approach5_skyhost_run2,9264000,1779281871.450052
approach5_skyhost_run2,9265000,1779281871.451846
approach5_skyhost_run2,9266000,1779281871.453641
approach5_skyhost_run2,9267000,1779281871.455476
approach5_skyhost_run2,9268000,1779281871.465131
approach5_skyhost_run2,9269000,1779281871.467015
approach5_skyhost_run2,9270000,1779281871.468802
approach5_skyhost_run2,9271000,1779281871.552395
approach5_skyhost_run2,9272000,1779281871.554168
approach5_skyhost_run2,9273000,1779281871.555977
approach5_skyhost_run2,9274000,1779281871.557753
approach5_skyhost_run2,9275000,1779281871.565886
approach5_skyhost_run2,9276000,1779281871.656119
approach5_skyhost_run2,9277000,1779281871.657870
approach5_skyhost_run2,9278000,1779281871.659662
approach5_skyhost_run2,9279000,1779281871.661446
approach5_skyhost_run2,9280000,1779281871.668658
approach5_skyhost_run2,9281000,1779281871.757529
approach5_skyhost_run2,9282000,1779281871.759318
approach5_skyhost_run2,9283000,1779281871.761092
approach5_skyhost_run2,9284000,1779281871.762887
approach5_skyhost_run2,9285000,1779281871.771441
approach5_skyhost_run2,9286000,1779281871.857623
approach5_skyhost_run2,9287000,1779281871.859413
approach5_skyhost_run2,9288000,1779281871.861189
approach5_skyhost_run2,9289000,1779281871.862988
approach5_skyhost_run2,9290000,1779281871.873375
approach5_skyhost_run2,9291000,1779281871.961900
approach5_skyhost_run2,9292000,1779281871.963644
approach5_skyhost_run2,9293000,1779281871.965474
approach5_skyhost_run2,9294000,1779281871.967275
approach5_skyhost_run2,9295000,1779281871.977309
approach5_skyhost_run2,9296000,1779281872.064121
approach5_skyhost_run2,9297000,1779281872.065916
approach5_skyhost_run2,9298000,1779281872.067704
approach5_skyhost_run2,9299000,1779281872.069494
approach5_skyhost_run2,9300000,1779281872.078275
approach5_skyhost_run2,9301000,1779281872.110640
approach5_skyhost_run2,9302000,1779281872.112407
approach5_skyhost_run2,9303000,1779281872.114172
approach5_skyhost_run2,9304000,1779281872.115972
approach5_skyhost_run2,9305000,1779281872.131051
approach5_skyhost_run2,9306000,1779281872.132814
approach5_skyhost_run2,9307000,1779281872.134593
approach5_skyhost_run2,9308000,1779281872.136391
approach5_skyhost_run2,9309000,1779281872.221013
approach5_skyhost_run2,9310000,1779281872.222801
approach5_skyhost_run2,9311000,1779281872.268526
approach5_skyhost_run2,9312000,1779281872.270312
approach5_skyhost_run2,9313000,1779281872.272085
approach5_skyhost_run2,9314000,1779281872.273859
approach5_skyhost_run2,9315000,1779281872.284563
approach5_skyhost_run2,9316000,1779281872.362334
approach5_skyhost_run2,9317000,1779281872.364112
